generation,evals_used,best_fitness,mean_fitness,std_fitness,sigma,condition_number,wall_time_s,body,algorithm,seed,best_so_far,lambda
1,10,-0.12549441062154543,0.009271054148838864,0.1032132072076724,0.4904472720899887,1.006838786589988,8.55204930101172,turtle,cma_es,0,-0.12549441062154543,10
2,20,-0.14461076397843886,-0.022265999200043574,0.05521186646257203,0.48215108293532827,1.0072314954339676,19.422023524006363,turtle,cma_es,0,-0.14461076397843886,10
3,30,-0.13571463416546248,0.019707432238094392,0.13399714382530178,0.47468741344648946,1.0077448799248985,29.69708106899634,turtle,cma_es,0,-0.14461076397843886,10
4,40,-0.1815947709573873,-0.03953722343733608,0.10125432303295376,0.4680389407320777,1.008631336844658,40.9367757870059,turtle,cma_es,0,-0.1815947709573873,10
5,50,-0.12499272420924079,0.006768343127014909,0.0895818786901802,0.4621911808247457,1.010731418286374,53.68788775699795,turtle,cma_es,0,-0.1815947709573873,10
6,60,-0.045117405246440256,0.019515796333033908,0.050261343225356615,0.45685179559060735,1.0126708518551744,65.01540634399862,turtle,cma_es,0,-0.1815947709573873,10
7,70,-0.1569473209145098,-0.028091095395204758,0.08092725979820486,0.45197917513930613,1.0149086549873256,77.57371549800155,turtle,cma_es,0,-0.1815947709573873,10
8,80,-0.08441069615940133,-0.010433304294959988,0.050896619478279864,0.44764327914309954,1.017567010831651,90.63501102500595,turtle,cma_es,0,-0.1815947709573873,10
9,90,-0.22143094198345192,0.9670176610736542,3.012868287093447,0.44350878654991366,1.0201364264402277,107.42161489001592,turtle,cma_es,0,-0.22143094198345192,10
10,100,-0.1718607338942313,-0.0091899466436824,0.1423643352800091,0.4397194856003629,1.0228757073111858,117.522022278019,turtle,cma_es,0,-0.22143094198345192,10
11,110,-0.16272867684418113,-0.028938993209205767,0.06035215045167571,0.4358843802451171,1.0256707117388741,128.90965158501058,turtle,cma_es,0,-0.22143094198345192,10
12,120,-0.22805088049866828,-0.055233457915105255,0.06968907220954546,0.43228785021032845,1.0284745058251197,146.28725734099862,turtle,cma_es,0,-0.22805088049866828,10
13,130,-0.3117198412606541,-0.06903998521474852,0.08632128977851738,0.4287351246474749,1.0313238392555983,158.51271239900962,turtle,cma_es,0,-0.3117198412606541,10
14,140,-0.34556875448238333,-0.08025748281059197,0.10985610868046072,0.42517591339270316,1.034013301296299,174.6036223260162,turtle,cma_es,0,-0.34556875448238333,10
15,150,-0.05958277615422514,-0.013730199471700111,0.037427941134392996,0.4217838566069011,1.0367179408204716,188.07933655299712,turtle,cma_es,0,-0.34556875448238333,10
16,160,-0.07472253381573601,-0.0036328977829669816,0.053239141563626975,0.418385827981191,1.0394035024385004,201.3742012710136,turtle,cma_es,0,-0.34556875448238333,10
17,170,-0.12080790170388234,-0.03863470737959487,0.056919804579469165,0.41520076388711397,1.042314563405868,214.37089389300672,turtle,cma_es,0,-0.34556875448238333,10
18,180,-0.05934252481681224,-0.0047206011495417146,0.032377125301037264,0.41215289562583146,1.045213710514831,228.23422753901104,turtle,cma_es,0,-0.34556875448238333,10
19,190,-0.08489797318861125,-0.0013625309086343408,0.04593011645498003,0.4091895528417957,1.048053712492533,240.22679501899984,turtle,cma_es,0,-0.34556875448238333,10
20,200,-0.08762632752075561,-0.032352669324661854,0.03439206462900241,0.40654316575675553,1.0513418489515676,257.3260224700207,turtle,cma_es,0,-0.34556875448238333,10
21,210,-0.434358665525882,-0.043226610376088104,0.15564033831734955,0.4039229275781624,1.0544519973101214,269.7666862519982,turtle,cma_es,0,-0.434358665525882,10
22,220,-0.3031207785963046,-0.08246954497941142,0.131597082260045,0.4015303072632388,1.0576095795138698,281.7436172350135,turtle,cma_es,0,-0.434358665525882,10
23,230,-0.21745401403823372,-0.061125557482123935,0.07516439474825971,0.3991447790660373,1.060766333892956,293.2009765760158,turtle,cma_es,0,-0.434358665525882,10
24,240,-0.06272206116620183,0.02856578626876134,0.07894436584159335,0.39700703285168154,1.0643386843575826,308.4503866620071,turtle,cma_es,0,-0.434358665525882,10
25,250,-0.2277827764349638,-0.06033175946613918,0.09822013082661955,0.395078587888761,1.0681331711247521,322.41838262300007,turtle,cma_es,0,-0.434358665525882,10
26,260,-0.05779053627504904,-0.0025447840250621746,0.05878880721321957,0.39331137040329656,1.0718741480764065,333.73490442801267,turtle,cma_es,0,-0.434358665525882,10
27,270,-0.24414394680599472,0.012611304665925794,0.11691732247165781,0.3918007103155935,1.0759170370304507,346.5623441670032,turtle,cma_es,0,-0.434358665525882,10
28,280,-0.11355444935193848,-0.02447071060520418,0.055548290187893826,0.3907645958747647,1.0810373922710284,360.124988444004,turtle,cma_es,0,-0.434358665525882,10
29,290,-0.17887470793302196,-0.042095080244489755,0.07152113046860775,0.38957410514238044,1.085914636999611,374.1762541460048,turtle,cma_es,0,-0.434358665525882,10
30,300,-0.1406692454919325,-0.04973801625172651,0.051029968279236976,0.3884336084316801,1.090995366417476,387.35421359399334,turtle,cma_es,0,-0.434358665525882,10
31,310,-0.11544739472617582,-0.009217522942065237,0.07736622364862865,0.3875082525157835,1.0962841525201341,400.9012316419976,turtle,cma_es,0,-0.434358665525882,10
32,320,-0.321628890111719,-0.08674644505454046,0.10331087620352236,0.38671179658528726,1.1020501096611308,411.39351704801084,turtle,cma_es,0,-0.434358665525882,10
33,330,-0.10303837686890738,0.009210116896602649,0.06832540927626293,0.3858863053633596,1.1074759472022406,425.87249559001066,turtle,cma_es,0,-0.434358665525882,10
34,340,-0.12776842535479993,-0.008663028057763889,0.06318101788890006,0.38495862233034833,1.1127487574315484,437.6934303260059,turtle,cma_es,0,-0.434358665525882,10
35,350,-0.2675623474792861,-0.07991390213572096,0.09837983513508874,0.3839088048580167,1.1180340733609917,451.4141080730187,turtle,cma_es,0,-0.434358665525882,10
36,360,-0.5049902954254808,-0.06833458803022827,0.16328780561827708,0.38278474870747103,1.123076243342139,467.32423852101783,turtle,cma_es,0,-0.5049902954254808,10
37,370,-0.24463017948506316,-0.09447386158465498,0.08825146884794971,0.38160780176293274,1.1280076794437472,483.026394807006,turtle,cma_es,0,-0.5049902954254808,10
38,380,-0.2308275017382888,-0.0949391569333046,0.08241715806317541,0.38043216228033955,1.1330407954623898,497.21001929801423,turtle,cma_es,0,-0.5049902954254808,10
39,390,-0.28289421694848116,-0.04410300282860628,0.12594665918820386,0.37949916756811747,1.1384533528775995,511.45672939601354,turtle,cma_es,0,-0.5049902954254808,10
40,400,-0.13181881368448245,-0.04052850005086652,0.06445699355430036,0.37836995103214327,1.143619109053772,523.2303688440006,turtle,cma_es,0,-0.5049902954254808,10
41,410,-0.21825750980240244,-0.0834013266442292,0.06785873156703234,0.37708661994202997,1.1486869904369785,535.8372976389946,turtle,cma_es,0,-0.5049902954254808,10
42,420,-0.10877544136973238,0.012816742724248886,0.06258622682830123,0.37587190826121186,1.153722382043575,548.5713761130173,turtle,cma_es,0,-0.5049902954254808,10
43,430,-0.41895411211930345,-0.1305135204233756,0.1246952790564907,0.3748806383368525,1.158754301156557,564.2769177500159,turtle,cma_es,0,-0.5049902954254808,10
44,440,-0.3079070327669209,-0.13454394662802685,0.09496890473227274,0.37404873996690136,1.1637300562377069,575.1825136319967,turtle,cma_es,0,-0.5049902954254808,10
45,450,-0.3664175419983371,-0.1358198975852302,0.14671797035186743,0.3734742009565907,1.168854691482283,588.8961456470133,turtle,cma_es,0,-0.5049902954254808,10
46,460,-0.43862959007878644,-0.13332247081441534,0.16795740804487705,0.37296810779624856,1.1742178752878252,604.4686915760103,turtle,cma_es,0,-0.5049902954254808,10
47,470,-0.37489911516042973,-0.18685438847734037,0.13202694825294525,0.3724571343909578,1.1794506570817669,618.6062460580142,turtle,cma_es,0,-0.5049902954254808,10
48,480,-0.4711425840042276,-0.1829887966604809,0.19291737585604912,0.37191282830339717,1.1846625480062865,632.0459937300184,turtle,cma_es,0,-0.5049902954254808,10
49,490,-0.4612281328609962,-0.2939568762629571,0.15172698190576803,0.3713747895404233,1.1900808050461607,649.2709322110168,turtle,cma_es,0,-0.5049902954254808,10
50,500,-0.4008229192388235,-0.1641555129886795,0.14631076402415644,0.371004932705416,1.1955755631907141,663.2610196520109,turtle,cma_es,0,-0.5049902954254808,10
51,510,-0.38695113280138926,-0.17189862885421608,0.14589168366080624,0.3704379117179909,1.2010705893444986,676.711902414012,turtle,cma_es,0,-0.5049902954254808,10
52,520,-0.5282001249391675,-0.19139340993419118,0.16980049000629024,0.3698963912090733,1.2065147583513756,690.6390057640092,turtle,cma_es,0,-0.5282001249391675,10
53,530,-0.3427637332395719,-0.1291107696248984,0.17653717630416127,0.3693024791330398,1.2115669238180624,706.3023678130121,turtle,cma_es,0,-0.5282001249391675,10
54,540,-0.47278264172311335,-0.11653750632950555,0.14053937160834287,0.36871511710365473,1.2168542026249465,723.3764633770043,turtle,cma_es,0,-0.5282001249391675,10
55,550,-0.47042944816007815,-0.1610659638800171,0.17064912326187412,0.3682539754439496,1.2221535840200062,736.2982513669995,turtle,cma_es,0,-0.5282001249391675,10
56,560,-0.4223895987956947,-0.21615152192794315,0.1747827147593747,0.36787317535088704,1.2278209580473223,751.0211649840057,turtle,cma_es,0,-0.5282001249391675,10
57,570,-0.4112466209257972,-0.16353928701009196,0.15760661509304386,0.3675102443321964,1.2331817416438082,763.4699611329997,turtle,cma_es,0,-0.5282001249391675,10
58,580,-0.31544062300290143,-0.1503919579977179,0.12903033566822686,0.36720291718245857,1.2382879534421078,778.6027202419937,turtle,cma_es,0,-0.5282001249391675,10
59,590,-0.4392991773239512,-0.19575034929579846,0.16807513064799723,0.36689495839964703,1.2436429672477827,791.6702841260121,turtle,cma_es,0,-0.5282001249391675,10
60,600,-0.40883747233872203,-0.21603938185318725,0.11280108380828528,0.3666744306473034,1.2490780112073798,809.9579481779947,turtle,cma_es,0,-0.5282001249391675,10
61,610,-0.43855887944530814,-0.1698985883789587,0.15640393654908413,0.36632027552255425,1.2545110842890372,825.3287697890191,turtle,cma_es,0,-0.5282001249391675,10
62,620,-0.3905262144862034,-0.14229523176269562,0.15200308698124754,0.3659486514476792,1.259802458526833,838.5630102790019,turtle,cma_es,0,-0.5282001249391675,10
63,630,-0.5502735176724576,-0.2753664344615574,0.1387687108087109,0.3655519297599247,1.2648258962539267,852.6999562790152,turtle,cma_es,0,-0.5502735176724576,10
64,640,-0.5386219677570647,-0.2099245351528233,0.18190536334620097,0.36503836979798326,1.2696956460357416,867.9792279480025,turtle,cma_es,0,-0.5502735176724576,10
65,650,-0.28537948809246494,-0.19617001589876432,0.08292288303689717,0.3646000988723348,1.274857061102367,884.983242487011,turtle,cma_es,0,-0.5502735176724576,10
66,660,-0.4053372956941361,-0.17991307894815423,0.1397034264751731,0.3640645847542405,1.2797311713735522,900.7579021429992,turtle,cma_es,0,-0.5502735176724576,10
67,670,-0.40228114034823204,-0.1732550436603722,0.1290617816044554,0.36358728383290323,1.2843468881206341,914.3107530460111,turtle,cma_es,0,-0.5502735176724576,10
68,680,-0.41341403705690283,-0.2198749788645765,0.14287881473881558,0.3631905795474926,1.289290199663294,927.2579437310051,turtle,cma_es,0,-0.5502735176724576,10
69,690,-0.28168517782880986,-0.14035813115010526,0.08946590499672724,0.36273623671292743,1.294304262258497,942.7523036620114,turtle,cma_es,0,-0.5502735176724576,10
70,700,-0.5501519729131461,-0.2955509123103914,0.1740559224168293,0.36230211273127394,1.299088455980894,960.8820640630147,turtle,cma_es,0,-0.5502735176724576,10
71,710,-0.5740442389939187,-0.3571963559128751,0.17048581332194165,0.36168519020021406,1.3035695002648542,976.5200122410024,turtle,cma_es,0,-0.5740442389939187,10
72,720,-0.5212243297582875,-0.26851017681229783,0.1367850873108763,0.36096359882077805,1.3076853882375132,991.2819671510078,turtle,cma_es,0,-0.5740442389939187,10
73,730,-0.5043926400622185,-0.24192074876599792,0.19016580063471242,0.36030919918869353,1.3117748180110167,1004.3445957420045,turtle,cma_es,0,-0.5740442389939187,10
74,740,-0.4198071484131507,-0.1811856221355006,0.16194990983451923,0.3597788032357829,1.31580861467682,1018.2009183519986,turtle,cma_es,0,-0.5740442389939187,10
75,750,-0.3484495810269532,-0.21953201928939564,0.06731162271356766,0.35924573486801004,1.3201650972337973,1035.5890509030141,turtle,cma_es,0,-0.5740442389939187,10
76,760,-0.46153725268555945,-0.19840604042564447,0.12109938067314426,0.3588889713235751,1.3243988879611823,1054.2679589379986,turtle,cma_es,0,-0.5740442389939187,10
77,770,-0.4396195544392194,-0.2171243309109089,0.13625724249701726,0.35874763253202663,1.3289973983737828,1072.9676200090034,turtle,cma_es,0,-0.5740442389939187,10
78,780,-0.5156129141614709,-0.22351909891593236,0.1496045151079858,0.35853478896324803,1.3334804423837956,1087.6178214460087,turtle,cma_es,0,-0.5740442389939187,10
79,790,-0.455958993330853,-0.35969169269840523,0.10536405381043294,0.35815692600988397,1.3379533738893286,1104.4252241300128,turtle,cma_es,0,-0.5740442389939187,10
80,800,-0.601954870604346,-0.28237512513404955,0.1642482830270658,0.35773729153794903,1.3424243990469253,1119.7499560980068,turtle,cma_es,0,-0.601954870604346,10
81,810,-0.5282814842671746,-0.2008681402254667,0.12073263168324327,0.3573877955749932,1.3466366323266747,1133.4244781540183,turtle,cma_es,0,-0.601954870604346,10
82,820,-0.8626901045902589,-0.41151636878582715,0.22398201555388653,0.35730867387133347,1.35129591832933,1146.1068823920214,turtle,cma_es,0,-0.8626901045902589,10
83,830,-0.7255842833132968,-0.34569360395100296,0.21348002244412229,0.3570977452793311,1.3559687240590401,1157.0282436940179,turtle,cma_es,0,-0.8626901045902589,10
84,840,-0.939046821599093,-0.4039257833317803,0.22601685251184095,0.3567648205703703,1.3608200852849608,1172.4704077170172,turtle,cma_es,0,-0.939046821599093,10
85,850,-0.8403724229309315,-0.4112019610599025,0.20345927010405848,0.35648311559845736,1.3656531150535975,1186.284221926995,turtle,cma_es,0,-0.939046821599093,10
86,860,-0.7935455628083732,-0.3366060037563531,0.21315090824756652,0.35621255150238995,1.3703999179693505,1200.7424977380142,turtle,cma_es,0,-0.939046821599093,10
87,870,-0.8779637968556147,-0.566984369434534,0.2361064820912836,0.35592361597749184,1.374918090712908,1214.7730528480024,turtle,cma_es,0,-0.939046821599093,10
88,880,-0.714039029759892,-0.288338537361724,0.207866658351842,0.3555254044609454,1.3797718026586399,1230.7346376320056,turtle,cma_es,0,-0.939046821599093,10
89,890,-0.7719535801842401,-0.3799038987854423,0.22391636960002512,0.35490203185488073,1.3842119273528652,1245.7191829000076,turtle,cma_es,0,-0.939046821599093,10
90,900,-0.8189410892842819,-0.34504125982399153,0.2910624247918223,0.35435950974595765,1.3884547562052416,1263.8548205340048,turtle,cma_es,0,-0.939046821599093,10
91,910,-0.7884677596169531,-0.45472182225316626,0.18801804785050283,0.3537773276039925,1.3925138900234655,1276.3005122299946,turtle,cma_es,0,-0.939046821599093,10
92,920,-0.8571261351195014,-0.4257655879397819,0.22955954552461164,0.35336096122870214,1.396668058440616,1287.293985309021,turtle,cma_es,0,-0.939046821599093,10
93,930,-0.7556711952904545,-0.39751164392105365,0.2159277588690195,0.35282646398633344,1.4004955616125878,1299.3904570520099,turtle,cma_es,0,-0.939046821599093,10
94,940,-0.9865749735893736,-0.489391280261931,0.32892412570136337,0.35236375726524505,1.4043369285621168,1315.274672569998,turtle,cma_es,0,-0.9865749735893736,10
95,950,-0.9324582026333301,-0.6350082240636367,0.15314261918486743,0.3520864634225439,1.4084977890385026,1333.1720752660185,turtle,cma_es,0,-0.9865749735893736,10
96,960,-0.9067624531945553,-0.6461568869292759,0.2351176115049477,0.35174237959182747,1.4123611949234471,1345.365547238005,turtle,cma_es,0,-0.9865749735893736,10
97,970,-0.9729104868757821,-0.6687464468810825,0.31438553162620136,0.3511289604823955,1.4160168852905413,1358.468667736015,turtle,cma_es,0,-0.9865749735893736,10
98,980,-1.0036121552001553,-0.8293070154251518,0.13860291413557874,0.35061302092296004,1.4199424230447362,1370.835768851015,turtle,cma_es,0,-1.0036121552001553,10
99,990,-0.9601603105011352,-0.6710534991372137,0.25855326827889263,0.3502471244048146,1.423794503842151,1381.447402351012,turtle,cma_es,0,-1.0036121552001553,10
100,1000,-0.9801353431766975,-0.707823454524176,0.2205571170716845,0.3496738889451894,1.4274118943023828,1392.8905358299962,turtle,cma_es,0,-1.0036121552001553,10
101,1010,-0.8819299344127529,-0.6063742760580488,0.23258875824513817,0.3490204632624081,1.430912518398956,1408.2056174559984,turtle,cma_es,0,-1.0036121552001553,10
102,1020,-0.8582483747165126,-0.5806008672219922,0.2744366482533616,0.348449670084562,1.4344770752882912,1423.9266663370072,turtle,cma_es,0,-1.0036121552001553,10
103,1030,-0.9036128877838454,-0.7246522999401345,0.19765352901168626,0.3480686688274094,1.438520277800864,1440.1938645830087,turtle,cma_es,0,-1.0036121552001553,10
104,1040,-0.9787429365831981,-0.5956626663299799,0.22448051770491817,0.3476300639807419,1.442483541672716,1458.4746291020128,turtle,cma_es,0,-1.0036121552001553,10
105,1050,-0.8790695641731086,-0.4959349895932941,0.25909425540196107,0.3474166606839056,1.4471501138866005,1471.579870578018,turtle,cma_es,0,-1.0036121552001553,10
106,1060,-0.9555965422604853,-0.5941716799094235,0.2881483319430235,0.34743959767407995,1.4518497711291998,1490.472392805008,turtle,cma_es,0,-1.0036121552001553,10
107,1070,-0.9153911412888434,-0.6653672668726941,0.23183863130478377,0.34760690544499007,1.4567403621747812,1500.910906908015,turtle,cma_es,0,-1.0036121552001553,10
108,1080,-0.9680905435676035,-0.7279508409050262,0.26803272190232846,0.3478014201424456,1.4614542814448288,1513.9780835279962,turtle,cma_es,0,-1.0036121552001553,10
109,1090,-0.9350286623545747,-0.6561040616846412,0.27770991578780235,0.3481459884929542,1.4672204689127752,1531.03400138102,turtle,cma_es,0,-1.0036121552001553,10
110,1100,-0.9296677173166916,-0.6578100427839584,0.3101010651870302,0.34848107641133996,1.4724701368105901,1546.1560346680053,turtle,cma_es,0,-1.0036121552001553,10
111,1110,-0.9267602935067627,-0.6138993775299495,0.2192572224090831,0.34877738091876587,1.4781462946304282,1560.8982779970102,turtle,cma_es,0,-1.0036121552001553,10
112,1120,-0.9346638746051745,-0.5535575760350668,0.31361788737287805,0.3491331340019183,1.4836738300841643,1578.9094471300195,turtle,cma_es,0,-1.0036121552001553,10
113,1130,-0.9032446732944166,-0.4316620571340716,0.3068297151254621,0.349426614019198,1.489105476695482,1596.157938815013,turtle,cma_es,0,-1.0036121552001553,10
114,1140,-0.9593550620669813,-0.4188402601701792,0.3053447760730558,0.3498151417876355,1.4945052742544669,1611.9912332780077,turtle,cma_es,0,-1.0036121552001553,10
115,1150,-0.891695470400701,-0.44866135535333973,0.32223018803101006,0.3501855023049892,1.4999138897191826,1625.0579941869946,turtle,cma_es,0,-1.0036121552001553,10
116,1160,-0.8145165488341384,-0.5107469990007998,0.18730302705656812,0.3504097149731541,1.5049675244018579,1639.8929788900132,turtle,cma_es,0,-1.0036121552001553,10
117,1170,-0.9498254811104072,-0.6275257974736127,0.2764507958339141,0.3507078851013026,1.5101677038947916,1653.5595487450191,turtle,cma_es,0,-1.0036121552001553,10
118,1180,-0.938832070357905,-0.40223663006990595,0.3212550835934061,0.3508405994805236,1.5152021433330034,1666.8739318890148,turtle,cma_es,0,-1.0036121552001553,10
119,1190,-0.9183240374732149,-0.6287087962266547,0.23948970386160198,0.351011837242613,1.5202838854641494,1680.2520920670067,turtle,cma_es,0,-1.0036121552001553,10
120,1200,-0.8405512956965051,-0.5365245243591568,0.2591487702054629,0.35122845373337735,1.5257587387693947,1694.9887145740213,turtle,cma_es,0,-1.0036121552001553,10
121,1210,-0.7074337913651911,-0.3380466177597222,0.21619533653166295,0.35165951522754746,1.532382800693381,1707.3438405329944,turtle,cma_es,0,-1.0036121552001553,10
122,1220,-0.9414573816663099,-0.45046343995023186,0.2885889593141929,0.35216608893980306,1.5381066580597018,1720.6234907330072,turtle,cma_es,0,-1.0036121552001553,10
123,1230,-0.9201287434121097,-0.40597563219341676,0.30641548748179165,0.35249252749679144,1.543515358101033,1736.4624004159996,turtle,cma_es,0,-1.0036121552001553,10
124,1240,-0.9309615933999833,-0.6400599430916436,0.33744492224009437,0.3527068363740108,1.5489457966790405,1749.1375841190165,turtle,cma_es,0,-1.0036121552001553,10
125,1250,-0.945952142831695,-0.5798265611437458,0.28635418894612064,0.35314308436627473,1.554449587874481,1761.5867644390091,turtle,cma_es,0,-1.0036121552001553,10
126,1260,-0.7783411161629159,-0.33279635719141804,0.2673858396981628,0.3533341013064795,1.5597468166916137,1772.6445201760216,turtle,cma_es,0,-1.0036121552001553,10
127,1270,-0.9566072882741539,-0.7037627173180369,0.22491844779963752,0.3535628008879046,1.5646484139126315,1784.2430414370028,turtle,cma_es,0,-1.0036121552001553,10
128,1280,-1.040072508538378,-0.6726774275560385,0.2691788043792567,0.3537969052404574,1.5697072707077788,1795.6971060700016,turtle,cma_es,0,-1.040072508538378,10
129,1290,-0.9732903609843087,-0.48739216215476,0.291642865431262,0.35407968594322503,1.5746607710693576,1804.2582860029943,turtle,cma_es,0,-1.040072508538378,10
130,1300,-0.9403077045134083,-0.5472224425129293,0.2073707182516313,0.35454703926346737,1.5805627297523397,1818.3921145040076,turtle,cma_es,0,-1.040072508538378,10
131,1310,-0.9947845916881741,-0.7056347891837307,0.3112867652797226,0.3552970451467591,1.5867459913358677,1835.2405359469994,turtle,cma_es,0,-1.040072508538378,10
132,1320,-0.9945911612791862,-0.6865001661528963,0.2896546190195676,0.3558901262873998,1.5927925660707063,1847.1078794000205,turtle,cma_es,0,-1.040072508538378,10
133,1330,-1.049618022249339,-0.6938813899114131,0.251355290642887,0.35642948269274277,1.5991741158106128,1859.187511635013,turtle,cma_es,0,-1.049618022249339,10
134,1340,-0.9716086068841285,-0.5882116864920057,0.313691565579609,0.35666367206572364,1.6053739658045352,1872.853773150011,turtle,cma_es,0,-1.049618022249339,10
135,1350,-0.9592313709498566,-0.8435466627238902,0.11165278206334678,0.3567115483352004,1.6113735893901084,1887.8100839150138,turtle,cma_es,0,-1.049618022249339,10
136,1360,-0.9839306110015213,-0.7651193433612515,0.2834245100412434,0.3565902681860879,1.6168572909782817,1905.0925718900107,turtle,cma_es,0,-1.049618022249339,10
137,1370,-1.023402454968939,-0.8260418097148117,0.1456955900840998,0.35648961631437737,1.6224938310783357,1920.3705872910214,turtle,cma_es,0,-1.049618022249339,10
138,1380,-1.0710721658219962,-0.9317112300531505,0.15656267730081125,0.35649976800773003,1.6281023432984971,1936.458367284009,turtle,cma_es,0,-1.0710721658219962,10
139,1390,-1.0649366577532247,-0.6931428681020421,0.2848715702003004,0.3566083374867007,1.634149668555778,1948.5964163750177,turtle,cma_es,0,-1.0710721658219962,10
140,1400,-1.0263454974903645,-0.8321070203649932,0.18725957241004917,0.3567031415057355,1.6399450310122474,1964.352919730998,turtle,cma_es,0,-1.0710721658219962,10
141,1410,-1.0064224280373804,-0.8214987348975431,0.15823952082794243,0.3566610058197566,1.6453680890804814,1978.2519175360212,turtle,cma_es,0,-1.0710721658219962,10
142,1420,-1.0484985763910952,-0.7064809628084328,0.2715213845431203,0.3568225223224385,1.6508243287210644,1990.8806144309929,turtle,cma_es,0,-1.0710721658219962,10
143,1430,-1.1676310622559694,-0.6635930222390476,0.3085248284126315,0.3568483695083943,1.6561055186224465,2002.280116423004,turtle,cma_es,0,-1.1676310622559694,10
144,1440,-1.0572144469166957,-0.7704734619885504,0.3247070255130249,0.3566686724229746,1.6612123615396384,2017.7275218720024,turtle,cma_es,0,-1.1676310622559694,10
145,1450,-1.0240074227027982,-0.6683491674846875,0.2806524411686172,0.35635663135501944,1.666192374177367,2031.343966454995,turtle,cma_es,0,-1.1676310622559694,10
146,1460,-0.9861392408055849,-0.5563925983513304,0.27759788882456254,0.35624939462232774,1.671709431572956,2046.7209149770206,turtle,cma_es,0,-1.1676310622559694,10
147,1470,-1.099837387880589,-0.8256726293903665,0.2518482273556562,0.35608933476785976,1.6772280494589724,2057.6035681130015,turtle,cma_es,0,-1.1676310622559694,10
148,1480,-1.0106798864723805,-0.680974864569047,0.34475422802437583,0.3557903754651174,1.6823156546763371,2070.4982483460044,turtle,cma_es,0,-1.1676310622559694,10
149,1490,-1.053578848028212,-0.7963246510278215,0.27484273975814644,0.3553881598621366,1.687330728072741,2087.4662867970183,turtle,cma_es,0,-1.1676310622559694,10
150,1500,-1.1327857916436024,-0.7866812373776801,0.2306626084068292,0.35510164886268086,1.6924183261643684,2103.5170556160156,turtle,cma_es,0,-1.1676310622559694,10
151,1510,-1.0155559903359004,-0.6762263559421129,0.2803787932231078,0.3548243480015766,1.6971156834791254,2116.8175954860053,turtle,cma_es,0,-1.1676310622559694,10
152,1520,-1.0190026277315134,-0.6576139687329787,0.3150945037899977,0.354564347309781,1.7014588525442942,2132.529598794994,turtle,cma_es,0,-1.1676310622559694,10
153,1530,-1.1151792101108464,-0.8584627167769956,0.2618249777809741,0.35438542629871694,1.7056681322319802,2148.0813698990096,turtle,cma_es,0,-1.1676310622559694,10
154,1540,-1.1212893112537357,-0.9279021875959368,0.20690886861288915,0.3542628927555981,1.7103555666940264,2162.6619553040073,turtle,cma_es,0,-1.1676310622559694,10
155,1550,-1.118347459528601,-0.9259856453592799,0.22656644864487815,0.35406621374546865,1.7148815273144478,2175.236493791017,turtle,cma_es,0,-1.1676310622559694,10
156,1560,-1.2215809551670276,-0.9153367141421785,0.30078287238389495,0.3537457827569823,1.7197177954139613,2187.1435518370126,turtle,cma_es,0,-1.2215809551670276,10
157,1570,-1.2256042792447408,-0.8089052361867642,0.3203500411885837,0.3535765219254317,1.7249065873931695,2202.401375635003,turtle,cma_es,0,-1.2256042792447408,10
158,1580,-1.2245425819114795,-0.6240865429016835,0.38712461347536337,0.3535291426773856,1.7298550595675808,2215.1541818910046,turtle,cma_es,0,-1.2256042792447408,10
159,1590,-1.2113240755174868,-0.7701137213471837,0.42768024002404953,0.3530945101643529,1.7343183130009547,2231.089238546003,turtle,cma_es,0,-1.2256042792447408,10
160,1600,-1.208477322771575,-1.0238917976154414,0.20584414841423376,0.35279071497981573,1.7388220107126,2244.7878805749933,turtle,cma_es,0,-1.2256042792447408,10
161,1610,-1.1857081236045417,-0.8650866168973593,0.3332677871322556,0.35254453563333354,1.7435210253131463,2262.3000613720214,turtle,cma_es,0,-1.2256042792447408,10
162,1620,-1.147173787293701,-0.7708999393350664,0.31922817753581195,0.35225856724485566,1.7477071469095582,2277.2188748750195,turtle,cma_es,0,-1.2256042792447408,10
163,1630,-1.1656649129931829,-0.8338269568857427,0.34233041129730774,0.351821231766896,1.7519026051778064,2289.1030091500143,turtle,cma_es,0,-1.2256042792447408,10
164,1640,-1.0854576930731943,-0.7697518839102245,0.2275295291014045,0.3512837748171519,1.7565704539227602,2306.010035589017,turtle,cma_es,0,-1.2256042792447408,10
165,1650,-1.1798730905369395,-0.8588759744499578,0.2785161640190916,0.35073231275811506,1.7608685731160578,2319.3637998019985,turtle,cma_es,0,-1.2256042792447408,10
166,1660,-1.0998218083241893,-0.9132041379862607,0.19230813904355204,0.35019809906307625,1.7650122448471437,2334.010145283013,turtle,cma_es,0,-1.2256042792447408,10
167,1670,-1.078265472025655,-0.8263566468946149,0.2355426530858054,0.3495737407756506,1.768808584357442,2347.8680432760157,turtle,cma_es,0,-1.2256042792447408,10
168,1680,-0.9880556329879786,-0.4262251028380832,0.38368932048135906,0.34883187521806125,1.7724189920996292,2362.628400717018,turtle,cma_es,0,-1.2256042792447408,10
169,1690,-1.1081845095301919,-0.6429321318497194,0.38148914965954367,0.3481686069278846,1.7772389909409294,2376.1580267440004,turtle,cma_es,0,-1.2256042792447408,10
170,1700,-1.1776534397429401,-0.8137664681512289,0.3164724019677367,0.34755361378056443,1.781353120556766,2393.2669992300216,turtle,cma_es,0,-1.2256042792447408,10
171,1710,-1.0502835632971204,-0.7131247510180105,0.2670151685227554,0.3470651139279524,1.7856560086066866,2405.409167047008,turtle,cma_es,0,-1.2256042792447408,10
172,1720,-1.074936501713796,-0.8293409900501038,0.235359315390955,0.34643440318604446,1.7897101753355757,2417.097475532006,turtle,cma_es,0,-1.2256042792447408,10
173,1730,-1.0947147477447476,-0.7222816969371565,0.3246827310226948,0.34596054863722026,1.794634970059923,2431.8699179319956,turtle,cma_es,0,-1.2256042792447408,10
174,1740,-1.0932687903169231,-0.8729271723344108,0.18785665272655158,0.34518729361629097,1.798844092486346,2443.970209174993,turtle,cma_es,0,-1.2256042792447408,10
175,1750,-1.1592185835002375,-0.8601135039252323,0.20027859669329415,0.34488930998169953,1.8033460429719477,2458.7882313620066,turtle,cma_es,0,-1.2256042792447408,10
176,1760,-1.1059427028852769,-0.8517765228255577,0.2693618979270467,0.3447142765031356,1.8076237240877566,2474.178101728001,turtle,cma_es,0,-1.2256042792447408,10
177,1770,-1.0609039032295406,-0.9112430104354079,0.09521192879316752,0.34461234603885293,1.8119341200391628,2490.384945038997,turtle,cma_es,0,-1.2256042792447408,10
178,1780,-1.152543562701907,-0.9312060689241157,0.13986778153923005,0.34445289588457584,1.8161687235269102,2505.816547288996,turtle,cma_es,0,-1.2256042792447408,10
179,1790,-1.2115522472458098,-0.9083482112875008,0.16607900956258717,0.34427549850009304,1.820426815371539,2517.2422131969943,turtle,cma_es,0,-1.2256042792447408,10
180,1800,-1.1769143273716107,-0.8017170702623322,0.27302865930629155,0.3440822808443055,1.8245055467320197,2530.684403521009,turtle,cma_es,0,-1.2256042792447408,10
181,1810,-1.1430667226041553,-0.8211696113535105,0.30807200501621235,0.3439288296023399,1.8286505189856228,2547.949630172021,turtle,cma_es,0,-1.2256042792447408,10
182,1820,-1.1018112597296401,-0.7167020192870663,0.3921306038875447,0.34369328743137145,1.8327233228229987,2559.19186234902,turtle,cma_es,0,-1.2256042792447408,10
183,1830,-1.0422463793326777,-0.770652216752556,0.26862228103173824,0.3436013008802162,1.8367408738201692,2571.4028130790102,turtle,cma_es,0,-1.2256042792447408,10
184,1840,-1.0270192241469438,-0.5911141515260724,0.3762300481905895,0.34339095100431005,1.841228332031096,2583.3513119090057,turtle,cma_es,0,-1.2256042792447408,10
185,1850,-1.0536507575312024,-0.5800243571311471,0.39914855183198206,0.3430896433788105,1.8451970773205533,2598.46868902602,turtle,cma_es,0,-1.2256042792447408,10
186,1860,-0.9694997589278822,-0.7928897576726328,0.23709018691637948,0.34270671335693953,1.8491022378610478,2611.217429192009,turtle,cma_es,0,-1.2256042792447408,10
187,1870,-1.059135651618984,-0.8389337242181772,0.3057400735091639,0.3424386053360495,1.853199596700742,2626.0800063180213,turtle,cma_es,0,-1.2256042792447408,10
188,1880,-1.0465430484996805,-0.6988036867762911,0.39911884294964556,0.34206584421946146,1.8571279746374103,2640.887245553022,turtle,cma_es,0,-1.2256042792447408,10
189,1890,-1.0680995600621381,-0.731287940354356,0.29992462394958913,0.34160796304602664,1.8605684371452347,2654.6728562719945,turtle,cma_es,0,-1.2256042792447408,10
190,1900,-1.1204105148611143,-0.7649824233617999,0.3771923460404864,0.34131479577145346,1.8640803188867274,2665.8657903910207,turtle,cma_es,0,-1.2256042792447408,10
191,1910,-0.978835264763954,-0.6956970316640261,0.35432931160232406,0.34099730519455546,1.8675424653577297,2678.959742188017,turtle,cma_es,0,-1.2256042792447408,10
192,1920,-1.001375856851828,-0.7723271828098259,0.2577612394579977,0.3408224876447757,1.8709755268831656,2691.4924218119995,turtle,cma_es,0,-1.2256042792447408,10
193,1930,-1.0232089569163634,-0.7363503475464734,0.2848282719911524,0.3403723465147037,1.8743410082627863,2703.9413885000104,turtle,cma_es,0,-1.2256042792447408,10
194,1940,-0.9932186207334928,-0.7890293008367978,0.2950574852606071,0.3401165391691238,1.8777119877142696,2716.251696003019,turtle,cma_es,0,-1.2256042792447408,10
195,1950,-0.9952300531027163,-0.39106326627883503,0.36500346354408936,0.3400851515218807,1.8809753988141962,2727.321592802007,turtle,cma_es,0,-1.2256042792447408,10
196,1960,-0.9948605225761646,-0.7309799112943932,0.3058926858750292,0.3399751160173686,1.8841640878666208,2741.758791188011,turtle,cma_es,0,-1.2256042792447408,10
197,1970,-1.0452931655046225,-0.7853222487299243,0.3022163913271756,0.3398170863368041,1.887018390172668,2757.059446910018,turtle,cma_es,0,-1.2256042792447408,10
198,1980,-0.9719594611334248,-0.6496256921237458,0.29889127735313464,0.33956856927993717,1.8896947016294197,2771.156008176011,turtle,cma_es,0,-1.2256042792447408,10
199,1990,-1.082679635437895,-0.7689539932110938,0.22219402142426092,0.33914537355392865,1.8921620726049397,2787.669783334015,turtle,cma_es,0,-1.2256042792447408,10
200,2000,-1.0373350893689741,-0.7868533308347906,0.28384080393839156,0.338541533674395,1.8948498590215161,2803.620407634997,turtle,cma_es,0,-1.2256042792447408,10
201,2010,-1.0905298553899136,-0.7903173972257123,0.3132570196657737,0.33783932078019935,1.8973089630515918,2818.0442261680146,turtle,cma_es,0,-1.2256042792447408,10
202,2020,-0.99564134931813,-0.7085101935147728,0.3689855263913042,0.3370881740451024,1.899554849995906,2833.251342895004,turtle,cma_es,0,-1.2256042792447408,10
203,2030,-1.0830229820230066,-0.8393535693393286,0.30832130140823044,0.33627933227665263,1.9018425682934934,2845.5397765370144,turtle,cma_es,0,-1.2256042792447408,10
204,2040,-1.122744875693635,-0.8177495905041331,0.3002330663523498,0.3355109984835531,1.9037846628969866,2862.0147507110087,turtle,cma_es,0,-1.2256042792447408,10
205,2050,-1.066375551496221,-0.6865940403714009,0.3151717806135927,0.3346349255358335,1.905772778831503,2874.467775755009,turtle,cma_es,0,-1.2256042792447408,10
206,2060,-1.0809660389908,-0.5840745119348034,0.35145443634339235,0.33376699822827055,1.907718729701417,2885.350897591008,turtle,cma_es,0,-1.2256042792447408,10
207,2070,-1.1260710483956924,-0.7499096040148006,0.314084378766958,0.332893572423734,1.9095935691968573,2895.350705684017,turtle,cma_es,0,-1.2256042792447408,10
208,2080,-1.0692793642930551,-0.8280695284119475,0.19885591627465943,0.33188275367431425,1.9113781984346292,2909.242710724997,turtle,cma_es,0,-1.2256042792447408,10
209,2090,-1.2051577326368923,-0.8940838710926243,0.24508601354180598,0.33078966817085315,1.9130303788484722,2922.7481485590106,turtle,cma_es,0,-1.2256042792447408,10
210,2100,-1.1791613296566963,-0.7997481672941265,0.3617921090085908,0.3297988663441994,1.9142884201990262,2935.2349743410014,turtle,cma_es,0,-1.2256042792447408,10
211,2110,-1.0665617864585748,-0.6787324022406608,0.30083008637350894,0.32886438304952653,1.9158904816340028,2946.8368713240197,turtle,cma_es,0,-1.2256042792447408,10
212,2120,-1.085106011299401,-0.709600061015607,0.4072151830416962,0.3280378583470423,1.9173333329684188,2959.8935994589992,turtle,cma_es,0,-1.2256042792447408,10
213,2130,-1.243510840209355,-1.003502641458898,0.1444984596588103,0.32726320789843044,1.9186992979154127,2972.067628752993,turtle,cma_es,0,-1.243510840209355,10
214,2140,-1.0759385710219673,-0.7480882408017709,0.3267670538721758,0.32634818289145756,1.919708515620984,2986.7570374619972,turtle,cma_es,0,-1.243510840209355,10
215,2150,-1.1832441155665405,-0.8659905923494218,0.30721464063811343,0.3256809647185521,1.920651982886281,3002.5896035089972,turtle,cma_es,0,-1.243510840209355,10
216,2160,-1.2367857843846037,-0.6677010196466935,0.44487282192546257,0.3248385550949277,1.9215168229196598,3013.912655287015,turtle,cma_es,0,-1.243510840209355,10
217,2170,-1.269151613758483,-0.931386533732254,0.29660780082301236,0.3240473133235175,1.9224460409375448,3025.6266414870042,turtle,cma_es,0,-1.269151613758483,10
218,2180,-1.3124641039795737,-0.9088329725723362,0.37423392133659183,0.32347842466962196,1.9234351819521498,3039.3365979740047,turtle,cma_es,0,-1.3124641039795737,10
219,2190,-1.3344305932736749,-0.9904809425728518,0.3007218990126482,0.32288572702139523,1.9245444106644047,3050.3373138419993,turtle,cma_es,0,-1.3344305932736749,10
220,2200,-1.3623228445503663,-0.8323408138444359,0.3556410037694574,0.32224197774021135,1.925362108166244,3065.9032090500114,turtle,cma_es,0,-1.3623228445503663,10
221,2210,-1.2343718960656878,-0.7788692592715089,0.34998682542280835,0.321594774179672,1.9264567182836614,3081.0875714769936,turtle,cma_es,0,-1.3623228445503663,10
222,2220,-1.1170677918966083,-0.8913991309716096,0.25520508101362877,0.3211433060365357,1.9274436559253771,3096.1905264900124,turtle,cma_es,0,-1.3623228445503663,10
223,2230,-1.2995930526479862,-0.8838487771722185,0.2846819514532623,0.3207195471325644,1.928599006008023,3112.6048126280075,turtle,cma_es,0,-1.3623228445503663,10
224,2240,-1.0924881128055954,-0.6189762727258374,0.35761686803468207,0.32033061791095085,1.9298163723494721,3124.932874046004,turtle,cma_es,0,-1.3623228445503663,10
225,2250,-1.2316407673580763,-0.7816027405188324,0.2602530619833931,0.31975859294158226,1.9312715054623006,3139.09780373401,turtle,cma_es,0,-1.3623228445503663,10
226,2260,-1.3718285370077776,-1.065934201496647,0.2547326759019985,0.3194705204575898,1.933080973689816,3150.0349143340136,turtle,cma_es,0,-1.3718285370077776,10
227,2270,-1.2650845667129031,-0.8638249115961487,0.3447266565626637,0.3191871874529418,1.9345654359426547,3164.7003410080215,turtle,cma_es,0,-1.3718285370077776,10
228,2280,-1.4142558585040428,-1.0307201667097163,0.31433391037540837,0.31895627836417545,1.9363706071966191,3176.4267295050086,turtle,cma_es,0,-1.4142558585040428,10
229,2290,-1.3468973260307378,-1.09229322160918,0.19215590266994514,0.3188533081646053,1.9378374574188117,3192.7005567690067,turtle,cma_es,0,-1.4142558585040428,10
230,2300,-1.3834346059738385,-1.1297114805754358,0.19955265590019056,0.31882661715279426,1.9392088977310604,3204.9354588949936,turtle,cma_es,0,-1.4142558585040428,10
231,2310,-1.4279031798647734,-0.8903273267539026,0.5632801744457537,0.31881378902972407,1.9405437247960255,3215.4579552659998,turtle,cma_es,0,-1.4279031798647734,10
232,2320,-1.3469907604118925,-0.9629979132109792,0.38189001694231534,0.31876074278231037,1.9417538215999026,3233.6625668810157,turtle,cma_es,0,-1.4279031798647734,10
233,2330,-1.3136896672817135,-0.9021850505259323,0.3865566397172757,0.3189117088574337,1.9427914385046188,3244.9581489010016,turtle,cma_es,0,-1.4279031798647734,10
234,2340,-1.3579838827997985,-1.116869720379221,0.2745104262546131,0.31923686905402754,1.9437170634600827,3257.728119138017,turtle,cma_es,0,-1.4279031798647734,10
235,2350,-1.3385732128474963,-1.107189058471888,0.2955475272101903,0.3197257087437916,1.944506980809753,3271.8603007580095,turtle,cma_es,0,-1.4279031798647734,10
236,2360,-1.275512865257844,-1.0227315116688716,0.23333662363004282,0.3202145387598819,1.9451596454367113,3287.39695984,turtle,cma_es,0,-1.4279031798647734,10
237,2370,-1.3533698688934326,-0.9716130980448249,0.27766762975555487,0.3206724528762793,1.9460970417961794,3300.1879058729974,turtle,cma_es,0,-1.4279031798647734,10
238,2380,-1.362022348003575,-0.8553685506833524,0.443351259791101,0.32098559825095935,1.9471208438486733,3311.827730206016,turtle,cma_es,0,-1.4279031798647734,10
239,2390,-1.274253404838559,-0.8533707356893239,0.3521400870743926,0.321394950427907,1.9478457571022243,3325.692601560004,turtle,cma_es,0,-1.4279031798647734,10
240,2400,-1.3061939099081128,-0.9085077755621219,0.31700832459179934,0.3217882374939588,1.9488948685325016,3339.8300323250005,turtle,cma_es,0,-1.4279031798647734,10
241,2410,-1.231024195199887,-0.7157639517739195,0.3589606094194894,0.3222582805334577,1.9497408877101599,3353.845954221004,turtle,cma_es,0,-1.4279031798647734,10
242,2420,-1.246440996676312,-0.6781964328428675,0.3381904946505537,0.3224986102398968,1.9508516332221797,3367.943991063017,turtle,cma_es,0,-1.4279031798647734,10
243,2430,-1.2048559748510232,-0.9419840676961044,0.2394273848909034,0.32286486828345756,1.9516886007334728,3380.1958906899963,turtle,cma_es,0,-1.4279031798647734,10
244,2440,-1.3751612085340055,-1.023196143943156,0.18580460346410674,0.3231893339706427,1.9527034187501267,3393.499332609994,turtle,cma_es,0,-1.4279031798647734,10
245,2450,-1.3249282928686537,-1.0729798561776924,0.31881663673149263,0.3233001871434058,1.9536685094907076,3408.0727097410127,turtle,cma_es,0,-1.4279031798647734,10
246,2460,-1.4161057753084547,-1.2141453851221837,0.14430873244007358,0.32354582303272256,1.954469814760947,3418.6057008490025,turtle,cma_es,0,-1.4279031798647734,10
247,2470,-1.4053984911664728,-0.9556513282565675,0.3877199118767001,0.3237932566420128,1.955290287488222,3430.564430667,turtle,cma_es,0,-1.4279031798647734,10
248,2480,-1.3947077874756282,-1.1913673351637486,0.1473117193123705,0.3240197717898392,1.955799240343968,3443.3278570690018,turtle,cma_es,0,-1.4279031798647734,10
249,2490,-1.353646503227087,-0.9430593490914501,0.3016958444787447,0.32437363913633344,1.9568776920218207,3454.7081431270053,turtle,cma_es,0,-1.4279031798647734,10
250,2500,-1.3198818700538446,-1.0264992299602906,0.41889951855945046,0.32472023611584827,1.9578300691178647,3468.9841037529986,turtle,cma_es,0,-1.4279031798647734,10
251,2510,-1.290357845167149,-0.9539085851289931,0.26340429554329886,0.3249935484708912,1.958577546347753,3484.4602710269974,turtle,cma_es,0,-1.4279031798647734,10
252,2520,-1.349220241976104,-1.0632845390057626,0.2602115962083671,0.3252369293421668,1.9595689837620236,3496.92226724801,turtle,cma_es,0,-1.4279031798647734,10
253,2530,-1.2672725076749325,-0.9621918715909356,0.37716338357136414,0.3255231118959558,1.960351511607547,3512.196102812013,turtle,cma_es,0,-1.4279031798647734,10
254,2540,-1.3272303618716652,-1.0868672519162101,0.2977265641861013,0.32570101399951723,1.9614010340488945,3529.4360321540153,turtle,cma_es,0,-1.4279031798647734,10
255,2550,-1.3872330584749717,-1.0310941596039,0.2994577758333177,0.32577538244164783,1.9620546591975692,3542.4028164680058,turtle,cma_es,0,-1.4279031798647734,10
256,2560,-1.372008852120942,-1.1137646885818056,0.23579239059240512,0.32597195906702514,1.9628637543144998,3555.849329351011,turtle,cma_es,0,-1.4279031798647734,10
257,2570,-1.4559539874440173,-1.3206732871814573,0.0858667781834767,0.3260334147591736,1.9637452100634196,3570.966277675994,turtle,cma_es,0,-1.4559539874440173,10
258,2580,-1.4220454138138727,-1.1478823941829248,0.23846734172003825,0.32592850017513364,1.9645312382423101,3587.3115605930216,turtle,cma_es,0,-1.4559539874440173,10
259,2590,-1.3506604637423205,-1.0463483610749897,0.312056386793479,0.32617707505493193,1.965201988988549,3599.564609466004,turtle,cma_es,0,-1.4559539874440173,10
260,2600,-1.428259294167768,-1.1725949117815584,0.23047122200928669,0.32637591193351806,1.9657986826774598,3610.933220720006,turtle,cma_es,0,-1.4559539874440173,10
261,2610,-1.4948956480182813,-1.2023180362962234,0.3249691469272761,0.326509728022574,1.9666685685154313,3623.1986901519995,turtle,cma_es,0,-1.4948956480182813,10
262,2620,-1.484144990050849,-1.1283649700396343,0.3519733778008942,0.3265941775680263,1.967478307145753,3634.1479736939946,turtle,cma_es,0,-1.4948956480182813,10
263,2630,-1.417547090961552,-1.1198675222773051,0.26340405284297336,0.3266175660199504,1.9683422167177256,3646.517694815004,turtle,cma_es,0,-1.4948956480182813,10
264,2640,-1.460574845820875,-0.9287926596526976,0.391426771623885,0.32644339236766934,1.9690102508583902,3656.3714306720067,turtle,cma_es,0,-1.4948956480182813,10
265,2650,-1.4330070327926823,-0.9800790091781207,0.32474015904017706,0.3263559661273943,1.969736239672537,3667.7452494630124,turtle,cma_es,0,-1.4948956480182813,10
266,2660,-1.4544602172544803,-1.116177573523288,0.3056215874999547,0.3264640668128614,1.970621168101603,3679.703649973002,turtle,cma_es,0,-1.4948956480182813,10
267,2670,-1.435937692789654,-1.2553750477389953,0.14327765223798233,0.3266701010446049,1.971764355414817,3695.6523034470156,turtle,cma_es,0,-1.4948956480182813,10
268,2680,-1.4753408991400665,-1.239763681405965,0.21368923090995756,0.32681417081962405,1.9727957906005977,3707.921351176017,turtle,cma_es,0,-1.4948956480182813,10
269,2690,-1.4890986861956979,-1.0022103794963464,0.38959104057748944,0.327025364184083,1.9738320016784565,3721.479788840021,turtle,cma_es,0,-1.4948956480182813,10
270,2700,-1.4478629714152413,-1.0276045741365212,0.28634286529835756,0.32738806383004776,1.9754264989197023,3737.9248214570107,turtle,cma_es,0,-1.4948956480182813,10
271,2710,-1.4573319609646678,-1.149269236816739,0.34473036563170795,0.327688998775233,1.9769075130314342,3756.6975036600197,turtle,cma_es,0,-1.4948956480182813,10
272,2720,-1.4269995766299113,-0.9777256674757835,0.39131093724800087,0.3279241313296307,1.978371978362873,3771.7667799600167,turtle,cma_es,0,-1.4948956480182813,10
273,2730,-1.4327511078076585,-1.1591003520706562,0.21884146176387914,0.32811865314022215,1.9795571256096283,3787.310172066005,turtle,cma_es,0,-1.4948956480182813,10
274,2740,-1.3481076665096552,-1.0201683076539347,0.3850679132767777,0.3281182563436338,1.9806847320908656,3804.3487812780077,turtle,cma_es,0,-1.4948956480182813,10
275,2750,-1.437615895946177,-0.9522768134542078,0.43370416479013224,0.32797253055766884,1.981652288743351,3821.029423077998,turtle,cma_es,0,-1.4948956480182813,10
276,2760,-1.4032282635100604,-1.186170022467897,0.2357599455598017,0.3277681195317163,1.9826814091178,3835.3971277310047,turtle,cma_es,0,-1.4948956480182813,10
277,2770,-1.458283257175955,-1.002753627325608,0.4179077657544446,0.32774325516180636,1.983803607077604,3851.316545773996,turtle,cma_es,0,-1.4948956480182813,10
278,2780,-1.4481065544432896,-1.0902533706827389,0.292054288784108,0.3278953286893778,1.9845909848382972,3868.5869917249947,turtle,cma_es,0,-1.4948956480182813,10
279,2790,-1.4268727250726645,-1.0133368801155878,0.3049731680982482,0.32801911428519914,1.9854426852628684,3885.1148887580202,turtle,cma_es,0,-1.4948956480182813,10
280,2800,-1.4640310702698134,-1.148942467025406,0.32071605103641376,0.32805348153816133,1.9859164857567908,3898.643396202009,turtle,cma_es,0,-1.4948956480182813,10
281,2810,-1.0268379215036045,-0.63311799921736,0.2545674284908278,0.32784826470810563,1.9868662854936872,3913.5896805640077,turtle,cma_es,0,-1.4948956480182813,10
282,2820,-1.414409781312516,-0.8493125606236257,0.5101674366201192,0.32759554190367796,1.987810817383123,3925.7358781050134,turtle,cma_es,0,-1.4948956480182813,10
283,2830,-1.3155276831691696,-0.756119815986607,0.3528930245225742,0.3275424508111107,1.9889185339356281,3937.3697839330125,turtle,cma_es,0,-1.4948956480182813,10
284,2840,-1.3947966862951873,-0.8276574554735401,0.47966207104166136,0.3274004982307967,1.9896725653994016,3950.401356698014,turtle,cma_es,0,-1.4948956480182813,10
285,2850,-1.4316348579392013,-0.7429715020372061,0.4220826989699517,0.32715246396625736,1.9903796395390934,3962.678520938003,turtle,cma_es,0,-1.4948956480182813,10
286,2860,-1.4083865328974419,-0.8154941955480257,0.4707557711002385,0.32666334341327036,1.991386752081394,3977.829496470018,turtle,cma_es,0,-1.4948956480182813,10
287,2870,-1.4557072824641581,-0.7135675260064189,0.4202444600882539,0.3260332942772894,1.9922032410508759,3990.340716256993,turtle,cma_es,0,-1.4948956480182813,10
288,2880,-1.401890165139032,-0.8013910314957318,0.38246448118640186,0.32518087177708566,1.9930294926443217,4003.4260101900145,turtle,cma_es,0,-1.4948956480182813,10
289,2890,-1.0300673428734752,-0.5147935067541157,0.28906622328472187,0.3244114026929791,1.9944611049182241,4016.8822531460028,turtle,cma_es,0,-1.4948956480182813,10
290,2900,-1.128855228514622,-0.4681897839532837,0.3606992004007157,0.32349511542527853,1.9955159852586766,4030.782024168002,turtle,cma_es,0,-1.4948956480182813,10
291,2910,-1.4157487594663216,-1.0246582035192777,0.2553492752735126,0.3225582276672446,1.996486568363379,4042.5181083770003,turtle,cma_es,0,-1.4948956480182813,10
292,2920,-1.3315222943009788,-1.0311461096476975,0.16661543143575658,0.3217824484984144,1.9975463739414752,4054.291985312011,turtle,cma_es,0,-1.4948956480182813,10
293,2930,-1.4155836418918533,-1.0932517287282857,0.21325152616974924,0.3209327312061685,1.99821454821408,4069.064819104009,turtle,cma_es,0,-1.4948956480182813,10
294,2940,-1.4768616576141227,-1.0474930133341753,0.3475866826526706,0.32014726854002296,1.99869750480878,4079.668988225021,turtle,cma_es,0,-1.4948956480182813,10
295,2950,-1.3987624618677401,-1.0432500780175615,0.22494693959339268,0.31910793519215563,1.9992135999857206,4093.430700546014,turtle,cma_es,0,-1.4948956480182813,10
296,2960,-1.3471318708986724,-1.0315359772213442,0.22852934813828146,0.31826775774756894,1.9997285039166532,4105.244780745998,turtle,cma_es,0,-1.4948956480182813,10
297,2970,-1.4235631113452394,-1.0332408238009354,0.25396689272843137,0.31727147379515774,2.0003768028143574,4118.299424158002,turtle,cma_es,0,-1.4948956480182813,10
298,2980,-1.4111129112483791,-1.1993119032178423,0.26651512517640136,0.3161736525172284,2.000783404270717,4133.004178488016,turtle,cma_es,0,-1.4948956480182813,10
299,2990,-1.4134084823700181,-1.207356123148165,0.19878702203780074,0.3153247727002927,2.001045207209047,4145.459805541002,turtle,cma_es,0,-1.4948956480182813,10
300,3000,-1.4333108384900486,-1.2774979854315334,0.1307388079179681,0.31453360673639347,2.001388609380996,4157.290860698995,turtle,cma_es,0,-1.4948956480182813,10
301,3010,-1.4364386398426294,-1.1768115143888043,0.17822970966493532,0.3138242920963431,2.001828499682436,4169.390848242008,turtle,cma_es,0,-1.4948956480182813,10
302,3020,-1.412259195136489,-1.1861064482201895,0.14915889723285905,0.3129736212062098,2.0022147174340215,4181.996975829999,turtle,cma_es,0,-1.4948956480182813,10
303,3030,-1.4058255607664396,-1.2281401365428868,0.18617736138362026,0.31204304305792036,2.0026546264494165,4196.7337642190105,turtle,cma_es,0,-1.4948956480182813,10
304,3040,-1.4405167549809201,-1.2681344277076767,0.1167535441425912,0.3111532522618239,2.0030577099137568,4208.266479935002,turtle,cma_es,0,-1.4948956480182813,10
305,3050,-1.433289976390924,-1.1667988501382331,0.20201216956088325,0.3102353619882882,2.0032744268731104,4223.218305999995,turtle,cma_es,0,-1.4948956480182813,10
306,3060,-1.4907092664222867,-1.184323241168335,0.2368279458334477,0.3091535865154553,2.0036036970219824,4235.510752425995,turtle,cma_es,0,-1.4948956480182813,10
307,3070,-1.4547672018849713,-1.3043049366894965,0.11445650896694749,0.3081610633209706,2.0040074227500013,4247.229199049994,turtle,cma_es,0,-1.4948956480182813,10
308,3080,-1.484608785181658,-1.2266064054314385,0.1486544985004419,0.30711001193531473,2.0042654573305074,4261.616966499016,turtle,cma_es,0,-1.4948956480182813,10
309,3090,-1.48796229321629,-0.8699842983422788,0.4902909042025495,0.30611237190000296,2.004440118793946,4276.173850442021,turtle,cma_es,0,-1.4948956480182813,10
310,3100,-1.3402543738029582,-1.177585180502256,0.12095102011187187,0.3051344040475455,2.0047791067082223,4290.153950228007,turtle,cma_es,0,-1.4948956480182813,10
311,3110,-1.452893779109126,-1.1422388180562748,0.34519761629376267,0.3041777643023416,2.0050778437415975,4303.831081437995,turtle,cma_es,0,-1.4948956480182813,10
312,3120,-1.3815532972028253,-1.1888004274469357,0.17219989475605998,0.3034302258390142,2.0054583829241768,4317.115381265001,turtle,cma_es,0,-1.4948956480182813,10
313,3130,-1.3504067584026123,-1.168873123892135,0.16688475609067108,0.30271879488199516,2.0058590330639863,4329.975983876997,turtle,cma_es,0,-1.4948956480182813,10
314,3140,-1.4701575053524838,-1.2884197420478412,0.11630140409647709,0.3021038814979776,2.006373997846364,4340.827070071013,turtle,cma_es,0,-1.4948956480182813,10
315,3150,-1.4201328146175198,-1.1953323797726831,0.1726745480478184,0.30149273561630563,2.0067621676590806,4357.345202917,turtle,cma_es,0,-1.4948956480182813,10
316,3160,-1.413032117993894,-1.229010859618286,0.1416482566000716,0.30081919441446414,2.0074799934042704,4372.3057108870125,turtle,cma_es,0,-1.4948956480182813,10
317,3170,-1.374095731584954,-1.2595734034772625,0.1125712530392733,0.300279739496833,2.0076982293730836,4382.967989402008,turtle,cma_es,0,-1.4948956480182813,10
318,3180,-1.2787494363258398,-1.0804641323764668,0.15626976973438647,0.2998372641026109,2.0080829807878886,4393.363152883016,turtle,cma_es,0,-1.4948956480182813,10
319,3190,-1.4456477826580585,-1.001127285552542,0.35578521094084153,0.29963217556977323,2.0083017507990255,4406.224146794004,turtle,cma_es,0,-1.4948956480182813,10
320,3200,-1.3802108631519916,-1.123438677385827,0.22427403698753762,0.29934875960941604,2.0087511722850766,4419.222043999995,turtle,cma_es,0,-1.4948956480182813,10
321,3210,-1.4632737559090643,-1.1839087757073867,0.22983974753361644,0.29908262901579047,2.0090631148460982,4433.994327855005,turtle,cma_es,0,-1.4948956480182813,10
322,3220,-1.4502026610471779,-1.1886633564505495,0.2872510186349332,0.2990595496283663,2.009646694169262,4446.624732691009,turtle,cma_es,0,-1.4948956480182813,10
323,3230,-1.434141687894118,-1.1618054185818814,0.3293161586892909,0.2992018612922598,2.01055721724585,4460.156028677011,turtle,cma_es,0,-1.4948956480182813,10
324,3240,-1.3998225849839185,-1.115153104882473,0.28222358420733573,0.29923785258941354,2.0111771254727038,4475.926924379019,turtle,cma_es,0,-1.4948956480182813,10
325,3250,-1.393255599771499,-1.2047282379732867,0.140698773808635,0.29918211815802587,2.01176397945636,4490.2789006390085,turtle,cma_es,0,-1.4948956480182813,10
326,3260,-1.3989059991574155,-0.9562828481648881,0.40646537071003813,0.29921332009376556,2.0128606972342866,4504.635770654015,turtle,cma_es,0,-1.4948956480182813,10
327,3270,-1.4058262483389417,-1.2729653572715087,0.146286686844343,0.29929153220307875,2.0135394562009976,4518.279919302993,turtle,cma_es,0,-1.4948956480182813,10
328,3280,-1.4781659457355332,-1.243086247743121,0.2966311724964388,0.29943089966850256,2.014119143499538,4534.329765728995,turtle,cma_es,0,-1.4948956480182813,10
329,3290,-1.4210697682510958,-1.3111553845690844,0.09799094745582683,0.29954160041610334,2.014520773173512,4547.225888367015,turtle,cma_es,0,-1.4948956480182813,10
330,3300,-1.4189202027568477,-1.323007197062191,0.1047723325204929,0.2996561293945876,2.014899400089428,4557.23135181301,turtle,cma_es,0,-1.4948956480182813,10
331,3310,-1.4800487971573748,-1.3287922839604818,0.08946112171076011,0.2998865266921168,2.0152974579187632,4571.368535218993,turtle,cma_es,0,-1.4948956480182813,10
332,3320,-1.408439709747463,-1.2586042703332927,0.22069723945697334,0.30030193110944337,2.015660497484147,4584.102834963007,turtle,cma_es,0,-1.4948956480182813,10
333,3330,-1.4668178047491685,-1.2210985604695486,0.1987820253983095,0.30077449704158155,2.0160676409741685,4597.639370224002,turtle,cma_es,0,-1.4948956480182813,10
334,3340,-1.4335670118982655,-1.2276992804040876,0.1955604988175215,0.301353853653825,2.0164880579525684,4611.018272539019,turtle,cma_es,0,-1.4948956480182813,10
335,3350,-1.4294247645737679,-1.1803960153336401,0.2823394982087554,0.3020146252917475,2.01693020760167,4627.803104323015,turtle,cma_es,0,-1.4948956480182813,10
336,3360,-1.4169443600869576,-1.148041955759166,0.3398547679299838,0.30255751339603343,2.01730393378275,4644.8695432740205,turtle,cma_es,0,-1.4948956480182813,10
337,3370,-1.4818870014540684,-1.190891610979567,0.2124327980889758,0.30320766644318004,2.0175715893714083,4659.367777830019,turtle,cma_es,0,-1.4948956480182813,10
338,3380,-1.5506734226863816,-1.2518083696248334,0.19126233280437294,0.3039036659149769,2.0180099762410246,4673.4338074200205,turtle,cma_es,0,-1.5506734226863816,10
339,3390,-1.51026862926682,-1.269225170641358,0.25716155815763103,0.30436333266846544,2.0181924680380763,4687.781853786,turtle,cma_es,0,-1.5506734226863816,10
340,3400,-1.4506489395413116,-1.2673966031056298,0.13764028988068636,0.30466072394375493,2.0184557109119567,4703.970955908007,turtle,cma_es,0,-1.5506734226863816,10
341,3410,-1.4909821406560493,-1.2455325542972275,0.24450044495043602,0.3048833715204522,2.019039706147973,4720.118505449005,turtle,cma_es,0,-1.5506734226863816,10
342,3420,-1.400008665990251,-1.1301056855914573,0.18776301632280293,0.305045618839415,2.0194364719450744,4731.392121295008,turtle,cma_es,0,-1.5506734226863816,10
343,3430,-1.361258683654162,-1.1022169923589267,0.2608686989218952,0.3051472714264607,2.0197188145089666,4745.256617025007,turtle,cma_es,0,-1.5506734226863816,10
344,3440,-1.4407080386174647,-1.1709529754385042,0.18423385503080328,0.30527745523676936,2.0200164506332223,4762.5681774989935,turtle,cma_es,0,-1.5506734226863816,10
345,3450,-1.4161699810651687,-1.0504396179724522,0.38844187576532224,0.3050887182404685,2.020300407162899,4779.208910573012,turtle,cma_es,0,-1.5506734226863816,10
346,3460,-1.4825735302169036,-1.210835423295784,0.23511934656801506,0.3049728427268456,2.020689740601704,4793.73119168001,turtle,cma_es,0,-1.5506734226863816,10
347,3470,-1.4051075659145686,-1.1774642694321533,0.16337732781480882,0.30485842808621805,2.0210550251610244,4809.810233098018,turtle,cma_es,0,-1.5506734226863816,10
348,3480,-1.432402721799054,-1.2094681143441812,0.15467018408924843,0.3046568630798225,2.0215285587783898,4824.3284694059985,turtle,cma_es,0,-1.5506734226863816,10
349,3490,-1.4566702595576038,-1.2600164976052537,0.25928246790132936,0.30453048412795125,2.021984080709735,4838.162721877015,turtle,cma_es,0,-1.5506734226863816,10
350,3500,-1.4392936111863852,-1.3056311229042232,0.12436498184788089,0.3044156854828724,2.0222978990525644,4850.787788432994,turtle,cma_es,0,-1.5506734226863816,10
351,3510,-1.430618865629694,-1.2893312690648622,0.1220154209397376,0.3042047533044452,2.022753342738948,4865.373796752014,turtle,cma_es,0,-1.5506734226863816,10
352,3520,-1.4346180369240864,-1.2586672498710922,0.131504700962406,0.3039210168982957,2.022827554559497,4878.719413259998,turtle,cma_es,0,-1.5506734226863816,10
353,3530,-1.454969610710119,-1.2609148276649862,0.22062551405847738,0.30362035719020974,2.02291530497796,4890.61332020702,turtle,cma_es,0,-1.5506734226863816,10
354,3540,-1.3688259762320607,-1.1829545680801763,0.21645299505871082,0.3034472170838487,2.0230523457987437,4902.256800644012,turtle,cma_es,0,-1.5506734226863816,10
355,3550,-1.4711038227482574,-1.3269393884883995,0.10947061535231396,0.30335495286299047,2.023271101084321,4911.483361310005,turtle,cma_es,0,-1.5506734226863816,10
356,3560,-1.4611095247535202,-1.2404979648605174,0.22338766060886656,0.3032754423613066,2.0232810083822987,4927.727227313997,turtle,cma_es,0,-1.5506734226863816,10
357,3570,-1.4422983074151068,-1.2862722324903502,0.1387694715990946,0.3031982133937476,2.02333077369401,4943.029899792018,turtle,cma_es,0,-1.5506734226863816,10
358,3580,-1.4510212404916825,-1.2190054772792305,0.21239737365753444,0.30297244327350553,2.023495463720792,4958.661809931014,turtle,cma_es,0,-1.5506734226863816,10
359,3590,-1.4396491133874019,-0.9941037465012726,0.42811082398311134,0.30250155402041473,2.0235532907247813,4975.3860880760185,turtle,cma_es,0,-1.5506734226863816,10
360,3600,-1.488254871923398,-1.20951166381623,0.2879851649226314,0.30212338552000784,2.0234782838415497,4990.125926873006,turtle,cma_es,0,-1.5506734226863816,10
361,3610,-1.4614755728973563,-1.2796208110501144,0.23414695009673392,0.30172821659011606,2.023525153635013,5006.78915046301,turtle,cma_es,0,-1.5506734226863816,10
362,3620,-1.4870944827241193,-1.1964293814484712,0.3157319188724298,0.30142868781331944,2.0236101592478115,5017.35631516602,turtle,cma_es,0,-1.5506734226863816,10
363,3630,-1.4844989335933922,-1.3322677437924515,0.10852405859368461,0.30101800832479486,2.023664101329972,5026.975681354001,turtle,cma_es,0,-1.5506734226863816,10
364,3640,-1.5731992091744242,-1.3571289081191935,0.10714586406407219,0.30053437416070916,2.0238031569256365,5038.949985117011,turtle,cma_es,0,-1.5731992091744242,10
365,3650,-1.4726230938216407,-1.1332219734175086,0.3592168710811793,0.3001094070502873,2.0238782474636343,5056.958995046007,turtle,cma_es,0,-1.5731992091744242,10
366,3660,-1.4586125025639944,-1.3605337519391654,0.10793565353866603,0.29980495205821645,2.023876889589333,5071.461666846008,turtle,cma_es,0,-1.5731992091744242,10
367,3670,-1.4482646457565478,-1.304811824280255,0.166736954126444,0.2995215768651805,2.024104102865204,5087.526592203998,turtle,cma_es,0,-1.5731992091744242,10
368,3680,-1.4692974428758614,-1.3720428755387926,0.06965296591717969,0.2992180357454768,2.0242697116541017,5098.400914686004,turtle,cma_es,0,-1.5731992091744242,10
369,3690,-1.5809724647848062,-1.368318172682688,0.12033647374661367,0.29885259685316945,2.0244539854964376,5112.813124572014,turtle,cma_es,0,-1.5809724647848062,10
370,3700,-1.5407573252016498,-1.4180934999017176,0.0734148366172671,0.29835551788197107,2.024520480378283,5123.399661199015,turtle,cma_es,0,-1.5809724647848062,10
371,3710,-1.3998562679002466,-1.2162413246058672,0.22571830023024986,0.2980136964379627,2.024929692190695,5139.963251820998,turtle,cma_es,0,-1.5809724647848062,10
372,3720,-1.4800949750059162,-1.4021398112228411,0.056457571297556124,0.29792094183275625,2.0251276746049944,5152.337554790021,turtle,cma_es,0,-1.5809724647848062,10
373,3730,-1.4496633167254345,-1.3226488158976444,0.12861695375720528,0.29781066967981207,2.025572414956539,5167.308025772014,turtle,cma_es,0,-1.5809724647848062,10
374,3740,-1.5134531464127274,-1.4034928444525094,0.06740597132148526,0.2977487246112627,2.0259490055377047,5179.092331168009,turtle,cma_es,0,-1.5809724647848062,10
375,3750,-1.4814025630006196,-1.2800577689380765,0.1765061840587298,0.29774278100933305,2.0263244841996215,5191.2506525630015,turtle,cma_es,0,-1.5809724647848062,10
376,3760,-1.541164208990435,-1.3969665849422348,0.10740955847333082,0.29763397457416496,2.026863110447752,5205.869281143008,turtle,cma_es,0,-1.5809724647848062,10
377,3770,-1.5134702701942677,-1.2799942213009705,0.2521954585788638,0.29772751165093747,2.0271027254361953,5219.143906775018,turtle,cma_es,0,-1.5809724647848062,10
378,3780,-1.5889100961777824,-1.3487808206748375,0.22203151579818858,0.2977080782774445,2.027357595032875,5232.381487122999,turtle,cma_es,0,-1.5889100961777824,10
379,3790,-1.5856114311043559,-1.347826547627021,0.16465945830371634,0.29763649714310264,2.027562279962497,5246.123147720005,turtle,cma_es,0,-1.5889100961777824,10
380,3800,-1.4814146109112434,-1.2248577764461048,0.36690403993368015,0.29751787548278524,2.0279912082047566,5255.766283714998,turtle,cma_es,0,-1.5889100961777824,10
381,3810,-1.3785766137483737,-1.1649147324364555,0.22995223909671783,0.29749373817161645,2.028224261631107,5266.060023921018,turtle,cma_es,0,-1.5889100961777824,10
382,3820,-1.4683344833968004,-1.2283706724072012,0.2681869831517952,0.29737250301534374,2.028399918784416,5279.678258849017,turtle,cma_es,0,-1.5889100961777824,10
383,3830,-1.4800844211271142,-1.4052187395323663,0.055258717089400264,0.29724100189686925,2.0286097801295746,5292.468312034995,turtle,cma_es,0,-1.5889100961777824,10
384,3840,-1.5789783027315183,-0.09719185077028199,3.3831685823144833,0.29693312127306487,2.0288890469518726,5306.501904859993,turtle,cma_es,0,-1.5889100961777824,10
385,3850,-1.5223179303214422,-0.042064710030547924,3.374140255994195,0.29666603803328595,2.029343962740465,5318.78794151402,turtle,cma_es,0,-1.5889100961777824,10
386,3860,-1.5293048631896191,-1.2652540734732747,0.30594123322590777,0.2965400300791876,2.02949281469991,5331.9609593829955,turtle,cma_es,0,-1.5889100961777824,10
387,3870,-1.481027418282073,-1.2902009585847634,0.1707200870894979,0.2962566986966539,2.02965328939044,5347.861456717015,turtle,cma_es,0,-1.5889100961777824,10
388,3880,-1.4981270436099265,-1.3294833846581178,0.25206319606765265,0.29599343526662547,2.0299908651464893,5360.6373870620155,turtle,cma_es,0,-1.5889100961777824,10
389,3890,-1.4713514159554464,-1.108260215538197,0.4359049881242027,0.2957338611102145,2.030223540774122,5375.6224214620015,turtle,cma_es,0,-1.5889100961777824,10
390,3900,-1.5914913556284205,-1.3283179692020597,0.2891742162493207,0.29523303187499295,2.0305470458397337,5390.766635876003,turtle,cma_es,0,-1.5914913556284205,10
391,3910,-1.5382237585187468,-0.25394645729504656,3.4254605382132266,0.2948131005884289,2.0307219570365276,5402.061902233021,turtle,cma_es,0,-1.5914913556284205,10
392,3920,-1.4987278072206403,-1.3230892471653823,0.1783362230016007,0.2943030312501004,2.0309461007072547,5412.586442518019,turtle,cma_es,0,-1.5914913556284205,10
393,3930,-1.5323544468297703,-1.383429499805682,0.08834912103421212,0.2935221180732556,2.0313031492362974,5426.866485420993,turtle,cma_es,0,-1.5914913556284205,10
394,3940,-1.5296586897495343,-1.4162500958798034,0.07031154299017724,0.29281656958211655,2.0315060740094846,5439.999870080996,turtle,cma_es,0,-1.5914913556284205,10
395,3950,-1.533326508138778,-1.3414737189123755,0.18629048848321425,0.2920167032749849,2.031798650330076,5455.837351843016,turtle,cma_es,0,-1.5914913556284205,10
396,3960,-1.3489094274123534,-1.1235282719224802,0.19432212857584485,0.2911330228412136,2.031997419776784,5469.3236829020025,turtle,cma_es,0,-1.5914913556284205,10
397,3970,-1.4672361555636888,-1.1011907696796541,0.4052462216524338,0.29028035651266676,2.0322917890724543,5484.648197669012,turtle,cma_es,0,-1.5914913556284205,10
398,3980,-1.5429474867685586,-1.0771240456861828,0.2648791411302588,0.28924818771434485,2.0324174951825893,5495.267145852995,turtle,cma_es,0,-1.5914913556284205,10
399,3990,-1.6008497109446198,-1.2328353607213853,0.31994726298229464,0.288458407806308,2.032499544084018,5510.111207909009,turtle,cma_es,0,-1.6008497109446198,10
400,4000,-1.5035262316302527,-1.0203790759107327,0.35127327808934233,0.287671307104209,2.0325244429382794,5522.226326586009,turtle,cma_es,0,-1.6008497109446198,10
401,4010,-1.2584087925513083,-0.9459185442876203,0.16745313905655004,0.28717003778755484,2.0326753034888743,5536.243911446014,turtle,cma_es,0,-1.6008497109446198,10
402,4020,-1.4772259015433882,-0.9912226792556271,0.3430514634464139,0.2866700751378142,2.032827119968265,5548.672383493016,turtle,cma_es,0,-1.6008497109446198,10
403,4030,-1.4843228471004721,-1.1024412987218541,0.43490464807742224,0.28630220534664835,2.0329399107659443,5562.7571056510205,turtle,cma_es,0,-1.6008497109446198,10
404,4040,-1.4719779316320194,-1.1106837099006053,0.2812457562300425,0.2860690505259406,2.0330637514062184,5578.967104028008,turtle,cma_es,0,-1.6008497109446198,10
405,4050,-1.4723683431608467,0.006759392864013947,3.3541625926741485,0.28571157490034205,2.033171089531396,5594.248151189007,turtle,cma_es,0,-1.6008497109446198,10
406,4060,-1.5312018636225302,-1.2550668151632256,0.2303159616643664,0.28535941933591574,2.033150643632343,5605.265262330999,turtle,cma_es,0,-1.6008497109446198,10
407,4070,-1.5938036892935719,-1.1789326662598387,0.2400863046523743,0.28512636988267215,2.033356317547634,5616.808644764009,turtle,cma_es,0,-1.6008497109446198,10
408,4080,-1.4829170026158751,-1.2831468697127915,0.15530287088077435,0.28493079482331257,2.0332272108053417,5630.147505274013,turtle,cma_es,0,-1.6008497109446198,10
409,4090,-1.5625485604181772,-1.2895265704531464,0.1627348465083321,0.2847724886865201,2.033321602610693,5641.7903122610005,turtle,cma_es,0,-1.6008497109446198,10
410,4100,-1.480268702189373,-1.1574886408741218,0.2952779804950903,0.2846062518158635,2.033316597383031,5652.107326288009,turtle,cma_es,0,-1.6008497109446198,10
411,4110,-1.581162102257676,-1.0547174352434934,0.2413393293720654,0.2844687687183216,2.033451502671805,5664.081016858021,turtle,cma_es,0,-1.6008497109446198,10
412,4120,-1.4892111130659904,-1.1218162172881097,0.22072010007940687,0.284259916741713,2.0333992509404863,5676.594940412004,turtle,cma_es,0,-1.6008497109446198,10
413,4130,-1.4916273206139872,-1.1405445893593265,0.31248158459906256,0.2840750816009635,2.033425431103636,5690.132660850009,turtle,cma_es,0,-1.6008497109446198,10
414,4140,-1.4307011365359488,-0.06114559721710222,3.367877040242879,0.2837894469113665,2.0336399817354507,5702.602151094994,turtle,cma_es,0,-1.6008497109446198,10
415,4150,-1.4861014662328413,-1.0696335774561945,0.29425493988186974,0.2832830336674891,2.0337393230280365,5717.823501453007,turtle,cma_es,0,-1.6008497109446198,10
416,4160,-1.529770355941909,-1.281497563240124,0.2595115259462273,0.28278849349971535,2.033792538857221,5730.293568939,turtle,cma_es,0,-1.6008497109446198,10
417,4170,-1.5699784442040166,-1.1467575099388805,0.3334234711697537,0.2822476485714434,2.0340785778098875,5739.783103641006,turtle,cma_es,0,-1.6008497109446198,10
418,4180,-1.481032566316701,-1.0570915339716211,0.33341260194459865,0.2817229895529463,2.034175330515555,5750.796278280002,turtle,cma_es,0,-1.6008497109446198,10
419,4190,-1.5860616356357848,-0.09323108785425624,3.385719024795777,0.2811558097160887,2.0344074336307845,5763.58776808402,turtle,cma_es,0,-1.6008497109446198,10
420,4200,-1.5091450105767157,-1.191463974729866,0.3114038561570485,0.28058604549992255,2.0344660263411956,5775.169773686997,turtle,cma_es,0,-1.6008497109446198,10
421,4210,-1.5620976079408413,-1.1304216273860401,0.3682821425467689,0.28014214901741336,2.034358396933041,5787.788769576,turtle,cma_es,0,-1.6008497109446198,10
422,4220,-1.5362800293525156,-1.0163409761514193,0.3826701364157774,0.27969869485040283,2.0345085244372134,5797.299519604014,turtle,cma_es,0,-1.6008497109446198,10
423,4230,-1.4865787664862653,-1.2453890199749373,0.20326609426152475,0.2792636223362561,2.0347554415207116,5812.157749152015,turtle,cma_es,0,-1.6008497109446198,10
424,4240,-1.3832731243315894,-1.1385688656725486,0.21709394518263914,0.27880538400349353,2.034606390421502,5827.352661765006,turtle,cma_es,0,-1.6008497109446198,10
425,4250,-1.4996020393583898,-1.2735785298357956,0.24204821983516198,0.27854202240234743,2.034880115856353,5841.443979917996,turtle,cma_es,0,-1.6008497109446198,10
426,4260,-1.5077479683230308,-1.160690091227068,0.35785373014567706,0.27827628376793717,2.035012769481661,5853.8204936959955,turtle,cma_es,0,-1.6008497109446198,10
427,4270,-1.4865769617516023,-1.1605090204909245,0.388739713056455,0.2780692676559608,2.0350867759163123,5864.072054132004,turtle,cma_es,0,-1.6008497109446198,10
428,4280,-1.5631944065072174,-1.1151238250572626,0.32744492412412696,0.27786466619894923,2.0351897941576875,5879.592114098021,turtle,cma_es,0,-1.6008497109446198,10
429,4290,-1.4971686808335152,-1.3001319507585487,0.25343382057087765,0.2775888883132063,2.0353432830424287,5890.972537612019,turtle,cma_es,0,-1.6008497109446198,10
430,4300,-1.581436599758388,-1.4026910154857395,0.12817369941935966,0.2772543470556935,2.0354162284093444,5904.504410974012,turtle,cma_es,0,-1.6008497109446198,10
431,4310,-1.4863425705469027,0.016013204835331064,3.365578033099613,0.2770147803492865,2.035710313043698,5919.004497593996,turtle,cma_es,0,-1.6008497109446198,10
432,4320,-1.530379741611279,-0.10352327823219269,3.3783568050305965,0.2766116620134615,2.0360448263714246,5931.350134477019,turtle,cma_es,0,-1.6008497109446198,10
433,4330,-1.4648348309516717,-1.214292658084151,0.4103960418323079,0.2762133474080188,2.0361066323252786,5943.989256694011,turtle,cma_es,0,-1.6008497109446198,10
434,4340,-1.5044123192529932,-1.0534085258211217,0.36293376968835245,0.2757165355700901,2.0362678434340915,5957.226258080016,turtle,cma_es,0,-1.6008497109446198,10
435,4350,-1.484544995529376,-1.3106600648659206,0.23446996908213888,0.2752530296174396,2.036480954056292,5971.5640482190065,turtle,cma_es,0,-1.6008497109446198,10
436,4360,-1.495497535542743,-1.3429069983746476,0.2210405456452923,0.2747826354375423,2.0366821947114957,5983.608918965008,turtle,cma_es,0,-1.6008497109446198,10
437,4370,-1.5893584481282899,-1.4173171099537973,0.10182355729326754,0.2743349473809549,2.036730343214323,5995.90938300002,turtle,cma_es,0,-1.6008497109446198,10
438,4380,-1.562800950631221,-1.4131966335417474,0.19078311618164046,0.2740005508062909,2.0368767502528184,6007.0436018110195,turtle,cma_es,0,-1.6008497109446198,10
439,4390,-1.4064056663808593,-1.2192548748077132,0.1747147472686447,0.27357951666985353,2.0370233479061417,6020.59356119702,turtle,cma_es,0,-1.6008497109446198,10
440,4400,-1.594599188234124,-1.2416704788760466,0.2532113299367546,0.27300376880434934,2.0370278472594805,6030.911007590999,turtle,cma_es,0,-1.6008497109446198,10
441,4410,-1.5322664606263992,-1.3843948279827256,0.09860576707501793,0.2725214159105986,2.0369465248894243,6043.960405524995,turtle,cma_es,0,-1.6008497109446198,10
442,4420,-1.5897258599425612,-1.4242843860113843,0.18596356320921714,0.2721518880352497,2.0369473468904324,6058.275529363018,turtle,cma_es,0,-1.6008497109446198,10
443,4430,-1.545892365798161,-0.05569259592428928,3.379416730279014,0.2718533560779287,2.0374840342657965,6071.193513270002,turtle,cma_es,0,-1.6008497109446198,10
444,4440,-1.5702791669075733,-0.10165134263520148,3.3794810290585713,0.27149856554620255,2.0377031606179785,6084.329862584011,turtle,cma_es,0,-1.6008497109446198,10
445,4450,-1.5350722805610557,-1.261295244103507,0.27527273457150514,0.27109768412191965,2.037981134046386,6097.996765926015,turtle,cma_es,0,-1.6008497109446198,10
446,4460,-1.5930282202519646,-1.32766952529436,0.26245823375977445,0.27061767668260583,2.038184317573965,6110.779342565016,turtle,cma_es,0,-1.6008497109446198,10
447,4470,-1.5341230431439286,-1.3639909846220715,0.11781494110275859,0.2701680220414499,2.038030020328677,6126.410281871998,turtle,cma_es,0,-1.6008497109446198,10
448,4480,-1.575558332562748,-1.3460183365865328,0.26579556827155537,0.26970317848169506,2.037945538202454,6137.276338794996,turtle,cma_es,0,-1.6008497109446198,10
449,4490,-1.4212624743604003,-1.3113869792718003,0.0939173192233715,0.26946316516323626,2.0378661980784565,6148.509900431003,turtle,cma_es,0,-1.6008497109446198,10
450,4500,-1.4479950399222838,-1.2685998150643343,0.19080512431531244,0.2692855025308652,2.0379555854414346,6160.920001270017,turtle,cma_es,0,-1.6008497109446198,10
451,4510,-1.5326424320929615,-1.345588173469471,0.19331038218070176,0.26918397668191946,2.038040542309982,6176.106954732008,turtle,cma_es,0,-1.6008497109446198,10
452,4520,-1.5919407576496338,-1.361599992844236,0.21607553540162625,0.26916390942350177,2.037995575104311,6186.430469582003,turtle,cma_es,0,-1.6008497109446198,10
453,4530,-1.5320305377115178,-1.4204200163895755,0.06822900393927346,0.2692497648789683,2.038001972497494,6198.2478009049955,turtle,cma_es,0,-1.6008497109446198,10
454,4540,-1.5196434157454064,-1.3986422762888002,0.1235919484853179,0.2693312467153576,2.0382494068984296,6211.268898576993,turtle,cma_es,0,-1.6008497109446198,10
455,4550,-1.5510077918800844,-1.2724191632622828,0.34300423106413674,0.2692366041860821,2.0383154032095034,6224.804908885009,turtle,cma_es,0,-1.6008497109446198,10
456,4560,-1.5349196720197407,-1.3134258315344796,0.13576419657544028,0.26906556891470523,2.0382595662153618,6240.235618539009,turtle,cma_es,0,-1.6008497109446198,10
457,4570,-1.541729165222355,-1.3240437009516413,0.27825842817906027,0.26873962518077693,2.0384439949176127,6256.593634174002,turtle,cma_es,0,-1.6008497109446198,10
458,4580,-1.4830137152415395,-1.358082469490896,0.17903577849691102,0.2684940319496008,2.0384655695596607,6267.614035375998,turtle,cma_es,0,-1.6008497109446198,10
459,4590,-1.5537272356473082,-1.3408346925584926,0.16390549855678788,0.2681660421981208,2.0384836292960165,6281.444772084011,turtle,cma_es,0,-1.6008497109446198,10
460,4600,-1.4797857079992909,-1.3850434768265316,0.10621581250725848,0.26785837111975275,2.038475167678424,6292.164186815004,turtle,cma_es,0,-1.6008497109446198,10
461,4610,-1.5227289880318757,-1.4071459789226786,0.04972563461538332,0.26754403590450565,2.0384926595065016,6303.918549194001,turtle,cma_es,0,-1.6008497109446198,10
462,4620,-1.5354435364720525,-1.4159099786250984,0.0650411314868936,0.26716397625235944,2.038544372988237,6317.298399092018,turtle,cma_es,0,-1.6008497109446198,10
463,4630,-1.5811734105852233,-1.4343344358506815,0.09365536952180653,0.2668134383269547,2.0385590067246104,6330.4765724200115,turtle,cma_es,0,-1.6008497109446198,10
464,4640,-1.4607825118532638,-1.4004620111849144,0.05777656530879559,0.2664249341023787,2.038560635659878,6339.604471059021,turtle,cma_es,0,-1.6008497109446198,10
465,4650,-1.4354614080423946,-1.3571694819818687,0.07396152602750233,0.2660186302000412,2.0385511768111115,6351.649274969008,turtle,cma_es,0,-1.6008497109446198,10
466,4660,-1.5061423768702111,-1.348142395882815,0.13480255652034576,0.2656919065602101,2.0386314719429524,6365.613095525012,turtle,cma_es,0,-1.6008497109446198,10
467,4670,-1.537384447050906,-1.3628148293639515,0.16195035565868268,0.2651781087676517,2.038764701660821,6377.740041033016,turtle,cma_es,0,-1.6008497109446198,10
468,4680,-1.5232213207893484,-1.419650875556774,0.06942200135949499,0.26466842201973934,2.0389766171710595,6388.579402834002,turtle,cma_es,0,-1.6008497109446198,10
469,4690,-1.5506994425774954,-1.4519204005895399,0.04894856913799695,0.2640726630410163,2.039072562336798,6402.851337363012,turtle,cma_es,0,-1.6008497109446198,10
470,4700,-1.453910670802828,-0.2501400035333363,3.417134297131327,0.2635652377343379,2.039423114479297,6418.756393705,turtle,cma_es,0,-1.6008497109446198,10
471,4710,-1.5500303157070672,-1.436359825825665,0.0752235073588035,0.26312339617441494,2.0393256583222428,6428.149894716014,turtle,cma_es,0,-1.6008497109446198,10
472,4720,-1.490855183757537,-1.4312265041879701,0.04858611176768562,0.2627014204891423,2.039438196579711,6439.631942645996,turtle,cma_es,0,-1.6008497109446198,10
473,4730,-1.5243920362607648,-1.4435140975793241,0.07097780713060296,0.26228483746438486,2.0395667400052453,6450.52852326,turtle,cma_es,0,-1.6008497109446198,10
474,4740,-1.5829392946057297,-1.4214413648355837,0.12232636029893551,0.26181282651694476,2.0397240760893283,6465.272060008021,turtle,cma_es,0,-1.6008497109446198,10
475,4750,-1.5516895202382415,-1.3664964667087258,0.12246957543674353,0.26131007375510795,2.0399541659789935,6480.570610655996,turtle,cma_es,0,-1.6008497109446198,10
476,4760,-1.5826573850605428,-1.4634847191466522,0.08565180403751665,0.26071366201507895,2.0400250789579117,6493.196726074995,turtle,cma_es,0,-1.6008497109446198,10
477,4770,-1.5969263510170997,-1.4107700224601785,0.11423758367984634,0.26018584182091,2.039981223619798,6508.429002332006,turtle,cma_es,0,-1.6008497109446198,10
478,4780,-1.5672732698355576,-1.4281668323659156,0.10216963714378466,0.25941116307011414,2.0399869619070348,6519.466906287998,turtle,cma_es,0,-1.6008497109446198,10
479,4790,-1.5114186418223587,-1.4626979928365171,0.03000633776564946,0.25864484923034353,2.040242687643426,6530.506927313021,turtle,cma_es,0,-1.6008497109446198,10
480,4800,-1.4641177455236596,-1.3373652940529452,0.07773617663968205,0.2577672044236283,2.0404133490926513,6541.620592599997,turtle,cma_es,0,-1.6008497109446198,10
481,4810,-1.5577164150172669,-1.4174353509705078,0.1763847918164386,0.25694655190605303,2.0408672183449177,6556.8384851159935,turtle,cma_es,0,-1.6008497109446198,10
482,4820,-1.5850770762246302,-1.4240172547546066,0.21235188714138575,0.25606792950655327,2.0408407042233243,6570.05278259801,turtle,cma_es,0,-1.6008497109446198,10
483,4830,-1.551322558874853,-1.311418714282081,0.13599914041618547,0.2552426243265916,2.040796324518678,6582.466396303003,turtle,cma_es,0,-1.6008497109446198,10
484,4840,-1.5767309281342028,-1.2898023393233795,0.2122479981000163,0.2545235247481902,2.0408805450503533,6599.223890018999,turtle,cma_es,0,-1.6008497109446198,10
485,4850,-1.5654580579767412,-1.2375819488875408,0.43411182220613653,0.2537114831429237,2.0409575276462912,6612.697473806009,turtle,cma_es,0,-1.6008497109446198,10
486,4860,-1.406844757143502,-1.2011889247035943,0.23604104965749806,0.25292471165795705,2.041177432329894,6630.381302427006,turtle,cma_es,0,-1.6008497109446198,10
487,4870,-1.4721478888842103,-1.211175542965719,0.28921957487249106,0.2521398157885936,2.041524118983233,6643.816395386006,turtle,cma_es,0,-1.6008497109446198,10
488,4880,-1.474719389149195,-0.16608151183867131,3.398768663449453,0.2512352619880091,2.0416493970281064,6658.321559600998,turtle,cma_es,0,-1.6008497109446198,10
489,4890,-1.5435397646977806,-1.350408724594651,0.116969197202666,0.250208238633462,2.0417856294743597,6672.527271166007,turtle,cma_es,0,-1.6008497109446198,10
490,4900,-1.5799845345671546,-1.4531851722038585,0.12056079301322087,0.24930362465865677,2.0420767036863015,6687.474087792012,turtle,cma_es,0,-1.6008497109446198,10
491,4910,-1.4865307022628018,-1.3193205187276682,0.20939389379048529,0.24853659868325964,2.0421662313710716,6702.195620139013,turtle,cma_es,0,-1.6008497109446198,10
492,4920,-1.5784829437106644,-1.373301006423785,0.10945199230210603,0.24772661321467107,2.042363447224643,6719.106781619019,turtle,cma_es,0,-1.6008497109446198,10
493,4930,-1.4387672535937428,-1.3380686508600348,0.07460930714576625,0.24706826180662012,2.042950875117308,6732.7082489489985,turtle,cma_es,0,-1.6008497109446198,10
494,4940,-1.548445758027155,-1.3665256366691338,0.15905656758069828,0.24650565536684277,2.0433548395093846,6752.456063970021,turtle,cma_es,0,-1.6008497109446198,10
495,4950,-1.5335564046730745,-1.233308918605354,0.30759638675676665,0.24592552445372798,2.0433628543591364,6768.751313518995,turtle,cma_es,0,-1.6008497109446198,10
496,4960,-1.5575916363440525,-1.2662177455816233,0.31935278657385857,0.24536387078212174,2.043256574093517,6783.297062578,turtle,cma_es,0,-1.6008497109446198,10
497,4970,-1.4677782187083404,-1.3888485910806079,0.08820687271395461,0.24480453879132566,2.0432992199684077,6796.571504177002,turtle,cma_es,0,-1.6008497109446198,10
498,4980,-1.4375617382208334,-1.2238135931023806,0.4237403120406767,0.24419947387425744,2.0433233512761224,6816.932963186002,turtle,cma_es,0,-1.6008497109446198,10
499,4990,-1.5050574152722582,-1.3589044441809686,0.11894406992526019,0.24358978953387622,2.043509791873343,6834.3608627860085,turtle,cma_es,0,-1.6008497109446198,10
500,5000,-1.468020766490933,-1.4343806644390855,0.025538741850678857,0.24306268548318483,2.0435176614005846,6845.965251072019,turtle,cma_es,0,-1.6008497109446198,10
501,5010,-1.5051790516151868,-1.1522450130187902,0.43121467688712917,0.24262070284896128,2.043698140942817,6859.146253795014,turtle,cma_es,0,-1.6008497109446198,10
502,5020,-1.5342964786177387,-1.1067834537732584,0.46594565892939105,0.24225116729204935,2.0438728098646264,6876.769060937018,turtle,cma_es,0,-1.6008497109446198,10
503,5030,-1.5699213295978867,-1.2978960252539873,0.20785000504851162,0.24186821895582683,2.0439572764353167,6890.8364221770025,turtle,cma_es,0,-1.6008497109446198,10
504,5040,-1.5367874081746375,-1.1850247947849202,0.4799872207169151,0.24164332990589205,2.044051596987788,6906.269895239006,turtle,cma_es,0,-1.6008497109446198,10
505,5050,-1.5213030933123237,-1.2637068812692243,0.3114332217652374,0.24139387903810167,2.044077097619286,6922.5883043860085,turtle,cma_es,0,-1.6008497109446198,10
506,5060,-1.5112171483177637,-1.2998388593177466,0.2039105895775614,0.2410895369807317,2.0441331985321876,6940.675903426018,turtle,cma_es,0,-1.6008497109446198,10
507,5070,-1.4378751659468882,-1.2130981770506335,0.24107994392459478,0.24071002608017808,2.04414759852215,6953.617477666005,turtle,cma_es,0,-1.6008497109446198,10
508,5080,-1.4929902394706893,-1.3206093540572854,0.2608775563011318,0.24040269358748687,2.0441820248142495,6970.350592161994,turtle,cma_es,0,-1.6008497109446198,10
509,5090,-1.5077840068211987,-1.2703506322330822,0.1805495005144571,0.24002543738307705,2.0441924510888794,6988.905931279995,turtle,cma_es,0,-1.6008497109446198,10
510,5100,-1.4657567537234044,-1.323126707832514,0.1558658070042141,0.23976959178233986,2.044188862134055,7006.330059160013,turtle,cma_es,0,-1.6008497109446198,10
511,5110,-1.5028954935535177,-1.3844920616852232,0.09149822051253281,0.23939182732659922,2.0440876648933677,7021.727266196016,turtle,cma_es,0,-1.6008497109446198,10
512,5120,-1.5212970330114857,-1.39296579030012,0.07919968223406047,0.23879631467730003,2.0441526653942264,7041.242318594013,turtle,cma_es,0,-1.6008497109446198,10
513,5130,-1.4236575571635814,-1.2785378408191648,0.18490570964103653,0.23824290455274758,2.0444345395174213,7056.29223721,turtle,cma_es,0,-1.6008497109446198,10
514,5140,-1.5400687106481419,-1.164306135292137,0.29509103748242976,0.23774651635267655,2.0444393121426123,7072.866238240007,turtle,cma_es,0,-1.6008497109446198,10
515,5150,-1.5860700476016518,-1.2809041464983382,0.27153138719885145,0.23719540727450966,2.0448392622189844,7088.419417058001,turtle,cma_es,0,-1.6008497109446198,10
516,5160,-1.5348475748303452,-1.330530718700707,0.17180655206908502,0.23667877006963714,2.044950051060556,7103.341047260998,turtle,cma_es,0,-1.6008497109446198,10
517,5170,-1.555529972702776,-1.2696142322809103,0.25868097711297144,0.23597723837689327,2.044958058750278,7117.167737558018,turtle,cma_es,0,-1.6008497109446198,10
518,5180,-1.4822883682046166,-1.3779668754630738,0.07664386325810756,0.23538478060723214,2.045191662097227,7134.724396756996,turtle,cma_es,0,-1.6008497109446198,10
519,5190,-1.5865588085000866,-1.4540686053656269,0.08027757398106772,0.23500361987290305,2.045105541528953,7149.438794916001,turtle,cma_es,0,-1.6008497109446198,10
520,5200,-1.4710345616432319,-1.2250183865434754,0.2569040630866891,0.23453396136195306,2.045154192004457,7164.69525413902,turtle,cma_es,0,-1.6008497109446198,10
521,5210,-1.533827036557832,-1.3655715152985903,0.14314393358843758,0.2339142384419418,2.0451812367960693,7180.045512147015,turtle,cma_es,0,-1.6008497109446198,10
522,5220,-1.5854167322163883,-1.227181833644383,0.33124757075678046,0.23333242844661667,2.0452197563547614,7197.805165087018,turtle,cma_es,0,-1.6008497109446198,10
523,5230,-1.5709966012764243,-1.1504874777605127,0.5027549810607623,0.23284998165339618,2.0452812452804925,7214.733155054011,turtle,cma_es,0,-1.6008497109446198,10
524,5240,-1.4553981792697925,-1.3691752382867723,0.062313836936318444,0.23238908975716527,2.045334847454764,7226.941068996006,turtle,cma_es,0,-1.6008497109446198,10
525,5250,-1.4603154594127359,-1.3330892893372344,0.1028953186049331,0.2318157865599102,2.0455776235176644,7243.868070262019,turtle,cma_es,0,-1.6008497109446198,10
526,5260,-1.4933840945498362,-1.3318178753598229,0.2484777180518556,0.23124688392208526,2.045630331760692,7259.534298006998,turtle,cma_es,0,-1.6008497109446198,10
527,5270,-1.5147120442634145,-1.3229136269899509,0.17413560779668824,0.2307994025110634,2.04552517495166,7272.348523237015,turtle,cma_es,0,-1.6008497109446198,10
528,5280,-1.503323680776572,-1.3473433693798111,0.12297384356115137,0.2304033244550686,2.045590979416996,7285.93563863801,turtle,cma_es,0,-1.6008497109446198,10
529,5290,-1.5922398896966419,-1.3552598452979487,0.1376535156451926,0.2298362841403753,2.0456993623343833,7302.311570074002,turtle,cma_es,0,-1.6008497109446198,10
530,5300,-1.4889144719871314,-1.3644959664580436,0.1140181607395142,0.22915009248845075,2.045836625409417,7316.716736875009,turtle,cma_es,0,-1.6008497109446198,10
531,5310,-1.526270770729873,-1.3237218395281518,0.25218917563047116,0.2285908720210875,2.0460338528463944,7331.255093008018,turtle,cma_es,0,-1.6008497109446198,10
532,5320,-1.4880409142572528,-1.3307980490846094,0.285208623643103,0.22799546187946976,2.0460697277945186,7347.238048789994,turtle,cma_es,0,-1.6008497109446198,10
533,5330,-1.4882686643263838,-1.369998164710496,0.11041227347039005,0.22766307535875335,2.046074539818472,7363.733060644998,turtle,cma_es,0,-1.6008497109446198,10
534,5340,-1.4527627657891902,-1.2128784740569738,0.2533610541023772,0.22725815583358347,2.0464067066310423,7376.1374044849945,turtle,cma_es,0,-1.6008497109446198,10
535,5350,-1.5470239525951452,-1.3556019603097054,0.14726361834440554,0.22685730981902344,2.046622753508103,7390.658357142005,turtle,cma_es,0,-1.6008497109446198,10
536,5360,-1.46408559683867,-1.332324167412326,0.10465614083396153,0.2265948135834511,2.046826685748201,7405.985015251004,turtle,cma_es,0,-1.6008497109446198,10
537,5370,-1.5780123775455692,-1.3635577621977797,0.21926950213552496,0.22630689474775517,2.0473701949049765,7424.3314030390175,turtle,cma_es,0,-1.6008497109446198,10
538,5380,-1.568367263049896,-1.4511892404910713,0.08557179294115584,0.22610321440579736,2.0476351320711985,7437.721306746011,turtle,cma_es,0,-1.6008497109446198,10
539,5390,-1.5750611220605375,-1.2912337660697843,0.1754166021960758,0.22587869255126633,2.0482295566084696,7452.906445725996,turtle,cma_es,0,-1.6008497109446198,10
540,5400,-1.523097006851284,-1.3781179066721878,0.10970134196533057,0.22551287427721042,2.0485798439735032,7470.634074265021,turtle,cma_es,0,-1.6008497109446198,10
541,5410,-1.5543963493240804,-1.3749076981108335,0.1938176446134114,0.22517301934390746,2.049096469291414,7486.1243314940075,turtle,cma_es,0,-1.6008497109446198,10
542,5420,-1.4655437341636155,-1.3698828162629533,0.09716974491720133,0.2250317259244896,2.049401868818144,7504.138868342008,turtle,cma_es,0,-1.6008497109446198,10
543,5430,-1.4652740129088286,-1.3293112839323915,0.19875720877474068,0.22471599024747893,2.04974686023311,7519.5510573880165,turtle,cma_es,0,-1.6008497109446198,10
544,5440,-1.462100084838621,-1.3850309859194574,0.05376995294377792,0.2244432889167241,2.0499614203006393,7537.079646849015,turtle,cma_es,0,-1.6008497109446198,10
545,5450,-1.4774695832661529,-1.3247545161900534,0.08206556282159788,0.22411127865793432,2.0502051024877566,7552.114668983995,turtle,cma_es,0,-1.6008497109446198,10
546,5460,-1.520562792483732,-1.37703910589555,0.09374819492577861,0.22369221970169112,2.050217709103192,7567.630613893009,turtle,cma_es,0,-1.6008497109446198,10
547,5470,-1.5265859552926315,-1.2221937404176961,0.28830017157925597,0.22330627956044422,2.0503203223799753,7582.9010435210075,turtle,cma_es,0,-1.6008497109446198,10
548,5480,-1.4707311044140639,-1.2364718086538382,0.3632975086270076,0.2228828265534871,2.050218179442624,7599.936445997009,turtle,cma_es,0,-1.6008497109446198,10
549,5490,-1.510556291777137,-1.2834065877639182,0.24081452783800641,0.22248630839436562,2.0503141458345144,7616.236709318997,turtle,cma_es,0,-1.6008497109446198,10
550,5500,-1.489669679519242,-1.40604151876868,0.06429029836080336,0.2221884318948077,2.0504096121380115,7631.043454557017,turtle,cma_es,0,-1.6008497109446198,10
551,5510,-1.4773787033349466,-1.3475146957007027,0.20082058258131444,0.2220358353222133,2.0505985528419663,7650.337602984015,turtle,cma_es,0,-1.6008497109446198,10
552,5520,-1.5377583914617512,-1.386171335290222,0.08701740874137168,0.22195351150851453,2.051266679669043,7671.304286183004,turtle,cma_es,0,-1.6008497109446198,10
553,5530,-1.4684859258411453,-1.3801531432132208,0.0834338003330834,0.22180338759921522,2.0515825592857446,7689.379866495001,turtle,cma_es,0,-1.6008497109446198,10
554,5540,-1.5684061821408433,-1.1398255269626543,0.47442197635984074,0.22161924667761845,2.051985202643606,7708.311636511004,turtle,cma_es,0,-1.6008497109446198,10
555,5550,-1.5505337578835787,-1.386976439248854,0.10592523475784377,0.22149336582945667,2.052312510153101,7727.352262569009,turtle,cma_es,0,-1.6008497109446198,10
556,5560,-1.5436708593663155,-1.4318981748722295,0.07940600513474182,0.2214381412950063,2.0528124612442107,7744.951106898021,turtle,cma_es,0,-1.6008497109446198,10
557,5570,-1.5314849615533452,-1.407586421407617,0.08610211064260899,0.22150768135255247,2.0532428872614754,7761.720434226008,turtle,cma_es,0,-1.6008497109446198,10
558,5580,-1.5634918538385456,-1.2753392366535312,0.32810245028443225,0.2213798271170022,2.053652552124937,7781.137369578006,turtle,cma_es,0,-1.6008497109446198,10
559,5590,-1.447677372659486,-1.2800883680033834,0.0943564107854934,0.22120302409485287,2.0542519919669293,7799.207016089,turtle,cma_es,0,-1.6008497109446198,10
560,5600,-1.4588701164739009,-1.223708046733171,0.3835371618510815,0.22096209751310442,2.054731001651259,7816.887379616994,turtle,cma_es,0,-1.6008497109446198,10
561,5610,-1.4597648466062871,-1.304658503088506,0.1487396931277061,0.22067378408308003,2.05506847905876,7834.963874017005,turtle,cma_es,0,-1.6008497109446198,10
562,5620,-1.448434582340285,-0.8661413701124872,0.5959529004402644,0.22043399775812242,2.0553112084881446,7850.212097217998,turtle,cma_es,0,-1.6008497109446198,10
563,5630,-1.578261281539353,-1.224943104527228,0.3882294920701441,0.22016427067054306,2.055790577056295,7866.276051096007,turtle,cma_es,0,-1.6008497109446198,10
564,5640,-1.4528263741304048,-1.066835109850494,0.45085574000385675,0.21995088440385963,2.0562707478819635,7885.005625509017,turtle,cma_es,0,-1.6008497109446198,10
565,5650,-1.4509590774229446,-1.1891155470276105,0.3219894659034775,0.219748998520464,2.0565756242476585,7900.618547963997,turtle,cma_es,0,-1.6008497109446198,10
566,5660,-1.5091851350905863,-1.3365972123114938,0.2316286166594289,0.21939643749133897,2.0570000330951883,7916.854777967994,turtle,cma_es,0,-1.6008497109446198,10
567,5670,-1.5282198295756473,-1.2831952046382127,0.36009319918912813,0.21918493453036125,2.0576499069433702,7936.388629488007,turtle,cma_es,0,-1.6008497109446198,10
568,5680,-1.4503056164264203,-1.1140849794313923,0.4779000086923019,0.21902068914467798,2.058125562167034,7948.56198623401,turtle,cma_es,0,-1.6008497109446198,10
569,5690,-1.4624355859453626,-1.302428788214982,0.2014178254182188,0.21875447660839234,2.058714923107035,7966.447612606018,turtle,cma_es,0,-1.6008497109446198,10
570,5700,-1.485255773834754,-1.3662147674757286,0.1718188137450323,0.21834747870116702,2.059008629697847,7983.31706434302,turtle,cma_es,0,-1.6008497109446198,10
571,5710,-1.5514065615800883,-1.3886451301379552,0.09624755189532284,0.21805451321782013,2.059255848761744,8003.282064622996,turtle,cma_es,0,-1.6008497109446198,10
572,5720,-1.4520653488701276,-1.098774895898017,0.5000521285327112,0.21772502255788154,2.0597566794813313,8018.39689833601,turtle,cma_es,0,-1.6008497109446198,10
573,5730,-1.5843285764128279,-1.4506375938972487,0.0573351790810956,0.21743805313298165,2.060256494342254,8033.842936088011,turtle,cma_es,0,-1.6008497109446198,10
574,5740,-1.4370556180270508,-1.1830223632177426,0.3844998255963524,0.2171602404943937,2.0607505534675172,8047.823100643,turtle,cma_es,0,-1.6008497109446198,10
575,5750,-1.4538410049304415,-1.1872400531673974,0.3947044223842482,0.2169956479215775,2.061370493973855,8063.279557441012,turtle,cma_es,0,-1.6008497109446198,10
576,5760,-1.5345179871586438,-1.3349578161017366,0.07912338786547639,0.216892446777969,2.0616764249509294,8077.697330024996,turtle,cma_es,0,-1.6008497109446198,10
577,5770,-1.5761037855586189,-1.2641621190881422,0.42248254878274016,0.21676193962941845,2.062224206246189,8096.450046843995,turtle,cma_es,0,-1.6008497109446198,10
578,5780,-1.448969565866542,-0.9709855109277352,0.6577679715286214,0.21661330015568026,2.062499526843724,8113.073683994997,turtle,cma_es,0,-1.6008497109446198,10
579,5790,-1.5593752819545799,-1.3162206415984348,0.16333351382823622,0.21646688420329915,2.063203919679812,8126.491563290008,turtle,cma_es,0,-1.6008497109446198,10
580,5800,-1.5288487283906749,-1.2720154028473634,0.4146581909418281,0.21642273657886527,2.0640984680108745,8140.2650466299965,turtle,cma_es,0,-1.6008497109446198,10
581,5810,-1.5669660935349548,-1.2958876173471197,0.43831564507234594,0.21625099168771944,2.0648424897525266,8153.73947967001,turtle,cma_es,0,-1.6008497109446198,10
582,5820,-1.5820829256090185,-1.3275226118479537,0.3659680235772944,0.21611867497907186,2.065650520556268,8169.951610504999,turtle,cma_es,0,-1.6008497109446198,10
583,5830,-1.5254180965139774,-1.205863770637599,0.3749251250495811,0.2158926638283327,2.0663779048844133,8188.593156699993,turtle,cma_es,0,-1.6008497109446198,10
584,5840,-1.4924745196674074,-1.2707014901909672,0.3663809203702803,0.21573209280728986,2.067137714844257,8201.287875006994,turtle,cma_es,0,-1.6008497109446198,10
585,5850,-1.4997711100997186,-1.245791489833257,0.3805364012994946,0.21555473066272296,2.0679395466091965,8215.351657087012,turtle,cma_es,0,-1.6008497109446198,10
586,5860,-1.5718446642698813,-1.2696951159507082,0.41090807121962697,0.2154346019966953,2.068713141987034,8229.113738192013,turtle,cma_es,0,-1.6008497109446198,10
587,5870,-1.5334047005908849,-1.1909476837053028,0.5195228515758802,0.21532521489954717,2.0692294160762383,8243.769191316009,turtle,cma_es,0,-1.6008497109446198,10
588,5880,-1.4915769209029834,-1.2841582054261218,0.39976763127196163,0.2151796209367041,2.069646474087776,8259.737821043003,turtle,cma_es,0,-1.6008497109446198,10
589,5890,-1.5758276292545492,-1.1665463024586473,0.5398153910339089,0.21494454635574395,2.0702862676858453,8272.56042866601,turtle,cma_es,0,-1.6008497109446198,10
590,5900,-1.500722990552588,-1.3466696762601955,0.15954304199062253,0.21470109081297842,2.070682731441977,8284.828751237015,turtle,cma_es,0,-1.6008497109446198,10
591,5910,-1.5254752596934242,-1.2265149085931444,0.3663977362365702,0.21431894135257676,2.071025679220951,8299.072203885997,turtle,cma_es,0,-1.6008497109446198,10
592,5920,-1.5362610919758177,-1.3847740309447663,0.2486539700503028,0.21392398087608125,2.071439655432974,8313.515233818995,turtle,cma_es,0,-1.6008497109446198,10
593,5930,-1.4962864567492584,-1.2623713547415911,0.37870552712489897,0.21345037796201022,2.071953643913096,8326.091770493018,turtle,cma_es,0,-1.6008497109446198,10
594,5940,-1.5428706923298083,-1.2964108304182431,0.38225041924411196,0.21297974048030058,2.0723864005673374,8338.24411338102,turtle,cma_es,0,-1.6008497109446198,10
595,5950,-1.5589839013061058,-1.3320044053181466,0.4329231194026211,0.21249745642610338,2.0729138198262604,8351.306769207004,turtle,cma_es,0,-1.6008497109446198,10
596,5960,-1.5639427489680289,-1.125099469633581,0.5623120669189524,0.21212843878043533,2.0734983415401658,8366.465926770994,turtle,cma_es,0,-1.6008497109446198,10
597,5970,-1.5017000171559332,-1.4271067964366746,0.05494623691401922,0.21165050323513693,2.074043878912759,8382.302228759014,turtle,cma_es,0,-1.6008497109446198,10
598,5980,-1.5649357924911262,-1.2598809968995803,0.3975489055946288,0.2111000265941633,2.0744448137869136,8393.823077063018,turtle,cma_es,0,-1.6008497109446198,10
599,5990,-1.5225225523389456,-1.4175788673327532,0.07092166507193777,0.21045637536329134,2.074662271130007,8409.542808493017,turtle,cma_es,0,-1.6008497109446198,10
600,6000,-1.560303240550538,-1.2804309779348049,0.41709182627985014,0.20977858115787457,2.074997062759064,8424.417188502004,turtle,cma_es,0,-1.6008497109446198,10
601,6010,-1.5778578407994015,-1.3205669696676325,0.45225431451171794,0.20913636319742088,2.0751789855387766,8437.068596057012,turtle,cma_es,0,-1.6008497109446198,10
602,6020,-1.5382294111685955,-1.196566332224412,0.46373380308999446,0.208521421399276,2.0754918506475475,8450.740791238,turtle,cma_es,0,-1.6008497109446198,10
603,6030,-1.5770467461336262,-1.3563914974873974,0.39976955526088653,0.20803665764755622,2.0756673802224417,8468.155517584004,turtle,cma_es,0,-1.6008497109446198,10
604,6040,-1.5893657460822963,-1.2364744410418063,0.571799346518053,0.2077255547664346,2.07579065265553,8483.003267708002,turtle,cma_es,0,-1.6008497109446198,10
605,6050,-1.5837968411148875,-1.4675547216519256,0.08534632539538745,0.20741307557002323,2.0761116855127484,8495.127266143012,turtle,cma_es,0,-1.6008497109446198,10
606,6060,-1.5284447356716404,-1.3057252385528835,0.4069150255919344,0.2070557221747455,2.0764695900981907,8505.630957200017,turtle,cma_es,0,-1.6008497109446198,10
607,6070,-1.5299670691069949,-1.4163510414578926,0.09077687503419664,0.20681760939241534,2.0767340147669,8519.88781989101,turtle,cma_es,0,-1.6008497109446198,10
608,6080,-1.5807722117082088,-1.2669058443507542,0.42680669530347903,0.2064998280824763,2.076897285350534,8533.66149896101,turtle,cma_es,0,-1.6008497109446198,10
609,6090,-1.4686699455676706,-1.3087810792077064,0.2161804967709939,0.20624120763821435,2.077122239951762,8549.444062679016,turtle,cma_es,0,-1.6008497109446198,10
610,6100,-1.5530268581399325,-1.3157954038985173,0.4408012901030576,0.2060424997873242,2.0776131370902173,8565.135698989994,turtle,cma_es,0,-1.6008497109446198,10
611,6110,-1.4968599554683966,-1.2812384170641027,0.4069229287560697,0.20582288250529407,2.0778669935301144,8579.742434008018,turtle,cma_es,0,-1.6008497109446198,10
612,6120,-1.5059725010806364,-0.8897566974199478,0.6598980902632864,0.20551642960066813,2.078091925449236,8595.91313383801,turtle,cma_es,0,-1.6008497109446198,10
613,6130,-1.5034934829824254,-1.1791806439783272,0.48990291193900487,0.20522481026132303,2.078348042766468,8607.698541015998,turtle,cma_es,0,-1.6008497109446198,10
614,6140,-1.5021392144843437,-1.0202047027650896,0.6103153095653124,0.20494000845433236,2.0786606846593063,8621.144015458995,turtle,cma_es,0,-1.6008497109446198,10
615,6150,-1.499430832132294,-1.2163749576197964,0.4053291253654621,0.20466457821249465,2.0788572619350196,8632.305661081016,turtle,cma_es,0,-1.6008497109446198,10
616,6160,-1.461570382277709,-1.1900725989593335,0.4127705563554809,0.2044734695096086,2.0796615592352845,8644.022860461002,turtle,cma_es,0,-1.6008497109446198,10
617,6170,-1.48495006585033,-0.7962469299779805,0.6472935434829147,0.2042916561616362,2.080155502705067,8660.348954645015,turtle,cma_es,0,-1.6008497109446198,10
618,6180,-1.4870258306993591,-0.9955663405135983,0.6004287574584657,0.20415452972808582,2.0805064649350404,8673.058411207021,turtle,cma_es,0,-1.6008497109446198,10
619,6190,-1.4496380379578415,-0.503522561756063,0.5980025122263907,0.20411632112058395,2.080658379333562,8686.935049966007,turtle,cma_es,0,-1.6008497109446198,10
620,6200,-1.3683619112314682,-0.5430920687696605,0.6193839473241857,0.20412124510586876,2.081097419386854,8701.534509496996,turtle,cma_es,0,-1.6008497109446198,10
621,6210,-1.4564516974525983,-0.9861047981899624,0.5654018060356729,0.20413457756533734,2.0814365780534536,8718.03595887302,turtle,cma_es,0,-1.6008497109446198,10
622,6220,-1.482558420342583,-1.170924126942563,0.4886279332845993,0.2042319892483145,2.0819435416524645,8732.329368883016,turtle,cma_es,0,-1.6008497109446198,10
623,6230,-1.4591635391910627,-1.103542476112364,0.4708602938773937,0.20438756707190545,2.082355250031249,8745.17868438302,turtle,cma_es,0,-1.6008497109446198,10
624,6240,-1.4307773673588517,-1.1862026714560803,0.2765220834586612,0.20459919838252724,2.08266975047667,8759.505920849013,turtle,cma_es,0,-1.6008497109446198,10
625,6250,-1.496547639762758,-1.3344844198106809,0.24963824168000123,0.20495491156085435,2.0830652559344323,8773.396187167004,turtle,cma_es,0,-1.6008497109446198,10
626,6260,-1.4504288196729105,-1.1111812125733713,0.550614434326744,0.2052571912885036,2.0832338195887035,8787.899680657021,turtle,cma_es,0,-1.6008497109446198,10
627,6270,-1.5056977304625088,-0.920461750237541,0.5995987823421665,0.20556165321925876,2.083214230456753,8803.71172015401,turtle,cma_es,0,-1.6008497109446198,10
628,6280,-1.4842345084204709,-0.9801808625740838,0.5393074809814651,0.20587066645854282,2.083405582952909,8817.441396228009,turtle,cma_es,0,-1.6008497109446198,10
629,6290,-1.3447422625945329,-0.6876893984086733,0.622422750221961,0.2061101559505194,2.083494441392942,8832.552746596019,turtle,cma_es,0,-1.6008497109446198,10
630,6300,-1.4852781210230441,-0.7509850837831393,0.6397503550416711,0.20643763242272273,2.083623451037442,8847.443458135996,turtle,cma_es,0,-1.6008497109446198,10
631,6310,-1.430672958832571,-0.9224331033191842,0.44428754405473525,0.2066541964838568,2.083920684467954,8865.440008078003,turtle,cma_es,0,-1.6008497109446198,10
632,6320,-1.5178304342473465,-1.153390871121865,0.43671663250101306,0.20679877581443862,2.084162309555419,8878.144352510019,turtle,cma_es,0,-1.6008497109446198,10
633,6330,-1.4527317648851135,-1.0206378999086094,0.44496269680654305,0.206893805698682,2.0843697582987546,8892.056782080006,turtle,cma_es,0,-1.6008497109446198,10
634,6340,-1.4487529871051459,-1.2023289633203833,0.4116384682632385,0.20697412460607134,2.0846567539840586,8905.616684355016,turtle,cma_es,0,-1.6008497109446198,10
635,6350,-1.4595943916181229,-1.011333091110719,0.5107053377266004,0.20724555778887854,2.0854907278682813,8918.297874812997,turtle,cma_es,0,-1.6008497109446198,10
636,6360,-1.4799812346906878,-1.316413784950401,0.1469914024446816,0.20746847653894154,2.086145663412285,8935.738449957018,turtle,cma_es,0,-1.6008497109446198,10
637,6370,-1.4556258062520246,-1.2823923568745177,0.2296328476647776,0.20765462925567665,2.086611908764989,8947.269213724008,turtle,cma_es,0,-1.6008497109446198,10
638,6380,-1.4629507347471158,-0.9710799417650225,0.5427847970864271,0.2077629729008222,2.087258864088969,8960.937029668014,turtle,cma_es,0,-1.6008497109446198,10
639,6390,-1.4726931746978114,-1.2652510241008847,0.34462887931505315,0.20774171345234888,2.0875649939061844,8978.490935386013,turtle,cma_es,0,-1.6008497109446198,10
640,6400,-1.4920725384621676,-1.3659585950165813,0.19578395731136106,0.20776160985242728,2.0879027070405365,8992.631964953995,turtle,cma_es,0,-1.6008497109446198,10
641,6410,-1.4942645918975437,-1.4020768671631572,0.09233039418679481,0.20773928244799952,2.088315734835019,9005.567587816011,turtle,cma_es,0,-1.6008497109446198,10
642,6420,-1.5031558008634365,-1.2906323601503182,0.4087448043483599,0.2077806533677588,2.08859132480219,9021.280272947013,turtle,cma_es,0,-1.6008497109446198,10
643,6430,-1.4652791438983268,-1.3127066368286973,0.37180755743565264,0.2078232555596984,2.0888268146138134,9034.75094858202,turtle,cma_es,0,-1.6008497109446198,10
644,6440,-1.4501071582020595,-1.137971337989777,0.31840960176754496,0.207806618584246,2.0890165876260625,9046.992067878018,turtle,cma_es,0,-1.6008497109446198,10
645,6450,-1.4817382530682988,-1.3774204257869234,0.18138288677848,0.2078246059923449,2.089530687348225,9062.629063917004,turtle,cma_es,0,-1.6008497109446198,10
646,6460,-1.493262897324401,-1.4397210554185458,0.03441690087366398,0.20783198768829209,2.0900252984207826,9075.00223688301,turtle,cma_es,0,-1.6008497109446198,10
647,6470,-1.4985558894748134,-1.3932922957893719,0.0876957100482391,0.20783496984002006,2.090578198796684,9088.97590965801,turtle,cma_es,0,-1.6008497109446198,10
648,6480,-1.5072272165672027,-1.3662865021859012,0.15691366010263819,0.20789793044347218,2.0911722147260337,9102.975982545002,turtle,cma_es,0,-1.6008497109446198,10
649,6490,-1.501401258294809,-1.2458838370734397,0.25071509157985244,0.20790413751119707,2.091770208262489,9118.393778077996,turtle,cma_es,0,-1.6008497109446198,10
650,6500,-1.5548995958146472,-1.3412286928826689,0.1799136513318266,0.20785051661997994,2.092248108100143,9132.701656291,turtle,cma_es,0,-1.6008497109446198,10
651,6510,-1.4603425722653132,-0.967533107315019,0.45497134234433445,0.20777934681987545,2.09290910163286,9149.683619382995,turtle,cma_es,0,-1.6008497109446198,10
652,6520,-1.4559286594655818,-1.3718130531204031,0.06437021483093283,0.20774851933645577,2.0938014859089273,9163.192037294997,turtle,cma_es,0,-1.6008497109446198,10
653,6530,-1.4423967669612265,-1.2964971340384441,0.1626608924298876,0.2075580624269458,2.0943857388719955,9178.205673073011,turtle,cma_es,0,-1.6008497109446198,10
654,6540,-1.4506691874726165,-1.337571916576526,0.19042385196557118,0.2073543136482506,2.0950444208598755,9192.872507755994,turtle,cma_es,0,-1.6008497109446198,10
655,6550,-1.48066691348712,-1.3392836175336762,0.2277988098677872,0.2071328191091623,2.0956038313715757,9204.258645407011,turtle,cma_es,0,-1.6008497109446198,10
656,6560,-1.4947223192620651,-1.4007511944833742,0.06913753213086057,0.20693314736753962,2.0960495987506094,9218.592020712997,turtle,cma_es,0,-1.6008497109446198,10
657,6570,-1.4630906952439364,-1.369821196004585,0.11607248071576838,0.206732535799577,2.096742155168357,9231.315486025997,turtle,cma_es,0,-1.6008497109446198,10
658,6580,-1.5043572103694256,-1.4182285277240438,0.08248573514198294,0.20667598519141095,2.0979790833753307,9244.860686528002,turtle,cma_es,0,-1.6008497109446198,10
659,6590,-1.5232114355781983,-1.2120982435726535,0.33025364156278353,0.2066641987382005,2.0988358551990176,9258.832177205011,turtle,cma_es,0,-1.6008497109446198,10
660,6600,-1.5536907840070926,-1.2137137538161729,0.3393895047066814,0.20662932859738564,2.099958949772683,9272.971198475017,turtle,cma_es,0,-1.6008497109446198,10
661,6610,-1.5707890974884862,-1.3494000303897142,0.25778626893119966,0.20664610589848453,2.100771416906913,9287.104336303018,turtle,cma_es,0,-1.6008497109446198,10
662,6620,-1.5578286720034704,-1.32916851149001,0.2008235748991676,0.20662903456389678,2.1014675462086254,9301.370349826,turtle,cma_es,0,-1.6008497109446198,10
663,6630,-1.5388383675214827,-1.3938172129368205,0.08437982973103693,0.2065650607412433,2.1025026378585845,9316.321446170012,turtle,cma_es,0,-1.6008497109446198,10
664,6640,-1.4853865101065962,-1.382663137971832,0.0724756272779151,0.20647457272110262,2.1033492399310743,9331.224587278994,turtle,cma_es,0,-1.6008497109446198,10
665,6650,-1.5410034671116914,-1.407230836217356,0.10110881706591761,0.20630247725084275,2.1040148790121362,9343.605715718004,turtle,cma_es,0,-1.6008497109446198,10
666,6660,-1.5742574576135908,-1.4356110823298116,0.08464327913588258,0.2061206847354001,2.1046791483254728,9358.058128483011,turtle,cma_es,0,-1.6008497109446198,10
667,6670,-1.5566993430568905,-1.4184616494813054,0.09695834661980333,0.20594898340576936,2.1052914567046153,9372.827567147004,turtle,cma_es,0,-1.6008497109446198,10
668,6680,-1.5543911150829208,-1.4184461079284347,0.0732532356370325,0.20576228345709177,2.105858543056339,9384.595555606997,turtle,cma_es,0,-1.6008497109446198,10
669,6690,-1.499956061122762,-1.2935514524932274,0.35947747959298276,0.20562226127857863,2.106342455084557,9398.088814388,turtle,cma_es,0,-1.6008497109446198,10
670,6700,-1.55183114736968,-1.42010596678644,0.07070536065805269,0.20553955085102327,2.107054922921698,9412.284394871996,turtle,cma_es,0,-1.6008497109446198,10
671,6710,-1.4869871225005822,-1.3756177788000983,0.09967696060844837,0.2054823001495065,2.1076485195636203,9425.882087776,turtle,cma_es,0,-1.6008497109446198,10
672,6720,-1.5612122330831593,-1.3225132353280875,0.23291920888045597,0.20546322152960877,2.108017318125876,9441.633245937002,turtle,cma_es,0,-1.6008497109446198,10
673,6730,-1.595991685052872,-1.3316679782782606,0.21753257635546486,0.20538093859405637,2.108729053062325,9454.548703351,turtle,cma_es,0,-1.6008497109446198,10
674,6740,-1.4997546949425873,-1.3561233876679093,0.08302887986799591,0.20531775691567836,2.109594308113052,9470.552729602,turtle,cma_es,0,-1.6008497109446198,10
675,6750,-1.5091345697087997,-1.3253426939027786,0.27461548254194507,0.2052854507160153,2.1103789121565852,9486.007396390021,turtle,cma_es,0,-1.6008497109446198,10
676,6760,-1.5809829660442283,-1.4219253795800493,0.08483344829084066,0.20514657371478232,2.1111960179939326,9504.01985767702,turtle,cma_es,0,-1.6008497109446198,10
677,6770,-1.522841238013183,-1.4218786837377206,0.06576091063151433,0.20502815037459812,2.112573608906557,9519.925429096998,turtle,cma_es,0,-1.6008497109446198,10
678,6780,-1.5859810282409539,-1.4226230670329585,0.07008296943447753,0.2049133452817668,2.1135991891881987,9534.501886236016,turtle,cma_es,0,-1.6008497109446198,10
679,6790,-1.4808284144337067,-1.3907951784363743,0.12330544876264805,0.20482289494658043,2.1146051833655295,9547.42494692502,turtle,cma_es,0,-1.6008497109446198,10
680,6800,-1.4853227938060423,-1.4189209681742647,0.05271270404719671,0.2047786133067492,2.1162388931823406,9559.894942211016,turtle,cma_es,0,-1.6008497109446198,10
681,6810,-1.4881113256271874,-1.3372754280115124,0.19432337077872014,0.20459736512921323,2.117507087598083,9574.365985167009,turtle,cma_es,0,-1.6008497109446198,10
682,6820,-1.478658304565231,-1.4252285355284542,0.04767455053314811,0.20444587534757214,2.1187476229452478,9589.203590117017,turtle,cma_es,0,-1.6008497109446198,10
683,6830,-1.4994400686507356,-1.4196492661868938,0.08174450807328758,0.20429134838246063,2.1199575109587565,9602.005922551994,turtle,cma_es,0,-1.6008497109446198,10
684,6840,-1.5691328906589632,-1.3006636834743017,0.3726649281008109,0.20416781178253898,2.121405000553063,9620.773469019012,turtle,cma_es,0,-1.6008497109446198,10
685,6850,-1.4627981562061185,-1.258177935210834,0.22169813294521062,0.20400570979316943,2.1228820907616517,9635.497709795018,turtle,cma_es,0,-1.6008497109446198,10
686,6860,-1.510507284693892,-1.4066809907059796,0.060974573744530185,0.20379172533925036,2.1241540710614575,9653.390944617015,turtle,cma_es,0,-1.6008497109446198,10
687,6870,-1.5302100256756415,-1.3815087227909657,0.17527483977069852,0.2036013420372643,2.125912138400267,9669.180650174007,turtle,cma_es,0,-1.6008497109446198,10
688,6880,-1.5216222195781262,-1.4207893247946881,0.06881095313372086,0.20344352069054303,2.1274844640685098,9682.711448232003,turtle,cma_es,0,-1.6008497109446198,10
689,6890,-1.484372138415699,-1.4252826774038032,0.054086164932955746,0.20340778588179975,2.1288336251526903,9700.342764110013,turtle,cma_es,0,-1.6008497109446198,10
690,6900,-1.5000151397719552,-1.3131644080686369,0.27936710188442,0.20352209374716493,2.1301958341765257,9717.693846736016,turtle,cma_es,0,-1.6008497109446198,10
691,6910,-1.4803115121262147,-1.3301644430931427,0.30828594429459555,0.20378071107344808,2.131327739527564,9734.529813000001,turtle,cma_es,0,-1.6008497109446198,10
692,6920,-1.442767018170458,-1.3384042661498021,0.1361941278058053,0.20409395003711994,2.1325965176081096,9748.112816046021,turtle,cma_es,0,-1.6008497109446198,10
693,6930,-1.4750087763059225,-1.2855758484495712,0.19588834410584297,0.20428209554607793,2.1339809515991752,9762.879944482993,turtle,cma_es,0,-1.6008497109446198,10
694,6940,-1.4815294975302704,-1.2748181045391966,0.3163480232606009,0.20439135730876662,2.1354125726404303,9775.358984455,turtle,cma_es,0,-1.6008497109446198,10
695,6950,-1.486013428365701,-1.355167919002716,0.16170124682703207,0.20444445859358024,2.13705100571859,9787.825133734004,turtle,cma_es,0,-1.6008497109446198,10
696,6960,-1.4603574203740664,-1.3920099881010293,0.056006659508157315,0.2044198615368011,2.139302493728633,9803.753970288002,turtle,cma_es,0,-1.6008497109446198,10
697,6970,-1.490816894523002,-1.3134800975781253,0.14426812157934088,0.20445660985967926,2.1412980080836346,9821.043816526013,turtle,cma_es,0,-1.6008497109446198,10
698,6980,-1.5106237050525388,-1.3314736866312362,0.13104101493379852,0.20445702617422035,2.1432509092060985,9836.103388563002,turtle,cma_es,0,-1.6008497109446198,10
699,6990,-1.4610355920651479,-1.374839214757048,0.07284778644641214,0.20453052062598134,2.144856334610917,9850.162868632993,turtle,cma_es,0,-1.6008497109446198,10
700,7000,-1.4599923650948847,-1.1454519946040629,0.35791672298675925,0.20459387503471813,2.146151693586544,9865.57615162601,turtle,cma_es,0,-1.6008497109446198,10
701,7010,-1.4546328400515645,-1.0520517414933583,0.3470626921355174,0.20476484407334464,2.14740340445315,9878.815944319998,turtle,cma_es,0,-1.6008497109446198,10
702,7020,-1.4758180105498715,-1.1918466247426458,0.3286199469818237,0.20491180047598842,2.14857636835271,9892.565260889009,turtle,cma_es,0,-1.6008497109446198,10
703,7030,-1.4355924070000965,-1.1559942537911168,0.3167129876286575,0.20511967064630393,2.1499421440936612,9904.174586028996,turtle,cma_es,0,-1.6008497109446198,10
704,7040,-1.4432701398944383,-1.233853206694842,0.2657544314434537,0.2053716197848151,2.151318149751486,9919.97287113202,turtle,cma_es,0,-1.6008497109446198,10
705,7050,-1.471323333887864,-1.3082925290003893,0.18960831660353888,0.2054690586160709,2.152319864025818,9931.881165405008,turtle,cma_es,0,-1.6008497109446198,10
706,7060,-1.42870737965087,-1.1706000299523318,0.31572189102071435,0.20544241079549247,2.153230251714413,9946.730253514019,turtle,cma_es,0,-1.6008497109446198,10
707,7070,-1.4414727936517941,-1.2621392078988427,0.28255101176374636,0.20534411546312417,2.153965675879502,9959.906422775995,turtle,cma_es,0,-1.6008497109446198,10
708,7080,-1.3955166277474502,-0.9774865797979562,0.3801612346204531,0.20547373309158617,2.1547165234932586,9975.368343267008,turtle,cma_es,0,-1.6008497109446198,10
709,7090,-1.4017618601607804,-1.1758927992780994,0.17779218576292927,0.20570738107259817,2.1564703109026553,9991.011858757003,turtle,cma_es,0,-1.6008497109446198,10
710,7100,-1.4281461725838103,-1.2677780249328134,0.1827018431185133,0.2059608323592144,2.157630611763829,10004.023042543995,turtle,cma_es,0,-1.6008497109446198,10
711,7110,-1.4465211450231443,-1.2154948234996419,0.23055373756533543,0.20618690788472782,2.1587628298636883,10019.11015950801,turtle,cma_es,0,-1.6008497109446198,10
712,7120,-1.3637061998663116,-1.0483973749826863,0.2620146155210935,0.2064905865827337,2.1601201103505545,10034.142436810012,turtle,cma_es,0,-1.6008497109446198,10
713,7130,-1.4085256732723712,-0.9749733673159013,0.2507125984290915,0.20693243452416457,2.1616729138851998,10050.975926182,turtle,cma_es,0,-1.6008497109446198,10
714,7140,-1.3892457961649383,-1.0777805898569315,0.36035230692884196,0.20728516415355394,2.163385013251884,10063.173067347001,turtle,cma_es,0,-1.6008497109446198,10
715,7150,-1.3971878339942547,-1.0281777135736663,0.30193327398211794,0.20769816240324251,2.1649993058945824,10079.040899279993,turtle,cma_es,0,-1.6008497109446198,10
716,7160,-1.4360930908055218,-0.9767482194395416,0.37635927724456064,0.20813644252572353,2.167030938983131,10091.76809288701,turtle,cma_es,0,-1.6008497109446198,10
717,7170,-1.4121015250565367,-1.0242214649001924,0.3209093885071421,0.20842267798297714,2.168180277451341,10106.751280925993,turtle,cma_es,0,-1.6008497109446198,10
718,7180,-1.4181256497740176,-1.0481695276820011,0.23152490731281497,0.20867688440754356,2.1701217039243508,10120.05913268702,turtle,cma_es,0,-1.6008497109446198,10
719,7190,-1.4274433538342155,-1.164953660475676,0.26626559820006007,0.20887783234548857,2.1717168602943593,10134.14576789402,turtle,cma_es,0,-1.6008497109446198,10
720,7200,-1.4392751469384937,-1.0092805359849253,0.3167622603738614,0.20910665315447183,2.1734763395084404,10145.876584159007,turtle,cma_es,0,-1.6008497109446198,10
721,7210,-1.442096042063798,-1.1147357507573452,0.32200563693681855,0.20916249804435838,2.175305613381738,10158.196908161015,turtle,cma_es,0,-1.6008497109446198,10
722,7220,-1.4235844851582025,-1.2688652872202457,0.24181042195071895,0.20928556988429187,2.176853458365356,10171.031534415,turtle,cma_es,0,-1.6008497109446198,10
723,7230,-1.4608453732402822,-1.340484268552996,0.1266033978039543,0.20945576452550055,2.1782000588609254,10187.583494560007,turtle,cma_es,0,-1.6008497109446198,10
724,7240,-1.4310655679863649,-1.3270781374629992,0.13335483575868837,0.20963551378795978,2.179687852056157,10201.441780031018,turtle,cma_es,0,-1.6008497109446198,10
725,7250,-1.4270722998343333,-1.0786270616318827,0.36021697100495276,0.20958871165718426,2.181121486535949,10210.673811055021,turtle,cma_es,0,-1.6008497109446198,10
726,7260,-1.4081728547138033,-1.2140866952575666,0.30200194013179393,0.20959215162500125,2.182233782942591,10227.383557410998,turtle,cma_es,0,-1.6008497109446198,10
727,7270,-1.4261087092113653,-0.9549979077218029,0.4394469807313809,0.20947328765463963,2.183390687806967,10240.526909095002,turtle,cma_es,0,-1.6008497109446198,10
728,7280,-1.4231738424459914,-1.0641894157404415,0.4614268756290728,0.20927973440226064,2.1845990116083933,10258.333187648008,turtle,cma_es,0,-1.6008497109446198,10
729,7290,-1.4568330970880545,-1.2613809528229407,0.2903094957427245,0.20904520214599062,2.1855999179544097,10272.216713964008,turtle,cma_es,0,-1.6008497109446198,10
730,7300,-1.4357420738035476,-1.168553244945072,0.31208326494442096,0.20896866035601766,2.186945353896577,10282.58056064602,turtle,cma_es,0,-1.6008497109446198,10
731,7310,-1.4343423196303835,-1.0923349486694491,0.40380240906124665,0.20882578251196343,2.188120630455899,10297.077943223994,turtle,cma_es,0,-1.6008497109446198,10
732,7320,-1.4205059571020113,-1.256543216349168,0.2570003221512886,0.20868795838307616,2.1894522329233497,10312.536868069,turtle,cma_es,0,-1.6008497109446198,10
733,7330,-1.4065995339105584,-1.1674348525645304,0.3314205551940476,0.20852821784292386,2.1906662565717836,10326.744945328013,turtle,cma_es,0,-1.6008497109446198,10
734,7340,-1.4240287323254268,-1.1633916951829397,0.23947302930022965,0.2083506822464791,2.192091438142902,10346.978599080001,turtle,cma_es,0,-1.6008497109446198,10
735,7350,-1.4747534559806663,-1.3342775407063479,0.1449712200918759,0.20818862759344203,2.193382047971266,10366.470920649997,turtle,cma_es,0,-1.6008497109446198,10
736,7360,-1.458743277671024,-1.1870687118578103,0.3598884688491311,0.20807951109008854,2.194370888776024,10380.871103334997,turtle,cma_es,0,-1.6008497109446198,10
737,7370,-1.435322043474553,-1.2279414717301402,0.17699278389177442,0.20797667719690405,2.195545352978076,10396.577709300997,turtle,cma_es,0,-1.6008497109446198,10
738,7380,-1.4686139312390694,-1.3911353515081157,0.06303997988279969,0.20784248814699433,2.196572876858513,10412.869586585002,turtle,cma_es,0,-1.6008497109446198,10
739,7390,-1.442762816531311,-1.1598511959513877,0.2688240591170876,0.20771299472206572,2.198239342163026,10428.14421480702,turtle,cma_es,0,-1.6008497109446198,10
740,7400,-1.472028050312864,-1.252479393560502,0.25122672565606313,0.2075641937276489,2.1995326867867773,10446.993616705004,turtle,cma_es,0,-1.6008497109446198,10
741,7410,-1.4610391166360737,-1.155552069825848,0.36660538984726326,0.20746900518219094,2.200866635447526,10463.582031033002,turtle,cma_es,0,-1.6008497109446198,10
742,7420,-1.399713599503559,-0.9698446456886234,0.40082014193692794,0.20738617309372728,2.2021939835125677,10481.237211436004,turtle,cma_es,0,-1.6008497109446198,10
743,7430,-1.471221688631302,-1.2594824846223855,0.23533333074761495,0.20735241554180767,2.203511020699681,10498.548154502001,turtle,cma_es,0,-1.6008497109446198,10
744,7440,-1.455931577752728,-1.1200546640681446,0.2601885709467969,0.2072614854291243,2.204682137223987,10512.456796362996,turtle,cma_es,0,-1.6008497109446198,10
745,7450,-1.4339547345811452,-1.0403577919139668,0.3437507155679192,0.2071254229434113,2.2057348511221293,10530.344015053997,turtle,cma_es,0,-1.6008497109446198,10
746,7460,-1.4020647135421829,-1.2998718015426358,0.10982227612422725,0.2070092955638664,2.2066487645724835,10546.63936928002,turtle,cma_es,0,-1.6008497109446198,10
747,7470,-1.4261164549831538,-1.0427319928653163,0.361283444794589,0.20692493347728405,2.2075932551793698,10562.914733323996,turtle,cma_es,0,-1.6008497109446198,10
748,7480,-1.4331958778376155,-1.2721676304119078,0.2164089957720058,0.2068495146583224,2.208755838390209,10577.027080939006,turtle,cma_es,0,-1.6008497109446198,10
749,7490,-1.5090188183178501,-1.08704733345868,0.45025296675734144,0.20684913069088878,2.2100382101128293,10595.884726396995,turtle,cma_es,0,-1.6008497109446198,10
750,7500,-1.528441426314715,-1.1998942947074827,0.3284786685898978,0.20688347633285561,2.2107949813404435,10614.677187808993,turtle,cma_es,0,-1.6008497109446198,10
751,7510,-1.4015902714093,-1.0694535008416441,0.4015858329779547,0.20688294221791292,2.211399188157348,10628.885488139,turtle,cma_es,0,-1.6008497109446198,10
752,7520,-1.4446661012680488,-1.0877493653946613,0.48009186470469384,0.20692778042584387,2.213363881835555,10644.347954308003,turtle,cma_es,0,-1.6008497109446198,10
753,7530,-1.4678294813765875,-1.326185125401115,0.14196185304124626,0.20687053379771447,2.214500838649501,10661.295216496015,turtle,cma_es,0,-1.6008497109446198,10
754,7540,-1.4879752292896509,-1.1436018216571813,0.44579143006838917,0.20676952486297387,2.2154880390740677,10678.183484431007,turtle,cma_es,0,-1.6008497109446198,10
755,7550,-1.4449318941216784,-1.2976765715920202,0.11857090102898318,0.20676447621934887,2.2166616555793714,10690.707662923,turtle,cma_es,0,-1.6008497109446198,10
756,7560,-1.449522482366083,-1.145800361997841,0.39634774358762137,0.20673079327777252,2.2176737176716395,10707.094395560998,turtle,cma_es,0,-1.6008497109446198,10
757,7570,-1.5078101374702397,-1.3176110513584,0.22548608246521115,0.2067882694802213,2.2187523861517913,10721.01927817901,turtle,cma_es,0,-1.6008497109446198,10
758,7580,-1.4776654936533973,-1.2274602024616008,0.26647329133587544,0.20673608988496955,2.219895077896643,10737.358359236998,turtle,cma_es,0,-1.6008497109446198,10
759,7590,-1.5236442724281067,-0.9468236530263956,0.5691047075764264,0.2066058754964371,2.220814517764009,10749.568850642012,turtle,cma_es,0,-1.6008497109446198,10
760,7600,-1.4205496340801478,-0.883531723265077,0.446790587830081,0.20654306841229958,2.2215214989380296,10766.826480228017,turtle,cma_es,0,-1.6008497109446198,10
761,7610,-1.4441605885142357,-1.2881981928666775,0.14303490779491834,0.20652608519608143,2.2221491028786176,10781.62592577,turtle,cma_es,0,-1.6008497109446198,10
762,7620,-1.4744776270074684,-1.2238761061365175,0.31037424413841436,0.2063712044996317,2.2230840299760883,10795.719044596015,turtle,cma_es,0,-1.6008497109446198,10
763,7630,-1.4469833937750058,-1.2297651042703468,0.2871731212905663,0.20613906284168967,2.223741374521012,10811.745621790003,turtle,cma_es,0,-1.6008497109446198,10
764,7640,-1.428701286859419,-1.3774182872118161,0.04003347347227273,0.2060158427502974,2.2240401378092995,10829.393895652,turtle,cma_es,0,-1.6008497109446198,10
765,7650,-1.4473578382557326,-1.3520531090892647,0.0782294418146919,0.20586939268688276,2.224348953248959,10843.896845404,turtle,cma_es,0,-1.6008497109446198,10
766,7660,-1.4510586045330793,-1.2463874618513686,0.24170668539442716,0.205623842220897,2.2248916118970996,10860.870784544008,turtle,cma_es,0,-1.6008497109446198,10
767,7670,-1.4567739605733196,-1.2922445945496897,0.24277392239697923,0.2054195160124358,2.2254804339464545,10876.41836102202,turtle,cma_es,0,-1.6008497109446198,10
768,7680,-1.4345770901032715,-1.2703969410955307,0.17306988100042375,0.20532684049119768,2.2257813262798836,10891.47361885701,turtle,cma_es,0,-1.6008497109446198,10
769,7690,-1.4558886000348208,-1.2665803080905402,0.3394840188583725,0.2053555098256427,2.226647173463156,10902.860682449013,turtle,cma_es,0,-1.6008497109446198,10
770,7700,-1.4671453087663924,-1.2957181390250534,0.16257161850966967,0.20529931603446874,2.2270034868080666,10919.727072403999,turtle,cma_es,0,-1.6008497109446198,10
771,7710,-1.395235019013099,-1.1212027271090943,0.32844751949059675,0.2052127439423364,2.227408043284546,10932.88121399202,turtle,cma_es,0,-1.6008497109446198,10
772,7720,-1.4493165537081278,-1.181388035858107,0.39156646390044497,0.20512452348072951,2.2279351836205374,10949.345297516993,turtle,cma_es,0,-1.6008497109446198,10
773,7730,-1.4629050129151047,-1.2754398614081226,0.2425587158959448,0.2051885489071796,2.2283850546342863,10964.39635181101,turtle,cma_es,0,-1.6008497109446198,10
774,7740,-1.461236131502881,-1.2723844276733542,0.21744832124908656,0.2052054565028538,2.2288904518607757,10981.40212484001,turtle,cma_es,0,-1.6008497109446198,10
775,7750,-1.4039458812750336,-1.1703577178985092,0.35556859712124794,0.20517498861926067,2.2295183886294847,10997.58763877902,turtle,cma_es,0,-1.6008497109446198,10
776,7760,-1.472210896046871,-0.95616347846161,0.42986301404858956,0.20510086710572065,2.2300799674954184,11014.579073749017,turtle,cma_es,0,-1.6008497109446198,10
777,7770,-1.4293694505226568,-1.2197152254823744,0.27730499304243766,0.20497735172809348,2.230608164266027,11027.88242809102,turtle,cma_es,0,-1.6008497109446198,10
778,7780,-1.4759411832400904,-1.2448647347209492,0.2589174524655377,0.204925945260606,2.231087387571992,11044.312226662005,turtle,cma_es,0,-1.6008497109446198,10
779,7790,-1.4985322642022663,-1.2755788398032086,0.31859459909616705,0.2048988902218444,2.231580683167329,11060.559412711009,turtle,cma_es,0,-1.6008497109446198,10
780,7800,-1.5387578555016441,-1.3533072188334683,0.11322938677811961,0.2049707733713452,2.2318728708375954,11075.892901654006,turtle,cma_es,0,-1.6008497109446198,10
781,7810,-1.5609027747284951,-1.382017821180693,0.1320404340915443,0.20507780771895207,2.2322504063312447,11090.689719275018,turtle,cma_es,0,-1.6008497109446198,10
782,7820,-1.512755789410983,-1.3101727498291647,0.21439092549769362,0.20520408984687336,2.2326837787518476,11104.615023281018,turtle,cma_es,0,-1.6008497109446198,10
783,7830,-1.5527663224958497,-1.3177280312070099,0.1512239783492412,0.20526319744146698,2.233031853157119,11117.007418134017,turtle,cma_es,0,-1.6008497109446198,10
784,7840,-1.4522108051627143,-1.399993627618081,0.039476151705040124,0.2053000910030018,2.2332334215662777,11131.630404486,turtle,cma_es,0,-1.6008497109446198,10
785,7850,-1.5379920196917647,-1.3917846954536872,0.1123990530634878,0.20518716493171202,2.2334431216730803,11146.814258800994,turtle,cma_es,0,-1.6008497109446198,10
786,7860,-1.5292631367174545,-1.4100384438514184,0.0800791971221643,0.20512826950928317,2.233730930767123,11159.628068991005,turtle,cma_es,0,-1.6008497109446198,10
787,7870,-1.4745295378384728,-1.312516607719563,0.20878807114455453,0.2052411392798463,2.2343268225288413,11173.329462991998,turtle,cma_es,0,-1.6008497109446198,10
788,7880,-1.4815845407367227,-1.2957672886172387,0.2336939425647413,0.20539601907043084,2.2348707693601657,11186.56072049,turtle,cma_es,0,-1.6008497109446198,10
789,7890,-1.4830174469456088,-1.4204367305769545,0.05312002254923334,0.2055153132988436,2.235348312520839,11198.452991057013,turtle,cma_es,0,-1.6008497109446198,10
790,7900,-1.5274664172568047,-1.297701335515158,0.17207555958244974,0.2054840799443169,2.2357523638430252,11210.674094965012,turtle,cma_es,0,-1.6008497109446198,10
791,7910,-1.5025648667197435,-1.4179779894792308,0.07637030214774257,0.20537340478745858,2.236198751290502,11222.257210489013,turtle,cma_es,0,-1.6008497109446198,10
792,7920,-1.5122961921565397,-1.4016312661850634,0.09628362943818437,0.2051974562092601,2.2363490300733773,11232.539243072999,turtle,cma_es,0,-1.6008497109446198,10
793,7930,-1.5046354408413798,-1.3975512626975448,0.06933623808533944,0.20505462712426104,2.23674841038,11244.961378401,turtle,cma_es,0,-1.6008497109446198,10
794,7940,-1.4872725840998315,-1.3976301855914013,0.07286097526422965,0.2049588137766244,2.237243172872739,11256.19005685902,turtle,cma_es,0,-1.6008497109446198,10
795,7950,-1.4853632838975672,-1.3814977682733347,0.07820136134603912,0.20466547225386678,2.237453016820258,11265.796251886,turtle,cma_es,0,-1.6008497109446198,10
796,7960,-1.5292785042267196,-1.3779852395034247,0.12705616141276757,0.2045802643215456,2.237686961185178,11277.77961380902,turtle,cma_es,0,-1.6008497109446198,10
797,7970,-1.5292306881345787,-1.4288721591770717,0.05595556697297166,0.2045201359820168,2.237958652713436,11288.712564079004,turtle,cma_es,0,-1.6008497109446198,10
798,7980,-1.4916509289470161,-1.4347322504215831,0.04883048471038604,0.20444149413997634,2.238374515765337,11302.775533478998,turtle,cma_es,0,-1.6008497109446198,10
799,7990,-1.5003166547996862,-1.4187662043477367,0.06188120019388967,0.20435938024340544,2.2386076621360016,11313.867584329011,turtle,cma_es,0,-1.6008497109446198,10
800,8000,-1.4552796884619177,-1.2836244977824625,0.2945646006069763,0.20424359562237093,2.238539473258507,11327.710529970995,turtle,cma_es,0,-1.6008497109446198,10
1,10,-0.09364012875664596,-0.0016806607673025553,0.0567897537779721,0.4904289728755105,1.0059734973031509,7.14944173200638,turtle,cma_es,1,-0.09364012875664596,10
2,20,-0.1875739102091467,-0.04138192706027501,0.06844918695612097,0.482046121246947,1.007723413015288,15.321496209013276,turtle,cma_es,1,-0.1875739102091467,10
3,30,-0.42266319211920766,-0.06725320383590913,0.1490933231304061,0.4748442625085514,1.0082582450566375,26.220051682001213,turtle,cma_es,1,-0.42266319211920766,10
4,40,-0.1870082209719408,-0.00015864391595536985,0.08486477511515535,0.46845564216287533,1.009761351968739,36.618852068990236,turtle,cma_es,1,-0.42266319211920766,10
5,50,-0.21210747778591443,-0.034083606071891204,0.07368564326804751,0.46267773008478613,1.0112985855832535,50.040537925990066,turtle,cma_es,1,-0.42266319211920766,10
6,60,-0.1726713878797952,-0.008988451719447,0.0696308150234108,0.4574356772351694,1.0131932513118418,63.904904517985415,turtle,cma_es,1,-0.42266319211920766,10
7,70,-0.260946866639836,-0.07551816866901868,0.10082035860819495,0.45230816614422464,1.01515451862906,75.72953633399447,turtle,cma_es,1,-0.42266319211920766,10
8,80,-0.15901736187437354,0.021513814045757938,0.09545980807276605,0.4478026974203751,1.017339208028889,88.01796604998526,turtle,cma_es,1,-0.42266319211920766,10
9,90,-0.2898027686722813,-0.04432007716271027,0.11822476095904227,0.44339913014357246,1.019557690457872,100.78377238099347,turtle,cma_es,1,-0.42266319211920766,10
10,100,-0.404714124722938,-0.08393371356866738,0.14557084570453155,0.4389756714999058,1.0216819502226686,112.9471278609999,turtle,cma_es,1,-0.42266319211920766,10
11,110,-0.2325856592037141,-0.058103682716922476,0.07331350778299381,0.4347188289683863,1.023777064572157,122.80665904600755,turtle,cma_es,1,-0.42266319211920766,10
12,120,-0.2011888253938423,-0.01467872999688069,0.12571590872029015,0.4305052762777401,1.025930439886047,137.73185595398536,turtle,cma_es,1,-0.42266319211920766,10
13,130,-0.08442625481412946,-0.002937327972064985,0.05945781559617995,0.42665659051221344,1.0282005300165509,153.15352672699373,turtle,cma_es,1,-0.42266319211920766,10
14,140,-0.08629725709230573,-0.0016051919805244452,0.05865647532846846,0.4231475537724595,1.0305463803953447,165.84907103399746,turtle,cma_es,1,-0.42266319211920766,10
15,150,-0.10724406034478928,-0.008666220679728021,0.07862498951090872,0.4199565122710106,1.0334933788989962,178.47462044100394,turtle,cma_es,1,-0.42266319211920766,10
16,160,-0.3100991794151522,-0.06303748003103404,0.11557231137369399,0.4169157944901973,1.0364991050630714,190.22957210600725,turtle,cma_es,1,-0.42266319211920766,10
17,170,-0.4000879767792256,-0.07210917248202424,0.11791769840485675,0.4138999386371359,1.0394369217819805,199.61090974899707,turtle,cma_es,1,-0.42266319211920766,10
18,180,-0.07599338635345187,0.04006166377391409,0.0896868158327472,0.4112071891188706,1.0426135207946539,208.76521469600266,turtle,cma_es,1,-0.42266319211920766,10
19,190,-0.25907966247305136,-0.07947331898788504,0.06862925351778267,0.4086083248752605,1.0459251642597311,222.7520311010012,turtle,cma_es,1,-0.42266319211920766,10
20,200,-0.27397003002918474,-0.10098927971852474,0.1125717913736561,0.4060517710042334,1.0493664680943107,232.8944737460115,turtle,cma_es,1,-0.42266319211920766,10
21,210,-0.30993980145538913,-0.12473011279509168,0.10001714041805983,0.4037599230811328,1.0529583685066768,242.039615710004,turtle,cma_es,1,-0.42266319211920766,10
22,220,-0.2626365558855257,-0.05817671065977725,0.12677190774797092,0.40172965096011515,1.0568817583119843,254.06241060298635,turtle,cma_es,1,-0.42266319211920766,10
23,230,-0.25357234423542074,-0.10134053088976262,0.14977080559725914,0.3997191624554269,1.0607232240420916,266.28627411299385,turtle,cma_es,1,-0.42266319211920766,10
24,240,-0.2641798798159396,-0.13264993050147736,0.09214964561186575,0.3981413917967914,1.065209445035489,279.2384115550085,turtle,cma_es,1,-0.42266319211920766,10
25,250,-0.3040648820019607,-0.09513397130157442,0.10354338677619193,0.39694724979269475,1.0701096512395176,292.0114873709972,turtle,cma_es,1,-0.42266319211920766,10
26,260,-0.24357162018523937,-0.12036787461762995,0.06632297924067361,0.39588704231023797,1.075383470293364,303.38564304600004,turtle,cma_es,1,-0.42266319211920766,10
27,270,-0.4825928645379767,-0.14967854541955844,0.13948225108589973,0.39492840806804314,1.080552604935366,314.79434734399547,turtle,cma_es,1,-0.4825928645379767,10
28,280,-0.22765623521604095,-0.09378499219867606,0.08027641198285819,0.3939603626501682,1.0856371473471778,327.147451405006,turtle,cma_es,1,-0.4825928645379767,10
29,290,-0.21566246861631466,-0.11755708389115674,0.11112396596433814,0.3929826104596853,1.0908090567084399,340.06446281500394,turtle,cma_es,1,-0.4825928645379767,10
30,300,-0.2895277497272417,-0.09479630373515588,0.10344043415654254,0.39194492722920354,1.0958371337666835,351.562116866,turtle,cma_es,1,-0.4825928645379767,10
31,310,-0.31766278297327943,-0.14277125466359183,0.13703127377322874,0.3910940267949897,1.1009270641837334,368.1832737440127,turtle,cma_es,1,-0.4825928645379767,10
32,320,-0.6589181706631724,-0.22406033189525543,0.203658732250218,0.39000176145109955,1.1059017705214966,380.8148666410125,turtle,cma_es,1,-0.6589181706631724,10
33,330,-0.2807906907866764,-0.08506839941794837,0.1259893969098183,0.38903341813778236,1.1109774289994245,397.3985922249849,turtle,cma_es,1,-0.6589181706631724,10
34,340,-0.5209811583544095,-0.3545260735346263,0.1876907391905168,0.3878229798744455,1.1156282406898577,411.50973541199346,turtle,cma_es,1,-0.6589181706631724,10
35,350,-0.34811666468851854,-0.14782705878574368,0.12868343103535698,0.38656096898874187,1.1201116628956271,428.5951908529969,turtle,cma_es,1,-0.6589181706631724,10
36,360,-0.505830282249315,-0.22606008496957103,0.12633887038165076,0.3853528948270819,1.1247544959500584,442.8200105380092,turtle,cma_es,1,-0.6589181706631724,10
37,370,-0.5084304567497622,-0.2747874470290149,0.19315551513779425,0.3843463117104632,1.1298322802503367,458.3627339460072,turtle,cma_es,1,-0.6589181706631724,10
38,380,-0.4243777231734116,-0.15931691251053212,0.18455593582587898,0.3833661321044013,1.1346751780449997,471.3199306220049,turtle,cma_es,1,-0.6589181706631724,10
39,390,-0.3524106875059472,-0.1638773498556521,0.12138398338951352,0.3822814183778544,1.1395363514865118,485.8529563139891,turtle,cma_es,1,-0.6589181706631724,10
40,400,-0.6857830937954059,-0.27677875038592586,0.19161173706817036,0.38137459897786435,1.1445995298664058,501.53649470899836,turtle,cma_es,1,-0.6857830937954059,10
41,410,-0.3856394566008978,-0.1381189980051678,0.15612106242009746,0.38036414641362765,1.1496507698757508,510.98165208200226,turtle,cma_es,1,-0.6857830937954059,10
42,420,-0.4874664639407449,-0.2504551070618213,0.18217203525214223,0.3791900666431135,1.154369441695655,525.1590619460039,turtle,cma_es,1,-0.6857830937954059,10
43,430,-0.6107576552188254,-0.21189679683329884,0.21311456103369605,0.3780823080988671,1.1591301983178655,534.5151256129902,turtle,cma_es,1,-0.6857830937954059,10
44,440,-0.41524979672482853,-0.11402337665221633,0.15214057744700873,0.37687591282289534,1.163687656105369,547.0581639719894,turtle,cma_es,1,-0.6857830937954059,10
45,450,-0.26134790886248904,-0.08881741688913207,0.10469945368613223,0.3756320893182024,1.1680531977953375,562.8783431389893,turtle,cma_es,1,-0.6857830937954059,10
46,460,-0.478406544210749,-0.11855110529292637,0.17508610366832011,0.3743035356004204,1.1718938868374185,578.0273889619857,turtle,cma_es,1,-0.6857830937954059,10
47,470,-0.37658622915190687,-0.10062028771167073,0.13554511647665946,0.3729309949646586,1.1757962945316514,591.2915802109928,turtle,cma_es,1,-0.6857830937954059,10
48,480,-0.5929606214809375,-0.10982701664995434,0.19204280886975558,0.3716234033068849,1.1801338256435259,603.2499152369855,turtle,cma_es,1,-0.6857830937954059,10
49,490,-0.39648886302652464,-0.15296785399181143,0.1274696741255365,0.3703746433662068,1.184561777034966,617.5245276200003,turtle,cma_es,1,-0.6857830937954059,10
50,500,-0.7740683528525683,-0.23625048065231874,0.23422374600866014,0.3692656599309888,1.189194055809769,632.6242863409861,turtle,cma_es,1,-0.7740683528525683,10
51,510,-0.6351424238628063,-0.33276444955346995,0.2056227237461834,0.3685501333327496,1.1942325943570866,645.4312143010029,turtle,cma_es,1,-0.7740683528525683,10
52,520,-0.6580569770274582,-0.35528839761511943,0.28329531221319765,0.36799702620436114,1.1995640108823011,661.1278238570085,turtle,cma_es,1,-0.7740683528525683,10
53,530,-0.6833398510660649,-0.3521541805887546,0.25980424656922807,0.3673268431505611,1.2046914176845578,675.947153185989,turtle,cma_es,1,-0.7740683528525683,10
54,540,-0.7682117725080433,-0.2223004694041907,0.24531917523736904,0.3668707058333237,1.2103003695417833,692.8469566570129,turtle,cma_es,1,-0.7740683528525683,10
55,550,-0.700178459337387,-0.25951492397946885,0.27696449510671106,0.3664286811366192,1.215895325127998,704.8203026049887,turtle,cma_es,1,-0.7740683528525683,10
56,560,-0.8056185193645709,-0.4575204022570438,0.27518615100178123,0.3661904288033124,1.2218497433186284,717.0429316750087,turtle,cma_es,1,-0.8056185193645709,10
57,570,-0.8759000152530518,-0.5273835017196034,0.24065894257900028,0.3660399075911182,1.2278558412351963,731.5878031550092,turtle,cma_es,1,-0.8759000152530518,10
58,580,-0.7230476977683704,-0.4846483113610608,0.20596918504827116,0.36586500390369986,1.233850131154026,744.4718680339865,turtle,cma_es,1,-0.8759000152530518,10
59,590,-0.9141851618447498,-0.4944480410169402,0.28482841096702377,0.3657152185056506,1.2399490402225102,761.3657082589925,turtle,cma_es,1,-0.9141851618447498,10
60,600,-0.6556645807933448,-0.3463571370072934,0.24543582138346554,0.3656190859412948,1.2459580945452309,775.8995672109886,turtle,cma_es,1,-0.9141851618447498,10
61,610,-0.734071743211798,-0.40506328987333085,0.21530333230896923,0.365758607022804,1.252137476496327,792.6463624709868,turtle,cma_es,1,-0.9141851618447498,10
62,620,-0.9473633734337854,-0.497365489328912,0.29146502932545776,0.3656656982617628,1.2581726908763458,805.1456856429868,turtle,cma_es,1,-0.9473633734337854,10
63,630,-0.8351539631512255,-0.30293507136835884,0.2723653331673014,0.3651992281179704,1.2637642921089094,820.7449631509953,turtle,cma_es,1,-0.9473633734337854,10
64,640,-0.7849550114807,-0.4465793314508481,0.27727867249046734,0.36458532465502963,1.268965855101019,836.8627288790012,turtle,cma_es,1,-0.9473633734337854,10
65,650,-0.8270006139382593,-0.41556324873256417,0.225992175295835,0.36417366387656386,1.2744061385600203,850.697688182001,turtle,cma_es,1,-0.9473633734337854,10
66,660,-0.8453338204224137,-0.4878866693418167,0.25443798265012585,0.3637937137934038,1.2798616628177784,867.5178153110028,turtle,cma_es,1,-0.9473633734337854,10
67,670,-0.8437270795023055,-0.6472755210279466,0.205986845379603,0.36324509158214774,1.285168404481594,884.7733691470057,turtle,cma_es,1,-0.9473633734337854,10
68,680,-1.0134969612174762,-0.4977162697636862,0.3566987772077755,0.36260355953088735,1.2902941253212932,899.5941603980027,turtle,cma_es,1,-1.0134969612174762,10
69,690,-0.9082572140755847,-0.5656575565111792,0.30499728566368567,0.3620153216369459,1.295273229672975,911.8225429950107,turtle,cma_es,1,-1.0134969612174762,10
70,700,-1.0237271557417298,-0.6811652174536799,0.29254186417765066,0.3612776071480232,1.29983424386039,928.4195980619988,turtle,cma_es,1,-1.0237271557417298,10
71,710,-1.0218286581122538,-0.8399018947932972,0.11327456724116795,0.3605197877041901,1.3041980248462692,944.5619030529924,turtle,cma_es,1,-1.0237271557417298,10
72,720,-1.132259998747294,-0.6743765068454878,0.385855933574519,0.35979128790146647,1.3085398348783066,961.2380050460051,turtle,cma_es,1,-1.132259998747294,10
73,730,-1.2054452715000634,-0.9256900126762202,0.3114668947452222,0.35904212542621555,1.3127810288482529,977.7512243000092,turtle,cma_es,1,-1.2054452715000634,10
74,740,-0.9364838709873533,-0.164906417487589,0.2794103092422124,0.35845100108356254,1.3171630552510265,997.2641078140005,turtle,cma_es,1,-1.2054452715000634,10
75,750,-1.2493925266932733,-0.7472795015770451,0.5130609314362015,0.35788260692069285,1.3215253711706652,1015.6016637659923,turtle,cma_es,1,-1.2493925266932733,10
76,760,-1.1073559514813276,-0.5164963755639418,0.3759750233155642,0.35758073336473467,1.326017415146076,1034.561762561003,turtle,cma_es,1,-1.2493925266932733,10
77,770,-1.1727326498937964,-0.5657302347320805,0.4492002716874586,0.35716435008581937,1.3303254894299583,1053.1197718349868,turtle,cma_es,1,-1.2493925266932733,10
78,780,-1.2406143871249329,-0.4542094278686801,0.45219452871229354,0.3567550464759116,1.3348534415919782,1068.593256082997,turtle,cma_es,1,-1.2493925266932733,10
79,790,-0.858751792245589,-0.3405840462049959,0.37853135880129296,0.35622717213747795,1.3396032167740415,1085.3484166130074,turtle,cma_es,1,-1.2493925266932733,10
80,800,-1.1423052268418568,-0.6260091135473498,0.2803690210443123,0.35556989173273496,1.3440054867867741,1105.8660063229909,turtle,cma_es,1,-1.2493925266932733,10
81,810,-1.1345524233055713,-0.5750882041671505,0.38398583205355497,0.35493268723987303,1.3486123692494203,1121.8108356549928,turtle,cma_es,1,-1.2493925266932733,10
82,820,-1.0574654894788909,-0.5427242888104931,0.4000794371612222,0.3544509186274765,1.3536842222442014,1137.117947213992,turtle,cma_es,1,-1.2493925266932733,10
83,830,-1.2535685589886043,-0.7608162269777254,0.4640382663285556,0.3538357993753038,1.358352017378135,1154.9611216289923,turtle,cma_es,1,-1.2535685589886043,10
84,840,-1.2988236098676111,-0.7314776278226108,0.4580789070509587,0.353117583555353,1.362863922156051,1171.238982877985,turtle,cma_es,1,-1.2988236098676111,10
85,850,-1.2678090845853953,-0.6248066191392666,0.46763201972520274,0.3524764130122402,1.3673244687632842,1188.0606502490118,turtle,cma_es,1,-1.2988236098676111,10
86,860,-1.2145981384548463,-0.7169534617902407,0.4721706852583824,0.351743134310408,1.3716153056708023,1204.0380143180082,turtle,cma_es,1,-1.2988236098676111,10
87,870,-1.2936474332873598,-0.9975572273163399,0.2850503011386861,0.35134071934990513,1.3761077383445883,1219.7136840930034,turtle,cma_es,1,-1.2988236098676111,10
88,880,-1.201238626870146,-0.4458551322631023,0.4552495045305335,0.3509270849245718,1.3806227014351193,1238.7451143139915,turtle,cma_es,1,-1.2988236098676111,10
89,890,-1.3068603439339919,-0.60897914023891,0.5304095530706127,0.35043632958872306,1.3851349046112755,1257.675568718987,turtle,cma_es,1,-1.3068603439339919,10
90,900,-1.3285241336581004,-0.6668245036622032,0.48687322184224824,0.3501011422884317,1.3901525798230827,1275.6318163000105,turtle,cma_es,1,-1.3285241336581004,10
91,910,-1.1912970206636126,-0.3129302973345731,0.4804878428155423,0.3496902468601469,1.3949078870237925,1287.9093510989915,turtle,cma_es,1,-1.3285241336581004,10
92,920,-1.322954709031988,-0.6544278948821092,0.5571619274912685,0.34955818237618425,1.399836061984774,1304.4470916329883,turtle,cma_es,1,-1.3285241336581004,10
93,930,-1.3308297473818929,-0.7298579332157311,0.48240195121498913,0.3494448793024905,1.4050856933105769,1318.7249356459943,turtle,cma_es,1,-1.3308297473818929,10
94,940,-1.3056675000342723,-0.25671992257179194,0.4227561704404156,0.3492451803875562,1.4098905576392606,1337.960083879996,turtle,cma_es,1,-1.3308297473818929,10
95,950,-1.271463093722132,-0.23396239581675707,0.44611760090859237,0.34915707436197596,1.414820477651049,1354.9536478449882,turtle,cma_es,1,-1.3308297473818929,10
96,960,-1.2926082791119695,-0.4903128219849252,0.5362580639857891,0.3490654787721467,1.4197804255135282,1367.541220627987,turtle,cma_es,1,-1.3308297473818929,10
97,970,-1.3615468406961426,-0.6225589210032945,0.5380731672558601,0.34859308084184915,1.424417125644377,1384.4056016599934,turtle,cma_es,1,-1.3615468406961426,10
98,980,-1.261916395675617,-0.6988615933318315,0.47148579523694384,0.3482967679024944,1.4288322678409358,1400.77518903499,turtle,cma_es,1,-1.3615468406961426,10
99,990,-1.3228103496802284,-0.9033473700382659,0.40717630287213535,0.3479475368572768,1.4331488924346139,1415.7602842380002,turtle,cma_es,1,-1.3615468406961426,10
100,1000,-1.2759143382067677,-0.8301102843506076,0.39216149180127635,0.34760658216655654,1.4374932267936755,1430.685770651995,turtle,cma_es,1,-1.3615468406961426,10
101,1010,-1.314721656292364,-0.6216418505149389,0.4697885819458001,0.3471165425442826,1.4418130487866458,1447.6032247719995,turtle,cma_es,1,-1.3615468406961426,10
102,1020,-1.3154723677685167,-0.9922927832852221,0.2569248035104362,0.34646395844915967,1.4460977529904682,1461.4718985510117,turtle,cma_es,1,-1.3615468406961426,10
103,1030,-1.2966549797855436,-0.9154885124760941,0.38502560073892583,0.34589762806088276,1.45084664796551,1478.864379075996,turtle,cma_es,1,-1.3615468406961426,10
104,1040,-1.2611148649760286,-0.27213132026693393,0.3834985035064093,0.34526190537965307,1.4553216842431709,1494.1837167819904,turtle,cma_es,1,-1.3615468406961426,10
105,1050,-1.298212130952022,-0.9362551351967209,0.3195347205049543,0.34481780271136625,1.4596280535389106,1507.2876722319925,turtle,cma_es,1,-1.3615468406961426,10
106,1060,-1.308364000669874,-0.9028729296643659,0.2515464748188807,0.3445011152059379,1.4637856036806502,1523.7695062030107,turtle,cma_es,1,-1.3615468406961426,10
107,1070,-1.313780995940605,-0.7544654492630302,0.5169251767548779,0.34418231399197013,1.4680050691028155,1538.9743086420058,turtle,cma_es,1,-1.3615468406961426,10
108,1080,-1.3126214984162505,-0.9190195396799894,0.41864567609451875,0.3439138335605614,1.4722537411201067,1552.6517182829848,turtle,cma_es,1,-1.3615468406961426,10
109,1090,-1.3019445053903382,-0.9654645500511577,0.3769425767932615,0.3440470339356729,1.4770491045896548,1569.4840587220096,turtle,cma_es,1,-1.3615468406961426,10
110,1100,-1.2546572397611175,-0.8422070062652611,0.38033618479979964,0.34408126373916154,1.4819369023440194,1586.4720403969986,turtle,cma_es,1,-1.3615468406961426,10
111,1110,-1.3230892901635096,-1.0065993636747141,0.3106700805527419,0.3440792726009554,1.4866586074151336,1600.5252615360077,turtle,cma_es,1,-1.3615468406961426,10
112,1120,-1.3393855954833631,-0.9418641923808767,0.39738211434403764,0.3439792285912346,1.4912283693443975,1611.3387389550044,turtle,cma_es,1,-1.3615468406961426,10
113,1130,-1.3698383781218073,-0.8345919134224268,0.4743145027414913,0.34375581168790337,1.495530452147632,1624.6240795030026,turtle,cma_es,1,-1.3698383781218073,10
114,1140,-1.3109933694696227,-0.6812514690367169,0.37313256306969567,0.34357534764396663,1.500045713968529,1638.1463493460033,turtle,cma_es,1,-1.3698383781218073,10
115,1150,-1.2927027817785195,-0.9359886037648032,0.4006532434842128,0.3433746190947407,1.5043447672503494,1652.5944648699951,turtle,cma_es,1,-1.3698383781218073,10
116,1160,-1.380896800109185,-1.0168796552139998,0.371816720167846,0.343111640559437,1.508367630841679,1663.6468625509879,turtle,cma_es,1,-1.380896800109185,10
117,1170,-1.3529236490344347,-0.9635256437594995,0.38930121204585594,0.34282836821829427,1.5124135189746164,1675.390616277,turtle,cma_es,1,-1.380896800109185,10
118,1180,-1.3326364138698912,-0.9196823517609285,0.48776199796281505,0.3427108351064345,1.5164934159129355,1686.501405647985,turtle,cma_es,1,-1.380896800109185,10
119,1190,-1.3777765661177863,-0.9779603526022278,0.4244719745440597,0.3426161537233612,1.520611812025733,1699.5807055289915,turtle,cma_es,1,-1.380896800109185,10
120,1200,-1.3399743187892899,-0.8926680784959732,0.5026697481042809,0.3426324388192438,1.5247778297995098,1708.7742263209948,turtle,cma_es,1,-1.380896800109185,10
121,1210,-1.2486132408964465,-0.6767887382068083,0.4387423180841743,0.3424575657171214,1.5288021327371575,1721.5407667249965,turtle,cma_es,1,-1.380896800109185,10
122,1220,-1.3044876320556043,-0.9574725460679362,0.3766470096765154,0.34250373602867984,1.5325728839378965,1738.3371381739853,turtle,cma_es,1,-1.380896800109185,10
123,1230,-1.3298343870047642,-0.8119209536374175,0.3887818151724593,0.3427472672589032,1.5367290270629468,1751.006427698012,turtle,cma_es,1,-1.380896800109185,10
124,1240,-1.3121696894475487,-0.42745916240327897,0.41716965375836745,0.34300585501370134,1.5406646665690777,1768.0640633729927,turtle,cma_es,1,-1.380896800109185,10
125,1250,-1.3103254348557654,-0.83315366787105,0.40250041886476395,0.34330913734559493,1.544569806614014,1780.7141328229918,turtle,cma_es,1,-1.380896800109185,10
126,1260,-1.2965590336453783,-0.8364146014415678,0.435765501673793,0.34357338238308666,1.5486964945356416,1793.5304076870088,turtle,cma_es,1,-1.380896800109185,10
127,1270,-1.303577054724225,-0.7651556876414656,0.4952251274799504,0.3439699477044821,1.5535219064847543,1807.1983447209932,turtle,cma_es,1,-1.380896800109185,10
128,1280,-1.3272327224866096,-0.8518012682114173,0.4709301064000727,0.34445307400494757,1.557707061680682,1819.8072758229973,turtle,cma_es,1,-1.380896800109185,10
129,1290,-1.221067583356172,-0.7908412521093927,0.4380319985236747,0.34457389485969864,1.561869863334365,1831.9108210619888,turtle,cma_es,1,-1.380896800109185,10
130,1300,-1.2692410543374146,-0.6646269892610112,0.4832950296301346,0.34461645143400266,1.566157152144807,1845.618671536009,turtle,cma_es,1,-1.380896800109185,10
131,1310,-1.2797414155880267,-0.8547322590518706,0.4376621761736647,0.3447837448986266,1.5700522278775164,1861.1079199670057,turtle,cma_es,1,-1.380896800109185,10
132,1320,-1.3139996409308665,-0.5423654131649202,0.4474521459908555,0.34501885204873173,1.5738370641682216,1872.5466849050135,turtle,cma_es,1,-1.380896800109185,10
133,1330,-1.2742670763344472,-1.0913010277091004,0.18617733696055486,0.3450642889892873,1.5775220131902548,1882.8512775540003,turtle,cma_es,1,-1.380896800109185,10
134,1340,-1.2437430790628143,-0.717596832803665,0.45350346309074063,0.3454220264060281,1.5813762138879202,1898.8853482590057,turtle,cma_es,1,-1.380896800109185,10
135,1350,-1.3468465339288125,-0.84023023134262,0.49701919821458074,0.3456886493788344,1.5848268552814526,1911.1847808969906,turtle,cma_es,1,-1.380896800109185,10
136,1360,-1.311908789419137,-0.8637697597777582,0.46687208184003387,0.3459761274440333,1.5884148555079403,1923.003326539998,turtle,cma_es,1,-1.380896800109185,10
137,1370,-1.327315060789573,-1.1522114633675598,0.21636007860678108,0.3461750773003294,1.5914976424316731,1934.3730308419908,turtle,cma_es,1,-1.380896800109185,10
138,1380,-1.3740972574712247,-1.1041937881794397,0.38517090033587187,0.34647208700241966,1.5950399414581644,1947.7523917329963,turtle,cma_es,1,-1.380896800109185,10
139,1390,-1.237363953546331,-0.71697411614149,0.43212215728319836,0.3467503613743891,1.5986740716966843,1959.8245077620086,turtle,cma_es,1,-1.380896800109185,10
140,1400,-1.2875916787739001,-0.9368410084793236,0.39039609059037056,0.347042307177046,1.6022094144990606,1974.0941037079901,turtle,cma_es,1,-1.380896800109185,10
141,1410,-1.3719892273463037,-0.8000552849313557,0.4593968078011214,0.3474685475453776,1.6058333658380228,1988.7094209550123,turtle,cma_es,1,-1.380896800109185,10
142,1420,-1.2688900019322036,-0.3602791189615558,0.3840772637418121,0.3477594472476618,1.6093051067562385,2002.8496166199911,turtle,cma_es,1,-1.380896800109185,10
143,1430,-1.3696388083241713,-0.8189530980230462,0.34729643726456116,0.3481463797832716,1.6131355868860262,2015.550608458987,turtle,cma_es,1,-1.380896800109185,10
144,1440,-1.3127163911474646,-1.0791863763289675,0.2590653617753583,0.34852649977131056,1.6165114953740911,2028.5852791680081,turtle,cma_es,1,-1.380896800109185,10
145,1450,-1.3837968714038302,-1.2623347970878147,0.1545153435193721,0.3489322578654307,1.6199266589478931,2038.9367951079912,turtle,cma_es,1,-1.3837968714038302,10
146,1460,-1.373577537316975,-0.984329882621952,0.5255103662476194,0.3493945466282578,1.6234768475921197,2053.9322966980108,turtle,cma_es,1,-1.3837968714038302,10
147,1470,-1.361706415795445,-0.7573952431160216,0.48494884692314305,0.34977620496404205,1.6270671760661841,2066.907900994993,turtle,cma_es,1,-1.3837968714038302,10
148,1480,-1.3237306956572352,-0.6487193153884727,0.4577863859434349,0.35019101036013134,1.630672625327019,2083.767953134986,turtle,cma_es,1,-1.3837968714038302,10
149,1490,-1.3902782361815342,-0.5385656879230885,0.5565371590172887,0.3505664376886491,1.6343556020894647,2103.6251223059953,turtle,cma_es,1,-1.3902782361815342,10
150,1500,-1.3937539134574957,-0.758777735619063,0.6092942691073384,0.3510660756609023,1.6385142203114715,2119.0380543920037,turtle,cma_es,1,-1.3937539134574957,10
151,1510,-1.4055660294051444,-1.109676348713174,0.18908777974699145,0.3516031336548269,1.6429150484493547,2134.650855646003,turtle,cma_es,1,-1.4055660294051444,10
152,1520,-1.3911651338115023,-1.01908712119854,0.5169179316673731,0.3521202251235942,1.6473224867935796,2147.587618899008,turtle,cma_es,1,-1.4055660294051444,10
153,1530,-1.4200931741864142,-1.020816378654938,0.490309703886338,0.3525970798179601,1.6519876858946139,2160.5694572050124,turtle,cma_es,1,-1.4200931741864142,10
154,1540,-1.359433961439927,-1.0207922328087566,0.3668759902452076,0.35291783027052354,1.6563841694297068,2172.837680480996,turtle,cma_es,1,-1.4200931741864142,10
155,1550,-1.3774516735176174,-1.1646649521683976,0.1330147063932383,0.353234628683104,1.660645834478716,2183.750178007991,turtle,cma_es,1,-1.4200931741864142,10
156,1560,-1.3973799577676278,-1.0994152201280165,0.4180548252488449,0.3534333201242448,1.665219268451487,2202.4486341990123,turtle,cma_es,1,-1.4200931741864142,10
157,1570,-1.363044445297862,-1.0304195290684173,0.5013587313380726,0.35356825078142823,1.6702261891804917,2215.286921455001,turtle,cma_es,1,-1.4200931741864142,10
158,1580,-1.4094912858014537,-1.027827509791828,0.43858870393565136,0.353843651084792,1.6752695857053064,2231.6508433390118,turtle,cma_es,1,-1.4200931741864142,10
159,1590,-1.381671540305394,-1.2491211089750553,0.1892038074058731,0.35402713870803065,1.6801155917936175,2247.0747660239867,turtle,cma_es,1,-1.4200931741864142,10
160,1600,-1.3959096265912248,-1.1752925686879672,0.3265056752152864,0.3542425412494763,1.6848958140662351,2261.845288037992,turtle,cma_es,1,-1.4200931741864142,10
161,1610,-1.3915593073309065,-0.9537529310806677,0.5193138750055386,0.3544584961545102,1.6893790780842037,2277.8154851,turtle,cma_es,1,-1.4200931741864142,10
162,1620,-1.401109923242334,-0.8799189191927894,0.5222211501756486,0.3545223622787924,1.6939196844733213,2293.568156917987,turtle,cma_es,1,-1.4200931741864142,10
163,1630,-1.3692039843127901,-1.0718396931124716,0.4109256850929281,0.35449111267619365,1.6983344093434816,2305.3209280270094,turtle,cma_es,1,-1.4200931741864142,10
164,1640,-1.4098282675399032,-1.2282874348337987,0.26018545019862693,0.354365161205968,1.7024006987094857,2318.838711055985,turtle,cma_es,1,-1.4200931741864142,10
165,1650,-1.3311307699863386,-0.6859012619937739,0.5197644207207179,0.3541759280011687,1.7062097271753498,2334.8524035080045,turtle,cma_es,1,-1.4200931741864142,10
166,1660,-1.379457776138051,-0.8016875840377324,0.5671027535463533,0.35410136325205704,1.7100561653372488,2350.6574150800006,turtle,cma_es,1,-1.4200931741864142,10
167,1670,-1.3899812135192606,-1.1175111772701753,0.4190549808576797,0.354154955844852,1.71374491499666,2365.260964123998,turtle,cma_es,1,-1.4200931741864142,10
168,1680,-1.355391801510815,-1.0671879526638683,0.4098887685057493,0.35439432606013194,1.7173143067873857,2378.8088905859913,turtle,cma_es,1,-1.4200931741864142,10
169,1690,-1.362271702312225,-0.8285914687401295,0.5667537704684971,0.35448649183530784,1.7205523054461016,2392.9863922160002,turtle,cma_es,1,-1.4200931741864142,10
170,1700,-1.3737206559195823,-1.0053356671396367,0.4438108263382314,0.3544091935110612,1.7235049609554363,2405.388003422995,turtle,cma_es,1,-1.4200931741864142,10
171,1710,-1.39440895087988,-0.9749454488824586,0.46125067544303555,0.35421231841652884,1.7262842679385055,2418.4251959240064,turtle,cma_es,1,-1.4200931741864142,10
172,1720,-1.4033807559801366,-1.0765963865066266,0.40537394124963616,0.35387193221210017,1.729001824665159,2434.805117062002,turtle,cma_es,1,-1.4200931741864142,10
173,1730,-1.3904335019228293,-1.0269539679375828,0.3951088433095349,0.35352464791321053,1.7313975860398032,2448.140325777,turtle,cma_es,1,-1.4200931741864142,10
174,1740,-1.4018858537838383,-0.8142446071925032,0.5646640829668864,0.3531941160026968,1.7335919653245304,2463.4083392260072,turtle,cma_es,1,-1.4200931741864142,10
175,1750,-1.400490994395672,-1.0891540997438383,0.40994572646557365,0.3528573837652892,1.7356717746257735,2476.7898289150035,turtle,cma_es,1,-1.4200931741864142,10
176,1760,-1.3949465450383025,-0.8039487698938501,0.5805426230674788,0.3524199693075541,1.737793121596358,2493.349523020006,turtle,cma_es,1,-1.4200931741864142,10
177,1770,-1.4016733482094352,-0.9799292140932014,0.3652289276584426,0.3521444162786029,1.7395355651100903,2505.927173347998,turtle,cma_es,1,-1.4200931741864142,10
178,1780,-1.400043488245573,-0.9221631003441392,0.5613862053381543,0.3517551835806662,1.7414550133954183,2517.543773240992,turtle,cma_es,1,-1.4200931741864142,10
179,1790,-1.4017252537192935,-1.0509542373402039,0.44557384177367454,0.35157549584588216,1.7435689279413098,2529.61376562799,turtle,cma_es,1,-1.4200931741864142,10
180,1800,-1.374108897577595,-0.814610190930021,0.544488931687229,0.351309117706862,1.7458820215067312,2541.4896719579992,turtle,cma_es,1,-1.4200931741864142,10
181,1810,-1.3782886885417565,-1.078920404678899,0.4545958570271084,0.35109896617072933,1.7479810662390654,2552.555072872987,turtle,cma_es,1,-1.4200931741864142,10
182,1820,-1.373243524710979,-1.2989228504919423,0.06530641436152979,0.3509525532582196,1.7503300505135913,2563.9361339590105,turtle,cma_es,1,-1.4200931741864142,10
183,1830,-1.3571567328969563,-1.1092513663771708,0.4235991740983193,0.3507389297190559,1.7525491706769882,2578.810233867989,turtle,cma_es,1,-1.4200931741864142,10
184,1840,-1.3878175347341166,-1.0087175252708935,0.4508308879467007,0.3504133247591933,1.7545397794632798,2594.958457091998,turtle,cma_es,1,-1.4200931741864142,10
185,1850,-1.3697622733443877,-0.7779876856722714,0.5168044809271395,0.35021086175150384,1.756527415197451,2607.8287140839966,turtle,cma_es,1,-1.4200931741864142,10
186,1860,-1.3383800106300363,-0.6284344918817687,0.5165307184854976,0.34977844470513453,1.758455857151696,2623.865435204003,turtle,cma_es,1,-1.4200931741864142,10
187,1870,-1.334307782991269,-1.0229014956285885,0.34623368270410254,0.34954799009411824,1.7601460264869782,2635.9562394820096,turtle,cma_es,1,-1.4200931741864142,10
188,1880,-1.3752606693705065,-1.0225737715577894,0.42071774082790825,0.3492710487460621,1.7620776893654562,2648.4444207460037,turtle,cma_es,1,-1.4200931741864142,10
189,1890,-1.3626558528228392,-0.8126267217043605,0.5491492789573622,0.3490656244852406,1.7637730677895516,2659.7321820709913,turtle,cma_es,1,-1.4200931741864142,10
190,1900,-1.3688574395734134,-0.5990505855530674,0.5637806691533294,0.34871536680232834,1.7654246130079723,2670.672143623,turtle,cma_es,1,-1.4200931741864142,10
191,1910,-1.4030191996033166,-0.9409455179745386,0.4521680354722605,0.34841872488985026,1.7674401605174406,2684.046197429998,turtle,cma_es,1,-1.4200931741864142,10
192,1920,-1.3610576626158482,-1.1091201052903774,0.3836293022344773,0.34785127476894123,1.7692372445108233,2698.6108582880115,turtle,cma_es,1,-1.4200931741864142,10
193,1930,-1.3309647738639168,-0.9505735022301895,0.37713098431347075,0.3475588528360659,1.7713974931852592,2707.6998475689907,turtle,cma_es,1,-1.4200931741864142,10
194,1940,-1.4041308646335846,-1.1475619420050074,0.38121033032500357,0.34744188469239634,1.7735929476078243,2720.7088515840005,turtle,cma_es,1,-1.4200931741864142,10
195,1950,-1.3818423787953265,-0.975291354366696,0.36737150252651507,0.34738419334057524,1.775805543425193,2737.1761415019864,turtle,cma_es,1,-1.4200931741864142,10
196,1960,-1.358168416623431,-0.9532206691868392,0.42034605594223384,0.34734696774813634,1.7781330467082928,2750.5231730939995,turtle,cma_es,1,-1.4200931741864142,10
197,1970,-1.362412589957473,-1.0622286710884061,0.39740619781712394,0.3474006492180545,1.7801398038781089,2764.241246919002,turtle,cma_es,1,-1.4200931741864142,10
198,1980,-1.3647676209641242,-1.1248471507249505,0.37473367728744333,0.34742264929372957,1.7820744014636107,2775.5921493030037,turtle,cma_es,1,-1.4200931741864142,10
199,1990,-1.3526378101978738,-0.5850155382328736,0.5271196784083444,0.3475621644747933,1.783971689131706,2790.466994844988,turtle,cma_es,1,-1.4200931741864142,10
200,2000,-1.3828567682741335,-1.0039880567926276,0.48020293046394386,0.34752460051908596,1.785664950819352,2803.594742018002,turtle,cma_es,1,-1.4200931741864142,10
201,2010,-1.3353303258276084,-0.6446297694397097,0.5667530093457659,0.34751897052839004,1.7874234156437159,2815.160986814997,turtle,cma_es,1,-1.4200931741864142,10
202,2020,-1.3744928219065864,-0.6077236130383289,0.5662033445213046,0.3476940703443032,1.78909481934337,2827.694229757006,turtle,cma_es,1,-1.4200931741864142,10
203,2030,-1.3647350970504748,-0.8793681245552442,0.594327736712189,0.3479606919375816,1.7907397653688073,2842.5648368870025,turtle,cma_es,1,-1.4200931741864142,10
204,2040,-1.3857415672593865,-1.1175300583618994,0.2575435995777688,0.34839913796763433,1.7923929300257464,2853.8542252029874,turtle,cma_es,1,-1.4200931741864142,10
205,2050,-1.3562684007724641,-0.8525477578626429,0.4899221858712097,0.3486676146460419,1.794362828842675,2867.388684681995,turtle,cma_es,1,-1.4200931741864142,10
206,2060,-1.3713180870587518,-1.1368683734122222,0.3031099209395646,0.3487316024038309,1.7964173599834967,2879.512132058997,turtle,cma_es,1,-1.4200931741864142,10
207,2070,-1.367042908626483,-1.1989229773521586,0.26122285191843253,0.34885635964839806,1.7983380307259316,2894.133294767991,turtle,cma_es,1,-1.4200931741864142,10
208,2080,-1.407572230489241,-0.979447048484755,0.39100108246109416,0.3488214564360014,1.800195187566373,2909.5052052859974,turtle,cma_es,1,-1.4200931741864142,10
209,2090,-1.3952343166126697,-0.9811249698470622,0.41552577304516203,0.3491054847010802,1.8025737987320023,2920.7276498840074,turtle,cma_es,1,-1.4200931741864142,10
210,2100,-1.3851700869334378,-1.1254190425500703,0.3302603996665721,0.3492555088802156,1.8046023276552015,2931.889476364013,turtle,cma_es,1,-1.4200931741864142,10
211,2110,-1.3908812186498807,-0.7518897264727226,0.3876272915810546,0.34938315516404894,1.8064448567518194,2943.4469894020003,turtle,cma_es,1,-1.4200931741864142,10
212,2120,-1.4095838982384539,-1.0399778812440033,0.31437805525671986,0.3494727014355317,1.8084391859911368,2955.440453579009,turtle,cma_es,1,-1.4200931741864142,10
213,2130,-1.3689155721258652,-0.8428505953677062,0.49350186051100425,0.3495415048554386,1.8100484594498276,2968.392706221988,turtle,cma_es,1,-1.4200931741864142,10
214,2140,-1.3972614303412794,-0.6953001751283199,0.5115500139597569,0.34951576427175857,1.8116421070598856,2981.595973716001,turtle,cma_es,1,-1.4200931741864142,10
215,2150,-1.4055820608090004,-1.1441616714751603,0.4074748654896328,0.349549881971681,1.8132376702766744,2992.660405311006,turtle,cma_es,1,-1.4200931741864142,10
216,2160,-1.3973634354448414,-1.1715852824765656,0.27439861100932644,0.3494995541953384,1.8147118423334718,3007.315570279985,turtle,cma_es,1,-1.4200931741864142,10
217,2170,-1.3887010162067464,-1.09283608817169,0.3567682848549499,0.3494148396180278,1.8160998139677391,3024.312619817996,turtle,cma_es,1,-1.4200931741864142,10
218,2180,-1.3667154281388356,-0.8310316668407186,0.45372857452688165,0.34940655483605665,1.8179124444806443,3035.162189302995,turtle,cma_es,1,-1.4200931741864142,10
219,2190,-1.3849255472038156,-0.8118628157538221,0.44094042619185353,0.34940374774685096,1.8196361613886463,3053.3964885780006,turtle,cma_es,1,-1.4200931741864142,10
220,2200,-1.3654083816420313,-1.0986201858145919,0.3430541687508135,0.34957959316225357,1.8216171760362243,3069.959208685992,turtle,cma_es,1,-1.4200931741864142,10
221,2210,-1.407631284233469,-1.1039135049139384,0.4451290092529821,0.34987352679962413,1.823297297783403,3082.8819428269926,turtle,cma_es,1,-1.4200931741864142,10
222,2220,-1.3947275651964928,-1.074756646658755,0.3192673762699815,0.35011292553863554,1.8247934757220883,3095.7397780139872,turtle,cma_es,1,-1.4200931741864142,10
223,2230,-1.3695899606984874,-1.0727509572998273,0.3209869617048114,0.3504118063391139,1.8263306101503447,3108.128272731992,turtle,cma_es,1,-1.4200931741864142,10
224,2240,-1.3976176717749125,-0.7152067175495523,0.38138526408264833,0.35058475137355966,1.8277930822760033,3124.3058121259965,turtle,cma_es,1,-1.4200931741864142,10
225,2250,-1.3848251750621552,-0.7744475906444739,0.4789518725064814,0.35079429746313157,1.8291935408718971,3141.1654274399916,turtle,cma_es,1,-1.4200931741864142,10
226,2260,-1.39680959969081,-0.8681076704831809,0.5567613620143996,0.3509737664201541,1.8306358220918522,3153.898677177989,turtle,cma_es,1,-1.4200931741864142,10
227,2270,-1.330474277820537,-0.8141675024520236,0.4902183246048257,0.3511150702350072,1.8325301271257275,3163.1809835300082,turtle,cma_es,1,-1.4200931741864142,10
228,2280,-1.36939959330667,-0.5934038038744973,0.5084391928723847,0.3513301726026016,1.8341649250289607,3174.8524606639985,turtle,cma_es,1,-1.4200931741864142,10
229,2290,-1.3790381231382778,-0.8310547944141007,0.5233775656556038,0.35145574303595595,1.8356162016832913,3188.379892972007,turtle,cma_es,1,-1.4200931741864142,10
230,2300,-1.2524140371118957,-0.6116554132789975,0.47066583433937714,0.3515530170761316,1.8369430547762589,3204.050556170987,turtle,cma_es,1,-1.4200931741864142,10
231,2310,-1.4153546549182758,-0.8276859614566175,0.5667157146509925,0.3518558649785922,1.8382088930017098,3221.085119307012,turtle,cma_es,1,-1.4200931741864142,10
232,2320,-1.2995205961400575,-0.875687907092846,0.3858523632006191,0.3520355761763635,1.8396524903402918,3233.545380143012,turtle,cma_es,1,-1.4200931741864142,10
233,2330,-1.3940139031195624,-1.16208035935419,0.19518390645474062,0.352273606098785,1.8412237247340166,3246.0396260650014,turtle,cma_es,1,-1.4200931741864142,10
234,2340,-1.1375260987693965,-0.7203909597978556,0.34779008026695923,0.3524525659130554,1.8428055753316606,3261.9375393899973,turtle,cma_es,1,-1.4200931741864142,10
235,2350,-1.4095345497192238,-1.0468214884150477,0.43480721860950766,0.3525812899171809,1.844094211408506,3274.996788555989,turtle,cma_es,1,-1.4200931741864142,10
236,2360,-1.3975692457465607,-1.026415685323538,0.4574327609951143,0.3525150448155705,1.8456532699182129,3288.7190299909853,turtle,cma_es,1,-1.4200931741864142,10
237,2370,-1.3716334342954353,-0.8445338701783864,0.520342466957272,0.3526304798848173,1.846800797442283,3304.411048820999,turtle,cma_es,1,-1.4200931741864142,10
238,2380,-1.3823802688052504,-0.697450000336864,0.532499697314816,0.3527956639927404,1.8482092473249607,3319.289034621994,turtle,cma_es,1,-1.4200931741864142,10
239,2390,-1.3856862606298082,-0.8993483087726432,0.503817964744352,0.35278283913214065,1.8493202078610549,3330.062616809999,turtle,cma_es,1,-1.4200931741864142,10
240,2400,-1.4138751255311224,-1.0344473617223353,0.3418073263856836,0.35262437330323626,1.8504315777328435,3344.398437249998,turtle,cma_es,1,-1.4200931741864142,10
241,2410,-1.327899959188123,-0.4694916083683604,0.5302300326013577,0.35254506866754515,1.8517141402161441,3357.615637877985,turtle,cma_es,1,-1.4200931741864142,10
242,2420,-1.3622786263814062,-1.0294515253681227,0.45585190835584294,0.35244742688374064,1.8529766888889663,3368.9869655910006,turtle,cma_es,1,-1.4200931741864142,10
243,2430,-1.3744037532659652,-1.1180663386006706,0.335805343100612,0.3523643490912834,1.8543610784298479,3383.208829239011,turtle,cma_es,1,-1.4200931741864142,10
244,2440,-1.4014559657282541,-0.9238494944361261,0.44319088374055354,0.35228514717935,1.8557827432624205,3397.827267787012,turtle,cma_es,1,-1.4200931741864142,10
245,2450,-1.3927421503449464,-1.128390613641306,0.2950770367600785,0.35205848095561043,1.8570786251197868,3411.3358103049977,turtle,cma_es,1,-1.4200931741864142,10
246,2460,-1.3489923458824746,-0.9441601727193245,0.4713038712288685,0.351972981545967,1.858432814491816,3424.5819724230096,turtle,cma_es,1,-1.4200931741864142,10
247,2470,-1.3533380736059426,-1.0496778339051802,0.32024870388120785,0.35192669354197226,1.8597182456423518,3436.525773586007,turtle,cma_es,1,-1.4200931741864142,10
248,2480,-1.377176162465882,-0.8517670559994996,0.5409421154805888,0.3522139738474294,1.8610596245195876,3447.509915825998,turtle,cma_es,1,-1.4200931741864142,10
249,2490,-1.3969904000621733,-0.8782586850182964,0.5032798707356789,0.3524556816677443,1.8624727983154328,3463.4187053350033,turtle,cma_es,1,-1.4200931741864142,10
250,2500,-1.382504099522615,-0.5583839980269906,0.5692634140767966,0.35258051543458,1.8636747889015488,3474.4111995410058,turtle,cma_es,1,-1.4200931741864142,10
251,2510,-1.35901131911006,-0.6838145747785429,0.513859536599881,0.3528118384146883,1.8647702449078467,3488.0949955219985,turtle,cma_es,1,-1.4200931741864142,10
252,2520,-1.3555363026443112,-0.9097637559514121,0.45410279365489764,0.3530167929739433,1.8656388936316202,3501.810966240999,turtle,cma_es,1,-1.4200931741864142,10
253,2530,-1.3532814385953653,-0.8205304679776635,0.5768254048747905,0.3534158825344688,1.8667250789649659,3513.440815601003,turtle,cma_es,1,-1.4200931741864142,10
254,2540,-1.4046803045523504,-1.0444907278979483,0.531261349459454,0.3537303573653804,1.8676949270793166,3527.523478104995,turtle,cma_es,1,-1.4200931741864142,10
255,2550,-1.3600110527707505,-1.0500974386050337,0.43811345992933204,0.35412011702777607,1.8685761603373316,3538.57691848799,turtle,cma_es,1,-1.4200931741864142,10
256,2560,-1.3457693462617542,-0.8409752889727032,0.5412039333561004,0.35452595326119113,1.869313410303395,3550.396876980987,turtle,cma_es,1,-1.4200931741864142,10
257,2570,-1.3469666737102504,-0.7694817661801057,0.5987494778705701,0.3547430369317757,1.8701372405194814,3566.548016046989,turtle,cma_es,1,-1.4200931741864142,10
258,2580,-1.3635316103618287,-0.8604009245935661,0.536112005636964,0.3549847554152161,1.8710842693262406,3577.774016696989,turtle,cma_es,1,-1.4200931741864142,10
259,2590,-1.3667233255864568,-0.9617635440474419,0.49895398341507263,0.35510735940253885,1.8718889985010636,3590.9798480460013,turtle,cma_es,1,-1.4200931741864142,10
260,2600,-1.3562986185386423,-1.2057516718980954,0.15228196950881276,0.3552400111850246,1.872645500310931,3604.2018563289894,turtle,cma_es,1,-1.4200931741864142,10
261,2610,-1.396569386841188,-1.0555315485181216,0.46988652157347227,0.3555499130799317,1.8732411418077806,3618.1469309150125,turtle,cma_es,1,-1.4200931741864142,10
262,2620,-1.3565899143747906,-0.838375311293424,0.5690923757091306,0.35553964176076963,1.8737908415255602,3629.732819372992,turtle,cma_es,1,-1.4200931741864142,10
263,2630,-1.2886683962759147,-0.7662001605052726,0.49202238301366774,0.3556408489922226,1.8742496701797036,3644.920327928994,turtle,cma_es,1,-1.4200931741864142,10
264,2640,-1.3617527259334725,-0.9492040932064402,0.3805628847487693,0.3556899954633668,1.8747879681582833,3661.3052287730097,turtle,cma_es,1,-1.4200931741864142,10
265,2650,-1.359287720452257,-0.9196496524753947,0.521617425795836,0.35621340655399003,1.875846240996519,3672.861341662996,turtle,cma_es,1,-1.4200931741864142,10
266,2660,-1.3412328991070552,-0.9817629130276959,0.43034764794184754,0.3566557109208698,1.87678987889394,3686.0589733259985,turtle,cma_es,1,-1.4200931741864142,10
267,2670,-1.2634765174287281,-0.6707624400551659,0.4906610926625989,0.357203317356365,1.8776935212387516,3700.125152444991,turtle,cma_es,1,-1.4200931741864142,10
268,2680,-1.3836130501034658,-1.1134172476746844,0.251298116217154,0.3577597084260191,1.8786252018784557,3712.182414578012,turtle,cma_es,1,-1.4200931741864142,10
269,2690,-1.3641783472100109,-0.821267350848317,0.545769475069587,0.3584913646208362,1.8796320998619822,3724.5756777120114,turtle,cma_es,1,-1.4200931741864142,10
270,2700,-1.3846878067632238,-0.874715869686353,0.5556034077427295,0.3590001487106882,1.8803696883592669,3739.854239821987,turtle,cma_es,1,-1.4200931741864142,10
271,2710,-1.3975484683068489,-0.9598123519418895,0.5155395363880447,0.35938669360115155,1.8814058686428532,3755.517738822993,turtle,cma_es,1,-1.4200931741864142,10
272,2720,-1.35551036956062,-0.3263262131662296,0.5266151712478293,0.35976422415240317,1.882548132942857,3772.4429164539906,turtle,cma_es,1,-1.4200931741864142,10
273,2730,-1.3667902694250307,-0.8679627664679643,0.5095822418470363,0.36020783784919946,1.8836530127879048,3785.7286349489877,turtle,cma_es,1,-1.4200931741864142,10
274,2740,-1.3159232527491076,-0.6943329628531748,0.5060616520544708,0.3607691300215723,1.8848863181013535,3804.9003898079973,turtle,cma_es,1,-1.4200931741864142,10
275,2750,-1.390097604828088,-0.8891308805523737,0.4968398705449785,0.3611645572702529,1.8863398472778194,3816.802374246996,turtle,cma_es,1,-1.4200931741864142,10
276,2760,-1.3939092932036043,-1.1216973376945074,0.3646969597854533,0.3617397700056354,1.887586927902407,3833.5247730030096,turtle,cma_es,1,-1.4200931741864142,10
277,2770,-1.3966970525255258,-0.6339239514488633,0.619249333620185,0.3623611662014394,1.8896249755126922,3850.0687630549946,turtle,cma_es,1,-1.4200931741864142,10
278,2780,-1.3933709199347657,-0.849706495188235,0.4473010403265923,0.36308572826160096,1.8912787503388375,3862.7559698859986,turtle,cma_es,1,-1.4200931741864142,10
279,2790,-1.3012220800999152,-0.8825310558361374,0.4213778393572506,0.3635890219859544,1.8929907696934178,3877.5808999429864,turtle,cma_es,1,-1.4200931741864142,10
280,2800,-1.0034049957574798,-0.5641313101251896,0.4161805696930111,0.36371834784744705,1.8945909487846904,3895.422944288992,turtle,cma_es,1,-1.4200931741864142,10
281,2810,-1.2760157744589433,-0.7758296107837885,0.3967631193719129,0.36384633937578914,1.8961755801136952,3906.9932989160006,turtle,cma_es,1,-1.4200931741864142,10
282,2820,-1.3582343387412203,-0.976728381266106,0.34690184276010194,0.3639997843917122,1.8976339338004364,3920.9296746990003,turtle,cma_es,1,-1.4200931741864142,10
283,2830,-1.3695228371641806,-0.7935981128898649,0.5066539341082527,0.3641197212901226,1.8990710392415928,3934.7265146560094,turtle,cma_es,1,-1.4200931741864142,10
284,2840,-1.3551214068193405,-0.9069812641504746,0.2617353378347472,0.36391709468255357,1.9003729144470767,3945.737094309996,turtle,cma_es,1,-1.4200931741864142,10
285,2850,-1.3751214640550566,-1.1418024821124317,0.3121855308584322,0.36385660709740186,1.9015173380450516,3957.886366477993,turtle,cma_es,1,-1.4200931741864142,10
286,2860,-1.387244420440302,-0.9036195371364482,0.43831653689819,0.3636721930757063,1.9029015255323967,3970.2465888760053,turtle,cma_es,1,-1.4200931741864142,10
287,2870,-1.4007250183900197,-0.8854190327124878,0.4402240322705692,0.363704029840062,1.9046639220845287,3984.2877436080016,turtle,cma_es,1,-1.4200931741864142,10
288,2880,-1.396087481732609,-1.0244876268075707,0.48510308637680866,0.3639733446213739,1.9061524602351732,4000.085885167995,turtle,cma_es,1,-1.4200931741864142,10
289,2890,-1.4064630897051424,-0.8093550679025142,0.5421905031189822,0.36424128785494314,1.908012863131453,4010.505555209995,turtle,cma_es,1,-1.4200931741864142,10
290,2900,-1.366749337175312,-1.0253196226409593,0.3780548197747932,0.3645275999276526,1.9096694054742598,4023.363969873986,turtle,cma_es,1,-1.4200931741864142,10
291,2910,-1.3390464871241274,-1.1084754352852144,0.2958789097768825,0.3646816778096327,1.9111493746829737,4035.6815853459993,turtle,cma_es,1,-1.4200931741864142,10
292,2920,-1.378470085470438,-1.1523976491064825,0.24377427192793658,0.36474409750227027,1.9126551595368004,4050.0274305460043,turtle,cma_es,1,-1.4200931741864142,10
293,2930,-1.36468240118589,-1.226993297724145,0.13630399657388714,0.3648253048539976,1.9137696195239853,4066.800615154003,turtle,cma_es,1,-1.4200931741864142,10
294,2940,-1.3961977218735484,-0.9290679642493718,0.46295766498484,0.3649717494616812,1.9150162671626578,4081.9934537379886,turtle,cma_es,1,-1.4200931741864142,10
295,2950,-1.3422281760460821,-1.1226272661578804,0.23043943663622082,0.3651019548909304,1.916030450176004,4095.7643770499853,turtle,cma_es,1,-1.4200931741864142,10
296,2960,-1.3648873060434195,-0.965489941156435,0.4012817117577766,0.36508473334793073,1.9170173957998087,4108.009912471985,turtle,cma_es,1,-1.4200931741864142,10
297,2970,-1.3557696503904122,-1.0343922275178026,0.2087174904679356,0.36485932026078316,1.9181296772361642,4122.585118066985,turtle,cma_es,1,-1.4200931741864142,10
298,2980,-1.3947800237197825,-1.0656917688139704,0.3530921677479439,0.36476665906300815,1.9192517066351407,4136.146212861,turtle,cma_es,1,-1.4200931741864142,10
299,2990,-1.3659881777175782,-0.9257878262359533,0.50487894009344,0.3645534354096896,1.9204117443291258,4147.010285100987,turtle,cma_es,1,-1.4200931741864142,10
300,3000,-1.3738779978497178,-1.134714306825487,0.38986672792264404,0.36434871722334483,1.9216120034511963,4157.865362843004,turtle,cma_es,1,-1.4200931741864142,10
301,3010,-1.3768905906663749,-1.0353490255646558,0.26646255170695543,0.36413270547522364,1.9226918896416454,4173.25219513601,turtle,cma_es,1,-1.4200931741864142,10
302,3020,-1.3654029885337549,-1.0645987769691407,0.43402744085598216,0.3638985209827137,1.923846095493953,4185.0609669169935,turtle,cma_es,1,-1.4200931741864142,10
303,3030,-1.391240492443739,-1.2853683703279266,0.12371092057471868,0.3637554044295545,1.9249503764197349,4199.929136351013,turtle,cma_es,1,-1.4200931741864142,10
304,3040,-1.392792506383219,-1.171640379112358,0.1903997388706505,0.36335279428350253,1.9260989415602365,4213.552616297995,turtle,cma_es,1,-1.4200931741864142,10
305,3050,-1.3564461890106418,-1.0963682178644585,0.3849493916823255,0.36304325373449353,1.9271411253414497,4226.408210969006,turtle,cma_es,1,-1.4200931741864142,10
306,3060,-1.366604330612092,-1.248482589984327,0.11289939770642002,0.36271801661005854,1.9281170778797498,4238.951950368995,turtle,cma_es,1,-1.4200931741864142,10
307,3070,-1.3594937212849274,-0.9732256180425557,0.44050083767490733,0.362449818126572,1.9289935770827684,4251.821743075998,turtle,cma_es,1,-1.4200931741864142,10
308,3080,-1.3588396181631985,-1.0066756034515294,0.5175131168448118,0.3623044802288244,1.9301676561071661,4265.5421260030125,turtle,cma_es,1,-1.4200931741864142,10
309,3090,-1.3633303382246575,-1.0981600249630163,0.28585428297655274,0.362138208749279,1.9312516915858822,4279.314325029001,turtle,cma_es,1,-1.4200931741864142,10
310,3100,-1.3692827843012392,-1.13687597913279,0.21558688604636944,0.36195371370857954,1.9327008325535784,4294.659372385009,turtle,cma_es,1,-1.4200931741864142,10
311,3110,-1.3629342458061684,-1.2272037840178385,0.13830994478880912,0.3616862938807719,1.9338379861634667,4306.291614599992,turtle,cma_es,1,-1.4200931741864142,10
312,3120,-1.3630589086109755,-1.2078042574047363,0.13739143506776927,0.36142195680119943,1.9348223228816144,4318.033036240988,turtle,cma_es,1,-1.4200931741864142,10
313,3130,-1.4028852073971185,-1.2307606348986924,0.23317562033208558,0.3611006414004762,1.936134749866627,4330.541896912007,turtle,cma_es,1,-1.4200931741864142,10
314,3140,-1.3669603046403278,-0.9881277829750956,0.4160942323377525,0.36095162914524404,1.9373248986329754,4344.47725595301,turtle,cma_es,1,-1.4200931741864142,10
315,3150,-1.395007697642522,-1.268211178293586,0.17366310864341464,0.3607938835306478,1.9384002249972234,4355.473628971988,turtle,cma_es,1,-1.4200931741864142,10
316,3160,-1.4076777380613166,-1.2513629399461796,0.29103841042388656,0.36072579537968946,1.9394314313629997,4364.493006180011,turtle,cma_es,1,-1.4200931741864142,10
317,3170,-1.4168336607271046,-1.318073327247007,0.10802659915166038,0.36074814300419783,1.9410392279576187,4376.576615313999,turtle,cma_es,1,-1.4200931741864142,10
318,3180,-1.3940238562130647,-1.1627710162511344,0.44320056928736945,0.36080729318241445,1.9422608507191788,4387.943239644985,turtle,cma_es,1,-1.4200931741864142,10
319,3190,-1.3972690270135466,-0.9957336220021255,0.4288956933648494,0.360758813783603,1.94359501355737,4402.918224535009,turtle,cma_es,1,-1.4200931741864142,10
320,3200,-1.3877617188504594,-1.0589576523944086,0.37481081928877763,0.36068507441958014,1.9447168631053857,4417.744287167996,turtle,cma_es,1,-1.4200931741864142,10
321,3210,-1.4056848499010473,-1.2242135915549242,0.2930141167210447,0.3604786389954225,1.9456625639457867,4432.685567640001,turtle,cma_es,1,-1.4200931741864142,10
322,3220,-1.3822422299489237,-1.1336622520250021,0.4193375505311854,0.36008251014431464,1.9467406556436913,4444.743697934988,turtle,cma_es,1,-1.4200931741864142,10
323,3230,-1.4044949175489068,-1.239580391033927,0.3625614185832497,0.35972874688622847,1.9483936533142339,4458.669221627992,turtle,cma_es,1,-1.4200931741864142,10
324,3240,-1.3889933228922766,-0.880748251640453,0.5896273810658479,0.35954412845875705,1.9496986381299,4469.563226808998,turtle,cma_es,1,-1.4200931741864142,10
325,3250,-1.413575248425663,-0.8007025345159064,0.588298379903575,0.35929368120519933,1.9510505995345684,4486.375943146006,turtle,cma_es,1,-1.4200931741864142,10
326,3260,-1.3902875148776914,-1.3012636511487876,0.1392012355528038,0.3591482650601196,1.9525331327036086,4498.061833985994,turtle,cma_es,1,-1.4200931741864142,10
327,3270,-1.3972932165278529,-0.9549991877412405,0.4203935490914566,0.35921617666392375,1.954162176960892,4512.227137009992,turtle,cma_es,1,-1.4200931741864142,10
328,3280,-1.3606099523933306,-1.1950957404200624,0.2886866324292524,0.3597672704437978,1.9559923186916282,4526.605796269985,turtle,cma_es,1,-1.4200931741864142,10
329,3290,-1.3948961220418985,-1.2989301718180042,0.08597659748016855,0.36024840076945824,1.957769524963916,4540.448441487999,turtle,cma_es,1,-1.4200931741864142,10
330,3300,-1.347457631570692,-0.7751438022234989,0.41921466530251855,0.36070259145825345,1.9598975416499447,4557.412318160001,turtle,cma_es,1,-1.4200931741864142,10
331,3310,-1.3565183744810545,-0.8788895658459918,0.3850017671664876,0.36117870928665335,1.9617620637094286,4569.812191762991,turtle,cma_es,1,-1.4200931741864142,10
332,3320,-1.4027694413574956,-1.133364863064576,0.2762590190333508,0.362057326577833,1.963476219990663,4581.075397183013,turtle,cma_es,1,-1.4200931741864142,10
333,3330,-1.3978892627568795,-1.1677006426302146,0.3678353022215664,0.362933923672828,1.9653461511461667,4596.600645605999,turtle,cma_es,1,-1.4200931741864142,10
334,3340,-1.40681817831575,-1.0683152239363345,0.3980717999496844,0.36374282812107167,1.9671108226830138,4609.276334389986,turtle,cma_es,1,-1.4200931741864142,10
335,3350,-1.4208310310995653,-0.9640200523688904,0.3874799606005705,0.36448943624599717,1.9685229003731335,4625.324905721995,turtle,cma_es,1,-1.4208310310995653,10
336,3360,-1.3910377176817423,-0.7902504789995908,0.5344745693529223,0.3650534891180248,1.969925200471689,4640.75144260301,turtle,cma_es,1,-1.4208310310995653,10
337,3370,-1.4142367093743573,-1.0723683472129175,0.4446404453988634,0.3657543789795066,1.9713944794403213,4652.533628601988,turtle,cma_es,1,-1.4208310310995653,10
338,3380,-1.3672741483192858,-0.9833661940339248,0.3799394270688475,0.3665384397043061,1.972819826742043,4667.409431407985,turtle,cma_es,1,-1.4208310310995653,10
339,3390,-1.3978955330680725,-1.0907468417699087,0.3668503002281521,0.36728263954811036,1.9741164958692936,4679.627052185999,turtle,cma_es,1,-1.4208310310995653,10
340,3400,-1.409834177238202,-0.920109785286631,0.5208880909315639,0.3683873004393154,1.9757419871928605,4694.748613156,turtle,cma_es,1,-1.4208310310995653,10
341,3410,-1.3886554297045528,-0.9312867809700386,0.49101871724170293,0.3695200765828832,1.9773175795837679,4705.6869430750085,turtle,cma_es,1,-1.4208310310995653,10
342,3420,-1.3548797477729808,-1.0993880087744443,0.4085899025330994,0.3707416355578497,1.9788790094202937,4721.222854360996,turtle,cma_es,1,-1.4208310310995653,10
343,3430,-1.3909698017161185,-0.6330860867732782,0.6042458809345578,0.3717467162014691,1.980442576720425,4734.777510582004,turtle,cma_es,1,-1.4208310310995653,10
344,3440,-1.4000333332761796,-0.7403907864360874,0.5804597566571443,0.3726705053886098,1.9818826501006275,4753.197246308991,turtle,cma_es,1,-1.4208310310995653,10
345,3450,-1.399862937110619,-0.7313140088183657,0.6376987447707433,0.3735837864237535,1.9830695362999864,4767.518669796991,turtle,cma_es,1,-1.4208310310995653,10
346,3460,-1.3937388141791782,-1.165457212508521,0.34418108806975256,0.3744333010067593,1.9844824748130534,4784.532684401987,turtle,cma_es,1,-1.4208310310995653,10
347,3470,-1.3985191598979618,-0.8667305992935315,0.5839329246136941,0.37526634064122905,1.9858636187329521,4803.584698221006,turtle,cma_es,1,-1.4208310310995653,10
348,3480,-1.4053815299665162,-1.084623720808838,0.3774950118353263,0.3757673003808386,1.987203117762857,4822.579341987002,turtle,cma_es,1,-1.4208310310995653,10
349,3490,-1.4026689662326435,-1.2399100941561798,0.26466174462598197,0.3761390319523777,1.9884013448101778,4840.426367511012,turtle,cma_es,1,-1.4208310310995653,10
350,3500,-1.399637448598102,-1.0553184894853251,0.4307696292362329,0.37649704518248744,1.9896345753092937,4852.471186178009,turtle,cma_es,1,-1.4208310310995653,10
351,3510,-1.378646279705868,-1.1066247053635994,0.4208354152417727,0.3767764138881523,1.990883768085255,4866.930850832985,turtle,cma_es,1,-1.4208310310995653,10
352,3520,-1.3999931662084988,-0.7759482732432958,0.5756247023949811,0.37716260323942347,1.9924391760064668,4881.439152736013,turtle,cma_es,1,-1.4208310310995653,10
353,3530,-1.3896523964703063,-0.9746381893025633,0.47050692933984734,0.37746611970405575,1.9944288336828135,4894.4685466189985,turtle,cma_es,1,-1.4208310310995653,10
354,3540,-1.3948996836377496,-0.8329948879517957,0.6227835694352998,0.3778888409729501,1.9961752074092662,4909.020624952012,turtle,cma_es,1,-1.4208310310995653,10
355,3550,-1.3802754041842364,-1.1523856511265538,0.3929397422419669,0.3782658036482205,1.9978644308899207,4924.149937193986,turtle,cma_es,1,-1.4208310310995653,10
356,3560,-1.404401670753642,-0.8406699838059228,0.5640009479831448,0.3783721391229074,1.9994115241038994,4938.479819119006,turtle,cma_es,1,-1.4208310310995653,10
357,3570,-1.4132856493025985,-1.169867426352535,0.38853706197287724,0.3783656471727605,2.000652971052006,4951.476959991996,turtle,cma_es,1,-1.4208310310995653,10
358,3580,-1.4043019686629314,-0.8586664241114988,0.6136177051170101,0.3783239551174319,2.0018851351949194,4962.397129893012,turtle,cma_es,1,-1.4208310310995653,10
359,3590,-1.4126751107718993,-0.8786243711584726,0.6176361166200194,0.378335247422672,2.003068908832882,4976.419808723003,turtle,cma_es,1,-1.4208310310995653,10
360,3600,-1.423875018866834,-0.18318004752628889,0.4212523699804115,0.3784550103881551,2.0042950899908503,4996.168416423985,turtle,cma_es,1,-1.423875018866834,10
361,3610,-1.412076163385474,-0.5799254940337433,0.5833995328002249,0.3785284782238463,2.0053384816845647,5013.155306069995,turtle,cma_es,1,-1.423875018866834,10
362,3620,-1.3911788941670533,-1.2155180513064272,0.34854322033757734,0.3786163832598704,2.00677516656481,5029.340321219992,turtle,cma_es,1,-1.423875018866834,10
363,3630,-1.3759182469221134,-1.0713338963825163,0.4279673763205227,0.37882488179343027,2.0081327858765023,5043.479887947993,turtle,cma_es,1,-1.423875018866834,10
364,3640,-1.400159614959386,-1.063917044758016,0.43626913354263125,0.3788474029231643,2.0095739458911286,5054.554049383005,turtle,cma_es,1,-1.423875018866834,10
365,3650,-1.3954549539467251,-1.1668182479050428,0.34679681091123693,0.37871037616437886,2.0110612748413432,5065.710112383007,turtle,cma_es,1,-1.423875018866834,10
366,3660,-1.3821141886017836,-1.027000949480993,0.40723475643255125,0.37857721213150736,2.0123026994758253,5078.398722090002,turtle,cma_es,1,-1.423875018866834,10
367,3670,-1.3591998318892413,-0.7243894842959782,0.49494301152328307,0.3783692403442178,2.0134874947074572,5095.741920355009,turtle,cma_es,1,-1.423875018866834,10
368,3680,-1.4145961049527802,-1.2261492826428864,0.17569347477749753,0.3781316393100896,2.0145310432282884,5109.284269372991,turtle,cma_es,1,-1.423875018866834,10
369,3690,-1.4165192143774918,-0.8289426885549614,0.5907471778658364,0.3776664938455917,2.0155041149629787,5124.986835029005,turtle,cma_es,1,-1.423875018866834,10
370,3700,-1.3911471219462408,-0.6774313706963037,0.6742602551948981,0.3771879752809199,2.016324706247765,5138.872838362004,turtle,cma_es,1,-1.423875018866834,10
371,3710,-1.3778026614670509,-0.7051619432281044,0.5789676522429925,0.37678487738689564,2.0169928847972316,5151.787075494009,turtle,cma_es,1,-1.423875018866834,10
372,3720,-1.4067511943144124,-1.1530688298538758,0.3589595338395302,0.3761397100099146,2.0177683351590563,5166.24619336499,turtle,cma_es,1,-1.423875018866834,10
373,3730,-1.385034778088582,-1.0906719069458362,0.3599390337829217,0.37571665740151966,2.0183522224744896,5180.730276666989,turtle,cma_es,1,-1.423875018866834,10
374,3740,-1.3985733929555035,-1.1416459982666336,0.4053217001090808,0.37531976251399013,2.0188112278413746,5193.84517693799,turtle,cma_es,1,-1.423875018866834,10
375,3750,-1.358278844869635,-0.7878540519589838,0.5354805444869782,0.3747650803304765,2.0193461537398116,5208.367383542005,turtle,cma_es,1,-1.423875018866834,10
376,3760,-1.3819629431334999,-0.9309803670430972,0.4772224113268982,0.37432610107876135,2.0197262308918824,5221.250097749988,turtle,cma_es,1,-1.423875018866834,10
377,3770,-1.3707731762979414,-1.2090614350474067,0.10389903479755272,0.37399828687135317,2.020019743426889,5232.394002627989,turtle,cma_es,1,-1.423875018866834,10
378,3780,-1.4172873385630655,-1.3010707259417873,0.10140085696381755,0.3739172680457165,2.0203426380569254,5246.164983963012,turtle,cma_es,1,-1.423875018866834,10
379,3790,-1.407512188918914,-1.10643104462339,0.4067163404993132,0.37407207507749796,2.0207806189309094,5261.610231872997,turtle,cma_es,1,-1.423875018866834,10
380,3800,-1.3952724390779911,-0.9660711439091567,0.5815385862641891,0.37400509511983515,2.0211662347554835,5273.453087472997,turtle,cma_es,1,-1.423875018866834,10
381,3810,-1.384021697743849,-1.225434601507035,0.2863490638002898,0.37396486233056797,2.0218867548650583,5288.895182362001,turtle,cma_es,1,-1.423875018866834,10
382,3820,-1.391763855265025,-1.217473803899651,0.21743282303915928,0.3741372749276424,2.0228642917175175,5300.856130202999,turtle,cma_es,1,-1.423875018866834,10
383,3830,-1.3852521070642814,-1.0674269110680688,0.46952741422882005,0.3742853811728705,2.0237166965119378,5313.639315849985,turtle,cma_es,1,-1.423875018866834,10
384,3840,-1.4084043831077082,-1.3040545745837142,0.09444149189605984,0.374283569919544,2.0244978081968035,5323.634287919005,turtle,cma_es,1,-1.423875018866834,10
385,3850,-1.3870266634629456,-0.9828718722778623,0.5176774317487641,0.374195175044675,2.0251476735486666,5336.193023316999,turtle,cma_es,1,-1.423875018866834,10
386,3860,-1.3838643979589262,-1.0549995273999002,0.4758747474199084,0.37415342524274986,2.0259046858816525,5349.101325735013,turtle,cma_es,1,-1.423875018866834,10
387,3870,-1.4080034194061923,-1.071550712942006,0.55083623977902,0.3740552101826086,2.026743121915894,5364.8383308929915,turtle,cma_es,1,-1.423875018866834,10
388,3880,-1.4122932190723265,-0.9835206228150017,0.5359758277309032,0.3742352051561566,2.0276082535621103,5379.707174813986,turtle,cma_es,1,-1.423875018866834,10
389,3890,-1.3792989472376567,-0.9286877736403477,0.5865394195200554,0.3745288297682138,2.028431535852099,5393.691942429985,turtle,cma_es,1,-1.423875018866834,10
390,3900,-1.384986755965869,-1.3218995504103457,0.043933106894478303,0.3747555926652382,2.0292135897984362,5406.043861373997,turtle,cma_es,1,-1.423875018866834,10
391,3910,-1.415919087032763,-1.2264381405206843,0.2646831055284594,0.37516462851631943,2.0299503553739995,5419.919943379005,turtle,cma_es,1,-1.423875018866834,10
392,3920,-1.402162030021148,-1.2471435418854981,0.16475442822049705,0.3752629285503459,2.030489260527145,5431.910677890992,turtle,cma_es,1,-1.423875018866834,10
393,3930,-1.3590346649922598,-1.0833782945881834,0.42707632329905265,0.37538350893818945,2.0312120132637594,5443.869637296011,turtle,cma_es,1,-1.423875018866834,10
394,3940,-1.3905736192603166,-0.9699910366407618,0.46718151149500114,0.37535934862801296,2.031879867547067,5457.582050132012,turtle,cma_es,1,-1.423875018866834,10
395,3950,-1.3698985556598045,-1.1614122766385424,0.26038559103039244,0.37518080516183344,2.032439346774007,5468.036301846005,turtle,cma_es,1,-1.423875018866834,10
396,3960,-1.3652694908900749,-1.168876998830628,0.24869567081660957,0.3751724112312803,2.033121596347559,5478.883473975002,turtle,cma_es,1,-1.423875018866834,10
397,3970,-1.3648941052098396,-0.9149307115242327,0.4661877831146836,0.3749198712801517,2.0335251482505177,5492.169267657009,turtle,cma_es,1,-1.423875018866834,10
398,3980,-1.2866448509547617,-0.916349794735692,0.3675853627877703,0.37469124370394424,2.0342167298289633,5502.717441808985,turtle,cma_es,1,-1.423875018866834,10
399,3990,-1.3512551882225008,-1.2401739244937662,0.10337712618064884,0.37438467664009784,2.034924948237122,5516.657059591002,turtle,cma_es,1,-1.423875018866834,10
400,4000,-1.3494496023605196,-1.232872167116358,0.10720209821290239,0.37407361638529957,2.0355567898775173,5529.674024554988,turtle,cma_es,1,-1.423875018866834,10
401,4010,-1.3302508725024325,-0.8545339041056934,0.44953536065937405,0.37391618395787835,2.036012979516231,5540.907869096001,turtle,cma_es,1,-1.423875018866834,10
402,4020,-1.3324507829426597,-1.1060991202485777,0.1760743000007259,0.37349890411729303,2.036573973671667,5555.235213818989,turtle,cma_es,1,-1.423875018866834,10
403,4030,-1.3523673318977707,-1.1733698551528935,0.2589445080315925,0.37327023280289573,2.0368924243082813,5567.9820364179905,turtle,cma_es,1,-1.423875018866834,10
404,4040,-1.3134729083124128,-1.1636892638971772,0.16506690943928706,0.37283655352222345,2.0382326977892102,5581.236439553992,turtle,cma_es,1,-1.423875018866834,10
405,4050,-1.354574403616466,-1.212195978857601,0.17714471165196996,0.37238359695625123,2.0389429653284226,5593.774530297989,turtle,cma_es,1,-1.423875018866834,10
406,4060,-1.39685323126767,-1.2386929582392991,0.2026066972867483,0.3720856907400433,2.0398036084188376,5607.732023810007,turtle,cma_es,1,-1.423875018866834,10
407,4070,-1.3669197712398375,-1.1442465576716092,0.2836325085382943,0.37192929155872567,2.0403858580927143,5622.417849435005,turtle,cma_es,1,-1.423875018866834,10
408,4080,-1.3913387790191631,-1.2610381241588478,0.14241577363686955,0.3718629031376027,2.0411320097929786,5631.093714354007,turtle,cma_es,1,-1.423875018866834,10
409,4090,-1.356559347863544,-1.220654707012391,0.1587658477891475,0.37201722376829804,2.042034315744696,5643.70715260299,turtle,cma_es,1,-1.423875018866834,10
410,4100,-1.386062872297848,-1.223279788588106,0.25596195539615113,0.37208737818178433,2.0426614799752474,5656.009375225985,turtle,cma_es,1,-1.423875018866834,10
411,4110,-1.406709902373036,-1.2687965057542598,0.08065583697245549,0.3721910617312153,2.0432215308918527,5667.222371459007,turtle,cma_es,1,-1.423875018866834,10
412,4120,-1.383902170806345,-1.2209650615913652,0.18296493162629018,0.37237830735849553,2.0438268630064647,5682.476501178986,turtle,cma_es,1,-1.423875018866834,10
413,4130,-1.3608801559231214,-1.219663852935623,0.12814285644951062,0.3726550739741665,2.0445101413083218,5696.336329114012,turtle,cma_es,1,-1.423875018866834,10
414,4140,-1.379555885580781,-1.3172503178915456,0.045076305260964095,0.37286106238736644,2.0449587132330587,5709.802037012007,turtle,cma_es,1,-1.423875018866834,10
415,4150,-1.390615464140006,-1.279212647764774,0.07552510908222919,0.3731266233220197,2.0456069366166045,5721.743799658987,turtle,cma_es,1,-1.423875018866834,10
416,4160,-1.3627537702631605,-1.2232855246414993,0.13178002475647557,0.373241675045612,2.0462783041891246,5731.969071131985,turtle,cma_es,1,-1.423875018866834,10
417,4170,-1.4079110153336636,-1.2811575910834674,0.12183682427831102,0.3734756642077845,2.046654540376066,5744.849480356992,turtle,cma_es,1,-1.423875018866834,10
418,4180,-1.3865790517807142,-1.2592813560685783,0.16477039665786233,0.3739415633838583,2.0470557393815043,5755.4358661659935,turtle,cma_es,1,-1.423875018866834,10
419,4190,-1.377418631379391,-1.2016442104227973,0.25203828988684207,0.37427946016909397,2.047473735096446,5768.808951395011,turtle,cma_es,1,-1.423875018866834,10
420,4200,-1.409299150573215,-1.1602912723547845,0.3121665877520642,0.37456953700693346,2.04781617387218,5782.914690025005,turtle,cma_es,1,-1.423875018866834,10
421,4210,-1.4147286670188493,-1.2661871602874573,0.16245861083092705,0.3746340701789335,2.048422382120324,5796.554155791993,turtle,cma_es,1,-1.423875018866834,10
422,4220,-1.3981669792180957,-1.3489208710218563,0.058071567894411716,0.37482071874306655,2.0490162626804582,5807.703389968985,turtle,cma_es,1,-1.423875018866834,10
423,4230,-1.3950523665054817,-1.3148366138900152,0.04793902515813795,0.3748879877212696,2.0494806003617785,5822.414261728001,turtle,cma_es,1,-1.423875018866834,10
424,4240,-1.4214736898406954,-1.273888980756763,0.11775354197590271,0.37478921973309204,2.049910057893867,5832.758649121999,turtle,cma_es,1,-1.423875018866834,10
425,4250,-1.4075520892589823,-0.9583222331158918,0.600735279653265,0.374541300108706,2.0504314276021693,5844.580849705002,turtle,cma_es,1,-1.423875018866834,10
426,4260,-1.4080649445147007,-1.2729421995000376,0.1157048521226673,0.3744154744672544,2.0510243424335086,5854.965613429988,turtle,cma_es,1,-1.423875018866834,10
427,4270,-1.3970102323891807,-1.2635973418164994,0.14205203887891557,0.3742229120774668,2.051619539261187,5867.787529171997,turtle,cma_es,1,-1.423875018866834,10
428,4280,-1.3911863649602054,-1.2939352601682788,0.08856942379386644,0.37421743548646186,2.052179137321648,5880.633976034995,turtle,cma_es,1,-1.423875018866834,10
429,4290,-1.3906354189475394,-1.0888601249156542,0.4554604644492177,0.37449982485416755,2.0528329312789038,5897.345759346004,turtle,cma_es,1,-1.423875018866834,10
430,4300,-1.4011933576862594,-1.3510810805318052,0.057098521056238305,0.3747058400466337,2.0534154566679192,5909.5443473669875,turtle,cma_es,1,-1.423875018866834,10
431,4310,-1.4142490221497344,-1.1975528790093093,0.4138124793939555,0.3747872151797686,2.0539560801696846,5922.799224115006,turtle,cma_es,1,-1.423875018866834,10
432,4320,-1.3950367307054048,-0.9846295801902262,0.49203033867810886,0.3749272932732317,2.054424526132542,5940.070161701995,turtle,cma_es,1,-1.423875018866834,10
433,4330,-1.397401216065381,-1.3196986205665386,0.10676362334582737,0.3750369523207416,2.054770766400491,5954.629117712,turtle,cma_es,1,-1.423875018866834,10
434,4340,-1.357408515498098,-1.3099231312420585,0.047329341284858356,0.37517337162612524,2.0551770076462454,5964.795378073002,turtle,cma_es,1,-1.423875018866834,10
435,4350,-1.3976823179499984,-1.3114694820773667,0.07202388012482602,0.37527610086118524,2.0556216042620954,5975.233834999992,turtle,cma_es,1,-1.423875018866834,10
436,4360,-1.397815289511108,-1.3617494962207908,0.0344379777388915,0.375396758657367,2.0558513077513205,5987.985884427006,turtle,cma_es,1,-1.423875018866834,10
437,4370,-1.4183783876076248,-1.2395768162354082,0.4090474457426088,0.3754686899512301,2.0560558987354955,5997.818474235013,turtle,cma_es,1,-1.423875018866834,10
438,4380,-1.4003691825134394,-1.3627560139203752,0.026146126143303163,0.3753945872031775,2.0562995113282723,6009.686622036999,turtle,cma_es,1,-1.423875018866834,10
439,4390,-1.4069513712277564,-1.3578546216706837,0.05910252010290486,0.37535000902292764,2.056715885248647,6022.947299291001,turtle,cma_es,1,-1.423875018866834,10
440,4400,-1.4001670478127348,-1.363116836752929,0.03859050654863501,0.37566219726413536,2.056893198352204,6035.1502238409885,turtle,cma_es,1,-1.423875018866834,10
441,4410,-1.395985870118313,-1.229075227599424,0.31143988107513754,0.37576261393055077,2.057069053212805,6045.169174743001,turtle,cma_es,1,-1.423875018866834,10
442,4420,-1.3905368339393993,-0.989098815828406,0.5287339667687426,0.37584613846367587,2.0574001050318484,6060.594596509007,turtle,cma_es,1,-1.423875018866834,10
443,4430,-1.3995196796803544,-1.208353020543171,0.33623207944960803,0.375763026933917,2.057633795701279,6069.7651890539855,turtle,cma_es,1,-1.423875018866834,10
444,4440,-1.392526149837014,-1.2431536728233816,0.3120945299306617,0.37528205255501723,2.0579193095629247,6083.454413825995,turtle,cma_es,1,-1.423875018866834,10
445,4450,-1.3904750773869852,-1.252483718023042,0.3168581723561232,0.37483384852769125,2.0581715797251237,6093.516983115987,turtle,cma_es,1,-1.423875018866834,10
446,4460,-1.4108695978928028,-1.2558674779614336,0.3329477722249047,0.37417921491392964,2.0584062636365026,6104.351508477994,turtle,cma_es,1,-1.423875018866834,10
447,4470,-1.4082456017551106,-0.9395847453811357,0.539276459709168,0.37353711321983135,2.0588618176904827,6117.979931546986,turtle,cma_es,1,-1.423875018866834,10
448,4480,-1.4115620076093185,-1.292717169206419,0.19418320194692684,0.3729857790487407,2.059403628110786,6134.88711784,turtle,cma_es,1,-1.423875018866834,10
449,4490,-1.4139498953795302,-1.3891012183563674,0.017603342744676325,0.3724021467153804,2.0597899817521497,6148.296206831001,turtle,cma_es,1,-1.423875018866834,10
450,4500,-1.3984570532557674,-0.9496373423444009,0.5506531214248468,0.3717869354708309,2.060227383090069,6160.159801908012,turtle,cma_es,1,-1.423875018866834,10
451,4510,-1.4111602819331823,-1.0515775295532968,0.45546802258510277,0.37125160512885114,2.0606202308802417,6170.725691680011,turtle,cma_es,1,-1.423875018866834,10
452,4520,-1.3993813184689632,-1.2120461182191273,0.39475704239446463,0.37087273024486844,2.060840488310626,6183.983244303992,turtle,cma_es,1,-1.423875018866834,10
453,4530,-1.4074888481786845,-1.372898271728963,0.02945083962657259,0.3706534524320596,2.061376670876121,6197.167682948988,turtle,cma_es,1,-1.423875018866834,10
454,4540,-1.4016247588062507,-1.2319255132275406,0.3077201932043676,0.3704984091475217,2.061623010654389,6210.493547624996,turtle,cma_es,1,-1.423875018866834,10
455,4550,-1.4072827629354974,-1.3465496811553002,0.11254474032143512,0.3705190482836891,2.061880244183047,6226.427780858008,turtle,cma_es,1,-1.423875018866834,10
456,4560,-1.399030956537187,-1.2534272093701846,0.32009047101519567,0.3705498435393238,2.0622329977887963,6239.189980305004,turtle,cma_es,1,-1.423875018866834,10
457,4570,-1.4179729676312567,-1.3206327142715644,0.1117553402627126,0.3704382950741114,2.062484516896973,6251.273497443995,turtle,cma_es,1,-1.423875018866834,10
458,4580,-1.4152852284679902,-0.8923007786001126,0.5404771651048956,0.37031295619985793,2.062781264440443,6262.204937626986,turtle,cma_es,1,-1.423875018866834,10
459,4590,-1.4168060160626696,-1.0262852585171904,0.5077771175936052,0.3702442018145529,2.062837792397634,6278.862496241985,turtle,cma_es,1,-1.423875018866834,10
460,4600,-1.406114341672831,-1.0892551407595827,0.45283827586809905,0.37041410724281576,2.0629554912486556,6294.306550176989,turtle,cma_es,1,-1.423875018866834,10
461,4610,-1.3982717578841726,-1.2016275234715041,0.28114418880889974,0.37046999633034755,2.0633281626130815,6305.204122703988,turtle,cma_es,1,-1.423875018866834,10
462,4620,-1.404911385156983,-0.9994536062094159,0.559454415191408,0.3706199042200971,2.063701561682008,6316.8542729630135,turtle,cma_es,1,-1.423875018866834,10
463,4630,-1.3903037556571807,-1.2277706997711841,0.30167263048901416,0.3708562058004241,2.0641717719797015,6329.182813035994,turtle,cma_es,1,-1.423875018866834,10
464,4640,-1.4044780181397742,-1.2462413899952416,0.3098900247755291,0.3711582022196861,2.064545450368094,6340.576528333011,turtle,cma_es,1,-1.423875018866834,10
465,4650,-1.4042990805504862,-1.160042561071203,0.42884982835237917,0.37146240975918515,2.064969636100652,6353.462596622005,turtle,cma_es,1,-1.423875018866834,10
466,4660,-1.4152255143564707,-1.3610960021670777,0.030881909532309685,0.3717938684437017,2.0653958326160127,6366.794585175987,turtle,cma_es,1,-1.423875018866834,10
467,4670,-1.4101965084830015,-1.1420449667570716,0.4034179665588237,0.37224416210134176,2.0658489696169307,6382.1368566979945,turtle,cma_es,1,-1.423875018866834,10
468,4680,-1.4051987831191664,-1.3444313045890457,0.043378850489033005,0.37280699266125145,2.0661518145055817,6395.6499779000005,turtle,cma_es,1,-1.423875018866834,10
469,4690,-1.3955709012255513,-1.3459984178648579,0.036343972204427255,0.3734472872928733,2.066334736878659,6407.506945345987,turtle,cma_es,1,-1.423875018866834,10
470,4700,-1.406691847980377,-1.3249452616732982,0.14584027319267343,0.37423335941203356,2.0665764108478677,6422.418649859988,turtle,cma_es,1,-1.423875018866834,10
471,4710,-1.3903928697690064,-1.1827301107450814,0.2969354633135227,0.3748190772122322,2.0669852568204687,6434.758976756013,turtle,cma_es,1,-1.423875018866834,10
472,4720,-1.3940086247923604,-1.2013056397134345,0.32406759684929565,0.37515061993485793,2.0671336241951965,6444.118534476991,turtle,cma_es,1,-1.423875018866834,10
473,4730,-1.4077898598673961,-1.3284617663482836,0.07094747838177946,0.3754970806235094,2.0673586939875745,6456.329951639986,turtle,cma_es,1,-1.423875018866834,10
474,4740,-1.4149914944610895,-1.3857130985712183,0.024571738427823377,0.37568917604219415,2.067664489670558,6468.531300892995,turtle,cma_es,1,-1.423875018866834,10
475,4750,-1.4017398527532956,-1.2652512672437275,0.18727594633126698,0.375967447409585,2.067815505691687,6483.374917646986,turtle,cma_es,1,-1.423875018866834,10
476,4760,-1.4110050130623204,-1.2333453385707984,0.41412349929155085,0.3761565090478553,2.068169748655008,6496.037742065993,turtle,cma_es,1,-1.423875018866834,10
477,4770,-1.412835405189579,-1.231513082228699,0.41272761855139567,0.37642161519586204,2.068436559600482,6509.453776323993,turtle,cma_es,1,-1.423875018866834,10
478,4780,-1.41011744885438,-1.3716400013768015,0.059374666755936556,0.3767694449250919,2.0685809157750423,6523.6825007490115,turtle,cma_es,1,-1.423875018866834,10
479,4790,-1.4059413620106014,-1.2450550645279943,0.4150582333786109,0.3770950975590866,2.0687941568195054,6539.5632228429895,turtle,cma_es,1,-1.423875018866834,10
480,4800,-1.4068318600394791,-1.3804154485897648,0.025043167626138094,0.37758553522839616,2.0690077555682453,6552.712618491991,turtle,cma_es,1,-1.423875018866834,10
481,4810,-1.3902623209177998,-0.9432129664658507,0.6061605812418844,0.3778934647817049,2.0692127801405724,6570.203338358988,turtle,cma_es,1,-1.423875018866834,10
482,4820,-1.3949229533571499,-1.306036757890047,0.10897903630632519,0.37790359787725314,2.0703529406101038,6586.510651073011,turtle,cma_es,1,-1.423875018866834,10
483,4830,-1.4013234376035086,-1.365190482724175,0.023914326391866428,0.3778126763323346,2.070518116371533,6605.305057697988,turtle,cma_es,1,-1.423875018866834,10
484,4840,-1.3990104512349344,-1.370507866183013,0.028905500699227503,0.37800038906966926,2.070784638452135,6617.708539487008,turtle,cma_es,1,-1.423875018866834,10
485,4850,-1.4041492854049382,-1.3673205462942524,0.03264021965717815,0.3782467897363296,2.0707815226028643,6630.897705345007,turtle,cma_es,1,-1.423875018866834,10
486,4860,-1.3969768725333127,-1.1015328102934032,0.5478147549968783,0.3784235388402998,2.07112033334227,6645.320706099999,turtle,cma_es,1,-1.423875018866834,10
487,4870,-1.4050155513683826,-1.131340425513371,0.46326780521883004,0.37876132650856503,2.0711722250061935,6655.039792277006,turtle,cma_es,1,-1.423875018866834,10
488,4880,-1.4104427010628653,-1.3822831334539214,0.026485967294558755,0.378925127762678,2.071288749896509,6667.127916199999,turtle,cma_es,1,-1.423875018866834,10
489,4890,-1.4058675817120214,-1.2211621853044943,0.41185098803711945,0.37925179583080243,2.0712618032482584,6682.406392259989,turtle,cma_es,1,-1.423875018866834,10
490,4900,-1.403957864061475,-1.3859431545498606,0.01467073854043756,0.3794958734688835,2.071294050712232,6695.423366745003,turtle,cma_es,1,-1.423875018866834,10
491,4910,-1.4144037848950788,-1.2332025156512796,0.40736415687877714,0.37952326602969494,2.0715525884685175,6706.933727480995,turtle,cma_es,1,-1.423875018866834,10
492,4920,-1.4026834522974267,-1.3469611574332678,0.07800638995173477,0.37951316065396634,2.071806608922768,6723.486406573997,turtle,cma_es,1,-1.423875018866834,10
493,4930,-1.4140884676946222,-1.1396655157274715,0.5094793490244276,0.3794847520611092,2.0720332304757854,6746.80842456501,turtle,cma_es,1,-1.423875018866834,10
494,4940,-1.416904240139278,-1.3830481297269526,0.033585191905115705,0.37986418133612865,2.0721003819825934,6765.919883616996,turtle,cma_es,1,-1.423875018866834,10
495,4950,-1.4200116771689864,-1.273984363315844,0.35036208172376837,0.38015909197450226,2.072276155282856,6781.929072777013,turtle,cma_es,1,-1.423875018866834,10
496,4960,-1.4208732040694478,-1.405558515983198,0.016348568429005648,0.3803806599675039,2.0723481727293946,6799.409010581003,turtle,cma_es,1,-1.423875018866834,10
497,4970,-1.4001224802025822,-1.2079511481604643,0.3837368755103843,0.3803884485604736,2.0725771262891484,6816.31043161999,turtle,cma_es,1,-1.423875018866834,10
498,4980,-1.400077132631016,-1.2374297280440643,0.32569196688163926,0.38057264116027234,2.0726006677745366,6830.296683622,turtle,cma_es,1,-1.423875018866834,10
499,4990,-1.4178320811223104,-1.0388896980247693,0.5177117772375983,0.38076138536124227,2.0725915851154624,6850.027729171998,turtle,cma_es,1,-1.423875018866834,10
500,5000,-1.414719777845475,-1.1547567240466825,0.4296419263051902,0.3806655097121992,2.072682216495093,6865.7279928569915,turtle,cma_es,1,-1.423875018866834,10
501,5010,-1.4096015963873718,-1.2276000869788768,0.4291742699258743,0.38057850335893695,2.072778000598921,6881.734582639008,turtle,cma_es,1,-1.423875018866834,10
502,5020,-1.424662320165953,-1.3244720056657875,0.19015859812297806,0.3803958956024346,2.073135125784798,6896.653055665985,turtle,cma_es,1,-1.424662320165953,10
503,5030,-1.4056811708465364,-1.3345331592573846,0.06650153471325884,0.380224969469672,2.0730259130508606,6909.739259397989,turtle,cma_es,1,-1.424662320165953,10
504,5040,-1.386027688247907,-1.0901955612848198,0.43212049635292954,0.3798235751953533,2.073113120741611,6925.870084569993,turtle,cma_es,1,-1.424662320165953,10
505,5050,-1.4113897095247605,-1.3549588758577655,0.05160054939259453,0.3792618960454784,2.073564583119845,6942.929908869002,turtle,cma_es,1,-1.424662320165953,10
506,5060,-1.4088714595625236,-1.3382560502241998,0.08033685098499134,0.37856625183356174,2.073649587051162,6959.804876593989,turtle,cma_es,1,-1.424662320165953,10
507,5070,-1.4260397926744677,-1.2726126950914805,0.3427865034449261,0.3780060648364699,2.0736985175575646,6975.508814286004,turtle,cma_es,1,-1.4260397926744677,10
508,5080,-1.4068379937673994,-1.2539076689184738,0.3490156424950393,0.37753051346697153,2.0739169164757034,6990.3593047579925,turtle,cma_es,1,-1.4260397926744677,10
509,5090,-1.4191488663466458,-1.3515790415458167,0.06432654157303595,0.37728111666727554,2.074043410941356,7003.707822007011,turtle,cma_es,1,-1.4260397926744677,10
510,5100,-1.3924698404752318,-1.2948733553118628,0.14731043548950878,0.3770844227990644,2.0741008869864963,7019.299327684013,turtle,cma_es,1,-1.4260397926744677,10
511,5110,-1.4109902395471146,-0.9576983939447,0.6480688010161606,0.37703016301870507,2.074266497601084,7034.9921304470045,turtle,cma_es,1,-1.4260397926744677,10
512,5120,-1.4257178982398528,-1.2972756579926465,0.15080386726136666,0.3768113194023123,2.074306518257748,7048.298224149999,turtle,cma_es,1,-1.4260397926744677,10
513,5130,-1.410722411619771,-1.3601264981515464,0.05069807618816674,0.37668407647771274,2.0745344665999847,7065.379289336008,turtle,cma_es,1,-1.4260397926744677,10
514,5140,-1.4238087155510861,-1.385974055048272,0.03131171517708402,0.37667450121971313,2.0745273869447454,7080.6622569320025,turtle,cma_es,1,-1.4260397926744677,10
515,5150,-1.4225824642763731,-1.2515973419363662,0.42573376452207534,0.37675144456079546,2.074533181950122,7095.558847092005,turtle,cma_es,1,-1.4260397926744677,10
516,5160,-1.4200161657720631,-1.3716727653367096,0.050992704931428864,0.3766281819495467,2.0745024178811415,7113.944429300987,turtle,cma_es,1,-1.4260397926744677,10
517,5170,-1.4017721925795232,-1.269949608595994,0.2832038734188281,0.3766078908664914,2.0744689982117896,7128.244670802,turtle,cma_es,1,-1.4260397926744677,10
518,5180,-1.401251968423753,-1.2514434145050557,0.34547606163602146,0.37646260167184664,2.074425896880605,7142.613563810999,turtle,cma_es,1,-1.4260397926744677,10
519,5190,-1.4084807528981917,-1.373365741654283,0.030627336247972026,0.37638313214841496,2.074503967492755,7160.407939328987,turtle,cma_es,1,-1.4260397926744677,10
520,5200,-1.4199312199459202,-1.2831841344506776,0.31576636229858623,0.3764802395161152,2.0745841847982565,7176.05834524901,turtle,cma_es,1,-1.4260397926744677,10
521,5210,-1.4157247048006978,-1.3587795459450382,0.06945395758709719,0.3767335092071658,2.0746283539017036,7189.715030215011,turtle,cma_es,1,-1.4260397926744677,10
522,5220,-1.4042919622545904,-1.2914308149592082,0.21472719429904702,0.3771115808729406,2.0747669890171574,7203.510288605001,turtle,cma_es,1,-1.4260397926744677,10
523,5230,-1.401235253845198,-1.2547964494658022,0.3202066399241735,0.377607951763566,2.0748150332027575,7223.7130548279965,turtle,cma_es,1,-1.4260397926744677,10
524,5240,-1.4138605685229457,-1.3551387788904399,0.06000234744732154,0.3780739758720474,2.075258999871197,7240.337033288,turtle,cma_es,1,-1.4260397926744677,10
525,5250,-1.4067685286266878,-1.2713302225249123,0.3228455767661178,0.378492309056756,2.0758787872257507,7258.460809604992,turtle,cma_es,1,-1.4260397926744677,10
526,5260,-1.405050198269139,-1.3744974153420157,0.033830709598051636,0.3789336950211972,2.076095621465054,7276.387882779003,turtle,cma_es,1,-1.4260397926744677,10
527,5270,-1.41056478947164,-1.142050996703203,0.43663992785033223,0.37933102925248224,2.0761310300579052,7291.618441928003,turtle,cma_es,1,-1.4260397926744677,10
528,5280,-1.4052599273402402,-1.157043633860205,0.41584748994033327,0.379663411034473,2.0764767176119374,7308.417926914,turtle,cma_es,1,-1.4260397926744677,10
529,5290,-1.4109795769553637,-1.3745478609119606,0.0356186030519666,0.37997548898691075,2.076741717091561,7321.771987429005,turtle,cma_es,1,-1.4260397926744677,10
530,5300,-1.410818708181866,-1.3750371902247192,0.026509099893177214,0.3804825385946354,2.077027626995775,7336.861728527991,turtle,cma_es,1,-1.4260397926744677,10
531,5310,-1.4181847992349708,-1.298255715461011,0.28878150720038515,0.3809813708787402,2.0772037690275207,7352.427549663989,turtle,cma_es,1,-1.4260397926744677,10
532,5320,-1.4225411968070611,-1.372626086866464,0.038204804015502934,0.38130909392951357,2.077459354980814,7368.385041844012,turtle,cma_es,1,-1.4260397926744677,10
533,5330,-1.408736198816018,-1.2743304233251935,0.32574493074881844,0.3814880456268083,2.077751772575992,7387.409941482008,turtle,cma_es,1,-1.4260397926744677,10
534,5340,-1.4209223098579793,-1.3901347423539714,0.016575102162278987,0.381636830525856,2.077831876101804,7403.514148544986,turtle,cma_es,1,-1.4260397926744677,10
535,5350,-1.4098168172507677,-1.2750290096412438,0.3040533047718002,0.3815391522322494,2.0785491153979585,7418.548893105006,turtle,cma_es,1,-1.4260397926744677,10
536,5360,-1.4112923015029626,-1.2754892690603696,0.3222295069582675,0.38130281709542313,2.0785658361730417,7435.933933661989,turtle,cma_es,1,-1.4260397926744677,10
537,5370,-1.4160973341365395,-1.3827838802953925,0.024734285539948518,0.3810205546655418,2.0785276992738893,7453.207317830995,turtle,cma_es,1,-1.4260397926744677,10
538,5380,-1.4230666271195673,-1.4016348897653201,0.02302864234853475,0.38087345474224216,2.0788672717157515,7472.639928084012,turtle,cma_es,1,-1.4260397926744677,10
539,5390,-1.407795162920709,-1.3254242580820197,0.1603272519475873,0.38082567820151453,2.0791840083499893,7493.522384364012,turtle,cma_es,1,-1.4260397926744677,10
540,5400,-1.407860197046066,-1.281147331461063,0.29181002651351023,0.3808974644666482,2.079103330203194,7506.592973268009,turtle,cma_es,1,-1.4260397926744677,10
541,5410,-1.408163000721971,-1.007209080950204,0.5814465741777811,0.38088585170498923,2.079557933121227,7521.419508085994,turtle,cma_es,1,-1.4260397926744677,10
542,5420,-1.4182549453236826,-1.340120107596455,0.0942738392175532,0.3809178952240426,2.0796832513402355,7539.735623334011,turtle,cma_es,1,-1.4260397926744677,10
543,5430,-1.3996289718515893,-1.2218833887452591,0.39888457955388806,0.38097869837546594,2.0798962509581997,7556.213710754993,turtle,cma_es,1,-1.4260397926744677,10
544,5440,-1.4039073388857926,-1.2169693995953126,0.39363933238377447,0.3811054593004669,2.0800460538576018,7571.931202760985,turtle,cma_es,1,-1.4260397926744677,10
545,5450,-1.4233682073138452,-1.376783250152976,0.05889360321584243,0.3809898675209769,2.080200742549451,7584.7926589570125,turtle,cma_es,1,-1.4260397926744677,10
546,5460,-1.4182291458907272,-1.3853223558278378,0.01980479337237936,0.38077806231498706,2.080287561978561,7597.675106834999,turtle,cma_es,1,-1.4260397926744677,10
547,5470,-1.4177036854663196,-1.2815067239534654,0.3146933054744855,0.38047287897880355,2.0804782281723515,7612.158850562002,turtle,cma_es,1,-1.4260397926744677,10
548,5480,-1.4082476964227242,-1.3649407293814484,0.03629415313927481,0.38028799092824905,2.080565323391353,7627.640499444009,turtle,cma_es,1,-1.4260397926744677,10
549,5490,-1.417851405156954,-1.2497007717816815,0.2913626969313642,0.3798793422175662,2.081067699072945,7643.450854399998,turtle,cma_es,1,-1.4260397926744677,10
550,5500,-1.424845803090796,-1.250284637319854,0.39221326296465014,0.37959481047620436,2.0813983109648753,7660.995623127004,turtle,cma_es,1,-1.4260397926744677,10
551,5510,-1.4200200638775833,-1.391213923486023,0.016734687984791843,0.37919700697753567,2.081626486626854,7682.178064026986,turtle,cma_es,1,-1.4260397926744677,10
552,5520,-1.4202560607496988,-1.3888114707956944,0.017426430473380605,0.37890393927771443,2.081958554157869,7701.097788357991,turtle,cma_es,1,-1.4260397926744677,10
553,5530,-1.423818165337484,-1.394604202135227,0.025316629753207004,0.3784786879545666,2.082460016066691,7720.241882178001,turtle,cma_es,1,-1.4260397926744677,10
554,5540,-1.4205355720925654,-1.3934997140546952,0.01917136585293972,0.3777959164628527,2.082592675184562,7738.972079628991,turtle,cma_es,1,-1.4260397926744677,10
555,5550,-1.417488655185796,-1.3866694657837788,0.027587243855076424,0.3773227246813742,2.0830244899421504,7758.759181695001,turtle,cma_es,1,-1.4260397926744677,10
556,5560,-1.4122083858571752,-1.2490984171294908,0.3058723231300509,0.37678341445074925,2.083117789454611,7776.642744526995,turtle,cma_es,1,-1.4260397926744677,10
557,5570,-1.4290485147202965,-1.2928554064223168,0.322840856876131,0.37622344382599826,2.083346831863038,7797.177068493998,turtle,cma_es,1,-1.4290485147202965,10
558,5580,-1.4181792626247756,-1.3052502482952992,0.3198288613119343,0.3755899127884656,2.0833601955771366,7815.63283955201,turtle,cma_es,1,-1.4290485147202965,10
559,5590,-1.3965798729523726,-1.3710973112545766,0.019037311365917665,0.37514907398930925,2.0832854949131177,7831.209036840999,turtle,cma_es,1,-1.4290485147202965,10
560,5600,-1.4272385486722525,-1.3864376140649852,0.02345416573795002,0.3748035115312479,2.083274014513158,7845.708476341009,turtle,cma_es,1,-1.4290485147202965,10
561,5610,-1.4203426336084268,-1.28168981898334,0.3242918104986132,0.37454630788623067,2.083351030786181,7861.249802857987,turtle,cma_es,1,-1.4290485147202965,10
562,5620,-1.4141425400553684,-1.40175019538816,0.01316923352445529,0.37413063674139474,2.083493049206458,7876.334053908999,turtle,cma_es,1,-1.4290485147202965,10
563,5630,-1.4161987168136188,-1.3722820223791057,0.03387740219419865,0.3735645205414589,2.0835579294592415,7888.958293122007,turtle,cma_es,1,-1.4290485147202965,10
564,5640,-1.4199432426051253,-1.3878353971066653,0.022352546588228085,0.37343427588082906,2.0840526856044628,7903.63210182701,turtle,cma_es,1,-1.4290485147202965,10
565,5650,-1.4095091603950731,-1.3895544520048264,0.018091947294197587,0.37339176476135205,2.0841814859654297,7922.021040265012,turtle,cma_es,1,-1.4290485147202965,10
566,5660,-1.4224133578919496,-1.3550036540470158,0.05761698923260145,0.37359748407417276,2.0844264688248337,7939.996800402994,turtle,cma_es,1,-1.4290485147202965,10
567,5670,-1.418261987730924,-1.2483352800933019,0.3179990337681599,0.3735563452724842,2.084601346312626,7958.49353348001,turtle,cma_es,1,-1.4290485147202965,10
568,5680,-1.41086294542378,-1.3362328770965126,0.1486726725029373,0.37339255594618864,2.0848238524201497,7972.796743540006,turtle,cma_es,1,-1.4290485147202965,10
569,5690,-1.418318765417344,-1.352658698848271,0.05654690981141617,0.373566095956979,2.0850597826823773,7989.478134581004,turtle,cma_es,1,-1.4290485147202965,10
570,5700,-1.420526055413391,-1.4024957947522867,0.014649594557600213,0.3736981421330901,2.0850925833639318,8004.56043226301,turtle,cma_es,1,-1.4290485147202965,10
571,5710,-1.4145399854726133,-1.3513867940661073,0.10244438159574522,0.37375033928867607,2.0850508139480146,8023.345474875998,turtle,cma_es,1,-1.4290485147202965,10
572,5720,-1.4059335264203128,-1.3537107731823723,0.08148331123333098,0.37365356988508697,2.085112593705586,8036.481343087013,turtle,cma_es,1,-1.4290485147202965,10
573,5730,-1.4125601955978215,-1.2991496160987712,0.21992668507949414,0.3734618399103935,2.0853424682020973,8051.940347453987,turtle,cma_es,1,-1.4290485147202965,10
574,5740,-1.4193412069728666,-1.362099534325504,0.05492057423991735,0.37340398814854664,2.085441201017659,8068.310554008,turtle,cma_es,1,-1.4290485147202965,10
575,5750,-1.4155889324546038,-1.3877893805091144,0.02712067232006864,0.3736221403248884,2.0854399497725207,8081.991408075002,turtle,cma_es,1,-1.4290485147202965,10
576,5760,-1.4219368438732634,-1.2321032802156413,0.31723956494315614,0.373800226787351,2.085711345921526,8096.62453987301,turtle,cma_es,1,-1.4290485147202965,10
577,5770,-1.4134158825351122,-1.251991770762237,0.3152109893019171,0.37387253772374657,2.085970936147431,8115.272696647997,turtle,cma_es,1,-1.4290485147202965,10
578,5780,-1.4098695984626533,-1.251727257713956,0.21002700248488967,0.3741016520812716,2.0861433026030998,8129.787180506013,turtle,cma_es,1,-1.4290485147202965,10
579,5790,-1.4154862832193418,-1.3294372987145224,0.09616888553258703,0.37437068703199855,2.0864137532405778,8141.46665421201,turtle,cma_es,1,-1.4290485147202965,10
580,5800,-1.4038639093852598,-1.3411190180958794,0.12725800817394092,0.37454987706630266,2.086648098979093,8150.989610230987,turtle,cma_es,1,-1.4290485147202965,10
581,5810,-1.4190433136961786,-1.3374083421258693,0.09577920988080728,0.3747483691558532,2.0870576001036762,8167.266380684014,turtle,cma_es,1,-1.4290485147202965,10
582,5820,-1.4204657243951466,-1.3580144775193292,0.11438152943567971,0.37515060261201555,2.087044952326931,8184.645917815011,turtle,cma_es,1,-1.4290485147202965,10
583,5830,-1.4163612354238682,-1.2502859297594966,0.2986491356736728,0.3754742055058825,2.0871528850386594,8198.197247177013,turtle,cma_es,1,-1.4290485147202965,10
584,5840,-1.4116991921637618,-1.3517777903152788,0.0658194897304435,0.3755750373133517,2.08724821018792,8212.29929743,turtle,cma_es,1,-1.4290485147202965,10
585,5850,-1.4117598858053686,-1.371796897033939,0.047933567797712996,0.3756137042678906,2.0875477834249745,8223.806608960003,turtle,cma_es,1,-1.4290485147202965,10
586,5860,-1.4155498266802136,-1.3616953015319513,0.05268444823642299,0.3757964556842817,2.087520756054109,8233.784653062,turtle,cma_es,1,-1.4290485147202965,10
587,5870,-1.4268688523377193,-1.3939284568063666,0.029625028904155276,0.3758644775912852,2.087579424534968,8247.586830029002,turtle,cma_es,1,-1.4290485147202965,10
588,5880,-1.420874896877515,-1.3864239815031456,0.03432962374723023,0.37606237740178444,2.0876571168284723,8257.790436279989,turtle,cma_es,1,-1.4290485147202965,10
589,5890,-1.4190585508022124,-1.3569216669245818,0.05372366066926326,0.3758859065457123,2.0879052004178282,8270.005238440994,turtle,cma_es,1,-1.4290485147202965,10
590,5900,-1.4042625156012134,-1.3576504136780287,0.07130225151930313,0.3756466487711074,2.088137234841347,8281.85910984801,turtle,cma_es,1,-1.4290485147202965,10
591,5910,-1.4137317044849693,-1.3874067156265242,0.02800265463954595,0.37520706903577955,2.08842113914899,8297.794283277995,turtle,cma_es,1,-1.4290485147202965,10
592,5920,-1.4253398169563098,-1.3808614686083995,0.02940955690444133,0.37480021197600066,2.0888032198479594,8312.408652415994,turtle,cma_es,1,-1.4290485147202965,10
593,5930,-1.4220267813338179,-1.3959700583305077,0.02709659234260008,0.3743736390692656,2.088842882737568,8327.320434335008,turtle,cma_es,1,-1.4290485147202965,10
594,5940,-1.4313278135900793,-1.3788889024158766,0.04597003598785241,0.3739365838506268,2.0889745521772567,8343.410070573998,turtle,cma_es,1,-1.4313278135900793,10
595,5950,-1.4198278250084497,-1.3977107110119646,0.022478690804234293,0.3733848827503716,2.0890931816621823,8358.831388886,turtle,cma_es,1,-1.4313278135900793,10
596,5960,-1.427288701318334,-1.3635107992537587,0.043326515247708676,0.37275500864265737,2.0903168300417136,8375.87703157001,turtle,cma_es,1,-1.4313278135900793,10
597,5970,-1.4059052107616905,-1.3410759062397362,0.08839777031677797,0.3721958348639729,2.0904495995172474,8392.735213114996,turtle,cma_es,1,-1.4313278135900793,10
598,5980,-1.4138940006441665,-1.3624209324836927,0.051215311865133915,0.37178887760211304,2.0905180078827317,8404.41778173999,turtle,cma_es,1,-1.4313278135900793,10
599,5990,-1.4093867094738854,-1.346113499997291,0.07912035726752718,0.3711321544025479,2.0906276193591844,8421.805912281998,turtle,cma_es,1,-1.4313278135900793,10
600,6000,-1.396610421736467,-1.2621419599813593,0.14244246902321708,0.3703689875303506,2.0905942377255897,8434.92252207399,turtle,cma_es,1,-1.4313278135900793,10
601,6010,-1.4022468767242025,-1.3439346590690506,0.055692413686369985,0.36994650232680415,2.0909263190276444,8448.516545966006,turtle,cma_es,1,-1.4313278135900793,10
602,6020,-1.385845625820247,-1.2878084228693376,0.07944850309507265,0.3696016668236168,2.0912861925666624,8460.380274919007,turtle,cma_es,1,-1.4313278135900793,10
603,6030,-1.3997779418199023,-1.2483104011459711,0.320149046463215,0.36920218129597887,2.091277928651242,8476.622349849,turtle,cma_es,1,-1.4313278135900793,10
604,6040,-1.4177535045571723,-1.3444359776090433,0.0741444842006114,0.36884796096365446,2.091593016069207,8492.814277421014,turtle,cma_es,1,-1.4313278135900793,10
605,6050,-1.4180810993758408,-1.373229664374926,0.029031720997379332,0.36854163468987783,2.0915187864659286,8508.613377203,turtle,cma_es,1,-1.4313278135900793,10
606,6060,-1.4086776917245922,-1.3526051799830412,0.0671497533136777,0.3681986046540308,2.0915569566797507,8523.872830081003,turtle,cma_es,1,-1.4313278135900793,10
607,6070,-1.4053796574778907,-1.312402356887318,0.1558891399580142,0.36767756838777477,2.0915986705896565,8535.930572264013,turtle,cma_es,1,-1.4313278135900793,10
608,6080,-1.4082218894912177,-1.3029314041517044,0.180758008159196,0.36734865266833644,2.0916066726376656,8548.33764746401,turtle,cma_es,1,-1.4313278135900793,10
609,6090,-1.419121777133566,-1.2883936859959868,0.28163810110136056,0.3672842516891666,2.0916487188069746,8559.61328111001,turtle,cma_es,1,-1.4313278135900793,10
610,6100,-1.4164616626613187,-1.380402143631505,0.0370451457869993,0.36731920922058464,2.091891188533105,8573.095888262993,turtle,cma_es,1,-1.4313278135900793,10
611,6110,-1.4071820439740694,-1.3694436646127799,0.043109398717942386,0.3672880055506258,2.092060491523378,8587.340161458007,turtle,cma_es,1,-1.4313278135900793,10
612,6120,-1.4215583488357222,-1.392323497076902,0.026924014150872092,0.3672150344658356,2.092169872016306,8601.542526537989,turtle,cma_es,1,-1.4313278135900793,10
613,6130,-1.4203818922453486,-1.3787659701831783,0.044277592248730256,0.3672262532752429,2.0923142255964673,8616.439947920007,turtle,cma_es,1,-1.4313278135900793,10
614,6140,-1.4155378055806036,-1.3844800422060712,0.031019424460013646,0.3671674663211381,2.0923563773546894,8628.87798101001,turtle,cma_es,1,-1.4313278135900793,10
615,6150,-1.41017492703571,-1.3716907604267763,0.08322148301745791,0.36724874099115606,2.092638803228632,8645.82848350401,turtle,cma_es,1,-1.4313278135900793,10
616,6160,-1.4192378175990656,-1.4067617578003238,0.006886176327204245,0.3674964964068556,2.0926764891078964,8661.625244850002,turtle,cma_es,1,-1.4313278135900793,10
617,6170,-1.4029405857007244,-1.3606713798543113,0.05843143585586894,0.36781044145105063,2.092824168088459,8674.945174360997,turtle,cma_es,1,-1.4313278135900793,10
618,6180,-1.4144648578559282,-1.3766434512342491,0.03832062221806843,0.36807249919688045,2.093091537694482,8689.621057098993,turtle,cma_es,1,-1.4313278135900793,10
619,6190,-1.4202490951347784,-1.3766913653493134,0.04518921572890021,0.36851970739742057,2.093169862448865,8703.626126087998,turtle,cma_es,1,-1.4313278135900793,10
620,6200,-1.4182127315897795,-1.3810491434139938,0.055465520654571554,0.3686640322433949,2.093242624136744,8721.502635859011,turtle,cma_es,1,-1.4313278135900793,10
621,6210,-1.416526513716005,-1.3627888108946673,0.046671665269507695,0.36864489879700296,2.0933982971300957,8736.669559502014,turtle,cma_es,1,-1.4313278135900793,10
622,6220,-1.4099088894609277,-1.3600610665206327,0.05183379017555599,0.3681784649374164,2.0935878494791815,8754.074100441008,turtle,cma_es,1,-1.4313278135900793,10
623,6230,-1.4119344795364253,-1.3729558168208635,0.032878382943520086,0.3676280203261086,2.0936339408580644,8770.200453809986,turtle,cma_es,1,-1.4313278135900793,10
624,6240,-1.4157134018502529,-1.3793878128794121,0.03366012011841728,0.36714112689846057,2.0938715072299483,8782.79625545899,turtle,cma_es,1,-1.4313278135900793,10
625,6250,-1.4246836775553966,-1.3844644403359248,0.03530763854670368,0.3667285965100772,2.093937312957833,8795.77449332099,turtle,cma_es,1,-1.4313278135900793,10
626,6260,-1.412017283068658,-1.3693264988668408,0.05637131640173186,0.3664745582151858,2.094301042127339,8809.663383439009,turtle,cma_es,1,-1.4313278135900793,10
627,6270,-1.4075310581999076,-1.370570437411183,0.03910959877087083,0.3663273386254594,2.0943866272690617,8824.389540375996,turtle,cma_es,1,-1.4313278135900793,10
628,6280,-1.4195049629599152,-1.3695299937579453,0.0428236695561633,0.3659628858100075,2.0946402467207297,8840.209802680009,turtle,cma_es,1,-1.4313278135900793,10
629,6290,-1.4169442758712858,-1.2480308384456777,0.3417680463432274,0.3654257140556854,2.094713500475357,8854.296275191999,turtle,cma_es,1,-1.4313278135900793,10
630,6300,-1.4177224060181723,-1.3421924474559819,0.1288319908725179,0.3647213111270445,2.0946856873257946,8867.383481763012,turtle,cma_es,1,-1.4313278135900793,10
631,6310,-1.4225982989543802,-1.3877248276531013,0.02737518879384193,0.3642030345147099,2.09483392960939,8883.344274676987,turtle,cma_es,1,-1.4313278135900793,10
632,6320,-1.4195476304776138,-1.3537274703754476,0.11572624577416274,0.3636946430365398,2.095100711035079,8898.877469224011,turtle,cma_es,1,-1.4313278135900793,10
633,6330,-1.420318448135272,-1.298915483387699,0.08514809015373094,0.36340853048852084,2.0951779299531212,8914.272413372004,turtle,cma_es,1,-1.4313278135900793,10
634,6340,-1.40610365281686,-1.3900503735159782,0.018173523472597423,0.36317786650083933,2.0952536387859544,8926.62122922999,turtle,cma_es,1,-1.4313278135900793,10
635,6350,-1.4231379809733715,-1.4037569836595316,0.010522384401808863,0.3630305876873505,2.0951274471355132,8940.445062649,turtle,cma_es,1,-1.4313278135900793,10
636,6360,-1.411595833730412,-1.3792057761232734,0.03248925179905724,0.3628525922534538,2.0951558945838396,8956.060745572002,turtle,cma_es,1,-1.4313278135900793,10
637,6370,-1.4111973640407252,-1.3865388871890985,0.03205406949114468,0.3627741670933636,2.095182959954687,8969.832218138996,turtle,cma_es,1,-1.4313278135900793,10
638,6380,-1.4177169610467164,-1.1482359194349454,0.47417566924216514,0.3627039048182203,2.0954289348947803,8986.961823699996,turtle,cma_es,1,-1.4313278135900793,10
639,6390,-1.4245075663472218,-1.4013486804667032,0.019164210257344032,0.36265722066636985,2.095501982381559,9002.965884234,turtle,cma_es,1,-1.4313278135900793,10
640,6400,-1.4208882061830987,-1.387535700283162,0.01922871484690783,0.3628690891219864,2.0956687270705516,9016.589213225001,turtle,cma_es,1,-1.4313278135900793,10
641,6410,-1.4105385809845101,-1.3804871585576328,0.030138966147310882,0.3630841344173194,2.095708124388684,9029.089581893,turtle,cma_es,1,-1.4313278135900793,10
642,6420,-1.4127754427900614,-1.381557278976038,0.051840892211453125,0.3630614085395815,2.0961525988807077,9045.131641824002,turtle,cma_es,1,-1.4313278135900793,10
643,6430,-1.415398398638077,-1.2727769813514054,0.3568318715236523,0.36321806342222973,2.0966763189460016,9060.401928025996,turtle,cma_es,1,-1.4313278135900793,10
644,6440,-1.4107152180857643,-1.3812096054739564,0.020275812696291362,0.3633944144784832,2.0968771818489067,9074.538633905991,turtle,cma_es,1,-1.4313278135900793,10
645,6450,-1.4091251491216985,-1.3550239348860142,0.09114846324517253,0.36352566893814936,2.0970579959798386,9090.448778357008,turtle,cma_es,1,-1.4313278135900793,10
646,6460,-1.414922027561043,-1.280357403442107,0.30734560181840076,0.3637485330995625,2.097401932466216,9101.710499698995,turtle,cma_es,1,-1.4313278135900793,10
647,6470,-1.424850773672432,-1.14140650479434,0.48579745404074615,0.3638880440691369,2.0979175853321075,9114.334757389996,turtle,cma_es,1,-1.4313278135900793,10
648,6480,-1.4095227352185917,-1.3502632087493969,0.06124451012495734,0.36369684566523947,2.0984823764634055,9127.713747097005,turtle,cma_es,1,-1.4313278135900793,10
649,6490,-1.423066783601513,-1.378486904548578,0.029300546297239077,0.36334163195543673,2.098837942791966,9140.838500501995,turtle,cma_es,1,-1.4313278135900793,10
650,6500,-1.4212169654730555,-1.380668212610783,0.03447841734134146,0.3628992763662074,2.099271125746866,9156.175342350994,turtle,cma_es,1,-1.4313278135900793,10
651,6510,-1.4190909867487642,-1.3688549953905693,0.04178398644135171,0.36247872503180734,2.099732579087679,9166.342465391004,turtle,cma_es,1,-1.4313278135900793,10
652,6520,-1.4128121263331277,-1.3749457662027602,0.04188412463547658,0.36227705197846616,2.100394465109829,9180.659051310009,turtle,cma_es,1,-1.4313278135900793,10
653,6530,-1.425594292426565,-1.3896175167494547,0.031218258935470228,0.3621446591950344,2.10081615251897,9194.084610914986,turtle,cma_es,1,-1.4313278135900793,10
654,6540,-1.4100019492814306,-1.39609962702947,0.012663944859315731,0.3618230569884927,2.1014489184032414,9206.624280143995,turtle,cma_es,1,-1.4313278135900793,10
655,6550,-1.4216430215644733,-1.382220110495592,0.028134448104713567,0.36165990138673126,2.1017061976429487,9221.653508721996,turtle,cma_es,1,-1.4313278135900793,10
656,6560,-1.4056137227384493,-1.3815182002664481,0.028511079027032163,0.36159503183963615,2.1020296190964998,9238.10951892499,turtle,cma_es,1,-1.4313278135900793,10
657,6570,-1.4137151980898244,-1.3977240129598876,0.010569961037430749,0.3613122892148685,2.1028926406825663,9253.640705480997,turtle,cma_es,1,-1.4313278135900793,10
658,6580,-1.4163812081822726,-1.3949204382072586,0.03235041031282412,0.360893198573403,2.1035282768632135,9269.236004859005,turtle,cma_es,1,-1.4313278135900793,10
659,6590,-1.416382521520677,-1.3919573404080086,0.016863731923229687,0.36050254918793395,2.1039217276291753,9281.305386324995,turtle,cma_es,1,-1.4313278135900793,10
660,6600,-1.4194910847896587,-1.378737328917801,0.028147340513231676,0.3601191718151112,2.104469628117826,9294.884965781996,turtle,cma_es,1,-1.4313278135900793,10
661,6610,-1.425909013967888,-1.4019239744623129,0.021964024351567166,0.3597033682422117,2.105488708985803,9303.815698532999,turtle,cma_es,1,-1.4313278135900793,10
662,6620,-1.401668541342616,-1.379315559097765,0.01640205332719332,0.35938586109725346,2.1063235496810546,9315.653628648986,turtle,cma_es,1,-1.4313278135900793,10
663,6630,-1.4150857013946707,-1.3636348232188875,0.033992127663700036,0.35906775560717213,2.106831655307183,9330.560364108009,turtle,cma_es,1,-1.4313278135900793,10
664,6640,-1.4241378769482544,-1.3896310878984732,0.04109113932733012,0.35881013063343914,2.1074758967972085,9347.715710646007,turtle,cma_es,1,-1.4313278135900793,10
665,6650,-1.415169719428361,-1.3949529190710017,0.01847014680653277,0.3585668591515097,2.1082027870814475,9363.453083751985,turtle,cma_es,1,-1.4313278135900793,10
666,6660,-1.414305780718065,-1.400773009290424,0.013948019686645321,0.35849332455245186,2.1086527940306588,9379.103731988987,turtle,cma_es,1,-1.4313278135900793,10
667,6670,-1.405089275552739,-1.3899222885807203,0.0170922949696454,0.3582635758050674,2.1090348562146897,9392.703213164,turtle,cma_es,1,-1.4313278135900793,10
668,6680,-1.4213177118588307,-1.3836216877131318,0.030771827346950636,0.3579702563459043,2.109441542333715,9407.989851802995,turtle,cma_es,1,-1.4313278135900793,10
669,6690,-1.4037890949816942,-1.3757505968066828,0.01609211240751165,0.35765954913063197,2.1100808778865026,9422.828083153989,turtle,cma_es,1,-1.4313278135900793,10
670,6700,-1.4068374750778725,-1.2815703387120636,0.3322219690146819,0.35729053741437383,2.1104115123234077,9436.334696587,turtle,cma_es,1,-1.4313278135900793,10
671,6710,-1.416960487969777,-1.3895906876729633,0.018240176890084496,0.35687582020946096,2.1106988420187567,9447.883159918012,turtle,cma_es,1,-1.4313278135900793,10
672,6720,-1.4107208387357515,-1.3847304285177613,0.024251075784415523,0.3564139726235864,2.1110977432628295,9462.704563167994,turtle,cma_es,1,-1.4313278135900793,10
673,6730,-1.4203032324749083,-1.4056260540681926,0.011851726661813115,0.35573298750567345,2.1114313512161385,9472.965524488012,turtle,cma_es,1,-1.4313278135900793,10
674,6740,-1.4216378718793372,-1.3936076543161229,0.03202485652631456,0.35526604408224116,2.1119427905991603,9485.69334273599,turtle,cma_es,1,-1.4313278135900793,10
675,6750,-1.3967225150170606,-1.3693545200279365,0.0324205935338715,0.35480998785476847,2.1122906302278626,9499.706408958009,turtle,cma_es,1,-1.4313278135900793,10
676,6760,-1.4115220757831022,-1.368833173220366,0.07492991556352942,0.35407284212375845,2.11273051386786,9513.608032602002,turtle,cma_es,1,-1.4313278135900793,10
677,6770,-1.4167650074407474,-1.353992209698208,0.05308802482422214,0.35347637824893574,2.1133296679418483,9527.938314194005,turtle,cma_es,1,-1.4313278135900793,10
678,6780,-1.415768127563319,-1.359750430838686,0.08895726829576327,0.3531316763460547,2.1140272377650104,9540.247162526008,turtle,cma_es,1,-1.4313278135900793,10
679,6790,-1.4114457580172477,-1.389133903487217,0.01655772778433431,0.35251759993108034,2.114581882518717,9555.23548096401,turtle,cma_es,1,-1.4313278135900793,10
680,6800,-1.4175793890451063,-1.3970608057644642,0.019908137070869067,0.35184331885201436,2.1151736306273268,9569.551372212998,turtle,cma_es,1,-1.4313278135900793,10
681,6810,-1.41828384298792,-1.2196950805356352,0.4079903811058056,0.3510390487720012,2.1156667834440235,9586.891627617006,turtle,cma_es,1,-1.4313278135900793,10
682,6820,-1.4118300757821292,-1.2427639791637277,0.3858293420509793,0.3502750659419799,2.116041988967565,9600.81324695301,turtle,cma_es,1,-1.4313278135900793,10
683,6830,-1.407851744114864,-1.2494230540728242,0.407949034800247,0.34969553465832254,2.1163950555599738,9614.638346068998,turtle,cma_es,1,-1.4313278135900793,10
684,6840,-1.4090211217830229,-1.3686503152823066,0.05845655232072169,0.3492069649553352,2.1168045148066392,9627.981867239985,turtle,cma_es,1,-1.4313278135900793,10
685,6850,-1.4159405590509282,-1.2582138957115898,0.2885006646438164,0.348569023521525,2.1169590795742113,9642.056304019003,turtle,cma_es,1,-1.4313278135900793,10
686,6860,-1.4115029847050256,-1.3925689625787243,0.011693459878826236,0.3478715411181679,2.117600183061338,9652.786520288006,turtle,cma_es,1,-1.4313278135900793,10
687,6870,-1.42878564012981,-1.310928111730341,0.2423964214214383,0.34714606351345795,2.1178879226645395,9666.001434414007,turtle,cma_es,1,-1.4313278135900793,10
688,6880,-1.4187901883364589,-1.3853918205110154,0.03000696490457678,0.3464592024602452,2.118445977074377,9676.092422379006,turtle,cma_es,1,-1.4313278135900793,10
689,6890,-1.4190867792403212,-1.3756470512548937,0.04786019624080109,0.345768860960162,2.118798964894449,9688.318795686995,turtle,cma_es,1,-1.4313278135900793,10
690,6900,-1.4244657997574501,-1.3739344633800668,0.05232340787244767,0.34536005916048274,2.1191823745228895,9702.060379109986,turtle,cma_es,1,-1.4313278135900793,10
691,6910,-1.4200773179593051,-1.3770771016349566,0.04456087182184893,0.3451331005645169,2.1195235510855523,9716.115117317007,turtle,cma_es,1,-1.4313278135900793,10
692,6920,-1.4188077184770744,-1.3686389172309232,0.04077396971579932,0.3448617511915176,2.1197153915224374,9728.954918623,turtle,cma_es,1,-1.4313278135900793,10
693,6930,-1.4140794382434265,-1.3657336148974033,0.041311169155735086,0.34449639051075154,2.1199077470049006,9740.006301849004,turtle,cma_es,1,-1.4313278135900793,10
694,6940,-1.4090923408377813,-1.3863053120159639,0.014579320677729496,0.3442123378052166,2.1200716237387667,9753.503179410996,turtle,cma_es,1,-1.4313278135900793,10
695,6950,-1.41395278941817,-1.400663008783328,0.009922420101715967,0.3437542235519033,2.1202077157321306,9767.193145620986,turtle,cma_es,1,-1.4313278135900793,10
696,6960,-1.4296926571410982,-1.3731916123739623,0.08423184002298285,0.3434708552367563,2.1204330922818766,9779.858490651008,turtle,cma_es,1,-1.4313278135900793,10
697,6970,-1.4151344642357033,-1.2974923882750384,0.2267421552969013,0.3433423017783189,2.1206556759267094,9795.456764867005,turtle,cma_es,1,-1.4313278135900793,10
698,6980,-1.404900784674453,-1.3769919779558566,0.03326063789066945,0.3431602220730121,2.121024260988378,9811.334452834999,turtle,cma_es,1,-1.4313278135900793,10
699,6990,-1.4177722188876443,-1.390404945455849,0.02676244797474303,0.34308382857027325,2.1211972560451335,9825.67330744001,turtle,cma_es,1,-1.4313278135900793,10
700,7000,-1.4177852396621207,-1.3964286718528318,0.0114891133437046,0.34297406385569995,2.1216328650544933,9838.579480862012,turtle,cma_es,1,-1.4313278135900793,10
701,7010,-1.4170789750978718,-1.3833681991353062,0.030111923538325504,0.3425619513654775,2.1219178129318554,9854.568516517,turtle,cma_es,1,-1.4313278135900793,10
702,7020,-1.4107664078708515,-1.3691704543037546,0.041521304211773774,0.34193779916175726,2.1223429582772875,9870.288716496987,turtle,cma_es,1,-1.4313278135900793,10
703,7030,-1.4155899278929978,-1.3912889582518555,0.01992215694998259,0.3414147949321792,2.122614414858844,9888.181684514013,turtle,cma_es,1,-1.4313278135900793,10
704,7040,-1.416575917056342,-1.3868689762184307,0.03681789827015816,0.34102525938783446,2.123288317689237,9900.478943569993,turtle,cma_es,1,-1.4313278135900793,10
705,7050,-1.4065002740241788,-1.370136190813582,0.03633080989376939,0.3405920436158896,2.1236200123980615,9915.035579157993,turtle,cma_es,1,-1.4313278135900793,10
706,7060,-1.417263026771777,-1.3750291391364244,0.03891174219342607,0.3403172151595349,2.1240748125430033,9927.783457071986,turtle,cma_es,1,-1.4313278135900793,10
707,7070,-1.415646232117056,-1.3951006826752153,0.021352900155274204,0.3401958586811155,2.1245566932292457,9944.547041146987,turtle,cma_es,1,-1.4313278135900793,10
708,7080,-1.4115326491249682,-1.3725326734220826,0.03340602615748939,0.33988571939977374,2.1250009691248533,9956.718508833,turtle,cma_es,1,-1.4313278135900793,10
709,7090,-1.4148743075417451,-1.2524092370033904,0.377818123309984,0.3399081968822242,2.125535397640864,9971.700428409007,turtle,cma_es,1,-1.4313278135900793,10
710,7100,-1.4155095314591541,-1.4000976402336094,0.014364493034003318,0.3396214767159397,2.126065900614073,9986.696110629011,turtle,cma_es,1,-1.4313278135900793,10
711,7110,-1.4059419579763395,-1.249939532733989,0.32631128017394384,0.3394717736083558,2.126701972310527,10001.169616773986,turtle,cma_es,1,-1.4313278135900793,10
712,7120,-1.4170325852628185,-1.328984471645812,0.19342157856959785,0.3395726977708785,2.127291745488627,10018.191577582009,turtle,cma_es,1,-1.4313278135900793,10
713,7130,-1.4190293887718832,-1.1890419744550171,0.4120945103159986,0.3396930786052492,2.1277219348758183,10031.438454419986,turtle,cma_es,1,-1.4313278135900793,10
714,7140,-1.4102813782378503,-1.3340964329282712,0.08048696154933466,0.3399436066445854,2.128244416161533,10048.097063788999,turtle,cma_es,1,-1.4313278135900793,10
715,7150,-1.4163087697740888,-1.3946936066534066,0.020913198529840114,0.34018003145850123,2.1287017334981413,10060.244545140013,turtle,cma_es,1,-1.4313278135900793,10
716,7160,-1.4200344267091882,-1.2956864230767944,0.29055222780407547,0.34022975743387024,2.129389792240528,10075.13132779501,turtle,cma_es,1,-1.4313278135900793,10
717,7170,-1.4245467324041998,-1.2660677155440008,0.3166400760834937,0.34044910920914695,2.129875666310894,10088.828825292992,turtle,cma_es,1,-1.4313278135900793,10
718,7180,-1.416391673692722,-1.376796078034257,0.05313778780583427,0.3405948646663594,2.130397976898662,10101.29672918201,turtle,cma_es,1,-1.4313278135900793,10
719,7190,-1.4165970038904137,-1.2951393114874339,0.27452968468231415,0.3406293415872046,2.1309404134031404,10116.369610275986,turtle,cma_es,1,-1.4313278135900793,10
720,7200,-1.417553262421725,-1.299762129723921,0.3205428088850605,0.34080872181185645,2.131508040220598,10133.496777832013,turtle,cma_es,1,-1.4313278135900793,10
721,7210,-1.421357335389863,-1.4029768728432888,0.014109792109205125,0.3411213535135001,2.132423317627073,10146.817522777012,turtle,cma_es,1,-1.4313278135900793,10
722,7220,-1.4187293946311783,-1.176328277993463,0.4112451605752578,0.34139767949001726,2.133002493466666,10164.250904540997,turtle,cma_es,1,-1.4313278135900793,10
723,7230,-1.4232314007839015,-1.3944419118106128,0.036276067029378155,0.3416638781615499,2.133579719974234,10179.637826680002,turtle,cma_es,1,-1.4313278135900793,10
724,7240,-1.4184818162680077,-1.39601824367587,0.019229018658912415,0.3418522754924694,2.1338982969184275,10194.231327256013,turtle,cma_es,1,-1.4313278135900793,10
725,7250,-1.3994339817222832,-1.2011914221438462,0.37500590567548947,0.3422908360311699,2.13435752255342,10212.051257596002,turtle,cma_es,1,-1.4313278135900793,10
726,7260,-1.4093023812875032,-1.3797256312042336,0.03590045576518021,0.3427348552925572,2.13497351478353,10225.765678544005,turtle,cma_es,1,-1.4313278135900793,10
727,7270,-1.397186268915493,-1.3185912976328045,0.14363004439150687,0.34313628607493357,2.1356086096929667,10238.032035676995,turtle,cma_es,1,-1.4313278135900793,10
728,7280,-1.4113647041824207,-1.3812475996615536,0.03718772770049517,0.34342219203002317,2.1361560183309463,10252.201810584986,turtle,cma_es,1,-1.4313278135900793,10
729,7290,-1.4229111994643464,-1.2568951328981584,0.3075731999843455,0.34379787229512493,2.13687684620153,10269.297029912006,turtle,cma_es,1,-1.4313278135900793,10
730,7300,-1.419696964146226,-1.3891473449968723,0.029209684230296715,0.34427863785912133,2.1374824650238207,10287.134152404004,turtle,cma_es,1,-1.4313278135900793,10
731,7310,-1.4285144090009423,-1.2787871264919397,0.30635719810661205,0.344597355889508,2.138182623015772,10304.617657050985,turtle,cma_es,1,-1.4313278135900793,10
732,7320,-1.4191322781515732,-1.242544989329088,0.30635491615194177,0.34503695613486973,2.139172092035481,10320.44701339901,turtle,cma_es,1,-1.4313278135900793,10
733,7330,-1.4169273859998563,-1.3923070131550876,0.017332736101634064,0.34529388549075973,2.1398762486254737,10336.076301924011,turtle,cma_es,1,-1.4313278135900793,10
734,7340,-1.4076795444234458,-1.2911350862460054,0.2664941243781504,0.34552854683458417,2.1407255279320405,10352.107279624994,turtle,cma_es,1,-1.4313278135900793,10
735,7350,-1.4114340537304049,-1.393253815441916,0.01688335738309088,0.34575440300734,2.1422580575740215,10367.264709562005,turtle,cma_es,1,-1.4313278135900793,10
736,7360,-1.4167856598334598,-1.3889242161529372,0.031078041020964446,0.34610075185484407,2.1437625737547616,10383.962472468003,turtle,cma_es,1,-1.4313278135900793,10
737,7370,-1.4195500887528922,-1.2557657526598955,0.34121554084157624,0.3462906269338456,2.1451930204352534,10399.380386303994,turtle,cma_es,1,-1.4313278135900793,10
738,7380,-1.4181601513547086,-1.303308812696535,0.25557709720185556,0.34648119367978353,2.146213655580726,10412.330204183003,turtle,cma_es,1,-1.4313278135900793,10
739,7390,-1.4148366720951406,-1.3949423641269085,0.019451945678462475,0.34684587021928903,2.147065932587014,10428.381327759009,turtle,cma_es,1,-1.4313278135900793,10
740,7400,-1.423912088749356,-1.400288019149381,0.021381785097756466,0.3472444008190678,2.148164625449761,10443.38555738001,turtle,cma_es,1,-1.4313278135900793,10
741,7410,-1.4185970946604032,-0.9300042632349109,0.47588165694637774,0.3475015697091327,2.149247444188233,10461.00200678999,turtle,cma_es,1,-1.4313278135900793,10
742,7420,-1.4211332471321976,-1.3907580849186894,0.02371710714473244,0.347736550485581,2.1498792720133086,10480.41675622799,turtle,cma_es,1,-1.4313278135900793,10
743,7430,-1.4164225837323654,-1.2852831441277446,0.29904566317860265,0.34803171640768277,2.150559396872334,10494.333263281995,turtle,cma_es,1,-1.4313278135900793,10
744,7440,-1.412278610454611,-1.270166082211785,0.27366130595107363,0.34816460361786444,2.1514169216107937,10510.10358611599,turtle,cma_es,1,-1.4313278135900793,10
745,7450,-1.419639918186939,-1.3186816407153252,0.25709598765476227,0.3482490867304863,2.1521033468653017,10524.160235107993,turtle,cma_es,1,-1.4313278135900793,10
746,7460,-1.417263638942024,-1.201984588926312,0.38619708568413186,0.34829995851251383,2.1527173330869895,10539.207258426002,turtle,cma_es,1,-1.4313278135900793,10
747,7470,-1.417813173824281,-1.3802937365181915,0.030883981236847765,0.3482507012873846,2.153298413848799,10554.459747215005,turtle,cma_es,1,-1.4313278135900793,10
748,7480,-1.4109705219348632,-1.315469820310228,0.2362278268797984,0.34814493695700155,2.154049689690288,10570.595924525987,turtle,cma_es,1,-1.4313278135900793,10
749,7490,-1.4219231648861177,-1.384250357431925,0.03955091349511363,0.3480705822172919,2.1546419227678926,10587.340124389011,turtle,cma_es,1,-1.4313278135900793,10
750,7500,-1.414418452356851,-1.3873377371157087,0.03970676024283831,0.3479359332449487,2.1553354713025734,10602.298730395996,turtle,cma_es,1,-1.4313278135900793,10
751,7510,-1.4236760150661798,-1.3983517783182302,0.020763443992021565,0.3479199725192135,2.1566334860809953,10620.675559116993,turtle,cma_es,1,-1.4313278135900793,10
752,7520,-1.4273983149685598,-1.346066995013278,0.1517578162561599,0.34798906686076897,2.1575505778974926,10636.783458079008,turtle,cma_es,1,-1.4313278135900793,10
753,7530,-1.4086475707516914,-1.372555479821327,0.03418468052672885,0.3481218674264445,2.1583415822358196,10650.232655906992,turtle,cma_es,1,-1.4313278135900793,10
754,7540,-1.4165115885241883,-1.362558091775566,0.07844871304283188,0.34796157973367725,2.1590542487295714,10667.088728100993,turtle,cma_es,1,-1.4313278135900793,10
755,7550,-1.410035310933087,-1.393747495351717,0.01362214411053202,0.3476710434972133,2.16028252942655,10679.993045993004,turtle,cma_es,1,-1.4313278135900793,10
756,7560,-1.415676057860506,-1.3235384429364827,0.20414122329949724,0.34745215106618155,2.16088454613904,10697.682721337012,turtle,cma_es,1,-1.4313278135900793,10
757,7570,-1.41206277281918,-1.3881381018855232,0.016058512456178113,0.3472068702933714,2.1617403166655333,10718.680874237005,turtle,cma_es,1,-1.4313278135900793,10
758,7580,-1.4151241121831886,-1.3647269366265589,0.06582234779060855,0.3470188525829539,2.1626873973316463,10736.797929569002,turtle,cma_es,1,-1.4313278135900793,10
759,7590,-1.4273525381424568,-1.3970468920796597,0.01889974879560257,0.3468941381128513,2.163526794838356,10754.407563504006,turtle,cma_es,1,-1.4313278135900793,10
760,7600,-1.4263375248797105,-1.3895552508097193,0.030340953303709912,0.3468082496666972,2.1646343073882153,10772.218516772002,turtle,cma_es,1,-1.4313278135900793,10
761,7610,-1.4278858031929094,-1.3940006613749873,0.03985342635769913,0.3468474841415841,2.166148727244376,10786.037870336993,turtle,cma_es,1,-1.4313278135900793,10
762,7620,-1.4076088670786397,-1.391567167614779,0.014972560892653534,0.34680402072566097,2.167470430949688,10801.719773243007,turtle,cma_es,1,-1.4313278135900793,10
763,7630,-1.4197539757556132,-1.3188036089314816,0.22895361131125014,0.34661717591390007,2.1687964604268086,10818.981029491988,turtle,cma_es,1,-1.4313278135900793,10
764,7640,-1.417823225606976,-0.9854412800706049,0.4069170108122184,0.34653347470415813,2.17008525467467,10836.235973850009,turtle,cma_es,1,-1.4313278135900793,10
765,7650,-1.4193185910876052,-1.3114739388377838,0.26354904946906194,0.34634248193346895,2.1712278067488415,10852.489650733012,turtle,cma_es,1,-1.4313278135900793,10
766,7660,-1.4016450521540875,-1.3209929557261813,0.16839897793457012,0.34610946507669255,2.172207913139592,10867.746366656997,turtle,cma_es,1,-1.4313278135900793,10
767,7670,-1.4124680151161595,-1.278518849717035,0.21869367302812023,0.3457442450772891,2.172980767772377,10885.16479579499,turtle,cma_es,1,-1.4313278135900793,10
768,7680,-1.4188761072611298,-1.225046441592254,0.2886081312400945,0.34542126844427357,2.1737444804104604,10904.434212519001,turtle,cma_es,1,-1.4313278135900793,10
769,7690,-1.4067275198362834,-1.2441188823187663,0.37378851287963066,0.34510450518776487,2.174310188778916,10919.085742055002,turtle,cma_es,1,-1.4313278135900793,10
770,7700,-1.4177557353371686,-1.3261118428246266,0.11523630810619995,0.3447205941744135,2.1749184185158876,10937.527532865992,turtle,cma_es,1,-1.4313278135900793,10
771,7710,-1.4087189555976325,-1.3672327582008923,0.027127324409875284,0.3443551803033826,2.1753721012942284,10954.368977314996,turtle,cma_es,1,-1.4313278135900793,10
772,7720,-1.4194609184227174,-1.2770028504403927,0.25375887339862263,0.34392486532724925,2.1757740135565866,10967.77611589001,turtle,cma_es,1,-1.4313278135900793,10
773,7730,-1.41330740829199,-1.313114910573093,0.23543161322496944,0.3434188988264994,2.176092378097203,10983.084758968995,turtle,cma_es,1,-1.4313278135900793,10
774,7740,-1.4113348265471997,-1.264634672931927,0.3844144404908595,0.34301552013541975,2.176374318350026,10995.306159775006,turtle,cma_es,1,-1.4313278135900793,10
775,7750,-1.4181695712370823,-1.167011972591622,0.46553069145101017,0.3427911087542478,2.1766448371400826,11009.361281168007,turtle,cma_es,1,-1.4313278135900793,10
776,7760,-1.4119278633532328,-1.3269492152342903,0.1521518779546607,0.3425528821664472,2.177357840918199,11025.828573554987,turtle,cma_es,1,-1.4313278135900793,10
777,7770,-1.426170830090622,-1.389640984530796,0.037485482692543655,0.3425533882347485,2.177665993849739,11041.84668584299,turtle,cma_es,1,-1.4313278135900793,10
778,7780,-1.409641515497544,-1.3289321462458137,0.13256465436716108,0.3423572168444506,2.17797695188371,11055.805973336013,turtle,cma_es,1,-1.4313278135900793,10
779,7790,-1.420828492398103,-1.353299011039664,0.12921162688717736,0.3421962279986994,2.1780043685099537,11076.173840953008,turtle,cma_es,1,-1.4313278135900793,10
780,7800,-1.4176595609421376,-1.3431774227320563,0.1263702231924877,0.34201440614520273,2.1783639820898957,11090.792593813996,turtle,cma_es,1,-1.4313278135900793,10
781,7810,-1.4200388203005012,-1.399002713017254,0.01892522326924404,0.34182336316129747,2.178810428207847,11102.27390627301,turtle,cma_es,1,-1.4313278135900793,10
782,7820,-1.4124572004558251,-1.3428884730431367,0.0904985954343765,0.341688811892959,2.1792170187850504,11114.650416732999,turtle,cma_es,1,-1.4313278135900793,10
783,7830,-1.4084346666737932,-1.3711297853222357,0.05283204980987362,0.3417804210508123,2.179974374450744,11128.831333334005,turtle,cma_es,1,-1.4313278135900793,10
784,7840,-1.4208751846206207,-1.3871993638908893,0.022342473365541838,0.3418920918607921,2.1804932428897303,11141.987063848006,turtle,cma_es,1,-1.4313278135900793,10
785,7850,-1.418854027184171,-1.4005791281427775,0.020534928721149797,0.34188558778419903,2.18129122477625,11152.634087593993,turtle,cma_es,1,-1.4313278135900793,10
786,7860,-1.4232641720122796,-1.331034014827541,0.20476170756060405,0.3419378906185545,2.1815052537494113,11166.755497264996,turtle,cma_es,1,-1.4313278135900793,10
787,7870,-1.4217758893685088,-1.3964937810868867,0.01790980780269262,0.3419880343453277,2.18154569082001,11181.286634591,turtle,cma_es,1,-1.4313278135900793,10
788,7880,-1.4286029696330766,-1.1808532301113819,0.4325988023772801,0.3421838360072503,2.181653339163726,11195.466387593013,turtle,cma_es,1,-1.4313278135900793,10
789,7890,-1.4240195930190707,-1.3173524381336739,0.2914718732771845,0.3423453881790237,2.1817631446909878,11204.291313947004,turtle,cma_es,1,-1.4313278135900793,10
790,7900,-1.418986816537438,-1.386483175994469,0.02731264059040023,0.3424350879476738,2.1818672251591242,11215.75104411901,turtle,cma_es,1,-1.4313278135900793,10
791,7910,-1.4217258221831246,-1.4061664535848597,0.009742164555809844,0.3426574850264798,2.1820134064438976,11229.646833940991,turtle,cma_es,1,-1.4313278135900793,10
792,7920,-1.410075789289107,-1.2806851474163417,0.3268450618599486,0.3427424350779276,2.1820415946760283,11241.584161603998,turtle,cma_es,1,-1.4313278135900793,10
793,7930,-1.4189418710134314,-1.3959541531396966,0.016936459015192605,0.34296683395851196,2.1821352787914736,11252.525173995004,turtle,cma_es,1,-1.4313278135900793,10
794,7940,-1.4162611188639156,-1.3958608996461752,0.01875610144040997,0.34329415655206935,2.182097709107468,11266.784511425009,turtle,cma_es,1,-1.4313278135900793,10
795,7950,-1.4183695306640542,-1.3975922173770936,0.018687392756387422,0.3434565548546964,2.1821999903184492,11277.685814644996,turtle,cma_es,1,-1.4313278135900793,10
796,7960,-1.409840436128591,-1.3758351294637734,0.06134714882541809,0.343660196984366,2.1823624268307116,11288.861274439987,turtle,cma_es,1,-1.4313278135900793,10
797,7970,-1.4180670216871274,-1.3917340367454216,0.022515023676620984,0.343984000333115,2.1823942308057456,11299.116831129999,turtle,cma_es,1,-1.4313278135900793,10
798,7980,-1.4203273331032156,-1.3826355852184844,0.03749697833106583,0.3440837258383423,2.1825092061721363,11310.097819812014,turtle,cma_es,1,-1.4313278135900793,10
799,7990,-1.4226799400278871,-1.386811754147126,0.024864025880982254,0.34417186375212994,2.182587101382044,11321.590525328997,turtle,cma_es,1,-1.4313278135900793,10
800,8000,-1.4159177448883886,-1.2813064287095237,0.32629406937453415,0.34406630340725486,2.182752609350356,11332.90727908301,turtle,cma_es,1,-1.4313278135900793,10
1,10,-0.12549441062154543,0.009271054148838864,0.1032132072076724,0.4904472720899887,1.006838786589988,8.234096825006418,turtle,ipop_cma_es,0,-0.12549441062154543,10
2,20,-0.14461076397843886,-0.022265999200043574,0.05521186646257203,0.48215108293532827,1.0072314954339676,18.100696604989935,turtle,ipop_cma_es,0,-0.14461076397843886,10
3,30,-0.13571463416546248,0.019707432238094392,0.13399714382530178,0.47468741344648946,1.0077448799248985,31.753812153998297,turtle,ipop_cma_es,0,-0.14461076397843886,10
4,40,-0.1815947709573873,-0.03953722343733608,0.10125432303295376,0.4680389407320777,1.008631336844658,44.57347938499879,turtle,ipop_cma_es,0,-0.1815947709573873,10
5,50,-0.12499272420924079,0.006768343127014909,0.0895818786901802,0.4621911808247457,1.010731418286374,58.54204225400463,turtle,ipop_cma_es,0,-0.1815947709573873,10
6,60,-0.045117405246440256,0.019515796333033908,0.050261343225356615,0.45685179559060735,1.0126708518551744,71.99625640499289,turtle,ipop_cma_es,0,-0.1815947709573873,10
7,70,-0.1569473209145098,-0.028091095395204758,0.08092725979820486,0.45197917513930613,1.0149086549873256,83.97936114299227,turtle,ipop_cma_es,0,-0.1815947709573873,10
8,80,-0.08441069615940133,-0.010433304294959988,0.050896619478279864,0.44764327914309954,1.017567010831651,95.66621206898708,turtle,ipop_cma_es,0,-0.1815947709573873,10
9,90,-0.22143094198345192,0.9670176610736542,3.012868287093447,0.44350878654991366,1.0201364264402277,111.32907205898664,turtle,ipop_cma_es,0,-0.22143094198345192,10
10,100,-0.1718607338942313,-0.0091899466436824,0.1423643352800091,0.4397194856003629,1.0228757073111858,122.069210947986,turtle,ipop_cma_es,0,-0.22143094198345192,10
11,110,-0.16272867684418113,-0.028938993209205767,0.06035215045167571,0.4358843802451171,1.0256707117388741,135.88274291998823,turtle,ipop_cma_es,0,-0.22143094198345192,10
12,120,-0.22805088049866828,-0.055233457915105255,0.06968907220954546,0.43228785021032845,1.0284745058251197,150.8892051189905,turtle,ipop_cma_es,0,-0.22805088049866828,10
13,130,-0.3117198412606541,-0.06903998521474852,0.08632128977851738,0.4287351246474749,1.0313238392555983,164.53647414199077,turtle,ipop_cma_es,0,-0.3117198412606541,10
14,140,-0.34556875448238333,-0.08025748281059197,0.10985610868046072,0.42517591339270316,1.034013301296299,176.3013406219834,turtle,ipop_cma_es,0,-0.34556875448238333,10
15,150,-0.05958277615422514,-0.013730199471700111,0.037427941134392996,0.4217838566069011,1.0367179408204716,189.051947689004,turtle,ipop_cma_es,0,-0.34556875448238333,10
16,160,-0.07472253381573601,-0.0036328977829669816,0.053239141563626975,0.418385827981191,1.0394035024385004,202.31932821997907,turtle,ipop_cma_es,0,-0.34556875448238333,10
17,170,-0.12080790170388234,-0.03863470737959487,0.056919804579469165,0.41520076388711397,1.042314563405868,216.5704750979785,turtle,ipop_cma_es,0,-0.34556875448238333,10
18,180,-0.05934252481681224,-0.0047206011495417146,0.032377125301037264,0.41215289562583146,1.045213710514831,231.87867713399464,turtle,ipop_cma_es,0,-0.34556875448238333,10
19,190,-0.08489797318861125,-0.0013625309086343408,0.04593011645498003,0.4091895528417957,1.048053712492533,243.14758779198746,turtle,ipop_cma_es,0,-0.34556875448238333,10
20,200,-0.08762632752075561,-0.032352669324661854,0.03439206462900241,0.40654316575675553,1.0513418489515676,259.20901448099175,turtle,ipop_cma_es,0,-0.34556875448238333,10
21,210,-0.434358665525882,-0.043226610376088104,0.15564033831734955,0.4039229275781624,1.0544519973101214,272.8587859499967,turtle,ipop_cma_es,0,-0.434358665525882,10
22,220,-0.3031207785963046,-0.08246954497941142,0.131597082260045,0.4015303072632388,1.0576095795138698,285.6948491499934,turtle,ipop_cma_es,0,-0.434358665525882,10
23,230,-0.21745401403823372,-0.061125557482123935,0.07516439474825971,0.3991447790660373,1.060766333892956,301.98755426198477,turtle,ipop_cma_es,0,-0.434358665525882,10
24,240,-0.06272206116620183,0.02856578626876134,0.07894436584159335,0.39700703285168154,1.0643386843575826,316.5249642340059,turtle,ipop_cma_es,0,-0.434358665525882,10
25,250,-0.2277827764349638,-0.06033175946613918,0.09822013082661955,0.395078587888761,1.0681331711247521,329.3496083029895,turtle,ipop_cma_es,0,-0.434358665525882,10
26,260,-0.05779053627504904,-0.0025447840250621746,0.05878880721321957,0.39331137040329656,1.0718741480764065,341.9077172880061,turtle,ipop_cma_es,0,-0.434358665525882,10
27,270,-0.24414394680599472,0.012611304665925794,0.11691732247165781,0.3918007103155935,1.0759170370304507,353.11799743998563,turtle,ipop_cma_es,0,-0.434358665525882,10
28,280,-0.11355444935193848,-0.02447071060520418,0.055548290187893826,0.3907645958747647,1.0810373922710284,366.1799953529844,turtle,ipop_cma_es,0,-0.434358665525882,10
29,290,-0.17887470793302196,-0.042095080244489755,0.07152113046860775,0.38957410514238044,1.085914636999611,379.6549456359935,turtle,ipop_cma_es,0,-0.434358665525882,10
30,300,-0.1406692454919325,-0.04973801625172651,0.051029968279236976,0.3884336084316801,1.090995366417476,396.19390130598913,turtle,ipop_cma_es,0,-0.434358665525882,10
31,310,-0.11544739472617582,-0.009217522942065237,0.07736622364862865,0.3875082525157835,1.0962841525201341,413.8576177629875,turtle,ipop_cma_es,0,-0.434358665525882,10
32,320,-0.321628890111719,-0.08674644505454046,0.10331087620352236,0.38671179658528726,1.1020501096611308,427.51553753198823,turtle,ipop_cma_es,0,-0.434358665525882,10
33,330,-0.10303837686890738,0.009210116896602649,0.06832540927626293,0.3858863053633596,1.1074759472022406,442.87735460998374,turtle,ipop_cma_es,0,-0.434358665525882,10
34,340,-0.12776842535479993,-0.008663028057763889,0.06318101788890006,0.38495862233034833,1.1127487574315484,456.5536157329916,turtle,ipop_cma_es,0,-0.434358665525882,10
35,350,-0.2675623474792861,-0.07991390213572096,0.09837983513508874,0.3839088048580167,1.1180340733609917,471.73151378298644,turtle,ipop_cma_es,0,-0.434358665525882,10
36,360,-0.5049902954254808,-0.06833458803022827,0.16328780561827708,0.38278474870747103,1.123076243342139,488.5974775289942,turtle,ipop_cma_es,0,-0.5049902954254808,10
37,370,-0.24463017948506316,-0.09447386158465498,0.08825146884794971,0.38160780176293274,1.1280076794437472,502.95349894298124,turtle,ipop_cma_es,0,-0.5049902954254808,10
38,380,-0.2308275017382888,-0.0949391569333046,0.08241715806317541,0.38043216228033955,1.1330407954623898,513.4231736789807,turtle,ipop_cma_es,0,-0.5049902954254808,10
39,390,-0.28289421694848116,-0.04410300282860628,0.12594665918820386,0.37949916756811747,1.1384533528775995,523.7170535239857,turtle,ipop_cma_es,0,-0.5049902954254808,10
40,400,-0.13181881368448245,-0.04052850005086652,0.06445699355430036,0.37836995103214327,1.143619109053772,535.5418074299814,turtle,ipop_cma_es,0,-0.5049902954254808,10
41,410,-0.21825750980240244,-0.0834013266442292,0.06785873156703234,0.37708661994202997,1.1486869904369785,549.134054989001,turtle,ipop_cma_es,0,-0.5049902954254808,10
42,420,-0.10877544136973238,0.012816742724248886,0.06258622682830123,0.37587190826121186,1.153722382043575,561.361307729996,turtle,ipop_cma_es,0,-0.5049902954254808,10
43,430,-0.41895411211930345,-0.1305135204233756,0.1246952790564907,0.3748806383368525,1.158754301156557,577.8807381170045,turtle,ipop_cma_es,0,-0.5049902954254808,10
44,440,-0.3079070327669209,-0.13454394662802685,0.09496890473227274,0.37404873996690136,1.1637300562377069,594.4001196209865,turtle,ipop_cma_es,0,-0.5049902954254808,10
45,450,-0.3664175419983371,-0.1358198975852302,0.14671797035186743,0.3734742009565907,1.168854691482283,612.6042686209839,turtle,ipop_cma_es,0,-0.5049902954254808,10
46,460,-0.43862959007878644,-0.13332247081441534,0.16795740804487705,0.37296810779624856,1.1742178752878252,623.4460939449782,turtle,ipop_cma_es,0,-0.5049902954254808,10
47,470,-0.37489911516042973,-0.18685438847734037,0.13202694825294525,0.3724571343909578,1.1794506570817669,637.6691326709988,turtle,ipop_cma_es,0,-0.5049902954254808,10
48,480,-0.4711425840042276,-0.1829887966604809,0.19291737585604912,0.37191282830339717,1.1846625480062865,648.4832891649858,turtle,ipop_cma_es,0,-0.5049902954254808,10
49,490,-0.4612281328609962,-0.2939568762629571,0.15172698190576803,0.3713747895404233,1.1900808050461607,659.949657383986,turtle,ipop_cma_es,0,-0.5049902954254808,10
50,500,-0.4008229192388235,-0.1641555129886795,0.14631076402415644,0.371004932705416,1.1955755631907141,677.4333520969958,turtle,ipop_cma_es,0,-0.5049902954254808,10
51,510,-0.38695113280138926,-0.17189862885421608,0.14589168366080624,0.3704379117179909,1.2010705893444986,692.1178995679948,turtle,ipop_cma_es,0,-0.5049902954254808,10
52,520,-0.5282001249391675,-0.19139340993419118,0.16980049000629024,0.3698963912090733,1.2065147583513756,707.8603991289856,turtle,ipop_cma_es,0,-0.5282001249391675,10
53,530,-0.3427637332395719,-0.1291107696248984,0.17653717630416127,0.3693024791330398,1.2115669238180624,719.4318523419788,turtle,ipop_cma_es,0,-0.5282001249391675,10
54,540,-0.47278264172311335,-0.11653750632950555,0.14053937160834287,0.36871511710365473,1.2168542026249465,736.0952766999835,turtle,ipop_cma_es,0,-0.5282001249391675,10
55,550,-0.47042944816007815,-0.1610659638800171,0.17064912326187412,0.3682539754439496,1.2221535840200062,747.5219713639817,turtle,ipop_cma_es,0,-0.5282001249391675,10
56,560,-0.4223895987956947,-0.21615152192794315,0.1747827147593747,0.36787317535088704,1.2278209580473223,762.6828695370059,turtle,ipop_cma_es,0,-0.5282001249391675,10
57,570,-0.4112466209257972,-0.16353928701009196,0.15760661509304386,0.3675102443321964,1.2331817416438082,774.1720344009809,turtle,ipop_cma_es,0,-0.5282001249391675,10
58,580,-0.31544062300290143,-0.1503919579977179,0.12903033566822686,0.36720291718245857,1.2382879534421078,789.7985888340045,turtle,ipop_cma_es,0,-0.5282001249391675,10
59,590,-0.4392991773239512,-0.19575034929579846,0.16807513064799723,0.36689495839964703,1.2436429672477827,806.4816496249987,turtle,ipop_cma_es,0,-0.5282001249391675,10
60,600,-0.40883747233872203,-0.21603938185318725,0.11280108380828528,0.3666744306473034,1.2490780112073798,818.6125097269833,turtle,ipop_cma_es,0,-0.5282001249391675,10
61,610,-0.43855887944530814,-0.1698985883789587,0.15640393654908413,0.36632027552255425,1.2545110842890372,835.4484563969891,turtle,ipop_cma_es,0,-0.5282001249391675,10
62,620,-0.3905262144862034,-0.14229523176269562,0.15200308698124754,0.3659486514476792,1.259802458526833,850.725096640992,turtle,ipop_cma_es,0,-0.5282001249391675,10
63,630,-0.5502735176724576,-0.2753664344615574,0.1387687108087109,0.3655519297599247,1.2648258962539267,864.179607862985,turtle,ipop_cma_es,0,-0.5502735176724576,10
64,640,-0.5386219677570647,-0.2099245351528233,0.18190536334620097,0.36503836979798326,1.2696956460357416,876.8257331310015,turtle,ipop_cma_es,0,-0.5502735176724576,10
65,650,-0.28537948809246494,-0.19617001589876432,0.08292288303689717,0.3646000988723348,1.274857061102367,892.9752204619872,turtle,ipop_cma_es,0,-0.5502735176724576,10
66,660,-0.4053372956941361,-0.17991307894815423,0.1397034264751731,0.3640645847542405,1.2797311713735522,904.21319309299,turtle,ipop_cma_es,0,-0.5502735176724576,10
67,670,-0.40228114034823204,-0.1732550436603722,0.1290617816044554,0.36358728383290323,1.2843468881206341,916.1111732169811,turtle,ipop_cma_es,0,-0.5502735176724576,10
68,680,-0.41341403705690283,-0.2198749788645765,0.14287881473881558,0.3631905795474926,1.289290199663294,929.1297082349774,turtle,ipop_cma_es,0,-0.5502735176724576,10
69,690,-0.28168517782880986,-0.14035813115010526,0.08946590499672724,0.36273623671292743,1.294304262258497,949.1344569560024,turtle,ipop_cma_es,0,-0.5502735176724576,10
70,700,-0.5501519729131461,-0.2955509123103914,0.1740559224168293,0.36230211273127394,1.299088455980894,965.1212260659959,turtle,ipop_cma_es,0,-0.5502735176724576,10
71,710,-0.5740442389939187,-0.3571963559128751,0.17048581332194165,0.36168519020021406,1.3035695002648542,982.7746512439917,turtle,ipop_cma_es,0,-0.5740442389939187,10
72,720,-0.5212243297582875,-0.26851017681229783,0.1367850873108763,0.36096359882077805,1.3076853882375132,997.3990795929858,turtle,ipop_cma_es,0,-0.5740442389939187,10
73,730,-0.5043926400622185,-0.24192074876599792,0.19016580063471242,0.36030919918869353,1.3117748180110167,1013.4396778389928,turtle,ipop_cma_es,0,-0.5740442389939187,10
74,740,-0.4198071484131507,-0.1811856221355006,0.16194990983451923,0.3597788032357829,1.31580861467682,1027.600909803994,turtle,ipop_cma_es,0,-0.5740442389939187,10
75,750,-0.3484495810269532,-0.21953201928939564,0.06731162271356766,0.35924573486801004,1.3201650972337973,1041.8205095979793,turtle,ipop_cma_es,0,-0.5740442389939187,10
76,760,-0.46153725268555945,-0.19840604042564447,0.12109938067314426,0.3588889713235751,1.3243988879611823,1056.9139573379944,turtle,ipop_cma_es,0,-0.5740442389939187,10
77,770,-0.4396195544392194,-0.2171243309109089,0.13625724249701726,0.35874763253202663,1.3289973983737828,1072.3946605050005,turtle,ipop_cma_es,0,-0.5740442389939187,10
78,780,-0.5156129141614709,-0.22351909891593236,0.1496045151079858,0.35853478896324803,1.3334804423837956,1094.2096165289986,turtle,ipop_cma_es,0,-0.5740442389939187,10
79,790,-0.455958993330853,-0.35969169269840523,0.10536405381043294,0.35815692600988397,1.3379533738893286,1108.827814371005,turtle,ipop_cma_es,0,-0.5740442389939187,10
80,800,-0.601954870604346,-0.28237512513404955,0.1642482830270658,0.35773729153794903,1.3424243990469253,1124.533749758004,turtle,ipop_cma_es,0,-0.601954870604346,10
81,810,-0.5282814842671746,-0.2008681402254667,0.12073263168324327,0.3573877955749932,1.3466366323266747,1141.0013185050047,turtle,ipop_cma_es,0,-0.601954870604346,10
82,820,-0.8626901045902589,-0.41151636878582715,0.22398201555388653,0.35730867387133347,1.35129591832933,1155.5863947949838,turtle,ipop_cma_es,0,-0.8626901045902589,10
83,830,-0.7255842833132968,-0.34569360395100296,0.21348002244412229,0.3570977452793311,1.3559687240590401,1168.357103360002,turtle,ipop_cma_es,0,-0.8626901045902589,10
84,840,-0.939046821599093,-0.4039257833317803,0.22601685251184095,0.3567648205703703,1.3608200852849608,1183.5193088709784,turtle,ipop_cma_es,0,-0.939046821599093,10
85,850,-0.8403724229309315,-0.4112019610599025,0.20345927010405848,0.35648311559845736,1.3656531150535975,1198.6266842439945,turtle,ipop_cma_es,0,-0.939046821599093,10
86,860,-0.7935455628083732,-0.3366060037563531,0.21315090824756652,0.35621255150238995,1.3703999179693505,1216.0403976279777,turtle,ipop_cma_es,0,-0.939046821599093,10
87,870,-0.8779637968556147,-0.566984369434534,0.2361064820912836,0.35592361597749184,1.374918090712908,1230.2920026530046,turtle,ipop_cma_es,0,-0.939046821599093,10
88,880,-0.714039029759892,-0.288338537361724,0.207866658351842,0.3555254044609454,1.3797718026586399,1247.7944794999785,turtle,ipop_cma_es,0,-0.939046821599093,10
89,890,-0.7719535801842401,-0.3799038987854423,0.22391636960002512,0.35490203185488073,1.3842119273528652,1263.4815472189803,turtle,ipop_cma_es,0,-0.939046821599093,10
90,900,-0.8189410892842819,-0.34504125982399153,0.2910624247918223,0.35435950974595765,1.3884547562052416,1281.5937003949948,turtle,ipop_cma_es,0,-0.939046821599093,10
91,910,-0.7884677596169531,-0.45472182225316626,0.18801804785050283,0.3537773276039925,1.3925138900234655,1297.152545177989,turtle,ipop_cma_es,0,-0.939046821599093,10
92,920,-0.8571261351195014,-0.4257655879397819,0.22955954552461164,0.35336096122870214,1.396668058440616,1310.1771024749905,turtle,ipop_cma_es,0,-0.939046821599093,10
93,930,-0.7556711952904545,-0.39751164392105365,0.2159277588690195,0.35282646398633344,1.4004955616125878,1327.744468711986,turtle,ipop_cma_es,0,-0.939046821599093,10
94,940,-0.9865749735893736,-0.489391280261931,0.32892412570136337,0.35236375726524505,1.4043369285621168,1342.1295440959802,turtle,ipop_cma_es,0,-0.9865749735893736,10
95,950,-0.9324582026333301,-0.6350082240636367,0.15314261918486743,0.3520864634225439,1.4084977890385026,1357.023415617994,turtle,ipop_cma_es,0,-0.9865749735893736,10
96,960,-0.9067624531945553,-0.6461568869292759,0.2351176115049477,0.35174237959182747,1.4123611949234471,1369.514720103005,turtle,ipop_cma_es,0,-0.9865749735893736,10
97,970,-0.9729104868757821,-0.6687464468810825,0.31438553162620136,0.3511289604823955,1.4160168852905413,1382.7808020589873,turtle,ipop_cma_es,0,-0.9865749735893736,10
98,980,-1.0036121552001553,-0.8293070154251518,0.13860291413557874,0.35061302092296004,1.4199424230447362,1394.8641932509781,turtle,ipop_cma_es,0,-1.0036121552001553,10
99,990,-0.9601603105011352,-0.6710534991372137,0.25855326827889263,0.3502471244048146,1.423794503842151,1406.1735072330048,turtle,ipop_cma_es,0,-1.0036121552001553,10
100,1000,-0.9801353431766975,-0.707823454524176,0.2205571170716845,0.3496738889451894,1.4274118943023828,1422.118852471991,turtle,ipop_cma_es,0,-1.0036121552001553,10
101,1010,-0.8819299344127529,-0.6063742760580488,0.23258875824513817,0.3490204632624081,1.430912518398956,1436.1521161959972,turtle,ipop_cma_es,0,-1.0036121552001553,10
102,1020,-0.8582483747165126,-0.5806008672219922,0.2744366482533616,0.348449670084562,1.4344770752882912,1453.6949806049815,turtle,ipop_cma_es,0,-1.0036121552001553,10
103,1030,-0.9036128877838454,-0.7246522999401345,0.19765352901168626,0.3480686688274094,1.438520277800864,1468.769466066995,turtle,ipop_cma_es,0,-1.0036121552001553,10
104,1040,-0.9787429365831981,-0.5956626663299799,0.22448051770491817,0.3476300639807419,1.442483541672716,1488.9999568689964,turtle,ipop_cma_es,0,-1.0036121552001553,10
105,1050,-0.8790695641731086,-0.4959349895932941,0.25909425540196107,0.3474166606839056,1.4471501138866005,1502.2180376600008,turtle,ipop_cma_es,0,-1.0036121552001553,10
106,1060,-0.9555965422604853,-0.5941716799094235,0.2881483319430235,0.34743959767407995,1.4518497711291998,1517.4807751560002,turtle,ipop_cma_es,0,-1.0036121552001553,10
107,1070,-0.9153911412888434,-0.6653672668726941,0.23183863130478377,0.34760690544499007,1.4567403621747812,1530.4386399349896,turtle,ipop_cma_es,0,-1.0036121552001553,10
108,1080,-0.9680905435676035,-0.7279508409050262,0.26803272190232846,0.3478014201424456,1.4614542814448288,1540.3953009539982,turtle,ipop_cma_es,0,-1.0036121552001553,10
109,1090,-0.9350286623545747,-0.6561040616846412,0.27770991578780235,0.3481459884929542,1.4672204689127752,1555.2909503970004,turtle,ipop_cma_es,0,-1.0036121552001553,10
110,1100,-0.9296677173166916,-0.6578100427839584,0.3101010651870302,0.34848107641133996,1.4724701368105901,1570.3559275369917,turtle,ipop_cma_es,0,-1.0036121552001553,10
111,1110,-0.9267602935067627,-0.6138993775299495,0.2192572224090831,0.34877738091876587,1.4781462946304282,1588.777203737991,turtle,ipop_cma_es,0,-1.0036121552001553,10
112,1120,-0.9346638746051745,-0.5535575760350668,0.31361788737287805,0.3491331340019183,1.4836738300841643,1602.1018481770006,turtle,ipop_cma_es,0,-1.0036121552001553,10
113,1130,-0.9032446732944166,-0.4316620571340716,0.3068297151254621,0.349426614019198,1.489105476695482,1615.9953653289995,turtle,ipop_cma_es,0,-1.0036121552001553,10
114,1140,-0.9593550620669813,-0.4188402601701792,0.3053447760730558,0.3498151417876355,1.4945052742544669,1628.8048365629802,turtle,ipop_cma_es,0,-1.0036121552001553,10
115,1150,-0.891695470400701,-0.44866135535333973,0.32223018803101006,0.3501855023049892,1.4999138897191826,1644.2266162949963,turtle,ipop_cma_es,0,-1.0036121552001553,10
116,1160,-0.8145165488341384,-0.5107469990007998,0.18730302705656812,0.3504097149731541,1.5049675244018579,1653.1625918579812,turtle,ipop_cma_es,0,-1.0036121552001553,10
117,1170,-0.9498254811104072,-0.6275257974736127,0.2764507958339141,0.3507078851013026,1.5101677038947916,1666.359453609999,turtle,ipop_cma_es,0,-1.0036121552001553,10
118,1180,-0.938832070357905,-0.40223663006990595,0.3212550835934061,0.3508405994805236,1.5152021433330034,1680.0340427829942,turtle,ipop_cma_es,0,-1.0036121552001553,10
119,1190,-0.9183240374732149,-0.6287087962266547,0.23948970386160198,0.351011837242613,1.5202838854641494,1695.3542937999882,turtle,ipop_cma_es,0,-1.0036121552001553,10
120,1200,-0.8405512956965051,-0.5365245243591568,0.2591487702054629,0.35122845373337735,1.5257587387693947,1711.2058135900006,turtle,ipop_cma_es,0,-1.0036121552001553,10
121,1210,-0.7074337913651911,-0.3380466177597222,0.21619533653166295,0.35165951522754746,1.532382800693381,1727.367423802003,turtle,ipop_cma_es,0,-1.0036121552001553,10
122,1220,-0.9414573816663099,-0.45046343995023186,0.2885889593141929,0.35216608893980306,1.5381066580597018,1737.8504832699837,turtle,ipop_cma_es,0,-1.0036121552001553,10
123,1230,-0.9201287434121097,-0.40597563219341676,0.30641548748179165,0.35249252749679144,1.543515358101033,1750.924320806982,turtle,ipop_cma_es,0,-1.0036121552001553,10
124,1240,-0.9309615933999833,-0.6400599430916436,0.33744492224009437,0.3527068363740108,1.5489457966790405,1764.6575163599919,turtle,ipop_cma_es,0,-1.0036121552001553,10
125,1250,-0.945952142831695,-0.5798265611437458,0.28635418894612064,0.35314308436627473,1.554449587874481,1775.7978525279905,turtle,ipop_cma_es,0,-1.0036121552001553,10
126,1260,-0.7783411161629159,-0.33279635719141804,0.2673858396981628,0.3533341013064795,1.5597468166916137,1790.290003126982,turtle,ipop_cma_es,0,-1.0036121552001553,10
127,1270,-0.9566072882741539,-0.7037627173180369,0.22491844779963752,0.3535628008879046,1.5646484139126315,1805.9975655080052,turtle,ipop_cma_es,0,-1.0036121552001553,10
128,1280,-1.040072508538378,-0.6726774275560385,0.2691788043792567,0.3537969052404574,1.5697072707077788,1820.8437315549818,turtle,ipop_cma_es,0,-1.040072508538378,10
129,1290,-0.9732903609843087,-0.48739216215476,0.291642865431262,0.35407968594322503,1.5746607710693576,1831.7532363699866,turtle,ipop_cma_es,0,-1.040072508538378,10
130,1300,-0.9403077045134083,-0.5472224425129293,0.2073707182516313,0.35454703926346737,1.5805627297523397,1845.9147651880048,turtle,ipop_cma_es,0,-1.040072508538378,10
131,1310,-0.9947845916881741,-0.7056347891837307,0.3112867652797226,0.3552970451467591,1.5867459913358677,1857.8817154050048,turtle,ipop_cma_es,0,-1.040072508538378,10
132,1320,-0.9945911612791862,-0.6865001661528963,0.2896546190195676,0.3558901262873998,1.5927925660707063,1869.140542256995,turtle,ipop_cma_es,0,-1.040072508538378,10
133,1330,-1.049618022249339,-0.6938813899114131,0.251355290642887,0.35642948269274277,1.5991741158106128,1882.0180994679977,turtle,ipop_cma_es,0,-1.049618022249339,10
134,1340,-0.9716086068841285,-0.5882116864920057,0.313691565579609,0.35666367206572364,1.6053739658045352,1895.436137857003,turtle,ipop_cma_es,0,-1.049618022249339,10
135,1350,-0.9592313709498566,-0.8435466627238902,0.11165278206334678,0.3567115483352004,1.6113735893901084,1907.316857667989,turtle,ipop_cma_es,0,-1.049618022249339,10
136,1360,-0.9839306110015213,-0.7651193433612515,0.2834245100412434,0.3565902681860879,1.6168572909782817,1920.3058523009822,turtle,ipop_cma_es,0,-1.049618022249339,10
137,1370,-1.023402454968939,-0.8260418097148117,0.1456955900840998,0.35648961631437737,1.6224938310783357,1930.6264613639796,turtle,ipop_cma_es,0,-1.049618022249339,10
138,1380,-1.0710721658219962,-0.9317112300531505,0.15656267730081125,0.35649976800773003,1.6281023432984971,1942.2733840889996,turtle,ipop_cma_es,0,-1.0710721658219962,10
139,1390,-1.0649366577532247,-0.6931428681020421,0.2848715702003004,0.3566083374867007,1.634149668555778,1957.5283820089826,turtle,ipop_cma_es,0,-1.0710721658219962,10
140,1400,-1.0263454974903645,-0.8321070203649932,0.18725957241004917,0.3567031415057355,1.6399450310122474,1972.8389360900037,turtle,ipop_cma_es,0,-1.0710721658219962,10
141,1410,-1.0064224280373804,-0.8214987348975431,0.15823952082794243,0.3566610058197566,1.6453680890804814,1987.0862715510011,turtle,ipop_cma_es,0,-1.0710721658219962,10
142,1420,-1.0484985763910952,-0.7064809628084328,0.2715213845431203,0.3568225223224385,1.6508243287210644,1998.4659017939994,turtle,ipop_cma_es,0,-1.0710721658219962,10
143,1430,-1.1676310622559694,-0.6635930222390476,0.3085248284126315,0.3568483695083943,1.6561055186224465,2010.6842930089915,turtle,ipop_cma_es,0,-1.1676310622559694,10
144,1440,-1.0572144469166957,-0.7704734619885504,0.3247070255130249,0.3566686724229746,1.6612123615396384,2024.4216112249997,turtle,ipop_cma_es,0,-1.1676310622559694,10
145,1450,-1.0240074227027982,-0.6683491674846875,0.2806524411686172,0.35635663135501944,1.666192374177367,2036.3760236729868,turtle,ipop_cma_es,0,-1.1676310622559694,10
146,1460,-0.9861392408055849,-0.5563925983513304,0.27759788882456254,0.35624939462232774,1.671709431572956,2051.288762782002,turtle,ipop_cma_es,0,-1.1676310622559694,10
147,1470,-1.099837387880589,-0.8256726293903665,0.2518482273556562,0.35608933476785976,1.6772280494589724,2064.024291490001,turtle,ipop_cma_es,0,-1.1676310622559694,10
148,1480,-1.0106798864723805,-0.680974864569047,0.34475422802437583,0.3557903754651174,1.6823156546763371,2080.816073342983,turtle,ipop_cma_es,0,-1.1676310622559694,10
149,1490,-1.053578848028212,-0.7963246510278215,0.27484273975814644,0.3553881598621366,1.687330728072741,2091.7828526439844,turtle,ipop_cma_es,0,-1.1676310622559694,10
150,1500,-1.1327857916436024,-0.7866812373776801,0.2306626084068292,0.35510164886268086,1.6924183261643684,2106.198120343004,turtle,ipop_cma_es,0,-1.1676310622559694,10
151,1510,-1.0155559903359004,-0.6762263559421129,0.2803787932231078,0.3548243480015766,1.6971156834791254,2117.287251932983,turtle,ipop_cma_es,0,-1.1676310622559694,10
152,1520,-1.0190026277315134,-0.6576139687329787,0.3150945037899977,0.354564347309781,1.7014588525442942,2129.0310366890044,turtle,ipop_cma_es,0,-1.1676310622559694,10
153,1530,-1.1151792101108464,-0.8584627167769956,0.2618249777809741,0.35438542629871694,1.7056681322319802,2140.1910324069904,turtle,ipop_cma_es,0,-1.1676310622559694,10
154,1540,-1.1212893112537357,-0.9279021875959368,0.20690886861288915,0.3542628927555981,1.7103555666940264,2155.1041618819872,turtle,ipop_cma_es,0,-1.1676310622559694,10
155,1550,-1.118347459528601,-0.9259856453592799,0.22656644864487815,0.35406621374546865,1.7148815273144478,2168.27427390698,turtle,ipop_cma_es,0,-1.1676310622559694,10
156,1560,-1.2215809551670276,-0.9153367141421785,0.30078287238389495,0.3537457827569823,1.7197177954139613,2181.168211048993,turtle,ipop_cma_es,0,-1.2215809551670276,10
157,1570,-1.2256042792447408,-0.8089052361867642,0.3203500411885837,0.3535765219254317,1.7249065873931695,2197.1522626199876,turtle,ipop_cma_es,0,-1.2256042792447408,10
158,1580,-1.2245425819114795,-0.6240865429016835,0.38712461347536337,0.3535291426773856,1.7298550595675808,2211.7047517109895,turtle,ipop_cma_es,0,-1.2256042792447408,10
159,1590,-1.2113240755174868,-0.7701137213471837,0.42768024002404953,0.3530945101643529,1.7343183130009547,2226.3527659440006,turtle,ipop_cma_es,0,-1.2256042792447408,10
160,1600,-1.208477322771575,-1.0238917976154414,0.20584414841423376,0.35279071497981573,1.7388220107126,2241.6151089709892,turtle,ipop_cma_es,0,-1.2256042792447408,10
161,1610,-1.1857081236045417,-0.8650866168973593,0.3332677871322556,0.35254453563333354,1.7435210253131463,2252.9861530019843,turtle,ipop_cma_es,0,-1.2256042792447408,10
162,1620,-1.147173787293701,-0.7708999393350664,0.31922817753581195,0.35225856724485566,1.7477071469095582,2264.731758451002,turtle,ipop_cma_es,0,-1.2256042792447408,10
163,1630,-1.1656649129931829,-0.8338269568857427,0.34233041129730774,0.351821231766896,1.7519026051778064,2282.203569417994,turtle,ipop_cma_es,0,-1.2256042792447408,10
164,1640,-1.0854576930731943,-0.7697518839102245,0.2275295291014045,0.3512837748171519,1.7565704539227602,2301.395576890005,turtle,ipop_cma_es,0,-1.2256042792447408,10
165,1650,-1.1798730905369395,-0.8588759744499578,0.2785161640190916,0.35073231275811506,1.7608685731160578,2315.635997876001,turtle,ipop_cma_es,0,-1.2256042792447408,10
166,1660,-1.0998218083241893,-0.9132041379862607,0.19230813904355204,0.35019809906307625,1.7650122448471437,2329.476352589001,turtle,ipop_cma_es,0,-1.2256042792447408,10
167,1670,-1.078265472025655,-0.8263566468946149,0.2355426530858054,0.3495737407756506,1.768808584357442,2343.7779279270035,turtle,ipop_cma_es,0,-1.2256042792447408,10
168,1680,-0.9880556329879786,-0.4262251028380832,0.38368932048135906,0.34883187521806125,1.7724189920996292,2356.0528153839987,turtle,ipop_cma_es,0,-1.2256042792447408,10
169,1690,-1.1081845095301919,-0.6429321318497194,0.38148914965954367,0.3481686069278846,1.7772389909409294,2370.503670157981,turtle,ipop_cma_es,0,-1.2256042792447408,10
170,1700,-1.1776534397429401,-0.8137664681512289,0.3164724019677367,0.34755361378056443,1.781353120556766,2383.7980855719943,turtle,ipop_cma_es,0,-1.2256042792447408,10
171,1710,-1.0502835632971204,-0.7131247510180105,0.2670151685227554,0.3470651139279524,1.7856560086066866,2398.3438120920036,turtle,ipop_cma_es,0,-1.2256042792447408,10
172,1720,-1.074936501713796,-0.8293409900501038,0.235359315390955,0.34643440318604446,1.7897101753355757,2411.454538179998,turtle,ipop_cma_es,0,-1.2256042792447408,10
173,1730,-1.0947147477447476,-0.7222816969371565,0.3246827310226948,0.34596054863722026,1.794634970059923,2423.0094874099887,turtle,ipop_cma_es,0,-1.2256042792447408,10
174,1740,-1.0932687903169231,-0.8729271723344108,0.18785665272655158,0.34518729361629097,1.798844092486346,2434.6267196979898,turtle,ipop_cma_es,0,-1.2256042792447408,10
175,1750,-1.1592185835002375,-0.8601135039252323,0.20027859669329415,0.34488930998169953,1.8033460429719477,2450.2322036239784,turtle,ipop_cma_es,0,-1.2256042792447408,10
176,1760,-1.1059427028852769,-0.8517765228255577,0.2693618979270467,0.3447142765031356,1.8076237240877566,2462.636327879998,turtle,ipop_cma_es,0,-1.2256042792447408,10
177,1770,-1.0609039032295406,-0.9112430104354079,0.09521192879316752,0.34461234603885293,1.8119341200391628,2475.5279837529815,turtle,ipop_cma_es,0,-1.2256042792447408,10
178,1780,-1.152543562701907,-0.9312060689241157,0.13986778153923005,0.34445289588457584,1.8161687235269102,2486.771993670991,turtle,ipop_cma_es,0,-1.2256042792447408,10
179,1790,-1.2115522472458098,-0.9083482112875008,0.16607900956258717,0.34427549850009304,1.820426815371539,2500.060733735998,turtle,ipop_cma_es,0,-1.2256042792447408,10
180,1800,-1.1769143273716107,-0.8017170702623322,0.27302865930629155,0.3440822808443055,1.8245055467320197,2514.5534951259906,turtle,ipop_cma_es,0,-1.2256042792447408,10
181,1810,-1.1430667226041553,-0.8211696113535105,0.30807200501621235,0.3439288296023399,1.8286505189856228,2529.4724199539924,turtle,ipop_cma_es,0,-1.2256042792447408,10
182,1820,-1.1018112597296401,-0.7167020192870663,0.3921306038875447,0.34369328743137145,1.8327233228229987,2542.3412974509993,turtle,ipop_cma_es,0,-1.2256042792447408,10
183,1830,-1.0422463793326777,-0.770652216752556,0.26862228103173824,0.3436013008802162,1.8367408738201692,2552.943556843995,turtle,ipop_cma_es,0,-1.2256042792447408,10
184,1840,-1.0270192241469438,-0.5911141515260724,0.3762300481905895,0.34339095100431005,1.841228332031096,2565.548740862985,turtle,ipop_cma_es,0,-1.2256042792447408,10
185,1850,-1.0536507575312024,-0.5800243571311471,0.39914855183198206,0.3430896433788105,1.8451970773205533,2580.5691115279915,turtle,ipop_cma_es,0,-1.2256042792447408,10
186,1860,-0.9694997589278822,-0.7928897576726328,0.23709018691637948,0.34270671335693953,1.8491022378610478,2591.801561622997,turtle,ipop_cma_es,0,-1.2256042792447408,10
187,1870,-1.059135651618984,-0.8389337242181772,0.3057400735091639,0.3424386053360495,1.853199596700742,2604.498833188991,turtle,ipop_cma_es,0,-1.2256042792447408,10
188,1880,-1.0465430484996805,-0.6988036867762911,0.39911884294964556,0.34206584421946146,1.8571279746374103,2617.6399541540013,turtle,ipop_cma_es,0,-1.2256042792447408,10
189,1890,-1.0680995600621381,-0.731287940354356,0.29992462394958913,0.34160796304602664,1.8605684371452347,2632.32257980798,turtle,ipop_cma_es,0,-1.2256042792447408,10
190,1900,-1.1204105148611143,-0.7649824233617999,0.3771923460404864,0.34131479577145346,1.8640803188867274,2646.0517455869995,turtle,ipop_cma_es,0,-1.2256042792447408,10
191,1910,-0.978835264763954,-0.6956970316640261,0.35432931160232406,0.34099730519455546,1.8675424653577297,2658.874870055006,turtle,ipop_cma_es,0,-1.2256042792447408,10
192,1920,-1.001375856851828,-0.7723271828098259,0.2577612394579977,0.3408224876447757,1.8709755268831656,2674.455446384003,turtle,ipop_cma_es,0,-1.2256042792447408,10
193,1930,-1.0232089569163634,-0.7363503475464734,0.2848282719911524,0.3403723465147037,1.8743410082627863,2685.301628988993,turtle,ipop_cma_es,0,-1.2256042792447408,10
194,1940,-0.9932186207334928,-0.7890293008367978,0.2950574852606071,0.3401165391691238,1.8777119877142696,2696.8068423689983,turtle,ipop_cma_es,0,-1.2256042792447408,10
195,1950,-0.9952300531027163,-0.39106326627883503,0.36500346354408936,0.3400851515218807,1.8809753988141962,2712.079968573991,turtle,ipop_cma_es,0,-1.2256042792447408,10
196,1960,-0.9948605225761646,-0.7309799112943932,0.3058926858750292,0.3399751160173686,1.8841640878666208,2726.2283913909923,turtle,ipop_cma_es,0,-1.2256042792447408,10
197,1970,-1.0452931655046225,-0.7853222487299243,0.3022163913271756,0.3398170863368041,1.887018390172668,2741.3995129480027,turtle,ipop_cma_es,0,-1.2256042792447408,10
198,1980,-0.9719594611334248,-0.6496256921237458,0.29889127735313464,0.33956856927993717,1.8896947016294197,2755.985408632987,turtle,ipop_cma_es,0,-1.2256042792447408,10
199,1990,-1.082679635437895,-0.7689539932110938,0.22219402142426092,0.33914537355392865,1.8921620726049397,2769.7022433159873,turtle,ipop_cma_es,0,-1.2256042792447408,10
200,2000,-1.0373350893689741,-0.7868533308347906,0.28384080393839156,0.338541533674395,1.8948498590215161,2782.3387496059877,turtle,ipop_cma_es,0,-1.2256042792447408,10
201,2010,-1.0905298553899136,-0.7903173972257123,0.3132570196657737,0.33783932078019935,1.8973089630515918,2794.996672872978,turtle,ipop_cma_es,0,-1.2256042792447408,10
202,2020,-0.99564134931813,-0.7085101935147728,0.3689855263913042,0.3370881740451024,1.899554849995906,2807.9851485590043,turtle,ipop_cma_es,0,-1.2256042792447408,10
203,2030,-1.0830229820230066,-0.8393535693393286,0.30832130140823044,0.33627933227665263,1.9018425682934934,2823.425072910002,turtle,ipop_cma_es,0,-1.2256042792447408,10
204,2040,-1.122744875693635,-0.8177495905041331,0.3002330663523498,0.3355109984835531,1.9037846628969866,2839.5753661199997,turtle,ipop_cma_es,0,-1.2256042792447408,10
205,2050,-1.066375551496221,-0.6865940403714009,0.3151717806135927,0.3346349255358335,1.905772778831503,2851.997612187988,turtle,ipop_cma_es,0,-1.2256042792447408,10
206,2060,-1.0809660389908,-0.5840745119348034,0.35145443634339235,0.33376699822827055,1.907718729701417,2865.706617556978,turtle,ipop_cma_es,0,-1.2256042792447408,10
207,2070,-1.1260710483956924,-0.7499096040148006,0.314084378766958,0.332893572423734,1.9095935691968573,2879.4661032279837,turtle,ipop_cma_es,0,-1.2256042792447408,10
208,2080,-1.0692793642930551,-0.8280695284119475,0.19885591627465943,0.33188275367431425,1.9113781984346292,2893.6552456079808,turtle,ipop_cma_es,0,-1.2256042792447408,10
209,2090,-1.2051577326368923,-0.8940838710926243,0.24508601354180598,0.33078966817085315,1.9130303788484722,2905.1117518209794,turtle,ipop_cma_es,0,-1.2256042792447408,10
210,2100,-1.1791613296566963,-0.7997481672941265,0.3617921090085908,0.3297988663441994,1.9142884201990262,2920.2418877040036,turtle,ipop_cma_es,0,-1.2256042792447408,10
211,2110,-1.0665617864585748,-0.6787324022406608,0.30083008637350894,0.32886438304952653,1.9158904816340028,2934.2739326209994,turtle,ipop_cma_es,0,-1.2256042792447408,10
212,2120,-1.085106011299401,-0.709600061015607,0.4072151830416962,0.3280378583470423,1.9173333329684188,2948.3714881939813,turtle,ipop_cma_es,0,-1.2256042792447408,10
213,2130,-1.243510840209355,-1.003502641458898,0.1444984596588103,0.32726320789843044,1.9186992979154127,2962.5175624969997,turtle,ipop_cma_es,0,-1.243510840209355,10
214,2140,-1.0759385710219673,-0.7480882408017709,0.3267670538721758,0.32634818289145756,1.919708515620984,2975.343488137005,turtle,ipop_cma_es,0,-1.243510840209355,10
215,2150,-1.1832441155665405,-0.8659905923494218,0.30721464063811343,0.3256809647185521,1.920651982886281,2986.3236051150016,turtle,ipop_cma_es,0,-1.243510840209355,10
216,2160,-1.2367857843846037,-0.6677010196466935,0.44487282192546257,0.3248385550949277,1.9215168229196598,2997.821062993986,turtle,ipop_cma_es,0,-1.243510840209355,10
217,2170,-1.269151613758483,-0.931386533732254,0.29660780082301236,0.3240473133235175,1.9224460409375448,3010.5837162779935,turtle,ipop_cma_es,0,-1.269151613758483,10
218,2180,-1.3124641039795737,-0.9088329725723362,0.37423392133659183,0.32347842466962196,1.9234351819521498,3021.47279551698,turtle,ipop_cma_es,0,-1.3124641039795737,10
219,2190,-1.3344305932736749,-0.9904809425728518,0.3007218990126482,0.32288572702139523,1.9245444106644047,3031.3127516499953,turtle,ipop_cma_es,0,-1.3344305932736749,10
220,2200,-1.3623228445503663,-0.8323408138444359,0.3556410037694574,0.32224197774021135,1.925362108166244,3044.062242079992,turtle,ipop_cma_es,0,-1.3623228445503663,10
221,2210,-1.2343718960656878,-0.7788692592715089,0.34998682542280835,0.321594774179672,1.9264567182836614,3058.4275963479886,turtle,ipop_cma_es,0,-1.3623228445503663,10
222,2220,-1.1170677918966083,-0.8913991309716096,0.25520508101362877,0.3211433060365357,1.9274436559253771,3074.386821417982,turtle,ipop_cma_es,0,-1.3623228445503663,10
223,2230,-1.2995930526479862,-0.8838487771722185,0.2846819514532623,0.3207195471325644,1.928599006008023,3088.246882350999,turtle,ipop_cma_es,0,-1.3623228445503663,10
224,2240,-1.0924881128055954,-0.6189762727258374,0.35761686803468207,0.32033061791095085,1.9298163723494721,3098.865073438006,turtle,ipop_cma_es,0,-1.3623228445503663,10
225,2250,-1.2316407673580763,-0.7816027405188324,0.2602530619833931,0.31975859294158226,1.9312715054623006,3112.325295980001,turtle,ipop_cma_es,0,-1.3623228445503663,10
226,2260,-1.3718285370077776,-1.065934201496647,0.2547326759019985,0.3194705204575898,1.933080973689816,3123.5728373019956,turtle,ipop_cma_es,0,-1.3718285370077776,10
227,2270,-1.2650845667129031,-0.8638249115961487,0.3447266565626637,0.3191871874529418,1.9345654359426547,3141.0407587490045,turtle,ipop_cma_es,0,-1.3718285370077776,10
228,2280,-1.4142558585040428,-1.0307201667097163,0.31433391037540837,0.31895627836417545,1.9363706071966191,3158.227014551987,turtle,ipop_cma_es,0,-1.4142558585040428,10
229,2290,-1.3468973260307378,-1.09229322160918,0.19215590266994514,0.3188533081646053,1.9378374574188117,3173.7602135079796,turtle,ipop_cma_es,0,-1.4142558585040428,10
230,2300,-1.3834346059738385,-1.1297114805754358,0.19955265590019056,0.31882661715279426,1.9392088977310604,3187.1252769099956,turtle,ipop_cma_es,0,-1.4142558585040428,10
231,2310,-1.4279031798647734,-0.8903273267539026,0.5632801744457537,0.31881378902972407,1.9405437247960255,3199.9945668999862,turtle,ipop_cma_es,0,-1.4279031798647734,10
232,2320,-1.3469907604118925,-0.9629979132109792,0.38189001694231534,0.31876074278231037,1.9417538215999026,3215.0570920049795,turtle,ipop_cma_es,0,-1.4279031798647734,10
233,2330,-1.3136896672817135,-0.9021850505259323,0.3865566397172757,0.3189117088574337,1.9427914385046188,3225.8098665979924,turtle,ipop_cma_es,0,-1.4279031798647734,10
234,2340,-1.3579838827997985,-1.116869720379221,0.2745104262546131,0.31923686905402754,1.9437170634600827,3235.237671448005,turtle,ipop_cma_es,0,-1.4279031798647734,10
235,2350,-1.3385732128474963,-1.107189058471888,0.2955475272101903,0.3197257087437916,1.944506980809753,3247.143425016984,turtle,ipop_cma_es,0,-1.4279031798647734,10
236,2360,-1.275512865257844,-1.0227315116688716,0.23333662363004282,0.3202145387598819,1.9451596454367113,3259.9636917409953,turtle,ipop_cma_es,0,-1.4279031798647734,10
237,2370,-1.3533698688934326,-0.9716130980448249,0.27766762975555487,0.3206724528762793,1.9460970417961794,3272.447557142994,turtle,ipop_cma_es,0,-1.4279031798647734,10
238,2380,-1.362022348003575,-0.8553685506833524,0.443351259791101,0.32098559825095935,1.9471208438486733,3284.413004714006,turtle,ipop_cma_es,0,-1.4279031798647734,10
239,2390,-1.274253404838559,-0.8533707356893239,0.3521400870743926,0.321394950427907,1.9478457571022243,3299.1477973769943,turtle,ipop_cma_es,0,-1.4279031798647734,10
240,2400,-1.3061939099081128,-0.9085077755621219,0.31700832459179934,0.3217882374939588,1.9488948685325016,3314.220741515979,turtle,ipop_cma_es,0,-1.4279031798647734,10
241,2410,-1.231024195199887,-0.7157639517739195,0.3589606094194894,0.3222582805334577,1.9497408877101599,3327.741719099984,turtle,ipop_cma_es,0,-1.4279031798647734,10
242,2420,-1.246440996676312,-0.6781964328428675,0.3381904946505537,0.3224986102398968,1.9508516332221797,3343.4939944509824,turtle,ipop_cma_es,0,-1.4279031798647734,10
243,2430,-1.2048559748510232,-0.9419840676961044,0.2394273848909034,0.32286486828345756,1.9516886007334728,3355.873142547003,turtle,ipop_cma_es,0,-1.4279031798647734,10
244,2440,-1.3751612085340055,-1.023196143943156,0.18580460346410674,0.3231893339706427,1.9527034187501267,3371.558395934,turtle,ipop_cma_es,0,-1.4279031798647734,10
245,2450,-1.3249282928686537,-1.0729798561776924,0.31881663673149263,0.3233001871434058,1.9536685094907076,3386.4748021409905,turtle,ipop_cma_es,0,-1.4279031798647734,10
246,2460,-1.4161057753084547,-1.2141453851221837,0.14430873244007358,0.32354582303272256,1.954469814760947,3398.0219555109798,turtle,ipop_cma_es,0,-1.4279031798647734,10
247,2470,-1.4053984911664728,-0.9556513282565675,0.3877199118767001,0.3237932566420128,1.955290287488222,3410.3816880009836,turtle,ipop_cma_es,0,-1.4279031798647734,10
248,2480,-1.3947077874756282,-1.1913673351637486,0.1473117193123705,0.3240197717898392,1.955799240343968,3423.316492805985,turtle,ipop_cma_es,0,-1.4279031798647734,10
249,2490,-1.353646503227087,-0.9430593490914501,0.3016958444787447,0.32437363913633344,1.9568776920218207,3437.959063763992,turtle,ipop_cma_es,0,-1.4279031798647734,10
250,2500,-1.3198818700538446,-1.0264992299602906,0.41889951855945046,0.32472023611584827,1.9578300691178647,3449.9065557849826,turtle,ipop_cma_es,0,-1.4279031798647734,10
251,2510,-1.290357845167149,-0.9539085851289931,0.26340429554329886,0.3249935484708912,1.958577546347753,3463.950847001979,turtle,ipop_cma_es,0,-1.4279031798647734,10
252,2520,-1.349220241976104,-1.0632845390057626,0.2602115962083671,0.3252369293421668,1.9595689837620236,3476.240902021993,turtle,ipop_cma_es,0,-1.4279031798647734,10
253,2530,-1.2672725076749325,-0.9621918715909356,0.37716338357136414,0.3255231118959558,1.960351511607547,3489.8197001039807,turtle,ipop_cma_es,0,-1.4279031798647734,10
254,2540,-1.3272303618716652,-1.0868672519162101,0.2977265641861013,0.32570101399951723,1.9614010340488945,3498.2071322129923,turtle,ipop_cma_es,0,-1.4279031798647734,10
255,2550,-1.3872330584749717,-1.0310941596039,0.2994577758333177,0.32577538244164783,1.9620546591975692,3511.5832068019954,turtle,ipop_cma_es,0,-1.4279031798647734,10
256,2560,-1.372008852120942,-1.1137646885818056,0.23579239059240512,0.32597195906702514,1.9628637543144998,3524.019056568999,turtle,ipop_cma_es,0,-1.4279031798647734,10
257,2570,-1.4559539874440173,-1.3206732871814573,0.0858667781834767,0.3260334147591736,1.9637452100634196,3535.542768771993,turtle,ipop_cma_es,0,-1.4559539874440173,10
258,2580,-1.4220454138138727,-1.1478823941829248,0.23846734172003825,0.32592850017513364,1.9645312382423101,3548.1836806199863,turtle,ipop_cma_es,0,-1.4559539874440173,10
259,2590,-1.3506604637423205,-1.0463483610749897,0.312056386793479,0.32617707505493193,1.965201988988549,3562.7877897289873,turtle,ipop_cma_es,0,-1.4559539874440173,10
260,2600,-1.428259294167768,-1.1725949117815584,0.23047122200928669,0.32637591193351806,1.9657986826774598,3575.090524254978,turtle,ipop_cma_es,0,-1.4559539874440173,10
261,2610,-1.4948956480182813,-1.2023180362962234,0.3249691469272761,0.326509728022574,1.9666685685154313,3588.8274553049996,turtle,ipop_cma_es,0,-1.4948956480182813,10
262,2620,-1.484144990050849,-1.1283649700396343,0.3519733778008942,0.3265941775680263,1.967478307145753,3604.545295377,turtle,ipop_cma_es,0,-1.4948956480182813,10
263,2630,-1.417547090961552,-1.1198675222773051,0.26340405284297336,0.3266175660199504,1.9683422167177256,3620.73060089699,turtle,ipop_cma_es,0,-1.4948956480182813,10
264,2640,-1.460574845820875,-0.9287926596526976,0.391426771623885,0.32644339236766934,1.9690102508583902,3632.963546565996,turtle,ipop_cma_es,0,-1.4948956480182813,10
265,2650,-1.4330070327926823,-0.9800790091781207,0.32474015904017706,0.3263559661273943,1.969736239672537,3644.9621277709957,turtle,ipop_cma_es,0,-1.4948956480182813,10
266,2660,-1.4544602172544803,-1.116177573523288,0.3056215874999547,0.3264640668128614,1.970621168101603,3658.3868665549962,turtle,ipop_cma_es,0,-1.4948956480182813,10
267,2670,-1.435937692789654,-1.2553750477389953,0.14327765223798233,0.3266701010446049,1.971764355414817,3671.483891146985,turtle,ipop_cma_es,0,-1.4948956480182813,10
268,2680,-1.4753408991400665,-1.239763681405965,0.21368923090995756,0.32681417081962405,1.9727957906005977,3683.3038518340036,turtle,ipop_cma_es,0,-1.4948956480182813,10
269,2690,-1.4890986861956979,-1.0022103794963464,0.38959104057748944,0.327025364184083,1.9738320016784565,3695.2201252270024,turtle,ipop_cma_es,0,-1.4948956480182813,10
270,2700,-1.4478629714152413,-1.0276045741365212,0.28634286529835756,0.32738806383004776,1.9754264989197023,3710.2583723179996,turtle,ipop_cma_es,0,-1.4948956480182813,10
271,2710,-1.4573319609646678,-1.149269236816739,0.34473036563170795,0.327688998775233,1.9769075130314342,3723.930033604993,turtle,ipop_cma_es,0,-1.4948956480182813,10
272,2720,-1.4269995766299113,-0.9777256674757835,0.39131093724800087,0.3279241313296307,1.978371978362873,3736.5496314539923,turtle,ipop_cma_es,0,-1.4948956480182813,10
273,2730,-1.4327511078076585,-1.1591003520706562,0.21884146176387914,0.32811865314022215,1.9795571256096283,3749.125140166987,turtle,ipop_cma_es,0,-1.4948956480182813,10
274,2740,-1.3481076665096552,-1.0201683076539347,0.3850679132767777,0.3281182563436338,1.9806847320908656,3764.4636611099995,turtle,ipop_cma_es,0,-1.4948956480182813,10
275,2750,-1.437615895946177,-0.9522768134542078,0.43370416479013224,0.32797253055766884,1.981652288743351,3779.1863603469974,turtle,ipop_cma_es,0,-1.4948956480182813,10
276,2760,-1.4032282635100604,-1.186170022467897,0.2357599455598017,0.3277681195317163,1.9826814091178,3794.5362175889895,turtle,ipop_cma_es,0,-1.4948956480182813,10
277,2770,-1.458283257175955,-1.002753627325608,0.4179077657544446,0.32774325516180636,1.983803607077604,3808.3270723540045,turtle,ipop_cma_es,0,-1.4948956480182813,10
278,2780,-1.4481065544432896,-1.0902533706827389,0.292054288784108,0.3278953286893778,1.9845909848382972,3825.6041274299787,turtle,ipop_cma_es,0,-1.4948956480182813,10
279,2790,-1.4268727250726645,-1.0133368801155878,0.3049731680982482,0.32801911428519914,1.9854426852628684,3843.379029467993,turtle,ipop_cma_es,0,-1.4948956480182813,10
280,2800,-1.4640310702698134,-1.148942467025406,0.32071605103641376,0.32805348153816133,1.9859164857567908,3857.7945084679814,turtle,ipop_cma_es,0,-1.4948956480182813,10
281,2810,-1.0268379215036045,-0.63311799921736,0.2545674284908278,0.32784826470810563,1.9868662854936872,3872.029141873005,turtle,ipop_cma_es,0,-1.4948956480182813,10
282,2820,-1.414409781312516,-0.8493125606236257,0.5101674366201192,0.32759554190367796,1.987810817383123,3884.1115034219983,turtle,ipop_cma_es,0,-1.4948956480182813,10
283,2830,-1.3155276831691696,-0.756119815986607,0.3528930245225742,0.3275424508111107,1.9889185339356281,3903.0684440799814,turtle,ipop_cma_es,0,-1.4948956480182813,10
284,2840,-1.3947966862951873,-0.8276574554735401,0.47966207104166136,0.3274004982307967,1.9896725653994016,3916.734010565997,turtle,ipop_cma_es,0,-1.4948956480182813,10
285,2850,-1.4316348579392013,-0.7429715020372061,0.4220826989699517,0.32715246396625736,1.9903796395390934,3931.812253852986,turtle,ipop_cma_es,0,-1.4948956480182813,10
286,2860,-1.4083865328974419,-0.8154941955480257,0.4707557711002385,0.32666334341327036,1.991386752081394,3945.9968382410007,turtle,ipop_cma_es,0,-1.4948956480182813,10
287,2870,-1.4557072824641581,-0.7135675260064189,0.4202444600882539,0.3260332942772894,1.9922032410508759,3959.5470448599954,turtle,ipop_cma_es,0,-1.4948956480182813,10
288,2880,-1.401890165139032,-0.8013910314957318,0.38246448118640186,0.32518087177708566,1.9930294926443217,3969.123714952002,turtle,ipop_cma_es,0,-1.4948956480182813,10
289,2890,-1.0300673428734752,-0.5147935067541157,0.28906622328472187,0.3244114026929791,1.9944611049182241,3983.5685195190017,turtle,ipop_cma_es,0,-1.4948956480182813,10
290,2900,-1.128855228514622,-0.4681897839532837,0.3606992004007157,0.32349511542527853,1.9955159852586766,3995.7886443749885,turtle,ipop_cma_es,0,-1.4948956480182813,10
291,2910,-1.4157487594663216,-1.0246582035192777,0.2553492752735126,0.3225582276672446,1.996486568363379,4010.6193586049776,turtle,ipop_cma_es,0,-1.4948956480182813,10
292,2920,-1.3315222943009788,-1.0311461096476975,0.16661543143575658,0.3217824484984144,1.9975463739414752,4026.969101203984,turtle,ipop_cma_es,0,-1.4948956480182813,10
293,2930,-1.4155836418918533,-1.0932517287282857,0.21325152616974924,0.3209327312061685,1.99821454821408,4042.339979145996,turtle,ipop_cma_es,0,-1.4948956480182813,10
294,2940,-1.4768616576141227,-1.0474930133341753,0.3475866826526706,0.32014726854002296,1.99869750480878,4054.820253223006,turtle,ipop_cma_es,0,-1.4948956480182813,10
295,2950,-1.3987624618677401,-1.0432500780175615,0.22494693959339268,0.31910793519215563,1.9992135999857206,4068.607719079999,turtle,ipop_cma_es,0,-1.4948956480182813,10
296,2960,-1.3471318708986724,-1.0315359772213442,0.22852934813828146,0.31826775774756894,1.9997285039166532,4080.8422897569835,turtle,ipop_cma_es,0,-1.4948956480182813,10
297,2970,-1.4235631113452394,-1.0332408238009354,0.25396689272843137,0.31727147379515774,2.0003768028143574,4092.566714027984,turtle,ipop_cma_es,0,-1.4948956480182813,10
298,2980,-1.4111129112483791,-1.1993119032178423,0.26651512517640136,0.3161736525172284,2.000783404270717,4108.1711895240005,turtle,ipop_cma_es,0,-1.4948956480182813,10
299,2990,-1.4134084823700181,-1.207356123148165,0.19878702203780074,0.3153247727002927,2.001045207209047,4119.382458089996,turtle,ipop_cma_es,0,-1.4948956480182813,10
300,3000,-1.4333108384900486,-1.2774979854315334,0.1307388079179681,0.31453360673639347,2.001388609380996,4131.389402218978,turtle,ipop_cma_es,0,-1.4948956480182813,10
301,3010,-1.4364386398426294,-1.1768115143888043,0.17822970966493532,0.3138242920963431,2.001828499682436,4144.238137067994,turtle,ipop_cma_es,0,-1.4948956480182813,10
302,3020,-1.412259195136489,-1.1861064482201895,0.14915889723285905,0.3129736212062098,2.0022147174340215,4160.476264161,turtle,ipop_cma_es,0,-1.4948956480182813,10
303,3030,-1.4058255607664396,-1.2281401365428868,0.18617736138362026,0.31204304305792036,2.0026546264494165,4174.4991710059985,turtle,ipop_cma_es,0,-1.4948956480182813,10
304,3040,-1.4405167549809201,-1.2681344277076767,0.1167535441425912,0.3111532522618239,2.0030577099137568,4188.752240878006,turtle,ipop_cma_es,0,-1.4948956480182813,10
305,3050,-1.433289976390924,-1.1667988501382331,0.20201216956088325,0.3102353619882882,2.0032744268731104,4202.395593041991,turtle,ipop_cma_es,0,-1.4948956480182813,10
306,3060,-1.4907092664222867,-1.184323241168335,0.2368279458334477,0.3091535865154553,2.0036036970219824,4216.466038001992,turtle,ipop_cma_es,0,-1.4948956480182813,10
307,3070,-1.4547672018849713,-1.3043049366894965,0.11445650896694749,0.3081610633209706,2.0040074227500013,4229.296194772993,turtle,ipop_cma_es,0,-1.4948956480182813,10
308,3080,-1.484608785181658,-1.2266064054314385,0.1486544985004419,0.30711001193531473,2.0042654573305074,4241.059802536998,turtle,ipop_cma_es,0,-1.4948956480182813,10
309,3090,-1.48796229321629,-0.8699842983422788,0.4902909042025495,0.30611237190000296,2.004440118793946,4255.937037704978,turtle,ipop_cma_es,0,-1.4948956480182813,10
310,3100,-1.3402543738029582,-1.177585180502256,0.12095102011187187,0.3051344040475455,2.0047791067082223,4267.908192940988,turtle,ipop_cma_es,0,-1.4948956480182813,10
311,3110,-1.452893779109126,-1.1422388180562748,0.34519761629376267,0.3041777643023416,2.0050778437415975,4280.722105094988,turtle,ipop_cma_es,0,-1.4948956480182813,10
312,3120,-1.3815532972028253,-1.1888004274469357,0.17219989475605998,0.3034302258390142,2.0054583829241768,4291.665955934004,turtle,ipop_cma_es,0,-1.4948956480182813,10
313,3130,-1.3504067584026123,-1.168873123892135,0.16688475609067108,0.30271879488199516,2.0058590330639863,4307.765730474988,turtle,ipop_cma_es,0,-1.4948956480182813,10
314,3140,-1.4701575053524838,-1.2884197420478412,0.11630140409647709,0.3021038814979776,2.006373997846364,4320.917365803005,turtle,ipop_cma_es,0,-1.4948956480182813,10
315,3150,-1.4201328146175198,-1.1953323797726831,0.1726745480478184,0.30149273561630563,2.0067621676590806,4336.108586582006,turtle,ipop_cma_es,0,-1.4948956480182813,10
316,3160,-1.413032117993894,-1.229010859618286,0.1416482566000716,0.30081919441446414,2.0074799934042704,4349.680221426999,turtle,ipop_cma_es,0,-1.4948956480182813,10
317,3170,-1.374095731584954,-1.2595734034772625,0.1125712530392733,0.300279739496833,2.0076982293730836,4362.058847516979,turtle,ipop_cma_es,0,-1.4948956480182813,10
318,3180,-1.2787494363258398,-1.0804641323764668,0.15626976973438647,0.2998372641026109,2.0080829807878886,4374.603967756993,turtle,ipop_cma_es,0,-1.4948956480182813,10
319,3190,-1.4456477826580585,-1.001127285552542,0.35578521094084153,0.29963217556977323,2.0083017507990255,4390.385035741987,turtle,ipop_cma_es,0,-1.4948956480182813,10
320,3200,-1.3802108631519916,-1.123438677385827,0.22427403698753762,0.29934875960941604,2.0087511722850766,4403.302537212992,turtle,ipop_cma_es,0,-1.4948956480182813,10
321,3210,-1.4632737559090643,-1.1839087757073867,0.22983974753361644,0.29908262901579047,2.0090631148460982,4417.219123349001,turtle,ipop_cma_es,0,-1.4948956480182813,10
322,3220,-1.4502026610471779,-1.1886633564505495,0.2872510186349332,0.2990595496283663,2.009646694169262,4429.496802820999,turtle,ipop_cma_es,0,-1.4948956480182813,10
323,3230,-1.434141687894118,-1.1618054185818814,0.3293161586892909,0.2992018612922598,2.01055721724585,4441.906259777985,turtle,ipop_cma_es,0,-1.4948956480182813,10
324,3240,-1.3998225849839185,-1.115153104882473,0.28222358420733573,0.29923785258941354,2.0111771254727038,4453.107604224002,turtle,ipop_cma_es,0,-1.4948956480182813,10
325,3250,-1.393255599771499,-1.2047282379732867,0.140698773808635,0.29918211815802587,2.01176397945636,4466.483765604004,turtle,ipop_cma_es,0,-1.4948956480182813,10
326,3260,-1.3989059991574155,-0.9562828481648881,0.40646537071003813,0.29921332009376556,2.0128606972342866,4479.873168847,turtle,ipop_cma_es,0,-1.4948956480182813,10
327,3270,-1.4058262483389417,-1.2729653572715087,0.146286686844343,0.29929153220307875,2.0135394562009976,4491.449008845986,turtle,ipop_cma_es,0,-1.4948956480182813,10
328,3280,-1.4781659457355332,-1.243086247743121,0.2966311724964388,0.29943089966850256,2.014119143499538,4504.017875239981,turtle,ipop_cma_es,0,-1.4948956480182813,10
329,3290,-1.4210697682510958,-1.3111553845690844,0.09799094745582683,0.29954160041610334,2.014520773173512,4517.792427838984,turtle,ipop_cma_es,0,-1.4948956480182813,10
330,3300,-1.4189202027568477,-1.323007197062191,0.1047723325204929,0.2996561293945876,2.014899400089428,4534.215021862998,turtle,ipop_cma_es,0,-1.4948956480182813,10
331,3310,-1.4800487971573748,-1.3287922839604818,0.08946112171076011,0.2998865266921168,2.0152974579187632,4546.5763566950045,turtle,ipop_cma_es,0,-1.4948956480182813,10
332,3320,-1.408439709747463,-1.2586042703332927,0.22069723945697334,0.30030193110944337,2.015660497484147,4557.977251151984,turtle,ipop_cma_es,0,-1.4948956480182813,10
333,3330,-1.4668178047491685,-1.2210985604695486,0.1987820253983095,0.30077449704158155,2.0160676409741685,4574.707848842983,turtle,ipop_cma_es,0,-1.4948956480182813,10
334,3340,-1.4335670118982655,-1.2276992804040876,0.1955604988175215,0.301353853653825,2.0164880579525684,4589.4065697930055,turtle,ipop_cma_es,0,-1.4948956480182813,10
335,3350,-1.4294247645737679,-1.1803960153336401,0.2823394982087554,0.3020146252917475,2.01693020760167,4600.8103290239815,turtle,ipop_cma_es,0,-1.4948956480182813,10
336,3360,-1.4169443600869576,-1.148041955759166,0.3398547679299838,0.30255751339603343,2.01730393378275,4614.395125309995,turtle,ipop_cma_es,0,-1.4948956480182813,10
337,3370,-1.4818870014540684,-1.190891610979567,0.2124327980889758,0.30320766644318004,2.0175715893714083,4631.637322039984,turtle,ipop_cma_es,0,-1.4948956480182813,10
338,3380,-1.5506734226863816,-1.2518083696248334,0.19126233280437294,0.3039036659149769,2.0180099762410246,4645.032470287988,turtle,ipop_cma_es,0,-1.5506734226863816,10
339,3390,-1.51026862926682,-1.269225170641358,0.25716155815763103,0.30436333266846544,2.0181924680380763,4660.911787507997,turtle,ipop_cma_es,0,-1.5506734226863816,10
340,3400,-1.4506489395413116,-1.2673966031056298,0.13764028988068636,0.30466072394375493,2.0184557109119567,4677.272256648983,turtle,ipop_cma_es,0,-1.5506734226863816,10
341,3410,-1.4909821406560493,-1.2455325542972275,0.24450044495043602,0.3048833715204522,2.019039706147973,4690.241408778995,turtle,ipop_cma_es,0,-1.5506734226863816,10
342,3420,-1.400008665990251,-1.1301056855914573,0.18776301632280293,0.305045618839415,2.0194364719450744,4702.40043107199,turtle,ipop_cma_es,0,-1.5506734226863816,10
343,3430,-1.361258683654162,-1.1022169923589267,0.2608686989218952,0.3051472714264607,2.0197188145089666,4715.512366927986,turtle,ipop_cma_es,0,-1.5506734226863816,10
344,3440,-1.4407080386174647,-1.1709529754385042,0.18423385503080328,0.30527745523676936,2.0200164506332223,4729.275549195998,turtle,ipop_cma_es,0,-1.5506734226863816,10
345,3450,-1.4161699810651687,-1.0504396179724522,0.38844187576532224,0.3050887182404685,2.020300407162899,4747.089613996999,turtle,ipop_cma_es,0,-1.5506734226863816,10
346,3460,-1.4825735302169036,-1.210835423295784,0.23511934656801506,0.3049728427268456,2.020689740601704,4761.0399189629825,turtle,ipop_cma_es,0,-1.5506734226863816,10
347,3470,-1.4051075659145686,-1.1774642694321533,0.16337732781480882,0.30485842808621805,2.0210550251610244,4776.118947490002,turtle,ipop_cma_es,0,-1.5506734226863816,10
348,3480,-1.432402721799054,-1.2094681143441812,0.15467018408924843,0.3046568630798225,2.0215285587783898,4790.251510782982,turtle,ipop_cma_es,0,-1.5506734226863816,10
349,3490,-1.4566702595576038,-1.2600164976052537,0.25928246790132936,0.30453048412795125,2.021984080709735,4807.583369906002,turtle,ipop_cma_es,0,-1.5506734226863816,10
350,3500,-1.4392936111863852,-1.3056311229042232,0.12436498184788089,0.3044156854828724,2.0222978990525644,4822.645584326005,turtle,ipop_cma_es,0,-1.5506734226863816,10
351,3510,-1.430618865629694,-1.2893312690648622,0.1220154209397376,0.3042047533044452,2.022753342738948,4835.560987450997,turtle,ipop_cma_es,0,-1.5506734226863816,10
352,3520,-1.4346180369240864,-1.2586672498710922,0.131504700962406,0.3039210168982957,2.022827554559497,4850.303554070997,turtle,ipop_cma_es,0,-1.5506734226863816,10
353,3530,-1.454969610710119,-1.2609148276649862,0.22062551405847738,0.30362035719020974,2.02291530497796,4863.962096759002,turtle,ipop_cma_es,0,-1.5506734226863816,10
354,3540,-1.3688259762320607,-1.1829545680801763,0.21645299505871082,0.3034472170838487,2.0230523457987437,4876.200826838991,turtle,ipop_cma_es,0,-1.5506734226863816,10
355,3550,-1.4711038227482574,-1.3269393884883995,0.10947061535231396,0.30335495286299047,2.023271101084321,4890.415098500991,turtle,ipop_cma_es,0,-1.5506734226863816,10
356,3560,-1.4611095247535202,-1.2404979648605174,0.22338766060886656,0.3032754423613066,2.0232810083822987,4901.9481025649875,turtle,ipop_cma_es,0,-1.5506734226863816,10
357,3570,-1.4422983074151068,-1.2862722324903502,0.1387694715990946,0.3031982133937476,2.02333077369401,4913.728734262986,turtle,ipop_cma_es,0,-1.5506734226863816,10
358,3580,-1.4510212404916825,-1.2190054772792305,0.21239737365753444,0.30297244327350553,2.023495463720792,4928.336368905002,turtle,ipop_cma_es,0,-1.5506734226863816,10
359,3590,-1.4396491133874019,-0.9941037465012726,0.42811082398311134,0.30250155402041473,2.0235532907247813,4943.517160043004,turtle,ipop_cma_es,0,-1.5506734226863816,10
360,3600,-1.488254871923398,-1.20951166381623,0.2879851649226314,0.30212338552000784,2.0234782838415497,4958.262038715999,turtle,ipop_cma_es,0,-1.5506734226863816,10
361,3610,-1.4614755728973563,-1.2796208110501144,0.23414695009673392,0.30172821659011606,2.023525153635013,4970.499686800002,turtle,ipop_cma_es,0,-1.5506734226863816,10
362,3620,-1.4870944827241193,-1.1964293814484712,0.3157319188724298,0.30142868781331944,2.0236101592478115,4984.521662915999,turtle,ipop_cma_es,0,-1.5506734226863816,10
363,3630,-1.4844989335933922,-1.3322677437924515,0.10852405859368461,0.30101800832479486,2.023664101329972,4997.060611068999,turtle,ipop_cma_es,0,-1.5506734226863816,10
364,3640,-1.5731992091744242,-1.3571289081191935,0.10714586406407219,0.30053437416070916,2.0238031569256365,5012.817744540982,turtle,ipop_cma_es,0,-1.5731992091744242,10
365,3650,-1.4726230938216407,-1.1332219734175086,0.3592168710811793,0.3001094070502873,2.0238782474636343,5025.842983663984,turtle,ipop_cma_es,0,-1.5731992091744242,10
366,3660,-1.4586125025639944,-1.3605337519391654,0.10793565353866603,0.29980495205821645,2.023876889589333,5042.492407096986,turtle,ipop_cma_es,0,-1.5731992091744242,10
367,3670,-1.4482646457565478,-1.304811824280255,0.166736954126444,0.2995215768651805,2.024104102865204,5055.840384220006,turtle,ipop_cma_es,0,-1.5731992091744242,10
368,3680,-1.4692974428758614,-1.3720428755387926,0.06965296591717969,0.2992180357454768,2.0242697116541017,5068.895688427001,turtle,ipop_cma_es,0,-1.5731992091744242,10
369,3690,-1.5809724647848062,-1.368318172682688,0.12033647374661367,0.29885259685316945,2.0244539854964376,5084.076561130991,turtle,ipop_cma_es,0,-1.5809724647848062,10
370,3700,-1.5407573252016498,-1.4180934999017176,0.0734148366172671,0.29835551788197107,2.024520480378283,5096.905126326979,turtle,ipop_cma_es,0,-1.5809724647848062,10
371,3710,-1.3998562679002466,-1.2162413246058672,0.22571830023024986,0.2980136964379627,2.024929692190695,5108.5559501419775,turtle,ipop_cma_es,0,-1.5809724647848062,10
372,3720,-1.4800949750059162,-1.4021398112228411,0.056457571297556124,0.29792094183275625,2.0251276746049944,5122.791120165988,turtle,ipop_cma_es,0,-1.5809724647848062,10
373,3730,-1.4496633167254345,-1.3226488158976444,0.12861695375720528,0.29781066967981207,2.025572414956539,5136.614100370003,turtle,ipop_cma_es,0,-1.5809724647848062,10
374,3740,-1.5134531464127274,-1.4034928444525094,0.06740597132148526,0.2977487246112627,2.0259490055377047,5148.237409494002,turtle,ipop_cma_es,0,-1.5809724647848062,10
375,3750,-1.4814025630006196,-1.2800577689380765,0.1765061840587298,0.29774278100933305,2.0263244841996215,5158.564302646992,turtle,ipop_cma_es,0,-1.5809724647848062,10
376,3760,-1.541164208990435,-1.3969665849422348,0.10740955847333082,0.29763397457416496,2.026863110447752,5166.919707847992,turtle,ipop_cma_es,0,-1.5809724647848062,10
377,3770,-1.5134702701942677,-1.2799942213009705,0.2521954585788638,0.29772751165093747,2.0271027254361953,5179.034250627999,turtle,ipop_cma_es,0,-1.5809724647848062,10
378,3780,-1.5889100961777824,-1.3487808206748375,0.22203151579818858,0.2977080782774445,2.027357595032875,5191.447538898996,turtle,ipop_cma_es,0,-1.5889100961777824,10
379,3790,-1.5856114311043559,-1.347826547627021,0.16465945830371634,0.29763649714310264,2.027562279962497,5207.652081669978,turtle,ipop_cma_es,0,-1.5889100961777824,10
380,3800,-1.4814146109112434,-1.2248577764461048,0.36690403993368015,0.29751787548278524,2.0279912082047566,5223.94049931498,turtle,ipop_cma_es,0,-1.5889100961777824,10
381,3810,-1.3785766137483737,-1.1649147324364555,0.22995223909671783,0.29749373817161645,2.028224261631107,5236.718955037999,turtle,ipop_cma_es,0,-1.5889100961777824,10
382,3820,-1.4683344833968004,-1.2283706724072012,0.2681869831517952,0.29737250301534374,2.028399918784416,5250.265136161004,turtle,ipop_cma_es,0,-1.5889100961777824,10
383,3830,-1.4800844211271142,-1.4052187395323663,0.055258717089400264,0.29724100189686925,2.0286097801295746,5264.076576369989,turtle,ipop_cma_es,0,-1.5889100961777824,10
384,3840,-1.5789783027315183,-0.09719185077028199,3.3831685823144833,0.29693312127306487,2.0288890469518726,5275.9750394419825,turtle,ipop_cma_es,0,-1.5889100961777824,10
385,3850,-1.5223179303214422,-0.042064710030547924,3.374140255994195,0.29666603803328595,2.029343962740465,5290.82010920599,turtle,ipop_cma_es,0,-1.5889100961777824,10
386,3860,-1.5293048631896191,-1.2652540734732747,0.30594123322590777,0.2965400300791876,2.02949281469991,5303.176178150985,turtle,ipop_cma_es,0,-1.5889100961777824,10
387,3870,-1.481027418282073,-1.2902009585847634,0.1707200870894979,0.2962566986966539,2.02965328939044,5316.380637681985,turtle,ipop_cma_es,0,-1.5889100961777824,10
388,3880,-1.4981270436099265,-1.3294833846581178,0.25206319606765265,0.29599343526662547,2.0299908651464893,5329.152814191999,turtle,ipop_cma_es,0,-1.5889100961777824,10
389,3890,-1.4713514159554464,-1.108260215538197,0.4359049881242027,0.2957338611102145,2.030223540774122,5343.985507456993,turtle,ipop_cma_es,0,-1.5889100961777824,10
390,3900,-1.5914913556284205,-1.3283179692020597,0.2891742162493207,0.29523303187499295,2.0305470458397337,5355.090947185992,turtle,ipop_cma_es,0,-1.5914913556284205,10
391,3910,-1.5382237585187468,-0.25394645729504656,3.4254605382132266,0.2948131005884289,2.0307219570365276,5368.572829551995,turtle,ipop_cma_es,0,-1.5914913556284205,10
392,3920,-1.4987278072206403,-1.3230892471653823,0.1783362230016007,0.2943030312501004,2.0309461007072547,5384.320274308993,turtle,ipop_cma_es,0,-1.5914913556284205,10
393,3930,-1.5323544468297703,-1.383429499805682,0.08834912103421212,0.2935221180732556,2.0313031492362974,5396.275651490985,turtle,ipop_cma_es,0,-1.5914913556284205,10
394,3940,-1.5296586897495343,-1.4162500958798034,0.07031154299017724,0.29281656958211655,2.0315060740094846,5410.7680677299795,turtle,ipop_cma_es,0,-1.5914913556284205,10
395,3950,-1.533326508138778,-1.3414737189123755,0.18629048848321425,0.2920167032749849,2.031798650330076,5423.454972114996,turtle,ipop_cma_es,0,-1.5914913556284205,10
396,3960,-1.3489094274123534,-1.1235282719224802,0.19432212857584485,0.2911330228412136,2.031997419776784,5434.955156190001,turtle,ipop_cma_es,0,-1.5914913556284205,10
397,3970,-1.4672361555636888,-1.1011907696796541,0.4052462216524338,0.29028035651266676,2.0322917890724543,5449.749989050004,turtle,ipop_cma_es,0,-1.5914913556284205,10
398,3980,-1.5429474867685586,-1.0771240456861828,0.2648791411302588,0.28924818771434485,2.0324174951825893,5465.838123580004,turtle,ipop_cma_es,0,-1.5914913556284205,10
399,3990,-1.6008497109446198,-1.2328353607213853,0.31994726298229464,0.288458407806308,2.032499544084018,5478.570664105995,turtle,ipop_cma_es,0,-1.6008497109446198,10
400,4000,-1.5035262316302527,-1.0203790759107327,0.35127327808934233,0.287671307104209,2.0325244429382794,5492.782570184005,turtle,ipop_cma_es,0,-1.6008497109446198,10
401,4010,-1.2584087925513083,-0.9459185442876203,0.16745313905655004,0.28717003778755484,2.0326753034888743,5505.761883378989,turtle,ipop_cma_es,0,-1.6008497109446198,10
402,4020,-1.4772259015433882,-0.9912226792556271,0.3430514634464139,0.2866700751378142,2.032827119968265,5518.525522037002,turtle,ipop_cma_es,0,-1.6008497109446198,10
403,4030,-1.4843228471004721,-1.1024412987218541,0.43490464807742224,0.28630220534664835,2.0329399107659443,5532.640610508999,turtle,ipop_cma_es,0,-1.6008497109446198,10
404,4040,-1.4719779316320194,-1.1106837099006053,0.2812457562300425,0.2860690505259406,2.0330637514062184,5546.189986532991,turtle,ipop_cma_es,0,-1.6008497109446198,10
405,4050,-1.4723683431608467,0.006759392864013947,3.3541625926741485,0.28571157490034205,2.033171089531396,5558.629656448,turtle,ipop_cma_es,0,-1.6008497109446198,10
406,4060,-1.5312018636225302,-1.2550668151632256,0.2303159616643664,0.28535941933591574,2.033150643632343,5571.18288908698,turtle,ipop_cma_es,0,-1.6008497109446198,10
407,4070,-1.5938036892935719,-1.1789326662598387,0.2400863046523743,0.28512636988267215,2.033356317547634,5588.602355612005,turtle,ipop_cma_es,0,-1.6008497109446198,10
408,4080,-1.4829170026158751,-1.2831468697127915,0.15530287088077435,0.28493079482331257,2.0332272108053417,5600.21427017299,turtle,ipop_cma_es,0,-1.6008497109446198,10
409,4090,-1.5625485604181772,-1.2895265704531464,0.1627348465083321,0.2847724886865201,2.033321602610693,5613.910802545986,turtle,ipop_cma_es,0,-1.6008497109446198,10
410,4100,-1.480268702189373,-1.1574886408741218,0.2952779804950903,0.2846062518158635,2.033316597383031,5626.505284106999,turtle,ipop_cma_es,0,-1.6008497109446198,10
411,4110,-1.581162102257676,-1.0547174352434934,0.2413393293720654,0.2844687687183216,2.033451502671805,5640.389034089982,turtle,ipop_cma_es,0,-1.6008497109446198,10
412,4120,-1.4892111130659904,-1.1218162172881097,0.22072010007940687,0.284259916741713,2.0333992509404863,5653.617961677985,turtle,ipop_cma_es,0,-1.6008497109446198,10
413,4130,-1.4916273206139872,-1.1405445893593265,0.31248158459906256,0.2840750816009635,2.033425431103636,5662.556516005978,turtle,ipop_cma_es,0,-1.6008497109446198,10
414,4140,-1.4307011365359488,-0.06114559721710222,3.367877040242879,0.2837894469113665,2.0336399817354507,5675.796007119992,turtle,ipop_cma_es,0,-1.6008497109446198,10
415,4150,-1.4861014662328413,-1.0696335774561945,0.29425493988186974,0.2832830336674891,2.0337393230280365,5687.3520085079945,turtle,ipop_cma_es,0,-1.6008497109446198,10
416,4160,-1.529770355941909,-1.281497563240124,0.2595115259462273,0.28278849349971535,2.033792538857221,5701.719159358996,turtle,ipop_cma_es,0,-1.6008497109446198,10
417,4170,-1.5699784442040166,-1.1467575099388805,0.3334234711697537,0.2822476485714434,2.0340785778098875,5713.901325257,turtle,ipop_cma_es,0,-1.6008497109446198,10
418,4180,-1.481032566316701,-1.0570915339716211,0.33341260194459865,0.2817229895529463,2.034175330515555,5726.606970069988,turtle,ipop_cma_es,0,-1.6008497109446198,10
419,4190,-1.5860616356357848,-0.09323108785425624,3.385719024795777,0.2811558097160887,2.0344074336307845,5742.388488359982,turtle,ipop_cma_es,0,-1.6008497109446198,10
420,4200,-1.5091450105767157,-1.191463974729866,0.3114038561570485,0.28058604549992255,2.0344660263411956,5756.568379037984,turtle,ipop_cma_es,0,-1.6008497109446198,10
421,4210,-1.5620976079408413,-1.1304216273860401,0.3682821425467689,0.28014214901741336,2.034358396933041,5769.238132417988,turtle,ipop_cma_es,0,-1.6008497109446198,10
422,4220,-1.5362800293525156,-1.0163409761514193,0.3826701364157774,0.27969869485040283,2.0345085244372134,5781.197679762001,turtle,ipop_cma_es,0,-1.6008497109446198,10
423,4230,-1.4865787664862653,-1.2453890199749373,0.20326609426152475,0.2792636223362561,2.0347554415207116,5794.288802183,turtle,ipop_cma_es,0,-1.6008497109446198,10
424,4240,-1.3832731243315894,-1.1385688656725486,0.21709394518263914,0.27880538400349353,2.034606390421502,5806.525745196996,turtle,ipop_cma_es,0,-1.6008497109446198,10
425,4250,-1.4996020393583898,-1.2735785298357956,0.24204821983516198,0.27854202240234743,2.034880115856353,5821.705872619001,turtle,ipop_cma_es,0,-1.6008497109446198,10
426,4260,-1.5077479683230308,-1.160690091227068,0.35785373014567706,0.27827628376793717,2.035012769481661,5835.007061726006,turtle,ipop_cma_es,0,-1.6008497109446198,10
427,4270,-1.4865769617516023,-1.1605090204909245,0.388739713056455,0.2780692676559608,2.0350867759163123,5846.977638306998,turtle,ipop_cma_es,0,-1.6008497109446198,10
428,4280,-1.5631944065072174,-1.1151238250572626,0.32744492412412696,0.27786466619894923,2.0351897941576875,5858.80197844599,turtle,ipop_cma_es,0,-1.6008497109446198,10
429,4290,-1.4971686808335152,-1.3001319507585487,0.25343382057087765,0.2775888883132063,2.0353432830424287,5874.024647654995,turtle,ipop_cma_es,0,-1.6008497109446198,10
430,4300,-1.581436599758388,-1.4026910154857395,0.12817369941935966,0.2772543470556935,2.0354162284093444,5889.340389446996,turtle,ipop_cma_es,0,-1.6008497109446198,10
431,4310,-1.4863425705469027,0.016013204835331064,3.365578033099613,0.2770147803492865,2.035710313043698,5899.728491924005,turtle,ipop_cma_es,0,-1.6008497109446198,10
432,4320,-1.530379741611279,-0.10352327823219269,3.3783568050305965,0.2766116620134615,2.0360448263714246,5914.650878906978,turtle,ipop_cma_es,0,-1.6008497109446198,10
433,4330,-1.4648348309516717,-1.214292658084151,0.4103960418323079,0.2762133474080188,2.0361066323252786,5925.679941170005,turtle,ipop_cma_es,0,-1.6008497109446198,10
434,4340,-1.5044123192529932,-1.0534085258211217,0.36293376968835245,0.2757165355700901,2.0362678434340915,5937.464810106991,turtle,ipop_cma_es,0,-1.6008497109446198,10
435,4350,-1.484544995529376,-1.3106600648659206,0.23446996908213888,0.2752530296174396,2.036480954056292,5949.32872356,turtle,ipop_cma_es,0,-1.6008497109446198,10
436,4360,-1.495497535542743,-1.3429069983746476,0.2210405456452923,0.2747826354375423,2.0366821947114957,5961.343160324002,turtle,ipop_cma_es,0,-1.6008497109446198,10
437,4370,-1.5893584481282899,-1.4173171099537973,0.10182355729326754,0.2743349473809549,2.036730343214323,5974.014486406988,turtle,ipop_cma_es,0,-1.6008497109446198,10
438,4380,-1.562800950631221,-1.4131966335417474,0.19078311618164046,0.2740005508062909,2.0368767502528184,5988.341173122986,turtle,ipop_cma_es,0,-1.6008497109446198,10
439,4390,-1.4064056663808593,-1.2192548748077132,0.1747147472686447,0.27357951666985353,2.0370233479061417,5997.83863324899,turtle,ipop_cma_es,0,-1.6008497109446198,10
440,4400,-1.594599188234124,-1.2416704788760466,0.2532113299367546,0.27300376880434934,2.0370278472594805,6010.2919410429895,turtle,ipop_cma_es,0,-1.6008497109446198,10
441,4410,-1.5322664606263992,-1.3843948279827256,0.09860576707501793,0.2725214159105986,2.0369465248894243,6023.581464911986,turtle,ipop_cma_es,0,-1.6008497109446198,10
442,4420,-1.5897258599425612,-1.4242843860113843,0.18596356320921714,0.2721518880352497,2.0369473468904324,6037.024496365979,turtle,ipop_cma_es,0,-1.6008497109446198,10
443,4430,-1.545892365798161,-0.05569259592428928,3.379416730279014,0.2718533560779287,2.0374840342657965,6048.156659764005,turtle,ipop_cma_es,0,-1.6008497109446198,10
444,4440,-1.5702791669075733,-0.10165134263520148,3.3794810290585713,0.27149856554620255,2.0377031606179785,6059.666092259984,turtle,ipop_cma_es,0,-1.6008497109446198,10
445,4450,-1.5350722805610557,-1.261295244103507,0.27527273457150514,0.27109768412191965,2.037981134046386,6074.8636499290005,turtle,ipop_cma_es,0,-1.6008497109446198,10
446,4460,-1.5930282202519646,-1.32766952529436,0.26245823375977445,0.27061767668260583,2.038184317573965,6085.178673005983,turtle,ipop_cma_es,0,-1.6008497109446198,10
447,4470,-1.5341230431439286,-1.3639909846220715,0.11781494110275859,0.2701680220414499,2.038030020328677,6098.670898526994,turtle,ipop_cma_es,0,-1.6008497109446198,10
448,4480,-1.575558332562748,-1.3460183365865328,0.26579556827155537,0.26970317848169506,2.037945538202454,6111.256596395979,turtle,ipop_cma_es,0,-1.6008497109446198,10
449,4490,-1.4212624743604003,-1.3113869792718003,0.0939173192233715,0.26946316516323626,2.0378661980784565,6122.543652042979,turtle,ipop_cma_es,0,-1.6008497109446198,10
450,4500,-1.4479950399222838,-1.2685998150643343,0.19080512431531244,0.2692855025308652,2.0379555854414346,6133.950831425987,turtle,ipop_cma_es,0,-1.6008497109446198,10
451,4510,-1.5326424320929615,-1.345588173469471,0.19331038218070176,0.26918397668191946,2.038040542309982,6148.523793450993,turtle,ipop_cma_es,0,-1.6008497109446198,10
452,4520,-1.5919407576496338,-1.361599992844236,0.21607553540162625,0.26916390942350177,2.037995575104311,6161.640346270986,turtle,ipop_cma_es,0,-1.6008497109446198,10
453,4530,-1.5320305377115178,-1.4204200163895755,0.06822900393927346,0.2692497648789683,2.038001972497494,6174.887528411986,turtle,ipop_cma_es,0,-1.6008497109446198,10
454,4540,-1.5196434157454064,-1.3986422762888002,0.1235919484853179,0.2693312467153576,2.0382494068984296,6185.623933811992,turtle,ipop_cma_es,0,-1.6008497109446198,10
455,4550,-1.5510077918800844,-1.2724191632622828,0.34300423106413674,0.2692366041860821,2.0383154032095034,6195.48799819799,turtle,ipop_cma_es,0,-1.6008497109446198,10
456,4560,-1.5349196720197407,-1.3134258315344796,0.13576419657544028,0.26906556891470523,2.0382595662153618,6211.01325143798,turtle,ipop_cma_es,0,-1.6008497109446198,10
457,4570,-1.541729165222355,-1.3240437009516413,0.27825842817906027,0.26873962518077693,2.0384439949176127,6223.828139196994,turtle,ipop_cma_es,0,-1.6008497109446198,10
458,4580,-1.4830137152415395,-1.358082469490896,0.17903577849691102,0.2684940319496008,2.0384655695596607,6235.067754300981,turtle,ipop_cma_es,0,-1.6008497109446198,10
459,4590,-1.5537272356473082,-1.3408346925584926,0.16390549855678788,0.2681660421981208,2.0384836292960165,6246.950769991003,turtle,ipop_cma_es,0,-1.6008497109446198,10
460,4600,-1.4797857079992909,-1.3850434768265316,0.10621581250725848,0.26785837111975275,2.038475167678424,6261.154155841999,turtle,ipop_cma_es,0,-1.6008497109446198,10
461,4610,-1.5227289880318757,-1.4071459789226786,0.04972563461538332,0.26754403590450565,2.0384926595065016,6274.257812263997,turtle,ipop_cma_es,0,-1.6008497109446198,10
462,4620,-1.5354435364720525,-1.4159099786250984,0.0650411314868936,0.26716397625235944,2.038544372988237,6285.068737083988,turtle,ipop_cma_es,0,-1.6008497109446198,10
463,4630,-1.5811734105852233,-1.4343344358506815,0.09365536952180653,0.2668134383269547,2.0385590067246104,6297.2179033329885,turtle,ipop_cma_es,0,-1.6008497109446198,10
464,4640,-1.4607825118532638,-1.4004620111849144,0.05777656530879559,0.2664249341023787,2.038560635659878,6311.979477266985,turtle,ipop_cma_es,0,-1.6008497109446198,10
465,4650,-1.4354614080423946,-1.3571694819818687,0.07396152602750233,0.2660186302000412,2.0385511768111115,6326.632939086994,turtle,ipop_cma_es,0,-1.6008497109446198,10
466,4660,-1.5061423768702111,-1.348142395882815,0.13480255652034576,0.2656919065602101,2.0386314719429524,6340.865625988983,turtle,ipop_cma_es,0,-1.6008497109446198,10
467,4670,-1.537384447050906,-1.3628148293639515,0.16195035565868268,0.2651781087676517,2.038764701660821,6352.148310225981,turtle,ipop_cma_es,0,-1.6008497109446198,10
468,4680,-1.5232213207893484,-1.419650875556774,0.06942200135949499,0.26466842201973934,2.0389766171710595,6364.371777357999,turtle,ipop_cma_es,0,-1.6008497109446198,10
469,4690,-1.5506994425774954,-1.4519204005895399,0.04894856913799695,0.2640726630410163,2.039072562336798,6376.130491953983,turtle,ipop_cma_es,0,-1.6008497109446198,10
470,4700,-1.453910670802828,-0.2501400035333363,3.417134297131327,0.2635652377343379,2.039423114479297,6389.143961472,turtle,ipop_cma_es,0,-1.6008497109446198,10
471,4710,-1.5500303157070672,-1.436359825825665,0.0752235073588035,0.26312339617441494,2.0393256583222428,6403.541723573988,turtle,ipop_cma_es,0,-1.6008497109446198,10
472,4720,-1.490855183757537,-1.4312265041879701,0.04858611176768562,0.2627014204891423,2.039438196579711,6413.21159679399,turtle,ipop_cma_es,0,-1.6008497109446198,10
473,4730,-1.5243920362607648,-1.4435140975793241,0.07097780713060296,0.26228483746438486,2.0395667400052453,6424.037274037983,turtle,ipop_cma_es,0,-1.6008497109446198,10
474,4740,-1.5829392946057297,-1.4214413648355837,0.12232636029893551,0.26181282651694476,2.0397240760893283,6439.6801748760045,turtle,ipop_cma_es,0,-1.6008497109446198,10
475,4750,-1.5516895202382415,-1.3664964667087258,0.12246957543674353,0.26131007375510795,2.0399541659789935,6456.8838445869915,turtle,ipop_cma_es,0,-1.6008497109446198,10
476,4760,-1.5826573850605428,-1.4634847191466522,0.08565180403751665,0.26071366201507895,2.0400250789579117,6472.988143067982,turtle,ipop_cma_es,0,-1.6008497109446198,10
477,4770,-1.5969263510170997,-1.4107700224601785,0.11423758367984634,0.26018584182091,2.039981223619798,6486.689536785998,turtle,ipop_cma_es,0,-1.6008497109446198,10
478,4780,-1.5672732698355576,-1.4281668323659156,0.10216963714378466,0.25941116307011414,2.0399869619070348,6500.7134783910005,turtle,ipop_cma_es,0,-1.6008497109446198,10
479,4790,-1.5114186418223587,-1.4626979928365171,0.03000633776564946,0.25864484923034353,2.040242687643426,6512.989612392004,turtle,ipop_cma_es,0,-1.6008497109446198,10
480,4800,-1.4641177455236596,-1.3373652940529452,0.07773617663968205,0.2577672044236283,2.0404133490926513,6526.057930312003,turtle,ipop_cma_es,0,-1.6008497109446198,10
481,4810,-1.5577164150172669,-1.4174353509705078,0.1763847918164386,0.25694655190605303,2.0408672183449177,6538.278949692991,turtle,ipop_cma_es,0,-1.6008497109446198,10
482,4820,-1.5850770762246302,-1.4240172547546066,0.21235188714138575,0.25606792950655327,2.0408407042233243,6550.412051482999,turtle,ipop_cma_es,0,-1.6008497109446198,10
483,4830,-1.551322558874853,-1.311418714282081,0.13599914041618547,0.2552426243265916,2.040796324518678,6564.152109315997,turtle,ipop_cma_es,0,-1.6008497109446198,10
484,4840,-1.5767309281342028,-1.2898023393233795,0.2122479981000163,0.2545235247481902,2.0408805450503533,6575.521683759987,turtle,ipop_cma_es,0,-1.6008497109446198,10
485,4850,-1.5654580579767412,-1.2375819488875408,0.43411182220613653,0.2537114831429237,2.0409575276462912,6588.689576567995,turtle,ipop_cma_es,0,-1.6008497109446198,10
486,4860,-1.406844757143502,-1.2011889247035943,0.23604104965749806,0.25292471165795705,2.041177432329894,6601.639068213,turtle,ipop_cma_es,0,-1.6008497109446198,10
487,4870,-1.4721478888842103,-1.211175542965719,0.28921957487249106,0.2521398157885936,2.041524118983233,6617.121588342998,turtle,ipop_cma_es,0,-1.6008497109446198,10
488,4880,-1.474719389149195,-0.16608151183867131,3.398768663449453,0.2512352619880091,2.0416493970281064,6627.625831393991,turtle,ipop_cma_es,0,-1.6008497109446198,10
489,4890,-1.5435397646977806,-1.350408724594651,0.116969197202666,0.250208238633462,2.0417856294743597,6645.523986083979,turtle,ipop_cma_es,0,-1.6008497109446198,10
490,4900,-1.5799845345671546,-1.4531851722038585,0.12056079301322087,0.24930362465865677,2.0420767036863015,6659.511973964982,turtle,ipop_cma_es,0,-1.6008497109446198,10
491,4920,-0.2720423190415797,0.0049943816395665586,0.08211665532645195,0.48633237501683363,1.0112429176897866,6687.028854189994,turtle,ipop_cma_es,0,-1.6008497109446198,20
492,4940,-0.12947663848026014,0.042579340619372186,0.07712399884023234,0.4750039956696844,1.012826604194324,6711.33957322198,turtle,ipop_cma_es,0,-1.6008497109446198,20
493,4960,-0.28289358839804457,-0.0199631019842915,0.08994917226655423,0.46563279543950536,1.013573446622118,6745.246589401999,turtle,ipop_cma_es,0,-1.6008497109446198,20
494,4980,-0.07135853989903929,0.5165849622733498,2.176910849259723,0.457281828940084,1.0146322471472975,6777.818550872005,turtle,ipop_cma_es,0,-1.6008497109446198,20
495,5000,-0.1916175415544208,0.030050416888403753,0.1408610240627691,0.4496558573931319,1.0155414094342898,6812.981465752993,turtle,ipop_cma_es,0,-1.6008497109446198,20
496,5020,-0.3211322373792376,0.026779834640278555,0.11796242537227222,0.4428648125515941,1.0171776954297396,6847.685560347978,turtle,ipop_cma_es,0,-1.6008497109446198,20
497,5040,-0.15768395612949426,-0.015104607960464733,0.08394973010365109,0.436343863514979,1.0179712274355173,6880.104817629006,turtle,ipop_cma_es,0,-1.6008497109446198,20
498,5060,-0.21652417567873883,0.006637452112843478,0.11677905035179303,0.43051917267024037,1.0189818520670755,6914.349502473982,turtle,ipop_cma_es,0,-1.6008497109446198,20
499,5080,-0.16045080196017292,0.008216767548851544,0.07638871792558605,0.4251810366345732,1.020574455874612,6942.426465236989,turtle,ipop_cma_es,0,-1.6008497109446198,20
500,5100,-0.2137672347411037,-0.002529294123762993,0.07247060599418169,0.42051172638297213,1.0227597505329493,6976.364452329988,turtle,ipop_cma_es,0,-1.6008497109446198,20
501,5120,-0.20828532879511563,-0.004656936409766344,0.1278722556268587,0.41638732802749445,1.0250731021588575,7008.349388977978,turtle,ipop_cma_es,0,-1.6008497109446198,20
502,5140,-0.1698360811069648,-0.01089599231418803,0.11009863552589291,0.41238066900145054,1.028259251938004,7045.1736240409955,turtle,ipop_cma_es,0,-1.6008497109446198,20
503,5160,-0.14822770758776205,-0.02156870887903959,0.09716144048930055,0.40912442713302216,1.03082165022568,7074.441816034989,turtle,ipop_cma_es,0,-1.6008497109446198,20
504,5180,-0.16816811603266846,-0.051923179638489844,0.0861062014995828,0.4063024786413124,1.0338630791689303,7108.424510687997,turtle,ipop_cma_es,0,-1.6008497109446198,20
505,5200,-0.19805513566465827,-0.051785886468346656,0.07498485534096647,0.4035952008911225,1.0369174028209058,7138.974662881985,turtle,ipop_cma_es,0,-1.6008497109446198,20
506,5220,-0.23270433166512472,-0.05245542899183109,0.18859636204927974,0.40099188957628856,1.0402087061948235,7170.948986136995,turtle,ipop_cma_es,0,-1.6008497109446198,20
507,5240,-0.28395141602204443,-0.11602718399337149,0.09901398903132212,0.3987653978547845,1.0435800290853439,7199.922501922003,turtle,ipop_cma_es,0,-1.6008497109446198,20
508,5260,-0.29808383990391096,-0.1343336253551244,0.08009664922633679,0.3964329780823846,1.047085268662795,7229.96045683499,turtle,ipop_cma_es,0,-1.6008497109446198,20
509,5280,-0.30831544254229026,-0.07897199272875347,0.136797356378641,0.3941560108670074,1.0508249049794387,7258.713796717988,turtle,ipop_cma_es,0,-1.6008497109446198,20
510,5300,-0.4465114793107938,-0.07069563286320193,0.1425140838800119,0.39221007018811577,1.0548403741631964,7290.124430225987,turtle,ipop_cma_es,0,-1.6008497109446198,20
511,5320,-0.2727901350262103,-0.04465382477797082,0.15555922555485652,0.3910373111344829,1.0591630454929868,7324.22383819698,turtle,ipop_cma_es,0,-1.6008497109446198,20
512,5340,-0.28764740501213204,-0.11475916536451543,0.0995286868256063,0.3902062889811994,1.063362418480316,7352.033505734988,turtle,ipop_cma_es,0,-1.6008497109446198,20
513,5360,-0.28142022494498065,-0.13688255564791668,0.08548143292136007,0.3891838386142262,1.0674197457693289,7387.293201295979,turtle,ipop_cma_es,0,-1.6008497109446198,20
514,5380,-0.19623700411800815,-0.11592228292069025,0.057722436645819365,0.3880752673088544,1.0716570498495366,7414.9680332230055,turtle,ipop_cma_es,0,-1.6008497109446198,20
515,5400,-0.29947977618108634,-0.11871600657441776,0.1233491336306599,0.38675413917197826,1.0758255824716936,7444.879285075993,turtle,ipop_cma_es,0,-1.6008497109446198,20
516,5420,-0.3277198154573364,-0.11161398313075122,0.13850533654388386,0.38583914702353095,1.079842902876885,7473.972643624002,turtle,ipop_cma_es,0,-1.6008497109446198,20
517,5440,-0.25622602684815554,-0.09529838104701796,0.10260435880344089,0.38490310702826924,1.0840167523912005,7501.860673383984,turtle,ipop_cma_es,0,-1.6008497109446198,20
518,5460,-0.3007538514373973,-0.11240670040682992,0.12176172047024696,0.38367957772532074,1.0881359883101192,7535.3822823269875,turtle,ipop_cma_es,0,-1.6008497109446198,20
519,5480,-0.4286076200156552,-0.11488519600884403,0.16839327880419722,0.3822890697057487,1.0920527018615223,7566.725124905992,turtle,ipop_cma_es,0,-1.6008497109446198,20
520,5500,-0.316305507433313,-0.10769597233962584,0.09444155595894016,0.38106287588946003,1.0963314269369528,7600.71738324099,turtle,ipop_cma_es,0,-1.6008497109446198,20
521,5520,-0.33156053606843905,-0.13894183010800734,0.1128338489993323,0.38009944425965286,1.1008722290324513,7633.134306480992,turtle,ipop_cma_es,0,-1.6008497109446198,20
522,5540,-0.2872133454233827,-0.04659227821430485,0.13554528050744422,0.37942921710554817,1.105410218843351,7665.611159473978,turtle,ipop_cma_es,0,-1.6008497109446198,20
523,5560,-0.3029336043623747,-0.07379586845112684,0.10014719195062462,0.3785729955023913,1.1101408397332475,7701.286747276987,turtle,ipop_cma_es,0,-1.6008497109446198,20
524,5580,-0.3057788106841235,-0.09405027888403823,0.08613798609268859,0.376974473311177,1.114690011841239,7734.380433738988,turtle,ipop_cma_es,0,-1.6008497109446198,20
525,5600,-0.32292002396487884,-0.1580024437226431,0.10920654651839055,0.37532773559765525,1.1189223821125744,7764.802162448992,turtle,ipop_cma_es,0,-1.6008497109446198,20
526,5620,-0.505772105575911,-0.15517269592152633,0.12976645287099312,0.3743347953730867,1.1233882771593982,7797.654869333986,turtle,ipop_cma_es,0,-1.6008497109446198,20
527,5640,-0.33730708950331234,-0.10492648594264664,0.12534289284907715,0.3733370058738705,1.1278187709969993,7831.357530185982,turtle,ipop_cma_es,0,-1.6008497109446198,20
528,5660,-0.3353716605172288,-0.13160018690429806,0.12877628706542735,0.3723822910935343,1.1321920883511922,7861.396640602994,turtle,ipop_cma_es,0,-1.6008497109446198,20
529,5680,-0.3529314688435541,-0.1487579463499203,0.12509296892083388,0.3717290468300272,1.136768746034935,7888.718578087981,turtle,ipop_cma_es,0,-1.6008497109446198,20
530,5700,-0.5561987797642223,-0.1450151863302883,0.20546114538774488,0.3713371555614596,1.1414025153123335,7922.14999273399,turtle,ipop_cma_es,0,-1.6008497109446198,20
531,5720,-0.4438399460931537,-0.13360306203768677,0.20307778510807414,0.3709650021376238,1.1459991029328302,7951.506597784988,turtle,ipop_cma_es,0,-1.6008497109446198,20
532,5740,-0.4133459798796917,-0.1435457288651551,0.16982766210306074,0.37102996036580627,1.151736231794697,7977.903554386983,turtle,ipop_cma_es,0,-1.6008497109446198,20
533,5760,-0.7995224032154677,-0.24408722743647168,0.19228333314525642,0.3713108152806363,1.157184792849219,8006.876158806001,turtle,ipop_cma_es,0,-1.6008497109446198,20
534,5780,-0.5326798870344627,-0.19583090906024908,0.19685999352041528,0.37154621572863566,1.1627407050894583,8037.007724105992,turtle,ipop_cma_es,0,-1.6008497109446198,20
535,5800,-0.5004815390150243,-0.23333020341330862,0.16537636116985974,0.37172556755480246,1.168605023848716,8066.77711375698,turtle,ipop_cma_es,0,-1.6008497109446198,20
536,5820,-0.5135172551289839,-0.20536619685680307,0.15725307307317907,0.3718346903920264,1.174409361227474,8099.157878077996,turtle,ipop_cma_es,0,-1.6008497109446198,20
537,5840,-0.5095238267804403,-0.13204980887882273,0.16792075148836622,0.3718362153069233,1.1798947164023479,8125.322485319979,turtle,ipop_cma_es,0,-1.6008497109446198,20
538,5860,-0.5636669657426809,-0.15094682008006174,0.14640134932059223,0.37169188354819543,1.1853808864418856,8155.318081256002,turtle,ipop_cma_es,0,-1.6008497109446198,20
539,5880,-0.7039867872034753,-0.1526813081921503,0.17747794196042843,0.37194156404241113,1.1913588961019042,8180.420185711002,turtle,ipop_cma_es,0,-1.6008497109446198,20
540,5900,-0.8378260884272937,-0.1670584002732991,0.23423433734186094,0.37254087068505337,1.1977585964578015,8205.521186906,turtle,ipop_cma_es,0,-1.6008497109446198,20
541,5920,-0.8589409012356573,-0.2054019299700391,0.23001642474181275,0.37333716577315773,1.2045357235783167,8234.951281479996,turtle,ipop_cma_es,0,-1.6008497109446198,20
542,5940,-0.5268427270750138,-0.14114723147977282,0.17748933116774301,0.3735027373212542,1.2111094484643314,8262.073146512994,turtle,ipop_cma_es,0,-1.6008497109446198,20
543,5960,-0.6995068034906353,-0.22391016862821916,0.20449950605402603,0.37339501393934726,1.2167621620227926,8286.092368618993,turtle,ipop_cma_es,0,-1.6008497109446198,20
544,5980,-0.8404236089497559,-0.3125497033878295,0.24113417131556772,0.37303187423920187,1.2225503162823892,8311.698790099996,turtle,ipop_cma_es,0,-1.6008497109446198,20
545,6000,-0.9747355953107135,-0.2671738530960321,0.29454719308186744,0.3727546031802208,1.2281344829841483,8333.57170917798,turtle,ipop_cma_es,0,-1.6008497109446198,20
546,6020,-0.7557404347013543,-0.26541113497202196,0.2864392520133345,0.3724954379562829,1.2340431470590072,8357.643063302006,turtle,ipop_cma_es,0,-1.6008497109446198,20
547,6040,-0.549468532749847,-0.17732494332591492,0.21855512381265418,0.37212639269260983,1.2393623357304036,8379.282795293984,turtle,ipop_cma_es,0,-1.6008497109446198,20
548,6060,-0.7643486223255556,-0.17396702845625453,0.22298378619381812,0.3714969794712871,1.2444787323487412,8406.729861920001,turtle,ipop_cma_es,0,-1.6008497109446198,20
549,6080,-0.8316731146348104,-0.2226727825564628,0.23572476296376674,0.37097493730859016,1.2494633369373045,8433.116763794998,turtle,ipop_cma_es,0,-1.6008497109446198,20
550,6100,-0.7434955130945751,-0.38791972969185107,0.2265791072552903,0.3705609407708056,1.254583400604411,8462.102044475992,turtle,ipop_cma_es,0,-1.6008497109446198,20
551,6120,-0.7047278032405293,-0.27074409179540376,0.2253914588868006,0.3695480435154444,1.259358079998269,8487.080476809992,turtle,ipop_cma_es,0,-1.6008497109446198,20
552,6140,-0.7191340659325824,-0.4070815025718476,0.22161812826122906,0.3686888115641725,1.264026596103403,8510.497219340992,turtle,ipop_cma_es,0,-1.6008497109446198,20
553,6160,-0.8178019116217996,-0.42041497254504945,0.29216740691142096,0.368443415872459,1.2695943122260767,8537.530728593993,turtle,ipop_cma_es,0,-1.6008497109446198,20
554,6180,-0.8731753875842898,-0.40800481955625284,0.26139797931781317,0.36858854910421984,1.2750990060874006,8565.832603666,turtle,ipop_cma_es,0,-1.6008497109446198,20
555,6200,-0.8522053731499675,-0.4695918216755416,0.2626373020518224,0.3686205042593647,1.280693159856887,8590.666051677981,turtle,ipop_cma_es,0,-1.6008497109446198,20
556,6220,-0.8148062225547443,-0.4472279921319302,0.24503133946817113,0.3689163255552227,1.285831093320128,8610.003324524994,turtle,ipop_cma_es,0,-1.6008497109446198,20
557,6240,-0.9202015005789432,-0.41959710292136787,0.24216454005005814,0.36923207507709577,1.2915016347726085,8637.189865025983,turtle,ipop_cma_es,0,-1.6008497109446198,20
558,6260,-0.6963076832258155,-0.3697804087204032,0.2450382203908083,0.36979491316088725,1.297118022237142,8665.512256838003,turtle,ipop_cma_es,0,-1.6008497109446198,20
559,6280,-0.7497697477065293,-0.252591803904456,0.2660724225923909,0.3702125716723613,1.3028556460529812,8690.958053729002,turtle,ipop_cma_es,0,-1.6008497109446198,20
560,6300,-0.6840886809589346,-0.19569580631587544,0.2580961068214571,0.37040475316447,1.3081304264808618,8715.618175784999,turtle,ipop_cma_es,0,-1.6008497109446198,20
561,6320,-0.6406729223164032,-0.2303768570061123,0.20407718972967384,0.3709429370784143,1.3134546940736582,8739.395273750997,turtle,ipop_cma_es,0,-1.6008497109446198,20
562,6340,-0.5848367236955703,-0.23157489664584668,0.17731919321103218,0.37114546374331264,1.3186997826952438,8764.511942999,turtle,ipop_cma_es,0,-1.6008497109446198,20
563,6360,-0.90294574207417,-0.34658866232024743,0.25885029547103633,0.37117479669305375,1.3241219941132822,8790.932995865005,turtle,ipop_cma_es,0,-1.6008497109446198,20
564,6380,-0.5568676598605871,-0.2482578802689223,0.20607783035568839,0.3710172523803127,1.3294255203721594,8819.500834982988,turtle,ipop_cma_es,0,-1.6008497109446198,20
565,6400,-0.7952466423669717,-0.37550672349867736,0.20146970494142658,0.37095811958155045,1.3345922953464429,8848.761894364987,turtle,ipop_cma_es,0,-1.6008497109446198,20
566,6420,-0.7277049102395434,-0.484328663185443,0.1650885234480301,0.3712077607711193,1.3397956385390872,8874.050997154001,turtle,ipop_cma_es,0,-1.6008497109446198,20
567,6440,-0.7210654142243484,-0.36255773804500013,0.28673968219704804,0.3714922513204657,1.345132640347963,8895.981459317001,turtle,ipop_cma_es,0,-1.6008497109446198,20
568,6460,-0.7531874459212897,-0.42350384770004945,0.2482628822254834,0.37152460792061703,1.3504155023791138,8922.42152265599,turtle,ipop_cma_es,0,-1.6008497109446198,20
569,6480,-0.7083373668700759,-0.38692489939103963,0.22144009947650373,0.3715867142681908,1.3551479902283614,8946.879142400983,turtle,ipop_cma_es,0,-1.6008497109446198,20
570,6500,-0.9624633735092454,-0.3977209177122419,0.28851971685363914,0.3712591821346992,1.3596430423206176,8972.87829177099,turtle,ipop_cma_es,0,-1.6008497109446198,20
571,6520,-0.9173788244744454,-0.45009640391124073,0.23630696791248598,0.3707975137899135,1.3639774554021238,8997.159179620998,turtle,ipop_cma_es,0,-1.6008497109446198,20
572,6540,-0.772725673505386,-0.3208863974216725,0.28433801696526223,0.3701583310413909,1.368256691112456,9024.454474543978,turtle,ipop_cma_es,0,-1.6008497109446198,20
573,6560,-0.8710690342165304,-0.42503656136425844,0.2563932819917217,0.36936279579806974,1.3722372612985267,9052.727591667994,turtle,ipop_cma_es,0,-1.6008497109446198,20
574,6580,-0.8740889705343164,-0.4543898607645083,0.2776968441998665,0.3688030923475176,1.376222175778793,9080.752943080995,turtle,ipop_cma_es,0,-1.6008497109446198,20
575,6600,-0.6762605898250085,-0.42122530240323747,0.20310631712568958,0.36809486443874667,1.380274278635401,9103.59199010799,turtle,ipop_cma_es,0,-1.6008497109446198,20
576,6620,-0.8531133150522523,-0.5489835274746522,0.2118758525369681,0.36710756839790953,1.3841544702361315,9128.977478561981,turtle,ipop_cma_es,0,-1.6008497109446198,20
577,6640,-0.7740190740347552,-0.4955081664864059,0.19014131613702573,0.3657284662320372,1.387741420696381,9151.113351162,turtle,ipop_cma_es,0,-1.6008497109446198,20
578,6660,-0.8942684991302849,-0.4808979980501803,0.24117123200596907,0.36416429645939913,1.3912912476222765,9178.77997525499,turtle,ipop_cma_es,0,-1.6008497109446198,20
579,6680,-0.9025934172571644,-0.5079141423919307,0.23451207258196147,0.36335970615988944,1.3950656227283669,9207.605311138992,turtle,ipop_cma_es,0,-1.6008497109446198,20
580,6700,-0.859769069250282,-0.5419018778666473,0.23078703525105684,0.3626543148509361,1.398598787212468,9233.419443007995,turtle,ipop_cma_es,0,-1.6008497109446198,20
581,6720,-0.7696572944491598,-0.4366297591592616,0.26139783387796595,0.36186390170863947,1.4026284528572104,9254.03365141098,turtle,ipop_cma_es,0,-1.6008497109446198,20
582,6740,-1.0514624893515725,-0.5358706185681205,0.2932053401412577,0.36150908307962654,1.4064969798203666,9277.35564641899,turtle,ipop_cma_es,0,-1.6008497109446198,20
583,6760,-1.1520956708648287,-0.5292882103565517,0.32938163649615587,0.36122395012618175,1.4100337636370026,9306.284587863978,turtle,ipop_cma_es,0,-1.6008497109446198,20
584,6780,-1.1482183984219656,-0.5974866565811128,0.2984304457517514,0.36093909530405005,1.413473078180959,9334.67165309799,turtle,ipop_cma_es,0,-1.6008497109446198,20
585,6800,-1.0953255991128987,-0.7071338283543087,0.2110492760351413,0.3604879023688578,1.4170197481813886,9359.157771445985,turtle,ipop_cma_es,0,-1.6008497109446198,20
586,6820,-1.058742355194041,-0.5785384363823316,0.2785276944956656,0.36021434495312793,1.4207672926914479,9383.50290392898,turtle,ipop_cma_es,0,-1.6008497109446198,20
587,6840,-1.0377372334619341,-0.7160729890226231,0.23418487395609375,0.3598246376385347,1.4252197742495534,9408.53843612998,turtle,ipop_cma_es,0,-1.6008497109446198,20
588,6860,-0.962805885900444,-0.6050597191522115,0.23854635130470941,0.35973289812938336,1.4291606667614218,9431.096352135006,turtle,ipop_cma_es,0,-1.6008497109446198,20
589,6880,-1.1301142314313717,-0.6335827871960328,0.3219062196136326,0.35922563292813126,1.4331204651196867,9464.909460455994,turtle,ipop_cma_es,0,-1.6008497109446198,20
590,6900,-1.190987674798393,-0.6198625649629752,0.37257383623475915,0.35887434272096,1.436990471712826,9493.352547632006,turtle,ipop_cma_es,0,-1.6008497109446198,20
591,6920,-1.074667351364103,-0.5943660119001393,0.28821892309167113,0.3580634192319611,1.4408159097646418,9519.763476374996,turtle,ipop_cma_es,0,-1.6008497109446198,20
592,6940,-1.1820858668462453,-0.6227453652950568,0.32169901901179937,0.3570556624950254,1.4443110109658048,9550.608030461997,turtle,ipop_cma_es,0,-1.6008497109446198,20
593,6960,-1.0637875060487678,-0.49708438490071155,0.3210994007117521,0.3560020322464706,1.4473276466226952,9579.117526038986,turtle,ipop_cma_es,0,-1.6008497109446198,20
594,6980,-1.1775502788563914,-0.6932278462394879,0.2603117081751943,0.35498635465176764,1.450339920742813,9608.546681534994,turtle,ipop_cma_es,0,-1.6008497109446198,20
595,7000,-1.0706591504639436,-0.6400636055301384,0.24779411050210307,0.35383507656783547,1.453559440722934,9632.777266666002,turtle,ipop_cma_es,0,-1.6008497109446198,20
596,7020,-0.8919293373965047,-0.6406300844944903,0.1976914414781565,0.3528193760285723,1.4568016429456225,9657.867302273982,turtle,ipop_cma_es,0,-1.6008497109446198,20
597,7040,-1.0823946047068702,-0.6195595979510035,0.255631316127019,0.35193282020692973,1.4598837496694328,9679.38801451298,turtle,ipop_cma_es,0,-1.6008497109446198,20
598,7060,-1.1330554338462004,-0.4790795670177615,0.38064110167049103,0.3509309246468617,1.4626953469227524,9706.00641391499,turtle,ipop_cma_es,0,-1.6008497109446198,20
599,7080,-1.14970571354372,-0.64675917019158,0.29520308538785234,0.3504003362852343,1.4659994065904447,9732.645880039985,turtle,ipop_cma_es,0,-1.6008497109446198,20
600,7100,-1.1868260486542832,-0.6583584671774092,0.30863014676284745,0.3499703564651848,1.4694452567307068,9761.407728733,turtle,ipop_cma_es,0,-1.6008497109446198,20
601,7120,-1.1609895726360095,-0.7017301170156311,0.36214281390927816,0.34954630709696116,1.47235005999429,9789.619589684997,turtle,ipop_cma_es,0,-1.6008497109446198,20
602,7140,-1.1747410923856583,-0.6584964719043013,0.311708943391171,0.34970297963614927,1.4753768042797948,9814.243474349001,turtle,ipop_cma_es,0,-1.6008497109446198,20
603,7160,-1.0530649977080948,-0.5887547910994202,0.29425059291715355,0.35002983044308805,1.4786220960745389,9843.768168465991,turtle,ipop_cma_es,0,-1.6008497109446198,20
604,7180,-1.2052134306337203,-0.7630040266433396,0.35956247401049096,0.35019647536328546,1.4821189381598918,9868.078871967999,turtle,ipop_cma_es,0,-1.6008497109446198,20
605,7200,-1.1666220459488796,-0.7791919981988883,0.26934512487618667,0.35009343936779613,1.4854945439807992,9893.647627334984,turtle,ipop_cma_es,0,-1.6008497109446198,20
606,7220,-1.2012426835276555,-0.8696848282665182,0.22786321762840564,0.3495943876251884,1.4888085843555448,9922.99579230498,turtle,ipop_cma_es,0,-1.6008497109446198,20
607,7240,-1.1034796434288268,-0.7908581830063592,0.22572695047064642,0.34931067461671467,1.4919109997293096,9951.782247992,turtle,ipop_cma_es,0,-1.6008497109446198,20
608,7260,-1.102099596094697,-0.6867424286296727,0.2794261229666991,0.348992372641762,1.4946986557756723,9977.239261526993,turtle,ipop_cma_es,0,-1.6008497109446198,20
609,7280,-1.1108625111331216,-0.6090176384537298,0.2746022494492613,0.348692810077777,1.4978712920046193,10000.461908611003,turtle,ipop_cma_es,0,-1.6008497109446198,20
610,7300,-1.1897317695287635,-0.8336420163168563,0.25669905689454653,0.3483592894946162,1.5010922470672674,10025.236686571996,turtle,ipop_cma_es,0,-1.6008497109446198,20
611,7320,-1.0493089816417225,-0.743021994288682,0.2647977235632294,0.3478569138576857,1.5041359230729638,10055.71126949499,turtle,ipop_cma_es,0,-1.6008497109446198,20
612,7340,-1.1600681838715925,-0.745228938348904,0.26726539707943064,0.3470132377753241,1.507057056783727,10085.983445499995,turtle,ipop_cma_es,0,-1.6008497109446198,20
613,7360,-1.087859135870053,-0.8270097988210893,0.1631021942056338,0.346003049795609,1.5100788349433394,10113.830642029003,turtle,ipop_cma_es,0,-1.6008497109446198,20
614,7380,-1.2546722430345252,-0.846228616190692,0.21097294648421966,0.3451487184702109,1.5144687252579359,10138.49627011898,turtle,ipop_cma_es,0,-1.6008497109446198,20
615,7400,-1.2261032163385277,-0.8199929615090864,0.2158993498830935,0.3438597150726504,1.518117817808473,10166.319503086997,turtle,ipop_cma_es,0,-1.6008497109446198,20
616,7420,-1.1478305823716202,-0.794714194690364,0.28557694452924287,0.34235309303746325,1.5212315367504017,10191.756579242006,turtle,ipop_cma_es,0,-1.6008497109446198,20
617,7440,-1.2855347778783237,-0.8815200237922813,0.26583793878667944,0.3408716937117812,1.5245396921756633,10217.864664580004,turtle,ipop_cma_es,0,-1.6008497109446198,20
618,7460,-1.2459103324709657,-0.8244808164538318,0.2621535928405675,0.33954142538410936,1.5274836198509059,10249.156301659998,turtle,ipop_cma_es,0,-1.6008497109446198,20
619,7480,-1.1620888506736486,-0.7733035627210088,0.2951907092374415,0.3381871733799335,1.5305964498690998,10278.194854214002,turtle,ipop_cma_es,0,-1.6008497109446198,20
620,7500,-1.2776028100113281,-0.8913674315090425,0.29757965033438816,0.3367022566754744,1.5335781476608932,10309.414663795003,turtle,ipop_cma_es,0,-1.6008497109446198,20
621,7520,-1.333102604164778,-0.791719157438156,0.2859948957364695,0.33535758799737786,1.5367593985609043,10337.877562837006,turtle,ipop_cma_es,0,-1.6008497109446198,20
622,7540,-1.299676540143686,-0.8181714849129843,0.30245651579498406,0.3340770239080805,1.5396643928219325,10370.265922580991,turtle,ipop_cma_es,0,-1.6008497109446198,20
623,7560,-1.220277281289687,-0.787051459348118,0.23385927537352458,0.3330154260712474,1.5426391680365192,10402.40552184498,turtle,ipop_cma_es,0,-1.6008497109446198,20
624,7580,-1.2788772544549447,-0.9495942688321248,0.28087306469682866,0.33219295343170296,1.5455571602484937,10430.689292366995,turtle,ipop_cma_es,0,-1.6008497109446198,20
625,7600,-1.2812485681890156,-0.9070676823912885,0.2651553574072356,0.33145703546705535,1.5489536579962973,10459.538447547005,turtle,ipop_cma_es,0,-1.6008497109446198,20
626,7620,-1.307956565521633,-1.0184207491075665,0.16555005683052687,0.33074794716034167,1.5520409678007356,10490.832513807982,turtle,ipop_cma_es,0,-1.6008497109446198,20
627,7640,-1.2864409233156904,-1.0221925665846032,0.21964877967052698,0.330195920825174,1.5548907716876375,10522.334689224983,turtle,ipop_cma_es,0,-1.6008497109446198,20
628,7660,-1.2411639175555047,-0.936855772043008,0.20315524666982598,0.32972828333470827,1.5578658111796642,10553.19320181699,turtle,ipop_cma_es,0,-1.6008497109446198,20
629,7680,-1.2962799622803942,-1.0077323516087315,0.17082550482923364,0.3293225929504716,1.5607170042591543,10581.782269402,turtle,ipop_cma_es,0,-1.6008497109446198,20
630,7700,-1.197122001433744,-0.9187244814074307,0.18778000261718686,0.3291667522795294,1.563400728946839,10609.241074977996,turtle,ipop_cma_es,0,-1.6008497109446198,20
631,7720,-1.2356334485877083,-0.9929108325396789,0.18806362369009108,0.32921243572645603,1.566188152566641,10639.454364492995,turtle,ipop_cma_es,0,-1.6008497109446198,20
632,7740,-1.2482875655003616,-0.8367738138171003,0.2806041946097473,0.32922937066593266,1.5688309155686988,10669.883065081987,turtle,ipop_cma_es,0,-1.6008497109446198,20
633,7760,-1.2591907666693434,-0.982729345249443,0.1400254369013208,0.32915209103633764,1.5715502250753295,10699.514149214985,turtle,ipop_cma_es,0,-1.6008497109446198,20
634,7780,-1.3428366627863575,-1.0042346617465503,0.24315194738392443,0.32896004874225887,1.5744710775989779,10730.934063984983,turtle,ipop_cma_es,0,-1.6008497109446198,20
635,7800,-1.2264467370216368,-0.8681675692472588,0.2394238294060705,0.3288733238592108,1.5775982174351613,10765.648559638998,turtle,ipop_cma_es,0,-1.6008497109446198,20
636,7820,-1.3625305693137708,-0.9230257387671763,0.3233746599069504,0.3285892056632378,1.5802139268635593,10798.583622774982,turtle,ipop_cma_es,0,-1.6008497109446198,20
637,7840,-1.2840005216330832,-0.9904850253411567,0.25814026675882823,0.3280219731478432,1.5830708333283752,10827.056859759992,turtle,ipop_cma_es,0,-1.6008497109446198,20
638,7860,-1.3758013153804862,-0.9681884487049164,0.2816245399058869,0.327589217577412,1.5858577939676124,10859.044414395,turtle,ipop_cma_es,0,-1.6008497109446198,20
639,7880,-1.370894195550517,-1.003714100935377,0.27788038236286655,0.3272442291820885,1.5880882080469243,10891.677679893997,turtle,ipop_cma_es,0,-1.6008497109446198,20
640,7900,-1.3253468956556418,-0.9751071042236766,0.32018365071538846,0.32651134804828247,1.5904544755802779,10922.989623968984,turtle,ipop_cma_es,0,-1.6008497109446198,20
641,7920,-1.4079293918170857,-0.9949906302825692,0.3116095618806046,0.32560042331130257,1.5930192450166463,10951.233239331981,turtle,ipop_cma_es,0,-1.6008497109446198,20
642,7940,-1.4026386979258367,-1.1176584774537925,0.23001804856752803,0.32485350887516895,1.5953407205778498,10987.577949967992,turtle,ipop_cma_es,0,-1.6008497109446198,20
643,7960,-1.3920153296467968,-1.1151360631613856,0.17523859940439462,0.3243085972724269,1.5975214633853176,11014.822903803986,turtle,ipop_cma_es,0,-1.6008497109446198,20
644,7980,-1.4372632610535403,-1.0865753820103614,0.27873867401529,0.3238532279411197,1.6007109908620418,11045.972693094984,turtle,ipop_cma_es,0,-1.6008497109446198,20
645,8000,-1.3700080608781775,-1.0219524304667171,0.35233709422517434,0.3231086617706371,1.6034313787321657,11079.923046576005,turtle,ipop_cma_es,0,-1.6008497109446198,20
1,10,-0.09364012875664596,-0.0016806607673025553,0.0567897537779721,0.4904289728755105,1.0059734973031509,8.284745182987535,turtle,ipop_cma_es,1,-0.09364012875664596,10
2,20,-0.1875739102091467,-0.04138192706027501,0.06844918695612097,0.482046121246947,1.007723413015288,18.23289441000088,turtle,ipop_cma_es,1,-0.1875739102091467,10
3,30,-0.42266319211920766,-0.06725320383590913,0.1490933231304061,0.4748442625085514,1.0082582450566375,30.270696030987892,turtle,ipop_cma_es,1,-0.42266319211920766,10
4,40,-0.1870082209719408,-0.00015864391595536985,0.08486477511515535,0.46845564216287533,1.009761351968739,42.008779647003394,turtle,ipop_cma_es,1,-0.42266319211920766,10
5,50,-0.21210747778591443,-0.034083606071891204,0.07368564326804751,0.46267773008478613,1.0112985855832535,53.46022774701123,turtle,ipop_cma_es,1,-0.42266319211920766,10
6,60,-0.1726713878797952,-0.008988451719447,0.0696308150234108,0.4574356772351694,1.0131932513118418,62.52457877199049,turtle,ipop_cma_es,1,-0.42266319211920766,10
7,70,-0.260946866639836,-0.07551816866901868,0.10082035860819495,0.45230816614422464,1.01515451862906,75.53773320899927,turtle,ipop_cma_es,1,-0.42266319211920766,10
8,80,-0.15901736187437354,0.021513814045757938,0.09545980807276605,0.4478026974203751,1.017339208028889,86.41236815598677,turtle,ipop_cma_es,1,-0.42266319211920766,10
9,90,-0.2898027686722813,-0.04432007716271027,0.11822476095904227,0.44339913014357246,1.019557690457872,99.63441428798251,turtle,ipop_cma_es,1,-0.42266319211920766,10
10,100,-0.404714124722938,-0.08393371356866738,0.14557084570453155,0.4389756714999058,1.0216819502226686,111.23248496299493,turtle,ipop_cma_es,1,-0.42266319211920766,10
11,110,-0.2325856592037141,-0.058103682716922476,0.07331350778299381,0.4347188289683863,1.023777064572157,123.39600420399802,turtle,ipop_cma_es,1,-0.42266319211920766,10
12,120,-0.2011888253938423,-0.01467872999688069,0.12571590872029015,0.4305052762777401,1.025930439886047,138.62627758199233,turtle,ipop_cma_es,1,-0.42266319211920766,10
13,130,-0.08442625481412946,-0.002937327972064985,0.05945781559617995,0.42665659051221344,1.0282005300165509,152.53183174598962,turtle,ipop_cma_es,1,-0.42266319211920766,10
14,140,-0.08629725709230573,-0.0016051919805244452,0.05865647532846846,0.4231475537724595,1.0305463803953447,164.39299456300796,turtle,ipop_cma_es,1,-0.42266319211920766,10
15,150,-0.10724406034478928,-0.008666220679728021,0.07862498951090872,0.4199565122710106,1.0334933788989962,178.27306930799386,turtle,ipop_cma_es,1,-0.42266319211920766,10
16,160,-0.3100991794151522,-0.06303748003103404,0.11557231137369399,0.4169157944901973,1.0364991050630714,187.26547519498854,turtle,ipop_cma_es,1,-0.42266319211920766,10
17,170,-0.4000879767792256,-0.07210917248202424,0.11791769840485675,0.4138999386371359,1.0394369217819805,198.77016156099853,turtle,ipop_cma_es,1,-0.42266319211920766,10
18,180,-0.07599338635345187,0.04006166377391409,0.0896868158327472,0.4112071891188706,1.0426135207946539,210.76680713900714,turtle,ipop_cma_es,1,-0.42266319211920766,10
19,190,-0.25907966247305136,-0.07947331898788504,0.06862925351778267,0.4086083248752605,1.0459251642597311,223.0545510519878,turtle,ipop_cma_es,1,-0.42266319211920766,10
20,200,-0.27397003002918474,-0.10098927971852474,0.1125717913736561,0.4060517710042334,1.0493664680943107,235.9257731240068,turtle,ipop_cma_es,1,-0.42266319211920766,10
21,210,-0.30993980145538913,-0.12473011279509168,0.10001714041805983,0.4037599230811328,1.0529583685066768,247.58032419500523,turtle,ipop_cma_es,1,-0.42266319211920766,10
22,220,-0.2626365558855257,-0.05817671065977725,0.12677190774797092,0.40172965096011515,1.0568817583119843,262.7858069179929,turtle,ipop_cma_es,1,-0.42266319211920766,10
23,230,-0.25357234423542074,-0.10134053088976262,0.14977080559725914,0.3997191624554269,1.0607232240420916,273.60708097100724,turtle,ipop_cma_es,1,-0.42266319211920766,10
24,240,-0.2641798798159396,-0.13264993050147736,0.09214964561186575,0.3981413917967914,1.065209445035489,286.4117747019918,turtle,ipop_cma_es,1,-0.42266319211920766,10
25,250,-0.3040648820019607,-0.09513397130157442,0.10354338677619193,0.39694724979269475,1.0701096512395176,300.70418031601,turtle,ipop_cma_es,1,-0.42266319211920766,10
26,260,-0.24357162018523937,-0.12036787461762995,0.06632297924067361,0.39588704231023797,1.075383470293364,314.6430084579915,turtle,ipop_cma_es,1,-0.42266319211920766,10
27,270,-0.4825928645379767,-0.14967854541955844,0.13948225108589973,0.39492840806804314,1.080552604935366,326.0126104230003,turtle,ipop_cma_es,1,-0.4825928645379767,10
28,280,-0.22765623521604095,-0.09378499219867606,0.08027641198285819,0.3939603626501682,1.0856371473471778,339.86164155000006,turtle,ipop_cma_es,1,-0.4825928645379767,10
29,290,-0.21566246861631466,-0.11755708389115674,0.11112396596433814,0.3929826104596853,1.0908090567084399,355.46000562698464,turtle,ipop_cma_es,1,-0.4825928645379767,10
30,300,-0.2895277497272417,-0.09479630373515588,0.10344043415654254,0.39194492722920354,1.0958371337666835,370.5970690679969,turtle,ipop_cma_es,1,-0.4825928645379767,10
31,310,-0.31766278297327943,-0.14277125466359183,0.13703127377322874,0.3910940267949897,1.1009270641837334,384.4840124640032,turtle,ipop_cma_es,1,-0.4825928645379767,10
32,320,-0.6589181706631724,-0.22406033189525543,0.203658732250218,0.39000176145109955,1.1059017705214966,397.4351046519878,turtle,ipop_cma_es,1,-0.6589181706631724,10
33,330,-0.2807906907866764,-0.08506839941794837,0.1259893969098183,0.38903341813778236,1.1109774289994245,412.77720435900846,turtle,ipop_cma_es,1,-0.6589181706631724,10
34,340,-0.5209811583544095,-0.3545260735346263,0.1876907391905168,0.3878229798744455,1.1156282406898577,426.04910929099424,turtle,ipop_cma_es,1,-0.6589181706631724,10
35,350,-0.34811666468851854,-0.14782705878574368,0.12868343103535698,0.38656096898874187,1.1201116628956271,443.87194769099005,turtle,ipop_cma_es,1,-0.6589181706631724,10
36,360,-0.505830282249315,-0.22606008496957103,0.12633887038165076,0.3853528948270819,1.1247544959500584,460.5263065309846,turtle,ipop_cma_es,1,-0.6589181706631724,10
37,370,-0.5084304567497622,-0.2747874470290149,0.19315551513779425,0.3843463117104632,1.1298322802503367,474.67921491799643,turtle,ipop_cma_es,1,-0.6589181706631724,10
38,380,-0.4243777231734116,-0.15931691251053212,0.18455593582587898,0.3833661321044013,1.1346751780449997,488.38703906399314,turtle,ipop_cma_es,1,-0.6589181706631724,10
39,390,-0.3524106875059472,-0.1638773498556521,0.12138398338951352,0.3822814183778544,1.1395363514865118,500.7320898330072,turtle,ipop_cma_es,1,-0.6589181706631724,10
40,400,-0.6857830937954059,-0.27677875038592586,0.19161173706817036,0.38137459897786435,1.1445995298664058,512.3128674849868,turtle,ipop_cma_es,1,-0.6857830937954059,10
41,410,-0.3856394566008978,-0.1381189980051678,0.15612106242009746,0.38036414641362765,1.1496507698757508,522.1601125579909,turtle,ipop_cma_es,1,-0.6857830937954059,10
42,420,-0.4874664639407449,-0.2504551070618213,0.18217203525214223,0.3791900666431135,1.154369441695655,535.085264533991,turtle,ipop_cma_es,1,-0.6857830937954059,10
43,430,-0.6107576552188254,-0.21189679683329884,0.21311456103369605,0.3780823080988671,1.1591301983178655,546.4330371060059,turtle,ipop_cma_es,1,-0.6857830937954059,10
44,440,-0.41524979672482853,-0.11402337665221633,0.15214057744700873,0.37687591282289534,1.163687656105369,563.3618463139865,turtle,ipop_cma_es,1,-0.6857830937954059,10
45,450,-0.26134790886248904,-0.08881741688913207,0.10469945368613223,0.3756320893182024,1.1680531977953375,580.788488916005,turtle,ipop_cma_es,1,-0.6857830937954059,10
46,460,-0.478406544210749,-0.11855110529292637,0.17508610366832011,0.3743035356004204,1.1718938868374185,594.2260559620045,turtle,ipop_cma_es,1,-0.6857830937954059,10
47,470,-0.37658622915190687,-0.10062028771167073,0.13554511647665946,0.3729309949646586,1.1757962945316514,610.4371906830056,turtle,ipop_cma_es,1,-0.6857830937954059,10
48,480,-0.5929606214809375,-0.10982701664995434,0.19204280886975558,0.3716234033068849,1.1801338256435259,626.3371881589992,turtle,ipop_cma_es,1,-0.6857830937954059,10
49,490,-0.39648886302652464,-0.15296785399181143,0.1274696741255365,0.3703746433662068,1.184561777034966,639.5192631740065,turtle,ipop_cma_es,1,-0.6857830937954059,10
50,500,-0.7740683528525683,-0.23625048065231874,0.23422374600866014,0.3692656599309888,1.189194055809769,654.8200397639885,turtle,ipop_cma_es,1,-0.7740683528525683,10
51,510,-0.6351424238628063,-0.33276444955346995,0.2056227237461834,0.3685501333327496,1.1942325943570866,668.6729028839909,turtle,ipop_cma_es,1,-0.7740683528525683,10
52,520,-0.6580569770274582,-0.35528839761511943,0.28329531221319765,0.36799702620436114,1.1995640108823011,680.3773401780054,turtle,ipop_cma_es,1,-0.7740683528525683,10
53,530,-0.6833398510660649,-0.3521541805887546,0.25980424656922807,0.3673268431505611,1.2046914176845578,695.8276169140008,turtle,ipop_cma_es,1,-0.7740683528525683,10
54,540,-0.7682117725080433,-0.2223004694041907,0.24531917523736904,0.3668707058333237,1.2103003695417833,711.9482145640068,turtle,ipop_cma_es,1,-0.7740683528525683,10
55,550,-0.700178459337387,-0.25951492397946885,0.27696449510671106,0.3664286811366192,1.215895325127998,723.5663080310042,turtle,ipop_cma_es,1,-0.7740683528525683,10
56,560,-0.8056185193645709,-0.4575204022570438,0.27518615100178123,0.3661904288033124,1.2218497433186284,736.1674794569844,turtle,ipop_cma_es,1,-0.8056185193645709,10
57,570,-0.8759000152530518,-0.5273835017196034,0.24065894257900028,0.3660399075911182,1.2278558412351963,748.4027701870073,turtle,ipop_cma_es,1,-0.8759000152530518,10
58,580,-0.7230476977683704,-0.4846483113610608,0.20596918504827116,0.36586500390369986,1.233850131154026,760.8148977980018,turtle,ipop_cma_es,1,-0.8759000152530518,10
59,590,-0.9141851618447498,-0.4944480410169402,0.28482841096702377,0.3657152185056506,1.2399490402225102,771.962069317,turtle,ipop_cma_es,1,-0.9141851618447498,10
60,600,-0.6556645807933448,-0.3463571370072934,0.24543582138346554,0.3656190859412948,1.2459580945452309,784.2813782510057,turtle,ipop_cma_es,1,-0.9141851618447498,10
61,610,-0.734071743211798,-0.40506328987333085,0.21530333230896923,0.365758607022804,1.252137476496327,798.6847945750051,turtle,ipop_cma_es,1,-0.9141851618447498,10
62,620,-0.9473633734337854,-0.497365489328912,0.29146502932545776,0.3656656982617628,1.2581726908763458,813.900449703011,turtle,ipop_cma_es,1,-0.9473633734337854,10
63,630,-0.8351539631512255,-0.30293507136835884,0.2723653331673014,0.3651992281179704,1.2637642921089094,829.4779053610109,turtle,ipop_cma_es,1,-0.9473633734337854,10
64,640,-0.7849550114807,-0.4465793314508481,0.27727867249046734,0.36458532465502963,1.268965855101019,843.4270820370002,turtle,ipop_cma_es,1,-0.9473633734337854,10
65,650,-0.8270006139382593,-0.41556324873256417,0.225992175295835,0.36417366387656386,1.2744061385600203,859.3747891149833,turtle,ipop_cma_es,1,-0.9473633734337854,10
66,660,-0.8453338204224137,-0.4878866693418167,0.25443798265012585,0.3637937137934038,1.2798616628177784,873.811008891993,turtle,ipop_cma_es,1,-0.9473633734337854,10
67,670,-0.8437270795023055,-0.6472755210279466,0.205986845379603,0.36324509158214774,1.285168404481594,889.9310548630019,turtle,ipop_cma_es,1,-0.9473633734337854,10
68,680,-1.0134969612174762,-0.4977162697636862,0.3566987772077755,0.36260355953088735,1.2902941253212932,905.5005060149997,turtle,ipop_cma_es,1,-1.0134969612174762,10
69,690,-0.9082572140755847,-0.5656575565111792,0.30499728566368567,0.3620153216369459,1.295273229672975,918.603781415004,turtle,ipop_cma_es,1,-1.0134969612174762,10
70,700,-1.0237271557417298,-0.6811652174536799,0.29254186417765066,0.3612776071480232,1.29983424386039,936.6881636609905,turtle,ipop_cma_es,1,-1.0237271557417298,10
71,710,-1.0218286581122538,-0.8399018947932972,0.11327456724116795,0.3605197877041901,1.3041980248462692,957.0169844839838,turtle,ipop_cma_es,1,-1.0237271557417298,10
72,720,-1.132259998747294,-0.6743765068454878,0.385855933574519,0.35979128790146647,1.3085398348783066,972.3860630909912,turtle,ipop_cma_es,1,-1.132259998747294,10
73,730,-1.2054452715000634,-0.9256900126762202,0.3114668947452222,0.35904212542621555,1.3127810288482529,987.758446930995,turtle,ipop_cma_es,1,-1.2054452715000634,10
74,740,-0.9364838709873533,-0.164906417487589,0.2794103092422124,0.35845100108356254,1.3171630552510265,1001.7725113199849,turtle,ipop_cma_es,1,-1.2054452715000634,10
75,750,-1.2493925266932733,-0.7472795015770451,0.5130609314362015,0.35788260692069285,1.3215253711706652,1012.7125519939873,turtle,ipop_cma_es,1,-1.2493925266932733,10
76,760,-1.1073559514813276,-0.5164963755639418,0.3759750233155642,0.35758073336473467,1.326017415146076,1026.1279050160083,turtle,ipop_cma_es,1,-1.2493925266932733,10
77,770,-1.1727326498937964,-0.5657302347320805,0.4492002716874586,0.35716435008581937,1.3303254894299583,1043.329413836007,turtle,ipop_cma_es,1,-1.2493925266932733,10
78,780,-1.2406143871249329,-0.4542094278686801,0.45219452871229354,0.3567550464759116,1.3348534415919782,1062.0690074309823,turtle,ipop_cma_es,1,-1.2493925266932733,10
79,790,-0.858751792245589,-0.3405840462049959,0.37853135880129296,0.35622717213747795,1.3396032167740415,1076.4392641769955,turtle,ipop_cma_es,1,-1.2493925266932733,10
80,800,-1.1423052268418568,-0.6260091135473498,0.2803690210443123,0.35556989173273496,1.3440054867867741,1090.513803645008,turtle,ipop_cma_es,1,-1.2493925266932733,10
81,810,-1.1345524233055713,-0.5750882041671505,0.38398583205355497,0.35493268723987303,1.3486123692494203,1108.6102319649945,turtle,ipop_cma_es,1,-1.2493925266932733,10
82,820,-1.0574654894788909,-0.5427242888104931,0.4000794371612222,0.3544509186274765,1.3536842222442014,1123.8578237330075,turtle,ipop_cma_es,1,-1.2493925266932733,10
83,830,-1.2535685589886043,-0.7608162269777254,0.4640382663285556,0.3538357993753038,1.358352017378135,1138.9707149020105,turtle,ipop_cma_es,1,-1.2535685589886043,10
84,840,-1.2988236098676111,-0.7314776278226108,0.4580789070509587,0.353117583555353,1.362863922156051,1155.6734597909963,turtle,ipop_cma_es,1,-1.2988236098676111,10
85,850,-1.2678090845853953,-0.6248066191392666,0.46763201972520274,0.3524764130122402,1.3673244687632842,1170.8317229090026,turtle,ipop_cma_es,1,-1.2988236098676111,10
86,860,-1.2145981384548463,-0.7169534617902407,0.4721706852583824,0.351743134310408,1.3716153056708023,1185.3438070179836,turtle,ipop_cma_es,1,-1.2988236098676111,10
87,870,-1.2936474332873598,-0.9975572273163399,0.2850503011386861,0.35134071934990513,1.3761077383445883,1202.749904658005,turtle,ipop_cma_es,1,-1.2988236098676111,10
88,880,-1.201238626870146,-0.4458551322631023,0.4552495045305335,0.3509270849245718,1.3806227014351193,1221.1782612520037,turtle,ipop_cma_es,1,-1.2988236098676111,10
89,890,-1.3068603439339919,-0.60897914023891,0.5304095530706127,0.35043632958872306,1.3851349046112755,1237.3621665769897,turtle,ipop_cma_es,1,-1.3068603439339919,10
90,900,-1.3285241336581004,-0.6668245036622032,0.48687322184224824,0.3501011422884317,1.3901525798230827,1253.6020681250084,turtle,ipop_cma_es,1,-1.3285241336581004,10
91,910,-1.1912970206636126,-0.3129302973345731,0.4804878428155423,0.3496902468601469,1.3949078870237925,1271.669665903988,turtle,ipop_cma_es,1,-1.3285241336581004,10
92,920,-1.322954709031988,-0.6544278948821092,0.5571619274912685,0.34955818237618425,1.399836061984774,1285.9968327879906,turtle,ipop_cma_es,1,-1.3285241336581004,10
93,930,-1.3308297473818929,-0.7298579332157311,0.48240195121498913,0.3494448793024905,1.4050856933105769,1303.0142403290083,turtle,ipop_cma_es,1,-1.3308297473818929,10
94,940,-1.3056675000342723,-0.25671992257179194,0.4227561704404156,0.3492451803875562,1.4098905576392606,1321.3189062349848,turtle,ipop_cma_es,1,-1.3308297473818929,10
95,950,-1.271463093722132,-0.23396239581675707,0.44611760090859237,0.34915707436197596,1.414820477651049,1338.5309885439929,turtle,ipop_cma_es,1,-1.3308297473818929,10
96,960,-1.2926082791119695,-0.4903128219849252,0.5362580639857891,0.3490654787721467,1.4197804255135282,1353.8315970670083,turtle,ipop_cma_es,1,-1.3308297473818929,10
97,970,-1.3615468406961426,-0.6225589210032945,0.5380731672558601,0.34859308084184915,1.424417125644377,1369.1960047190078,turtle,ipop_cma_es,1,-1.3615468406961426,10
98,980,-1.261916395675617,-0.6988615933318315,0.47148579523694384,0.3482967679024944,1.4288322678409358,1383.3182543900039,turtle,ipop_cma_es,1,-1.3615468406961426,10
99,990,-1.3228103496802284,-0.9033473700382659,0.40717630287213535,0.3479475368572768,1.4331488924346139,1398.7802737320017,turtle,ipop_cma_es,1,-1.3615468406961426,10
100,1000,-1.2759143382067677,-0.8301102843506076,0.39216149180127635,0.34760658216655654,1.4374932267936755,1412.3725014439842,turtle,ipop_cma_es,1,-1.3615468406961426,10
101,1010,-1.314721656292364,-0.6216418505149389,0.4697885819458001,0.3471165425442826,1.4418130487866458,1426.7608360429876,turtle,ipop_cma_es,1,-1.3615468406961426,10
102,1020,-1.3154723677685167,-0.9922927832852221,0.2569248035104362,0.34646395844915967,1.4460977529904682,1441.0954921240045,turtle,ipop_cma_es,1,-1.3615468406961426,10
103,1030,-1.2966549797855436,-0.9154885124760941,0.38502560073892583,0.34589762806088276,1.45084664796551,1455.8029972410004,turtle,ipop_cma_es,1,-1.3615468406961426,10
104,1040,-1.2611148649760286,-0.27213132026693393,0.3834985035064093,0.34526190537965307,1.4553216842431709,1472.9873055369826,turtle,ipop_cma_es,1,-1.3615468406961426,10
105,1050,-1.298212130952022,-0.9362551351967209,0.3195347205049543,0.34481780271136625,1.4596280535389106,1489.1293522839842,turtle,ipop_cma_es,1,-1.3615468406961426,10
106,1060,-1.308364000669874,-0.9028729296643659,0.2515464748188807,0.3445011152059379,1.4637856036806502,1506.0051573310047,turtle,ipop_cma_es,1,-1.3615468406961426,10
107,1070,-1.313780995940605,-0.7544654492630302,0.5169251767548779,0.34418231399197013,1.4680050691028155,1521.754119538993,turtle,ipop_cma_es,1,-1.3615468406961426,10
108,1080,-1.3126214984162505,-0.9190195396799894,0.41864567609451875,0.3439138335605614,1.4722537411201067,1537.7596977789945,turtle,ipop_cma_es,1,-1.3615468406961426,10
109,1090,-1.3019445053903382,-0.9654645500511577,0.3769425767932615,0.3440470339356729,1.4770491045896548,1556.0670383689867,turtle,ipop_cma_es,1,-1.3615468406961426,10
110,1100,-1.2546572397611175,-0.8422070062652611,0.38033618479979964,0.34408126373916154,1.4819369023440194,1574.6641827359854,turtle,ipop_cma_es,1,-1.3615468406961426,10
111,1110,-1.3230892901635096,-1.0065993636747141,0.3106700805527419,0.3440792726009554,1.4866586074151336,1589.4098312470014,turtle,ipop_cma_es,1,-1.3615468406961426,10
112,1120,-1.3393855954833631,-0.9418641923808767,0.39738211434403764,0.3439792285912346,1.4912283693443975,1607.8216995600087,turtle,ipop_cma_es,1,-1.3615468406961426,10
113,1130,-1.3698383781218073,-0.8345919134224268,0.4743145027414913,0.34375581168790337,1.495530452147632,1618.2467392449907,turtle,ipop_cma_es,1,-1.3698383781218073,10
114,1140,-1.3109933694696227,-0.6812514690367169,0.37313256306969567,0.34357534764396663,1.500045713968529,1632.2363836909935,turtle,ipop_cma_es,1,-1.3698383781218073,10
115,1150,-1.2927027817785195,-0.9359886037648032,0.4006532434842128,0.3433746190947407,1.5043447672503494,1644.5306597430026,turtle,ipop_cma_es,1,-1.3698383781218073,10
116,1160,-1.380896800109185,-1.0168796552139998,0.371816720167846,0.343111640559437,1.508367630841679,1661.239244183991,turtle,ipop_cma_es,1,-1.380896800109185,10
117,1170,-1.3529236490344347,-0.9635256437594995,0.38930121204585594,0.34282836821829427,1.5124135189746164,1673.3308162890025,turtle,ipop_cma_es,1,-1.380896800109185,10
118,1180,-1.3326364138698912,-0.9196823517609285,0.48776199796281505,0.3427108351064345,1.5164934159129355,1689.1011564559885,turtle,ipop_cma_es,1,-1.380896800109185,10
119,1190,-1.3777765661177863,-0.9779603526022278,0.4244719745440597,0.3426161537233612,1.520611812025733,1701.2781089839991,turtle,ipop_cma_es,1,-1.380896800109185,10
120,1200,-1.3399743187892899,-0.8926680784959732,0.5026697481042809,0.3426324388192438,1.5247778297995098,1713.8138635589858,turtle,ipop_cma_es,1,-1.380896800109185,10
121,1210,-1.2486132408964465,-0.6767887382068083,0.4387423180841743,0.3424575657171214,1.5288021327371575,1726.2437867700064,turtle,ipop_cma_es,1,-1.380896800109185,10
122,1220,-1.3044876320556043,-0.9574725460679362,0.3766470096765154,0.34250373602867984,1.5325728839378965,1739.8830501420016,turtle,ipop_cma_es,1,-1.380896800109185,10
123,1230,-1.3298343870047642,-0.8119209536374175,0.3887818151724593,0.3427472672589032,1.5367290270629468,1752.2777403559885,turtle,ipop_cma_es,1,-1.380896800109185,10
124,1240,-1.3121696894475487,-0.42745916240327897,0.41716965375836745,0.34300585501370134,1.5406646665690777,1767.7955157689867,turtle,ipop_cma_es,1,-1.380896800109185,10
125,1250,-1.3103254348557654,-0.83315366787105,0.40250041886476395,0.34330913734559493,1.544569806614014,1782.4703638959909,turtle,ipop_cma_es,1,-1.380896800109185,10
126,1260,-1.2965590336453783,-0.8364146014415678,0.435765501673793,0.34357338238308666,1.5486964945356416,1797.5499300340016,turtle,ipop_cma_es,1,-1.380896800109185,10
127,1270,-1.303577054724225,-0.7651556876414656,0.4952251274799504,0.3439699477044821,1.5535219064847543,1811.572067628993,turtle,ipop_cma_es,1,-1.380896800109185,10
128,1280,-1.3272327224866096,-0.8518012682114173,0.4709301064000727,0.34445307400494757,1.557707061680682,1823.9554485770059,turtle,ipop_cma_es,1,-1.380896800109185,10
129,1290,-1.221067583356172,-0.7908412521093927,0.4380319985236747,0.34457389485969864,1.561869863334365,1836.790766205988,turtle,ipop_cma_es,1,-1.380896800109185,10
130,1300,-1.2692410543374146,-0.6646269892610112,0.4832950296301346,0.34461645143400266,1.566157152144807,1851.4203718979843,turtle,ipop_cma_es,1,-1.380896800109185,10
131,1310,-1.2797414155880267,-0.8547322590518706,0.4376621761736647,0.3447837448986266,1.5700522278775164,1866.4715715970087,turtle,ipop_cma_es,1,-1.380896800109185,10
132,1320,-1.3139996409308665,-0.5423654131649202,0.4474521459908555,0.34501885204873173,1.5738370641682216,1879.733968274988,turtle,ipop_cma_es,1,-1.380896800109185,10
133,1330,-1.2742670763344472,-1.0913010277091004,0.18617733696055486,0.3450642889892873,1.5775220131902548,1894.3622414319834,turtle,ipop_cma_es,1,-1.380896800109185,10
134,1340,-1.2437430790628143,-0.717596832803665,0.45350346309074063,0.3454220264060281,1.5813762138879202,1904.7661089350004,turtle,ipop_cma_es,1,-1.380896800109185,10
135,1350,-1.3468465339288125,-0.84023023134262,0.49701919821458074,0.3456886493788344,1.5848268552814526,1916.4255360389943,turtle,ipop_cma_es,1,-1.380896800109185,10
136,1360,-1.311908789419137,-0.8637697597777582,0.46687208184003387,0.3459761274440333,1.5884148555079403,1929.3209480610094,turtle,ipop_cma_es,1,-1.380896800109185,10
137,1370,-1.327315060789573,-1.1522114633675598,0.21636007860678108,0.3461750773003294,1.5914976424316731,1943.7838637859968,turtle,ipop_cma_es,1,-1.380896800109185,10
138,1380,-1.3740972574712247,-1.1041937881794397,0.38517090033587187,0.34647208700241966,1.5950399414581644,1954.4915480519994,turtle,ipop_cma_es,1,-1.380896800109185,10
139,1390,-1.237363953546331,-0.71697411614149,0.43212215728319836,0.3467503613743891,1.5986740716966843,1968.9009077459923,turtle,ipop_cma_es,1,-1.380896800109185,10
140,1400,-1.2875916787739001,-0.9368410084793236,0.39039609059037056,0.347042307177046,1.6022094144990606,1980.3023882159905,turtle,ipop_cma_es,1,-1.380896800109185,10
141,1410,-1.3719892273463037,-0.8000552849313557,0.4593968078011214,0.3474685475453776,1.6058333658380228,1993.7665463220037,turtle,ipop_cma_es,1,-1.380896800109185,10
142,1420,-1.2688900019322036,-0.3602791189615558,0.3840772637418121,0.3477594472476618,1.6093051067562385,2009.066664115002,turtle,ipop_cma_es,1,-1.380896800109185,10
143,1430,-1.3696388083241713,-0.8189530980230462,0.34729643726456116,0.3481463797832716,1.6131355868860262,2021.1549577169935,turtle,ipop_cma_es,1,-1.380896800109185,10
144,1440,-1.3127163911474646,-1.0791863763289675,0.2590653617753583,0.34852649977131056,1.6165114953740911,2036.0732188760012,turtle,ipop_cma_es,1,-1.380896800109185,10
145,1450,-1.3837968714038302,-1.2623347970878147,0.1545153435193721,0.3489322578654307,1.6199266589478931,2050.331052877009,turtle,ipop_cma_es,1,-1.3837968714038302,10
146,1460,-1.373577537316975,-0.984329882621952,0.5255103662476194,0.3493945466282578,1.6234768475921197,2063.1443232949823,turtle,ipop_cma_es,1,-1.3837968714038302,10
147,1470,-1.361706415795445,-0.7573952431160216,0.48494884692314305,0.34977620496404205,1.6270671760661841,2075.3460758099973,turtle,ipop_cma_es,1,-1.3837968714038302,10
148,1480,-1.3237306956572352,-0.6487193153884727,0.4577863859434349,0.35019101036013134,1.630672625327019,2087.2949209210055,turtle,ipop_cma_es,1,-1.3837968714038302,10
149,1490,-1.3902782361815342,-0.5385656879230885,0.5565371590172887,0.3505664376886491,1.6343556020894647,2105.7711763209954,turtle,ipop_cma_es,1,-1.3902782361815342,10
150,1500,-1.3937539134574957,-0.758777735619063,0.6092942691073384,0.3510660756609023,1.6385142203114715,2118.396037840983,turtle,ipop_cma_es,1,-1.3937539134574957,10
151,1510,-1.4055660294051444,-1.109676348713174,0.18908777974699145,0.3516031336548269,1.6429150484493547,2129.5352049040084,turtle,ipop_cma_es,1,-1.4055660294051444,10
152,1520,-1.3911651338115023,-1.01908712119854,0.5169179316673731,0.3521202251235942,1.6473224867935796,2141.5405673949863,turtle,ipop_cma_es,1,-1.4055660294051444,10
153,1530,-1.4200931741864142,-1.020816378654938,0.490309703886338,0.3525970798179601,1.6519876858946139,2154.793055307993,turtle,ipop_cma_es,1,-1.4200931741864142,10
154,1540,-1.359433961439927,-1.0207922328087566,0.3668759902452076,0.35291783027052354,1.6563841694297068,2168.1742995899986,turtle,ipop_cma_es,1,-1.4200931741864142,10
155,1550,-1.3774516735176174,-1.1646649521683976,0.1330147063932383,0.353234628683104,1.660645834478716,2184.8057558810106,turtle,ipop_cma_es,1,-1.4200931741864142,10
156,1560,-1.3973799577676278,-1.0994152201280165,0.4180548252488449,0.3534333201242448,1.665219268451487,2200.867119986011,turtle,ipop_cma_es,1,-1.4200931741864142,10
157,1570,-1.363044445297862,-1.0304195290684173,0.5013587313380726,0.35356825078142823,1.6702261891804917,2214.4079168619937,turtle,ipop_cma_es,1,-1.4200931741864142,10
158,1580,-1.4094912858014537,-1.027827509791828,0.43858870393565136,0.353843651084792,1.6752695857053064,2229.2125337239995,turtle,ipop_cma_es,1,-1.4200931741864142,10
159,1590,-1.381671540305394,-1.2491211089750553,0.1892038074058731,0.35402713870803065,1.6801155917936175,2246.1532429549843,turtle,ipop_cma_es,1,-1.4200931741864142,10
160,1600,-1.3959096265912248,-1.1752925686879672,0.3265056752152864,0.3542425412494763,1.6848958140662351,2257.9344664360106,turtle,ipop_cma_es,1,-1.4200931741864142,10
161,1610,-1.3915593073309065,-0.9537529310806677,0.5193138750055386,0.3544584961545102,1.6893790780842037,2275.663707628002,turtle,ipop_cma_es,1,-1.4200931741864142,10
162,1620,-1.401109923242334,-0.8799189191927894,0.5222211501756486,0.3545223622787924,1.6939196844733213,2292.9349663500034,turtle,ipop_cma_es,1,-1.4200931741864142,10
163,1630,-1.3692039843127901,-1.0718396931124716,0.4109256850929281,0.35449111267619365,1.6983344093434816,2307.1194898670074,turtle,ipop_cma_es,1,-1.4200931741864142,10
164,1640,-1.4098282675399032,-1.2282874348337987,0.26018545019862693,0.354365161205968,1.7024006987094857,2317.8363024599967,turtle,ipop_cma_es,1,-1.4200931741864142,10
165,1650,-1.3311307699863386,-0.6859012619937739,0.5197644207207179,0.3541759280011687,1.7062097271753498,2332.688054061,turtle,ipop_cma_es,1,-1.4200931741864142,10
166,1660,-1.379457776138051,-0.8016875840377324,0.5671027535463533,0.35410136325205704,1.7100561653372488,2345.006747660984,turtle,ipop_cma_es,1,-1.4200931741864142,10
167,1670,-1.3899812135192606,-1.1175111772701753,0.4190549808576797,0.354154955844852,1.71374491499666,2358.276511598,turtle,ipop_cma_es,1,-1.4200931741864142,10
168,1680,-1.355391801510815,-1.0671879526638683,0.4098887685057493,0.35439432606013194,1.7173143067873857,2372.4669119520113,turtle,ipop_cma_es,1,-1.4200931741864142,10
169,1690,-1.362271702312225,-0.8285914687401295,0.5667537704684971,0.35448649183530784,1.7205523054461016,2387.2624054430053,turtle,ipop_cma_es,1,-1.4200931741864142,10
170,1700,-1.3737206559195823,-1.0053356671396367,0.4438108263382314,0.3544091935110612,1.7235049609554363,2399.071143996989,turtle,ipop_cma_es,1,-1.4200931741864142,10
171,1710,-1.39440895087988,-0.9749454488824586,0.46125067544303555,0.35421231841652884,1.7262842679385055,2409.0393159469822,turtle,ipop_cma_es,1,-1.4200931741864142,10
172,1720,-1.4033807559801366,-1.0765963865066266,0.40537394124963616,0.35387193221210017,1.729001824665159,2423.2840823419974,turtle,ipop_cma_es,1,-1.4200931741864142,10
173,1730,-1.3904335019228293,-1.0269539679375828,0.3951088433095349,0.35352464791321053,1.7313975860398032,2434.619343659986,turtle,ipop_cma_es,1,-1.4200931741864142,10
174,1740,-1.4018858537838383,-0.8142446071925032,0.5646640829668864,0.3531941160026968,1.7335919653245304,2447.439051961992,turtle,ipop_cma_es,1,-1.4200931741864142,10
175,1750,-1.400490994395672,-1.0891540997438383,0.40994572646557365,0.3528573837652892,1.7356717746257735,2459.5896514699853,turtle,ipop_cma_es,1,-1.4200931741864142,10
176,1760,-1.3949465450383025,-0.8039487698938501,0.5805426230674788,0.3524199693075541,1.737793121596358,2476.517770951992,turtle,ipop_cma_es,1,-1.4200931741864142,10
177,1770,-1.4016733482094352,-0.9799292140932014,0.3652289276584426,0.3521444162786029,1.7395355651100903,2488.8333332939947,turtle,ipop_cma_es,1,-1.4200931741864142,10
178,1780,-1.400043488245573,-0.9221631003441392,0.5613862053381543,0.3517551835806662,1.7414550133954183,2498.8716528879886,turtle,ipop_cma_es,1,-1.4200931741864142,10
179,1790,-1.4017252537192935,-1.0509542373402039,0.44557384177367454,0.35157549584588216,1.7435689279413098,2513.6017480139853,turtle,ipop_cma_es,1,-1.4200931741864142,10
180,1800,-1.374108897577595,-0.814610190930021,0.544488931687229,0.351309117706862,1.7458820215067312,2527.6907132669876,turtle,ipop_cma_es,1,-1.4200931741864142,10
181,1810,-1.3782886885417565,-1.078920404678899,0.4545958570271084,0.35109896617072933,1.7479810662390654,2541.4004919299914,turtle,ipop_cma_es,1,-1.4200931741864142,10
182,1820,-1.373243524710979,-1.2989228504919423,0.06530641436152979,0.3509525532582196,1.7503300505135913,2554.486903320998,turtle,ipop_cma_es,1,-1.4200931741864142,10
183,1830,-1.3571567328969563,-1.1092513663771708,0.4235991740983193,0.3507389297190559,1.7525491706769882,2570.775140349986,turtle,ipop_cma_es,1,-1.4200931741864142,10
184,1840,-1.3878175347341166,-1.0087175252708935,0.4508308879467007,0.3504133247591933,1.7545397794632798,2585.4641896960093,turtle,ipop_cma_es,1,-1.4200931741864142,10
185,1850,-1.3697622733443877,-0.7779876856722714,0.5168044809271395,0.35021086175150384,1.756527415197451,2596.51777508299,turtle,ipop_cma_es,1,-1.4200931741864142,10
186,1860,-1.3383800106300363,-0.6284344918817687,0.5165307184854976,0.34977844470513453,1.758455857151696,2611.5268713269907,turtle,ipop_cma_es,1,-1.4200931741864142,10
187,1870,-1.334307782991269,-1.0229014956285885,0.34623368270410254,0.34954799009411824,1.7601460264869782,2624.1167096569843,turtle,ipop_cma_es,1,-1.4200931741864142,10
188,1880,-1.3752606693705065,-1.0225737715577894,0.42071774082790825,0.3492710487460621,1.7620776893654562,2637.9133475100098,turtle,ipop_cma_es,1,-1.4200931741864142,10
189,1890,-1.3626558528228392,-0.8126267217043605,0.5491492789573622,0.3490656244852406,1.7637730677895516,2652.7522302409925,turtle,ipop_cma_es,1,-1.4200931741864142,10
190,1900,-1.3688574395734134,-0.5990505855530674,0.5637806691533294,0.34871536680232834,1.7654246130079723,2666.518475071003,turtle,ipop_cma_es,1,-1.4200931741864142,10
191,1910,-1.4030191996033166,-0.9409455179745386,0.4521680354722605,0.34841872488985026,1.7674401605174406,2679.905084858008,turtle,ipop_cma_es,1,-1.4200931741864142,10
192,1920,-1.3610576626158482,-1.1091201052903774,0.3836293022344773,0.34785127476894123,1.7692372445108233,2694.8354270829877,turtle,ipop_cma_es,1,-1.4200931741864142,10
193,1930,-1.3309647738639168,-0.9505735022301895,0.37713098431347075,0.3475588528360659,1.7713974931852592,2709.0315237210016,turtle,ipop_cma_es,1,-1.4200931741864142,10
194,1940,-1.4041308646335846,-1.1475619420050074,0.38121033032500357,0.34744188469239634,1.7735929476078243,2722.6790913649893,turtle,ipop_cma_es,1,-1.4200931741864142,10
195,1950,-1.3818423787953265,-0.975291354366696,0.36737150252651507,0.34738419334057524,1.775805543425193,2734.7471822710067,turtle,ipop_cma_es,1,-1.4200931741864142,10
196,1960,-1.358168416623431,-0.9532206691868392,0.42034605594223384,0.34734696774813634,1.7781330467082928,2749.3772114699823,turtle,ipop_cma_es,1,-1.4200931741864142,10
197,1970,-1.362412589957473,-1.0622286710884061,0.39740619781712394,0.3474006492180545,1.7801398038781089,2762.893753712997,turtle,ipop_cma_es,1,-1.4200931741864142,10
198,1980,-1.3647676209641242,-1.1248471507249505,0.37473367728744333,0.34742264929372957,1.7820744014636107,2776.196146425995,turtle,ipop_cma_es,1,-1.4200931741864142,10
199,1990,-1.3526378101978738,-0.5850155382328736,0.5271196784083444,0.3475621644747933,1.783971689131706,2789.175380703993,turtle,ipop_cma_es,1,-1.4200931741864142,10
200,2000,-1.3828567682741335,-1.0039880567926276,0.48020293046394386,0.34752460051908596,1.785664950819352,2800.5029541490076,turtle,ipop_cma_es,1,-1.4200931741864142,10
201,2010,-1.3353303258276084,-0.6446297694397097,0.5667530093457659,0.34751897052839004,1.7874234156437159,2812.0129737329844,turtle,ipop_cma_es,1,-1.4200931741864142,10
202,2020,-1.3744928219065864,-0.6077236130383289,0.5662033445213046,0.3476940703443032,1.78909481934337,2827.420580195001,turtle,ipop_cma_es,1,-1.4200931741864142,10
203,2030,-1.3647350970504748,-0.8793681245552442,0.594327736712189,0.3479606919375816,1.7907397653688073,2841.32917420601,turtle,ipop_cma_es,1,-1.4200931741864142,10
204,2040,-1.3857415672593865,-1.1175300583618994,0.2575435995777688,0.34839913796763433,1.7923929300257464,2854.938660266984,turtle,ipop_cma_es,1,-1.4200931741864142,10
205,2050,-1.3562684007724641,-0.8525477578626429,0.4899221858712097,0.3486676146460419,1.794362828842675,2869.0358562000038,turtle,ipop_cma_es,1,-1.4200931741864142,10
206,2060,-1.3713180870587518,-1.1368683734122222,0.3031099209395646,0.3487316024038309,1.7964173599834967,2882.240053271991,turtle,ipop_cma_es,1,-1.4200931741864142,10
207,2070,-1.367042908626483,-1.1989229773521586,0.26122285191843253,0.34885635964839806,1.7983380307259316,2894.6489576690074,turtle,ipop_cma_es,1,-1.4200931741864142,10
208,2080,-1.407572230489241,-0.979447048484755,0.39100108246109416,0.3488214564360014,1.800195187566373,2905.077725168987,turtle,ipop_cma_es,1,-1.4200931741864142,10
209,2090,-1.3952343166126697,-0.9811249698470622,0.41552577304516203,0.3491054847010802,1.8025737987320023,2919.175741079991,turtle,ipop_cma_es,1,-1.4200931741864142,10
210,2100,-1.3851700869334378,-1.1254190425500703,0.3302603996665721,0.3492555088802156,1.8046023276552015,2936.124384709983,turtle,ipop_cma_es,1,-1.4200931741864142,10
211,2110,-1.3908812186498807,-0.7518897264727226,0.3876272915810546,0.34938315516404894,1.8064448567518194,2950.181435031991,turtle,ipop_cma_es,1,-1.4200931741864142,10
212,2120,-1.4095838982384539,-1.0399778812440033,0.31437805525671986,0.3494727014355317,1.8084391859911368,2962.3980597649934,turtle,ipop_cma_es,1,-1.4200931741864142,10
213,2130,-1.3689155721258652,-0.8428505953677062,0.49350186051100425,0.3495415048554386,1.8100484594498276,2976.984724973998,turtle,ipop_cma_es,1,-1.4200931741864142,10
214,2140,-1.3972614303412794,-0.6953001751283199,0.5115500139597569,0.34951576427175857,1.8116421070598856,2993.946095563995,turtle,ipop_cma_es,1,-1.4200931741864142,10
215,2150,-1.4055820608090004,-1.1441616714751603,0.4074748654896328,0.349549881971681,1.8132376702766744,3009.1258384530083,turtle,ipop_cma_es,1,-1.4200931741864142,10
216,2160,-1.3973634354448414,-1.1715852824765656,0.27439861100932644,0.3494995541953384,1.8147118423334718,3023.584769175999,turtle,ipop_cma_es,1,-1.4200931741864142,10
217,2170,-1.3887010162067464,-1.09283608817169,0.3567682848549499,0.3494148396180278,1.8160998139677391,3039.8534955199866,turtle,ipop_cma_es,1,-1.4200931741864142,10
218,2180,-1.3667154281388356,-0.8310316668407186,0.45372857452688165,0.34940655483605665,1.8179124444806443,3053.8410402860027,turtle,ipop_cma_es,1,-1.4200931741864142,10
219,2190,-1.3849255472038156,-0.8118628157538221,0.44094042619185353,0.34940374774685096,1.8196361613886463,3064.740589044988,turtle,ipop_cma_es,1,-1.4200931741864142,10
220,2200,-1.3654083816420313,-1.0986201858145919,0.3430541687508135,0.34957959316225357,1.8216171760362243,3076.45124746699,turtle,ipop_cma_es,1,-1.4200931741864142,10
221,2210,-1.407631284233469,-1.1039135049139384,0.4451290092529821,0.34987352679962413,1.823297297783403,3087.512328092009,turtle,ipop_cma_es,1,-1.4200931741864142,10
222,2220,-1.3947275651964928,-1.074756646658755,0.3192673762699815,0.35011292553863554,1.8247934757220883,3098.2860217459965,turtle,ipop_cma_es,1,-1.4200931741864142,10
223,2230,-1.3695899606984874,-1.0727509572998273,0.3209869617048114,0.3504118063391139,1.8263306101503447,3111.9795779309934,turtle,ipop_cma_es,1,-1.4200931741864142,10
224,2240,-1.3976176717749125,-0.7152067175495523,0.38138526408264833,0.35058475137355966,1.8277930822760033,3126.3036904170003,turtle,ipop_cma_es,1,-1.4200931741864142,10
225,2250,-1.3848251750621552,-0.7744475906444739,0.4789518725064814,0.35079429746313157,1.8291935408718971,3137.681249799003,turtle,ipop_cma_es,1,-1.4200931741864142,10
226,2260,-1.39680959969081,-0.8681076704831809,0.5567613620143996,0.3509737664201541,1.8306358220918522,3149.3850484110008,turtle,ipop_cma_es,1,-1.4200931741864142,10
227,2270,-1.330474277820537,-0.8141675024520236,0.4902183246048257,0.3511150702350072,1.8325301271257275,3166.8730905769917,turtle,ipop_cma_es,1,-1.4200931741864142,10
228,2280,-1.36939959330667,-0.5934038038744973,0.5084391928723847,0.3513301726026016,1.8341649250289607,3181.3889812819834,turtle,ipop_cma_es,1,-1.4200931741864142,10
229,2290,-1.3790381231382778,-0.8310547944141007,0.5233775656556038,0.35145574303595595,1.8356162016832913,3191.711779771984,turtle,ipop_cma_es,1,-1.4200931741864142,10
230,2300,-1.2524140371118957,-0.6116554132789975,0.47066583433937714,0.3515530170761316,1.8369430547762589,3205.630967393983,turtle,ipop_cma_es,1,-1.4200931741864142,10
231,2310,-1.4153546549182758,-0.8276859614566175,0.5667157146509925,0.3518558649785922,1.8382088930017098,3219.3880844459927,turtle,ipop_cma_es,1,-1.4200931741864142,10
232,2320,-1.2995205961400575,-0.875687907092846,0.3858523632006191,0.3520355761763635,1.8396524903402918,3232.8539899119933,turtle,ipop_cma_es,1,-1.4200931741864142,10
233,2330,-1.3940139031195624,-1.16208035935419,0.19518390645474062,0.352273606098785,1.8412237247340166,3247.7689605969936,turtle,ipop_cma_es,1,-1.4200931741864142,10
234,2340,-1.1375260987693965,-0.7203909597978556,0.34779008026695923,0.3524525659130554,1.8428055753316606,3259.222363981011,turtle,ipop_cma_es,1,-1.4200931741864142,10
235,2350,-1.4095345497192238,-1.0468214884150477,0.43480721860950766,0.3525812899171809,1.844094211408506,3270.0157903920044,turtle,ipop_cma_es,1,-1.4200931741864142,10
236,2360,-1.3975692457465607,-1.026415685323538,0.4574327609951143,0.3525150448155705,1.8456532699182129,3281.9555102970044,turtle,ipop_cma_es,1,-1.4200931741864142,10
237,2370,-1.3716334342954353,-0.8445338701783864,0.520342466957272,0.3526304798848173,1.846800797442283,3293.7928514649975,turtle,ipop_cma_es,1,-1.4200931741864142,10
238,2380,-1.3823802688052504,-0.697450000336864,0.532499697314816,0.3527956639927404,1.8482092473249607,3306.416964836011,turtle,ipop_cma_es,1,-1.4200931741864142,10
239,2390,-1.3856862606298082,-0.8993483087726432,0.503817964744352,0.35278283913214065,1.8493202078610549,3317.641559618991,turtle,ipop_cma_es,1,-1.4200931741864142,10
240,2400,-1.4138751255311224,-1.0344473617223353,0.3418073263856836,0.35262437330323626,1.8504315777328435,3331.879070155992,turtle,ipop_cma_es,1,-1.4200931741864142,10
241,2410,-1.327899959188123,-0.4694916083683604,0.5302300326013577,0.35254506866754515,1.8517141402161441,3345.1741831639956,turtle,ipop_cma_es,1,-1.4200931741864142,10
242,2420,-1.3622786263814062,-1.0294515253681227,0.45585190835584294,0.35244742688374064,1.8529766888889663,3359.9743871100072,turtle,ipop_cma_es,1,-1.4200931741864142,10
243,2430,-1.3744037532659652,-1.1180663386006706,0.335805343100612,0.3523643490912834,1.8543610784298479,3371.089647307992,turtle,ipop_cma_es,1,-1.4200931741864142,10
244,2440,-1.4014559657282541,-0.9238494944361261,0.44319088374055354,0.35228514717935,1.8557827432624205,3383.862472200999,turtle,ipop_cma_es,1,-1.4200931741864142,10
245,2450,-1.3927421503449464,-1.128390613641306,0.2950770367600785,0.35205848095561043,1.8570786251197868,3395.4228230630106,turtle,ipop_cma_es,1,-1.4200931741864142,10
246,2460,-1.3489923458824746,-0.9441601727193245,0.4713038712288685,0.351972981545967,1.858432814491816,3408.7518583690107,turtle,ipop_cma_es,1,-1.4200931741864142,10
247,2470,-1.3533380736059426,-1.0496778339051802,0.32024870388120785,0.35192669354197226,1.8597182456423518,3422.5309715699987,turtle,ipop_cma_es,1,-1.4200931741864142,10
248,2480,-1.377176162465882,-0.8517670559994996,0.5409421154805888,0.3522139738474294,1.8610596245195876,3437.2353283749835,turtle,ipop_cma_es,1,-1.4200931741864142,10
249,2490,-1.3969904000621733,-0.8782586850182964,0.5032798707356789,0.3524556816677443,1.8624727983154328,3452.418808374001,turtle,ipop_cma_es,1,-1.4200931741864142,10
250,2500,-1.382504099522615,-0.5583839980269906,0.5692634140767966,0.35258051543458,1.8636747889015488,3464.9841687630105,turtle,ipop_cma_es,1,-1.4200931741864142,10
251,2510,-1.35901131911006,-0.6838145747785429,0.513859536599881,0.3528118384146883,1.8647702449078467,3480.0120118019986,turtle,ipop_cma_es,1,-1.4200931741864142,10
252,2520,-1.3555363026443112,-0.9097637559514121,0.45410279365489764,0.3530167929739433,1.8656388936316202,3489.323973591003,turtle,ipop_cma_es,1,-1.4200931741864142,10
253,2530,-1.3532814385953653,-0.8205304679776635,0.5768254048747905,0.3534158825344688,1.8667250789649659,3506.0226845259895,turtle,ipop_cma_es,1,-1.4200931741864142,10
254,2550,-0.13519398233703406,-0.009670198324519496,0.06345091878785972,0.4867197449672132,1.0106537271002354,3535.6994761840033,turtle,ipop_cma_es,1,-1.4200931741864142,20
255,2570,-0.1955583369168954,0.9935804249011924,3.0030145306720843,0.4756557357974559,1.01156304444053,3562.132173780992,turtle,ipop_cma_es,1,-1.4200931741864142,20
256,2590,-0.3120333926030483,-0.08431056060355786,0.10259905905911883,0.4662023367248272,1.012663510761137,3589.7156246789964,turtle,ipop_cma_es,1,-1.4200931741864142,20
257,2610,-0.446947040179694,-0.10241290441858072,0.13361649166504608,0.45830171375553236,1.0135757253922542,3616.9484729520045,turtle,ipop_cma_es,1,-1.4200931741864142,20
258,2630,-0.40023409645363284,-0.11959601495225089,0.13995332382376294,0.45172944093214845,1.0167165639339177,3641.8314878300007,turtle,ipop_cma_es,1,-1.4200931741864142,20
259,2650,-0.527280232792152,-0.08448481957058673,0.15130942022342017,0.4463487597776767,1.019353729728976,3673.0592125719995,turtle,ipop_cma_es,1,-1.4200931741864142,20
260,2670,-0.4021175563969468,-0.07176393875804599,0.11651637040464405,0.4416772872127548,1.021949623900975,3704.258032321988,turtle,ipop_cma_es,1,-1.4200931741864142,20
261,2690,-0.43215599265115134,-0.05043500486569239,0.12192022203769345,0.437114034078776,1.0246558539167787,3732.154617711989,turtle,ipop_cma_es,1,-1.4200931741864142,20
262,2710,-0.17646680997922548,-0.062368141698293654,0.08219197854049105,0.4332737827993049,1.0277672470684043,3761.2378486880043,turtle,ipop_cma_es,1,-1.4200931741864142,20
263,2730,-0.24348036751036695,-0.04899615184898369,0.09361665503341811,0.42985000487903613,1.030803041153233,3793.1795699069917,turtle,ipop_cma_es,1,-1.4200931741864142,20
264,2750,-0.6747773709914222,-0.10468718051092338,0.1570621870057018,0.4269807532354628,1.0343509851432544,3822.4002852780104,turtle,ipop_cma_es,1,-1.4200931741864142,20
265,2770,-0.27481483295153897,-0.058780344105695104,0.0995314974757641,0.4241540409844322,1.0377284941483509,3858.2886940480093,turtle,ipop_cma_es,1,-1.4200931741864142,20
266,2790,-0.3151868656422012,-0.04963028419556683,0.10356222986434699,0.4213700082265515,1.0410366849073887,3891.835233499005,turtle,ipop_cma_es,1,-1.4200931741864142,20
267,2810,-0.2720976255045908,-0.10377643634864327,0.0857526458574923,0.4190175961387544,1.0453316398368253,3920.0268504929845,turtle,ipop_cma_es,1,-1.4200931741864142,20
268,2830,-0.2752825560975909,0.43036628917117703,2.197063045712936,0.41715008117438784,1.0497070067679033,3952.2263931329944,turtle,ipop_cma_es,1,-1.4200931741864142,20
269,2850,-0.37458409131038106,-0.11479357706673947,0.11263992558935122,0.4152288891428923,1.0537464062451718,3978.9263069760054,turtle,ipop_cma_es,1,-1.4200931741864142,20
270,2870,-0.4096284644021999,-0.08484321061589184,0.12590738024342593,0.41347353167826756,1.0576783227192057,4009.1563954970043,turtle,ipop_cma_es,1,-1.4200931741864142,20
271,2890,-0.355614080594596,-0.12369323904443248,0.10958042775867005,0.4123171361031079,1.06199872115487,4037.572592829005,turtle,ipop_cma_es,1,-1.4200931741864142,20
272,2910,-0.33134864843677736,-0.12837863113784423,0.08652888773111894,0.41137965600813775,1.0665193025920958,4063.0620790809917,turtle,ipop_cma_es,1,-1.4200931741864142,20
273,2930,-0.48318181399379245,-0.13967078777668926,0.1354974931118319,0.4107928530378737,1.071370071538213,4089.5542560910108,turtle,ipop_cma_es,1,-1.4200931741864142,20
274,2950,-0.5417066070538539,-0.25026598073760153,0.17413304662893378,0.4109117123875477,1.076955403929706,4115.569436196005,turtle,ipop_cma_es,1,-1.4200931741864142,20
275,2970,-0.7141978188392573,-0.15360900443448516,0.19151455268888007,0.41076398033674993,1.0822823710323948,4147.347283098992,turtle,ipop_cma_es,1,-1.4200931741864142,20
276,2990,-0.48158068848777447,-0.12258511785251561,0.14436171921338195,0.4112117598319751,1.0879360557363646,4171.998328579008,turtle,ipop_cma_es,1,-1.4200931741864142,20
277,3010,-0.44218690077834744,-0.19122557414926974,0.13707073227188493,0.41140412763265694,1.093690674565031,4196.490866229986,turtle,ipop_cma_es,1,-1.4200931741864142,20
278,3030,-0.546478592387392,-0.1997765152024072,0.1663311451798024,0.41127822050972296,1.0994559318143413,4223.317602113995,turtle,ipop_cma_es,1,-1.4200931741864142,20
279,3050,-0.49886899588686795,-0.19950758788039372,0.13849849144912404,0.4110711363092513,1.1053022536593868,4249.90777997399,turtle,ipop_cma_es,1,-1.4200931741864142,20
280,3070,-0.7812587429495919,-0.21245500162283587,0.17022484838356203,0.41095224345210446,1.1110749134677558,4278.243089850992,turtle,ipop_cma_es,1,-1.4200931741864142,20
281,3090,-0.406807164669873,-0.1425255891611481,0.10444873868935889,0.41083807348851514,1.1167662546082586,4308.75591863101,turtle,ipop_cma_es,1,-1.4200931741864142,20
282,3110,-0.7864943534939135,-0.2068395127407722,0.19289147506894905,0.4108125865164807,1.1225287984210528,4335.43149516001,turtle,ipop_cma_es,1,-1.4200931741864142,20
283,3130,-0.7651707942241996,-0.2533313442228712,0.23443071886848094,0.4109218856821069,1.1284488864399953,4362.076117447985,turtle,ipop_cma_es,1,-1.4200931741864142,20
284,3150,-0.7624162189741668,-0.3924594892048031,0.2117239608286479,0.41075267509281305,1.1343577830830416,4390.994098962983,turtle,ipop_cma_es,1,-1.4200931741864142,20
285,3170,-0.6672732483955919,-0.25297156224706374,0.19434490502076082,0.4109231013555997,1.1401986775172317,4419.970053780009,turtle,ipop_cma_es,1,-1.4200931741864142,20
286,3190,-0.7205741619133033,-0.2854991643460462,0.22460758410886558,0.4110192994798701,1.1458674893892966,4441.232008966006,turtle,ipop_cma_es,1,-1.4200931741864142,20
287,3210,-0.7880042142919859,-0.2709276567989997,0.2630377317022882,0.4108059095187215,1.1516057519225171,4470.590704609,turtle,ipop_cma_es,1,-1.4200931741864142,20
288,3230,-0.7261549703097998,-0.3293294091114426,0.24572726352369925,0.410680462893016,1.1573383826127364,4494.223380574986,turtle,ipop_cma_es,1,-1.4200931741864142,20
289,3250,-0.710905087599409,-0.18144139158321454,0.18553835084094678,0.4102387101802655,1.1628690684028817,4527.56067341601,turtle,ipop_cma_es,1,-1.4200931741864142,20
290,3270,-0.7253364131901279,-0.1661809879439482,0.27691505445646547,0.4098240133794483,1.168351119741953,4556.668872065988,turtle,ipop_cma_es,1,-1.4200931741864142,20
291,3290,-0.6701786432156842,-0.2251525651188763,0.23000563939610666,0.40945466027092753,1.174217834957529,4580.476929219003,turtle,ipop_cma_es,1,-1.4200931741864142,20
292,3310,-0.8609117552137873,-0.18977410883602955,0.25091245986583516,0.4094416932478263,1.1805196933677953,4604.842169798998,turtle,ipop_cma_es,1,-1.4200931741864142,20
293,3330,-0.7839508039395371,-0.2713493658908596,0.27618773664309526,0.4095762900103516,1.1869060126791608,4636.205319422996,turtle,ipop_cma_es,1,-1.4200931741864142,20
294,3350,-0.8090423044512844,-0.2651981191714977,0.2774302533527791,0.40948950595644934,1.1933465371129404,4664.325182163011,turtle,ipop_cma_es,1,-1.4200931741864142,20
295,3370,-0.7827956091702859,-0.3074398933520676,0.23321263211307325,0.40927659077821454,1.1996451570443791,4693.376900511008,turtle,ipop_cma_es,1,-1.4200931741864142,20
296,3390,-0.7533736803625208,-0.29253992940553786,0.2543808881731304,0.409190644806365,1.2056549989896852,4719.156529575994,turtle,ipop_cma_es,1,-1.4200931741864142,20
297,3410,-0.7636496576389371,-0.3775002908170949,0.1833770897163627,0.4093008065429922,1.211751361179311,4743.7549097510055,turtle,ipop_cma_es,1,-1.4200931741864142,20
298,3430,-0.8263828654687666,-0.4166247918493805,0.25319077863568623,0.41010522296541174,1.2188579856908803,4773.129241016984,turtle,ipop_cma_es,1,-1.4200931741864142,20
299,3450,-0.6833725668137767,-0.25317111400342773,0.2796094262753886,0.4108733923274704,1.225560581937224,4805.089209500991,turtle,ipop_cma_es,1,-1.4200931741864142,20
300,3470,-0.8549894031661944,-0.3534803853630083,0.2623287253968805,0.4112922921176889,1.23192013803343,4831.908601472998,turtle,ipop_cma_es,1,-1.4200931741864142,20
301,3490,-0.8020457604735682,-0.3124257671145868,0.2545305858537521,0.4117745386077373,1.2386768614051693,4861.932988574001,turtle,ipop_cma_es,1,-1.4200931741864142,20
302,3510,-0.8566208607934973,-0.44768631588599633,0.28253651577188965,0.4121157640045502,1.2449856373591826,4891.616750637011,turtle,ipop_cma_es,1,-1.4200931741864142,20
303,3530,-0.7856277169221038,-0.4392841477444221,0.23936519272529466,0.4125171613752531,1.251198012172932,4921.9719943369855,turtle,ipop_cma_es,1,-1.4200931741864142,20
304,3550,-0.7402931891213997,-0.30745380184541116,0.23096819650563208,0.41253202221976093,1.2571521002504753,4956.109738792002,turtle,ipop_cma_es,1,-1.4200931741864142,20
305,3570,-0.8912996101214308,-0.475816775610561,0.29270927567241434,0.41238927536756315,1.2628098749342487,4987.641079777008,turtle,ipop_cma_es,1,-1.4200931741864142,20
306,3590,-0.7738572884568926,-0.40402857572269707,0.2974908819911628,0.41221535718331237,1.2685009854294031,5013.409516201005,turtle,ipop_cma_es,1,-1.4200931741864142,20
307,3610,-0.7704518328434062,-0.39553430275142554,0.25371790311354586,0.41225857692669005,1.2743555979141572,5035.890587442002,turtle,ipop_cma_es,1,-1.4200931741864142,20
308,3630,-0.8897631182607828,-0.47299219231045375,0.30637766604383676,0.4118330837559206,1.2798527672887434,5060.106634588999,turtle,ipop_cma_es,1,-1.4200931741864142,20
309,3650,-0.8957749624321032,-0.3232436659246422,0.27519997658768014,0.41197241059897294,1.2853396643703698,5081.835543333989,turtle,ipop_cma_es,1,-1.4200931741864142,20
310,3670,-1.0606997930501736,-0.33562965666037126,0.265742785320435,0.4121713933015319,1.2911561908567362,5105.396208758,turtle,ipop_cma_es,1,-1.4200931741864142,20
311,3690,-0.8565814907411706,-0.3477114413438935,0.28231854650602395,0.41236137307269183,1.2974664931742323,5132.8638772720005,turtle,ipop_cma_es,1,-1.4200931741864142,20
312,3710,-1.132505863740092,-0.5145119196991894,0.3263234466474176,0.4127768864381694,1.3035084763038978,5159.3078277189925,turtle,ipop_cma_es,1,-1.4200931741864142,20
313,3730,-0.8123684755802341,-0.3098144957797593,0.255917856594148,0.4131112824143925,1.3102626373262651,5186.062811780983,turtle,ipop_cma_es,1,-1.4200931741864142,20
314,3750,-0.746823962346876,-0.43387774165501514,0.23178847001070788,0.4135502028249962,1.316939307844081,5210.455411433999,turtle,ipop_cma_es,1,-1.4200931741864142,20
315,3770,-0.8187580683735387,-0.4482446406866167,0.28572391918308576,0.4141486937650428,1.3231455953343931,5236.811108524009,turtle,ipop_cma_es,1,-1.4200931741864142,20
316,3790,-0.9113933370919618,-0.5105373354387899,0.25724368748611887,0.41464848748185923,1.3295741896735294,5259.391434361984,turtle,ipop_cma_es,1,-1.4200931741864142,20
317,3810,-0.6951363336575893,-0.3875296374404571,0.21115132788821112,0.4156556598632615,1.335845323637316,5283.982688385993,turtle,ipop_cma_es,1,-1.4200931741864142,20
318,3830,-0.8519457085860642,-0.41725119679891504,0.23551357348959182,0.41657976667471425,1.3421511804733717,5308.852808809985,turtle,ipop_cma_es,1,-1.4200931741864142,20
319,3850,-0.9058568876904562,-0.37699991916164316,0.2411709098060362,0.4175185848979759,1.3481119719234083,5337.0733358699945,turtle,ipop_cma_es,1,-1.4200931741864142,20
320,3870,-0.917616087178466,-0.4262054940621646,0.3012342321047906,0.418760444351981,1.3545451042654382,5361.458668498002,turtle,ipop_cma_es,1,-1.4200931741864142,20
321,3890,-0.8870682830339023,-0.46619438088131676,0.2715518694598895,0.42000278047120515,1.360981112824721,5384.080385557987,turtle,ipop_cma_es,1,-1.4200931741864142,20
322,3910,-0.8104426015314514,-0.4705482435549043,0.25993196178902567,0.42127325578829494,1.3675239901890586,5412.877598186984,turtle,ipop_cma_es,1,-1.4200931741864142,20
323,3930,-0.8351164271415934,-0.4164930403330276,0.23896607643893852,0.4226248553707934,1.3742786935548257,5435.147476665006,turtle,ipop_cma_es,1,-1.4200931741864142,20
324,3950,-0.8967088435426014,-0.4783157420721912,0.29452473299169324,0.4240658584067975,1.380852205772906,5457.091147091007,turtle,ipop_cma_es,1,-1.4200931741864142,20
325,3970,-1.1187915974855205,-0.5836827204066266,0.32234555770337325,0.4253964119718766,1.387517568846825,5482.835824746988,turtle,ipop_cma_es,1,-1.4200931741864142,20
326,3990,-0.9163305749404591,-0.473132788006585,0.291649065678945,0.4267783837566056,1.394087928678771,5504.866800027987,turtle,ipop_cma_es,1,-1.4200931741864142,20
327,4010,-0.9745440575558835,-0.4780574993248507,0.3326717443661258,0.4280330187702196,1.4003309583785082,5528.639855991001,turtle,ipop_cma_es,1,-1.4200931741864142,20
328,4030,-1.0604922575747633,-0.5400492057092657,0.31451567224582083,0.4283944868886821,1.4065369613733656,5556.199179824005,turtle,ipop_cma_es,1,-1.4200931741864142,20
329,4050,-1.02290801850625,-0.5294481664605406,0.29020027321373015,0.42878234618066213,1.4126426614006726,5582.16234912799,turtle,ipop_cma_es,1,-1.4200931741864142,20
330,4070,-1.117801978503639,-0.6291607204397816,0.2326396005307096,0.4290004996914503,1.4183794904091802,5608.416769061005,turtle,ipop_cma_es,1,-1.4200931741864142,20
331,4090,-0.9566173046218953,-0.44581800203371563,0.24860645429590308,0.428616261006301,1.4239435323243268,5635.047661310993,turtle,ipop_cma_es,1,-1.4200931741864142,20
332,4110,-1.058170932405516,-0.6128707053012927,0.31171412781569,0.4284207132400045,1.4294685454325216,5665.12531538101,turtle,ipop_cma_es,1,-1.4200931741864142,20
333,4130,-0.9854336543004125,-0.3836750488217348,0.2915299353402913,0.42831155111203023,1.4351820588073423,5692.787094600993,turtle,ipop_cma_es,1,-1.4200931741864142,20
334,4150,-0.9238269735669133,-0.5358929722481075,0.25825051827202167,0.42843328565229505,1.440917486386771,5713.5057451679895,turtle,ipop_cma_es,1,-1.4200931741864142,20
335,4170,-1.0592930409448185,-0.5536920992073607,0.3502056751390949,0.4285762197425525,1.4461288834331678,5740.969187254988,turtle,ipop_cma_es,1,-1.4200931741864142,20
336,4190,-1.0562188016846399,-0.5950590769719266,0.35812403958980055,0.42862512051946705,1.4510222035779352,5765.386602335988,turtle,ipop_cma_es,1,-1.4200931741864142,20
337,4210,-1.1118099473572975,-0.5752198041505892,0.31939502920833407,0.4287573692715074,1.455880341860053,5791.5674208049895,turtle,ipop_cma_es,1,-1.4200931741864142,20
338,4230,-1.0556391858030292,-0.5521823362753506,0.33395146671276804,0.4289643732831656,1.460899548760346,5818.712128076993,turtle,ipop_cma_es,1,-1.4200931741864142,20
339,4250,-1.0277783252256443,-0.5471883456043122,0.3314619647677392,0.42889666731745957,1.4658058272552865,5842.257956540998,turtle,ipop_cma_es,1,-1.4200931741864142,20
340,4270,-0.9888890785968796,-0.4220825240486364,0.29919964361351264,0.4290028012549357,1.4704307406618615,5870.6108919779945,turtle,ipop_cma_es,1,-1.4200931741864142,20
341,4290,-0.9634962280321204,-0.52450583413848,0.3752533005062189,0.42943154057133087,1.4749164740968799,5897.435898836993,turtle,ipop_cma_es,1,-1.4200931741864142,20
342,4310,-1.1023150975783302,-0.7027174444128266,0.34540088746439807,0.4300912914518299,1.479742128518867,5922.419020008005,turtle,ipop_cma_es,1,-1.4200931741864142,20
343,4330,-1.1968615992340297,-0.605286095119503,0.4014230110192199,0.43084500745586396,1.4843793979173776,5949.070607292,turtle,ipop_cma_es,1,-1.4200931741864142,20
344,4350,-1.2181826992290885,-0.6576990443878256,0.34594834505326305,0.4316362839098118,1.4894092016535394,5973.923154318996,turtle,ipop_cma_es,1,-1.4200931741864142,20
345,4370,-1.0879369096880884,-0.6651697537664308,0.33293340680434363,0.43247960102044375,1.4940688614203759,6001.554481805011,turtle,ipop_cma_es,1,-1.4200931741864142,20
346,4390,-1.0611427715071402,-0.7194063071112239,0.237514822330346,0.432775579523533,1.4987351191620235,6028.5882072079985,turtle,ipop_cma_es,1,-1.4200931741864142,20
347,4410,-1.2368706891674552,-0.7130364427630277,0.307007385934426,0.4332514366530422,1.5031247910430727,6055.306710962002,turtle,ipop_cma_es,1,-1.4200931741864142,20
348,4430,-1.1979641158745071,-0.8385776770691897,0.2841705655979562,0.43374202135550183,1.5073285472344258,6078.091840663983,turtle,ipop_cma_es,1,-1.4200931741864142,20
349,4450,-1.1397480586162088,-0.5361250967402924,0.3889368430353813,0.43407850713271134,1.5112265411471653,6108.550526176987,turtle,ipop_cma_es,1,-1.4200931741864142,20
350,4470,-1.1793500205981724,-0.6133354831341652,0.4015018670963495,0.4342933565000027,1.5148375185967466,6134.33852664,turtle,ipop_cma_es,1,-1.4200931741864142,20
351,4490,-1.055211513023539,-0.6876217166487754,0.3546381074445799,0.4345478589850408,1.5186173381298302,6157.920905439998,turtle,ipop_cma_es,1,-1.4200931741864142,20
352,4510,-1.1923560550090064,-0.6523716367123094,0.337542264025935,0.4346051844752468,1.5222486946186182,6182.293774772988,turtle,ipop_cma_es,1,-1.4200931741864142,20
353,4530,-1.1132815685701072,-0.5475483026581969,0.3061059734111573,0.4345956218321743,1.525800893461848,6207.394829522003,turtle,ipop_cma_es,1,-1.4200931741864142,20
354,4550,-1.0893854832239978,-0.556906037398789,0.3596599645629737,0.43489633251960863,1.529721334762853,6228.940032187005,turtle,ipop_cma_es,1,-1.4200931741864142,20
355,4570,-1.0224473812748842,-0.6011269079539328,0.29992680496699575,0.43503224433351306,1.533077222445324,6251.324098245008,turtle,ipop_cma_es,1,-1.4200931741864142,20
356,4590,-1.0644425916584286,-0.6021401239086585,0.38886666464812725,0.43511139389746045,1.5373792630841423,6275.174372098991,turtle,ipop_cma_es,1,-1.4200931741864142,20
357,4610,-1.1845098708225272,-0.4039070860925181,0.40938714000432763,0.4353071431896984,1.5412475169702404,6301.094461786008,turtle,ipop_cma_es,1,-1.4200931741864142,20
358,4630,-1.0243131666840926,-0.5993612834592182,0.28603960180472965,0.4355969034941996,1.5447951500437747,6324.732435345999,turtle,ipop_cma_es,1,-1.4200931741864142,20
359,4650,-1.0771918338842,-0.5332304864309959,0.34550689162889714,0.43586278683196006,1.548900073356515,6353.163453312998,turtle,ipop_cma_es,1,-1.4200931741864142,20
360,4670,-1.131042793425041,-0.5149212376410313,0.32259495341901484,0.4359668281867369,1.55281528970841,6383.290648552007,turtle,ipop_cma_es,1,-1.4200931741864142,20
361,4690,-1.0525800428721857,-0.5597847373972725,0.3524818675646103,0.43574060344042026,1.5572126496765104,6410.487851265003,turtle,ipop_cma_es,1,-1.4200931741864142,20
362,4710,-1.1700948469199783,-0.5665236773396268,0.3161492526496417,0.43584934737451564,1.5619994327367006,6436.203217925999,turtle,ipop_cma_es,1,-1.4200931741864142,20
363,4730,-1.1747752072380964,-0.5644758111757303,0.3144977337298659,0.43568768001509295,1.5664639049693707,6457.806996486994,turtle,ipop_cma_es,1,-1.4200931741864142,20
364,4750,-1.2592263911194888,-0.6848910202403339,0.35592678388510174,0.4357748214384048,1.5707052130556494,6479.968089795002,turtle,ipop_cma_es,1,-1.4200931741864142,20
365,4770,-1.1644353759438806,-0.5719879901879138,0.41059571259934846,0.4362969981607509,1.575185807286508,6505.3675740369945,turtle,ipop_cma_es,1,-1.4200931741864142,20
366,4790,-1.1672314542729838,-0.5897388079198798,0.3870561030269615,0.43671207911135745,1.5793686322269085,6532.116873969004,turtle,ipop_cma_es,1,-1.4200931741864142,20
367,4810,-1.222891026125776,-0.6529456669267002,0.2805549048112429,0.4374388642720659,1.5837983102749598,6554.813806877006,turtle,ipop_cma_es,1,-1.4200931741864142,20
368,4830,-1.1951151595591618,-0.6861355375649899,0.31545587873372993,0.43877728406143457,1.5885674983270477,6587.003899492993,turtle,ipop_cma_es,1,-1.4200931741864142,20
369,4850,-1.2440983991879069,-0.7090335411468366,0.2752921553043308,0.43997404995852313,1.592768451731536,6615.127238132001,turtle,ipop_cma_es,1,-1.4200931741864142,20
370,4870,-1.1811997099795333,-0.6418052872974823,0.30328462004116036,0.44063381961410564,1.5970087249886824,6642.270901451004,turtle,ipop_cma_es,1,-1.4200931741864142,20
371,4890,-1.183743491227066,-0.6737692276795976,0.3027221451147929,0.44121142816119135,1.6011931125594434,6671.581179550005,turtle,ipop_cma_es,1,-1.4200931741864142,20
372,4910,-1.0477483354039308,-0.6434660940815898,0.29445720811246656,0.44213309189284533,1.6057781762130192,6697.569969425007,turtle,ipop_cma_es,1,-1.4200931741864142,20
373,4930,-1.108894061333876,-0.5614196686140028,0.34110027030178347,0.4428261546802767,1.6104832057224474,6727.922980726988,turtle,ipop_cma_es,1,-1.4200931741864142,20
374,4950,-1.0962237687769338,-0.673209557966293,0.22294510795419162,0.44336980028964895,1.6147620079153637,6766.286793200008,turtle,ipop_cma_es,1,-1.4200931741864142,20
375,4970,-1.1211648889945103,-0.7166172553037624,0.24212019993765468,0.4445128215494198,1.6202541308684628,6798.374850311986,turtle,ipop_cma_es,1,-1.4200931741864142,20
376,4990,-1.1906197850544853,-0.7158999898688239,0.3349514825407796,0.4455510829286559,1.6255591531938276,6834.278301099985,turtle,ipop_cma_es,1,-1.4200931741864142,20
377,5010,-1.0831562395684857,-0.7863833279724654,0.32343943456282953,0.4463470604383245,1.63101323945381,6862.960340105987,turtle,ipop_cma_es,1,-1.4200931741864142,20
378,5030,-1.1056067320871055,-0.8020877314847763,0.2604968285289452,0.4470457338529229,1.6363336318256756,6894.4235805780045,turtle,ipop_cma_es,1,-1.4200931741864142,20
379,5050,-1.0962405096655923,-0.7813289531636414,0.24689089561637087,0.44724981627538724,1.6409696858351217,6928.24592181301,turtle,ipop_cma_es,1,-1.4200931741864142,20
380,5070,-1.1443789223023542,-0.7887545942545451,0.28912876242394625,0.44706586620275096,1.6454637492267752,6962.391600645002,turtle,ipop_cma_es,1,-1.4200931741864142,20
381,5090,-1.2047227799525535,-0.8288670155104999,0.22134880953436947,0.4465448449941486,1.6500179384871314,6995.571680249006,turtle,ipop_cma_es,1,-1.4200931741864142,20
382,5110,-1.1339104242895939,-0.7420803911474186,0.2745804466964071,0.44596469836200187,1.6545951421752019,7026.79587651699,turtle,ipop_cma_es,1,-1.4200931741864142,20
383,5130,-1.102854450518758,-0.6628025692989522,0.29669924821631605,0.44581525945397493,1.6587380751959298,7059.422352449008,turtle,ipop_cma_es,1,-1.4200931741864142,20
384,5150,-1.1397356612663172,-0.7916496243197996,0.23849390053102504,0.44545428549010596,1.6628387922511507,7093.459575230983,turtle,ipop_cma_es,1,-1.4200931741864142,20
385,5170,-1.1621403987332721,-0.7632849406904615,0.26213136479789534,0.44495133168232076,1.6676183290254953,7125.197896795988,turtle,ipop_cma_es,1,-1.4200931741864142,20
386,5190,-1.1599983570920624,-0.8101125972834836,0.25106636054670317,0.44401437493727736,1.6723231137604342,7159.714959898003,turtle,ipop_cma_es,1,-1.4200931741864142,20
387,5210,-1.1141968688151378,-0.7437969558862781,0.20410015225729972,0.4436280586037224,1.6766090858409828,7195.593519975984,turtle,ipop_cma_es,1,-1.4200931741864142,20
388,5230,-1.2090614068674848,-0.7334313955721303,0.30213943816391814,0.4431662110797002,1.6809383905138353,7226.65627726799,turtle,ipop_cma_es,1,-1.4200931741864142,20
389,5250,-1.0694639151115872,-0.6533462133945669,0.37138104307688885,0.44259727383076714,1.6851274500288445,7260.042746121995,turtle,ipop_cma_es,1,-1.4200931741864142,20
390,5270,-1.157870671618741,-0.857963120909248,0.23166175964152513,0.44184416882757727,1.6890371306272627,7292.579759979009,turtle,ipop_cma_es,1,-1.4200931741864142,20
391,5290,-0.9830880586906154,-0.6458075445762879,0.33510659656449726,0.4409730114823452,1.6929284275036973,7323.573355219996,turtle,ipop_cma_es,1,-1.4200931741864142,20
392,5310,-1.1766077707112785,-0.7213148605410473,0.33045819347726085,0.44035404835993974,1.6976827562739547,7356.3856586919865,turtle,ipop_cma_es,1,-1.4200931741864142,20
393,5330,-1.1166348930752505,-0.6742645421835542,0.28937293758151433,0.4396566721868089,1.702141757074874,7390.69435474099,turtle,ipop_cma_es,1,-1.4200931741864142,20
394,5350,-1.1802980793429985,-0.7112498591388786,0.3703125539844612,0.43879587201147857,1.7063189804617818,7426.124686613999,turtle,ipop_cma_es,1,-1.4200931741864142,20
395,5370,-1.1461505967319656,-0.7403785641475107,0.2709171958977595,0.43745847226944784,1.7102031673421063,7461.255418051005,turtle,ipop_cma_es,1,-1.4200931741864142,20
396,5390,-1.0716270449000485,-0.6447061065601568,0.32076908513554053,0.43654080453853794,1.7145352849491098,7493.047594275005,turtle,ipop_cma_es,1,-1.4200931741864142,20
397,5410,-1.1468925178020077,-0.8175119501671823,0.24078685748871428,0.43591352519594545,1.7191733973353451,7530.128172573983,turtle,ipop_cma_es,1,-1.4200931741864142,20
398,5430,-1.1954723850829545,-0.7281416076529246,0.35456093236073327,0.43523094481600705,1.723557488417449,7565.154606155993,turtle,ipop_cma_es,1,-1.4200931741864142,20
399,5450,-1.135365333030963,-0.8374308744443688,0.201027731221279,0.43430119143142193,1.728185705960182,7599.6373874479905,turtle,ipop_cma_es,1,-1.4200931741864142,20
400,5470,-1.1777705279278639,-0.7209018478615493,0.3434904154311708,0.4334257671797701,1.7325879484723674,7630.254066474998,turtle,ipop_cma_es,1,-1.4200931741864142,20
401,5490,-1.0961659746262171,-0.7138674141889136,0.34023580494898725,0.4326404381190367,1.7375877223738068,7663.387108232011,turtle,ipop_cma_es,1,-1.4200931741864142,20
402,5510,-1.2015459055180937,-0.7169413951277688,0.39173379718363466,0.43149312194337625,1.7417770530291092,7696.743682990986,turtle,ipop_cma_es,1,-1.4200931741864142,20
403,5530,-1.190105725439814,-0.7943272306711435,0.3153257444068109,0.43047163086081525,1.7465473420053288,7732.538327719987,turtle,ipop_cma_es,1,-1.4200931741864142,20
404,5550,-1.185774325010727,-0.9853206244784689,0.14360886290249628,0.42912223723538784,1.7504877965229797,7768.236922526994,turtle,ipop_cma_es,1,-1.4200931741864142,20
405,5570,-1.1960338521597427,-0.7422921569922102,0.3760691273470266,0.427959857988652,1.7540036519422464,7804.687055268005,turtle,ipop_cma_es,1,-1.4200931741864142,20
406,5590,-1.14372904199388,-0.7188947523718148,0.3082444686247188,0.4271334996287901,1.7568899227530401,7836.1574302880035,turtle,ipop_cma_es,1,-1.4200931741864142,20
407,5610,-1.2243909082203759,-0.9659150167576644,0.1955870858763145,0.4265894888906399,1.7604396757373126,7870.73732322501,turtle,ipop_cma_es,1,-1.4200931741864142,20
408,5630,-1.2105459341393825,-0.946369813173729,0.15909874599888027,0.426037137330668,1.7637455746957564,7902.122790361987,turtle,ipop_cma_es,1,-1.4200931741864142,20
409,5650,-1.161967831505474,-0.8048080748057792,0.25495289263376925,0.42538031264281273,1.7672355914236093,7926.162853605987,turtle,ipop_cma_es,1,-1.4200931741864142,20
410,5670,-1.251005545142374,-0.9059711515296917,0.27043578346743896,0.4247808326631453,1.7705142834016803,7956.7560434110055,turtle,ipop_cma_es,1,-1.4200931741864142,20
411,5690,-1.1307366001931909,-0.8874185621252277,0.20859209226307399,0.42466014566756277,1.773832227575979,7988.596465932991,turtle,ipop_cma_es,1,-1.4200931741864142,20
412,5710,-1.1900208782672923,-0.9517454375379512,0.20933230429823735,0.4250575087065337,1.777091117578643,8016.88723240199,turtle,ipop_cma_es,1,-1.4200931741864142,20
413,5730,-1.1829951737222135,-0.9559845261121518,0.22152679429527536,0.42487027087733575,1.780466020146454,8043.629335815,turtle,ipop_cma_es,1,-1.4200931741864142,20
414,5750,-1.2546167501263614,-0.9813558701021439,0.20821292743595946,0.4247214483976017,1.7840679662703787,8079.352900880011,turtle,ipop_cma_es,1,-1.4200931741864142,20
415,5770,-1.2088037611669646,-1.0504149257862345,0.17889625209540377,0.4241786170804733,1.786921814606878,8104.207228763989,turtle,ipop_cma_es,1,-1.4200931741864142,20
416,5790,-1.2088640973400029,-0.9999298723166963,0.14933155923626895,0.4236606847076089,1.7904834699449523,8137.671623847011,turtle,ipop_cma_es,1,-1.4200931741864142,20
417,5810,-1.2158776535065368,-0.8614242796579099,0.2976193266672026,0.423026899589784,1.7934050431565447,8163.0189255590085,turtle,ipop_cma_es,1,-1.4200931741864142,20
418,5830,-1.230519224598539,-0.8729557103605281,0.3367952022523618,0.42213939653954247,1.7968635414083711,8186.378870874003,turtle,ipop_cma_es,1,-1.4200931741864142,20
419,5850,-1.2099972125925635,-0.9524122558197388,0.2773374916524139,0.42061671127831246,1.8005670700061858,8216.781573271,turtle,ipop_cma_es,1,-1.4200931741864142,20
420,5890,-0.5384372791298127,-0.029677353063991108,0.14699735653715737,0.4817593955608737,1.020026058115488,8270.199866212992,turtle,ipop_cma_es,1,-1.4200931741864142,40
421,5930,-0.5620781316923233,-0.013063182847840337,0.13731618375831534,0.46871910498840486,1.0228382432433216,8324.726086582989,turtle,ipop_cma_es,1,-1.4200931741864142,40
422,5970,-0.4020405912061529,-0.011814311726705884,0.14516867792231875,0.45883745247922997,1.0241473939142498,8379.142257208994,turtle,ipop_cma_es,1,-1.4200931741864142,40
423,6010,-0.31813987060650817,-0.029284119101876293,0.10384068287809634,0.450886447723884,1.025283988367832,8434.505142448994,turtle,ipop_cma_es,1,-1.4200931741864142,40
424,6050,-0.5404590324095251,-0.04185395062774551,0.12734639981142085,0.44559306484865446,1.0271733514447559,8492.442503997008,turtle,ipop_cma_es,1,-1.4200931741864142,40
425,6090,-0.30355499700059063,-0.08025641186212337,0.0737225077996139,0.4392384128915732,1.0290717939306169,8555.122091280995,turtle,ipop_cma_es,1,-1.4200931741864142,40
426,6130,-0.4651502973775523,-0.051338764065664975,0.152263640873806,0.4335607750790667,1.0306333531142349,8610.462149961997,turtle,ipop_cma_es,1,-1.4200931741864142,40
427,6170,-0.4175941211641385,-0.06410056125795176,0.11538725578528862,0.4284304018117924,1.03252630636982,8663.152841551986,turtle,ipop_cma_es,1,-1.4200931741864142,40
428,6210,-0.6688133783300616,-0.12056883990040061,0.14998519807792776,0.423868669743935,1.0347723005441045,8717.722968277987,turtle,ipop_cma_es,1,-1.4200931741864142,40
429,6250,-0.38964694548064926,-0.08327070715128189,0.11410127452099841,0.4197598411503689,1.0367432074599585,8773.772520547995,turtle,ipop_cma_es,1,-1.4200931741864142,40
430,6290,-0.32179535906811285,-0.09489798338493996,0.11545451545183616,0.41623187494849334,1.0395542904598654,8824.896272754995,turtle,ipop_cma_es,1,-1.4200931741864142,40
431,6330,-0.5688399319716488,-0.10803414119989896,0.2038505725339372,0.4140323969587887,1.042419239033077,8875.04515483699,turtle,ipop_cma_es,1,-1.4200931741864142,40
432,6370,-0.512408542961083,-0.1340827796945896,0.17002066546313124,0.41156293830909246,1.044641735588595,8935.544596313994,turtle,ipop_cma_es,1,-1.4200931741864142,40
433,6410,-0.5024128652787088,-0.19171367376331128,0.17753075843533134,0.4096454557009502,1.046916636003507,8986.353091819008,turtle,ipop_cma_es,1,-1.4200931741864142,40
434,6450,-0.5386040421549598,-0.16228456579698963,0.17807281033379585,0.4087888086126117,1.0505448438412461,9035.946985932998,turtle,ipop_cma_es,1,-1.4200931741864142,40
435,6490,-0.7243264026285114,-0.20496335782960062,0.2062728373915048,0.40830662797279377,1.054118044122326,9084.589493934007,turtle,ipop_cma_es,1,-1.4200931741864142,40
436,6530,-0.6588168771235123,-0.2530031556843369,0.21330249398708495,0.40908560961288926,1.0584931180409785,9139.140359352983,turtle,ipop_cma_es,1,-1.4200931741864142,40
437,6570,-0.7089286275093629,-0.18880540482215546,0.20175262400564736,0.41019372435970347,1.0633554104619707,9194.418069518986,turtle,ipop_cma_es,1,-1.4200931741864142,40
438,6610,-0.7779660150018772,-0.27756698314677475,0.23108819480536752,0.41172221458272074,1.0685408515889145,9251.99830576501,turtle,ipop_cma_es,1,-1.4200931741864142,40
439,6650,-0.7257680590747881,-0.2004785480888497,0.2153337724822925,0.41323065086176547,1.0737593212618415,9309.693945834995,turtle,ipop_cma_es,1,-1.4200931741864142,40
440,6690,-0.727132583793848,-0.2944037270776538,0.23504090719481763,0.41481632087315595,1.079488609410558,9362.920023988001,turtle,ipop_cma_es,1,-1.4200931741864142,40
441,6730,-0.8564853095868923,-0.2703336123668339,0.2431402658614526,0.41532228308137953,1.0847602028336583,9418.288747968996,turtle,ipop_cma_es,1,-1.4200931741864142,40
442,6770,-0.679871567533703,-0.273025752088727,0.2311907043998967,0.41597618301026923,1.089936586557194,9468.959242651006,turtle,ipop_cma_es,1,-1.4200931741864142,40
443,6810,-0.7862338718201753,-0.30218619264487484,0.24729232015153546,0.4173309921828293,1.0960760045401936,9515.822116508993,turtle,ipop_cma_es,1,-1.4200931741864142,40
444,6850,-0.7839718608231641,-0.2960566237125054,0.23463787918848011,0.4199222701194403,1.1019975515788312,9571.110763267003,turtle,ipop_cma_es,1,-1.4200931741864142,40
445,6890,-0.8368171344458659,-0.3351897272543886,0.22059706383496688,0.42342965633498564,1.108322945528811,9617.492100106,turtle,ipop_cma_es,1,-1.4200931741864142,40
446,6930,-0.7651277718869123,-0.3137477563252336,0.23762379540850373,0.42684198334930706,1.1150760155244903,9678.993143114989,turtle,ipop_cma_es,1,-1.4200931741864142,40
447,6970,-0.9623741786796076,-0.30164877085715097,0.25864877663393915,0.4297667462092841,1.1220530134488946,9732.26173384799,turtle,ipop_cma_es,1,-1.4200931741864142,40
448,7010,-1.094892954286201,-0.2738728951140417,0.2940858680204964,0.4317670843547211,1.1285457571428898,9787.501562097983,turtle,ipop_cma_es,1,-1.4200931741864142,40
449,7050,-0.8498626051189699,-0.28383277099444976,0.2981691710871713,0.4336405647932527,1.1349328058349797,9836.789377284993,turtle,ipop_cma_es,1,-1.4200931741864142,40
450,7090,-1.0416996444358677,-0.39913924199853734,0.289772981849857,0.43663938427403304,1.1421685430409723,9892.568010099989,turtle,ipop_cma_es,1,-1.4200931741864142,40
451,7130,-0.9429168176478999,-0.3724365562262763,0.2743355291882035,0.43984820312393125,1.1500964813893522,9942.33307592501,turtle,ipop_cma_es,1,-1.4200931741864142,40
452,7170,-0.9967376385687539,-0.3660863839811201,0.2816244781184375,0.4425396064290717,1.1571008986945808,9998.982186057983,turtle,ipop_cma_es,1,-1.4200931741864142,40
453,7210,-1.0199885079296003,-0.3799507158312435,0.2708212636247185,0.44617614474905126,1.1649120074163952,10053.489493386005,turtle,ipop_cma_es,1,-1.4200931741864142,40
454,7250,-0.8609301887796885,-0.5085189401773059,0.2508567574621417,0.448691098358922,1.1728856326459367,10113.94411074699,turtle,ipop_cma_es,1,-1.4200931741864142,40
455,7290,-0.7866109630803946,-0.34882913508622754,0.2578673613355823,0.4503345587690512,1.1799201031181827,10164.644978314987,turtle,ipop_cma_es,1,-1.4200931741864142,40
456,7330,-0.8359825672760648,-0.4388460235761505,0.2597121018966287,0.4514263278035191,1.1868616458570311,10215.232854536007,turtle,ipop_cma_es,1,-1.4200931741864142,40
457,7370,-0.9866532802424262,-0.4375774213754002,0.3054377815916326,0.4517986203500172,1.1930579527355916,10277.704561027,turtle,ipop_cma_es,1,-1.4200931741864142,40
458,7410,-0.6949065032669814,-0.3336754535922963,0.28041833881425704,0.4507662581555772,1.1988376565666554,10338.969596082985,turtle,ipop_cma_es,1,-1.4200931741864142,40
459,7450,-0.8583083693178315,-0.3599962439919924,0.3033490769230906,0.4505625779380233,1.20523816637941,10400.104823058005,turtle,ipop_cma_es,1,-1.4200931741864142,40
460,7490,-0.7416691248826055,-0.372937356179182,0.2765432516792402,0.44924841492892104,1.2111546980969081,10459.450818929996,turtle,ipop_cma_es,1,-1.4200931741864142,40
461,7530,-0.8138928011096862,-0.4235154674553364,0.22212603163125083,0.4491093650951743,1.2172346605973183,10518.64545312,turtle,ipop_cma_es,1,-1.4200931741864142,40
462,7570,-0.7954194967736514,-0.44667477212802764,0.2551751939003694,0.4481946008111645,1.2233236746102034,10583.224067189993,turtle,ipop_cma_es,1,-1.4200931741864142,40
463,7610,-0.8903037726561474,-0.4855361855601574,0.29684479979600015,0.44627654400006117,1.229195457829197,10648.808692344988,turtle,ipop_cma_es,1,-1.4200931741864142,40
464,7650,-0.7960545151332035,-0.45827210432072996,0.2596864291845137,0.44424078209647927,1.2345168949916538,10711.029576887988,turtle,ipop_cma_es,1,-1.4200931741864142,40
465,7690,-0.8148034330448448,-0.4996304657667478,0.24436648222471294,0.44276647762261756,1.2402447761236983,10768.803820225992,turtle,ipop_cma_es,1,-1.4200931741864142,40
466,7730,-0.8497444652102173,-0.5372533006575827,0.2439229476257131,0.44216280650813156,1.2454963056387174,10825.621404974983,turtle,ipop_cma_es,1,-1.4200931741864142,40
467,7770,-0.8072364552225482,-0.5171688921318083,0.26037939452961234,0.4426923531640249,1.250953610348943,10888.718469944986,turtle,ipop_cma_es,1,-1.4200931741864142,40
468,7810,-0.8210883254313002,-0.5107666195875631,0.2718870746637129,0.4432999572561172,1.2562318719771546,10945.802407462004,turtle,ipop_cma_es,1,-1.4200931741864142,40
469,7850,-0.906971010804269,-0.5354634108830671,0.24334418599775692,0.44441906013236926,1.26168971448235,11012.472262008989,turtle,ipop_cma_es,1,-1.4200931741864142,40
470,7890,-0.8739547408243133,-0.5482561863852429,0.2760416737178658,0.4447748226231852,1.2675839771488657,11072.513073576993,turtle,ipop_cma_es,1,-1.4200931741864142,40
471,7930,-0.9765387472782558,-0.47537510599840527,0.2780293519410748,0.4458490768624663,1.2729584408549792,11126.016448043985,turtle,ipop_cma_es,1,-1.4200931741864142,40
472,7970,-0.8865332560767705,-0.4847187984556995,0.28418146668986166,0.4461371805132796,1.278742517389226,11188.058575573988,turtle,ipop_cma_es,1,-1.4200931741864142,40
1,10,-0.12549441062154543,0.009271054148838864,0.1032132072076724,0.5,1.0,9.169196306989761,turtle,random_search,0,-0.12549441062154543,10
2,20,-0.3091842109283114,0.058074988347661186,0.25151927452839495,0.5,1.0,21.101514023990603,turtle,random_search,0,-0.3091842109283114,10
3,30,-0.1485279239520061,-0.0017766353469782282,0.0794886474824847,0.5,1.0,32.676569049974205,turtle,random_search,0,-0.3091842109283114,10
4,40,-0.09404468208427552,0.002850469538428868,0.07442211082472326,0.5,1.0,46.38429202197585,turtle,random_search,0,-0.3091842109283114,10
5,50,-0.0993791071862189,-0.03334708344486374,0.05211992939263803,0.5,1.0,56.72223288597888,turtle,random_search,0,-0.3091842109283114,10
6,60,-0.4055812462450161,-0.03017543252050192,0.16839120190935683,0.5,1.0,67.50633185799234,turtle,random_search,0,-0.4055812462450161,10
7,70,-0.2838889338996555,-0.029734124752723367,0.1563657302928939,0.5,1.0,78.60932405298809,turtle,random_search,0,-0.4055812462450161,10
8,80,-0.08442222721894588,-0.005776093878852162,0.06552527812539428,0.5,1.0,89.56760303399642,turtle,random_search,0,-0.4055812462450161,10
9,90,-0.22999792594383717,-0.05554675542080663,0.09838079732702301,0.5,1.0,104.2477872769814,turtle,random_search,0,-0.4055812462450161,10
10,100,-0.16297168232259462,0.05654833478481969,0.11424497939800549,0.5,1.0,118.53988338299678,turtle,random_search,0,-0.4055812462450161,10
11,110,-0.2863666770826594,-0.018417857072604172,0.1450332709755778,0.5,1.0,131.24670200498076,turtle,random_search,0,-0.4055812462450161,10
12,120,-0.24416396752779246,0.010028066725622332,0.17193919422994955,0.5,1.0,146.4899242069805,turtle,random_search,0,-0.4055812462450161,10
13,130,-0.40577248153070844,-0.05466920352955675,0.13212923372474508,0.5,1.0,159.20487251097802,turtle,random_search,0,-0.40577248153070844,10
14,140,-0.3750775007907565,-0.03979556308538923,0.1767713437256248,0.5,1.0,171.25631464199978,turtle,random_search,0,-0.40577248153070844,10
15,150,-0.22043920023990893,-0.011511318350067778,0.1122940215860034,0.5,1.0,183.32386668599793,turtle,random_search,0,-0.40577248153070844,10
16,160,-0.24465887951250487,-0.04815383126421935,0.10216763756157453,0.5,1.0,194.89961380398017,turtle,random_search,0,-0.40577248153070844,10
17,170,-0.06645107007066375,0.005621259689217162,0.049797344563908795,0.5,1.0,207.8073460419837,turtle,random_search,0,-0.40577248153070844,10
18,180,-0.20157640962744416,-0.03948790200023371,0.07102245371860409,0.5,1.0,219.05646412997157,turtle,random_search,0,-0.40577248153070844,10
19,190,-0.07506540045895704,0.01494145390971564,0.09457045251295637,0.5,1.0,232.393152078992,turtle,random_search,0,-0.40577248153070844,10
20,200,-0.10737815249504212,0.018239747308764008,0.07779853158379203,0.5,1.0,245.96511992698652,turtle,random_search,0,-0.40577248153070844,10
21,210,-0.014396787405535072,0.0651918804043202,0.057089856038461076,0.5,1.0,260.0693160109804,turtle,random_search,0,-0.40577248153070844,10
22,220,-0.006832805481730375,0.04216577147016372,0.0341725017032482,0.5,1.0,274.0603168659727,turtle,random_search,0,-0.40577248153070844,10
23,230,-0.09565467732920219,-0.031259957170903976,0.037684690485959876,0.5,1.0,284.9165015069884,turtle,random_search,0,-0.40577248153070844,10
24,240,-0.24875988394181192,-0.044513201524181055,0.08804994745427819,0.5,1.0,300.22717614498106,turtle,random_search,0,-0.40577248153070844,10
25,250,-0.10847124587200074,0.035403109763322324,0.09237473993447293,0.5,1.0,312.56817893197876,turtle,random_search,0,-0.40577248153070844,10
26,260,-0.06037956794265309,0.03921769133893047,0.05732130120632887,0.5,1.0,322.9073508399888,turtle,random_search,0,-0.40577248153070844,10
27,270,-0.07623478870653244,0.026581801490911782,0.08853226388630758,0.5,1.0,334.7536495909735,turtle,random_search,0,-0.40577248153070844,10
28,280,-0.12214703623016199,0.010434643841984937,0.07666613784240754,0.5,1.0,347.50934695397154,turtle,random_search,0,-0.40577248153070844,10
29,290,-0.048891269479520716,0.05015952980303604,0.10971527292566254,0.5,1.0,357.82149157999083,turtle,random_search,0,-0.40577248153070844,10
30,300,-0.06845101017275379,0.019211582072042432,0.07308882910037597,0.5,1.0,371.83860601397464,turtle,random_search,0,-0.40577248153070844,10
31,310,-0.30035925201601543,-0.02204501835789081,0.14264353596403137,0.5,1.0,386.6112259749789,turtle,random_search,0,-0.40577248153070844,10
32,320,-0.21395907895462418,0.012604005528282513,0.11917104787361896,0.5,1.0,398.0093382249761,turtle,random_search,0,-0.40577248153070844,10
33,330,-0.0863008440405375,0.01141801772283486,0.0575644202810105,0.5,1.0,411.0056858629978,turtle,random_search,0,-0.40577248153070844,10
34,340,-0.2894070810954954,-0.014903832129655913,0.11363596825662908,0.5,1.0,424.99837852898054,turtle,random_search,0,-0.40577248153070844,10
35,350,-0.07366734150129606,0.00926254451324473,0.04236852943376928,0.5,1.0,436.86876317099086,turtle,random_search,0,-0.40577248153070844,10
36,360,-0.054125453149426406,0.0084267158755174,0.04111122648612752,0.5,1.0,452.294660103973,turtle,random_search,0,-0.40577248153070844,10
37,370,-0.3385939872767434,-0.03610173937580256,0.1505186172584869,0.5,1.0,465.81748263599,turtle,random_search,0,-0.40577248153070844,10
38,380,-0.27694242747318576,0.003222293749304761,0.1323055391910527,0.5,1.0,480.2076113379735,turtle,random_search,0,-0.40577248153070844,10
39,390,-0.5140898454151221,-0.05529648637378246,0.24218173371952387,0.5,1.0,491.7091639479913,turtle,random_search,0,-0.5140898454151221,10
40,400,-0.07218656475153384,-0.00768451023739587,0.05612178553845764,0.5,1.0,506.9082830869884,turtle,random_search,0,-0.5140898454151221,10
41,410,-0.1698690454714722,0.013306623725534284,0.10600367679580901,0.5,1.0,519.9416382679774,turtle,random_search,0,-0.5140898454151221,10
42,420,-0.15155121380822312,0.005510764931420109,0.0780577811510708,0.5,1.0,531.0492334919982,turtle,random_search,0,-0.5140898454151221,10
43,430,-0.14258556620738005,0.009034289552324016,0.077661084326688,0.5,1.0,539.9195319059945,turtle,random_search,0,-0.5140898454151221,10
44,440,-0.22642103400848335,-0.0050812683401729505,0.09963903453170658,0.5,1.0,554.3715174499957,turtle,random_search,0,-0.5140898454151221,10
45,450,-0.2126322625011019,-0.010601185089438126,0.1385645116133393,0.5,1.0,566.7421079459891,turtle,random_search,0,-0.5140898454151221,10
46,460,-0.07320051559400653,0.001338008821358816,0.05067315070732689,0.5,1.0,579.7051767289813,turtle,random_search,0,-0.5140898454151221,10
47,470,-0.10519268713549312,0.008735329347383126,0.05885075738562229,0.5,1.0,593.9291612719826,turtle,random_search,0,-0.5140898454151221,10
48,480,-0.20433158998808132,-0.03152039045236652,0.1390081540040279,0.5,1.0,607.7877406239859,turtle,random_search,0,-0.5140898454151221,10
49,490,-0.09487353919884178,0.06772758508438485,0.13520078397900268,0.5,1.0,623.2161119169905,turtle,random_search,0,-0.5140898454151221,10
50,500,-0.17372806912061822,0.07977564489406826,0.19256763246733755,0.5,1.0,636.487447862979,turtle,random_search,0,-0.5140898454151221,10
51,510,-0.2871347219322615,-0.002856837720801586,0.11409248188576779,0.5,1.0,648.0736357309797,turtle,random_search,0,-0.5140898454151221,10
52,520,-0.05824291220406774,0.0668091144720175,0.07937911498162882,0.5,1.0,661.3479192609957,turtle,random_search,0,-0.5140898454151221,10
53,530,-0.2493869285647392,-0.03890445453739098,0.09784804586095096,0.5,1.0,674.0044779589807,turtle,random_search,0,-0.5140898454151221,10
54,540,-0.18888931623511684,0.012800368115554229,0.090540796221104,0.5,1.0,687.4568724469864,turtle,random_search,0,-0.5140898454151221,10
55,550,-0.08205408951307369,-0.028044469371594972,0.04208188987348811,0.5,1.0,701.0287436719809,turtle,random_search,0,-0.5140898454151221,10
56,560,-0.05989630942095836,-0.016772662197385914,0.022239357093224835,0.5,1.0,714.7033951619815,turtle,random_search,0,-0.5140898454151221,10
57,570,-0.10926043682998987,0.04166654502162999,0.09194183315981579,0.5,1.0,733.2011231649958,turtle,random_search,0,-0.5140898454151221,10
58,580,-0.18611840793235945,-0.036055462534884966,0.07943592021453344,0.5,1.0,745.5633243299962,turtle,random_search,0,-0.5140898454151221,10
59,590,-0.3588979747572738,-0.024838567340675154,0.12350353020447391,0.5,1.0,760.1700804729771,turtle,random_search,0,-0.5140898454151221,10
60,600,-0.33890790687318617,-0.03676484890288778,0.15945360580447426,0.5,1.0,772.5865964479744,turtle,random_search,0,-0.5140898454151221,10
61,610,-0.14292942148845,-0.02398818083115417,0.06780365357308756,0.5,1.0,784.8931123689981,turtle,random_search,0,-0.5140898454151221,10
62,620,-0.31678754110950624,-0.051750492516399224,0.12575579762877903,0.5,1.0,799.2307832399965,turtle,random_search,0,-0.5140898454151221,10
63,630,-0.024198153264363143,0.03257647798778116,0.047252974960538936,0.5,1.0,809.8391633929859,turtle,random_search,0,-0.5140898454151221,10
64,640,-0.11308186811032961,-0.002088450873333869,0.0742352284182646,0.5,1.0,828.4535954909807,turtle,random_search,0,-0.5140898454151221,10
65,650,-0.2568613941006346,-0.018235462888073782,0.10247776418276003,0.5,1.0,841.8330846209719,turtle,random_search,0,-0.5140898454151221,10
66,660,-0.10585947406105412,0.04397706850246932,0.08773569805843846,0.5,1.0,853.1263306529727,turtle,random_search,0,-0.5140898454151221,10
67,670,-0.18313267606115957,-0.00019808000641452495,0.08909956449491731,0.5,1.0,863.8729075269948,turtle,random_search,0,-0.5140898454151221,10
68,680,-0.07035235743305002,0.0020823008396790854,0.05720442855051847,0.5,1.0,878.3829205039947,turtle,random_search,0,-0.5140898454151221,10
69,690,-0.07455607622145699,0.008266007272153786,0.04989528343703867,0.5,1.0,894.8954805579851,turtle,random_search,0,-0.5140898454151221,10
70,700,-0.054407465499223484,0.02978515009125866,0.04934975729822404,0.5,1.0,911.7666901909979,turtle,random_search,0,-0.5140898454151221,10
71,710,-0.06197268258229194,0.020429518928304004,0.05541932006759571,0.5,1.0,926.0608813439903,turtle,random_search,0,-0.5140898454151221,10
72,720,-0.21305151216447005,0.006128140438431106,0.11058731681377908,0.5,1.0,942.7426793509803,turtle,random_search,0,-0.5140898454151221,10
73,730,-0.3261245496993226,0.0033041003759621823,0.17341604126475393,0.5,1.0,956.3186388389731,turtle,random_search,0,-0.5140898454151221,10
74,740,-0.0797411703719737,0.03238001820652423,0.0918223247013402,0.5,1.0,971.6764076109976,turtle,random_search,0,-0.5140898454151221,10
75,750,-0.16664804933590904,-0.022711307011016847,0.0941452944555543,0.5,1.0,988.7278735059954,turtle,random_search,0,-0.5140898454151221,10
76,760,-0.1704667670615878,0.046161391603799465,0.11368981907670045,0.5,1.0,1005.3693118849769,turtle,random_search,0,-0.5140898454151221,10
77,770,-0.21275607303476374,-0.0002550638341109135,0.09090519658099785,0.5,1.0,1018.2578302509792,turtle,random_search,0,-0.5140898454151221,10
78,780,-0.04846022917291837,0.037931636099237664,0.07184786019400646,0.5,1.0,1031.123490524973,turtle,random_search,0,-0.5140898454151221,10
79,790,-0.1711534529383485,-0.01720940560996471,0.06467841083500629,0.5,1.0,1044.2990460119909,turtle,random_search,0,-0.5140898454151221,10
80,800,-0.07333619549148196,0.032603896193950724,0.10366307377159588,0.5,1.0,1063.175979777996,turtle,random_search,0,-0.5140898454151221,10
81,810,-0.22315891258462006,-0.02096647087552759,0.1087017881443403,0.5,1.0,1077.1221561860002,turtle,random_search,0,-0.5140898454151221,10
82,820,-0.12501735115378487,-0.005266596981416694,0.062301325316779566,0.5,1.0,1090.6342782430002,turtle,random_search,0,-0.5140898454151221,10
83,830,-0.34544247953868634,-0.07882632278083283,0.11184774662715466,0.5,1.0,1109.5055290129967,turtle,random_search,0,-0.5140898454151221,10
84,840,-0.06746876950584735,0.01525741071196567,0.05293792850883279,0.5,1.0,1127.6173424459994,turtle,random_search,0,-0.5140898454151221,10
85,850,-0.0740331308420874,0.021718584911216608,0.061862609627790145,0.5,1.0,1141.7482029679813,turtle,random_search,0,-0.5140898454151221,10
86,860,-0.3633893208520167,-0.013228756233212824,0.13042742283639788,0.5,1.0,1154.5544575309905,turtle,random_search,0,-0.5140898454151221,10
87,870,-0.14273956002980626,-0.01362471680776114,0.07815407894993331,0.5,1.0,1171.061040622997,turtle,random_search,0,-0.5140898454151221,10
88,880,-0.1055832419360927,-0.006111234897234574,0.08419887968059306,0.5,1.0,1185.802997736988,turtle,random_search,0,-0.5140898454151221,10
89,890,-0.14474300475194202,0.014116724150444071,0.11944182315814007,0.5,1.0,1205.1210416829854,turtle,random_search,0,-0.5140898454151221,10
90,900,-0.08498041920302146,-0.019608561875405515,0.032001254651080495,0.5,1.0,1218.288983757986,turtle,random_search,0,-0.5140898454151221,10
91,910,-0.24997782423732318,0.9723305347732353,3.010336081234918,0.5,1.0,1234.8656467559922,turtle,random_search,0,-0.5140898454151221,10
92,920,-0.09649242674048608,-0.0028924130096664945,0.06502324643092013,0.5,1.0,1251.0294430549839,turtle,random_search,0,-0.5140898454151221,10
93,930,-0.131566337455566,0.01959208427592527,0.11256825269830699,0.5,1.0,1266.687929420994,turtle,random_search,0,-0.5140898454151221,10
94,940,-0.1881751479328475,0.01981826709865677,0.08741823601882283,0.5,1.0,1282.1012931029836,turtle,random_search,0,-0.5140898454151221,10
95,950,-0.6573633329244268,-0.07661350497241468,0.21933030351568011,0.5,1.0,1294.9047066249768,turtle,random_search,0,-0.6573633329244268,10
96,960,-0.18301015480509353,-0.057521906703404915,0.07602566287463926,0.5,1.0,1307.5801398699987,turtle,random_search,0,-0.6573633329244268,10
97,970,-0.034467713351471474,0.03816553992007075,0.04958528544415888,0.5,1.0,1325.48547568699,turtle,random_search,0,-0.6573633329244268,10
98,980,-0.4053541767409472,-0.041548946368360616,0.149801531361204,0.5,1.0,1341.8104923569772,turtle,random_search,0,-0.6573633329244268,10
99,990,-0.18532458965783238,0.005252929423571829,0.07717052688040639,0.5,1.0,1353.4718729839951,turtle,random_search,0,-0.6573633329244268,10
100,1000,-0.11730132924791903,0.02226791396583776,0.07290096597987067,0.5,1.0,1369.6719111139828,turtle,random_search,0,-0.6573633329244268,10
101,1010,-0.051219030955471645,0.016703757794405406,0.08362676380470396,0.5,1.0,1384.7705228039995,turtle,random_search,0,-0.6573633329244268,10
102,1020,-0.1505666936933432,-0.015086364750340841,0.08672498086402552,0.5,1.0,1398.2731474909815,turtle,random_search,0,-0.6573633329244268,10
103,1030,-0.10737040730670078,0.03788784339449789,0.08853719087129026,0.5,1.0,1411.949598548992,turtle,random_search,0,-0.6573633329244268,10
104,1040,-0.07423322362012907,0.05516535742315547,0.09483561913525435,0.5,1.0,1425.1094533359865,turtle,random_search,0,-0.6573633329244268,10
105,1050,-0.26073670527266124,-0.013436984528108908,0.12562191070850243,0.5,1.0,1442.3237942299747,turtle,random_search,0,-0.6573633329244268,10
106,1060,-0.13611770391134392,0.000978848135884114,0.0792890158209891,0.5,1.0,1457.6986810889794,turtle,random_search,0,-0.6573633329244268,10
107,1070,-0.1139420575530048,0.004038380980844547,0.051553903638461934,0.5,1.0,1477.7024862379767,turtle,random_search,0,-0.6573633329244268,10
108,1080,-0.0988342086104037,0.02337038369280302,0.0632465836035091,0.5,1.0,1494.0586435879814,turtle,random_search,0,-0.6573633329244268,10
109,1090,-0.08997704872743117,-0.00372157016718484,0.0763515531757932,0.5,1.0,1508.251592799992,turtle,random_search,0,-0.6573633329244268,10
110,1100,-0.054832969271658705,0.008818918081797822,0.0405875638582363,0.5,1.0,1522.0888304729888,turtle,random_search,0,-0.6573633329244268,10
111,1110,-0.2625480774277875,-0.07250407312346985,0.09912013484526094,0.5,1.0,1535.6538500479946,turtle,random_search,0,-0.6573633329244268,10
112,1120,-0.07991103099286967,0.00024986174687251505,0.051749897724047894,0.5,1.0,1553.6760137689998,turtle,random_search,0,-0.6573633329244268,10
113,1130,-0.052394220234827316,0.046349325020091835,0.06483345874396876,0.5,1.0,1569.7124987549905,turtle,random_search,0,-0.6573633329244268,10
114,1140,-0.03734501852873162,0.03673399814964009,0.05296810557676642,0.5,1.0,1587.714575052989,turtle,random_search,0,-0.6573633329244268,10
115,1150,-0.11707021815343843,0.022497357397092622,0.05814061992774034,0.5,1.0,1604.3297343269805,turtle,random_search,0,-0.6573633329244268,10
116,1160,-0.09830996703772144,-0.018164162797881644,0.05131628341175098,0.5,1.0,1620.645995776984,turtle,random_search,0,-0.6573633329244268,10
117,1170,-0.14868767218279455,0.009531721407548589,0.09895558659071524,0.5,1.0,1633.7378634099732,turtle,random_search,0,-0.6573633329244268,10
118,1180,-0.09223687488758348,0.0019475950912899442,0.06904040897224399,0.5,1.0,1644.0613666289719,turtle,random_search,0,-0.6573633329244268,10
119,1190,-0.051477926021701315,0.028618331584988076,0.07863694888198311,0.5,1.0,1658.1509901639947,turtle,random_search,0,-0.6573633329244268,10
120,1200,-0.13185456452270117,-0.008988506027731536,0.06445767852483472,0.5,1.0,1672.5833318609803,turtle,random_search,0,-0.6573633329244268,10
121,1210,-0.11553060534766857,-0.019406236113073395,0.059323434558504674,0.5,1.0,1687.6826414799725,turtle,random_search,0,-0.6573633329244268,10
122,1220,-0.16860111100081188,-0.043445186751224794,0.08032351830402151,0.5,1.0,1701.0566200899775,turtle,random_search,0,-0.6573633329244268,10
123,1230,-0.0372570090383908,0.02590766167025187,0.05766365473856385,0.5,1.0,1716.1670373309753,turtle,random_search,0,-0.6573633329244268,10
124,1240,-0.15745780853641111,0.00009490166698196134,0.06625824650975111,0.5,1.0,1729.9421366389724,turtle,random_search,0,-0.6573633329244268,10
125,1250,-0.1104611945578231,-0.005081432639064421,0.03939191922238626,0.5,1.0,1745.0450627209793,turtle,random_search,0,-0.6573633329244268,10
126,1260,-0.0928361641100457,0.0069289691706440944,0.07174208088118839,0.5,1.0,1757.4439552909753,turtle,random_search,0,-0.6573633329244268,10
127,1270,-0.21412888728814128,1.0207076704489861,2.9962242647761466,0.5,1.0,1768.4468149769818,turtle,random_search,0,-0.6573633329244268,10
128,1280,-0.1287021080623516,0.009130308396352404,0.08666362894346369,0.5,1.0,1779.877239205991,turtle,random_search,0,-0.6573633329244268,10
129,1290,-0.031427095464779065,1.0245505973778046,2.9921556683972104,0.5,1.0,1794.9080715269956,turtle,random_search,0,-0.6573633329244268,10
130,1300,-0.038555436219817274,0.03733812317432443,0.06628117485129435,0.5,1.0,1809.4622525519808,turtle,random_search,0,-0.6573633329244268,10
131,1310,-0.09051652936326171,-0.014505381905271264,0.04927428479835604,0.5,1.0,1822.8136064739956,turtle,random_search,0,-0.6573633329244268,10
132,1320,-0.09816289572445047,0.011398766988284948,0.052908103038772344,0.5,1.0,1836.256712769973,turtle,random_search,0,-0.6573633329244268,10
133,1330,-0.1741714071051197,0.014099466452063503,0.08645311282704353,0.5,1.0,1849.0700601099816,turtle,random_search,0,-0.6573633329244268,10
134,1340,-0.19039879911953683,0.003661517643549228,0.0968530383369657,0.5,1.0,1859.813260881987,turtle,random_search,0,-0.6573633329244268,10
135,1350,-0.052598284556785835,0.026894714579975786,0.04771361814297378,0.5,1.0,1875.1643296839902,turtle,random_search,0,-0.6573633329244268,10
136,1360,-0.0873508561708567,0.01703646184121883,0.07461389146674571,0.5,1.0,1887.6378813349875,turtle,random_search,0,-0.6573633329244268,10
137,1370,-0.20623349044880523,-0.04101154958990376,0.11348168402423923,0.5,1.0,1900.0650608649885,turtle,random_search,0,-0.6573633329244268,10
138,1380,-0.22018850770595666,-0.024176712717320116,0.11666277141198705,0.5,1.0,1914.3454690719955,turtle,random_search,0,-0.6573633329244268,10
139,1390,-0.2659295796639647,-0.01758307989865484,0.11380287782835685,0.5,1.0,1928.2297037039825,turtle,random_search,0,-0.6573633329244268,10
140,1400,-0.20103648576152455,-0.02845466723727048,0.10608803317044309,0.5,1.0,1940.7326065659872,turtle,random_search,0,-0.6573633329244268,10
141,1410,-0.07126971975505825,0.004352910367912877,0.06097314335675019,0.5,1.0,1953.4087154399895,turtle,random_search,0,-0.6573633329244268,10
142,1420,-0.283196780195734,-0.04713612071322206,0.16566049648704745,0.5,1.0,1965.5423869949882,turtle,random_search,0,-0.6573633329244268,10
143,1430,-0.11022210002033095,-0.016284827345599506,0.039768230835556855,0.5,1.0,1979.6404294579988,turtle,random_search,0,-0.6573633329244268,10
144,1440,-0.2986327259306769,0.9611358731955632,3.0145526132451255,0.5,1.0,1991.1344214989804,turtle,random_search,0,-0.6573633329244268,10
145,1450,-0.11213057734824972,0.005643769836603063,0.09044706474589442,0.5,1.0,2005.383691532974,turtle,random_search,0,-0.6573633329244268,10
146,1460,-0.09041244889809796,0.01269999096579113,0.055902203284303176,0.5,1.0,2016.4806574039976,turtle,random_search,0,-0.6573633329244268,10
147,1470,-0.08328626931527783,0.002428763115046628,0.058868591180355874,0.5,1.0,2030.8177837359835,turtle,random_search,0,-0.6573633329244268,10
148,1480,-0.1787183382154227,0.031069990570421525,0.10654266007812083,0.5,1.0,2042.8193387359788,turtle,random_search,0,-0.6573633329244268,10
149,1490,-0.11107068274308318,0.0060693743107393065,0.06186240433770459,0.5,1.0,2054.818556905986,turtle,random_search,0,-0.6573633329244268,10
150,1500,-0.030086583638370357,0.02675009193521376,0.043112078611540046,0.5,1.0,2067.264722729975,turtle,random_search,0,-0.6573633329244268,10
151,1510,-0.18576466230805888,-0.005681208816639671,0.08653111699880557,0.5,1.0,2080.1048694849887,turtle,random_search,0,-0.6573633329244268,10
152,1520,-0.3672006653654645,-0.07299882845230724,0.12415829519001877,0.5,1.0,2093.9968709809764,turtle,random_search,0,-0.6573633329244268,10
153,1530,-0.11271117972084177,-0.011477936610537665,0.06654810881055039,0.5,1.0,2107.1441954539914,turtle,random_search,0,-0.6573633329244268,10
154,1540,-0.1402119670867794,-0.019506006186800207,0.06388134546607359,0.5,1.0,2121.748780761991,turtle,random_search,0,-0.6573633329244268,10
155,1550,-0.38829126811644077,-0.05366965113683202,0.13707650043527544,0.5,1.0,2135.1288814089785,turtle,random_search,0,-0.6573633329244268,10
156,1560,-0.1678561989913172,-0.00647003786054876,0.09941117698225332,0.5,1.0,2153.6565935549734,turtle,random_search,0,-0.6573633329244268,10
157,1570,-0.17143763158775638,-0.027198694989675774,0.06800172621763051,0.5,1.0,2166.290377890982,turtle,random_search,0,-0.6573633329244268,10
158,1580,-0.3444347995714736,-0.07830312644890638,0.16250371905923142,0.5,1.0,2181.0438032729726,turtle,random_search,0,-0.6573633329244268,10
159,1590,-0.33919877280835475,-0.017642506379867216,0.12859562631175164,0.5,1.0,2194.305656164972,turtle,random_search,0,-0.6573633329244268,10
160,1600,-0.2627994758465597,-0.033949994516540724,0.09860618219525293,0.5,1.0,2210.6676771019993,turtle,random_search,0,-0.6573633329244268,10
161,1610,-0.25586514813098393,-0.025640071631286964,0.12313687606356684,0.5,1.0,2222.781584999,turtle,random_search,0,-0.6573633329244268,10
162,1620,-0.17557969108007043,-0.021298805995700665,0.07987947318155594,0.5,1.0,2239.0051145229954,turtle,random_search,0,-0.6573633329244268,10
163,1630,-0.39495955878208466,-0.05223648259471494,0.12410448841227238,0.5,1.0,2256.473561033985,turtle,random_search,0,-0.6573633329244268,10
164,1640,-0.08474058018957109,-0.014550028658293001,0.03285444053322857,0.5,1.0,2270.214983095997,turtle,random_search,0,-0.6573633329244268,10
165,1650,-0.07167401964047038,0.030293306244009964,0.11159320681633447,0.5,1.0,2284.6628590969776,turtle,random_search,0,-0.6573633329244268,10
166,1660,-0.13279627912593117,0.026453846840515816,0.07626109886493124,0.5,1.0,2294.6721271239803,turtle,random_search,0,-0.6573633329244268,10
167,1670,-0.04675212492494207,0.012473179780239629,0.05412659493768905,0.5,1.0,2307.9524941389973,turtle,random_search,0,-0.6573633329244268,10
168,1680,-0.08572818276488281,0.03430330940304414,0.12276344691819933,0.5,1.0,2323.080247770995,turtle,random_search,0,-0.6573633329244268,10
169,1690,-0.12044719358550093,0.015756187003140455,0.06512829413455712,0.5,1.0,2331.7430925419903,turtle,random_search,0,-0.6573633329244268,10
170,1700,-0.114405927445282,0.00004269707760160557,0.07763866970188432,0.5,1.0,2342.4642227169825,turtle,random_search,0,-0.6573633329244268,10
171,1710,-0.06036567766239376,0.03667645388390746,0.14103627148153086,0.5,1.0,2357.416417259985,turtle,random_search,0,-0.6573633329244268,10
172,1720,-0.3076517329808848,-0.06031668577244007,0.12845795498382145,0.5,1.0,2368.5139913859894,turtle,random_search,0,-0.6573633329244268,10
173,1730,-0.5028015188792461,-0.02870751235198412,0.17769745838612058,0.5,1.0,2385.830039307999,turtle,random_search,0,-0.6573633329244268,10
174,1740,-0.29803250367661605,-0.02375286394455891,0.1303807764596664,0.5,1.0,2397.7036336789897,turtle,random_search,0,-0.6573633329244268,10
175,1750,-0.22829919364003182,-0.03802202619711377,0.09691431351054504,0.5,1.0,2415.3940327289747,turtle,random_search,0,-0.6573633329244268,10
176,1760,-0.2540182492923586,-0.03397013976499626,0.09027553113198439,0.5,1.0,2428.0187066109793,turtle,random_search,0,-0.6573633329244268,10
177,1770,-0.08212931731787343,0.025794451502685157,0.07643905264976819,0.5,1.0,2443.1274985979835,turtle,random_search,0,-0.6573633329244268,10
178,1780,-0.0442947444574715,0.04201307445252933,0.06670076401409493,0.5,1.0,2455.210447691992,turtle,random_search,0,-0.6573633329244268,10
179,1790,-0.16985881478323694,-0.014583983752107432,0.06794123758848328,0.5,1.0,2471.074091701972,turtle,random_search,0,-0.6573633329244268,10
180,1800,-0.07627111768320027,-0.00922021166740672,0.047518084266392695,0.5,1.0,2482.5256055479986,turtle,random_search,0,-0.6573633329244268,10
181,1810,-0.20207338147029574,-0.02702495605058077,0.1221194858499594,0.5,1.0,2496.442666270974,turtle,random_search,0,-0.6573633329244268,10
182,1820,-0.2652803081036703,-0.023778182644310066,0.10501873873003978,0.5,1.0,2509.9961359679874,turtle,random_search,0,-0.6573633329244268,10
183,1830,-0.2989216468647715,-0.02041868740503352,0.10026317630397975,0.5,1.0,2522.870845942991,turtle,random_search,0,-0.6573633329244268,10
184,1840,-0.25446397788212405,-0.05852581991155983,0.08006947569652954,0.5,1.0,2537.254946172994,turtle,random_search,0,-0.6573633329244268,10
185,1850,-0.21641322416724407,0.035240928424263095,0.12512319136958172,0.5,1.0,2553.9662691619887,turtle,random_search,0,-0.6573633329244268,10
186,1860,-0.23406659978707367,0.009184979136520699,0.11688121637785034,0.5,1.0,2570.522581058991,turtle,random_search,0,-0.6573633329244268,10
187,1870,-0.34299590657372026,-0.019497564449966108,0.15991109016329585,0.5,1.0,2582.427264189988,turtle,random_search,0,-0.6573633329244268,10
188,1880,-0.14572311523472958,0.044808165569585424,0.13619158046521038,0.5,1.0,2596.5283091059828,turtle,random_search,0,-0.6573633329244268,10
189,1890,-0.37449545012672303,-0.03836056732975566,0.16631920903698133,0.5,1.0,2609.71796146399,turtle,random_search,0,-0.6573633329244268,10
190,1900,-0.19384866192291028,-0.034056534709175065,0.09400846458460077,0.5,1.0,2621.9865956969734,turtle,random_search,0,-0.6573633329244268,10
191,1910,-0.0994790520911275,0.015515835031499493,0.06175419520237238,0.5,1.0,2633.138625996973,turtle,random_search,0,-0.6573633329244268,10
192,1920,-0.06327082010164808,0.005279434332982458,0.042065459143078375,0.5,1.0,2644.019905014982,turtle,random_search,0,-0.6573633329244268,10
193,1930,-0.032564177161402696,0.04282557419972814,0.09467926902627322,0.5,1.0,2662.5335566649737,turtle,random_search,0,-0.6573633329244268,10
194,1940,-0.3205778043886758,-0.02441014635355474,0.11983307798730194,0.5,1.0,2675.7195940049714,turtle,random_search,0,-0.6573633329244268,10
195,1950,-0.2017680251662659,0.007181616394704981,0.07995066974614799,0.5,1.0,2691.707689534989,turtle,random_search,0,-0.6573633329244268,10
196,1960,-0.1432435173006148,-0.01110752922835836,0.08737031207495745,0.5,1.0,2706.194099507993,turtle,random_search,0,-0.6573633329244268,10
197,1970,-0.244004298814251,-0.024883725374383214,0.08707998603150298,0.5,1.0,2722.809852623992,turtle,random_search,0,-0.6573633329244268,10
198,1980,-0.06952102330965548,0.012121556012960255,0.08954525091200946,0.5,1.0,2735.7919696979807,turtle,random_search,0,-0.6573633329244268,10
199,1990,-0.040897260516181255,0.07419626648965191,0.08614548359670354,0.5,1.0,2746.0064482459857,turtle,random_search,0,-0.6573633329244268,10
200,2000,-0.11137043831557492,0.011122388607396871,0.07376787742372348,0.5,1.0,2760.860649315,turtle,random_search,0,-0.6573633329244268,10
201,2010,-0.09110939162710796,0.008709822729000649,0.0645236410318181,0.5,1.0,2773.087277733983,turtle,random_search,0,-0.6573633329244268,10
202,2020,-0.11121391820833004,0.008167227806551835,0.10605244772006876,0.5,1.0,2782.6574928639748,turtle,random_search,0,-0.6573633329244268,10
203,2030,-0.1258266377465329,-0.012651862159867733,0.045418485426460056,0.5,1.0,2797.608249637997,turtle,random_search,0,-0.6573633329244268,10
204,2040,-0.1750603244455844,-0.04853683775013096,0.05011096939894882,0.5,1.0,2813.283766630979,turtle,random_search,0,-0.6573633329244268,10
205,2050,-0.0626147169471416,0.02461279226097961,0.0846857219419961,0.5,1.0,2825.7244930939924,turtle,random_search,0,-0.6573633329244268,10
206,2060,-0.044933941114980946,0.03216817144929367,0.0481723294633949,0.5,1.0,2837.3020980999863,turtle,random_search,0,-0.6573633329244268,10
207,2070,-0.2541551550669503,-0.02627156876910295,0.11278118763385009,0.5,1.0,2848.372360243986,turtle,random_search,0,-0.6573633329244268,10
208,2080,-0.7582118091297927,-0.07003630558614571,0.25215819036863196,0.5,1.0,2858.6855952259793,turtle,random_search,0,-0.7582118091297927,10
209,2090,-0.2921624765543225,-0.08262425168977172,0.10078532956826251,0.5,1.0,2871.9976105709793,turtle,random_search,0,-0.7582118091297927,10
210,2100,-0.24293344668022954,-0.03753418490027114,0.09599219953390305,0.5,1.0,2885.6089540259854,turtle,random_search,0,-0.7582118091297927,10
211,2110,-0.0913917976052554,0.0008088048670375159,0.05356886550962398,0.5,1.0,2897.815766383981,turtle,random_search,0,-0.7582118091297927,10
212,2120,-0.26000614978098113,-0.010039536386141279,0.11581300808156052,0.5,1.0,2911.26448348799,turtle,random_search,0,-0.7582118091297927,10
213,2130,-0.019499364561515797,0.029016891137283986,0.07315200699473125,0.5,1.0,2923.3186049590004,turtle,random_search,0,-0.7582118091297927,10
214,2140,-0.1056929167918561,-0.030209840592910188,0.03433304306971413,0.5,1.0,2934.3145487519796,turtle,random_search,0,-0.7582118091297927,10
215,2150,-0.10644868738944613,0.012573583339018146,0.054650938582342,0.5,1.0,2946.4984082439914,turtle,random_search,0,-0.7582118091297927,10
216,2160,-0.19130617276731154,-0.013707037979500037,0.09953387831913471,0.5,1.0,2960.0863360849908,turtle,random_search,0,-0.7582118091297927,10
217,2170,-0.11874759995305961,-0.0005213534928157238,0.07234661161474282,0.5,1.0,2972.1858441909717,turtle,random_search,0,-0.7582118091297927,10
218,2180,-0.0903236124263378,0.012019145836072553,0.0815111353177592,0.5,1.0,2985.920614754985,turtle,random_search,0,-0.7582118091297927,10
219,2190,-0.1274373586800328,-0.03505629832903665,0.051526820130821424,0.5,1.0,3000.3698847039777,turtle,random_search,0,-0.7582118091297927,10
220,2200,-0.24276907537884096,-0.046975885546373775,0.10833123667968657,0.5,1.0,3013.19895433099,turtle,random_search,0,-0.7582118091297927,10
221,2210,-0.14582974727752696,-0.011129954843314227,0.09758251250723418,0.5,1.0,3028.4427322829724,turtle,random_search,0,-0.7582118091297927,10
222,2220,-0.0021997318181501413,0.05145344885888026,0.033774702587087965,0.5,1.0,3041.6540987810004,turtle,random_search,0,-0.7582118091297927,10
223,2230,-0.14490182975958188,-0.003676957594773622,0.09000533995176478,0.5,1.0,3056.924851475982,turtle,random_search,0,-0.7582118091297927,10
224,2240,-0.09410907502543697,0.06700820105362153,0.14438010950697858,0.5,1.0,3073.528635238996,turtle,random_search,0,-0.7582118091297927,10
225,2250,-0.20618404004795732,-0.04278326328032929,0.08275095578859987,0.5,1.0,3086.958764322975,turtle,random_search,0,-0.7582118091297927,10
226,2260,-0.19854948390777682,-0.010145753413074842,0.09912556361841128,0.5,1.0,3102.846549570997,turtle,random_search,0,-0.7582118091297927,10
227,2270,-0.20556972898403547,0.008285933300537795,0.10666060232573484,0.5,1.0,3116.602678613999,turtle,random_search,0,-0.7582118091297927,10
228,2280,-0.18392090985144893,-0.0025304959187057996,0.09757142948020628,0.5,1.0,3131.148238104972,turtle,random_search,0,-0.7582118091297927,10
229,2290,-0.185952886929031,-0.04741025946025852,0.06320817687179882,0.5,1.0,3146.5026698859874,turtle,random_search,0,-0.7582118091297927,10
230,2300,-0.11245170081079792,-0.024370265964535776,0.04460280338987144,0.5,1.0,3159.962108281994,turtle,random_search,0,-0.7582118091297927,10
231,2310,-0.11707238833595746,-0.008603143794949197,0.055602413077672344,0.5,1.0,3173.7170278569974,turtle,random_search,0,-0.7582118091297927,10
232,2320,-0.11817594137387744,-0.015063898121851872,0.05981062298086995,0.5,1.0,3188.7839887949813,turtle,random_search,0,-0.7582118091297927,10
233,2330,-0.0661404764339375,-0.023149209375059866,0.02956096600475935,0.5,1.0,3199.7436933629797,turtle,random_search,0,-0.7582118091297927,10
234,2340,-0.04549294750505162,0.018830022668852475,0.05701874043154804,0.5,1.0,3214.623670815985,turtle,random_search,0,-0.7582118091297927,10
235,2350,-0.07497189430530948,0.05391919086132191,0.10656862044505733,0.5,1.0,3227.495326258999,turtle,random_search,0,-0.7582118091297927,10
236,2360,-0.1422277476545073,0.0020802806496377003,0.07399951206751527,0.5,1.0,3240.4213835679984,turtle,random_search,0,-0.7582118091297927,10
237,2370,-0.22258397552398712,-0.02282443399612948,0.08830516309256219,0.5,1.0,3252.766948258999,turtle,random_search,0,-0.7582118091297927,10
238,2380,-0.1792529507702607,-0.01030019053349509,0.06438753020279246,0.5,1.0,3266.4480735879915,turtle,random_search,0,-0.7582118091297927,10
239,2390,-0.023379086069134303,0.05490063543447619,0.07360107379296892,0.5,1.0,3280.691127416998,turtle,random_search,0,-0.7582118091297927,10
240,2400,-0.3989685685227107,-0.05811733159711494,0.14032908210892497,0.5,1.0,3295.5196439189895,turtle,random_search,0,-0.7582118091297927,10
241,2410,-0.11753006433726476,0.019830213940698282,0.0676416133696989,0.5,1.0,3308.036876846978,turtle,random_search,0,-0.7582118091297927,10
242,2420,-0.06756697828563851,0.027704575317590584,0.07791294841536107,0.5,1.0,3320.6498434799723,turtle,random_search,0,-0.7582118091297927,10
243,2430,-0.14251099490352104,0.015475226249509522,0.09107659273121951,0.5,1.0,3334.4383494629874,turtle,random_search,0,-0.7582118091297927,10
244,2440,-0.06401654685810154,0.019814342259908812,0.06832500890806474,0.5,1.0,3347.181058078975,turtle,random_search,0,-0.7582118091297927,10
245,2450,-0.09066010361340293,-0.004724517946581042,0.06195944437023108,0.5,1.0,3359.32515150198,turtle,random_search,0,-0.7582118091297927,10
246,2460,-0.05754127370755224,0.010789569812277388,0.0576207396788515,0.5,1.0,3372.8473796099715,turtle,random_search,0,-0.7582118091297927,10
247,2470,-0.24110106321615632,-0.04357892608861995,0.0902042344279119,0.5,1.0,3386.41753780999,turtle,random_search,0,-0.7582118091297927,10
248,2480,-0.13062919678256524,-0.02269844490078876,0.05690044148593926,0.5,1.0,3400.6422346919717,turtle,random_search,0,-0.7582118091297927,10
249,2490,-0.08585462643561659,-0.007435383062143775,0.05343007086031975,0.5,1.0,3411.499487842986,turtle,random_search,0,-0.7582118091297927,10
250,2500,-0.09173699854476514,-0.0014736584476920278,0.06503589645034115,0.5,1.0,3423.9954895229894,turtle,random_search,0,-0.7582118091297927,10
251,2510,-0.33760483066924607,-0.025201114539891288,0.14281574732249258,0.5,1.0,3439.895619475981,turtle,random_search,0,-0.7582118091297927,10
252,2520,-0.2747653528198377,-0.047916490631202444,0.10844988213453766,0.5,1.0,3455.4653998499853,turtle,random_search,0,-0.7582118091297927,10
253,2530,-0.1878814974839953,0.03785084376027026,0.13001474538286226,0.5,1.0,3467.2606546679744,turtle,random_search,0,-0.7582118091297927,10
254,2540,-0.25477012791667697,-0.02084152216825208,0.09114544925189592,0.5,1.0,3482.045960102987,turtle,random_search,0,-0.7582118091297927,10
255,2550,-0.03143444453854016,0.0282968641935728,0.05386102060141821,0.5,1.0,3497.178893100994,turtle,random_search,0,-0.7582118091297927,10
256,2560,-0.07530566609613576,0.10139099465088411,0.15114176695183376,0.5,1.0,3508.4995987689763,turtle,random_search,0,-0.7582118091297927,10
257,2570,-0.10220778320435908,-0.011423391046765374,0.0701308911098393,0.5,1.0,3522.626805707987,turtle,random_search,0,-0.7582118091297927,10
258,2580,-0.2435405639033661,-0.05831802674251021,0.09821134781413682,0.5,1.0,3539.9551291839743,turtle,random_search,0,-0.7582118091297927,10
259,2590,-0.24219609981945922,-0.02207852494152629,0.10508896465065669,0.5,1.0,3552.3832982780004,turtle,random_search,0,-0.7582118091297927,10
260,2600,-0.12815184163555315,0.0321868288644052,0.1103563857681976,0.5,1.0,3564.3319799229794,turtle,random_search,0,-0.7582118091297927,10
261,2610,-0.0852395941533084,0.027145117856109825,0.08014271538895663,0.5,1.0,3576.8091471179796,turtle,random_search,0,-0.7582118091297927,10
262,2620,-0.05832190738955223,0.004093413377562349,0.03848156169769361,0.5,1.0,3591.8326323369984,turtle,random_search,0,-0.7582118091297927,10
263,2630,-0.5746222027817192,-0.05406123151798958,0.2350408669044985,0.5,1.0,3606.443353188981,turtle,random_search,0,-0.7582118091297927,10
264,2640,-0.3264978186920908,-0.012027780348399464,0.16263863434398032,0.5,1.0,3616.362734845985,turtle,random_search,0,-0.7582118091297927,10
265,2650,-0.157479534903616,-0.01612113190935043,0.1028705091363807,0.5,1.0,3630.1588529709843,turtle,random_search,0,-0.7582118091297927,10
266,2660,-0.07081990558160989,0.030653472954308113,0.05785483686159653,0.5,1.0,3643.1196870209824,turtle,random_search,0,-0.7582118091297927,10
267,2670,-0.3193583090838823,-0.024266552751499228,0.12024093285531154,0.5,1.0,3655.0003659429785,turtle,random_search,0,-0.7582118091297927,10
268,2680,-0.11181043140019753,0.02407260950984593,0.08946030158746049,0.5,1.0,3669.5793331869936,turtle,random_search,0,-0.7582118091297927,10
269,2690,-0.17066171752613712,0.007105711047332974,0.1132769447329545,0.5,1.0,3683.066708978993,turtle,random_search,0,-0.7582118091297927,10
270,2700,-0.2273744546399552,0.008454449521023477,0.12627943283360255,0.5,1.0,3693.774561976985,turtle,random_search,0,-0.7582118091297927,10
271,2710,-0.10307926188578431,0.03133855510325301,0.08323045020498558,0.5,1.0,3706.909903768974,turtle,random_search,0,-0.7582118091297927,10
272,2720,-0.1668584394902881,-0.012814124456929843,0.0873988351457789,0.5,1.0,3718.941975319991,turtle,random_search,0,-0.7582118091297927,10
273,2730,-0.2785802752427209,-0.026730170694578524,0.16598551289022803,0.5,1.0,3730.9220659299754,turtle,random_search,0,-0.7582118091297927,10
274,2740,-0.24062832034613102,-0.013698030721698017,0.10097400301010898,0.5,1.0,3745.664530723996,turtle,random_search,0,-0.7582118091297927,10
275,2750,-0.134086904758556,-0.02017817610388466,0.06527180048810723,0.5,1.0,3762.296729119,turtle,random_search,0,-0.7582118091297927,10
276,2760,-0.1022344950337537,0.005472446291667943,0.0528702982284245,0.5,1.0,3778.617627433996,turtle,random_search,0,-0.7582118091297927,10
277,2770,-0.08309475920513609,-0.016606492849116083,0.04626090859130736,0.5,1.0,3793.462268366973,turtle,random_search,0,-0.7582118091297927,10
278,2780,-0.02339972935511181,0.05943986570596875,0.08563945010056127,0.5,1.0,3808.7103871500003,turtle,random_search,0,-0.7582118091297927,10
279,2790,-0.14885614375922263,0.001054077809220466,0.09166417049225282,0.5,1.0,3824.88622874298,turtle,random_search,0,-0.7582118091297927,10
280,2800,-0.22431306862306322,0.010136869572817364,0.10691134420795115,0.5,1.0,3838.9630165539857,turtle,random_search,0,-0.7582118091297927,10
281,2810,-0.26803185593020906,-0.048907444873499274,0.08822579167854776,0.5,1.0,3853.0726653879974,turtle,random_search,0,-0.7582118091297927,10
282,2820,-0.08662014403073748,0.004351719483297334,0.05880149512755713,0.5,1.0,3870.0206144199765,turtle,random_search,0,-0.7582118091297927,10
283,2830,-0.08897706619237766,-0.01006718698295712,0.04347759683038067,0.5,1.0,3884.771578546992,turtle,random_search,0,-0.7582118091297927,10
284,2840,-0.0782985108848866,0.013880328412933896,0.06713035876489128,0.5,1.0,3898.872549555992,turtle,random_search,0,-0.7582118091297927,10
285,2850,-0.09334767110333164,0.01772128644123141,0.09457802013413394,0.5,1.0,3915.8645747489936,turtle,random_search,0,-0.7582118091297927,10
286,2860,-0.1503505565104577,0.029273807321613176,0.09097024383323375,0.5,1.0,3929.214900697989,turtle,random_search,0,-0.7582118091297927,10
287,2870,-0.07813475330026609,0.02302284595955042,0.07296574510562708,0.5,1.0,3943.1309071199794,turtle,random_search,0,-0.7582118091297927,10
288,2880,-0.17775602762785514,0.008476684526770662,0.09071587807953055,0.5,1.0,3955.574049346993,turtle,random_search,0,-0.7582118091297927,10
289,2890,-0.11594971886827032,0.03500096949821048,0.12141028552058684,0.5,1.0,3969.8052901819756,turtle,random_search,0,-0.7582118091297927,10
290,2900,-0.08641638257273954,-0.002138786183205088,0.07048865661292975,0.5,1.0,3981.7308486179973,turtle,random_search,0,-0.7582118091297927,10
291,2910,-0.21231474005831785,0.007001168967415516,0.10404572602492838,0.5,1.0,3999.356604967994,turtle,random_search,0,-0.7582118091297927,10
292,2920,-0.027702824953808047,0.04866415158461566,0.053008596083105035,0.5,1.0,4013.2121036759927,turtle,random_search,0,-0.7582118091297927,10
293,2930,-0.2447001953925234,-0.04019329476897715,0.09563749614064501,0.5,1.0,4026.6427649309917,turtle,random_search,0,-0.7582118091297927,10
294,2940,-0.07048670344892738,0.03131767214821304,0.10943694913077819,0.5,1.0,4041.144698129996,turtle,random_search,0,-0.7582118091297927,10
295,2950,-0.08884163065216644,-0.004843348971026273,0.054806854064839025,0.5,1.0,4052.594920795993,turtle,random_search,0,-0.7582118091297927,10
296,2960,-0.07140517291356652,-0.0028474091362713063,0.05161155134089157,0.5,1.0,4067.6961059539753,turtle,random_search,0,-0.7582118091297927,10
297,2970,-0.21403146783515048,-0.02187149605753138,0.07364833521188983,0.5,1.0,4080.6009267609916,turtle,random_search,0,-0.7582118091297927,10
298,2980,-0.0922049612149829,-0.01468331402124221,0.05275845039606971,0.5,1.0,4092.551254334976,turtle,random_search,0,-0.7582118091297927,10
299,2990,-0.1697229005855867,0.005754870416734103,0.0746271888743932,0.5,1.0,4104.78974383499,turtle,random_search,0,-0.7582118091297927,10
300,3000,-0.23348739887112036,-0.03986637214741062,0.07494395635191117,0.5,1.0,4116.637483960978,turtle,random_search,0,-0.7582118091297927,10
301,3010,-0.38898256358458383,-0.02107470485724052,0.14388778915189254,0.5,1.0,4129.771074269986,turtle,random_search,0,-0.7582118091297927,10
302,3020,-0.05942050984846592,0.014749235230683411,0.05650374074434834,0.5,1.0,4143.750519739988,turtle,random_search,0,-0.7582118091297927,10
303,3030,-0.09046145535957262,0.003936868798748172,0.04983821745975355,0.5,1.0,4157.089344115986,turtle,random_search,0,-0.7582118091297927,10
304,3040,-0.07039777597163699,0.009247734807042819,0.0846291059717668,0.5,1.0,4171.189285560977,turtle,random_search,0,-0.7582118091297927,10
305,3050,-0.1688364757437837,0.01694491360157686,0.09638492842272499,0.5,1.0,4182.891934681975,turtle,random_search,0,-0.7582118091297927,10
306,3060,-0.18080177270795694,-0.0035212578912214632,0.09069912346505249,0.5,1.0,4197.776111949992,turtle,random_search,0,-0.7582118091297927,10
307,3070,-0.14674660209209822,0.048490754096734,0.15784851382871257,0.5,1.0,4210.872050992999,turtle,random_search,0,-0.7582118091297927,10
308,3080,-0.1524326055436127,-0.027365140875700432,0.05731504064400568,0.5,1.0,4222.665671192983,turtle,random_search,0,-0.7582118091297927,10
309,3090,-0.0607090027793431,0.026417855899693254,0.10148041474841467,0.5,1.0,4234.965583284997,turtle,random_search,0,-0.7582118091297927,10
310,3100,-0.27558775256710444,0.008182372695652695,0.10700203605217921,0.5,1.0,4250.981597352977,turtle,random_search,0,-0.7582118091297927,10
311,3110,-0.12772557825510322,-0.020451471393849997,0.09061609328621532,0.5,1.0,4260.849028880999,turtle,random_search,0,-0.7582118091297927,10
312,3120,-0.4588398142923191,-0.08156482240726248,0.1509684667818445,0.5,1.0,4273.004690362985,turtle,random_search,0,-0.7582118091297927,10
313,3130,-0.3769628278167767,-0.04914481350473423,0.1547509004446381,0.5,1.0,4284.092343318975,turtle,random_search,0,-0.7582118091297927,10
314,3140,-0.10100840008610046,-0.009571258964143148,0.05976603154884344,0.5,1.0,4296.661952679977,turtle,random_search,0,-0.7582118091297927,10
315,3150,-0.15062410579181496,-0.046753561210437854,0.05457634673964678,0.5,1.0,4308.148803040996,turtle,random_search,0,-0.7582118091297927,10
316,3160,-0.2158687499917269,0.013447531568335336,0.1257633813618283,0.5,1.0,4320.1043182529975,turtle,random_search,0,-0.7582118091297927,10
317,3170,-0.15898538526283534,0.0042679701526871835,0.07213539247808481,0.5,1.0,4333.351958781976,turtle,random_search,0,-0.7582118091297927,10
318,3180,-0.1989993223141484,-0.011660845370204776,0.09960792842782878,0.5,1.0,4349.3630366719735,turtle,random_search,0,-0.7582118091297927,10
319,3190,-0.11113970751954039,-0.002213645435240963,0.11117846089011771,0.5,1.0,4361.29723470399,turtle,random_search,0,-0.7582118091297927,10
320,3200,-0.4160435661922577,-0.04352473608766942,0.16325615393960533,0.5,1.0,4371.800403491972,turtle,random_search,0,-0.7582118091297927,10
321,3210,-0.06270611642652657,0.01760871364993024,0.03665722404865803,0.5,1.0,4384.276289036992,turtle,random_search,0,-0.7582118091297927,10
322,3220,-0.07419503576912323,0.004809278093589419,0.04405305974556009,0.5,1.0,4396.957831231994,turtle,random_search,0,-0.7582118091297927,10
323,3230,-0.135431797067886,0.06328174540338569,0.10884170256269642,0.5,1.0,4410.707608042983,turtle,random_search,0,-0.7582118091297927,10
324,3240,-0.26296141079384405,-0.03942571091593265,0.09781166091605914,0.5,1.0,4423.510241922981,turtle,random_search,0,-0.7582118091297927,10
325,3250,-0.16470581977468424,-0.05394185107159499,0.05951558651459701,0.5,1.0,4436.605257321993,turtle,random_search,0,-0.7582118091297927,10
326,3260,-0.11240343141921016,0.018161044189271093,0.09504704639065836,0.5,1.0,4450.210057973978,turtle,random_search,0,-0.7582118091297927,10
327,3270,-0.35140294136928585,-0.07132562424083747,0.1317305588451474,0.5,1.0,4462.950011052977,turtle,random_search,0,-0.7582118091297927,10
328,3280,-0.08358756867467587,0.04479058129334694,0.09564068577122495,0.5,1.0,4476.603699043975,turtle,random_search,0,-0.7582118091297927,10
329,3290,-0.18994772181998432,0.07219596969454596,0.1288252806109823,0.5,1.0,4487.600892810995,turtle,random_search,0,-0.7582118091297927,10
330,3300,-0.054765010490753774,0.04691995573250143,0.06588795161815356,0.5,1.0,4501.744370458997,turtle,random_search,0,-0.7582118091297927,10
331,3310,-0.1944795131837127,-0.011569205032485642,0.0862566207293232,0.5,1.0,4514.978407103976,turtle,random_search,0,-0.7582118091297927,10
332,3320,-0.14777508498029235,-0.0017851666377043606,0.06823695054929095,0.5,1.0,4533.244451688981,turtle,random_search,0,-0.7582118091297927,10
333,3330,-0.23041611324772227,-0.08306249155406845,0.10440218809916098,0.5,1.0,4549.244567971997,turtle,random_search,0,-0.7582118091297927,10
334,3340,-0.04781263112715983,0.021316320080773554,0.053552478557834036,0.5,1.0,4561.9968038989755,turtle,random_search,0,-0.7582118091297927,10
335,3350,-0.37007571158661623,-0.019413891334753595,0.1534346306983983,0.5,1.0,4576.744270783995,turtle,random_search,0,-0.7582118091297927,10
336,3360,-0.1823566209187657,-0.015720156443450685,0.1022938080862644,0.5,1.0,4588.14064527498,turtle,random_search,0,-0.7582118091297927,10
337,3370,-0.16621971142054282,-0.034181633728621465,0.07108565853922914,0.5,1.0,4603.283016079979,turtle,random_search,0,-0.7582118091297927,10
338,3380,-0.10715894634105094,-0.01338120683722357,0.0593470968859798,0.5,1.0,4619.721859560988,turtle,random_search,0,-0.7582118091297927,10
339,3390,-0.14310439621738613,0.019407935256446063,0.0971611663721679,0.5,1.0,4637.378215881996,turtle,random_search,0,-0.7582118091297927,10
340,3400,-0.15079974221669268,-0.03200035628824418,0.05962583137550462,0.5,1.0,4649.112153431983,turtle,random_search,0,-0.7582118091297927,10
341,3410,-0.17057727752239593,-0.016533473308598536,0.10860746111465931,0.5,1.0,4661.887216569972,turtle,random_search,0,-0.7582118091297927,10
342,3420,-0.255519784703127,0.02862589852734798,0.15145805007342272,0.5,1.0,4675.684867363976,turtle,random_search,0,-0.7582118091297927,10
343,3430,-0.10343958504905792,-0.006492936008622508,0.08354775179770198,0.5,1.0,4688.750656007993,turtle,random_search,0,-0.7582118091297927,10
344,3440,-0.2260809241817201,-0.03384026972714969,0.08651836126441001,0.5,1.0,4705.083339246979,turtle,random_search,0,-0.7582118091297927,10
345,3450,-0.08243114531387352,0.0017189649635424686,0.05071661230846726,0.5,1.0,4718.390812864993,turtle,random_search,0,-0.7582118091297927,10
346,3460,-0.07058755125759131,0.0005784241415881297,0.062362970903291265,0.5,1.0,4730.164583515987,turtle,random_search,0,-0.7582118091297927,10
347,3470,-0.3747974039725568,-0.03181822269475036,0.16314899507667294,0.5,1.0,4749.961766528984,turtle,random_search,0,-0.7582118091297927,10
348,3480,-0.13847489201790086,0.002853559790616167,0.09930701898667654,0.5,1.0,4765.553028442984,turtle,random_search,0,-0.7582118091297927,10
349,3490,-0.03300167792130981,0.04473166087969087,0.08705863701963369,0.5,1.0,4783.771672034985,turtle,random_search,0,-0.7582118091297927,10
350,3500,-0.0976026430969883,-0.019891123846709036,0.06142700873446219,0.5,1.0,4796.570588840987,turtle,random_search,0,-0.7582118091297927,10
351,3510,-0.10291194280876148,0.012893195157621041,0.08432902597887612,0.5,1.0,4809.779491586989,turtle,random_search,0,-0.7582118091297927,10
352,3520,-0.05553438306067893,0.0440918257481834,0.07904192703826138,0.5,1.0,4826.481035250996,turtle,random_search,0,-0.7582118091297927,10
353,3530,-0.08631695930688199,0.015241393920251412,0.04843544010113411,0.5,1.0,4840.899563485,turtle,random_search,0,-0.7582118091297927,10
354,3540,-0.2600356805609092,0.014349116680851282,0.15676170568736614,0.5,1.0,4855.843815848988,turtle,random_search,0,-0.7582118091297927,10
355,3550,-0.10807897453847826,0.010525528170342824,0.06687720522684142,0.5,1.0,4869.5473600329715,turtle,random_search,0,-0.7582118091297927,10
356,3560,-0.20173595414069911,-0.03805245592606203,0.0774762904558765,0.5,1.0,4882.054197562975,turtle,random_search,0,-0.7582118091297927,10
357,3570,-0.11700917723732829,-0.021185465446184625,0.048497982098801774,0.5,1.0,4897.196121800982,turtle,random_search,0,-0.7582118091297927,10
358,3580,-0.2146089705758074,0.036050672049343827,0.12077336198462398,0.5,1.0,4913.669733680988,turtle,random_search,0,-0.7582118091297927,10
359,3590,-0.13400200255714,-0.014772016952174472,0.05474988932681883,0.5,1.0,4926.899247861991,turtle,random_search,0,-0.7582118091297927,10
360,3600,-0.3029552150554906,0.00920382591737603,0.18836273734334133,0.5,1.0,4940.805852316,turtle,random_search,0,-0.7582118091297927,10
361,3610,-0.12256886195235417,0.019577776280258252,0.08288807028578135,0.5,1.0,4957.307419861987,turtle,random_search,0,-0.7582118091297927,10
362,3620,-0.03493981931176293,0.04790770467986567,0.08947603759980975,0.5,1.0,4972.407687482977,turtle,random_search,0,-0.7582118091297927,10
363,3630,-0.07476773493740119,-0.00013628806170427055,0.05256161640477758,0.5,1.0,4986.386324465973,turtle,random_search,0,-0.7582118091297927,10
364,3640,-0.1674652289999985,-0.0020184529773672466,0.07114734855128987,0.5,1.0,5001.489002809976,turtle,random_search,0,-0.7582118091297927,10
365,3650,-0.08812577232821184,0.03130252062842835,0.0837941978489704,0.5,1.0,5015.585234460974,turtle,random_search,0,-0.7582118091297927,10
366,3660,-0.15342512708847966,-0.015794899553407404,0.06426737346432075,0.5,1.0,5029.338113401987,turtle,random_search,0,-0.7582118091297927,10
367,3670,-0.26578455418471236,-0.05675208947729349,0.08913469141314,0.5,1.0,5037.835285277979,turtle,random_search,0,-0.7582118091297927,10
368,3680,-0.052214728429276214,-0.002421511594300085,0.04714202784597014,0.5,1.0,5052.216787692974,turtle,random_search,0,-0.7582118091297927,10
369,3690,-0.1874621554259921,0.991085917689486,3.005388665604363,0.5,1.0,5067.431566081999,turtle,random_search,0,-0.7582118091297927,10
370,3700,-0.26067265408927653,-0.04372683994918267,0.09071642730291317,0.5,1.0,5078.156248719984,turtle,random_search,0,-0.7582118091297927,10
371,3710,-0.11285697157268171,0.011225175957711376,0.06966940157402976,0.5,1.0,5091.816674045986,turtle,random_search,0,-0.7582118091297927,10
372,3720,-0.16883966813855356,-0.03936320229001922,0.07352381275121482,0.5,1.0,5105.998964801984,turtle,random_search,0,-0.7582118091297927,10
373,3730,-0.16596025749019994,-0.049369110487506786,0.07852354251756101,0.5,1.0,5118.254274372972,turtle,random_search,0,-0.7582118091297927,10
374,3740,-0.14322634598449113,0.013046394376172277,0.08333414366816788,0.5,1.0,5130.490453681996,turtle,random_search,0,-0.7582118091297927,10
375,3750,-0.2445313755100793,0.008108145896647656,0.12277376338728721,0.5,1.0,5144.095300725981,turtle,random_search,0,-0.7582118091297927,10
376,3760,-0.16652884187540806,-0.021517270662694266,0.07918564531509766,0.5,1.0,5158.022477981984,turtle,random_search,0,-0.7582118091297927,10
377,3770,-0.19835067494880132,-0.021017411686283082,0.086239780321487,0.5,1.0,5171.700972630992,turtle,random_search,0,-0.7582118091297927,10
378,3780,-0.2763618966797301,0.9585100223569878,3.015458133569566,0.5,1.0,5184.807265614974,turtle,random_search,0,-0.7582118091297927,10
379,3790,-0.30366902659817274,-0.03239534087711906,0.12496458953685181,0.5,1.0,5197.4286673530005,turtle,random_search,0,-0.7582118091297927,10
380,3800,-0.15043628887476235,0.01994788451588043,0.07499916435507137,0.5,1.0,5210.703261428978,turtle,random_search,0,-0.7582118091297927,10
381,3810,-0.105019333020957,0.018565527646087786,0.08943099975559343,0.5,1.0,5224.574032995995,turtle,random_search,0,-0.7582118091297927,10
382,3820,-0.19674934428248747,0.06420829194293667,0.139894776338325,0.5,1.0,5236.989209679974,turtle,random_search,0,-0.7582118091297927,10
383,3830,-0.22027358273571984,0.02780792376275896,0.11294729426426238,0.5,1.0,5248.763932107977,turtle,random_search,0,-0.7582118091297927,10
384,3840,-0.05512641929019413,0.011047712198348058,0.06191174416139077,0.5,1.0,5264.052561928984,turtle,random_search,0,-0.7582118091297927,10
385,3850,-0.19852206068988743,0.052061737766772254,0.12255228499152356,0.5,1.0,5278.2540552499995,turtle,random_search,0,-0.7582118091297927,10
386,3860,-0.12203836933913248,0.02498274645618013,0.07553543026958219,0.5,1.0,5292.471776045975,turtle,random_search,0,-0.7582118091297927,10
387,3870,-0.10246179941205469,-0.012719738084454502,0.043616496815690985,0.5,1.0,5304.529660973989,turtle,random_search,0,-0.7582118091297927,10
388,3880,-0.11358998361398864,-0.012606475721165555,0.08109896492167064,0.5,1.0,5319.512816541974,turtle,random_search,0,-0.7582118091297927,10
389,3890,-0.05512267434343965,0.04236674076801537,0.05709163877773339,0.5,1.0,5337.921021166985,turtle,random_search,0,-0.7582118091297927,10
390,3900,-0.19816555843107153,-0.03726256454168038,0.08751745247216453,0.5,1.0,5347.006134796975,turtle,random_search,0,-0.7582118091297927,10
391,3910,-0.09491294992672561,0.00973190253663061,0.12253351443029038,0.5,1.0,5359.953844274976,turtle,random_search,0,-0.7582118091297927,10
392,3920,-0.09956918234676948,0.0093074683049851,0.08476308289689644,0.5,1.0,5373.3518545739935,turtle,random_search,0,-0.7582118091297927,10
393,3930,-0.34428288546078356,-0.03057167338793363,0.1364998649019511,0.5,1.0,5382.49388592699,turtle,random_search,0,-0.7582118091297927,10
394,3940,-0.07093472995620065,0.047287484797033395,0.10875241729946086,0.5,1.0,5397.289607435989,turtle,random_search,0,-0.7582118091297927,10
395,3950,-0.2975863840914137,-0.049203917982155156,0.09520627992102815,0.5,1.0,5406.439512101992,turtle,random_search,0,-0.7582118091297927,10
396,3960,-0.08597012833369533,0.018177172968779853,0.045448637344884045,0.5,1.0,5424.998554791993,turtle,random_search,0,-0.7582118091297927,10
397,3970,-0.08405689345601619,0.027713100430865723,0.10237893896483155,0.5,1.0,5439.572308433999,turtle,random_search,0,-0.7582118091297927,10
398,3980,-0.02994843157403082,0.03299363221056391,0.045516106765077335,0.5,1.0,5450.902318076987,turtle,random_search,0,-0.7582118091297927,10
399,3990,-0.052271850611963266,0.02926713769333249,0.07593493812247878,0.5,1.0,5461.143740682979,turtle,random_search,0,-0.7582118091297927,10
400,4000,-0.1420889025786023,-0.010132978798312653,0.07749177720966134,0.5,1.0,5477.4015051839815,turtle,random_search,0,-0.7582118091297927,10
401,4010,-0.12417166981903804,0.021186325437914367,0.08427348791065765,0.5,1.0,5494.926293379976,turtle,random_search,0,-0.7582118091297927,10
402,4020,-0.36944461492853176,-0.056346398550602306,0.1392551772401921,0.5,1.0,5508.7172873889795,turtle,random_search,0,-0.7582118091297927,10
403,4030,-0.11106512206377328,0.04434458361294515,0.1045836110173658,0.5,1.0,5520.911871933,turtle,random_search,0,-0.7582118091297927,10
404,4040,-0.07058577170993363,-0.02515724211896666,0.03308215358708352,0.5,1.0,5535.067720626976,turtle,random_search,0,-0.7582118091297927,10
405,4050,-0.129206462576815,-0.003528072916480429,0.09259805441372397,0.5,1.0,5545.2993828369945,turtle,random_search,0,-0.7582118091297927,10
406,4060,-0.08148919771324081,0.02116394069894607,0.07444839285852599,0.5,1.0,5558.226478460972,turtle,random_search,0,-0.7582118091297927,10
407,4070,-0.28038565524695525,-0.02207038744044416,0.10486343320149404,0.5,1.0,5575.837742831995,turtle,random_search,0,-0.7582118091297927,10
408,4080,-0.1253515574386217,0.017926538196329743,0.08675656347964271,0.5,1.0,5586.69996384898,turtle,random_search,0,-0.7582118091297927,10
409,4090,-0.06699457403737785,0.010612053983079229,0.05182712648302426,0.5,1.0,5600.68943825399,turtle,random_search,0,-0.7582118091297927,10
410,4100,-0.256202451348428,-0.045548932302475184,0.09717659789819989,0.5,1.0,5612.725265242974,turtle,random_search,0,-0.7582118091297927,10
411,4110,-0.22765753197570504,-0.011577829542085461,0.1273032426774578,0.5,1.0,5625.969069070998,turtle,random_search,0,-0.7582118091297927,10
412,4120,-0.28881463172098787,-0.02663728700459709,0.09920419900722378,0.5,1.0,5638.186639515974,turtle,random_search,0,-0.7582118091297927,10
413,4130,-0.24954593278038928,-0.01089569284421863,0.09513208263581556,0.5,1.0,5649.257130516984,turtle,random_search,0,-0.7582118091297927,10
414,4140,-0.21350208093071465,-0.014019613445564261,0.09333542774323017,0.5,1.0,5663.810153215978,turtle,random_search,0,-0.7582118091297927,10
415,4150,-0.15200063274219033,0.011273536052557986,0.08050550573176853,0.5,1.0,5673.600602302991,turtle,random_search,0,-0.7582118091297927,10
416,4160,-0.06870979224768092,0.024687370920586725,0.05918681881130061,0.5,1.0,5688.2860835479805,turtle,random_search,0,-0.7582118091297927,10
417,4170,-0.07832700645885637,0.016923940310518228,0.06929275024732258,0.5,1.0,5698.297687580984,turtle,random_search,0,-0.7582118091297927,10
418,4180,-0.181335113745825,-0.004810749184135687,0.07428238740598105,0.5,1.0,5713.816270827985,turtle,random_search,0,-0.7582118091297927,10
419,4190,-0.10021494776030693,-0.026832509566466455,0.053769728221746665,0.5,1.0,5727.22797396098,turtle,random_search,0,-0.7582118091297927,10
420,4200,-0.385188872662396,-0.06762123483796438,0.1236889047263088,0.5,1.0,5740.173222363985,turtle,random_search,0,-0.7582118091297927,10
421,4210,-0.21860555877767318,-0.005253835440340815,0.09422643676841864,0.5,1.0,5752.837702117977,turtle,random_search,0,-0.7582118091297927,10
422,4220,-0.3075193616076133,-0.030103627869177797,0.09992460237353902,0.5,1.0,5768.389954859973,turtle,random_search,0,-0.7582118091297927,10
423,4230,-0.13722469858263953,0.006102064091914805,0.07610593466427988,0.5,1.0,5781.923150995979,turtle,random_search,0,-0.7582118091297927,10
424,4240,-0.2353831394561059,-0.015381258080401316,0.12524303034494993,0.5,1.0,5793.209947868978,turtle,random_search,0,-0.7582118091297927,10
425,4250,-0.05514194608986056,0.022481445667994215,0.055305976122799284,0.5,1.0,5806.6578230099985,turtle,random_search,0,-0.7582118091297927,10
426,4260,-0.08512948687832456,0.009125877972021357,0.05657713901795254,0.5,1.0,5816.671571072977,turtle,random_search,0,-0.7582118091297927,10
427,4270,-0.013515779148823626,0.03472568949365531,0.04676177750905113,0.5,1.0,5828.864171491994,turtle,random_search,0,-0.7582118091297927,10
428,4280,-0.05859976416466761,0.046965328877719426,0.082142540205306,0.5,1.0,5837.874652478,turtle,random_search,0,-0.7582118091297927,10
429,4290,-0.07852719271616326,0.05176003338815249,0.11164417440793657,0.5,1.0,5851.213428900985,turtle,random_search,0,-0.7582118091297927,10
430,4300,-0.0897679624263068,0.03253225138988665,0.05728609946395481,0.5,1.0,5866.174766287993,turtle,random_search,0,-0.7582118091297927,10
431,4310,-0.10073510699239563,0.012221504424689921,0.061155487403321794,0.5,1.0,5878.856265611976,turtle,random_search,0,-0.7582118091297927,10
432,4320,-0.09813281961615417,-0.009225428493781518,0.09623582727885603,0.5,1.0,5891.822070183,turtle,random_search,0,-0.7582118091297927,10
433,4330,-0.09368087538903325,0.02136188044529641,0.08622577984003939,0.5,1.0,5906.012959403975,turtle,random_search,0,-0.7582118091297927,10
434,4340,-0.19312889437221603,-0.022420438041531553,0.0830738069266269,0.5,1.0,5914.688291992992,turtle,random_search,0,-0.7582118091297927,10
435,4350,-0.08227407297860623,0.010374842184522937,0.07348380725038485,0.5,1.0,5928.262412066979,turtle,random_search,0,-0.7582118091297927,10
436,4360,-0.07977717840747012,0.002278922928619753,0.03871047323872619,0.5,1.0,5939.567934277991,turtle,random_search,0,-0.7582118091297927,10
437,4370,-0.22883199413203315,-0.05033912185645377,0.10870316925706465,0.5,1.0,5951.243875720975,turtle,random_search,0,-0.7582118091297927,10
438,4380,-0.13958257573754196,-0.00984458343473582,0.0669689043465042,0.5,1.0,5962.418034534989,turtle,random_search,0,-0.7582118091297927,10
439,4390,-0.023277864070488263,0.039613949690899555,0.04093721795908636,0.5,1.0,5976.350656481984,turtle,random_search,0,-0.7582118091297927,10
440,4400,-0.2487007986179144,-0.02994007181081946,0.09086296140124935,0.5,1.0,5986.797110557993,turtle,random_search,0,-0.7582118091297927,10
441,4410,-0.07182776853734296,0.009192107857452659,0.060239829897988546,0.5,1.0,6002.637350323988,turtle,random_search,0,-0.7582118091297927,10
442,4420,-0.043129104501841375,0.05229450272545284,0.08358248448852348,0.5,1.0,6014.759362854995,turtle,random_search,0,-0.7582118091297927,10
443,4430,-0.22623683990632681,0.01678308630444798,0.10186093738949514,0.5,1.0,6031.2232827659755,turtle,random_search,0,-0.7582118091297927,10
444,4440,-0.032345047017023454,0.07102661739166986,0.08160234881061974,0.5,1.0,6043.935746006988,turtle,random_search,0,-0.7582118091297927,10
445,4450,0.011407136479149038,0.06404653895698234,0.05152844816992542,0.5,1.0,6054.505639356998,turtle,random_search,0,-0.7582118091297927,10
446,4460,-0.2419614698095609,0.007192341958247006,0.1258776621741582,0.5,1.0,6068.564087993989,turtle,random_search,0,-0.7582118091297927,10
447,4470,-0.11970589797306985,-0.009236927802812822,0.05731939390857836,0.5,1.0,6085.197305286973,turtle,random_search,0,-0.7582118091297927,10
448,4480,-0.24707746276485842,-0.023567681861601207,0.12551166961028712,0.5,1.0,6097.686828684993,turtle,random_search,0,-0.7582118091297927,10
449,4490,-0.16368897692986017,-0.005590003954436451,0.08834384383669074,0.5,1.0,6110.9799142229895,turtle,random_search,0,-0.7582118091297927,10
450,4500,-0.14332450193727286,0.0021230527796825883,0.06503237207786776,0.5,1.0,6121.803719572985,turtle,random_search,0,-0.7582118091297927,10
451,4510,-0.10242282168094441,-0.0034353501190759416,0.0822528455222822,0.5,1.0,6135.795743279974,turtle,random_search,0,-0.7582118091297927,10
452,4520,-0.24292406701082125,0.02966686110608885,0.1169802725249876,0.5,1.0,6149.892303841974,turtle,random_search,0,-0.7582118091297927,10
453,4530,-0.6882596296775221,-0.09256991809839628,0.2034164608730585,0.5,1.0,6162.5154752549715,turtle,random_search,0,-0.7582118091297927,10
454,4540,-0.09366824837605581,-0.007180892069831302,0.04344909768609409,0.5,1.0,6175.084136110992,turtle,random_search,0,-0.7582118091297927,10
455,4550,-0.18488717154034795,0.006714641535691878,0.08950794421757717,0.5,1.0,6191.368225000973,turtle,random_search,0,-0.7582118091297927,10
456,4560,-0.2301166157047989,0.9802400580375454,3.0079346989956823,0.5,1.0,6206.529284996999,turtle,random_search,0,-0.7582118091297927,10
457,4570,-0.08952266777419471,0.009510749743142987,0.06394378597185049,0.5,1.0,6217.075261993974,turtle,random_search,0,-0.7582118091297927,10
458,4580,-0.10716295157430977,-0.0036078833647638755,0.052072212449560076,0.5,1.0,6229.917412606999,turtle,random_search,0,-0.7582118091297927,10
459,4590,-0.23224181552923095,-0.03787840085074521,0.1084777668509198,0.5,1.0,6242.603310962993,turtle,random_search,0,-0.7582118091297927,10
460,4600,-0.25146777149102295,0.004918375304685885,0.13954732244715062,0.5,1.0,6255.269133518974,turtle,random_search,0,-0.7582118091297927,10
461,4610,-0.11379897916922133,-0.017700687644027102,0.0709960240299866,0.5,1.0,6265.218660857994,turtle,random_search,0,-0.7582118091297927,10
462,4620,-0.2492483046078453,-0.05226167961237023,0.08614428935137734,0.5,1.0,6276.393288529973,turtle,random_search,0,-0.7582118091297927,10
463,4630,-0.2590221537591555,0.9955147035807489,3.003310861054107,0.5,1.0,6293.01976149698,turtle,random_search,0,-0.7582118091297927,10
464,4640,-0.06214979854464442,0.018267197564732295,0.08185496479890739,0.5,1.0,6307.516373314982,turtle,random_search,0,-0.7582118091297927,10
465,4650,-0.13659496144660377,-0.012855537189798927,0.07396356224359381,0.5,1.0,6322.334365680988,turtle,random_search,0,-0.7582118091297927,10
466,4660,-0.03151323854566268,0.05028017152461626,0.10309124772220671,0.5,1.0,6335.117651711975,turtle,random_search,0,-0.7582118091297927,10
467,4670,-0.3382395772553197,-0.06988069051887127,0.11966601111074877,0.5,1.0,6346.835798456974,turtle,random_search,0,-0.7582118091297927,10
468,4680,-0.047372268113596405,0.03461454953040164,0.03621241522620334,0.5,1.0,6358.9445094279945,turtle,random_search,0,-0.7582118091297927,10
469,4690,-0.09130220580299842,-0.010523244059207394,0.05315792125581081,0.5,1.0,6370.766140080988,turtle,random_search,0,-0.7582118091297927,10
470,4700,-0.235026059154678,-0.04828494921885076,0.10849632467823292,0.5,1.0,6383.598499959975,turtle,random_search,0,-0.7582118091297927,10
471,4710,-0.2636779815941166,-0.02519534311692011,0.11161448880165326,0.5,1.0,6396.9121953379945,turtle,random_search,0,-0.7582118091297927,10
472,4720,-0.22208241395748285,0.004508158043681298,0.09141527256063303,0.5,1.0,6410.081338468997,turtle,random_search,0,-0.7582118091297927,10
473,4730,-0.21274132527876155,-0.007168993582811911,0.09374610363135069,0.5,1.0,6421.165708128974,turtle,random_search,0,-0.7582118091297927,10
474,4740,-0.33215318817544937,0.9423300452879037,3.0226939947173936,0.5,1.0,6435.678904007975,turtle,random_search,0,-0.7582118091297927,10
475,4750,-0.13066311565638333,-0.002335823473795351,0.07502184874814012,0.5,1.0,6453.09223624898,turtle,random_search,0,-0.7582118091297927,10
476,4760,-0.043117489663983655,0.0291771510598303,0.07038933638537935,0.5,1.0,6468.730309442995,turtle,random_search,0,-0.7582118091297927,10
477,4770,-0.01070829435191989,0.06212679526862628,0.04946048363039878,0.5,1.0,6483.380005677987,turtle,random_search,0,-0.7582118091297927,10
478,4780,-0.11469417728804654,0.03283855596120446,0.09013267991056167,0.5,1.0,6497.233703820995,turtle,random_search,0,-0.7582118091297927,10
479,4790,-0.08737463565438208,0.014953718701342478,0.050511202416401835,0.5,1.0,6509.034709334985,turtle,random_search,0,-0.7582118091297927,10
480,4800,-0.06310129187059044,0.023036078502501934,0.055424792830128675,0.5,1.0,6522.633402364998,turtle,random_search,0,-0.7582118091297927,10
481,4810,-0.10549886694960087,0.004926917479542592,0.0582427377868879,0.5,1.0,6537.869840581989,turtle,random_search,0,-0.7582118091297927,10
482,4820,-0.14521753547945515,-0.028532558265046682,0.06925198156455926,0.5,1.0,6554.496645526,turtle,random_search,0,-0.7582118091297927,10
483,4830,-0.06090364173032636,0.008673089304018689,0.05224390328827092,0.5,1.0,6569.827624908998,turtle,random_search,0,-0.7582118091297927,10
484,4840,-0.1145921431676884,-0.013681956674374707,0.04820619103027473,0.5,1.0,6589.63227772899,turtle,random_search,0,-0.7582118091297927,10
485,4850,-0.1303075033255725,-0.007495348068248475,0.08882023567026522,0.5,1.0,6604.928049315,turtle,random_search,0,-0.7582118091297927,10
486,4860,-0.13819859761765674,-0.022744446293801346,0.04523373822506113,0.5,1.0,6621.3725689459825,turtle,random_search,0,-0.7582118091297927,10
487,4870,-0.07441765893082941,0.030663812216974583,0.10297549509261658,0.5,1.0,6637.689402228978,turtle,random_search,0,-0.7582118091297927,10
488,4880,-0.11176634325953394,0.01267114884495948,0.0850019456410987,0.5,1.0,6651.443809765973,turtle,random_search,0,-0.7582118091297927,10
489,4890,-0.0852021623021253,0.04594730214206706,0.11651650160854003,0.5,1.0,6664.589635168988,turtle,random_search,0,-0.7582118091297927,10
490,4900,-0.08086151047996282,0.02207385366322807,0.0595037650121902,0.5,1.0,6679.0309446169995,turtle,random_search,0,-0.7582118091297927,10
491,4910,-0.20726433308280257,-0.006990534577508445,0.08873458686211073,0.5,1.0,6688.139545934973,turtle,random_search,0,-0.7582118091297927,10
492,4920,-0.18956955118698993,1.0109114393664953,2.999140234775801,0.5,1.0,6701.642470106977,turtle,random_search,0,-0.7582118091297927,10
493,4930,-0.44629726297180383,-0.0360947987441433,0.14914638746870768,0.5,1.0,6716.793982858973,turtle,random_search,0,-0.7582118091297927,10
494,4940,-0.14598462308416327,0.06042344818795211,0.12739778099700122,0.5,1.0,6731.072817238979,turtle,random_search,0,-0.7582118091297927,10
495,4950,-0.03627776520605419,0.037099789560161335,0.05420823765856283,0.5,1.0,6754.799799576984,turtle,random_search,0,-0.7582118091297927,10
496,4960,-0.31252638480054795,0.001029676912334132,0.13658303558957,0.5,1.0,6771.014397788997,turtle,random_search,0,-0.7582118091297927,10
497,4970,-0.04231929602450624,0.04045106892896797,0.0647727608484509,0.5,1.0,6792.350504861999,turtle,random_search,0,-0.7582118091297927,10
498,4980,-0.22687896262359253,0.005037521903981368,0.09637381256247521,0.5,1.0,6807.892385692976,turtle,random_search,0,-0.7582118091297927,10
499,4990,-0.17967212120813958,-0.01748282527804248,0.08285815263158731,0.5,1.0,6825.056750771997,turtle,random_search,0,-0.7582118091297927,10
500,5000,-0.16370473074567293,0.021612016258653544,0.08308007314841015,0.5,1.0,6844.193047428998,turtle,random_search,0,-0.7582118091297927,10
501,5010,-0.2028427178130725,-0.022362161607835596,0.09100277408644196,0.5,1.0,6861.187826375972,turtle,random_search,0,-0.7582118091297927,10
502,5020,-0.07448239171998328,0.043069460441904274,0.08818948493786696,0.5,1.0,6875.409644419997,turtle,random_search,0,-0.7582118091297927,10
503,5030,-0.219774826811574,-0.005563167527645163,0.09766799019516936,0.5,1.0,6890.456091107975,turtle,random_search,0,-0.7582118091297927,10
504,5040,-0.14484407859563664,0.05761410020237427,0.1265564747915629,0.5,1.0,6906.375284403999,turtle,random_search,0,-0.7582118091297927,10
505,5050,-0.17537176964527212,-0.000037636673108387696,0.07613463938770618,0.5,1.0,6924.295251602976,turtle,random_search,0,-0.7582118091297927,10
506,5060,-0.10048039217154958,0.0530217003850761,0.16223831118978246,0.5,1.0,6941.241890093981,turtle,random_search,0,-0.7582118091297927,10
507,5070,-0.05153929321649109,0.044430974174595496,0.07557572178052856,0.5,1.0,6955.601058070984,turtle,random_search,0,-0.7582118091297927,10
508,5080,-0.0728232214462583,0.010692107488892332,0.04741308798048934,0.5,1.0,6971.633537780988,turtle,random_search,0,-0.7582118091297927,10
509,5090,-0.17134243141997985,0.00005497538514651623,0.0869691515383404,0.5,1.0,6988.003128215991,turtle,random_search,0,-0.7582118091297927,10
510,5100,-0.08273074549325976,0.030175758865684178,0.07071845139107483,0.5,1.0,7007.539141385991,turtle,random_search,0,-0.7582118091297927,10
511,5110,-0.13780333064258876,-0.029111991292359994,0.07686705991065522,0.5,1.0,7023.696013790992,turtle,random_search,0,-0.7582118091297927,10
512,5120,-0.28174103101567116,-0.03381920520880719,0.10106908338572457,0.5,1.0,7040.286406355997,turtle,random_search,0,-0.7582118091297927,10
513,5130,-0.03944255090904836,0.03942443811575682,0.061681434296405074,0.5,1.0,7057.007658733986,turtle,random_search,0,-0.7582118091297927,10
514,5140,-0.2460322242076325,-0.04909688870714328,0.08061151148637692,0.5,1.0,7070.1709993489785,turtle,random_search,0,-0.7582118091297927,10
515,5150,-0.5034207740605581,-0.0870496849521099,0.1886443930952702,0.5,1.0,7085.909475744993,turtle,random_search,0,-0.7582118091297927,10
516,5160,-0.1598896405504222,-0.0036328934548988554,0.09093181997951166,0.5,1.0,7101.980653354985,turtle,random_search,0,-0.7582118091297927,10
517,5170,-0.08788757970593508,0.03267477626193251,0.06545416086640977,0.5,1.0,7116.048585157987,turtle,random_search,0,-0.7582118091297927,10
518,5180,-0.16234276664011738,0.05749234340660818,0.09903791264047575,0.5,1.0,7132.288014777994,turtle,random_search,0,-0.7582118091297927,10
519,5190,-0.05343593141324998,0.020269766059649186,0.039835856481507996,0.5,1.0,7146.370492903981,turtle,random_search,0,-0.7582118091297927,10
520,5200,-0.2598185560020072,-0.015489708738074181,0.11277974704024775,0.5,1.0,7161.351830321975,turtle,random_search,0,-0.7582118091297927,10
521,5210,-0.30106988745845076,-0.0500818453486799,0.11123335492971764,0.5,1.0,7175.339915523975,turtle,random_search,0,-0.7582118091297927,10
522,5220,-0.08875806497267469,-0.015231180774799125,0.04323551035270735,0.5,1.0,7190.914595418988,turtle,random_search,0,-0.7582118091297927,10
523,5230,-0.04258473424663123,0.05526773090707353,0.06165682715067248,0.5,1.0,7205.9168181209825,turtle,random_search,0,-0.7582118091297927,10
524,5240,-0.2276043599601234,0.027079468499479554,0.15887593886126017,0.5,1.0,7223.160759668972,turtle,random_search,0,-0.7582118091297927,10
525,5250,-0.16435894371208626,0.03212062728477694,0.09309211065080533,0.5,1.0,7239.571329198981,turtle,random_search,0,-0.7582118091297927,10
526,5260,-0.12452705015047538,-0.014907069190634026,0.055639723359732225,0.5,1.0,7257.734694717976,turtle,random_search,0,-0.7582118091297927,10
527,5270,-0.1526766200440557,-0.024477081674375078,0.08648939893679909,0.5,1.0,7277.218704746978,turtle,random_search,0,-0.7582118091297927,10
528,5280,-0.1263865073802286,-0.01737009277842816,0.05723987338483911,0.5,1.0,7292.258585019998,turtle,random_search,0,-0.7582118091297927,10
529,5290,-0.12934108909580466,-0.028923861978856012,0.040881739637822385,0.5,1.0,7309.79750535998,turtle,random_search,0,-0.7582118091297927,10
530,5300,-0.16864886802386092,-0.015048989518836287,0.06299349481900327,0.5,1.0,7326.414201547974,turtle,random_search,0,-0.7582118091297927,10
531,5310,-0.2639935504994817,-0.03450109912670287,0.09867951705777746,0.5,1.0,7345.375598630984,turtle,random_search,0,-0.7582118091297927,10
532,5320,-0.09419191012515338,-0.013580676011035474,0.0564722819384887,0.5,1.0,7361.8061583759845,turtle,random_search,0,-0.7582118091297927,10
533,5330,-0.3081534151589471,-0.01063265515151839,0.11684509693353794,0.5,1.0,7377.563125494984,turtle,random_search,0,-0.7582118091297927,10
534,5340,-0.08110087648530673,0.03183999876176511,0.0998605922694187,0.5,1.0,7394.594950189989,turtle,random_search,0,-0.7582118091297927,10
535,5350,-0.15276320137303667,-0.022280491067152575,0.10035608899065887,0.5,1.0,7410.565836733993,turtle,random_search,0,-0.7582118091297927,10
536,5360,-0.0962823369188035,-0.016772510198541913,0.05944512355976875,0.5,1.0,7426.457403063978,turtle,random_search,0,-0.7582118091297927,10
537,5370,-0.2497056567505247,-0.023641018813369285,0.08502037029180264,0.5,1.0,7442.268085535994,turtle,random_search,0,-0.7582118091297927,10
538,5380,-0.2011272284586747,0.019051884091892644,0.11413134198730393,0.5,1.0,7454.485882184992,turtle,random_search,0,-0.7582118091297927,10
539,5390,-0.19578057627511836,-0.039720509106347814,0.07690884746645213,0.5,1.0,7468.066055435978,turtle,random_search,0,-0.7582118091297927,10
540,5400,-0.16558661185772028,-0.013936765445823517,0.08039224709135205,0.5,1.0,7483.763522866997,turtle,random_search,0,-0.7582118091297927,10
541,5410,-0.17051234063843967,0.009983449835496927,0.1012429676325353,0.5,1.0,7501.293776371982,turtle,random_search,0,-0.7582118091297927,10
542,5420,-0.07297637171192761,0.0015340185057817202,0.051397665388888285,0.5,1.0,7515.343885235983,turtle,random_search,0,-0.7582118091297927,10
543,5430,-0.10904495208057963,0.9813204812903621,3.0066548014535264,0.5,1.0,7529.104384513979,turtle,random_search,0,-0.7582118091297927,10
544,5440,-0.49352499112621473,-0.08834892637048038,0.15852558788089013,0.5,1.0,7545.8256150629895,turtle,random_search,0,-0.7582118091297927,10
545,5450,-0.26573984370797454,-0.024605372410666782,0.1116978744848502,0.5,1.0,7559.020358146983,turtle,random_search,0,-0.7582118091297927,10
546,5460,-0.021924676342021776,0.03488342343404342,0.04800435283543722,0.5,1.0,7577.358986973995,turtle,random_search,0,-0.7582118091297927,10
547,5470,-0.16719058243915708,-0.028084583441221157,0.0736592277117733,0.5,1.0,7592.737711148977,turtle,random_search,0,-0.7582118091297927,10
548,5480,-0.11499296487053012,0.07364079286785916,0.14625082553577312,0.5,1.0,7609.550800903991,turtle,random_search,0,-0.7582118091297927,10
549,5490,-0.27824026179062145,0.014327588974689043,0.12342322542121995,0.5,1.0,7628.0306464639725,turtle,random_search,0,-0.7582118091297927,10
550,5500,-0.12864947319135922,0.05604229182091878,0.10873559635605931,0.5,1.0,7646.217088262987,turtle,random_search,0,-0.7582118091297927,10
551,5510,-0.22423453905072854,-0.04615069510559859,0.09037247866426623,0.5,1.0,7668.712704157981,turtle,random_search,0,-0.7582118091297927,10
552,5520,-0.10820354950754396,-0.0018642388877772476,0.05783032304300916,0.5,1.0,7689.1960928759945,turtle,random_search,0,-0.7582118091297927,10
553,5530,-0.3396986108154296,-0.04861103541506902,0.10944348126890571,0.5,1.0,7706.418079253985,turtle,random_search,0,-0.7582118091297927,10
554,5540,-0.5410690607917168,-0.05581112429472954,0.17414333213395047,0.5,1.0,7726.66734034798,turtle,random_search,0,-0.7582118091297927,10
555,5550,-0.2276752903642265,-0.025663709786850307,0.09026229436363865,0.5,1.0,7750.731015241996,turtle,random_search,0,-0.7582118091297927,10
556,5560,-0.03680667208952659,0.01896262605231298,0.04129546254813892,0.5,1.0,7769.725527207978,turtle,random_search,0,-0.7582118091297927,10
557,5570,-0.08537369784362792,0.08884878941837168,0.16310333588194978,0.5,1.0,7786.410134937993,turtle,random_search,0,-0.7582118091297927,10
558,5580,-0.21723983578671024,-0.025178953866931142,0.07756726370890184,0.5,1.0,7807.911523212999,turtle,random_search,0,-0.7582118091297927,10
559,5590,-0.1669362032437931,0.0230928188655553,0.10708038199243185,0.5,1.0,7826.421473240975,turtle,random_search,0,-0.7582118091297927,10
560,5600,-0.07792309403941644,-0.01924791511274986,0.033998714152820034,0.5,1.0,7847.294715050986,turtle,random_search,0,-0.7582118091297927,10
561,5610,-0.030733095424853474,0.03763353831218837,0.07057307205588556,0.5,1.0,7862.620551273983,turtle,random_search,0,-0.7582118091297927,10
562,5620,-0.11894448619205189,0.03563966022433869,0.07881397636309515,0.5,1.0,7880.54901967998,turtle,random_search,0,-0.7582118091297927,10
563,5630,-0.06717267832156182,0.03536113398192997,0.04504027815278431,0.5,1.0,7896.206713931984,turtle,random_search,0,-0.7582118091297927,10
564,5640,-0.07975186993906647,0.00004589856529655378,0.04909203435887729,0.5,1.0,7914.806669266982,turtle,random_search,0,-0.7582118091297927,10
565,5650,-0.22664124315048007,0.00798281098643967,0.1020931169995788,0.5,1.0,7932.1161649499845,turtle,random_search,0,-0.7582118091297927,10
566,5660,-0.04913429418651294,0.02755906667681938,0.04585328003172778,0.5,1.0,7948.735009056982,turtle,random_search,0,-0.7582118091297927,10
567,5670,-0.1329209560897704,0.013666860378358603,0.10506580182370485,0.5,1.0,7964.408824995975,turtle,random_search,0,-0.7582118091297927,10
568,5680,-0.09375316310286408,-0.014635604792330347,0.05128846013624286,0.5,1.0,7982.890357370983,turtle,random_search,0,-0.7582118091297927,10
569,5690,-0.1171898879571085,0.01943932759025291,0.07141851734965662,0.5,1.0,7996.756985793996,turtle,random_search,0,-0.7582118091297927,10
570,5700,-0.1231344597922801,0.004983142934203854,0.10259703230047587,0.5,1.0,8011.061366055976,turtle,random_search,0,-0.7582118091297927,10
571,5710,-0.19085476465108808,-0.013778757610012704,0.0833768737724519,0.5,1.0,8030.506893427984,turtle,random_search,0,-0.7582118091297927,10
572,5720,-0.11386263339316827,-0.0035292170783860046,0.06707361978774526,0.5,1.0,8048.756581230991,turtle,random_search,0,-0.7582118091297927,10
573,5730,-0.10102990155081759,-0.014221854589866823,0.04778900911800913,0.5,1.0,8063.80391344399,turtle,random_search,0,-0.7582118091297927,10
574,5740,-0.12997549982154855,0.014691444327590553,0.13051278453270826,0.5,1.0,8083.381922456989,turtle,random_search,0,-0.7582118091297927,10
575,5750,-0.20620059886571696,-0.015604472284752901,0.0944796686725348,0.5,1.0,8099.124718551,turtle,random_search,0,-0.7582118091297927,10
576,5760,-0.14264929495384937,0.009521773004480583,0.10447669913300517,0.5,1.0,8111.815565230994,turtle,random_search,0,-0.7582118091297927,10
577,5770,-0.0711620580222414,-0.010509760186509265,0.05929640623082017,0.5,1.0,8127.89307372499,turtle,random_search,0,-0.7582118091297927,10
578,5780,-0.04862463970701558,0.03460707144473263,0.0906251297482164,0.5,1.0,8145.849905308976,turtle,random_search,0,-0.7582118091297927,10
579,5790,-0.05324173600430093,0.028993010409444242,0.08581323614844452,0.5,1.0,8161.474784789985,turtle,random_search,0,-0.7582118091297927,10
580,5800,-0.11228719450308233,-0.01304872617865147,0.04968125611715937,0.5,1.0,8174.779781435995,turtle,random_search,0,-0.7582118091297927,10
581,5810,-0.1050140393191441,-0.012083520924337777,0.05545802929659963,0.5,1.0,8187.496551394986,turtle,random_search,0,-0.7582118091297927,10
582,5820,-0.20044659961090616,-0.053704443011816407,0.08831570054460915,0.5,1.0,8207.807786526973,turtle,random_search,0,-0.7582118091297927,10
583,5830,-0.11820951690747972,0.03299703454489036,0.09393668040653365,0.5,1.0,8220.40828385399,turtle,random_search,0,-0.7582118091297927,10
584,5840,-0.19390995506537845,-0.03573559838560305,0.06128560970912091,0.5,1.0,8239.69070847999,turtle,random_search,0,-0.7582118091297927,10
585,5850,-0.08130762625229337,0.0012939679453489283,0.045290254420777845,0.5,1.0,8255.039739241998,turtle,random_search,0,-0.7582118091297927,10
586,5860,-0.0986176533048031,0.01041184164870712,0.07941830761059201,0.5,1.0,8269.72967352299,turtle,random_search,0,-0.7582118091297927,10
587,5870,-0.10529993811380223,0.017110850204423222,0.10823288733956234,0.5,1.0,8285.33641099499,turtle,random_search,0,-0.7582118091297927,10
588,5880,-0.11472278244965128,1.0489749265084636,2.9878243373342306,0.5,1.0,8297.077010310983,turtle,random_search,0,-0.7582118091297927,10
589,5890,-0.13762612806677854,-0.025377716948599183,0.09623635882977122,0.5,1.0,8312.829167114978,turtle,random_search,0,-0.7582118091297927,10
590,5900,-0.33179760166914996,-0.0444954850337572,0.15667612449561225,0.5,1.0,8328.556366328994,turtle,random_search,0,-0.7582118091297927,10
591,5910,-0.2991868652279228,-0.0466752172371316,0.10010066006906335,0.5,1.0,8342.874498146994,turtle,random_search,0,-0.7582118091297927,10
592,5920,-0.219904904734336,-0.02868097672582186,0.09308832253577692,0.5,1.0,8355.689572377974,turtle,random_search,0,-0.7582118091297927,10
593,5930,-0.11361244759379563,-0.02649432214848213,0.05409489885469963,0.5,1.0,8368.02590285198,turtle,random_search,0,-0.7582118091297927,10
594,5940,-0.06391583737406936,0.04626962924841038,0.10190933316783449,0.5,1.0,8384.256006156997,turtle,random_search,0,-0.7582118091297927,10
595,5950,-0.23293375845166775,-0.022386658205660038,0.08538284088194616,0.5,1.0,8401.284759701986,turtle,random_search,0,-0.7582118091297927,10
596,5960,-0.047596295340397,0.02456957612477826,0.05720897544033674,0.5,1.0,8418.606269736978,turtle,random_search,0,-0.7582118091297927,10
597,5970,-0.07468053808399056,-0.00316230156854731,0.03672148935932328,0.5,1.0,8434.985702731996,turtle,random_search,0,-0.7582118091297927,10
598,5980,-0.13284589284233306,-0.014093805883747024,0.06922356719437163,0.5,1.0,8450.450451263983,turtle,random_search,0,-0.7582118091297927,10
599,5990,-0.06806354613389853,0.03177986356452491,0.07847443790260542,0.5,1.0,8463.485747745988,turtle,random_search,0,-0.7582118091297927,10
600,6000,-0.16461846478414266,-0.029580207310176652,0.08610569655752778,0.5,1.0,8478.848138365982,turtle,random_search,0,-0.7582118091297927,10
601,6010,-0.08093571459979021,0.01274425898695446,0.07123512550811667,0.5,1.0,8492.249473914999,turtle,random_search,0,-0.7582118091297927,10
602,6020,-0.07147294826478756,0.058573968395740736,0.08335729816224521,0.5,1.0,8509.416142605973,turtle,random_search,0,-0.7582118091297927,10
603,6030,-0.03881078174066577,0.058281669494851404,0.07383432535658141,0.5,1.0,8525.338587152975,turtle,random_search,0,-0.7582118091297927,10
604,6040,-0.13321448409868974,-0.008004451179101934,0.09432177073458686,0.5,1.0,8539.60377688898,turtle,random_search,0,-0.7582118091297927,10
605,6050,-0.10909571796170603,0.026197766931739162,0.10315356825415765,0.5,1.0,8555.556595083995,turtle,random_search,0,-0.7582118091297927,10
606,6060,-0.32272219761797327,-0.010899186788797888,0.12075631882195023,0.5,1.0,8570.038131170993,turtle,random_search,0,-0.7582118091297927,10
607,6070,-0.24509397576323355,-0.05613588609594489,0.09362119064631819,0.5,1.0,8585.737791642983,turtle,random_search,0,-0.7582118091297927,10
608,6080,-0.4625774785994654,-0.07298982444587968,0.1371487461099763,0.5,1.0,8603.499514339986,turtle,random_search,0,-0.7582118091297927,10
609,6090,-0.07985068569329812,-0.0014441609647872333,0.08430761539851249,0.5,1.0,8617.991773388989,turtle,random_search,0,-0.7582118091297927,10
610,6100,-0.13907819312011505,0.0167082799286689,0.102769833954151,0.5,1.0,8637.820076038974,turtle,random_search,0,-0.7582118091297927,10
611,6110,-0.15453437182762997,-0.010694337889196959,0.07872910879571542,0.5,1.0,8651.537393958977,turtle,random_search,0,-0.7582118091297927,10
612,6120,-0.3101282786929165,-0.08049868176950917,0.08685913116225095,0.5,1.0,8668.446227356995,turtle,random_search,0,-0.7582118091297927,10
613,6130,-0.13657279219640994,0.017002226745284864,0.09381283725378223,0.5,1.0,8682.117071614979,turtle,random_search,0,-0.7582118091297927,10
614,6140,-0.2006540053086283,-0.039639706220849114,0.08090565103903176,0.5,1.0,8697.141383102979,turtle,random_search,0,-0.7582118091297927,10
615,6150,-0.44837563423371307,-0.03666410001681068,0.14358255926212352,0.5,1.0,8710.104277094972,turtle,random_search,0,-0.7582118091297927,10
616,6160,-0.11308850986695695,0.015925486725751448,0.07269344250832613,0.5,1.0,8724.384414679982,turtle,random_search,0,-0.7582118091297927,10
617,6170,-0.17569332250210667,-0.00872686239899707,0.08477821036787661,0.5,1.0,8740.78520893,turtle,random_search,0,-0.7582118091297927,10
618,6180,-0.11639708616833211,1.0218824006004383,2.9942453834226437,0.5,1.0,8754.873713453999,turtle,random_search,0,-0.7582118091297927,10
619,6190,-0.2188376461617274,-0.029949501637474805,0.06956203629891948,0.5,1.0,8766.35169666598,turtle,random_search,0,-0.7582118091297927,10
620,6200,-0.08760669129475573,-0.004420161156858704,0.05639845387960331,0.5,1.0,8780.297557052982,turtle,random_search,0,-0.7582118091297927,10
621,6210,-0.12779972282670382,-0.030582789987479053,0.07686091286270075,0.5,1.0,8795.922124906996,turtle,random_search,0,-0.7582118091297927,10
622,6220,-0.07593609179463989,-0.005517144876973834,0.056387700365403685,0.5,1.0,8808.879969225993,turtle,random_search,0,-0.7582118091297927,10
623,6230,-0.09890154917220695,0.015337991605225022,0.06094331180884925,0.5,1.0,8825.797140096984,turtle,random_search,0,-0.7582118091297927,10
624,6240,-0.061187810117034225,0.03627678503004343,0.07658728747742946,0.5,1.0,8840.607173469994,turtle,random_search,0,-0.7582118091297927,10
625,6250,-0.09254942207927908,0.018887706135012384,0.08912532784899786,0.5,1.0,8855.628897987976,turtle,random_search,0,-0.7582118091297927,10
626,6260,-0.03728842498313245,0.011716520646230766,0.045164288789837345,0.5,1.0,8870.387747825996,turtle,random_search,0,-0.7582118091297927,10
627,6270,-0.11650173964226607,0.015077695365669542,0.056424215285179914,0.5,1.0,8885.293449367979,turtle,random_search,0,-0.7582118091297927,10
628,6280,-0.27615215049229835,-0.059888972769000584,0.12078859977328293,0.5,1.0,8898.143581968994,turtle,random_search,0,-0.7582118091297927,10
629,6290,-0.19597250918852183,-0.03217511064694811,0.07156322706239876,0.5,1.0,8907.891047484998,turtle,random_search,0,-0.7582118091297927,10
630,6300,-0.09863110665079589,0.01248344040252558,0.07311039390913499,0.5,1.0,8923.857238478988,turtle,random_search,0,-0.7582118091297927,10
631,6310,-0.06146068051773579,0.031872688375983935,0.07937786207057941,0.5,1.0,8941.398543550982,turtle,random_search,0,-0.7582118091297927,10
632,6320,-0.05683850965388615,-0.0016180519158599082,0.04106315016410694,0.5,1.0,8956.506508603983,turtle,random_search,0,-0.7582118091297927,10
633,6330,-0.1415394777915413,-0.004578603271349557,0.08183251583545363,0.5,1.0,8971.901441563998,turtle,random_search,0,-0.7582118091297927,10
634,6340,-0.0991403398817372,0.014873956135170641,0.06334062861127232,0.5,1.0,8984.834792762995,turtle,random_search,0,-0.7582118091297927,10
635,6350,-0.15629872720748317,-0.017460067227678434,0.06566226733880808,0.5,1.0,8997.719556806987,turtle,random_search,0,-0.7582118091297927,10
636,6360,-0.05274302845346668,1.015995062786456,2.994921682984285,0.5,1.0,9010.368023715972,turtle,random_search,0,-0.7582118091297927,10
637,6370,-0.31099291980193033,-0.05445360086733837,0.11956937560968038,0.5,1.0,9024.302480918996,turtle,random_search,0,-0.7582118091297927,10
638,6380,-0.1757721907758949,0.004205721246634653,0.08145204517461396,0.5,1.0,9036.971529893985,turtle,random_search,0,-0.7582118091297927,10
639,6390,-0.20793794480211236,1.0069144780327366,2.9987369114875038,0.5,1.0,9051.381246917997,turtle,random_search,0,-0.7582118091297927,10
640,6400,-0.1091433668767845,-0.008629014510602318,0.047760395607399274,0.5,1.0,9067.08252168799,turtle,random_search,0,-0.7582118091297927,10
641,6410,-0.15817637373800864,-0.02159405259117122,0.0869338682544538,0.5,1.0,9079.549050382979,turtle,random_search,0,-0.7582118091297927,10
642,6420,-0.3682431761546807,-0.07366387506717782,0.14169601628069267,0.5,1.0,9097.720701759972,turtle,random_search,0,-0.7582118091297927,10
643,6430,-0.07680243865561742,0.0590212891820527,0.17629512890984955,0.5,1.0,9114.606429398991,turtle,random_search,0,-0.7582118091297927,10
644,6440,-0.18128446922564656,-0.03552786974591919,0.06366721301190419,0.5,1.0,9126.129148695996,turtle,random_search,0,-0.7582118091297927,10
645,6450,-0.2459138789864319,-0.055294591726114194,0.08905903810864595,0.5,1.0,9140.181556164986,turtle,random_search,0,-0.7582118091297927,10
646,6460,-0.0784268078957675,0.005911439192394674,0.06898907814339733,0.5,1.0,9153.246749459999,turtle,random_search,0,-0.7582118091297927,10
647,6470,-0.10129407868719831,0.005526660465730337,0.08246959230673874,0.5,1.0,9171.165508711973,turtle,random_search,0,-0.7582118091297927,10
648,6480,-0.09641097190065828,0.019582085423887997,0.10533544821175164,0.5,1.0,9185.776055258,turtle,random_search,0,-0.7582118091297927,10
649,6490,-0.06812112221979305,0.02317481715675953,0.08543704328082437,0.5,1.0,9199.559370131989,turtle,random_search,0,-0.7582118091297927,10
650,6500,-0.2458328676715409,-0.00983641911226929,0.14135307716800602,0.5,1.0,9212.675969164993,turtle,random_search,0,-0.7582118091297927,10
651,6510,-0.5109021729680441,-0.09695337084770861,0.14407460557279236,0.5,1.0,9227.100097644987,turtle,random_search,0,-0.7582118091297927,10
652,6520,-0.08756160827458714,0.022333238067052542,0.06610262261649734,0.5,1.0,9242.356896277983,turtle,random_search,0,-0.7582118091297927,10
653,6530,-0.4937692722188993,-0.04075189445406622,0.15673112681921614,0.5,1.0,9256.938158344972,turtle,random_search,0,-0.7582118091297927,10
654,6540,-0.19565265976973123,0.012348859082715435,0.08899198638148526,0.5,1.0,9272.354277005972,turtle,random_search,0,-0.7582118091297927,10
655,6550,-0.16446978313233895,0.0046794523944324595,0.09883271385890467,0.5,1.0,9287.988511228992,turtle,random_search,0,-0.7582118091297927,10
656,6560,-0.29720672299585704,-0.02221778973463513,0.13742560397297135,0.5,1.0,9302.536303883971,turtle,random_search,0,-0.7582118091297927,10
657,6570,-0.022453852049316936,0.04585372682536768,0.05031934113455625,0.5,1.0,9318.452360302996,turtle,random_search,0,-0.7582118091297927,10
658,6580,-0.09872442011504745,0.016310979725728637,0.1062109694799698,0.5,1.0,9333.014651514997,turtle,random_search,0,-0.7582118091297927,10
659,6590,-0.08061982545567492,0.03724281141997761,0.06311293257089282,0.5,1.0,9346.82795557598,turtle,random_search,0,-0.7582118091297927,10
660,6600,-0.18462660598036695,-0.008736445501052969,0.08858480810967945,0.5,1.0,9362.787314779998,turtle,random_search,0,-0.7582118091297927,10
661,6610,-0.1803252708460672,-0.05233439993272171,0.06932639489562245,0.5,1.0,9379.490671041975,turtle,random_search,0,-0.7582118091297927,10
662,6620,-0.3391710521890676,-0.03918799406191207,0.10997925947635318,0.5,1.0,9395.558488914976,turtle,random_search,0,-0.7582118091297927,10
663,6630,-0.041851799335486106,0.026365666083429763,0.0945911377650976,0.5,1.0,9408.148794546985,turtle,random_search,0,-0.7582118091297927,10
664,6640,-0.11830098189926375,-0.01331090106153665,0.06572477775232187,0.5,1.0,9424.88875868998,turtle,random_search,0,-0.7582118091297927,10
665,6650,-0.08867232194131969,0.034791767625939586,0.06441680916961973,0.5,1.0,9439.697130819986,turtle,random_search,0,-0.7582118091297927,10
666,6660,-0.05459472892781658,0.030533769025898393,0.043346943375018224,0.5,1.0,9456.582763587998,turtle,random_search,0,-0.7582118091297927,10
667,6670,-0.27129861296295843,-0.008207150780127303,0.10027388266136517,0.5,1.0,9471.002869536984,turtle,random_search,0,-0.7582118091297927,10
668,6680,-0.065676481063913,0.03837974158363551,0.07300429589360131,0.5,1.0,9484.686968578986,turtle,random_search,0,-0.7582118091297927,10
669,6690,-0.07311952003248479,0.019092747265319863,0.05016347626427543,0.5,1.0,9498.611226189998,turtle,random_search,0,-0.7582118091297927,10
670,6700,-0.028486947049367828,0.12109393849299979,0.1792164403412047,0.5,1.0,9516.883861891984,turtle,random_search,0,-0.7582118091297927,10
671,6710,-0.2331846588164579,-0.032327776109494,0.08076572085287279,0.5,1.0,9532.484874534974,turtle,random_search,0,-0.7582118091297927,10
672,6720,-0.24390307775138265,-0.017709108685080376,0.11943504513864014,0.5,1.0,9549.564970688982,turtle,random_search,0,-0.7582118091297927,10
673,6730,-0.20559733868884944,-0.03644039100528964,0.08552848594874889,0.5,1.0,9563.587977560994,turtle,random_search,0,-0.7582118091297927,10
674,6740,-0.09107122220587094,-0.011778108268550459,0.05537845498921003,0.5,1.0,9577.557921467,turtle,random_search,0,-0.7582118091297927,10
675,6750,-0.10597170704013603,0.004023397845454735,0.040446416318043264,0.5,1.0,9595.314860716986,turtle,random_search,0,-0.7582118091297927,10
676,6760,-0.16660544181286774,-0.00915033661636242,0.07942445092186284,0.5,1.0,9606.341824755975,turtle,random_search,0,-0.7582118091297927,10
677,6770,-0.1630015581280979,-0.0359548436948419,0.063946869155301,0.5,1.0,9621.040980937978,turtle,random_search,0,-0.7582118091297927,10
678,6780,-0.14765130885397326,0.0009595513749239615,0.07222572963908257,0.5,1.0,9636.3548572,turtle,random_search,0,-0.7582118091297927,10
679,6790,-0.13785349478979025,-0.025713019988230102,0.06762420921210892,0.5,1.0,9650.814548276976,turtle,random_search,0,-0.7582118091297927,10
680,6800,-0.24873853717966732,-0.03585956707515212,0.1064566503937005,0.5,1.0,9665.606702159974,turtle,random_search,0,-0.7582118091297927,10
681,6810,-0.10858694952771586,-0.016394576387847692,0.05063582017161533,0.5,1.0,9680.758517797978,turtle,random_search,0,-0.7582118091297927,10
682,6820,-0.18272000278909317,-0.00866478002110389,0.11044008306334369,0.5,1.0,9696.98093025398,turtle,random_search,0,-0.7582118091297927,10
683,6830,-0.20178824029268405,-0.01615306700632848,0.08944838445972121,0.5,1.0,9708.587246272975,turtle,random_search,0,-0.7582118091297927,10
684,6840,-0.09465202922306926,0.043012989845072444,0.11582333447925053,0.5,1.0,9722.815280040988,turtle,random_search,0,-0.7582118091297927,10
685,6850,-0.08423536465107428,-0.00709083769132306,0.048766786581183316,0.5,1.0,9739.78721537799,turtle,random_search,0,-0.7582118091297927,10
686,6860,-0.12704432405147692,0.015184656902927163,0.10236379456282459,0.5,1.0,9754.830610317993,turtle,random_search,0,-0.7582118091297927,10
687,6870,-0.2492641557110966,-0.07750013620972895,0.08579922531426187,0.5,1.0,9768.37549079198,turtle,random_search,0,-0.7582118091297927,10
688,6880,-0.3552920542380189,-0.05142563372578488,0.13072658853425062,0.5,1.0,9786.50320545098,turtle,random_search,0,-0.7582118091297927,10
689,6890,-0.20673228605777982,-0.024775642182805323,0.08321089075441694,0.5,1.0,9801.45720044899,turtle,random_search,0,-0.7582118091297927,10
690,6900,-0.09244032134968005,-0.02603110935284301,0.05109983114966129,0.5,1.0,9819.972089559975,turtle,random_search,0,-0.7582118091297927,10
691,6910,-0.2708424157012086,0.012966858119447266,0.14505435114125814,0.5,1.0,9834.985693342984,turtle,random_search,0,-0.7582118091297927,10
692,6920,-0.12500037250988338,-0.0181527482915536,0.07245567162609434,0.5,1.0,9852.467372902,turtle,random_search,0,-0.7582118091297927,10
693,6930,-0.11305269100664717,0.0009528791427085182,0.07682368309412627,0.5,1.0,9868.860594848986,turtle,random_search,0,-0.7582118091297927,10
694,6940,-0.1827680249307324,0.005176221731964503,0.08817426734530491,0.5,1.0,9878.830517168972,turtle,random_search,0,-0.7582118091297927,10
695,6950,-0.11257153075432313,0.04343034212060948,0.12368172252544375,0.5,1.0,9891.143902382988,turtle,random_search,0,-0.7582118091297927,10
696,6960,-0.1434051068377693,0.006989547993023315,0.08885924733768687,0.5,1.0,9908.187006969994,turtle,random_search,0,-0.7582118091297927,10
697,6970,-0.12166071669784806,0.030940971267386264,0.07127159276248278,0.5,1.0,9924.253837685974,turtle,random_search,0,-0.7582118091297927,10
698,6980,-0.16776975797025262,-0.01621686822463504,0.07976986395465221,0.5,1.0,9938.504601867986,turtle,random_search,0,-0.7582118091297927,10
699,6990,-0.21019284219467327,-0.020687312421034408,0.08567942383134498,0.5,1.0,9954.527072919998,turtle,random_search,0,-0.7582118091297927,10
700,7000,-0.19332133603152535,0.016121324504885237,0.12769161104808024,0.5,1.0,9969.30844261698,turtle,random_search,0,-0.7582118091297927,10
701,7010,-0.0675424760283958,0.034052115416343384,0.07857569905515725,0.5,1.0,9982.33235282998,turtle,random_search,0,-0.7582118091297927,10
702,7020,-0.15629003151508147,0.9767534665338783,3.008588026788685,0.5,1.0,9999.16336326598,turtle,random_search,0,-0.7582118091297927,10
703,7030,-0.11805956917598515,1.025298898334415,2.99389506539533,0.5,1.0,10015.665812662977,turtle,random_search,0,-0.7582118091297927,10
704,7040,-0.14807441161698787,-0.013945359032814953,0.058978744765965284,0.5,1.0,10027.618454377982,turtle,random_search,0,-0.7582118091297927,10
705,7050,-0.07398565617650465,0.01301157776275419,0.07655858276104625,0.5,1.0,10043.389147751994,turtle,random_search,0,-0.7582118091297927,10
706,7060,-0.3276891180695305,0.9520230245843033,3.019220338161985,0.5,1.0,10055.292248863,turtle,random_search,0,-0.7582118091297927,10
707,7070,0.009181589158324677,0.07761533402134617,0.07298537346028262,0.5,1.0,10067.611798414,turtle,random_search,0,-0.7582118091297927,10
708,7080,-0.17151099741676212,-0.03304549481351584,0.07398797370252379,0.5,1.0,10079.617692901986,turtle,random_search,0,-0.7582118091297927,10
709,7090,-0.08334602760621035,0.022485482179774596,0.06881793399045412,0.5,1.0,10094.728658217995,turtle,random_search,0,-0.7582118091297927,10
710,7100,-0.28231020482582103,0.019355736441006143,0.12521507726762596,0.5,1.0,10105.453777916991,turtle,random_search,0,-0.7582118091297927,10
711,7110,-0.049807816987192055,0.03894179373904576,0.07020535600437851,0.5,1.0,10121.380931575986,turtle,random_search,0,-0.7582118091297927,10
712,7120,-0.0863152275048833,-0.013104555080596736,0.040280335532072005,0.5,1.0,10137.069834861992,turtle,random_search,0,-0.7582118091297927,10
713,7130,-0.2382028293167826,-0.01565216605821913,0.0958585912484807,0.5,1.0,10151.968707373977,turtle,random_search,0,-0.7582118091297927,10
714,7140,-0.2013631310002406,0.028390758306076604,0.1494462185378285,0.5,1.0,10168.29417095799,turtle,random_search,0,-0.7582118091297927,10
715,7150,-0.33794001301979115,-0.020263581730025227,0.12322558406886032,0.5,1.0,10182.575096727,turtle,random_search,0,-0.7582118091297927,10
716,7160,-0.22975848129963783,0.06588444919369722,0.13349700873582526,0.5,1.0,10194.790671357972,turtle,random_search,0,-0.7582118091297927,10
717,7170,-0.28783590628635825,-0.016201780144920443,0.14907489644101257,0.5,1.0,10205.960915821983,turtle,random_search,0,-0.7582118091297927,10
718,7180,-0.2288144341109719,-0.022040803543790854,0.07779376720638612,0.5,1.0,10223.62786647398,turtle,random_search,0,-0.7582118091297927,10
719,7190,-0.07946876752737797,0.02749583699401681,0.06515835826049564,0.5,1.0,10240.989659024985,turtle,random_search,0,-0.7582118091297927,10
720,7200,-0.06573226627155915,0.011451212100264918,0.046901400198373626,0.5,1.0,10258.189356066985,turtle,random_search,0,-0.7582118091297927,10
721,7210,-0.029293203095005715,0.029144773024122817,0.06024992796010836,0.5,1.0,10274.671465195977,turtle,random_search,0,-0.7582118091297927,10
722,7220,-0.047443651975307866,0.007723645122135992,0.05960959132130826,0.5,1.0,10292.528673043998,turtle,random_search,0,-0.7582118091297927,10
723,7230,-0.062095902291212646,0.01627287203614065,0.06950178566760883,0.5,1.0,10306.358788366982,turtle,random_search,0,-0.7582118091297927,10
724,7240,-0.3710614059182218,-0.03919850571812402,0.12392721100125038,0.5,1.0,10322.501091795973,turtle,random_search,0,-0.7582118091297927,10
725,7250,-0.1533213269578697,0.010948399377945162,0.07336370052712446,0.5,1.0,10336.249309548992,turtle,random_search,0,-0.7582118091297927,10
726,7260,-0.07098391694561457,0.02234276937539583,0.060424313708398396,0.5,1.0,10353.230383407994,turtle,random_search,0,-0.7582118091297927,10
727,7270,-0.10888438378642284,0.0158107054528565,0.09656081877779298,0.5,1.0,10370.561744230974,turtle,random_search,0,-0.7582118091297927,10
728,7280,-0.09731648360686318,-0.024788923776767734,0.070187434158223,0.5,1.0,10387.999041859992,turtle,random_search,0,-0.7582118091297927,10
729,7290,-0.13045958565410753,-0.01304805822010291,0.07513996520086626,0.5,1.0,10404.663777754991,turtle,random_search,0,-0.7582118091297927,10
730,7300,-0.06709959335020432,0.037326489230679535,0.09711265072010682,0.5,1.0,10421.576254676998,turtle,random_search,0,-0.7582118091297927,10
731,7310,-0.3837446043539341,-0.06328353034719951,0.11984231814950438,0.5,1.0,10436.05599211398,turtle,random_search,0,-0.7582118091297927,10
732,7320,-0.14996174313496624,0.01061555892004975,0.08946894970726882,0.5,1.0,10452.780406526988,turtle,random_search,0,-0.7582118091297927,10
733,7330,-0.09932841559236305,0.0026076225886006556,0.07674019594077577,0.5,1.0,10467.603041105991,turtle,random_search,0,-0.7582118091297927,10
734,7340,-0.29020144624727884,0.9541623172073059,3.0167764470306055,0.5,1.0,10484.289457504987,turtle,random_search,0,-0.7582118091297927,10
735,7350,-0.21197195097523558,-0.02344056193591859,0.10627204722023674,0.5,1.0,10499.66783304399,turtle,random_search,0,-0.7582118091297927,10
736,7360,-0.06923022406076917,-0.006840024497477781,0.062249754841152555,0.5,1.0,10514.536830053985,turtle,random_search,0,-0.7582118091297927,10
737,7370,-0.37828858524953457,-0.029578250320653865,0.12842027397954223,0.5,1.0,10531.421443214,turtle,random_search,0,-0.7582118091297927,10
738,7380,-0.18371675227520345,-0.04331732284285463,0.08779183634965977,0.5,1.0,10546.258789783984,turtle,random_search,0,-0.7582118091297927,10
739,7390,-0.18234363388500885,-0.006284662123105011,0.08861030112581603,0.5,1.0,10563.130824427994,turtle,random_search,0,-0.7582118091297927,10
740,7400,-0.23771589669057303,-0.024918069995472615,0.09722300378754285,0.5,1.0,10580.856937931996,turtle,random_search,0,-0.7582118091297927,10
741,7410,-0.13685891862017652,0.017950265121229325,0.07575011131568016,0.5,1.0,10596.754847328993,turtle,random_search,0,-0.7582118091297927,10
742,7420,-0.11876907230978517,0.015091188532271893,0.12144081241493483,0.5,1.0,10608.761135495995,turtle,random_search,0,-0.7582118091297927,10
743,7430,-0.3139932819307427,-0.08251681287740889,0.11104760436490768,0.5,1.0,10626.42198972698,turtle,random_search,0,-0.7582118091297927,10
744,7440,-0.18573947626808973,-0.009170191873269395,0.09825202102828896,0.5,1.0,10639.503350188985,turtle,random_search,0,-0.7582118091297927,10
745,7450,-0.17229548596572375,0.0327474364797685,0.11630696510907032,0.5,1.0,10656.387687705981,turtle,random_search,0,-0.7582118091297927,10
746,7460,-0.12742469920394406,0.0428548588577982,0.0912164863263285,0.5,1.0,10674.432090357994,turtle,random_search,0,-0.7582118091297927,10
747,7470,-0.06173723962402633,1.0915082468849218,2.973615271846573,0.5,1.0,10688.986475719983,turtle,random_search,0,-0.7582118091297927,10
748,7480,-0.08882936280644316,0.007602678241044547,0.049518638526270226,0.5,1.0,10704.263830680982,turtle,random_search,0,-0.7582118091297927,10
749,7490,-0.3923805588319169,-0.10397126531075251,0.13215949566797683,0.5,1.0,10720.244504786999,turtle,random_search,0,-0.7582118091297927,10
750,7500,-0.09240673496608576,-0.002424350139948661,0.052182789930728835,0.5,1.0,10734.248498691974,turtle,random_search,0,-0.7582118091297927,10
751,7510,-0.1490871558685587,0.015562533506508736,0.111367997677966,0.5,1.0,10750.86865963199,turtle,random_search,0,-0.7582118091297927,10
752,7520,-0.3776722521107052,-0.017163082362243197,0.13392674262678095,0.5,1.0,10765.39343558898,turtle,random_search,0,-0.7582118091297927,10
753,7530,-0.06056637745546656,0.011654017332879274,0.07290352858454606,0.5,1.0,10782.75429640399,turtle,random_search,0,-0.7582118091297927,10
754,7540,-0.19272096442122955,0.056300992683775954,0.19770936290617708,0.5,1.0,10802.260545758996,turtle,random_search,0,-0.7582118091297927,10
755,7550,-0.11577524330013933,0.05583623765302077,0.1270667482921253,0.5,1.0,10818.531176268996,turtle,random_search,0,-0.7582118091297927,10
756,7560,-0.09124765957338798,0.014936054850949176,0.08228637455096548,0.5,1.0,10833.83972898798,turtle,random_search,0,-0.7582118091297927,10
757,7570,-0.0634622151801878,0.0008929445140138271,0.05668406031255795,0.5,1.0,10849.333051224996,turtle,random_search,0,-0.7582118091297927,10
758,7580,-0.4434306192693054,-0.07757837026477929,0.15149296810498716,0.5,1.0,10865.239128983987,turtle,random_search,0,-0.7582118091297927,10
759,7590,-0.4022939746880665,-0.07735345273569942,0.16131393435731628,0.5,1.0,10880.000943640975,turtle,random_search,0,-0.7582118091297927,10
760,7600,-0.08436268283474924,0.02610203774342281,0.06091620810049586,0.5,1.0,10893.929120663,turtle,random_search,0,-0.7582118091297927,10
761,7610,-0.1039364898783166,0.00037274422913444736,0.04912540558815341,0.5,1.0,10908.192692977987,turtle,random_search,0,-0.7582118091297927,10
762,7620,-0.12365212886099286,0.011256213188814267,0.08172066017307912,0.5,1.0,10923.107117739972,turtle,random_search,0,-0.7582118091297927,10
763,7630,-0.12430316267389063,0.02486698935768361,0.06631658399353628,0.5,1.0,10944.069152136974,turtle,random_search,0,-0.7582118091297927,10
764,7640,-0.28934596335213314,-0.040798267536759705,0.0932582939961309,0.5,1.0,10959.036416270974,turtle,random_search,0,-0.7582118091297927,10
765,7650,-0.2994552381200215,-0.05113320931685798,0.11114074099274393,0.5,1.0,10972.71357319699,turtle,random_search,0,-0.7582118091297927,10
766,7660,-0.2814334698048384,-0.040689665747293005,0.1028108516392846,0.5,1.0,10989.270649542974,turtle,random_search,0,-0.7582118091297927,10
767,7670,-0.08374704251085241,0.034305506354635806,0.06265569584816866,0.5,1.0,11006.42896522599,turtle,random_search,0,-0.7582118091297927,10
768,7680,-0.14428500820343526,0.0641873490916148,0.1623046460989097,0.5,1.0,11024.117508077994,turtle,random_search,0,-0.7582118091297927,10
769,7690,-0.20574773445377215,0.009650461451670367,0.08763038327530737,0.5,1.0,11036.59303858399,turtle,random_search,0,-0.7582118091297927,10
770,7700,-0.1737452718859167,0.010057774005385855,0.09632516122274305,0.5,1.0,11055.029941248999,turtle,random_search,0,-0.7582118091297927,10
771,7710,-0.08154119035674157,0.010780108217868633,0.050769916261703386,0.5,1.0,11069.569592638989,turtle,random_search,0,-0.7582118091297927,10
772,7720,-0.313216103524101,-0.014899818780362218,0.11506495886393707,0.5,1.0,11082.234242641978,turtle,random_search,0,-0.7582118091297927,10
773,7730,-0.1773879175112807,-0.012499200730750549,0.07711668192073395,0.5,1.0,11097.22091890499,turtle,random_search,0,-0.7582118091297927,10
774,7740,-0.17185890122309289,0.02418709022934662,0.1028066281733623,0.5,1.0,11116.471303825994,turtle,random_search,0,-0.7582118091297927,10
775,7750,-0.08480709632843375,0.01279032602927046,0.11024560004819746,0.5,1.0,11133.528572387993,turtle,random_search,0,-0.7582118091297927,10
776,7760,-0.09792744491131966,0.0013091526323821157,0.06028347894156741,0.5,1.0,11145.123311409989,turtle,random_search,0,-0.7582118091297927,10
777,7770,-0.18225697178903388,0.01623971034211129,0.10234369552981225,0.5,1.0,11160.895956168999,turtle,random_search,0,-0.7582118091297927,10
778,7780,-0.07717002269274698,0.037870075487564846,0.10500032373534972,0.5,1.0,11174.727667726984,turtle,random_search,0,-0.7582118091297927,10
779,7790,-0.2643464677574485,-0.007388058857776247,0.12126106121530815,0.5,1.0,11188.227214637998,turtle,random_search,0,-0.7582118091297927,10
780,7800,-0.05801859842942925,0.026999078617067872,0.0581863639808158,0.5,1.0,11198.084940621979,turtle,random_search,0,-0.7582118091297927,10
781,7810,-0.1688682497884617,-0.02888913282029968,0.08005299531222315,0.5,1.0,11212.477991026972,turtle,random_search,0,-0.7582118091297927,10
782,7820,-0.12245214891714973,-0.013526724459156725,0.07007051080109707,0.5,1.0,11224.137240483979,turtle,random_search,0,-0.7582118091297927,10
783,7830,-0.1218027591716675,0.06490682185167759,0.153884677075996,0.5,1.0,11235.648935256992,turtle,random_search,0,-0.7582118091297927,10
784,7840,-0.2011954229425985,0.002363340031998273,0.13640925193577308,0.5,1.0,11248.268500339997,turtle,random_search,0,-0.7582118091297927,10
785,7850,-0.06547950904960675,0.0113832749424712,0.07358097979987213,0.5,1.0,11260.175523388985,turtle,random_search,0,-0.7582118091297927,10
786,7860,-0.24295400882123452,-0.01823354635991361,0.13242000189394126,0.5,1.0,11274.35822388099,turtle,random_search,0,-0.7582118091297927,10
787,7870,-0.0856123205678232,0.010055211762237181,0.05732246340652439,0.5,1.0,11286.997388908989,turtle,random_search,0,-0.7582118091297927,10
788,7880,-0.2142404965780269,-0.045132973592905044,0.08259632783267146,0.5,1.0,11298.742378975992,turtle,random_search,0,-0.7582118091297927,10
789,7890,-0.09216960482309222,0.04021337015432591,0.10241341260974107,0.5,1.0,11314.130888474,turtle,random_search,0,-0.7582118091297927,10
790,7900,-0.13400174583654145,-0.014848004431351125,0.060636609939369084,0.5,1.0,11326.73856736999,turtle,random_search,0,-0.7582118091297927,10
791,7910,-0.15720530610038086,-0.008811611394362906,0.0864705966922418,0.5,1.0,11335.965179093997,turtle,random_search,0,-0.7582118091297927,10
792,7920,-0.09934342982330246,0.0031995174934377423,0.06557306293238065,0.5,1.0,11343.638375859999,turtle,random_search,0,-0.7582118091297927,10
793,7930,-0.06822574331741471,0.03769077585073175,0.05062503645690973,0.5,1.0,11351.230284835998,turtle,random_search,0,-0.7582118091297927,10
794,7940,-0.07046251038715567,0.0020855576958633826,0.05104428237648517,0.5,1.0,11358.927966605988,turtle,random_search,0,-0.7582118091297927,10
795,7950,-0.26053123969315095,0.0033348085334290014,0.1370812405748929,0.5,1.0,11365.779569406994,turtle,random_search,0,-0.7582118091297927,10
796,7960,-0.031157663022101545,0.02797426491616193,0.0486916765484405,0.5,1.0,11371.719912503992,turtle,random_search,0,-0.7582118091297927,10
797,7970,-0.2854801856215978,-0.03534395095740521,0.11483563689417244,0.5,1.0,11377.584970050986,turtle,random_search,0,-0.7582118091297927,10
798,7980,-0.06985878281059499,0.07085875670093511,0.11243519177786984,0.5,1.0,11383.384248923976,turtle,random_search,0,-0.7582118091297927,10
799,7990,-0.05946361073624207,0.030204719763588093,0.053921123410934364,0.5,1.0,11389.323123258975,turtle,random_search,0,-0.7582118091297927,10
800,8000,-0.08508289479680098,0.02733774879937716,0.06481265377325662,0.5,1.0,11395.147033741989,turtle,random_search,0,-0.7582118091297927,10
1,10,-0.09364012875664596,-0.0016806607673025553,0.0567897537779721,0.5,1.0,9.12784334900789,turtle,random_search,1,-0.09364012875664596,10
2,20,-0.12017367887399555,-0.01810637579347931,0.08248092995751065,0.5,1.0,20.410031567997066,turtle,random_search,1,-0.12017367887399555,10
3,30,-0.028060082883447635,0.0541177978535277,0.06334941376073096,0.5,1.0,31.01186310700723,turtle,random_search,1,-0.12017367887399555,10
4,40,-0.1043756807783387,0.010624073704617132,0.06605065590402666,0.5,1.0,43.26133026601747,turtle,random_search,1,-0.12017367887399555,10
5,50,-0.1631014295612072,0.04937829399975531,0.11087316531816073,0.5,1.0,55.32252602800145,turtle,random_search,1,-0.1631014295612072,10
6,60,-0.09406215416023045,-0.011273449653784873,0.06010478236494816,0.5,1.0,69.85776132100727,turtle,random_search,1,-0.1631014295612072,10
7,70,-0.2045427196351186,-0.057733345789772274,0.08485317734684343,0.5,1.0,82.98188823901,turtle,random_search,1,-0.2045427196351186,10
8,80,-0.08855403319670074,0.02693026261605702,0.054646792810585855,0.5,1.0,98.1239622310095,turtle,random_search,1,-0.2045427196351186,10
9,90,-0.08992517917713716,0.028270478611392046,0.09587728119793858,0.5,1.0,111.2236727559939,turtle,random_search,1,-0.2045427196351186,10
10,100,-0.051932774116719926,0.013113039231945756,0.05291224082817297,0.5,1.0,124.25381707400084,turtle,random_search,1,-0.2045427196351186,10
11,110,-0.07632978263241696,0.004400670378728311,0.0489646557627507,0.5,1.0,137.8112345880072,turtle,random_search,1,-0.2045427196351186,10
12,120,-0.08664174272746816,0.02358252909773757,0.053168955356048105,0.5,1.0,152.06241022300674,turtle,random_search,1,-0.2045427196351186,10
13,130,-0.09554926141450437,-0.006542453809860227,0.0620881654547,0.5,1.0,163.3739897030173,turtle,random_search,1,-0.2045427196351186,10
14,140,-0.1280132743532052,0.024132549601639398,0.07853828866494318,0.5,1.0,176.03643719499814,turtle,random_search,1,-0.2045427196351186,10
15,150,-0.3334956282568431,-0.08521776565006212,0.13948988522494163,0.5,1.0,190.73563079099404,turtle,random_search,1,-0.3334956282568431,10
16,160,-0.09305518141225555,-0.0014335928651359354,0.047784207419633754,0.5,1.0,201.76298134200624,turtle,random_search,1,-0.3334956282568431,10
17,170,-0.20866876144008373,0.005754725052568244,0.08535550440971612,0.5,1.0,210.14052376599284,turtle,random_search,1,-0.3334956282568431,10
18,180,-0.2591849867704088,0.018132657097187012,0.11328842971493436,0.5,1.0,220.09007005099556,turtle,random_search,1,-0.3334956282568431,10
19,190,-0.09939746605228983,0.046837051407546945,0.12403111996482505,0.5,1.0,230.01977023601648,turtle,random_search,1,-0.3334956282568431,10
20,200,-0.09259373540321025,0.006756628570634415,0.058838782615366486,0.5,1.0,243.61594162299298,turtle,random_search,1,-0.3334956282568431,10
21,210,-0.27535244082212973,0.013372396161634992,0.1615879848072,0.5,1.0,257.1982633130101,turtle,random_search,1,-0.3334956282568431,10
22,220,0.011696088485441791,0.07841362689625794,0.07859921323962646,0.5,1.0,272.76606029301183,turtle,random_search,1,-0.3334956282568431,10
23,230,-0.08739043589835838,0.049086671695540304,0.08922222484337514,0.5,1.0,288.5728531329951,turtle,random_search,1,-0.3334956282568431,10
24,240,-0.213472358579617,-0.0004870210428906674,0.11076283568235651,0.5,1.0,299.15940858001704,turtle,random_search,1,-0.3334956282568431,10
25,250,-0.10559956194574394,0.048293441692156505,0.14431748169270636,0.5,1.0,312.3379721720121,turtle,random_search,1,-0.3334956282568431,10
26,260,-0.14096464923340246,-0.004503656447781434,0.07959232984409702,0.5,1.0,325.7332662480185,turtle,random_search,1,-0.3334956282568431,10
27,270,-0.0738879292537451,0.01889486079767675,0.08954909268350807,0.5,1.0,338.7532306210196,turtle,random_search,1,-0.3334956282568431,10
28,280,-0.18426284403695625,-0.024336350865562028,0.12336370716869592,0.5,1.0,350.99910907499725,turtle,random_search,1,-0.3334956282568431,10
29,290,-0.12206270472631875,0.026680605351317777,0.06391991246743677,0.5,1.0,364.7950583159982,turtle,random_search,1,-0.3334956282568431,10
30,300,-0.1283571727925379,-0.019837190700685257,0.06350437846455145,0.5,1.0,382.8270131770114,turtle,random_search,1,-0.3334956282568431,10
31,310,-0.0709643041503547,0.037803398467635765,0.08420414195233143,0.5,1.0,397.52219067999977,turtle,random_search,1,-0.3334956282568431,10
32,320,-0.11964427457289695,0.023828637129112363,0.09755396479765933,0.5,1.0,409.91867579400423,turtle,random_search,1,-0.3334956282568431,10
33,330,-0.4203011150068461,-0.046136960517510775,0.13389186466702932,0.5,1.0,419.28943547801464,turtle,random_search,1,-0.4203011150068461,10
34,340,-0.028948320292173868,0.019779801336612925,0.06182486878874176,0.5,1.0,432.60644017800223,turtle,random_search,1,-0.4203011150068461,10
35,350,-0.24679475465217582,-0.03127949609705505,0.08363059969942699,0.5,1.0,447.1560515630117,turtle,random_search,1,-0.4203011150068461,10
36,360,-0.08392738480143969,0.00553713516794474,0.042887467283546955,0.5,1.0,460.4913842710084,turtle,random_search,1,-0.4203011150068461,10
37,370,-0.02858082084986968,0.014217232076841047,0.0426281027857669,0.5,1.0,477.337335653021,turtle,random_search,1,-0.4203011150068461,10
38,380,-0.20808485234077345,0.008897115071909757,0.08092631460615876,0.5,1.0,489.66942746101995,turtle,random_search,1,-0.4203011150068461,10
39,390,-0.10469301177506196,0.02458686025947836,0.07554770700372414,0.5,1.0,504.92828541700146,turtle,random_search,1,-0.4203011150068461,10
40,400,-0.19129033373263393,0.005175657068211414,0.09896773128868754,0.5,1.0,516.594145673007,turtle,random_search,1,-0.4203011150068461,10
41,410,-0.12186250672339138,-0.012325887222246923,0.06635916398029255,0.5,1.0,529.2658803300001,turtle,random_search,1,-0.4203011150068461,10
42,420,-0.16700070549924728,-0.008088796197155457,0.08130127781526558,0.5,1.0,543.1904477750068,turtle,random_search,1,-0.4203011150068461,10
43,430,-0.12014909435026944,-0.04303687291941198,0.057136381330277035,0.5,1.0,553.8968773320084,turtle,random_search,1,-0.4203011150068461,10
44,440,-0.07906651981967627,0.01724437564103498,0.05590531026138495,0.5,1.0,569.0542226899997,turtle,random_search,1,-0.4203011150068461,10
45,450,-0.37687818296873754,-0.02871783672056578,0.13992219074368004,0.5,1.0,584.1601796740142,turtle,random_search,1,-0.4203011150068461,10
46,460,-0.04013674867762518,0.03035832454308105,0.05283217768815896,0.5,1.0,595.6009288460191,turtle,random_search,1,-0.4203011150068461,10
47,470,-0.17314444299594012,-0.008996076501664608,0.1406441552415061,0.5,1.0,611.0078629850177,turtle,random_search,1,-0.4203011150068461,10
48,480,-0.1642350114091462,-0.007329371685252717,0.07597891584369197,0.5,1.0,626.4922207400086,turtle,random_search,1,-0.4203011150068461,10
49,490,-0.2814993946707922,-0.038251553589871354,0.09372322703376537,0.5,1.0,641.4456513019977,turtle,random_search,1,-0.4203011150068461,10
50,500,-0.15274190921885467,0.011552035325731768,0.08864203150607083,0.5,1.0,656.2825772720098,turtle,random_search,1,-0.4203011150068461,10
51,510,-0.07164997765943415,-0.017562484232675413,0.034212190905177534,0.5,1.0,669.3110827500059,turtle,random_search,1,-0.4203011150068461,10
52,520,-0.12876901218336023,-0.009182862613036668,0.05637997916591762,0.5,1.0,683.6267575329985,turtle,random_search,1,-0.4203011150068461,10
53,530,-0.22304144194939113,-0.03535791752454189,0.099756317043566,0.5,1.0,698.5472435220145,turtle,random_search,1,-0.4203011150068461,10
54,540,-0.21398575430066824,-0.023027471665156174,0.09133924473362358,0.5,1.0,711.2761178509973,turtle,random_search,1,-0.4203011150068461,10
55,550,-0.14336339569569923,0.001420936795878358,0.0817611611693372,0.5,1.0,724.9173623990209,turtle,random_search,1,-0.4203011150068461,10
56,560,-0.244762773733874,-0.0003036729922691883,0.10757409320048875,0.5,1.0,740.0106333059957,turtle,random_search,1,-0.4203011150068461,10
57,570,-0.17774048120442743,-0.032718574001321964,0.07179367071703409,0.5,1.0,755.2669921650086,turtle,random_search,1,-0.4203011150068461,10
58,580,-0.03337417160974265,0.0298676078945622,0.06717425399849747,0.5,1.0,768.066368639993,turtle,random_search,1,-0.4203011150068461,10
59,590,-0.1377282388794896,0.0007885951898609633,0.07617304453398684,0.5,1.0,782.609061997995,turtle,random_search,1,-0.4203011150068461,10
60,600,-0.14382852811200486,0.01415788880950899,0.0848120211487858,0.5,1.0,794.0317817250034,turtle,random_search,1,-0.4203011150068461,10
61,610,-0.11525315599082209,-0.02827194646964761,0.06624122567127917,0.5,1.0,810.0498775860178,turtle,random_search,1,-0.4203011150068461,10
62,620,-0.17667450211341862,0.033729717772640555,0.11183021075889729,0.5,1.0,826.8934517870075,turtle,random_search,1,-0.4203011150068461,10
63,630,-0.3981354833209094,-0.05174526235149566,0.13879626033112805,0.5,1.0,839.0562636170071,turtle,random_search,1,-0.4203011150068461,10
64,640,-0.11576969580815533,-0.012007766510569428,0.06383735211617735,0.5,1.0,853.9344200289925,turtle,random_search,1,-0.4203011150068461,10
65,650,-0.15506172800839657,-0.01841419455820814,0.06673558160609729,0.5,1.0,870.5157573680044,turtle,random_search,1,-0.4203011150068461,10
66,660,-0.07609350295094774,0.029082469369460195,0.08349704284822414,0.5,1.0,884.2644257880165,turtle,random_search,1,-0.4203011150068461,10
67,670,-0.20571984884545103,-0.03615152808545892,0.08588480167101102,0.5,1.0,896.7726284119999,turtle,random_search,1,-0.4203011150068461,10
68,680,-0.1409478287705479,0.008477584189530063,0.07153905804327926,0.5,1.0,912.2306208549999,turtle,random_search,1,-0.4203011150068461,10
69,690,-0.06626669271197994,0.028179812122606583,0.10486471168659149,0.5,1.0,928.7425503109989,turtle,random_search,1,-0.4203011150068461,10
70,700,-0.05569222678589192,0.040010131319284346,0.11549437836418965,0.5,1.0,942.6143212900206,turtle,random_search,1,-0.4203011150068461,10
71,710,-0.21338315261017105,-0.030052589678735586,0.06902388479990124,0.5,1.0,960.662817917997,turtle,random_search,1,-0.4203011150068461,10
72,720,-0.061519928118142,0.017575739021414804,0.06853540546477369,0.5,1.0,977.2935698830115,turtle,random_search,1,-0.4203011150068461,10
73,730,-0.040711576850601006,-0.0075491477799364045,0.024314801418278565,0.5,1.0,993.0047493480088,turtle,random_search,1,-0.4203011150068461,10
74,740,-0.1923368789488471,-0.025239627984156333,0.06610816689175887,0.5,1.0,1006.667345697002,turtle,random_search,1,-0.4203011150068461,10
75,750,-0.1775655277457302,-0.004973770619013251,0.10391505590841944,0.5,1.0,1019.5238401899987,turtle,random_search,1,-0.4203011150068461,10
76,760,-0.10746096263378746,0.02709893734663993,0.09304182471088986,0.5,1.0,1033.3191578309925,turtle,random_search,1,-0.4203011150068461,10
77,770,-0.13127260844282507,0.00192536878707692,0.09276826568399146,0.5,1.0,1050.4842356739973,turtle,random_search,1,-0.4203011150068461,10
78,780,-0.1287824762892429,-0.010128432945578147,0.051964396281808746,0.5,1.0,1069.5902574030042,turtle,random_search,1,-0.4203011150068461,10
79,790,-0.07335709961018022,0.04181339603334031,0.07369338071733739,0.5,1.0,1085.6204492080142,turtle,random_search,1,-0.4203011150068461,10
80,800,-0.338171576766781,-0.0638048984232185,0.1466419703696899,0.5,1.0,1104.3648359420185,turtle,random_search,1,-0.4203011150068461,10
81,810,-0.07771688173295299,-0.002968877158412919,0.0636630276714975,0.5,1.0,1121.550846260012,turtle,random_search,1,-0.4203011150068461,10
82,820,-0.12213414967086234,0.07996437888925971,0.23183672183606813,0.5,1.0,1135.1236419540073,turtle,random_search,1,-0.4203011150068461,10
83,830,-0.2597875908250433,0.0034291208110026616,0.09500059596852309,0.5,1.0,1151.735804844997,turtle,random_search,1,-0.4203011150068461,10
84,840,-0.09889125127229015,0.02443339838857419,0.06725302149351671,0.5,1.0,1166.1740400760027,turtle,random_search,1,-0.4203011150068461,10
85,850,-0.04708647250321896,0.03545699721577709,0.06900250759595396,0.5,1.0,1180.4721042510064,turtle,random_search,1,-0.4203011150068461,10
86,860,-0.07711380518782196,0.012105399000566397,0.03737061184367714,0.5,1.0,1195.5204937040107,turtle,random_search,1,-0.4203011150068461,10
87,870,-0.05265442442104007,0.013356078768713964,0.054386720411616095,0.5,1.0,1214.0589601510146,turtle,random_search,1,-0.4203011150068461,10
88,880,-0.055306273837802955,0.045174828028935556,0.07712467647187944,0.5,1.0,1231.7610863349983,turtle,random_search,1,-0.4203011150068461,10
89,890,-0.06921034673173576,0.007332074425157131,0.04852289221347732,0.5,1.0,1251.607563522004,turtle,random_search,1,-0.4203011150068461,10
90,900,-0.1355781155289062,0.07350713237310362,0.13222217324396476,0.5,1.0,1267.3687624479935,turtle,random_search,1,-0.4203011150068461,10
91,910,-0.09028471454081011,-0.0034689879756304443,0.05940193816621643,0.5,1.0,1283.3096489660093,turtle,random_search,1,-0.4203011150068461,10
92,920,-0.27749125426285826,-0.041778140686830764,0.11759564668238888,0.5,1.0,1296.9979170830047,turtle,random_search,1,-0.4203011150068461,10
93,930,-0.22634486381749852,0.000845785519124842,0.09919599128716997,0.5,1.0,1313.9138589040085,turtle,random_search,1,-0.4203011150068461,10
94,940,-0.1282034673899206,-0.024464236691347452,0.0580581233399805,0.5,1.0,1326.953186779021,turtle,random_search,1,-0.4203011150068461,10
95,950,-0.1595715433252236,-0.02567967682700383,0.08689760195406311,0.5,1.0,1340.2665574919956,turtle,random_search,1,-0.4203011150068461,10
96,960,-0.17391752699442264,-0.017831062608854253,0.08056334135241633,0.5,1.0,1353.888514382008,turtle,random_search,1,-0.4203011150068461,10
97,970,-0.07850208543025605,-0.0034395901860254873,0.04216207867672576,0.5,1.0,1370.2355857249931,turtle,random_search,1,-0.4203011150068461,10
98,980,-0.18697080013759404,-0.011693429786244635,0.06564959210651018,0.5,1.0,1383.7352729460108,turtle,random_search,1,-0.4203011150068461,10
99,990,-0.17917575464753277,-0.008617105723425222,0.11073851543945058,0.5,1.0,1402.6297947730054,turtle,random_search,1,-0.4203011150068461,10
100,1000,-0.2629068981063849,-0.03863415279971001,0.08333744864081327,0.5,1.0,1421.3736922480166,turtle,random_search,1,-0.4203011150068461,10
101,1010,-0.11436735213266935,0.025294259126778497,0.08320531055808131,0.5,1.0,1436.920983028016,turtle,random_search,1,-0.4203011150068461,10
102,1020,-0.07772143816755239,0.03171396992866349,0.07371612055984128,0.5,1.0,1455.9337169600185,turtle,random_search,1,-0.4203011150068461,10
103,1030,-0.015246457160508875,0.05907962762499306,0.07894755815632624,0.5,1.0,1472.2354872110009,turtle,random_search,1,-0.4203011150068461,10
104,1040,-0.10674399979857174,0.006113556232415629,0.07157584545521924,0.5,1.0,1490.3504344719986,turtle,random_search,1,-0.4203011150068461,10
105,1050,-0.2212084441985338,0.002574667365053962,0.0885193487665577,0.5,1.0,1508.0735140799952,turtle,random_search,1,-0.4203011150068461,10
106,1060,-0.05809918237174738,0.030310667982203922,0.07650373309252774,0.5,1.0,1525.9421523369965,turtle,random_search,1,-0.4203011150068461,10
107,1070,-0.20497687929564368,-0.042128890906564284,0.10260238625780739,0.5,1.0,1540.3776545989967,turtle,random_search,1,-0.4203011150068461,10
108,1080,-0.16640484987130755,-0.027467595049874217,0.0865654613986016,0.5,1.0,1554.3919342420122,turtle,random_search,1,-0.4203011150068461,10
109,1090,-0.2768587378082996,-0.004660234661637741,0.11391896865520508,0.5,1.0,1574.008537178015,turtle,random_search,1,-0.4203011150068461,10
110,1100,-0.106091564217345,0.02405784131671762,0.07094567110259792,0.5,1.0,1591.4106312840013,turtle,random_search,1,-0.4203011150068461,10
111,1110,-0.07735881585421911,0.016397388703731242,0.05155096292339204,0.5,1.0,1609.9499654160172,turtle,random_search,1,-0.4203011150068461,10
112,1120,-0.1449512323855453,-0.016477028944696846,0.07540533062707366,0.5,1.0,1622.0737501720141,turtle,random_search,1,-0.4203011150068461,10
113,1130,-0.18041735374275625,-0.006806600648291106,0.07614663218126991,0.5,1.0,1635.984913042019,turtle,random_search,1,-0.4203011150068461,10
114,1140,-0.07069143524705357,0.04952317555454462,0.08918818154639965,0.5,1.0,1651.2386583400075,turtle,random_search,1,-0.4203011150068461,10
115,1150,-0.17636826641803616,0.0008663331344685333,0.09808042450934128,0.5,1.0,1665.6180802680028,turtle,random_search,1,-0.4203011150068461,10
116,1160,-0.004690670775009842,0.045268883818743076,0.05019751791517279,0.5,1.0,1677.76271652602,turtle,random_search,1,-0.4203011150068461,10
117,1170,-0.14244482542762338,-0.013431936008679823,0.05819482488363998,0.5,1.0,1687.5938983410015,turtle,random_search,1,-0.4203011150068461,10
118,1180,-0.08220085394301435,0.021703702723925567,0.06931262362575165,0.5,1.0,1700.7998407210107,turtle,random_search,1,-0.4203011150068461,10
119,1190,-0.06340916732787427,0.06947447127006959,0.0994919249583528,0.5,1.0,1714.468036485021,turtle,random_search,1,-0.4203011150068461,10
120,1200,-0.1418344047239346,0.022356436566632797,0.08925335069381178,0.5,1.0,1724.8045024330204,turtle,random_search,1,-0.4203011150068461,10
121,1210,-0.04644555699880559,0.06332079788913791,0.12340184370216066,0.5,1.0,1736.5215672930062,turtle,random_search,1,-0.4203011150068461,10
122,1220,-0.1479862270261707,0.011961905442176058,0.06351496989521473,0.5,1.0,1751.342654581007,turtle,random_search,1,-0.4203011150068461,10
123,1230,-0.06699112554554976,1.0078599267724229,2.997906113858264,0.5,1.0,1764.8017533310049,turtle,random_search,1,-0.4203011150068461,10
124,1240,-0.10189185114793275,0.015488487880997059,0.10738494498144846,0.5,1.0,1778.9705504660087,turtle,random_search,1,-0.4203011150068461,10
125,1250,-0.07288082704196874,1.0550873008195851,2.98990088634329,0.5,1.0,1791.4290254090156,turtle,random_search,1,-0.4203011150068461,10
126,1260,-0.11835021692773928,-0.009609137256013246,0.06385870177736307,0.5,1.0,1802.5640737980139,turtle,random_search,1,-0.4203011150068461,10
127,1270,-0.023224190532157074,0.03052248587658184,0.05101989393095667,0.5,1.0,1816.09121736401,turtle,random_search,1,-0.4203011150068461,10
128,1280,-0.1941568247966785,-0.0470014142857921,0.07057853211661355,0.5,1.0,1828.2604043270112,turtle,random_search,1,-0.4203011150068461,10
129,1290,-0.06909812888938305,0.03648684848379391,0.06710741277974752,0.5,1.0,1841.974244557001,turtle,random_search,1,-0.4203011150068461,10
130,1300,-0.12899020171537323,0.012734240066439018,0.06653034235947337,0.5,1.0,1857.5350296400138,turtle,random_search,1,-0.4203011150068461,10
131,1310,-0.2695331782275634,-0.011491318754123282,0.10678023753748926,0.5,1.0,1870.2275040050154,turtle,random_search,1,-0.4203011150068461,10
132,1320,-0.036926288459028456,0.03927990346019623,0.06680324230332803,0.5,1.0,1883.6155987000093,turtle,random_search,1,-0.4203011150068461,10
133,1330,-0.19663373111509586,-0.03713498643597903,0.07276906132765751,0.5,1.0,1895.0283198140096,turtle,random_search,1,-0.4203011150068461,10
134,1340,-0.12594961114003755,0.01929695306659456,0.07626753248320096,0.5,1.0,1907.058831745002,turtle,random_search,1,-0.4203011150068461,10
135,1350,-0.2125686302195957,-0.03615536904235776,0.09068086464142378,0.5,1.0,1925.0504440460063,turtle,random_search,1,-0.4203011150068461,10
136,1360,-0.1631709768680869,-0.010114704625447769,0.08985275449617981,0.5,1.0,1937.3679709169955,turtle,random_search,1,-0.4203011150068461,10
137,1370,-0.063363457754674,0.02048001591660258,0.05278497844639183,0.5,1.0,1954.4917203480145,turtle,random_search,1,-0.4203011150068461,10
138,1380,-0.06522844581247167,0.01322002428794855,0.05416479546934616,0.5,1.0,1965.562713569001,turtle,random_search,1,-0.4203011150068461,10
139,1390,-0.16430503919322081,-0.02146377109687352,0.1009152477495131,0.5,1.0,1981.008082698012,turtle,random_search,1,-0.4203011150068461,10
140,1400,-0.034906556579580084,0.023612358637120058,0.03867112712793575,0.5,1.0,1995.2505924870202,turtle,random_search,1,-0.4203011150068461,10
141,1410,-0.0837703602646016,0.023757748439279247,0.06588984633282556,0.5,1.0,2009.6765285260044,turtle,random_search,1,-0.4203011150068461,10
142,1420,-0.2683755362909004,-0.017735193075640775,0.10780580104183361,0.5,1.0,2023.4822311089956,turtle,random_search,1,-0.4203011150068461,10
143,1430,-0.218107343561317,0.007589118478441214,0.10941226339424151,0.5,1.0,2038.7695284600195,turtle,random_search,1,-0.4203011150068461,10
144,1440,-0.34337910316661446,-0.06083304384517385,0.11025438345977646,0.5,1.0,2051.454315122013,turtle,random_search,1,-0.4203011150068461,10
145,1450,-0.09550106444625506,-0.01145052794435264,0.037604790368924515,0.5,1.0,2065.1813433450006,turtle,random_search,1,-0.4203011150068461,10
146,1460,-0.06457195102097568,-0.0020069813022622006,0.05956917563359608,0.5,1.0,2075.5528963470133,turtle,random_search,1,-0.4203011150068461,10
147,1470,-0.1000441265308396,0.012579310487940986,0.0510753842360779,0.5,1.0,2093.756297059008,turtle,random_search,1,-0.4203011150068461,10
148,1480,-0.3556073539476232,-0.0663061704734604,0.11474678255959118,0.5,1.0,2110.254477545008,turtle,random_search,1,-0.4203011150068461,10
149,1490,-0.08632816254888098,0.0027843752346563555,0.06034709236959019,0.5,1.0,2126.984035417001,turtle,random_search,1,-0.4203011150068461,10
150,1500,-0.05651560179687021,-0.015548501511502888,0.029891907282526727,0.5,1.0,2142.016575829999,turtle,random_search,1,-0.4203011150068461,10
151,1510,-0.14137613010068417,-0.037428916442246066,0.06723862829471186,0.5,1.0,2156.8524208250165,turtle,random_search,1,-0.4203011150068461,10
152,1520,-0.24691004909980308,-0.025308279105890376,0.08277283211985949,0.5,1.0,2173.3203081230167,turtle,random_search,1,-0.4203011150068461,10
153,1530,-0.08814885604849731,-0.051150272781494,0.035004337626506954,0.5,1.0,2186.9208797090105,turtle,random_search,1,-0.4203011150068461,10
154,1540,-0.2191404742845533,0.005047538414193031,0.16771187593127937,0.5,1.0,2203.567339900008,turtle,random_search,1,-0.4203011150068461,10
155,1550,-0.14872881006119876,0.017398365037915565,0.11508081687286868,0.5,1.0,2219.903284177999,turtle,random_search,1,-0.4203011150068461,10
156,1560,-0.18780833871579006,-0.026648837821530335,0.08849956785246398,0.5,1.0,2232.1575827540073,turtle,random_search,1,-0.4203011150068461,10
157,1570,-0.3636880496097268,-0.04761000838420646,0.13724659953186807,0.5,1.0,2243.566635471012,turtle,random_search,1,-0.4203011150068461,10
158,1580,-0.42384319329656517,-0.007876796271397701,0.14006764900366292,0.5,1.0,2257.43011407202,turtle,random_search,1,-0.42384319329656517,10
159,1590,-0.12070970245702917,0.005783125411871115,0.06308641034783252,0.5,1.0,2270.916060755,turtle,random_search,1,-0.42384319329656517,10
160,1600,-0.10039076793913715,0.00547656766080884,0.06186478849990428,0.5,1.0,2285.403755642008,turtle,random_search,1,-0.42384319329656517,10
161,1610,-0.2485281103515593,-0.04201475150924834,0.08687753275368382,0.5,1.0,2299.436230449006,turtle,random_search,1,-0.42384319329656517,10
162,1620,-0.13608534288780838,-0.00367288373875132,0.0803889202070428,0.5,1.0,2313.459793512011,turtle,random_search,1,-0.42384319329656517,10
163,1630,-0.05195593241641472,0.003903252295787052,0.04137931809835881,0.5,1.0,2323.7737735440023,turtle,random_search,1,-0.42384319329656517,10
164,1640,-0.0846719763767858,0.049831220536992404,0.09306662304632447,0.5,1.0,2337.2584059130168,turtle,random_search,1,-0.42384319329656517,10
165,1650,-0.17446614130852467,0.0075447581998704825,0.07166882698671324,0.5,1.0,2353.3741713880154,turtle,random_search,1,-0.42384319329656517,10
166,1660,-0.31144583228667244,-0.015357055945229802,0.11799584083710114,0.5,1.0,2372.1660674060113,turtle,random_search,1,-0.42384319329656517,10
167,1670,-0.046024475663894115,0.042846023748265606,0.06974761110234945,0.5,1.0,2386.111324980011,turtle,random_search,1,-0.42384319329656517,10
168,1680,-0.23670484029736283,-0.012147360499770877,0.12056847632459052,0.5,1.0,2402.127816759021,turtle,random_search,1,-0.42384319329656517,10
169,1690,-0.1739026645634052,0.04181320295673059,0.10437769084531084,0.5,1.0,2418.6784600160026,turtle,random_search,1,-0.42384319329656517,10
170,1700,-0.08683102374725227,0.012523478956832434,0.08708402911719865,0.5,1.0,2430.156525286002,turtle,random_search,1,-0.42384319329656517,10
171,1710,-0.07296246056497324,0.017169838332978315,0.05682434085040336,0.5,1.0,2440.9465274630056,turtle,random_search,1,-0.42384319329656517,10
172,1720,-0.1900502697949582,-0.03696630010718156,0.08693013572691276,0.5,1.0,2454.126009984,turtle,random_search,1,-0.42384319329656517,10
173,1730,-0.20994228916449398,-0.005319796284549571,0.0980681143039325,0.5,1.0,2469.911132334004,turtle,random_search,1,-0.42384319329656517,10
174,1740,-0.06320580857638447,0.007383280211652021,0.04523415750584525,0.5,1.0,2484.0795147590106,turtle,random_search,1,-0.42384319329656517,10
175,1750,-0.21611867792598716,-0.0037912532391326083,0.12443915339933494,0.5,1.0,2497.2033301570045,turtle,random_search,1,-0.42384319329656517,10
176,1760,-0.2529791777697863,-0.021739945232782977,0.1275359402509701,0.5,1.0,2512.164014083013,turtle,random_search,1,-0.42384319329656517,10
177,1770,-0.2629244066427754,-0.04882784048645714,0.08591516687136513,0.5,1.0,2524.681885828002,turtle,random_search,1,-0.42384319329656517,10
178,1780,-0.18891031641086453,0.04865963658075527,0.13599023632067872,0.5,1.0,2538.0702369210194,turtle,random_search,1,-0.42384319329656517,10
179,1790,-0.11162493614749636,0.005178840066579582,0.06953503006394625,0.5,1.0,2550.9551722329925,turtle,random_search,1,-0.42384319329656517,10
180,1800,-0.2500698170829585,-0.09291754999155488,0.1152961432739643,0.5,1.0,2563.198947497993,turtle,random_search,1,-0.42384319329656517,10
181,1810,-0.0837939749847969,0.04148890918771615,0.08170617469772455,0.5,1.0,2575.863213206001,turtle,random_search,1,-0.42384319329656517,10
182,1820,-0.0974219831648977,0.008391524296927955,0.08662468339278144,0.5,1.0,2588.713197928999,turtle,random_search,1,-0.42384319329656517,10
183,1830,-0.1452511944602053,-0.012388619237618137,0.061351347235298816,0.5,1.0,2602.5185245810135,turtle,random_search,1,-0.42384319329656517,10
184,1840,-0.20267188176557482,-0.01139707306185267,0.09194354484069583,0.5,1.0,2616.787387609016,turtle,random_search,1,-0.42384319329656517,10
185,1850,-0.1692602094204556,1.009495522061929,2.998171421405021,0.5,1.0,2627.566206599993,turtle,random_search,1,-0.42384319329656517,10
186,1860,-0.0503193383673084,0.0235360424812197,0.0529026776113683,0.5,1.0,2643.034549636999,turtle,random_search,1,-0.42384319329656517,10
187,1870,-0.07092144208304951,-0.007357037836546798,0.04775071885907171,0.5,1.0,2652.0425564970064,turtle,random_search,1,-0.42384319329656517,10
188,1880,-0.18247077942750778,-0.014182924835901112,0.09117996439184156,0.5,1.0,2666.5597970189992,turtle,random_search,1,-0.42384319329656517,10
189,1890,-0.17545773171927959,0.0015137903562836286,0.08216131024386152,0.5,1.0,2682.2946799480123,turtle,random_search,1,-0.42384319329656517,10
190,1900,-0.07576044290126571,0.005529374944792398,0.04091116098637958,0.5,1.0,2696.0807176060043,turtle,random_search,1,-0.42384319329656517,10
191,1910,-0.03385701257460738,0.037122569524423187,0.04969822516991953,0.5,1.0,2706.566321952996,turtle,random_search,1,-0.42384319329656517,10
192,1920,-0.22552237193457803,0.04482501029384922,0.14501435706421978,0.5,1.0,2720.6084426619927,turtle,random_search,1,-0.42384319329656517,10
193,1930,-0.13607008331929915,-0.017617453633640333,0.05625240618261924,0.5,1.0,2730.9811453080038,turtle,random_search,1,-0.42384319329656517,10
194,1940,-0.07202953414839719,0.012703730834079163,0.0778789764482226,0.5,1.0,2742.8732963490183,turtle,random_search,1,-0.42384319329656517,10
195,1950,-0.11427189302651364,-0.0029477057331903644,0.06768698923602212,0.5,1.0,2754.652323415008,turtle,random_search,1,-0.42384319329656517,10
196,1960,-0.05764324015615596,0.010192610156138038,0.05148195917922814,0.5,1.0,2766.6174097240146,turtle,random_search,1,-0.42384319329656517,10
197,1970,-0.18097625023083097,-0.007598084849886532,0.0644617758836445,0.5,1.0,2778.089878502011,turtle,random_search,1,-0.42384319329656517,10
198,1980,-0.3564329270167397,-0.013203980690418327,0.20776133443346423,0.5,1.0,2790.6804400050023,turtle,random_search,1,-0.42384319329656517,10
199,1990,-0.052668160327367985,0.05005862702852557,0.07838573168961442,0.5,1.0,2803.1945826479932,turtle,random_search,1,-0.42384319329656517,10
200,2000,-0.10949658491047742,-0.0024453178861479686,0.08246110747682378,0.5,1.0,2816.2549473660183,turtle,random_search,1,-0.42384319329656517,10
201,2010,-0.20537520513928875,-0.01790675419702161,0.09173021006454289,0.5,1.0,2825.858862469002,turtle,random_search,1,-0.42384319329656517,10
202,2020,-0.09906538934477904,-0.0028634689760524525,0.06124128530830071,0.5,1.0,2837.4590495199955,turtle,random_search,1,-0.42384319329656517,10
203,2030,-0.2960220040111725,-0.01610249305231779,0.11298980360368271,0.5,1.0,2851.634729384008,turtle,random_search,1,-0.42384319329656517,10
204,2040,-0.11519707534505308,-0.0055595956926040024,0.08902301980669246,0.5,1.0,2864.5085048280016,turtle,random_search,1,-0.42384319329656517,10
205,2050,-0.11024883742274305,0.004548561564532339,0.10067319467106729,0.5,1.0,2879.4353954630205,turtle,random_search,1,-0.42384319329656517,10
206,2060,-0.12891479951620788,-0.011548143699654557,0.07374376134625936,0.5,1.0,2894.649911164015,turtle,random_search,1,-0.42384319329656517,10
207,2070,-0.17216026384801086,-0.020293893596735925,0.07457841965023522,0.5,1.0,2908.027007865021,turtle,random_search,1,-0.42384319329656517,10
208,2080,-0.16689008228720414,-0.041172316404338896,0.06349232956763744,0.5,1.0,2921.809685837012,turtle,random_search,1,-0.42384319329656517,10
209,2090,-0.07739472472992048,-0.01455970619001148,0.045381994308867586,0.5,1.0,2938.122827525018,turtle,random_search,1,-0.42384319329656517,10
210,2100,-0.1956238289765988,-0.04818196853822769,0.06687045387521413,0.5,1.0,2952.6672825760033,turtle,random_search,1,-0.42384319329656517,10
211,2110,-0.19781093623443624,-0.02380817557602839,0.074133183653111,0.5,1.0,2969.4316545320034,turtle,random_search,1,-0.42384319329656517,10
212,2120,-0.0988586624438037,0.0034655864145302752,0.06002896865764022,0.5,1.0,2983.480230026995,turtle,random_search,1,-0.42384319329656517,10
213,2130,-0.08610222900682896,0.015284474469750009,0.06309191982600657,0.5,1.0,2995.2891944860166,turtle,random_search,1,-0.42384319329656517,10
214,2140,-0.10235222981411773,-0.015962292920279175,0.06955856371482162,0.5,1.0,3004.732675609004,turtle,random_search,1,-0.42384319329656517,10
215,2150,-0.11342825473711304,0.008910179341654612,0.05924068252044124,0.5,1.0,3017.398659436003,turtle,random_search,1,-0.42384319329656517,10
216,2160,-0.10873208055159012,0.007762303617069666,0.05864166363480349,0.5,1.0,3028.63365448502,turtle,random_search,1,-0.42384319329656517,10
217,2170,-0.025025584970477688,0.04044671021345296,0.04213805612195531,0.5,1.0,3044.012598944013,turtle,random_search,1,-0.42384319329656517,10
218,2180,-0.10330457162684858,-0.018246185430468298,0.053042643198269616,0.5,1.0,3057.4429878049996,turtle,random_search,1,-0.42384319329656517,10
219,2190,-0.1159781787052463,0.039352727521883235,0.09688088920946578,0.5,1.0,3068.698957724002,turtle,random_search,1,-0.42384319329656517,10
220,2200,-0.15514905326869055,0.01963029743608633,0.08918239296757233,0.5,1.0,3081.1556697780034,turtle,random_search,1,-0.42384319329656517,10
221,2210,-0.4934156278042776,-0.055510617863626786,0.16759877085126246,0.5,1.0,3095.0881331010023,turtle,random_search,1,-0.4934156278042776,10
222,2220,-0.12332616653548634,-0.004434011541345662,0.08884272000296749,0.5,1.0,3108.82470902201,turtle,random_search,1,-0.4934156278042776,10
223,2230,-0.02654846643053954,0.042301610871675964,0.0478802681939135,0.5,1.0,3119.4506495240203,turtle,random_search,1,-0.4934156278042776,10
224,2240,-0.4289804679966318,-0.05401091946402099,0.15152157156000065,0.5,1.0,3131.2567557080183,turtle,random_search,1,-0.4934156278042776,10
225,2250,-0.10273935067728246,0.06958212446492862,0.13462534617115868,0.5,1.0,3140.4140455470188,turtle,random_search,1,-0.4934156278042776,10
226,2260,-0.28637827382124126,-0.012172905509585696,0.10259779269830303,0.5,1.0,3154.2092641920026,turtle,random_search,1,-0.4934156278042776,10
227,2270,-0.1113799949277885,-0.024206500833542588,0.044761757632098866,0.5,1.0,3170.023849329009,turtle,random_search,1,-0.4934156278042776,10
228,2280,-0.11056482699201542,0.014391003072240593,0.08432934763228711,0.5,1.0,3181.5423787990003,turtle,random_search,1,-0.4934156278042776,10
229,2290,-0.06487364574326104,0.00005916100082625775,0.039688271101418156,0.5,1.0,3195.6974356980063,turtle,random_search,1,-0.4934156278042776,10
230,2300,-0.2971667782719134,0.009783376529274346,0.14435035669055926,0.5,1.0,3205.817760564998,turtle,random_search,1,-0.4934156278042776,10
231,2310,-0.2056707403750231,0.00004822627231400034,0.1405592976698432,0.5,1.0,3217.2972920040193,turtle,random_search,1,-0.4934156278042776,10
232,2320,-0.2691294072261847,-0.020029401063132203,0.10066948489354033,0.5,1.0,3231.771326873015,turtle,random_search,1,-0.4934156278042776,10
233,2330,-0.1644295758433989,-0.04821653478640746,0.07588061339684758,0.5,1.0,3248.6506607079937,turtle,random_search,1,-0.4934156278042776,10
234,2340,-0.2476905271820815,-0.024389801504723696,0.14401423896073792,0.5,1.0,3263.6009964980185,turtle,random_search,1,-0.4934156278042776,10
235,2350,-0.11203860128933751,0.030966108317436358,0.14636084845443773,0.5,1.0,3277.925657246,turtle,random_search,1,-0.4934156278042776,10
236,2360,-0.3097548199948319,-0.029614990856591028,0.12035236851644047,0.5,1.0,3289.9146252670034,turtle,random_search,1,-0.4934156278042776,10
237,2370,-0.06163976471696042,0.04586301863925017,0.14220567726510439,0.5,1.0,3299.8985793660104,turtle,random_search,1,-0.4934156278042776,10
238,2380,-0.5553931092083344,-0.03774256101331064,0.20463680323817485,0.5,1.0,3315.7467867300147,turtle,random_search,1,-0.5553931092083344,10
239,2390,-0.11454669642523818,0.999305995485775,3.00062499033658,0.5,1.0,3327.8518109839933,turtle,random_search,1,-0.5553931092083344,10
240,2400,-0.24221684147175981,0.9980574565858626,3.0021643803506795,0.5,1.0,3340.9687587590015,turtle,random_search,1,-0.5553931092083344,10
241,2410,-0.1563195209921613,0.003767385821761149,0.10435699025536999,0.5,1.0,3353.729950615001,turtle,random_search,1,-0.5553931092083344,10
242,2420,-0.2196545984740661,-0.04141292192136259,0.08967799086378986,0.5,1.0,3368.5669658349943,turtle,random_search,1,-0.5553931092083344,10
243,2430,-0.07044884214609137,0.027902610885753364,0.05257068986385011,0.5,1.0,3380.2636447330005,turtle,random_search,1,-0.5553931092083344,10
244,2440,-0.08777722506911978,1.022239576855319,2.993859583723408,0.5,1.0,3395.9124516099982,turtle,random_search,1,-0.5553931092083344,10
245,2450,-0.2777359677544924,-0.0016369686805106198,0.11409323855356042,0.5,1.0,3411.531080026005,turtle,random_search,1,-0.5553931092083344,10
246,2460,-0.18638781065153864,0.0007692487798485637,0.10940237194982425,0.5,1.0,3425.479415689013,turtle,random_search,1,-0.5553931092083344,10
247,2470,-0.1301159434972643,0.009925083680211166,0.06156462988740956,0.5,1.0,3439.0083175770123,turtle,random_search,1,-0.5553931092083344,10
248,2480,-0.0551459865228372,0.032460343010442025,0.041617370155880476,0.5,1.0,3451.1897017640003,turtle,random_search,1,-0.5553931092083344,10
249,2490,-0.1758160693306543,0.0012377939337968157,0.09143551019593765,0.5,1.0,3464.869056124997,turtle,random_search,1,-0.5553931092083344,10
250,2500,-0.2212864625316815,-0.04412774560027053,0.09231959705569068,0.5,1.0,3477.6829526550137,turtle,random_search,1,-0.5553931092083344,10
251,2510,-0.14079407264971788,-0.0021973542426243498,0.0825986000569508,0.5,1.0,3493.982356759021,turtle,random_search,1,-0.5553931092083344,10
252,2520,-0.08454562215309558,0.03094277070871119,0.09366998041528003,0.5,1.0,3508.7176728770137,turtle,random_search,1,-0.5553931092083344,10
253,2530,-0.1351947098954973,0.005881092915233932,0.08525161017898542,0.5,1.0,3521.117368042993,turtle,random_search,1,-0.5553931092083344,10
254,2540,-0.3675307049468053,0.007881013004558124,0.1493845279748387,0.5,1.0,3532.6146832060185,turtle,random_search,1,-0.5553931092083344,10
255,2550,-0.22533561155087067,-0.02348905465534825,0.08456295003819436,0.5,1.0,3546.9432384090032,turtle,random_search,1,-0.5553931092083344,10
256,2560,-0.06473551228064967,0.019862211938147745,0.05238506451974225,0.5,1.0,3560.242377193994,turtle,random_search,1,-0.5553931092083344,10
257,2570,-0.08357564829614272,0.04213850811212474,0.15981337396777393,0.5,1.0,3572.299451729021,turtle,random_search,1,-0.5553931092083344,10
258,2580,-0.10627910462733148,0.051456097622628594,0.1255510586527294,0.5,1.0,3584.7389414820063,turtle,random_search,1,-0.5553931092083344,10
259,2590,-0.06499754570127703,1.0013512355768832,2.9998937958940095,0.5,1.0,3595.1976342720154,turtle,random_search,1,-0.5553931092083344,10
260,2600,-0.03651597697395115,0.015144709795241695,0.04095616199690029,0.5,1.0,3608.179103083996,turtle,random_search,1,-0.5553931092083344,10
261,2610,-0.0255765728266395,0.038451901257559574,0.04998035392413495,0.5,1.0,3625.201207984006,turtle,random_search,1,-0.5553931092083344,10
262,2620,-0.207146919718892,-0.010071385967440083,0.07419212271978952,0.5,1.0,3641.281049430021,turtle,random_search,1,-0.5553931092083344,10
263,2630,-0.22547068759328592,-0.03370346203290815,0.08433984042570955,0.5,1.0,3653.2413986530155,turtle,random_search,1,-0.5553931092083344,10
264,2640,-0.13272251983110017,-0.008001209693690114,0.0675264659759853,0.5,1.0,3668.940803381003,turtle,random_search,1,-0.5553931092083344,10
265,2650,-0.13922865486351288,1.0045919269239136,2.999098930511084,0.5,1.0,3681.8624361400143,turtle,random_search,1,-0.5553931092083344,10
266,2660,-0.1622572411365839,-0.001960944304705681,0.0913448969725822,0.5,1.0,3696.2507185160066,turtle,random_search,1,-0.5553931092083344,10
267,2670,-0.11029804982846958,0.03756564332846217,0.1063290823625899,0.5,1.0,3706.2109028820123,turtle,random_search,1,-0.5553931092083344,10
268,2680,-0.11100196408074581,-0.02420736780642425,0.06007312233347525,0.5,1.0,3718.5971920470183,turtle,random_search,1,-0.5553931092083344,10
269,2690,-0.30252112126990216,-0.0029144466958491043,0.11365752983635326,0.5,1.0,3732.0935423680057,turtle,random_search,1,-0.5553931092083344,10
270,2700,-0.3433347882775033,-0.0514762616167018,0.1072269705949067,0.5,1.0,3742.439419449016,turtle,random_search,1,-0.5553931092083344,10
271,2710,-0.18314211060340924,-0.025072312907422935,0.09629980737769953,0.5,1.0,3759.7438197660085,turtle,random_search,1,-0.5553931092083344,10
272,2720,-0.1672096835937502,-0.0007031583682357123,0.10138987455633304,0.5,1.0,3772.6915698999946,turtle,random_search,1,-0.5553931092083344,10
273,2730,-0.38031839860585404,0.02142304897962095,0.1637842650275982,0.5,1.0,3790.9357457479928,turtle,random_search,1,-0.5553931092083344,10
274,2740,-0.03488568144883342,0.025874633924159073,0.04979534174351806,0.5,1.0,3805.97075969202,turtle,random_search,1,-0.5553931092083344,10
275,2750,-0.31829123951406046,-0.04103644057706637,0.1303113373574491,0.5,1.0,3820.2834956760053,turtle,random_search,1,-0.5553931092083344,10
276,2760,-0.33401232447575424,-0.00616777526175225,0.1503493770947687,0.5,1.0,3833.1121053490206,turtle,random_search,1,-0.5553931092083344,10
277,2770,-0.122434264333811,-0.013969721365526233,0.06054227613414996,0.5,1.0,3849.1462756550172,turtle,random_search,1,-0.5553931092083344,10
278,2780,-0.16631777430045247,0.006263152228543944,0.07650125694577445,0.5,1.0,3864.9838352650113,turtle,random_search,1,-0.5553931092083344,10
279,2790,-0.3069859258930263,-0.024119419816636966,0.12179069158466105,0.5,1.0,3880.2967983410053,turtle,random_search,1,-0.5553931092083344,10
280,2800,-0.2518809977216918,0.03217008192692612,0.13328887351441535,0.5,1.0,3896.9564280240156,turtle,random_search,1,-0.5553931092083344,10
281,2810,-0.14959516365896164,0.019010210387072048,0.08356724511673139,0.5,1.0,3909.4399875490053,turtle,random_search,1,-0.5553931092083344,10
282,2820,-0.2184895252356398,0.011098470621305267,0.13967670335854673,0.5,1.0,3923.084180003003,turtle,random_search,1,-0.5553931092083344,10
283,2830,-0.07505077074016864,0.015076518315687437,0.05410067048323212,0.5,1.0,3935.3832254220033,turtle,random_search,1,-0.5553931092083344,10
284,2840,-0.05725650269741411,0.0009903794239616737,0.028683236581078894,0.5,1.0,3949.419044283015,turtle,random_search,1,-0.5553931092083344,10
285,2850,-0.2290050381279869,-0.00014942171906993096,0.13016749722919524,0.5,1.0,3966.0258773759997,turtle,random_search,1,-0.5553931092083344,10
286,2860,-0.10054524302173373,0.030101404134425903,0.06351010479037765,0.5,1.0,3979.4085744270124,turtle,random_search,1,-0.5553931092083344,10
287,2870,-0.09614923861949709,-0.02685781508915861,0.06025010042680609,0.5,1.0,3990.9920179600012,turtle,random_search,1,-0.5553931092083344,10
288,2880,-0.08509704743855284,0.005962062950794156,0.04677124858272594,0.5,1.0,4000.0431404710107,turtle,random_search,1,-0.5553931092083344,10
289,2890,-0.4735601756573242,-0.06312191005729373,0.1428057953835156,0.5,1.0,4012.4584441909974,turtle,random_search,1,-0.5553931092083344,10
290,2900,-0.04022317238901074,0.03855354283282812,0.1030241637569301,0.5,1.0,4023.728047739016,turtle,random_search,1,-0.5553931092083344,10
291,2910,-0.25716958743022644,-0.07031338998984742,0.08439272461928092,0.5,1.0,4035.956581578008,turtle,random_search,1,-0.5553931092083344,10
292,2920,-0.1837858456489858,-0.02812845321847286,0.07887221355713932,0.5,1.0,4050.3074023500085,turtle,random_search,1,-0.5553931092083344,10
293,2930,-0.34397909931148796,-0.015423170997787316,0.13593220755904217,0.5,1.0,4061.63625314401,turtle,random_search,1,-0.5553931092083344,10
294,2940,-0.12604651641388287,-0.005810835897154476,0.09238761362717601,0.5,1.0,4073.538675573014,turtle,random_search,1,-0.5553931092083344,10
295,2950,-0.18800860243303763,-0.0028376413170065895,0.09446113162996769,0.5,1.0,4084.1255140239955,turtle,random_search,1,-0.5553931092083344,10
296,2960,-0.12575167814550792,0.009989594583368611,0.06743560128509446,0.5,1.0,4096.460745396995,turtle,random_search,1,-0.5553931092083344,10
297,2970,-0.19909157598209326,-0.0022360810673942135,0.10195929437235018,0.5,1.0,4112.287765568995,turtle,random_search,1,-0.5553931092083344,10
298,2980,-0.14671453528839518,-0.0019277525310144484,0.05142505140917207,0.5,1.0,4127.068098303018,turtle,random_search,1,-0.5553931092083344,10
299,2990,-0.06728116644445148,0.007149731752693178,0.05031595486833152,0.5,1.0,4135.529983333021,turtle,random_search,1,-0.5553931092083344,10
300,3000,-0.04334533013170727,0.04645761060034603,0.09643029519221756,0.5,1.0,4148.274352715001,turtle,random_search,1,-0.5553931092083344,10
301,3010,-0.11250706661415144,-0.03115556225538434,0.06247625998376169,0.5,1.0,4160.152929598,turtle,random_search,1,-0.5553931092083344,10
302,3020,-0.12430158563808646,0.0033938837937308895,0.05986603501105008,0.5,1.0,4172.973459697008,turtle,random_search,1,-0.5553931092083344,10
303,3030,-0.17298807506096736,-0.02321499767243722,0.07193905100679467,0.5,1.0,4186.22784772201,turtle,random_search,1,-0.5553931092083344,10
304,3040,-0.04224256610463506,0.007158080147486601,0.04219034378649029,0.5,1.0,4197.261397880007,turtle,random_search,1,-0.5553931092083344,10
305,3050,-0.1531480138549215,0.0054428941765887195,0.14223320094306016,0.5,1.0,4208.156464802014,turtle,random_search,1,-0.5553931092083344,10
306,3060,-0.568281072785056,-0.042293724409000075,0.20835698625646573,0.5,1.0,4220.12517715001,turtle,random_search,1,-0.568281072785056,10
307,3070,-0.2610229003936313,-0.028389653624920807,0.10793179055103203,0.5,1.0,4231.71449207401,turtle,random_search,1,-0.568281072785056,10
308,3080,-0.30613309369965247,-0.013146775417997336,0.1475069528213736,0.5,1.0,4243.567410660005,turtle,random_search,1,-0.568281072785056,10
309,3090,-0.10612945434817433,-0.018022056948218613,0.04989914350880276,0.5,1.0,4255.434473333997,turtle,random_search,1,-0.568281072785056,10
310,3100,-0.057197118129061586,0.06511576710044568,0.09196326610285963,0.5,1.0,4268.446660137997,turtle,random_search,1,-0.568281072785056,10
311,3110,-0.11632172636145732,0.029414409473709834,0.08346029258655951,0.5,1.0,4283.366237364011,turtle,random_search,1,-0.568281072785056,10
312,3120,-0.10251300404191088,0.001248489995302915,0.05981070641280929,0.5,1.0,4295.085676642018,turtle,random_search,1,-0.568281072785056,10
313,3130,-0.029745021646697012,0.00829315988245618,0.029867626625255942,0.5,1.0,4305.871564883011,turtle,random_search,1,-0.568281072785056,10
314,3140,-0.13098065617989274,0.0071508888799824534,0.09805223331443129,0.5,1.0,4320.263785395015,turtle,random_search,1,-0.568281072785056,10
315,3150,-0.1023376939889813,-0.0044188403527084755,0.07179427416804876,0.5,1.0,4332.690952972014,turtle,random_search,1,-0.568281072785056,10
316,3160,-0.20566384467029764,0.007164400521947734,0.08913950124796856,0.5,1.0,4344.2818555270205,turtle,random_search,1,-0.568281072785056,10
317,3170,-0.100056498735559,-0.016503490346717165,0.051194778591345254,0.5,1.0,4359.650014434999,turtle,random_search,1,-0.568281072785056,10
318,3180,-0.04550957619074936,0.014031174086170228,0.04503012170178345,0.5,1.0,4374.743369064003,turtle,random_search,1,-0.568281072785056,10
319,3190,-0.3947834447036458,-0.06350410580851965,0.11810351943544983,0.5,1.0,4388.776424328011,turtle,random_search,1,-0.568281072785056,10
320,3200,-0.13325600697206408,-0.0054487127911641235,0.07807022737745793,0.5,1.0,4400.054435208993,turtle,random_search,1,-0.568281072785056,10
321,3210,-0.2919092199681206,-0.04499396184471749,0.10109292601339914,0.5,1.0,4411.389433439006,turtle,random_search,1,-0.568281072785056,10
322,3220,-0.19528368748109148,0.03916361327320868,0.19196766777461546,0.5,1.0,4422.95569424401,turtle,random_search,1,-0.568281072785056,10
323,3230,-0.14928150073234114,0.0008332067673327614,0.07929847168333459,0.5,1.0,4434.804165261012,turtle,random_search,1,-0.568281072785056,10
324,3240,-0.36491890402865845,-0.028361723462490218,0.12617292819255035,0.5,1.0,4450.988919843017,turtle,random_search,1,-0.568281072785056,10
325,3250,-0.11013726691682191,-0.025990114337020653,0.05883373956119108,0.5,1.0,4463.674586726993,turtle,random_search,1,-0.568281072785056,10
326,3260,-0.09067218781672004,-0.01883761346538613,0.04161861419928909,0.5,1.0,4473.803533913015,turtle,random_search,1,-0.568281072785056,10
327,3270,-0.23924633077594226,-0.0006830753582448779,0.09815872299381678,0.5,1.0,4484.624962760019,turtle,random_search,1,-0.568281072785056,10
328,3280,-0.08145065363963155,0.034207670331728134,0.0637667884648789,0.5,1.0,4500.540654790995,turtle,random_search,1,-0.568281072785056,10
329,3290,-0.0769843176210756,-0.00006433401756575919,0.04934729980849632,0.5,1.0,4510.204690679006,turtle,random_search,1,-0.568281072785056,10
330,3300,-0.2250926133211113,-0.03472763212517584,0.08864467207246077,0.5,1.0,4521.847522766999,turtle,random_search,1,-0.568281072785056,10
331,3310,-0.13457178113453327,0.00039993714356088004,0.0776069214352831,0.5,1.0,4541.285324369004,turtle,random_search,1,-0.568281072785056,10
332,3320,-0.14310779865155787,0.020393430237601252,0.11649873823705532,0.5,1.0,4554.192247157014,turtle,random_search,1,-0.568281072785056,10
333,3330,-0.05564307041696992,0.0056514349790018235,0.03953834271915961,0.5,1.0,4568.89302387202,turtle,random_search,1,-0.568281072785056,10
334,3340,-0.04376356423595418,0.05060425553975838,0.06586387852453168,0.5,1.0,4583.9818674870185,turtle,random_search,1,-0.568281072785056,10
335,3350,-0.11048200578612821,-0.00033212468106871287,0.060959325404863964,0.5,1.0,4596.1856402500125,turtle,random_search,1,-0.568281072785056,10
336,3360,-0.24735862609360204,-0.05493916018644329,0.07499827810771072,0.5,1.0,4607.216556108004,turtle,random_search,1,-0.568281072785056,10
337,3370,-0.29349194374270926,-0.0674182455200393,0.0922893301642392,0.5,1.0,4623.695749064995,turtle,random_search,1,-0.568281072785056,10
338,3380,-0.2267162906472162,-0.006640749636403598,0.07881317837092114,0.5,1.0,4637.798951057019,turtle,random_search,1,-0.568281072785056,10
339,3390,-0.34449186854176705,-0.07142343955129613,0.15287151633103788,0.5,1.0,4650.368350934994,turtle,random_search,1,-0.568281072785056,10
340,3400,-0.237977785912598,-0.04450223464937579,0.11840636538401043,0.5,1.0,4663.324778619019,turtle,random_search,1,-0.568281072785056,10
341,3410,-0.062278946113536904,0.0543574025767322,0.06773397269486027,0.5,1.0,4676.574109423993,turtle,random_search,1,-0.568281072785056,10
342,3420,-0.09374595997886459,0.023099759651214226,0.06552610306939018,0.5,1.0,4689.735916358011,turtle,random_search,1,-0.568281072785056,10
343,3430,-0.3362016475173961,-0.014595773286356195,0.1375580553850834,0.5,1.0,4703.731884839013,turtle,random_search,1,-0.568281072785056,10
344,3440,-0.08985732776115807,0.008939784915550319,0.0644979275518365,0.5,1.0,4717.654667413008,turtle,random_search,1,-0.568281072785056,10
345,3450,-0.08701137555738914,-0.028141533431999564,0.030825298224661974,0.5,1.0,4732.499870541011,turtle,random_search,1,-0.568281072785056,10
346,3460,-0.3284832704040541,-0.045599012622096334,0.12357512373137879,0.5,1.0,4749.994492402999,turtle,random_search,1,-0.568281072785056,10
347,3470,-0.24694871990605893,-0.004805795449148142,0.1656688309337841,0.5,1.0,4767.577396484994,turtle,random_search,1,-0.568281072785056,10
348,3480,-0.11403883354316235,0.00604512195814193,0.07391862034112624,0.5,1.0,4780.733927308,turtle,random_search,1,-0.568281072785056,10
349,3490,-0.16819981720016486,0.020717755563156092,0.12420290348662841,0.5,1.0,4798.119629530993,turtle,random_search,1,-0.568281072785056,10
350,3500,-0.18513311842573543,-0.029916826229327852,0.06841336300380578,0.5,1.0,4811.510822803015,turtle,random_search,1,-0.568281072785056,10
351,3510,-0.22942685107947014,0.00779595170953149,0.12663188293224265,0.5,1.0,4828.515647952998,turtle,random_search,1,-0.568281072785056,10
352,3520,-0.08187017314296074,2.0104754624432006,3.994919481898391,0.5,1.0,4843.038722407015,turtle,random_search,1,-0.568281072785056,10
353,3530,-0.08537991382581733,-0.024431610556034933,0.03877881707299719,0.5,1.0,4854.454044893995,turtle,random_search,1,-0.568281072785056,10
354,3540,-0.3860501518625048,-0.02757358413555524,0.17244468593241596,0.5,1.0,4869.279350594006,turtle,random_search,1,-0.568281072785056,10
355,3550,-0.1519368822974787,0.020430460598736565,0.0793529308748071,0.5,1.0,4883.091635649995,turtle,random_search,1,-0.568281072785056,10
356,3560,-0.17470254117234152,-0.01014750830636757,0.08524322630279633,0.5,1.0,4893.829144379997,turtle,random_search,1,-0.568281072785056,10
357,3570,-0.23350029428283037,-0.08206266293096576,0.07816233778474065,0.5,1.0,4911.057473997993,turtle,random_search,1,-0.568281072785056,10
358,3580,-0.17994355505310988,0.00873484415989525,0.06868711833808942,0.5,1.0,4923.722431211994,turtle,random_search,1,-0.568281072785056,10
359,3590,-0.04826463686419569,0.0321698101695989,0.07039513095401687,0.5,1.0,4940.017434006004,turtle,random_search,1,-0.568281072785056,10
360,3600,-0.1193805240380339,0.015161565902476238,0.06979953436595672,0.5,1.0,4953.410792484996,turtle,random_search,1,-0.568281072785056,10
361,3610,-0.4252606531663199,-0.046056106117830974,0.14625571792269834,0.5,1.0,4967.027150817012,turtle,random_search,1,-0.568281072785056,10
362,3620,-0.1423683093519026,-0.024066164157063773,0.0991131345207915,0.5,1.0,4978.038079858001,turtle,random_search,1,-0.568281072785056,10
363,3630,-0.17467233803080084,0.03887237946053048,0.11911892576469789,0.5,1.0,4992.5102003730135,turtle,random_search,1,-0.568281072785056,10
364,3640,-0.12706233909465503,-0.016257380723856584,0.050949131926324116,0.5,1.0,5006.953376217018,turtle,random_search,1,-0.568281072785056,10
365,3650,-0.2508725209995397,0.010582697571215771,0.11069994845617366,0.5,1.0,5019.696717421,turtle,random_search,1,-0.568281072785056,10
366,3660,-0.2772639980247069,-0.031680008162222696,0.11246538525583807,0.5,1.0,5038.368484242004,turtle,random_search,1,-0.568281072785056,10
367,3670,-0.10601201508484248,0.029267958409224627,0.09147355295746319,0.5,1.0,5048.2347818069975,turtle,random_search,1,-0.568281072785056,10
368,3680,-0.2355986759353481,0.012547419414401784,0.10440898233949256,0.5,1.0,5062.882170880999,turtle,random_search,1,-0.568281072785056,10
369,3690,-0.14602959721029674,1.0004378248327996,3.000805041398734,0.5,1.0,5076.143315266003,turtle,random_search,1,-0.568281072785056,10
370,3700,-0.1366576697961035,-0.008760518303577759,0.05527290787163307,0.5,1.0,5089.554265617015,turtle,random_search,1,-0.568281072785056,10
371,3710,-0.034373499348463454,0.05217978204834628,0.0572361477860097,0.5,1.0,5102.095601909998,turtle,random_search,1,-0.568281072785056,10
372,3720,-0.20498945802854163,-0.02581941442424096,0.06895167675552269,0.5,1.0,5115.563906257012,turtle,random_search,1,-0.568281072785056,10
373,3730,-0.09551335953306417,-0.005184145691261399,0.034780479012203026,0.5,1.0,5124.892824844021,turtle,random_search,1,-0.568281072785056,10
374,3740,-0.37921250693469855,0.005186411477626951,0.14727233561528097,0.5,1.0,5136.374658212997,turtle,random_search,1,-0.568281072785056,10
375,3750,-0.04667018880688012,0.06057622874521984,0.07327938201244179,0.5,1.0,5150.6875488180085,turtle,random_search,1,-0.568281072785056,10
376,3760,-0.23160545974953362,-0.05734754675149532,0.11752237897859494,0.5,1.0,5166.334271321015,turtle,random_search,1,-0.568281072785056,10
377,3770,-0.17091256170558555,0.0420644316989776,0.08956629344338413,0.5,1.0,5177.956905935018,turtle,random_search,1,-0.568281072785056,10
378,3780,-0.09805083742930787,0.040226644720337566,0.07718622571891769,0.5,1.0,5192.042716519005,turtle,random_search,1,-0.568281072785056,10
379,3790,-0.1333980929448222,-0.010739369404913912,0.07260216759702048,0.5,1.0,5205.223824000015,turtle,random_search,1,-0.568281072785056,10
380,3800,-0.20434222970417348,-0.007089982555610508,0.10278888614118842,0.5,1.0,5219.148101760016,turtle,random_search,1,-0.568281072785056,10
381,3810,-0.09316289343916395,-0.017961708112600405,0.057505608056051656,0.5,1.0,5230.338907728001,turtle,random_search,1,-0.568281072785056,10
382,3820,-0.1564879476367409,-0.0050627372603353924,0.08375781442352782,0.5,1.0,5245.341501348012,turtle,random_search,1,-0.568281072785056,10
383,3830,-0.04327209423246536,0.04057331497106782,0.07328465834463041,0.5,1.0,5258.659289389005,turtle,random_search,1,-0.568281072785056,10
384,3840,-0.049495539157482504,0.014945061765820089,0.03178040693968815,0.5,1.0,5273.378868419008,turtle,random_search,1,-0.568281072785056,10
385,3850,-0.323191623382062,-0.025266488364525497,0.10838075849643887,0.5,1.0,5287.333940255019,turtle,random_search,1,-0.568281072785056,10
386,3860,-0.12504786179314742,0.9838938497108053,3.005771893034144,0.5,1.0,5299.599954105011,turtle,random_search,1,-0.568281072785056,10
387,3870,-0.1936163241548572,-0.008412850057587828,0.10392092634241921,0.5,1.0,5313.174270259013,turtle,random_search,1,-0.568281072785056,10
388,3880,-0.1459269464831623,0.006702575762634222,0.09995696308567631,0.5,1.0,5324.538214700995,turtle,random_search,1,-0.568281072785056,10
389,3890,-0.1245761707739792,-0.029211748361650258,0.04560439626828669,0.5,1.0,5334.327189820004,turtle,random_search,1,-0.568281072785056,10
390,3900,-0.23575830050447077,-0.012248879248505328,0.12181370456579473,0.5,1.0,5348.7831788159965,turtle,random_search,1,-0.568281072785056,10
391,3910,-0.06456707341119472,0.03302921895769577,0.07846154441710038,0.5,1.0,5363.208456844994,turtle,random_search,1,-0.568281072785056,10
392,3920,-0.051410017446754885,-0.0008219589981340647,0.047649281003450714,0.5,1.0,5372.567359676992,turtle,random_search,1,-0.568281072785056,10
393,3930,-0.08894174586108328,0.06680427031085409,0.08898599598207059,0.5,1.0,5385.617620338016,turtle,random_search,1,-0.568281072785056,10
394,3940,-0.17318121269909081,0.0001301437734140265,0.09814553747381918,0.5,1.0,5399.661418806994,turtle,random_search,1,-0.568281072785056,10
395,3950,-0.27390880593675426,-0.037969306338600364,0.09227560898069805,0.5,1.0,5410.609053994995,turtle,random_search,1,-0.568281072785056,10
396,3960,-0.43452807775098634,-0.06039528335468249,0.14090856655019524,0.5,1.0,5424.164754583995,turtle,random_search,1,-0.568281072785056,10
397,3970,-0.2340071193381048,-0.02866809811854054,0.12140691874434857,0.5,1.0,5437.946888828999,turtle,random_search,1,-0.568281072785056,10
398,3980,-0.07922753005017213,0.029055764849136346,0.08927574825206293,0.5,1.0,5451.695237497013,turtle,random_search,1,-0.568281072785056,10
399,3990,-0.2197686842343316,0.0223187295457433,0.12097468939658561,0.5,1.0,5463.110801781993,turtle,random_search,1,-0.568281072785056,10
400,4000,-0.38441251312820857,-0.019643552168056022,0.17985108418610005,0.5,1.0,5476.854402635014,turtle,random_search,1,-0.568281072785056,10
401,4010,-0.14612534077069927,0.05926881004754305,0.08361081783400469,0.5,1.0,5487.869763285009,turtle,random_search,1,-0.568281072785056,10
402,4020,-0.28740138962983064,-0.06683167811952746,0.10307881387150872,0.5,1.0,5501.994364464015,turtle,random_search,1,-0.568281072785056,10
403,4030,-0.13538752485494232,-0.01818088460711209,0.051867754875531136,0.5,1.0,5514.553612452,turtle,random_search,1,-0.568281072785056,10
404,4040,-0.15769963762531347,0.006237873597591736,0.06895770203751289,0.5,1.0,5528.587477434019,turtle,random_search,1,-0.568281072785056,10
405,4050,-0.1814933368485745,0.9808478197074766,3.0073081753623234,0.5,1.0,5544.107504642016,turtle,random_search,1,-0.568281072785056,10
406,4060,-0.06312830340971498,0.044883781813615985,0.08226250659683598,0.5,1.0,5558.039319133008,turtle,random_search,1,-0.568281072785056,10
407,4070,-0.14404795910261914,0.00966574895060015,0.1031472844448464,0.5,1.0,5577.405145454017,turtle,random_search,1,-0.568281072785056,10
408,4080,-0.13665865762952745,0.027394186447693158,0.09413631057437573,0.5,1.0,5587.797718899994,turtle,random_search,1,-0.568281072785056,10
409,4090,-0.12363851038957474,-0.005045566944939584,0.0543912914998025,0.5,1.0,5601.766378870001,turtle,random_search,1,-0.568281072785056,10
410,4100,-0.23678043680619787,-0.03311137587092432,0.0984701933420065,0.5,1.0,5616.040274805011,turtle,random_search,1,-0.568281072785056,10
411,4110,-0.08414671769261428,0.03152472721533624,0.09622500332443308,0.5,1.0,5630.673027234006,turtle,random_search,1,-0.568281072785056,10
412,4120,-0.11538153616680535,0.0010171856932714718,0.05978839129237445,0.5,1.0,5646.872179997008,turtle,random_search,1,-0.568281072785056,10
413,4130,-0.11697733359447948,-0.039806438349559235,0.05111089134744216,0.5,1.0,5662.6049582830165,turtle,random_search,1,-0.568281072785056,10
414,4140,-0.38077562980084956,-0.03902416157134932,0.12316533198806358,0.5,1.0,5677.467290086002,turtle,random_search,1,-0.568281072785056,10
415,4150,-0.20355587073778114,-0.04105012965146093,0.07855243009774499,0.5,1.0,5686.9169354560145,turtle,random_search,1,-0.568281072785056,10
416,4160,-0.055808446140146906,-0.010688819702287944,0.02790811033674936,0.5,1.0,5699.087797834014,turtle,random_search,1,-0.568281072785056,10
417,4170,-0.05716083820791695,0.05443316549223285,0.0657495938883885,0.5,1.0,5712.22390225,turtle,random_search,1,-0.568281072785056,10
418,4180,-0.22343341853233856,-0.026724964850716314,0.07760515443795007,0.5,1.0,5725.145098156994,turtle,random_search,1,-0.568281072785056,10
419,4190,-0.17954794719708023,0.9596244189788935,3.014657145551029,0.5,1.0,5739.245822705998,turtle,random_search,1,-0.568281072785056,10
420,4200,-0.36385746513911865,-0.045828800826328384,0.1270630304118339,0.5,1.0,5753.792694066011,turtle,random_search,1,-0.568281072785056,10
421,4210,-0.10571232280591136,0.029021927715091777,0.1183345646255425,0.5,1.0,5766.491888674005,turtle,random_search,1,-0.568281072785056,10
422,4220,-0.3662214965651369,-0.041467294694470615,0.11739129312286531,0.5,1.0,5778.295768078999,turtle,random_search,1,-0.568281072785056,10
423,4230,-0.29701571198963617,-0.044707180573827984,0.10185315738607718,0.5,1.0,5790.481101876998,turtle,random_search,1,-0.568281072785056,10
424,4240,-0.16672120556716408,-0.01716284813625535,0.07720188254145766,0.5,1.0,5804.9001551220135,turtle,random_search,1,-0.568281072785056,10
425,4250,-0.20645495096202016,-0.004336433992063871,0.12366321427345182,0.5,1.0,5816.8636943449965,turtle,random_search,1,-0.568281072785056,10
426,4260,-0.06482219157964586,-0.01684543492106405,0.030471347123289524,0.5,1.0,5835.053039623017,turtle,random_search,1,-0.568281072785056,10
427,4270,-0.0647101686098015,-0.0025095948475949647,0.046411407237198395,0.5,1.0,5850.568911167997,turtle,random_search,1,-0.568281072785056,10
428,4280,-0.08097484453174353,0.03257512114746719,0.06887261251611713,0.5,1.0,5861.966056912002,turtle,random_search,1,-0.568281072785056,10
429,4290,-0.17366719022333488,-0.004186154596419201,0.08526020518721975,0.5,1.0,5873.210649382003,turtle,random_search,1,-0.568281072785056,10
430,4300,-0.1712703349338245,0.004721404766108961,0.11089625644881781,0.5,1.0,5882.2022501169995,turtle,random_search,1,-0.568281072785056,10
431,4310,-0.04720575016348327,0.018153809897072735,0.04337338121955345,0.5,1.0,5892.423219542019,turtle,random_search,1,-0.568281072785056,10
432,4320,-0.11238765957836705,0.010659553238748653,0.08038740259946052,0.5,1.0,5904.708254589001,turtle,random_search,1,-0.568281072785056,10
433,4330,-0.2299157816465014,-0.04138353648152258,0.08719390395319704,0.5,1.0,5915.786486630008,turtle,random_search,1,-0.568281072785056,10
434,4340,-0.08271719672979749,0.005339239549946395,0.0587954742065189,0.5,1.0,5928.09444576301,turtle,random_search,1,-0.568281072785056,10
435,4350,-0.18316566011697333,-0.03773047132685825,0.07875351342002598,0.5,1.0,5942.727737387002,turtle,random_search,1,-0.568281072785056,10
436,4360,-0.221210968497898,-0.02159890552194339,0.08692748869369435,0.5,1.0,5953.765106472012,turtle,random_search,1,-0.568281072785056,10
437,4370,-0.1542308705210056,0.011710123896168679,0.11236650479006978,0.5,1.0,5969.395174702018,turtle,random_search,1,-0.568281072785056,10
438,4380,-0.2085924026137933,-0.019854918353870765,0.11690846500403047,0.5,1.0,5984.656248262996,turtle,random_search,1,-0.568281072785056,10
439,4390,-0.47805424706913335,-0.05764688021948396,0.15588742814980971,0.5,1.0,6001.520486569003,turtle,random_search,1,-0.568281072785056,10
440,4400,-0.13897711382181033,-0.01656983616194383,0.06649622024131557,0.5,1.0,6014.322883888002,turtle,random_search,1,-0.568281072785056,10
441,4410,-0.25398235619101417,-0.047083712326183046,0.1269806549893581,0.5,1.0,6026.305678753008,turtle,random_search,1,-0.568281072785056,10
442,4420,-0.1365068090820234,0.030479925634920947,0.09649891797000965,0.5,1.0,6042.939615590993,turtle,random_search,1,-0.568281072785056,10
443,4430,-0.44919524059711513,-0.041268571003303924,0.16336217207960133,0.5,1.0,6056.837292148994,turtle,random_search,1,-0.568281072785056,10
444,4440,-0.5407784417697723,-0.07050974390613556,0.18442111888648774,0.5,1.0,6071.111178013001,turtle,random_search,1,-0.568281072785056,10
445,4450,-0.1529317793636551,-0.03918908415794746,0.05955648527500091,0.5,1.0,6082.257645417005,turtle,random_search,1,-0.568281072785056,10
446,4460,-0.24225283800373987,-0.0035590166968940905,0.1252576767702408,0.5,1.0,6096.478532381996,turtle,random_search,1,-0.568281072785056,10
447,4470,-0.19109265455305557,0.02439794130272288,0.11653876094846027,0.5,1.0,6107.722777571995,turtle,random_search,1,-0.568281072785056,10
448,4480,-0.15926059820153604,-0.01420680311429372,0.0899456048762931,0.5,1.0,6122.1491312090075,turtle,random_search,1,-0.568281072785056,10
449,4490,-0.30289772738000664,-0.052398416136462164,0.1368321839005188,0.5,1.0,6133.906627237011,turtle,random_search,1,-0.568281072785056,10
450,4500,-0.13491303519559583,0.053479654849029945,0.17218258946401566,0.5,1.0,6145.933409014018,turtle,random_search,1,-0.568281072785056,10
451,4510,-0.196604687659657,0.006646852443154039,0.08795905535970197,0.5,1.0,6162.029712501011,turtle,random_search,1,-0.568281072785056,10
452,4520,-0.0951605037189518,0.015060822479532998,0.07228686956991369,0.5,1.0,6174.654285736004,turtle,random_search,1,-0.568281072785056,10
453,4530,-0.03606118759707222,0.02435832952325736,0.06920699205635833,0.5,1.0,6189.740453712002,turtle,random_search,1,-0.568281072785056,10
454,4540,-0.05697827244848863,0.0032090189384819112,0.03478167092836531,0.5,1.0,6202.056653242995,turtle,random_search,1,-0.568281072785056,10
455,4550,-0.31597160878970065,-0.01950694064602505,0.1208126050882828,0.5,1.0,6212.908192764007,turtle,random_search,1,-0.568281072785056,10
456,4560,-0.23143752105746174,0.008349980742842877,0.15476405405061855,0.5,1.0,6227.839451661013,turtle,random_search,1,-0.568281072785056,10
457,4570,-0.22105609534823056,-0.038728615877311155,0.09122334193012857,0.5,1.0,6243.033824892016,turtle,random_search,1,-0.568281072785056,10
458,4580,-0.16912207926447564,0.003932088745183471,0.14995160797572898,0.5,1.0,6255.031935135019,turtle,random_search,1,-0.568281072785056,10
459,4590,-0.08020405195687275,0.01393363322613217,0.06339509792511258,0.5,1.0,6268.893364521005,turtle,random_search,1,-0.568281072785056,10
460,4600,-0.09110014576495917,0.03889897499175836,0.0699307092982396,0.5,1.0,6282.855471101997,turtle,random_search,1,-0.568281072785056,10
461,4610,-0.09900924059232441,0.035089504757161015,0.09455856602352089,0.5,1.0,6296.033900848008,turtle,random_search,1,-0.568281072785056,10
462,4620,-0.23658886447164562,-0.013433971724403904,0.10267273548118912,0.5,1.0,6307.516847748018,turtle,random_search,1,-0.568281072785056,10
463,4630,-0.06625137646640322,0.008949243389507977,0.054633468414444955,0.5,1.0,6319.29892893901,turtle,random_search,1,-0.568281072785056,10
464,4640,-0.4402577181676266,-0.05030423732923879,0.14362974629248584,0.5,1.0,6332.869881307997,turtle,random_search,1,-0.568281072785056,10
465,4650,-0.08280992268544374,0.000895537098777588,0.057000229724216984,0.5,1.0,6348.480091639009,turtle,random_search,1,-0.568281072785056,10
466,4660,-0.4238250966787094,-0.06257727574655761,0.13888742589491904,0.5,1.0,6361.165724084014,turtle,random_search,1,-0.568281072785056,10
467,4670,-0.09536520233249668,0.023303490501508862,0.05400919819368897,0.5,1.0,6373.321268232015,turtle,random_search,1,-0.568281072785056,10
468,4680,-0.1466036731355702,0.03236138598049321,0.09292358248186054,0.5,1.0,6386.290374027012,turtle,random_search,1,-0.568281072785056,10
469,4690,-0.2605772839552474,-0.026783600357879234,0.11059914802022554,0.5,1.0,6396.871448271995,turtle,random_search,1,-0.568281072785056,10
470,4700,-0.11729358357856157,0.046536230571430436,0.1291036740356266,0.5,1.0,6409.7919008430035,turtle,random_search,1,-0.568281072785056,10
471,4710,-0.29289040505397157,-0.0541158904916216,0.09695835317085413,0.5,1.0,6422.033836118004,turtle,random_search,1,-0.568281072785056,10
472,4720,-0.05345738160547242,0.014089350902340847,0.06331083931452652,0.5,1.0,6438.259419623006,turtle,random_search,1,-0.568281072785056,10
473,4730,-0.3227566198339753,0.0068889617274651375,0.11587757289087923,0.5,1.0,6451.907264787995,turtle,random_search,1,-0.568281072785056,10
474,4740,-0.09099679915818992,-0.006996997396499083,0.042277856389414024,0.5,1.0,6461.846155050007,turtle,random_search,1,-0.568281072785056,10
475,4750,-0.12133813201976373,-0.000058075289997017165,0.05932927964896739,0.5,1.0,6471.712386190018,turtle,random_search,1,-0.568281072785056,10
476,4760,-0.30245105734749966,-0.03872800654262791,0.11789631969576658,0.5,1.0,6482.733007013012,turtle,random_search,1,-0.568281072785056,10
477,4770,-0.05051858087266137,0.040256997426876585,0.04485608440252053,0.5,1.0,6494.388980474003,turtle,random_search,1,-0.568281072785056,10
478,4780,-0.06480395392249072,0.004714200546204328,0.03416214653364322,0.5,1.0,6505.793605742016,turtle,random_search,1,-0.568281072785056,10
479,4790,-0.2550307851591329,-0.049035875973284425,0.08807821901166422,0.5,1.0,6520.334336091008,turtle,random_search,1,-0.568281072785056,10
480,4800,-0.08780249942747975,0.011656270388452138,0.08353008444692257,0.5,1.0,6530.039611186017,turtle,random_search,1,-0.568281072785056,10
481,4810,-0.1556195469323134,0.005336623282151365,0.08145530351324322,0.5,1.0,6542.178611806012,turtle,random_search,1,-0.568281072785056,10
482,4820,-0.2227929660147172,-0.016247707310439806,0.1117884075337436,0.5,1.0,6555.974716960016,turtle,random_search,1,-0.568281072785056,10
483,4830,-0.13230646295347004,-0.009654755657264591,0.06715997306114935,0.5,1.0,6571.435130088008,turtle,random_search,1,-0.568281072785056,10
484,4840,-0.03344078794062533,0.030491508634433905,0.05130237955802969,0.5,1.0,6587.930945072003,turtle,random_search,1,-0.568281072785056,10
485,4850,-0.25341112697514045,-0.023027787930509636,0.12742906518997313,0.5,1.0,6602.532046480017,turtle,random_search,1,-0.568281072785056,10
486,4860,-0.19290382978713705,-0.03644843273529954,0.0755810551504389,0.5,1.0,6616.588575150003,turtle,random_search,1,-0.568281072785056,10
487,4870,-0.1314814817532417,-0.0177401348591812,0.057934210205920586,0.5,1.0,6625.901165910007,turtle,random_search,1,-0.568281072785056,10
488,4880,-0.10874956726496521,0.03921721407178724,0.17089443640835164,0.5,1.0,6638.930939646001,turtle,random_search,1,-0.568281072785056,10
489,4890,-0.20058232819842292,-0.038960219471445526,0.06773338986772674,0.5,1.0,6653.333410774008,turtle,random_search,1,-0.568281072785056,10
490,4900,-0.2796564101728647,-0.009140860454263766,0.10783359522626704,0.5,1.0,6668.03016439901,turtle,random_search,1,-0.568281072785056,10
491,4910,-0.1597719262974282,-0.0383799995522498,0.061984282036771844,0.5,1.0,6682.329769588017,turtle,random_search,1,-0.568281072785056,10
492,4920,-0.13743565439543737,0.008259436133699793,0.0671971607164361,0.5,1.0,6694.967318437004,turtle,random_search,1,-0.568281072785056,10
493,4930,-0.06124693436193418,0.01952885953302088,0.041871457115123564,0.5,1.0,6713.625515270018,turtle,random_search,1,-0.568281072785056,10
494,4940,-0.3772557948999786,-0.025340651229813195,0.1660436739590499,0.5,1.0,6729.535337848007,turtle,random_search,1,-0.568281072785056,10
495,4950,-0.2084610949804251,-0.026892175611895032,0.09987357078723232,0.5,1.0,6749.905284150009,turtle,random_search,1,-0.568281072785056,10
496,4960,-0.11969064990882394,0.0029831547066807573,0.05933739000910105,0.5,1.0,6768.160625657998,turtle,random_search,1,-0.568281072785056,10
497,4970,-0.14997568951616902,0.03096119844843148,0.12263596993094139,0.5,1.0,6778.887983830005,turtle,random_search,1,-0.568281072785056,10
498,4980,-0.05963116440147154,0.00021325594047247876,0.03783111893273433,0.5,1.0,6795.861191928008,turtle,random_search,1,-0.568281072785056,10
499,4990,-0.09468093266373057,0.02598040852831396,0.06739075207908311,0.5,1.0,6815.203521965013,turtle,random_search,1,-0.568281072785056,10
500,5000,-0.03962922640913202,0.011062087033697576,0.048170147267735386,0.5,1.0,6833.780373699992,turtle,random_search,1,-0.568281072785056,10
501,5010,-0.10321755359000218,-0.02383373757205982,0.05448502631509356,0.5,1.0,6850.67850676502,turtle,random_search,1,-0.568281072785056,10
502,5020,-0.6115406105399988,-0.05566921015699995,0.2042286758789234,0.5,1.0,6866.590482283005,turtle,random_search,1,-0.6115406105399988,10
503,5030,-0.20595350843786697,-0.04785864468760988,0.08252455925731629,0.5,1.0,6883.292094731005,turtle,random_search,1,-0.6115406105399988,10
504,5040,-0.04280981925564564,0.035183652355795215,0.059630243713569585,0.5,1.0,6900.024574259005,turtle,random_search,1,-0.6115406105399988,10
505,5050,-0.06902052280900417,-0.010287590163763839,0.0481060246575459,0.5,1.0,6915.435578025994,turtle,random_search,1,-0.6115406105399988,10
506,5060,-0.19490756632504258,-0.01929856488846573,0.10423489924859779,0.5,1.0,6930.821998478001,turtle,random_search,1,-0.6115406105399988,10
507,5070,-0.06847759926991692,0.016755649246108728,0.06370358806453294,0.5,1.0,6947.53166988201,turtle,random_search,1,-0.6115406105399988,10
508,5080,-0.021101488023020032,0.03434388865635505,0.06298346711175473,0.5,1.0,6964.319758980011,turtle,random_search,1,-0.6115406105399988,10
509,5090,-0.0867025224462985,0.062156231404158914,0.09482245358670896,0.5,1.0,6977.563388818002,turtle,random_search,1,-0.6115406105399988,10
510,5100,-0.1939605940799174,0.017683301996570755,0.07566967894361781,0.5,1.0,6993.9377059480175,turtle,random_search,1,-0.6115406105399988,10
511,5110,-0.19077915891092267,0.015506790513181467,0.10686401671991416,0.5,1.0,7008.472282663017,turtle,random_search,1,-0.6115406105399988,10
512,5120,-0.2726984016545053,0.004010322667906863,0.09911454965541092,0.5,1.0,7023.076844213996,turtle,random_search,1,-0.6115406105399988,10
513,5130,-0.1857079259684049,-0.0293089137547633,0.08499370413280319,0.5,1.0,7036.576234634005,turtle,random_search,1,-0.6115406105399988,10
514,5140,-0.13971116138223483,0.014711646306185067,0.08578874152055647,0.5,1.0,7051.318493567,turtle,random_search,1,-0.6115406105399988,10
515,5150,-0.13129004133737965,0.010742022797112139,0.06890633142888951,0.5,1.0,7067.212741190015,turtle,random_search,1,-0.6115406105399988,10
516,5160,-0.0553248193577609,0.04756714604387744,0.08748201846583965,0.5,1.0,7083.026793918019,turtle,random_search,1,-0.6115406105399988,10
517,5170,-0.2165762675639611,-0.02222444102661818,0.07950265041800797,0.5,1.0,7103.953670966002,turtle,random_search,1,-0.6115406105399988,10
518,5180,-0.03001968331556437,0.00767612873660779,0.03512628266334675,0.5,1.0,7118.275024630013,turtle,random_search,1,-0.6115406105399988,10
519,5190,-0.15220160372356073,-0.01567642093746908,0.08863814145411117,0.5,1.0,7133.819035116001,turtle,random_search,1,-0.6115406105399988,10
520,5200,-0.24812041020129705,-0.029765237295840484,0.11110179491724687,0.5,1.0,7152.251905792014,turtle,random_search,1,-0.6115406105399988,10
521,5210,-0.11876293801222637,-0.0421720954195048,0.06120587360235715,0.5,1.0,7167.650891343015,turtle,random_search,1,-0.6115406105399988,10
522,5220,-0.21524943720586087,-0.010022554816243544,0.09849224166866186,0.5,1.0,7186.463645561016,turtle,random_search,1,-0.6115406105399988,10
523,5230,-0.5215228362448192,-0.0332690725702367,0.1835190960926084,0.5,1.0,7205.488641731994,turtle,random_search,1,-0.6115406105399988,10
524,5240,-0.10809552693342184,-0.0009630291593643925,0.0537937125354138,0.5,1.0,7217.74221972801,turtle,random_search,1,-0.6115406105399988,10
525,5250,-0.09708301065740699,0.020465375746845725,0.06935071085956998,0.5,1.0,7234.452972214,turtle,random_search,1,-0.6115406105399988,10
526,5260,-0.1587222917738389,0.02067117312196496,0.09400338017070123,0.5,1.0,7247.192281290016,turtle,random_search,1,-0.6115406105399988,10
527,5270,-0.10525865559245062,-0.0018877370610817402,0.0613318651487961,0.5,1.0,7263.568940821016,turtle,random_search,1,-0.6115406105399988,10
528,5280,-0.0954785128298079,0.01494790384327418,0.08733849283709721,0.5,1.0,7280.149967185018,turtle,random_search,1,-0.6115406105399988,10
529,5290,-0.02526879166520235,0.006982572963821543,0.029008819171958602,0.5,1.0,7293.79150697001,turtle,random_search,1,-0.6115406105399988,10
530,5300,-0.1557225567384295,-0.013498430670074769,0.13967642186806153,0.5,1.0,7307.065774370014,turtle,random_search,1,-0.6115406105399988,10
531,5310,-0.07779166225077194,0.006091108986864047,0.05732075069739839,0.5,1.0,7328.676667313994,turtle,random_search,1,-0.6115406105399988,10
532,5320,-0.08810492726807162,-0.00016939472449486458,0.06082275224230756,0.5,1.0,7344.5311907940195,turtle,random_search,1,-0.6115406105399988,10
533,5330,-0.08217945950302319,-0.0014096749503734074,0.04186962958450444,0.5,1.0,7360.114411905,turtle,random_search,1,-0.6115406105399988,10
534,5340,-0.0968343091145707,0.007364604972921018,0.07294122173413742,0.5,1.0,7373.412851958012,turtle,random_search,1,-0.6115406105399988,10
535,5350,-0.126272129396388,0.023562946483977408,0.0922456352584442,0.5,1.0,7389.9630395949935,turtle,random_search,1,-0.6115406105399988,10
536,5360,-0.20231930930398967,-0.0214286649565814,0.16101993393545475,0.5,1.0,7405.194439396,turtle,random_search,1,-0.6115406105399988,10
537,5370,-0.15298138768334368,0.016108466121092756,0.08084523857810536,0.5,1.0,7420.699608630006,turtle,random_search,1,-0.6115406105399988,10
538,5380,-0.19963573420021063,-0.012477247394835,0.10897856011981034,0.5,1.0,7436.707997988997,turtle,random_search,1,-0.6115406105399988,10
539,5390,-0.19912863786520152,-0.008267481481959927,0.09633341719521352,0.5,1.0,7453.910027371021,turtle,random_search,1,-0.6115406105399988,10
540,5400,-0.1375581508557575,-0.0033792441002151287,0.0721685022166394,0.5,1.0,7469.98149481701,turtle,random_search,1,-0.6115406105399988,10
541,5410,-0.12015425399824142,0.010414214394706623,0.08660380657456511,0.5,1.0,7486.930424485006,turtle,random_search,1,-0.6115406105399988,10
542,5420,-0.10844141999699985,0.021076764253541214,0.06148960103318774,0.5,1.0,7504.244354633003,turtle,random_search,1,-0.6115406105399988,10
543,5430,-0.2074406742784518,-0.06486790775533909,0.08287979791249254,0.5,1.0,7521.270296221017,turtle,random_search,1,-0.6115406105399988,10
544,5440,-0.1840241486034362,-0.03025771205174612,0.07412649670146612,0.5,1.0,7535.18867577301,turtle,random_search,1,-0.6115406105399988,10
545,5450,-0.15808563194380643,-0.02452462299369209,0.07939747785910263,0.5,1.0,7549.122919071,turtle,random_search,1,-0.6115406105399988,10
546,5460,-0.3321265587291755,-0.07553754895126268,0.1391219609429332,0.5,1.0,7566.113761390996,turtle,random_search,1,-0.6115406105399988,10
547,5470,-0.3260426424190177,0.02447142676563132,0.1777140473344083,0.5,1.0,7581.186610478006,turtle,random_search,1,-0.6115406105399988,10
548,5480,-0.11987617940239836,0.013349187693719067,0.0636919116939725,0.5,1.0,7595.797498444008,turtle,random_search,1,-0.6115406105399988,10
549,5490,-0.19963074172633455,-0.02911994996407179,0.10208508799540233,0.5,1.0,7609.397566928004,turtle,random_search,1,-0.6115406105399988,10
550,5500,-0.22153612017268465,-0.03837039263249089,0.07015357302980883,0.5,1.0,7625.558678486006,turtle,random_search,1,-0.6115406105399988,10
551,5510,-0.41994370818802285,-0.06507718766161999,0.16223379515010852,0.5,1.0,7639.647387075995,turtle,random_search,1,-0.6115406105399988,10
552,5520,-0.21463955148704894,-0.009828933537528428,0.10997654789480951,0.5,1.0,7657.417074347002,turtle,random_search,1,-0.6115406105399988,10
553,5530,-0.14099833538648365,-0.02242051427587821,0.06724277856737088,0.5,1.0,7675.873625203996,turtle,random_search,1,-0.6115406105399988,10
554,5540,-0.08558571372376367,-0.017526140780441946,0.03451396679660119,0.5,1.0,7695.541454248014,turtle,random_search,1,-0.6115406105399988,10
555,5550,-0.19468241554839327,-0.012487350487855143,0.07195647992882825,0.5,1.0,7712.532400110009,turtle,random_search,1,-0.6115406105399988,10
556,5560,-0.02438823974671056,0.027852994613307924,0.05209067144406904,0.5,1.0,7732.704103321012,turtle,random_search,1,-0.6115406105399988,10
557,5570,-0.24246678863382964,-0.0167408385472811,0.11999378177310979,0.5,1.0,7748.9762118940125,turtle,random_search,1,-0.6115406105399988,10
558,5580,-0.23507955405484626,-0.030041862492878924,0.09673020423152341,0.5,1.0,7771.353911004,turtle,random_search,1,-0.6115406105399988,10
559,5590,-0.2865415075090416,-0.005083702684024249,0.1260092736212774,0.5,1.0,7791.252962619998,turtle,random_search,1,-0.6115406105399988,10
560,5600,-0.18443810009778083,0.045255171440531504,0.14073798602664983,0.5,1.0,7812.035891856998,turtle,random_search,1,-0.6115406105399988,10
561,5610,-0.30990238411115456,-0.037885148357034736,0.09584966182270713,0.5,1.0,7832.263873824006,turtle,random_search,1,-0.6115406105399988,10
562,5620,-0.3444819249012516,-0.040165017299466046,0.14894976365414794,0.5,1.0,7849.654762991006,turtle,random_search,1,-0.6115406105399988,10
563,5630,-0.10500280476744361,0.0012840660620803135,0.05908880318364808,0.5,1.0,7864.976448595,turtle,random_search,1,-0.6115406105399988,10
564,5640,-0.24640063644025822,0.06345387915796037,0.13234230457026616,0.5,1.0,7881.037399638997,turtle,random_search,1,-0.6115406105399988,10
565,5650,-0.09452087371076612,-0.014211676435642496,0.06059334447107392,0.5,1.0,7898.076552387996,turtle,random_search,1,-0.6115406105399988,10
566,5660,-0.07062156264913355,0.0716658047171208,0.0855435761038718,0.5,1.0,7912.417987038003,turtle,random_search,1,-0.6115406105399988,10
567,5670,-0.06993331603491093,0.059237827641453224,0.1688888560218978,0.5,1.0,7929.048525594,turtle,random_search,1,-0.6115406105399988,10
568,5680,-0.28125414769125534,-0.03708265803859634,0.12228755670657594,0.5,1.0,7945.005915075017,turtle,random_search,1,-0.6115406105399988,10
569,5690,-0.05099812277979687,0.08342076023518522,0.12317249498553348,0.5,1.0,7957.543525424,turtle,random_search,1,-0.6115406105399988,10
570,5700,-0.10055760095729571,0.034277998382828925,0.07536407217413295,0.5,1.0,7973.448788823996,turtle,random_search,1,-0.6115406105399988,10
571,5710,-0.10417387377707055,-0.006993323933418516,0.08874893408888551,0.5,1.0,7990.2241614660015,turtle,random_search,1,-0.6115406105399988,10
572,5720,-0.1416861269641423,0.016939197963724874,0.07264204264720638,0.5,1.0,8008.502429982997,turtle,random_search,1,-0.6115406105399988,10
573,5730,-0.1952795413795272,0.013024188110437328,0.12802783333508963,0.5,1.0,8025.998198168003,turtle,random_search,1,-0.6115406105399988,10
574,5740,-0.2094921017244893,0.9772436660302611,3.0087139716152542,0.5,1.0,8046.727481391019,turtle,random_search,1,-0.6115406105399988,10
575,5750,-0.23423729595247256,-0.011887875105208412,0.08657930983147398,0.5,1.0,8061.319483169005,turtle,random_search,1,-0.6115406105399988,10
576,5760,-0.24648968302223295,-0.019128931068095677,0.10641909009427297,0.5,1.0,8077.7671148139925,turtle,random_search,1,-0.6115406105399988,10
577,5770,-0.13925136650945547,0.011482270039842212,0.0797076965513407,0.5,1.0,8095.173383812013,turtle,random_search,1,-0.6115406105399988,10
578,5780,-0.20982919119278165,-0.003556318923874269,0.10017469315277949,0.5,1.0,8112.441933822003,turtle,random_search,1,-0.6115406105399988,10
579,5790,-0.012484221106256577,0.04424990065506469,0.05532423221197566,0.5,1.0,8130.525177061005,turtle,random_search,1,-0.6115406105399988,10
580,5800,-0.13979678494578973,-0.028712347938718442,0.0747578684039501,0.5,1.0,8143.933857233002,turtle,random_search,1,-0.6115406105399988,10
581,5810,-0.25964263706242097,-0.03684241163603286,0.09655749693893606,0.5,1.0,8159.575051218009,turtle,random_search,1,-0.6115406105399988,10
582,5820,-0.16818676416415101,1.0141180934611316,2.9977712909084424,0.5,1.0,8173.7628313110035,turtle,random_search,1,-0.6115406105399988,10
583,5830,-0.012089206152241516,1.0451561931417852,2.9856647046196603,0.5,1.0,8184.808070013009,turtle,random_search,1,-0.6115406105399988,10
584,5840,-0.08370153704725958,0.006176386989112092,0.06839061665552038,0.5,1.0,8198.985169310996,turtle,random_search,1,-0.6115406105399988,10
585,5850,-0.125510701890585,-0.02805287879022824,0.05407272040827635,0.5,1.0,8211.466862249014,turtle,random_search,1,-0.6115406105399988,10
586,5860,-0.012638288159651623,0.04653753657605595,0.04743620203587295,0.5,1.0,8226.425933613995,turtle,random_search,1,-0.6115406105399988,10
587,5870,-0.07321090880624581,0.027479353955566575,0.052863974264194154,0.5,1.0,8242.040776615002,turtle,random_search,1,-0.6115406105399988,10
588,5880,-0.07360562658751313,-0.00235514050077974,0.033332523340199705,0.5,1.0,8258.358004662005,turtle,random_search,1,-0.6115406105399988,10
589,5890,-0.3223237251969824,-0.05518753204845321,0.1238888683579347,0.5,1.0,8275.886614642019,turtle,random_search,1,-0.6115406105399988,10
590,5900,-0.362551781394143,-0.02036617144198134,0.12500618674682246,0.5,1.0,8290.563384600013,turtle,random_search,1,-0.6115406105399988,10
591,5910,-0.0555592397852287,0.01598276057670267,0.06177462155322139,0.5,1.0,8302.068409686995,turtle,random_search,1,-0.6115406105399988,10
592,5920,-0.1270726408426892,0.01778537379872196,0.11267668976455221,0.5,1.0,8319.560362702992,turtle,random_search,1,-0.6115406105399988,10
593,5930,-0.0578768480423868,-0.004382516622392796,0.04408509814409215,0.5,1.0,8336.09592637801,turtle,random_search,1,-0.6115406105399988,10
594,5940,-0.17128424075132376,-0.008604467922398662,0.07814854986189979,0.5,1.0,8352.21285701901,turtle,random_search,1,-0.6115406105399988,10
595,5950,-0.029868256611277566,0.043756469746419044,0.05691172003105925,0.5,1.0,8366.167422942002,turtle,random_search,1,-0.6115406105399988,10
596,5960,-0.14869966941258816,-0.02960633824994403,0.04927767762624445,0.5,1.0,8377.925698995008,turtle,random_search,1,-0.6115406105399988,10
597,5970,-0.3555668470020974,-0.05400878657171972,0.12326319983655468,0.5,1.0,8391.196325518016,turtle,random_search,1,-0.6115406105399988,10
598,5980,-0.13940187931049852,-0.025735992157037747,0.0577937223033399,0.5,1.0,8404.818581550993,turtle,random_search,1,-0.6115406105399988,10
599,5990,-0.05244108258588387,0.05357682888457997,0.0692284229108367,0.5,1.0,8417.837681809004,turtle,random_search,1,-0.6115406105399988,10
600,6000,-0.22226406283492484,-0.019482984984060092,0.12064513010295436,0.5,1.0,8433.932686303015,turtle,random_search,1,-0.6115406105399988,10
601,6010,-0.05532864660174308,0.0449693710204782,0.055968411577788764,0.5,1.0,8447.70152721001,turtle,random_search,1,-0.6115406105399988,10
602,6020,-0.12600806724516733,0.0038799965905782054,0.07679070078547492,0.5,1.0,8459.188657057006,turtle,random_search,1,-0.6115406105399988,10
603,6030,-0.43938939745081385,0.9595305094284223,3.016817110110923,0.5,1.0,8472.928314649005,turtle,random_search,1,-0.6115406105399988,10
604,6040,-0.23386850793231861,-0.002344538985240785,0.09070569878239927,0.5,1.0,8485.909414308,turtle,random_search,1,-0.6115406105399988,10
605,6050,-0.06336768680698324,0.047231725670261945,0.0746952058875198,0.5,1.0,8500.638408772007,turtle,random_search,1,-0.6115406105399988,10
606,6060,-0.07975012618970734,-0.00613322109286818,0.05867031452449096,0.5,1.0,8512.422380502016,turtle,random_search,1,-0.6115406105399988,10
607,6070,-0.06308141149345925,0.017766526667840222,0.07555265214223071,0.5,1.0,8522.794508068007,turtle,random_search,1,-0.6115406105399988,10
608,6080,-0.14099534231506805,0.024972273391625423,0.08855413224731765,0.5,1.0,8538.400855735992,turtle,random_search,1,-0.6115406105399988,10
609,6090,-0.20217365180209868,-0.007821617821391147,0.0791344471499094,0.5,1.0,8549.514113055018,turtle,random_search,1,-0.6115406105399988,10
610,6100,-0.07385472673688387,0.02076251559869995,0.07354409555284028,0.5,1.0,8563.911670492002,turtle,random_search,1,-0.6115406105399988,10
611,6110,-0.028258693061113505,0.04089733559322602,0.05831894346595595,0.5,1.0,8576.165185610997,turtle,random_search,1,-0.6115406105399988,10
612,6120,-0.23677686055489477,-0.01251778905907992,0.12327836225187298,0.5,1.0,8590.360988239001,turtle,random_search,1,-0.6115406105399988,10
613,6130,-0.0773218610886568,-0.003047664139541606,0.050171814910303245,0.5,1.0,8603.904905986012,turtle,random_search,1,-0.6115406105399988,10
614,6140,-0.23377996748818308,-0.029387840594499438,0.09776580311327002,0.5,1.0,8617.950501682004,turtle,random_search,1,-0.6115406105399988,10
615,6150,-0.13710904431756799,0.04722310065649715,0.13021636329751018,0.5,1.0,8632.241429161018,turtle,random_search,1,-0.6115406105399988,10
616,6160,-0.16926019337713427,0.016201751289603283,0.11354647782789855,0.5,1.0,8644.291398169007,turtle,random_search,1,-0.6115406105399988,10
617,6170,-0.1733972268495343,-0.028701097730721693,0.07746879387072526,0.5,1.0,8654.367110028019,turtle,random_search,1,-0.6115406105399988,10
618,6180,-0.022571290204891348,0.05241362846118251,0.09161797016185597,0.5,1.0,8668.594149015,turtle,random_search,1,-0.6115406105399988,10
619,6190,-0.1499095973859701,0.03418835954006507,0.08009659382514314,0.5,1.0,8681.942774694005,turtle,random_search,1,-0.6115406105399988,10
620,6200,-0.10559345017935318,-0.00783175331564081,0.058401736879741165,0.5,1.0,8697.09302159,turtle,random_search,1,-0.6115406105399988,10
621,6210,-0.04482784050448707,0.03169908662574787,0.06115555862274525,0.5,1.0,8714.769484868011,turtle,random_search,1,-0.6115406105399988,10
622,6220,-0.11914380783484901,-0.01909656456691362,0.054871200429788484,0.5,1.0,8729.349432582007,turtle,random_search,1,-0.6115406105399988,10
623,6230,-0.30062302060391044,-0.01944736384828367,0.12858337019814542,0.5,1.0,8744.361616059003,turtle,random_search,1,-0.6115406105399988,10
624,6240,-0.5203224887821429,-0.06587111415223176,0.18090165231009592,0.5,1.0,8755.611754451995,turtle,random_search,1,-0.6115406105399988,10
625,6250,-0.10944811695430356,0.023859738880729252,0.06175248119764257,0.5,1.0,8767.744403934019,turtle,random_search,1,-0.6115406105399988,10
626,6260,-0.10458391390210142,0.01881402181770122,0.06262124581849635,0.5,1.0,8786.714731256012,turtle,random_search,1,-0.6115406105399988,10
627,6270,-0.11300450915574434,0.014549766169975786,0.07184186233615646,0.5,1.0,8798.808293914015,turtle,random_search,1,-0.6115406105399988,10
628,6280,-0.32814405451582207,0.9968933501361356,3.003167674204761,0.5,1.0,8810.046819301002,turtle,random_search,1,-0.6115406105399988,10
629,6290,-0.07089270087662403,0.015307048521049093,0.07312191370147968,0.5,1.0,8825.908994822996,turtle,random_search,1,-0.6115406105399988,10
630,6300,-0.2218186884250981,-0.05924532767042745,0.10666815137843892,0.5,1.0,8836.29471180102,turtle,random_search,1,-0.6115406105399988,10
631,6310,-0.08134190409332209,-0.00963675220991327,0.054002761247496846,0.5,1.0,8852.187048243999,turtle,random_search,1,-0.6115406105399988,10
632,6320,-0.25184995811452193,-0.018139683745024816,0.10453742292255028,0.5,1.0,8869.112649831019,turtle,random_search,1,-0.6115406105399988,10
633,6330,-0.101106553741098,0.9974679537834318,3.00180737403634,0.5,1.0,8884.151469992008,turtle,random_search,1,-0.6115406105399988,10
634,6340,-0.1197371580673865,-0.025221476294688294,0.050566462517071975,0.5,1.0,8898.424016216013,turtle,random_search,1,-0.6115406105399988,10
635,6350,-0.3553395839535023,-0.01248150862790034,0.14259054448645894,0.5,1.0,8912.730829453998,turtle,random_search,1,-0.6115406105399988,10
636,6360,-0.17150104699509683,-0.02605162046356657,0.08750629007511239,0.5,1.0,8924.134540986008,turtle,random_search,1,-0.6115406105399988,10
637,6370,-0.07018724083805328,0.04693713389409426,0.10091332462296823,0.5,1.0,8937.666094828019,turtle,random_search,1,-0.6115406105399988,10
638,6380,-0.04101555079173025,0.10811678273600193,0.12723501496813652,0.5,1.0,8951.716678057011,turtle,random_search,1,-0.6115406105399988,10
639,6390,-0.07488021483530716,1.0120968267651143,2.996543120515605,0.5,1.0,8967.436062480992,turtle,random_search,1,-0.6115406105399988,10
640,6400,-0.46131760157401214,-0.04366277068201185,0.17189712691459502,0.5,1.0,8980.298465386993,turtle,random_search,1,-0.6115406105399988,10
641,6410,-0.025103512205365774,0.06152512493804343,0.07146477610835163,0.5,1.0,8995.373901943007,turtle,random_search,1,-0.6115406105399988,10
642,6420,-0.07729572465580947,0.0033006434061594093,0.056244883922819185,0.5,1.0,9011.064025842992,turtle,random_search,1,-0.6115406105399988,10
643,6430,-0.1442881021731317,-0.02879119627894795,0.06577273126764635,0.5,1.0,9027.228879005997,turtle,random_search,1,-0.6115406105399988,10
644,6440,-0.09922346366398394,-0.01667371770289199,0.047821975163109855,0.5,1.0,9043.102314952004,turtle,random_search,1,-0.6115406105399988,10
645,6450,-0.14977475376493476,0.06035833108788653,0.1601462785190776,0.5,1.0,9057.365917268005,turtle,random_search,1,-0.6115406105399988,10
646,6460,-0.17348402171240895,-0.019076377816067948,0.06866786835609551,0.5,1.0,9071.219462812995,turtle,random_search,1,-0.6115406105399988,10
647,6470,-0.1337444660066751,0.018627719209612703,0.10191536299363133,0.5,1.0,9086.126145503018,turtle,random_search,1,-0.6115406105399988,10
648,6480,-0.23726334923047876,-0.06061895516099876,0.07105786153096445,0.5,1.0,9101.115089891013,turtle,random_search,1,-0.6115406105399988,10
649,6490,-0.14587763088624417,-0.0017995296074585277,0.08089684599260771,0.5,1.0,9117.67244701102,turtle,random_search,1,-0.6115406105399988,10
650,6500,-0.5354600211293246,-0.06135989719800259,0.18182541778065378,0.5,1.0,9132.435368163016,turtle,random_search,1,-0.6115406105399988,10
651,6510,-0.3684920326646015,0.006208008130989384,0.14956972063359902,0.5,1.0,9144.673707576992,turtle,random_search,1,-0.6115406105399988,10
652,6520,-0.2282086017258802,-0.04138372935217989,0.07580234595383242,0.5,1.0,9159.71513490702,turtle,random_search,1,-0.6115406105399988,10
653,6530,-0.16579011320858328,-0.03448877454711337,0.05559010234638792,0.5,1.0,9174.345420702011,turtle,random_search,1,-0.6115406105399988,10
654,6540,-0.23007388255053307,-0.009134180796042113,0.08239528021490065,0.5,1.0,9188.949810835009,turtle,random_search,1,-0.6115406105399988,10
655,6550,-0.21411020439308093,-0.004479629003573659,0.12299414122856278,0.5,1.0,9204.655746608012,turtle,random_search,1,-0.6115406105399988,10
656,6560,-0.07386424376684708,0.05440769910789926,0.09685577320740875,0.5,1.0,9219.518428718002,turtle,random_search,1,-0.6115406105399988,10
657,6570,-0.17084288349807863,-0.019938951413602978,0.07586018132978264,0.5,1.0,9232.688031366997,turtle,random_search,1,-0.6115406105399988,10
658,6580,-0.22774725486705627,-0.04361014573079869,0.08464510838581801,0.5,1.0,9245.53997771701,turtle,random_search,1,-0.6115406105399988,10
659,6590,-0.13505974398331677,0.0383038011592796,0.10709318107063207,0.5,1.0,9259.546738392994,turtle,random_search,1,-0.6115406105399988,10
660,6600,-0.28090748687908373,0.0023082150524508017,0.1279489447460258,0.5,1.0,9279.915684569016,turtle,random_search,1,-0.6115406105399988,10
661,6610,-0.16986195228053624,-0.012488661751518037,0.07040171633210163,0.5,1.0,9292.133466038009,turtle,random_search,1,-0.6115406105399988,10
662,6620,-0.05076403764952353,0.005686749490863896,0.04435563801875177,0.5,1.0,9305.150883843016,turtle,random_search,1,-0.6115406105399988,10
663,6630,-0.021607910502191352,0.045905862465681936,0.052505308297236625,0.5,1.0,9319.808661827003,turtle,random_search,1,-0.6115406105399988,10
664,6640,-0.1429717102711212,0.02252808553791965,0.17636697013542954,0.5,1.0,9333.601300645008,turtle,random_search,1,-0.6115406105399988,10
665,6650,-0.22501039771032794,-0.011963260545474252,0.07976518085600251,0.5,1.0,9349.41150647201,turtle,random_search,1,-0.6115406105399988,10
666,6660,-0.28852773215551686,-0.05120209129149726,0.12963108002091087,0.5,1.0,9362.116011495003,turtle,random_search,1,-0.6115406105399988,10
667,6670,-0.291732439230282,-0.02237908705314968,0.11583333754429137,0.5,1.0,9375.871694920002,turtle,random_search,1,-0.6115406105399988,10
668,6680,-0.2279954711440375,-0.05715831440433607,0.0947278108285022,0.5,1.0,9389.723686878016,turtle,random_search,1,-0.6115406105399988,10
669,6690,-0.1782755501586779,-0.05243454356701065,0.06627618836295376,0.5,1.0,9404.138105737016,turtle,random_search,1,-0.6115406105399988,10
670,6700,-0.19238659636417665,-0.009529946389224086,0.10813353069816639,0.5,1.0,9422.083444904012,turtle,random_search,1,-0.6115406105399988,10
671,6710,-0.1345415772317189,0.02609772802058945,0.10254931603908661,0.5,1.0,9435.128675810993,turtle,random_search,1,-0.6115406105399988,10
672,6720,-0.10058471571811012,1.0178115165514945,2.9947570334813642,0.5,1.0,9451.293255041994,turtle,random_search,1,-0.6115406105399988,10
673,6730,-0.12571618103266857,0.009082481977874757,0.09145805356749193,0.5,1.0,9463.394702573016,turtle,random_search,1,-0.6115406105399988,10
674,6740,-0.1850330852297173,-0.05950847246916906,0.07561359820961237,0.5,1.0,9477.903332885995,turtle,random_search,1,-0.6115406105399988,10
675,6750,-0.06987054972548457,0.07719379424853016,0.13839883737691686,0.5,1.0,9493.588235264004,turtle,random_search,1,-0.6115406105399988,10
676,6760,-0.1167098368667121,0.0189483870046816,0.07325325315180416,0.5,1.0,9505.165314699,turtle,random_search,1,-0.6115406105399988,10
677,6770,-0.2625319334812657,-0.0029720886625355545,0.09991676306566438,0.5,1.0,9517.850954419002,turtle,random_search,1,-0.6115406105399988,10
678,6780,-0.14805547461003066,-0.0042432043985960455,0.07792211998586807,0.5,1.0,9530.716611904005,turtle,random_search,1,-0.6115406105399988,10
679,6790,-0.10258536111010486,0.02772621862195468,0.07639583684903961,0.5,1.0,9542.847540710005,turtle,random_search,1,-0.6115406105399988,10
680,6800,-0.08801589479381189,-0.007424908036819211,0.05283936459653254,0.5,1.0,9558.357158032013,turtle,random_search,1,-0.6115406105399988,10
681,6810,-0.5995565449190439,-0.06094638384485087,0.1841288348554802,0.5,1.0,9572.35636104102,turtle,random_search,1,-0.6115406105399988,10
682,6820,-0.12158660940695754,0.006242415163561344,0.06340784206338422,0.5,1.0,9584.398457463016,turtle,random_search,1,-0.6115406105399988,10
683,6830,-0.06462950900728437,0.011716581148946581,0.08457984049884962,0.5,1.0,9601.996519347013,turtle,random_search,1,-0.6115406105399988,10
684,6840,-0.31321677496802725,-0.03641407377974426,0.15270965274279713,0.5,1.0,9613.382395869994,turtle,random_search,1,-0.6115406105399988,10
685,6850,-0.1070205436704228,-0.01637571792461303,0.050677539600941554,0.5,1.0,9628.625814892002,turtle,random_search,1,-0.6115406105399988,10
686,6860,-0.13577795200548604,-0.010613690416643973,0.05911183488905815,0.5,1.0,9644.73166487302,turtle,random_search,1,-0.6115406105399988,10
687,6870,-0.09087515823671488,0.010407404110151664,0.05205213768202904,0.5,1.0,9658.171758907993,turtle,random_search,1,-0.6115406105399988,10
688,6880,-0.07793501865605634,0.004168415760786725,0.05434165043520851,0.5,1.0,9676.152048357006,turtle,random_search,1,-0.6115406105399988,10
689,6890,-0.12468005015725403,0.01757782534151824,0.06207796619570041,0.5,1.0,9693.858222986019,turtle,random_search,1,-0.6115406105399988,10
690,6900,-0.07748679773696665,-0.02400180243154937,0.038339941871019,0.5,1.0,9707.810529822018,turtle,random_search,1,-0.6115406105399988,10
691,6910,-0.09576736477234515,-0.002476187557384346,0.09219800799752821,0.5,1.0,9719.946878124,turtle,random_search,1,-0.6115406105399988,10
692,6920,-0.10855575881475144,0.018905182216437222,0.0647070580074153,0.5,1.0,9734.40168470901,turtle,random_search,1,-0.6115406105399988,10
693,6930,-0.34472407324355636,-0.03165044442742522,0.11260669146151728,0.5,1.0,9747.908886674006,turtle,random_search,1,-0.6115406105399988,10
694,6940,-0.13837168738342598,0.03222745831321774,0.07691967560437042,0.5,1.0,9761.310883628,turtle,random_search,1,-0.6115406105399988,10
695,6950,-0.12821437833241145,-0.006726728039721674,0.0908466123039794,0.5,1.0,9774.846143225994,turtle,random_search,1,-0.6115406105399988,10
696,6960,-0.12207211712783383,0.03848381540775554,0.09580042270766334,0.5,1.0,9789.72149145801,turtle,random_search,1,-0.6115406105399988,10
697,6970,-0.31929531885502627,-0.07454250572041979,0.1283358323550248,0.5,1.0,9806.552964525006,turtle,random_search,1,-0.6115406105399988,10
698,6980,-0.07917448621496259,1.0325330704575382,2.990628788754382,0.5,1.0,9819.73709357201,turtle,random_search,1,-0.6115406105399988,10
699,6990,-0.0897929200659604,0.018365291811139706,0.06424193702777059,0.5,1.0,9837.622568370018,turtle,random_search,1,-0.6115406105399988,10
700,7000,-0.12461359267096483,0.04158268280899611,0.12799554595947604,0.5,1.0,9851.257167108997,turtle,random_search,1,-0.6115406105399988,10
701,7010,-0.16856443441694857,0.010710734496255281,0.10034001759752471,0.5,1.0,9865.107350967999,turtle,random_search,1,-0.6115406105399988,10
702,7020,-0.12044174425743392,-0.0232486059298588,0.06064789400879173,0.5,1.0,9881.920862731,turtle,random_search,1,-0.6115406105399988,10
703,7030,-0.073111255909315,0.021404943313989122,0.05950490553779083,0.5,1.0,9897.108282522007,turtle,random_search,1,-0.6115406105399988,10
704,7040,-0.1423825293452019,0.016578013690609784,0.07777316825167747,0.5,1.0,9909.098014007002,turtle,random_search,1,-0.6115406105399988,10
705,7050,-0.15239933449911902,0.02594964585045183,0.0951789672701417,0.5,1.0,9921.815918075998,turtle,random_search,1,-0.6115406105399988,10
706,7060,-0.2197848800755935,-0.025953040214962985,0.08299408164841679,0.5,1.0,9936.312834304,turtle,random_search,1,-0.6115406105399988,10
707,7070,-0.17490428152617543,0.006580790327137809,0.09439190380998227,0.5,1.0,9948.324282746005,turtle,random_search,1,-0.6115406105399988,10
708,7080,-0.14441541453732132,-0.0560462793738143,0.05682616292101355,0.5,1.0,9961.396407152002,turtle,random_search,1,-0.6115406105399988,10
709,7090,-0.18764557962033823,1.0173403165514594,2.9974740489211276,0.5,1.0,9974.989914534002,turtle,random_search,1,-0.6115406105399988,10
710,7100,-0.15345927062131803,-0.0332673258644733,0.08823667689535339,0.5,1.0,9989.13492048101,turtle,random_search,1,-0.6115406105399988,10
711,7110,-0.15085060332673716,-0.04049141251178172,0.07501374604534893,0.5,1.0,10006.415429134999,turtle,random_search,1,-0.6115406105399988,10
712,7120,-0.2113977019862716,-0.03408642808766915,0.06456489750676644,0.5,1.0,10016.258740471996,turtle,random_search,1,-0.6115406105399988,10
713,7130,-0.2673910708713274,-0.03609047269201193,0.09129178762621312,0.5,1.0,10030.319702715002,turtle,random_search,1,-0.6115406105399988,10
714,7140,-0.3455211167960748,-0.021666694348013226,0.12461913552293696,0.5,1.0,10044.651383624005,turtle,random_search,1,-0.6115406105399988,10
715,7150,-0.18755529264737625,0.012500772729737975,0.0808382324813643,0.5,1.0,10058.485394618008,turtle,random_search,1,-0.6115406105399988,10
716,7160,-0.37750753472339227,-0.0040103656945857935,0.1502479646302183,0.5,1.0,10071.147078419017,turtle,random_search,1,-0.6115406105399988,10
717,7170,-0.1999538690713747,0.007154256765768796,0.09410074400226959,0.5,1.0,10085.799531302997,turtle,random_search,1,-0.6115406105399988,10
718,7180,-0.21092963138565857,0.015608367318251304,0.09615515645200327,0.5,1.0,10098.488146320014,turtle,random_search,1,-0.6115406105399988,10
719,7190,-0.36343460535072936,-0.05299519543108024,0.1196490472989101,0.5,1.0,10113.080780940014,turtle,random_search,1,-0.6115406105399988,10
720,7200,-0.1525982811325699,0.0212447146718465,0.07538608173904952,0.5,1.0,10132.494697821996,turtle,random_search,1,-0.6115406105399988,10
721,7210,-0.06993726369547826,0.010394706118573094,0.06966701313308205,0.5,1.0,10148.211388255993,turtle,random_search,1,-0.6115406105399988,10
722,7220,-0.23504480020041907,-0.006426717427969653,0.11043083988116507,0.5,1.0,10160.60234403002,turtle,random_search,1,-0.6115406105399988,10
723,7230,-0.07366954252730906,0.009223909933600805,0.047515424076392906,0.5,1.0,10174.754081018007,turtle,random_search,1,-0.6115406105399988,10
724,7240,-0.06126458477735319,0.017122597888410418,0.054055923620945516,0.5,1.0,10191.222382314998,turtle,random_search,1,-0.6115406105399988,10
725,7250,-0.27791767608960694,0.007274464942759895,0.10626766287166267,0.5,1.0,10207.037477003003,turtle,random_search,1,-0.6115406105399988,10
726,7260,-0.18697635414846214,-0.01292768854897668,0.07969578551373137,0.5,1.0,10222.391937069013,turtle,random_search,1,-0.6115406105399988,10
727,7270,-0.16568356395548722,-0.013466853216224007,0.0797458946533599,0.5,1.0,10242.020026437007,turtle,random_search,1,-0.6115406105399988,10
728,7280,-0.3543478119053436,0.002518504884979578,0.12985328910926347,0.5,1.0,10258.403609514004,turtle,random_search,1,-0.6115406105399988,10
729,7290,-0.0755243180049412,0.010901200768962482,0.06706952401224237,0.5,1.0,10281.020321441,turtle,random_search,1,-0.6115406105399988,10
730,7300,-0.06690934381223812,0.02271527692388169,0.0616417378512714,0.5,1.0,10299.331655418006,turtle,random_search,1,-0.6115406105399988,10
731,7310,-0.1467037997319549,0.0076043370539229825,0.06444290844158525,0.5,1.0,10315.64954962302,turtle,random_search,1,-0.6115406105399988,10
732,7320,-0.20188369249709925,-0.01941502349627111,0.10440763832133394,0.5,1.0,10332.049759443995,turtle,random_search,1,-0.6115406105399988,10
733,7330,-0.15932309774506148,0.006285079201091915,0.12927182044404276,0.5,1.0,10348.610605142021,turtle,random_search,1,-0.6115406105399988,10
734,7340,-0.2130023339482081,-0.06110579685031938,0.11083512595577596,0.5,1.0,10364.011225740018,turtle,random_search,1,-0.6115406105399988,10
735,7350,-0.17857534910940132,-0.03699496901145212,0.07042003573812426,0.5,1.0,10376.891449264018,turtle,random_search,1,-0.6115406105399988,10
736,7360,-0.10742038255953457,0.012411048027298666,0.07016229136520452,0.5,1.0,10390.31351109501,turtle,random_search,1,-0.6115406105399988,10
737,7370,-0.1377405534204037,-0.013060197025933995,0.07875312397989198,0.5,1.0,10407.908192022995,turtle,random_search,1,-0.6115406105399988,10
738,7380,-0.047773116061265775,-0.0005670955454356808,0.03137874625788017,0.5,1.0,10425.412225786014,turtle,random_search,1,-0.6115406105399988,10
739,7390,-0.16990240589225092,-0.02310001159736359,0.07362509048518218,0.5,1.0,10441.881864252995,turtle,random_search,1,-0.6115406105399988,10
740,7400,-0.11884433506984493,-0.009514869681027794,0.06332094730007795,0.5,1.0,10458.473817267019,turtle,random_search,1,-0.6115406105399988,10
741,7410,-0.049358906459381124,0.054276974438921675,0.063488381579385,0.5,1.0,10472.991839946015,turtle,random_search,1,-0.6115406105399988,10
742,7420,-0.031296071301126105,0.028077521280948314,0.027179266063478737,0.5,1.0,10489.094491732016,turtle,random_search,1,-0.6115406105399988,10
743,7430,-0.1581298703722771,0.006324977509516749,0.09452722137947195,0.5,1.0,10509.368285697012,turtle,random_search,1,-0.6115406105399988,10
744,7440,-0.14941777402114376,-0.006989904212190812,0.09174218820544293,0.5,1.0,10525.966520528018,turtle,random_search,1,-0.6115406105399988,10
745,7450,-0.21659816073871418,-0.04725943591474761,0.06777962678325199,0.5,1.0,10540.10959685201,turtle,random_search,1,-0.6115406105399988,10
746,7460,-0.09470678940355004,-0.0019187494445753294,0.0598657148895508,0.5,1.0,10556.978660252003,turtle,random_search,1,-0.6115406105399988,10
747,7470,-0.15890367972816932,0.03296887782330025,0.0899654597405885,0.5,1.0,10572.556573245005,turtle,random_search,1,-0.6115406105399988,10
748,7480,-0.0458304984589093,0.02633739572252063,0.05021640301601885,0.5,1.0,10591.837492894992,turtle,random_search,1,-0.6115406105399988,10
749,7490,-0.1458646977242406,0.009248198310717371,0.06597362559251184,0.5,1.0,10609.367849510018,turtle,random_search,1,-0.6115406105399988,10
750,7500,-0.020759004628946087,0.045033009710256346,0.05061570617485105,0.5,1.0,10624.403388537,turtle,random_search,1,-0.6115406105399988,10
751,7510,-0.10922922959919301,0.0054804016249882185,0.08159664508205397,0.5,1.0,10641.495230058004,turtle,random_search,1,-0.6115406105399988,10
752,7520,-0.21069081508321208,-0.011021727501954803,0.08090696131145005,0.5,1.0,10655.997827789019,turtle,random_search,1,-0.6115406105399988,10
753,7530,-0.18596934920818775,-0.061406360106521875,0.058302871138519306,0.5,1.0,10672.437587051012,turtle,random_search,1,-0.6115406105399988,10
754,7540,-0.23127798398741195,0.0356510270131654,0.1391695498178447,0.5,1.0,10691.221576205018,turtle,random_search,1,-0.6115406105399988,10
755,7550,-0.19565391647797892,-0.019541366629718216,0.07632255423928154,0.5,1.0,10708.876798287005,turtle,random_search,1,-0.6115406105399988,10
756,7560,-0.280059950854322,0.0028482278727019585,0.12186058226251317,0.5,1.0,10725.979585009016,turtle,random_search,1,-0.6115406105399988,10
757,7570,-0.2504416873964841,-0.024430526178482827,0.09269309124414955,0.5,1.0,10742.226072167017,turtle,random_search,1,-0.6115406105399988,10
758,7580,-0.08766131942650368,-0.015529383329015633,0.05947731756215839,0.5,1.0,10756.47168770802,turtle,random_search,1,-0.6115406105399988,10
759,7590,-0.03672421220804711,0.015194819329197973,0.04102977318586843,0.5,1.0,10772.204044553015,turtle,random_search,1,-0.6115406105399988,10
760,7600,-0.11287583880975394,0.014708324154329855,0.08297732009723705,0.5,1.0,10787.776180946996,turtle,random_search,1,-0.6115406105399988,10
761,7610,-0.12055119707008188,-0.0029500465508936814,0.0957248543750833,0.5,1.0,10805.53296849801,turtle,random_search,1,-0.6115406105399988,10
762,7620,-0.16151618775202703,-0.02565975931360436,0.07547931372778788,0.5,1.0,10822.183350448002,turtle,random_search,1,-0.6115406105399988,10
763,7630,-0.10085153083475173,0.015666556110191365,0.07887603304285476,0.5,1.0,10840.110503769014,turtle,random_search,1,-0.6115406105399988,10
764,7640,-0.1748086577296748,0.02384951468668186,0.09491085835027316,0.5,1.0,10854.40228820502,turtle,random_search,1,-0.6115406105399988,10
765,7650,-0.0899044458983509,-0.01944808143171999,0.0635712406412123,0.5,1.0,10869.632312817004,turtle,random_search,1,-0.6115406105399988,10
766,7660,-0.13324222878466063,0.0052326052379220835,0.0753097272800102,0.5,1.0,10885.330588417011,turtle,random_search,1,-0.6115406105399988,10
767,7670,-0.05085896777762944,0.024839227282458687,0.08700194511867401,0.5,1.0,10908.526197558007,turtle,random_search,1,-0.6115406105399988,10
768,7680,-0.11591727639019656,-0.01370062419131859,0.08261075268986613,0.5,1.0,10927.200503733999,turtle,random_search,1,-0.6115406105399988,10
769,7690,-0.03570709010563622,0.000949805812276594,0.035102464925589064,0.5,1.0,10944.322433947003,turtle,random_search,1,-0.6115406105399988,10
770,7700,-0.1940556034020755,-0.03226621123646023,0.08397210154809125,0.5,1.0,10959.008190699999,turtle,random_search,1,-0.6115406105399988,10
771,7710,-0.15095489138733242,0.020350581092805787,0.0809820936377908,0.5,1.0,10975.042231283995,turtle,random_search,1,-0.6115406105399988,10
772,7720,-0.27264504940478496,-0.024414142588742305,0.12130312392383405,0.5,1.0,10990.660044893011,turtle,random_search,1,-0.6115406105399988,10
773,7730,-0.17966903798678224,-0.020643107821886452,0.09093142399747192,0.5,1.0,11009.415039261017,turtle,random_search,1,-0.6115406105399988,10
774,7740,-0.05008645310847726,0.009484365470438494,0.05110777687009001,0.5,1.0,11027.159477962996,turtle,random_search,1,-0.6115406105399988,10
775,7750,-0.03691075661861376,0.019929664469241447,0.03312880933292015,0.5,1.0,11042.688459749013,turtle,random_search,1,-0.6115406105399988,10
776,7760,-0.14973943845564186,-0.0075636913702521015,0.07720479783208979,0.5,1.0,11059.069204208005,turtle,random_search,1,-0.6115406105399988,10
777,7770,-0.08093237435633416,-0.010224609043866018,0.04355779370381422,0.5,1.0,11075.183184230002,turtle,random_search,1,-0.6115406105399988,10
778,7780,-0.31413156974399215,-0.052324705245818226,0.12691180958793954,0.5,1.0,11092.061021525005,turtle,random_search,1,-0.6115406105399988,10
779,7790,-0.15518531787220535,-0.04406289070898985,0.09204923363123692,0.5,1.0,11106.170219513995,turtle,random_search,1,-0.6115406105399988,10
780,7800,-0.11812201902878794,-0.020213702232655527,0.05624595483459438,0.5,1.0,11119.492591732007,turtle,random_search,1,-0.6115406105399988,10
781,7810,-0.29829988839876975,-0.03822173026282849,0.11380964164667805,0.5,1.0,11129.900886379008,turtle,random_search,1,-0.6115406105399988,10
782,7820,-0.20742053166466778,-0.028637806117402763,0.0998947532148877,0.5,1.0,11143.891224427003,turtle,random_search,1,-0.6115406105399988,10
783,7830,-0.27168611443635715,-0.011158446446268577,0.10173959747736734,0.5,1.0,11157.730864487996,turtle,random_search,1,-0.6115406105399988,10
784,7840,-0.16556521559204818,-0.0110054457314547,0.08914301301977079,0.5,1.0,11171.444890198007,turtle,random_search,1,-0.6115406105399988,10
785,7850,-0.14721235492045714,-0.019088973815598466,0.08080635232904029,0.5,1.0,11186.296432791016,turtle,random_search,1,-0.6115406105399988,10
786,7860,-0.5046890223424745,-0.0377780904050856,0.16648734994281567,0.5,1.0,11202.948379636015,turtle,random_search,1,-0.6115406105399988,10
787,7870,-0.07830416052428468,-0.006492736076570793,0.06846565190075148,0.5,1.0,11214.784896016004,turtle,random_search,1,-0.6115406105399988,10
788,7880,-0.4365960942458553,-0.06109993292275915,0.18803434062988456,0.5,1.0,11227.310355518013,turtle,random_search,1,-0.6115406105399988,10
789,7890,-0.11369751364477398,0.006631145881456657,0.062085631565779315,0.5,1.0,11239.681620289019,turtle,random_search,1,-0.6115406105399988,10
790,7900,-0.21120213756234119,-0.022760010776790997,0.08853341538323299,0.5,1.0,11252.957290166,turtle,random_search,1,-0.6115406105399988,10
791,7910,-0.17514462701711153,-0.0381541253416219,0.06729112336845967,0.5,1.0,11263.311115391,turtle,random_search,1,-0.6115406105399988,10
792,7920,-0.11875833980587824,0.009450310203885781,0.057327543503638625,0.5,1.0,11278.371265944006,turtle,random_search,1,-0.6115406105399988,10
793,7930,-0.18353210186512658,-0.009396025399176278,0.0729786750810275,0.5,1.0,11291.776712154999,turtle,random_search,1,-0.6115406105399988,10
794,7940,-0.17552329873112704,1.0110085089858576,2.9977448197841343,0.5,1.0,11303.998529806995,turtle,random_search,1,-0.6115406105399988,10
795,7950,-0.1690004887480363,0.004836494426377768,0.10719325681087079,0.5,1.0,11316.549262610002,turtle,random_search,1,-0.6115406105399988,10
796,7960,-0.1290132876850274,0.010708083789984623,0.07165438777883279,0.5,1.0,11327.512456258002,turtle,random_search,1,-0.6115406105399988,10
797,7970,-0.08482408507689154,0.020528430641609495,0.06918179373005377,0.5,1.0,11337.366007953999,turtle,random_search,1,-0.6115406105399988,10
798,7980,-0.032360405141028004,0.043944765549372364,0.08912511866623264,0.5,1.0,11345.289612718014,turtle,random_search,1,-0.6115406105399988,10
799,7990,-0.2998184468943679,0.9612622843878708,3.0169667595026577,0.5,1.0,11352.607587759994,turtle,random_search,1,-0.6115406105399988,10
800,8000,-0.24132916323944986,-0.07752544159917303,0.09575094692858636,0.5,1.0,11360.614757525997,turtle,random_search,1,-0.6115406105399988,10
