condition,seed,generation,cumulative_evals,mean_module_count,std_module_count
dynamic_constant,0,0,100,21.0,0.0
dynamic_constant,0,1,200,20.93,3.9956351184761605
dynamic_constant,0,2,300,17.86,6.491563756137653
dynamic_constant,0,3,400,13.82,5.865799178287644
dynamic_constant,0,4,500,11.72,4.181100333644243
dynamic_constant,0,5,600,11.34,4.030434219783273
dynamic_constant,0,6,700,11.22,3.5597190900406734
dynamic_constant,0,7,800,11.05,3.099596747965774
dynamic_constant,0,8,900,11.36,3.201624587611733
dynamic_constant,0,9,1000,11.85,3.374537005279391
dynamic_constant,0,10,1100,12.15,3.6779749863205975
dynamic_constant,0,11,1200,12.28,3.298727027203069
dynamic_constant,0,12,1300,12.5,3.7429934544425802
dynamic_constant,0,13,1400,12.16,3.933751390212655
dynamic_constant,0,14,1500,12.22,3.3453848806975857
dynamic_constant,0,15,1600,11.84,3.0322269044383865
dynamic_constant,0,16,1700,12.44,3.8401041652538543
dynamic_constant,0,17,1800,12.72,3.600222215363935
dynamic_constant,0,18,1900,13.09,3.8212432531834453
dynamic_constant,0,19,2000,12.7,3.517101079013795
dynamic_constant,0,20,2100,12.14,3.5637620571525255
dynamic_constant,0,21,2200,12.33,3.0001833277318237
dynamic_constant,0,22,2300,12.65,2.7290108097990378
dynamic_constant,0,23,2400,12.31,3.2884494826589634
dynamic_constant,0,24,2500,12.16,3.4805746651953897
dynamic_constant,0,25,2600,12.09,3.385542792522345
dynamic_constant,0,26,2700,11.8,3.0854497241083028
dynamic_constant,0,27,2800,12.12,3.2993332659796586
dynamic_constant,0,28,2900,12.17,3.622305895420761
dynamic_constant,0,29,3000,12.26,3.2515227202035666
dynamic_constant,0,30,3100,11.79,2.624099845661365
dynamic_constant,0,31,3200,12.1,3.10322412983658
dynamic_constant,0,32,3300,12.18,2.9945951312322667
dynamic_constant,0,33,3400,12.1,3.3241540277189316
dynamic_constant,0,34,3500,11.92,3.2177010426700607
dynamic_constant,0,35,3600,11.84,3.2763394207560363
dynamic_constant,0,36,3700,11.95,3.795721275330948
dynamic_constant,0,37,3800,12.06,3.303997578691606
dynamic_constant,0,38,3900,11.81,3.306644825196683
dynamic_constant,0,39,4000,11.84,3.50633712012978
dynamic_constant,0,40,4100,11.98,3.492792579011814
dynamic_constant,0,41,4200,12.07,3.0372849718128196
dynamic_constant,0,42,4300,12.48,3.5762550244634395
dynamic_constant,0,43,4400,12.81,3.3096676570314423
dynamic_constant,0,44,4500,12.6,2.6457513110645907
dynamic_constant,0,45,4600,12.87,3.50900270732298
dynamic_constant,0,46,4700,12.27,3.4346906702059794
dynamic_constant,0,47,4800,12.22,2.9785231239659695
dynamic_constant,0,48,4900,12.53,3.2785820105649335
dynamic_constant,0,49,5000,12.85,3.380458548777074
dynamic_constant,0,50,5100,13.08,3.9209182597957843
dynamic_constant,1,0,100,21.0,0.0
dynamic_constant,1,1,200,20.79,4.617997401471768
dynamic_constant,1,2,300,16.99,6.212076947366316
dynamic_constant,1,3,400,13.14,4.975982315081113
dynamic_constant,1,4,500,10.37,3.804352770183123
dynamic_constant,1,5,600,9.81,2.8414608918653097
dynamic_constant,1,6,700,9.67,2.569260594023113
dynamic_constant,1,7,800,9.63,2.6178426232300516
dynamic_constant,1,8,900,9.67,2.4002291557265942
dynamic_constant,1,9,1000,10.17,2.6722836675772275
dynamic_constant,1,10,1100,10.21,2.8576038913747297
dynamic_constant,1,11,1200,10.49,2.840756941380237
dynamic_constant,1,12,1300,11.11,3.0590684856668378
dynamic_constant,1,13,1400,11.0,2.814249455894058
dynamic_constant,1,14,1500,11.61,3.1871460587804887
dynamic_constant,1,15,1600,11.2,2.7166155414412256
dynamic_constant,1,16,1700,11.26,3.2699235465068597
dynamic_constant,1,17,1800,11.41,3.117996151376714
dynamic_constant,1,18,1900,11.86,2.953032339816142
dynamic_constant,1,19,2000,11.45,2.624404694402142
dynamic_constant,1,20,2100,11.38,2.4608128738284836
dynamic_constant,1,21,2200,11.63,2.373415260758218
dynamic_constant,1,22,2300,11.34,2.684101339368542
dynamic_constant,1,23,2400,11.5,2.0024984394500787
dynamic_constant,1,24,2500,11.51,2.5826149538791103
dynamic_constant,1,25,2600,11.53,2.215648889151889
dynamic_constant,1,26,2700,11.81,2.4153467659944816
dynamic_constant,1,27,2800,11.87,2.143151884491624
dynamic_constant,1,28,2900,11.74,2.37747765499489
dynamic_constant,1,29,3000,12.27,2.3445895163119705
dynamic_constant,1,30,3100,12.18,2.6396211849430213
dynamic_constant,1,31,3200,12.0,2.353720459187964
dynamic_constant,1,32,3300,11.79,2.4669616940682317
dynamic_constant,1,33,3400,11.7,2.435159132377184
dynamic_constant,1,34,3500,12.07,2.4382575745806676
dynamic_constant,1,35,3600,12.18,2.4264377181374353
dynamic_constant,1,36,3700,12.15,2.5937424698685874
dynamic_constant,1,37,3800,11.67,2.735159958759268
dynamic_constant,1,38,3900,12.22,2.6705055701121463
dynamic_constant,1,39,4000,12.56,2.836617704238624
dynamic_constant,1,40,4100,11.89,2.6529040691287724
dynamic_constant,1,41,4200,11.49,2.447427220572657
dynamic_constant,1,42,4300,12.22,2.9071635660898063
dynamic_constant,1,43,4400,11.61,2.5135433157198626
dynamic_constant,1,44,4500,11.52,1.9873600579663464
dynamic_constant,1,45,4600,12.14,2.7785607785326563
dynamic_constant,1,46,4700,12.52,2.6437851652507622
dynamic_constant,1,47,4800,12.49,2.6324703227197075
dynamic_constant,1,48,4900,12.66,2.926499615581728
dynamic_constant,1,49,5000,12.28,2.445730974575904
dynamic_constant,1,50,5100,12.04,2.453242751950976
dynamic_constant,2,0,100,21.0,0.0
dynamic_constant,2,1,200,20.78,4.318749819102745
dynamic_constant,2,2,300,17.79,4.673959777319441
dynamic_constant,2,3,400,14.19,4.816004568104146
dynamic_constant,2,4,500,11.88,3.9831645710414727
dynamic_constant,2,5,600,11.57,3.391916862188694
dynamic_constant,2,6,700,10.67,3.319804211094383
dynamic_constant,2,7,800,9.69,2.3267788893661554
dynamic_constant,2,8,900,9.87,2.4521623111042223
dynamic_constant,2,9,1000,10.18,2.4140422531513406
dynamic_constant,2,10,1100,9.91,2.3498723369579038
dynamic_constant,2,11,1200,10.33,2.7858750869340856
dynamic_constant,2,12,1300,10.82,2.499519953911151
dynamic_constant,2,13,1400,11.22,2.787758956581433
dynamic_constant,2,14,1500,11.11,2.537301716390859
dynamic_constant,2,15,1600,11.0,2.6758176320519302
dynamic_constant,2,16,1700,10.97,2.347147204586879
dynamic_constant,2,17,1800,11.29,2.8188472821350223
dynamic_constant,2,18,1900,11.58,2.7719307350653626
dynamic_constant,2,19,2000,11.83,2.2893448844593074
dynamic_constant,2,20,2100,11.99,2.72211314974231
dynamic_constant,2,21,2200,11.67,2.7930449334015375
dynamic_constant,2,22,2300,11.44,2.446712079505882
dynamic_constant,2,23,2400,11.71,2.3803151051909075
dynamic_constant,2,24,2500,11.88,2.192167876783163
dynamic_constant,2,25,2600,11.74,2.2209007181771994
dynamic_constant,2,26,2700,12.2,2.2360679774997894
dynamic_constant,2,27,2800,12.13,2.3818270298239543
dynamic_constant,2,28,2900,12.16,3.091019249373902
dynamic_constant,2,29,3000,11.89,2.1582168565739632
dynamic_constant,2,30,3100,12.14,2.6344638923317967
dynamic_constant,2,31,3200,12.12,2.2683915006012523
dynamic_constant,2,32,3300,12.14,2.7929196193231194
dynamic_constant,2,33,3400,11.83,2.8144448830986195
dynamic_constant,2,34,3500,11.76,2.3837785132012574
dynamic_constant,2,35,3600,11.76,2.3963305281200253
dynamic_constant,2,36,3700,11.83,2.6078918689240167
dynamic_constant,2,37,3800,11.4,2.345207879911715
dynamic_constant,2,38,3900,11.29,3.0538336562425927
dynamic_constant,2,39,4000,11.62,2.8836782067352797
dynamic_constant,2,40,4100,11.57,2.6239474080095433
dynamic_constant,2,41,4200,11.38,2.4810481655945336
dynamic_constant,2,42,4300,11.14,2.6945129430010164
dynamic_constant,2,43,4400,11.23,2.5054141374231924
dynamic_constant,2,44,4500,11.54,2.479596741407764
dynamic_constant,2,45,4600,11.23,2.5410824465176254
dynamic_constant,2,46,4700,11.46,2.385036687348855
dynamic_constant,2,47,4800,11.47,2.3851834311012645
dynamic_constant,2,48,4900,11.43,2.2372080815158877
dynamic_constant,2,49,5000,11.9,2.5039968051097827
dynamic_constant,2,50,5100,11.95,2.6734808770589704
dynamic_constant,3,0,100,21.0,0.0
dynamic_constant,3,1,200,20.92,5.86801499657252
dynamic_constant,3,2,300,16.24,5.3425087739750134
dynamic_constant,3,3,400,12.57,3.871059286551938
dynamic_constant,3,4,500,11.52,3.686407465270219
dynamic_constant,3,5,600,10.87,3.615674210987489
dynamic_constant,3,6,700,10.83,3.712290398123509
dynamic_constant,3,7,800,11.36,3.915405470701598
dynamic_constant,3,8,900,10.89,3.3283479385424837
dynamic_constant,3,9,1000,11.21,3.2535980083593614
dynamic_constant,3,10,1100,11.36,2.971598896217321
dynamic_constant,3,11,1200,11.18,2.7545598559479516
dynamic_constant,3,12,1300,11.47,2.9545050346885513
dynamic_constant,3,13,1400,11.4,2.973213749463701
dynamic_constant,3,14,1500,11.36,3.718924575734227
dynamic_constant,3,15,1600,11.78,3.62926989902928
dynamic_constant,3,16,1700,12.02,3.316564487538272
dynamic_constant,3,17,1800,12.06,3.2490614029285445
dynamic_constant,3,18,1900,11.92,4.21824608101519
dynamic_constant,3,19,2000,11.6,3.6851051545376556
dynamic_constant,3,20,2100,12.18,3.556346439817134
dynamic_constant,3,21,2200,12.07,3.1914103465395987
dynamic_constant,3,22,2300,12.33,2.9053571209061375
dynamic_constant,3,23,2400,12.46,3.615024204621596
dynamic_constant,3,24,2500,12.19,3.5628499828087064
dynamic_constant,3,25,2600,12.5,3.2878564445547194
dynamic_constant,3,26,2700,12.53,3.650903997642228
dynamic_constant,3,27,2800,11.91,3.149904760464989
dynamic_constant,3,28,2900,11.74,3.2607361132112485
dynamic_constant,3,29,3000,12.0,2.6907248094147422
dynamic_constant,3,30,3100,11.82,2.7180139808323283
dynamic_constant,3,31,3200,11.59,3.20029686123022
dynamic_constant,3,32,3300,11.78,2.8655889447022926
dynamic_constant,3,33,3400,11.78,3.1163440118189776
dynamic_constant,3,34,3500,12.13,3.4486374120803136
dynamic_constant,3,35,3600,11.85,3.9328742669960857
dynamic_constant,3,36,3700,11.56,3.0734996339677676
dynamic_constant,3,37,3800,11.87,3.0418908593176055
dynamic_constant,3,38,3900,11.73,2.752653265487682
dynamic_constant,3,39,4000,11.85,2.987892233665732
dynamic_constant,3,40,4100,11.86,3.2680881261067607
dynamic_constant,3,41,4200,11.59,3.3737071597872865
dynamic_constant,3,42,4300,11.2,2.7820855486487113
dynamic_constant,3,43,4400,11.01,2.8442749515474066
dynamic_constant,3,44,4500,10.88,2.49110417285187
dynamic_constant,3,45,4600,10.68,2.323273552554671
dynamic_constant,3,46,4700,11.28,2.619465594353169
dynamic_constant,3,47,4800,11.63,3.257775314535979
dynamic_constant,3,48,4900,11.96,3.337424156441611
dynamic_constant,3,49,5000,11.33,3.203295178406136
dynamic_constant,3,50,5100,11.25,2.2242976419535223
dynamic_constant,4,0,100,21.0,0.0
dynamic_constant,4,1,200,20.57,4.899499974487193
dynamic_constant,4,2,300,16.82,5.685736539798516
dynamic_constant,4,3,400,12.76,5.0933682372277
dynamic_constant,4,4,500,10.91,3.452810449474457
dynamic_constant,4,5,600,11.02,3.5326477322257874
dynamic_constant,4,6,700,10.56,3.210358235462205
dynamic_constant,4,7,800,10.69,3.170788545456792
dynamic_constant,4,8,900,10.88,3.057057408685679
dynamic_constant,4,9,1000,10.8,2.5961509971494343
dynamic_constant,4,10,1100,10.47,2.74392055278574
dynamic_constant,4,11,1200,9.88,2.3421357774475844
dynamic_constant,4,12,1300,10.4,2.1023796041628637
dynamic_constant,4,13,1400,10.17,1.8923794545492192
dynamic_constant,4,14,1500,10.28,1.7724559232883619
dynamic_constant,4,15,1600,10.31,1.8691976888494162
dynamic_constant,4,16,1700,10.49,1.9261100695443136
dynamic_constant,4,17,1800,10.48,2.594147258734554
dynamic_constant,4,18,1900,10.45,2.011839953873071
dynamic_constant,4,19,2000,10.41,2.2631615055050753
dynamic_constant,4,20,2100,10.52,2.137662274541982
dynamic_constant,4,21,2200,10.88,2.259557478799776
dynamic_constant,4,22,2300,10.83,2.1215796002035843
dynamic_constant,4,23,2400,10.84,2.0431348462595413
dynamic_constant,4,24,2500,10.81,2.4112030192416403
dynamic_constant,4,25,2600,10.69,2.2212383933292705
dynamic_constant,4,26,2700,10.8,2.0639767440550294
dynamic_constant,4,27,2800,10.52,1.7057549648176316
dynamic_constant,4,28,2900,10.52,1.6880758276807355
dynamic_constant,4,29,3000,10.41,1.8872996582419022
dynamic_constant,4,30,3100,10.55,1.7051392904979934
dynamic_constant,4,31,3200,10.54,2.0070874420413274
dynamic_constant,4,32,3300,10.83,2.073909351924524
dynamic_constant,4,33,3400,10.55,2.1277922830953213
dynamic_constant,4,34,3500,10.76,2.135977527971678
dynamic_constant,4,35,3600,10.8,2.083266665599966
dynamic_constant,4,36,3700,10.95,2.146508793366568
dynamic_constant,4,37,3800,10.65,2.1324868112136124
dynamic_constant,4,38,3900,10.84,2.2032702966272657
dynamic_constant,4,39,4000,10.86,1.854831528737853
dynamic_constant,4,40,4100,10.99,1.9773467070799697
dynamic_constant,4,41,4200,10.93,2.3843447737271557
dynamic_constant,4,42,4300,10.74,1.6889049706836674
dynamic_constant,4,43,4400,10.77,1.8753932920856895
dynamic_constant,4,44,4500,10.91,2.0400735280866718
dynamic_constant,4,45,4600,10.84,2.0480234373658908
dynamic_constant,4,46,4700,10.94,2.1946298093300385
dynamic_constant,4,47,4800,10.92,2.2480213522117625
dynamic_constant,4,48,4900,11.11,2.5647417023942194
dynamic_constant,4,49,5000,11.08,2.606453529223186
dynamic_constant,4,50,5100,11.21,2.902740084816414
dynamic_constant,5,0,100,21.0,0.0
dynamic_constant,5,1,200,20.65,5.807538204781781
dynamic_constant,5,2,300,15.89,5.364503704910642
dynamic_constant,5,3,400,11.93,5.175432349089301
dynamic_constant,5,4,500,10.59,3.704308302503991
dynamic_constant,5,5,600,10.34,3.1598101208775184
dynamic_constant,5,6,700,9.7,2.968164415931166
dynamic_constant,5,7,800,9.84,2.9418361613115036
dynamic_constant,5,8,900,10.87,3.6267202814664383
dynamic_constant,5,9,1000,11.14,3.7363618668431995
dynamic_constant,5,10,1100,10.57,3.115300948544137
dynamic_constant,5,11,1200,10.82,3.172948155895397
dynamic_constant,5,12,1300,10.63,2.9955133116045403
dynamic_constant,5,13,1400,11.13,2.6670395572619463
dynamic_constant,5,14,1500,10.82,2.299478201679677
dynamic_constant,5,15,1600,10.96,2.537400244344593
dynamic_constant,5,16,1700,10.94,2.5370061095708856
dynamic_constant,5,17,1800,10.93,2.6315584736045676
dynamic_constant,5,18,1900,10.91,1.9549680304291426
dynamic_constant,5,19,2000,10.98,1.9286264542414635
dynamic_constant,5,20,2100,11.5,1.8947295321496416
dynamic_constant,5,21,2200,11.59,2.474247360309797
dynamic_constant,5,22,2300,11.24,1.8172506706560876
dynamic_constant,5,23,2400,11.15,2.1418449990603894
dynamic_constant,5,24,2500,11.33,2.0349692872375247
dynamic_constant,5,25,2600,11.11,1.8915337691936667
dynamic_constant,5,26,2700,10.98,1.8274572498419765
dynamic_constant,5,27,2800,10.85,1.9563997546513852
dynamic_constant,5,28,2900,10.72,2.054653255418052
dynamic_constant,5,29,3000,10.84,1.7928747864811976
dynamic_constant,5,30,3100,11.33,1.944505078419699
dynamic_constant,5,31,3200,11.3,2.202271554554524
dynamic_constant,5,32,3300,11.49,2.0760298649104256
dynamic_constant,5,33,3400,11.75,2.6052830940226053
dynamic_constant,5,34,3500,11.22,1.670808187674456
dynamic_constant,5,35,3600,11.57,2.178325044615702
dynamic_constant,5,36,3700,11.68,2.0193068117549644
dynamic_constant,5,37,3800,11.56,2.08
dynamic_constant,5,38,3900,11.61,1.636429039097021
dynamic_constant,5,39,4000,11.5,1.676305461424021
dynamic_constant,5,40,4100,11.5,1.7635192088548397
dynamic_constant,5,41,4200,11.6,1.794435844492636
dynamic_constant,5,42,4300,11.78,1.7976651523573572
dynamic_constant,5,43,4400,11.86,2.121414622368763
dynamic_constant,5,44,4500,11.69,1.7011466721009096
dynamic_constant,5,45,4600,11.93,1.866842253646515
dynamic_constant,5,46,4700,11.86,2.262830086418333
dynamic_constant,5,47,4800,11.82,2.251133048044917
dynamic_constant,5,48,4900,11.66,2.1873271360269824
dynamic_constant,5,49,5000,11.52,2.0565991344936427
dynamic_constant,5,50,5100,11.74,2.124241040936739
dynamic_constant,6,0,100,21.0,0.0
dynamic_constant,6,1,200,20.84,4.467034810699374
dynamic_constant,6,2,300,17.74,5.239503793299514
dynamic_constant,6,3,400,13.18,4.930273826066865
dynamic_constant,6,4,500,11.73,4.185343474554986
dynamic_constant,6,5,600,10.5,3.753664875824692
dynamic_constant,6,6,700,9.89,3.2245774917033705
dynamic_constant,6,7,800,10.05,2.7436289836637897
dynamic_constant,6,8,900,9.76,2.623432865540874
dynamic_constant,6,9,1000,9.55,2.372235232855292
dynamic_constant,6,10,1100,10.44,2.3720033726788836
dynamic_constant,6,11,1200,10.61,2.5451718998920287
dynamic_constant,6,12,1300,10.69,2.292138739256418
dynamic_constant,6,13,1400,10.83,2.828621572427107
dynamic_constant,6,14,1500,10.56,2.6127380274340553
dynamic_constant,6,15,1600,10.67,2.4002291557265942
dynamic_constant,6,16,1700,11.04,2.645448922205832
dynamic_constant,6,17,1800,10.63,2.7079697191807743
dynamic_constant,6,18,1900,11.23,2.552861139976086
dynamic_constant,6,19,2000,11.24,2.8429562078934665
dynamic_constant,6,20,2100,10.86,2.3410254163507065
dynamic_constant,6,21,2200,11.38,2.548646699721246
dynamic_constant,6,22,2300,11.65,2.3382685902179845
dynamic_constant,6,23,2400,11.94,2.9455729493597675
dynamic_constant,6,24,2500,12.04,2.6340842811117486
dynamic_constant,6,25,2600,11.97,2.188401242916847
dynamic_constant,6,26,2700,12.45,2.56661255354212
dynamic_constant,6,27,2800,12.44,2.776040345528141
dynamic_constant,6,28,2900,11.8,2.513961017995307
dynamic_constant,6,29,3000,12.18,2.3764679673835287
dynamic_constant,6,30,3100,11.72,2.4044957891416656
dynamic_constant,6,31,3200,11.83,2.3624351842960687
dynamic_constant,6,32,3300,12.7,2.29128784747792
dynamic_constant,6,33,3400,12.8,2.553429066960741
dynamic_constant,6,34,3500,12.87,2.7153452819116763
dynamic_constant,6,35,3600,12.54,2.5589841734563343
dynamic_constant,6,36,3700,12.82,2.1604629133590794
dynamic_constant,6,37,3800,12.6,2.3958297101421877
dynamic_constant,6,38,3900,12.49,2.5670800532901192
dynamic_constant,6,39,4000,12.68,2.305992194262591
dynamic_constant,6,40,4100,12.89,2.1396027668705235
dynamic_constant,6,41,4200,12.87,2.423447956940689
dynamic_constant,6,42,4300,13.14,2.1818340908510896
dynamic_constant,6,43,4400,12.82,2.183483455398735
dynamic_constant,6,44,4500,12.51,2.547528213778996
dynamic_constant,6,45,4600,12.85,2.6509432283623124
dynamic_constant,6,46,4700,13.3,2.7110883423451915
dynamic_constant,6,47,4800,12.77,2.603286384553186
dynamic_constant,6,48,4900,12.96,2.424541193710678
dynamic_constant,6,49,5000,12.85,2.5937424698685874
dynamic_constant,6,50,5100,12.79,2.4911643863864144
dynamic_constant,7,0,100,21.0,0.0
dynamic_constant,7,1,200,20.72,4.608861030666904
dynamic_constant,7,2,300,18.15,6.253598963796767
dynamic_constant,7,3,400,14.39,5.7059530317029425
dynamic_constant,7,4,500,9.84,4.272516822670216
dynamic_constant,7,5,600,9.13,3.3276267819573757
dynamic_constant,7,6,700,9.87,3.5934802072642618
dynamic_constant,7,7,800,10.29,3.1378177129973626
dynamic_constant,7,8,900,10.28,3.304784410517576
dynamic_constant,7,9,1000,10.78,3.520170450418559
dynamic_constant,7,10,1100,11.1,3.074085229787879
dynamic_constant,7,11,1200,11.29,3.0701628621296297
dynamic_constant,7,12,1300,12.15,3.204293994002423
dynamic_constant,7,13,1400,12.36,3.1353468707624677
dynamic_constant,7,14,1500,12.2,3.5411862419251547
dynamic_constant,7,15,1600,12.67,3.8420176990742765
dynamic_constant,7,16,1700,12.56,3.68054343813519
dynamic_constant,7,17,1800,12.63,4.213442772840281
dynamic_constant,7,18,1900,12.01,3.634542612214087
dynamic_constant,7,19,2000,12.53,3.612353803270106
dynamic_constant,7,20,2100,12.73,3.0161399171789096
dynamic_constant,7,21,2200,12.61,3.6108032347387744
dynamic_constant,7,22,2300,12.56,3.6368117905660173
dynamic_constant,7,23,2400,12.2,3.082207001484488
dynamic_constant,7,24,2500,12.38,3.2765225468474957
dynamic_constant,7,25,2600,12.34,3.4094574348420896
dynamic_constant,7,26,2700,12.09,3.47590276043505
dynamic_constant,7,27,2800,12.22,4.114802546903071
dynamic_constant,7,28,2900,11.75,3.106042498099471
dynamic_constant,7,29,3000,11.58,3.188040150311787
dynamic_constant,7,30,3100,12.08,3.3872702874143363
dynamic_constant,7,31,3200,11.96,3.379112309468272
dynamic_constant,7,32,3300,11.93,3.0108304502246552
dynamic_constant,7,33,3400,12.35,4.060480267160524
dynamic_constant,7,34,3500,11.74,3.381183224848958
dynamic_constant,7,35,3600,11.9,3.257299494980466
dynamic_constant,7,36,3700,12.91,3.77649308221265
dynamic_constant,7,37,3800,12.69,3.431311702541756
dynamic_constant,7,38,3900,12.95,3.456515586540873
dynamic_constant,7,39,4000,12.6,3.286335345030997
dynamic_constant,7,40,4100,12.77,3.475212223735408
dynamic_constant,7,41,4200,12.02,3.3852030958274866
dynamic_constant,7,42,4300,12.38,3.9211732937986814
dynamic_constant,7,43,4400,12.2,3.4641016151377544
dynamic_constant,7,44,4500,12.55,2.9609964538985856
dynamic_constant,7,45,4600,12.55,3.677974986320598
dynamic_constant,7,46,4700,12.13,3.369436154611036
dynamic_constant,7,47,4800,12.27,3.282849372115632
dynamic_constant,7,48,4900,12.36,3.4103372267269996
dynamic_constant,7,49,5000,12.3,3.691882988394947
dynamic_constant,7,50,5100,12.2,3.4641016151377544
dynamic_constant,8,0,100,21.0,0.0
dynamic_constant,8,1,200,20.62,3.928816615725402
dynamic_constant,8,2,300,18.01,5.806022735057106
dynamic_constant,8,3,400,13.88,6.184302709279357
dynamic_constant,8,4,500,11.87,4.455681766015163
dynamic_constant,8,5,600,11.6,3.6055512754639896
dynamic_constant,8,6,700,10.88,3.07336948641064
dynamic_constant,8,7,800,10.66,2.710055349988262
dynamic_constant,8,8,900,10.63,2.948406349199513
dynamic_constant,8,9,1000,10.63,3.0745894034813817
dynamic_constant,8,10,1100,10.36,2.586580754587028
dynamic_constant,8,11,1200,10.27,2.4813504387732097
dynamic_constant,8,12,1300,10.41,2.6686888166288703
dynamic_constant,8,13,1400,10.92,2.3986662960903917
dynamic_constant,8,14,1500,10.13,2.5986727381492267
dynamic_constant,8,15,1600,10.14,2.4166919538906892
dynamic_constant,8,16,1700,10.72,2.956619691472003
dynamic_constant,8,17,1800,10.65,2.8191310718020897
dynamic_constant,8,18,1900,11.08,2.283330900242013
dynamic_constant,8,19,2000,11.26,2.504475993097159
dynamic_constant,8,20,2100,11.19,2.2212383933292705
dynamic_constant,8,21,2200,11.58,2.486684539703418
dynamic_constant,8,22,2300,11.63,2.3818270298239543
dynamic_constant,8,23,2400,12.04,2.481612379079376
dynamic_constant,8,24,2500,12.05,2.4834451876375283
dynamic_constant,8,25,2600,12.34,2.4133793734098252
dynamic_constant,8,26,2700,12.13,2.704274394361637
dynamic_constant,8,27,2800,12.08,2.2391069648411173
dynamic_constant,8,28,2900,12.41,2.7462519913511216
dynamic_constant,8,29,3000,12.37,2.0768004237287703
dynamic_constant,8,30,3100,12.41,2.4539559898254084
dynamic_constant,8,31,3200,12.12,2.0163333057805697
dynamic_constant,8,32,3300,11.9,1.9570385790780929
dynamic_constant,8,33,3400,11.63,2.3437363332934873
dynamic_constant,8,34,3500,11.49,2.0173993159511086
dynamic_constant,8,35,3600,11.79,2.1085302938302783
dynamic_constant,8,36,3700,11.53,1.867913274218051
dynamic_constant,8,37,3800,11.46,2.3298927013920627
dynamic_constant,8,38,3900,11.87,2.2700440524359875
dynamic_constant,8,39,4000,11.88,1.9041008376659048
dynamic_constant,8,40,4100,11.94,2.42
dynamic_constant,8,41,4200,11.94,2.217295650110738
dynamic_constant,8,42,4300,12.07,2.263868370731832
dynamic_constant,8,43,4400,12.32,2.2085289221561033
dynamic_constant,8,44,4500,12.42,2.50671099251589
dynamic_constant,8,45,4600,12.66,2.316117440891113
dynamic_constant,8,46,4700,12.34,2.474752512878813
dynamic_constant,8,47,4800,12.58,2.5697470692657673
dynamic_constant,8,48,4900,12.37,2.813023284653008
dynamic_constant,8,49,5000,11.87,2.8201241107440644
dynamic_constant,8,50,5100,12.05,2.19260119492807
dynamic_constant,9,0,100,21.0,0.0
dynamic_constant,9,1,200,20.88,5.136691542228324
dynamic_constant,9,2,300,15.9,6.15223536610881
dynamic_constant,9,3,400,12.27,5.025644237309282
dynamic_constant,9,4,500,10.41,4.65423463095706
dynamic_constant,9,5,600,10.19,4.0980361150189974
dynamic_constant,9,6,700,9.84,3.5908773301242136
dynamic_constant,9,7,800,10.45,3.4478254016118624
dynamic_constant,9,8,900,10.49,3.8379551847305358
dynamic_constant,9,9,1000,9.97,3.4769383083396805
dynamic_constant,9,10,1100,10.31,3.36361412769063
dynamic_constant,9,11,1200,10.43,3.0765402646479374
dynamic_constant,9,12,1300,10.82,2.7032572944505304
dynamic_constant,9,13,1400,11.03,3.4682992950436096
dynamic_constant,9,14,1500,10.5,2.9206163733020465
dynamic_constant,9,15,1600,10.76,3.8108266819681003
dynamic_constant,9,16,1700,10.48,2.991588206956298
dynamic_constant,9,17,1800,10.4,2.181742422927143
dynamic_constant,9,18,1900,10.66,2.881735588148225
dynamic_constant,9,19,2000,10.82,2.8683793333518492
dynamic_constant,9,20,2100,10.96,3.630206605690646
dynamic_constant,9,21,2200,10.79,2.7360372804477646
dynamic_constant,9,22,2300,11.51,3.5930349288588888
dynamic_constant,9,23,2400,11.42,3.672002178648591
dynamic_constant,9,24,2500,11.95,3.516745654721137
dynamic_constant,9,25,2600,12.11,3.7010674135984067
dynamic_constant,9,26,2700,12.06,3.6161305286175716
dynamic_constant,9,27,2800,11.97,3.188902632568138
dynamic_constant,9,28,2900,11.84,2.682237871628838
dynamic_constant,9,29,3000,11.92,3.52613102422471
dynamic_constant,9,30,3100,11.9,3.3778691508109073
dynamic_constant,9,31,3200,11.8,3.2893768406797057
dynamic_constant,9,32,3300,12.15,3.536594407053203
dynamic_constant,9,33,3400,11.85,3.5024991077800434
dynamic_constant,9,34,3500,11.66,2.9672209220076624
dynamic_constant,9,35,3600,11.41,3.3439348079769737
dynamic_constant,9,36,3700,12.03,3.333031653015015
dynamic_constant,9,37,3800,12.07,3.415420911103052
dynamic_constant,9,38,3900,11.85,3.222964473896664
dynamic_constant,9,39,4000,11.59,3.01029898847274
dynamic_constant,9,40,4100,11.72,3.1243559336285616
dynamic_constant,9,41,4200,11.64,3.366065953008051
dynamic_constant,9,42,4300,11.85,3.004579837514723
dynamic_constant,9,43,4400,11.53,3.031352833307268
dynamic_constant,9,44,4500,11.55,3.320767983464066
dynamic_constant,9,45,4600,11.78,3.425142332808959
dynamic_constant,9,46,4700,11.59,3.117996151376714
dynamic_constant,9,47,4800,12.01,3.4856706671743956
dynamic_constant,9,48,4900,12.11,3.3849519937511676
dynamic_constant,9,49,5000,12.3,3.40147027033899
dynamic_constant,9,50,5100,11.86,3.3347263755816607
dynamic_constant,10,0,100,21.0,0.0
dynamic_constant,10,1,200,20.92,4.702509968091509
dynamic_constant,10,2,300,18.2,4.967896939349688
dynamic_constant,10,3,400,14.26,4.83656903186546
dynamic_constant,10,4,500,11.97,4.618343859004004
dynamic_constant,10,5,600,10.27,3.7599335100504105
dynamic_constant,10,6,700,10.41,3.2282967645493805
dynamic_constant,10,7,800,10.7,3.3867388443752193
dynamic_constant,10,8,900,10.86,3.630482061655173
dynamic_constant,10,9,1000,10.66,2.6989627637297997
dynamic_constant,10,10,1100,10.93,3.00084987961744
dynamic_constant,10,11,1200,11.24,3.059803915286076
dynamic_constant,10,12,1300,11.36,2.8758303148829905
dynamic_constant,10,13,1400,10.75,2.9677432503503396
dynamic_constant,10,14,1500,10.8,2.831960451701259
dynamic_constant,10,15,1600,10.9,3.0315012782448236
dynamic_constant,10,16,1700,10.83,2.530039525382953
dynamic_constant,10,17,1800,10.56,2.342306555513176
dynamic_constant,10,18,1900,10.96,2.9560784833965417
dynamic_constant,10,19,2000,11.01,2.9034290072257662
dynamic_constant,10,20,2100,11.21,2.9130568137267767
dynamic_constant,10,21,2200,11.13,2.6782643633517584
dynamic_constant,10,22,2300,10.8,2.4083189157584592
dynamic_constant,10,23,2400,11.93,2.818705376586918
dynamic_constant,10,24,2500,11.88,2.790268804255246
dynamic_constant,10,25,2600,12.56,2.3804201309852844
dynamic_constant,10,26,2700,12.81,2.9212839642869373
dynamic_constant,10,27,2800,12.93,2.6239474080095433
dynamic_constant,10,28,2900,12.56,2.519206224190469
dynamic_constant,10,29,3000,12.57,2.5932797766534947
dynamic_constant,10,30,3100,12.23,2.529248900365482
dynamic_constant,10,31,3200,12.1,2.5317977802344327
dynamic_constant,10,32,3300,12.0,2.6419689627245813
dynamic_constant,10,33,3400,12.11,2.501579501035296
dynamic_constant,10,34,3500,12.52,2.879166546068497
dynamic_constant,10,35,3600,12.26,2.472326839234651
dynamic_constant,10,36,3700,12.67,2.6647889222225465
dynamic_constant,10,37,3800,12.52,2.7981422408448076
dynamic_constant,10,38,3900,12.47,2.4349743325135895
dynamic_constant,10,39,4000,12.37,2.917721713940519
dynamic_constant,10,40,4100,12.16,2.8415488734139345
dynamic_constant,10,41,4200,12.33,2.939574799184399
dynamic_constant,10,42,4300,12.09,2.5459575801650742
dynamic_constant,10,43,4400,12.41,3.040049341704835
dynamic_constant,10,44,4500,11.95,3.106042498099471
dynamic_constant,10,45,4600,11.88,2.7213232075591463
dynamic_constant,10,46,4700,11.79,2.581840428841411
dynamic_constant,10,47,4800,12.03,2.861660357205236
dynamic_constant,10,48,4900,12.13,2.1149704489661314
dynamic_constant,10,49,5000,12.47,2.3514038360094593
dynamic_constant,10,50,5100,12.63,2.2029752608688096
dynamic_constant,11,0,100,21.0,0.0
dynamic_constant,11,1,200,20.73,5.114401235726428
dynamic_constant,11,2,300,17.73,5.141702052822587
dynamic_constant,11,3,400,14.05,5.795472370739075
dynamic_constant,11,4,500,11.32,4.256477416831904
dynamic_constant,11,5,600,10.53,3.642677586611256
dynamic_constant,11,6,700,10.86,3.046374894854538
dynamic_constant,11,7,800,10.73,2.7453779339100106
dynamic_constant,11,8,900,10.68,2.580232547659222
dynamic_constant,11,9,1000,10.87,2.7116600081868674
dynamic_constant,11,10,1100,10.94,3.012706424462895
dynamic_constant,11,11,1200,11.3,2.640075756488817
dynamic_constant,11,12,1300,11.31,2.59882665832102
dynamic_constant,11,13,1400,11.59,2.611876719908503
dynamic_constant,11,14,1500,11.55,3.4391132578035286
dynamic_constant,11,15,1600,11.97,3.0836828630713633
dynamic_constant,11,16,1700,12.12,3.7769829229161207
dynamic_constant,11,17,1800,12.41,3.4412061838837844
dynamic_constant,11,18,1900,12.26,3.348492197990015
dynamic_constant,11,19,2000,12.07,3.863301696735579
dynamic_constant,11,20,2100,12.19,3.5005570985201766
dynamic_constant,11,21,2200,12.04,3.8312400081435776
dynamic_constant,11,22,2300,11.81,3.7939293614931735
dynamic_constant,11,23,2400,11.71,3.1346291646700415
dynamic_constant,11,24,2500,12.39,3.627381976026236
dynamic_constant,11,25,2600,12.2,2.979932885150268
dynamic_constant,11,26,2700,12.09,2.449877547960306
dynamic_constant,11,27,2800,11.97,3.4042767220071872
dynamic_constant,11,28,2900,11.73,3.6738399529647445
dynamic_constant,11,29,3000,11.67,3.2804115595455396
dynamic_constant,11,30,3100,11.98,3.8986664386684837
dynamic_constant,11,31,3200,11.85,3.672533185690771
dynamic_constant,11,32,3300,11.85,3.587129771837088
dynamic_constant,11,33,3400,11.43,3.4935798259092348
dynamic_constant,11,34,3500,11.59,3.231392888523461
dynamic_constant,11,35,3600,11.85,3.793085815006035
dynamic_constant,11,36,3700,11.66,3.58111714413254
dynamic_constant,11,37,3800,11.66,3.188165616777146
dynamic_constant,11,38,3900,12.15,3.785168424258028
dynamic_constant,11,39,4000,12.03,3.806455043738202
dynamic_constant,11,40,4100,12.13,3.587910255287889
dynamic_constant,11,41,4200,12.11,2.9627520989782457
dynamic_constant,11,42,4300,12.08,2.8937173324289986
dynamic_constant,11,43,4400,12.12,3.4271854341427166
dynamic_constant,11,44,4500,12.21,3.1915356805149457
dynamic_constant,11,45,4600,12.33,3.3527749700807536
dynamic_constant,11,46,4700,12.38,3.171056606243414
dynamic_constant,11,47,4800,12.27,3.6901354988672166
dynamic_constant,11,48,4900,12.43,4.585313511636909
dynamic_constant,11,49,5000,12.39,4.1638804017406645
dynamic_constant,11,50,5100,12.74,3.913106183072471
dynamic_constant,12,0,100,21.0,0.0
dynamic_constant,12,1,200,20.57,5.659072362145584
dynamic_constant,12,2,300,17.1,7.7479029420869745
dynamic_constant,12,3,400,12.16,5.952680068674949
dynamic_constant,12,4,500,10.9,4.092676385936225
dynamic_constant,12,5,600,10.89,3.949417678595162
dynamic_constant,12,6,700,10.67,3.6029293637261333
dynamic_constant,12,7,800,10.68,3.0062601351180507
dynamic_constant,12,8,900,10.65,2.7290108097990378
dynamic_constant,12,9,1000,10.16,2.4237161549983526
dynamic_constant,12,10,1100,10.31,2.1849256280248994
dynamic_constant,12,11,1200,10.52,2.0272148381461697
dynamic_constant,12,12,1300,10.8,2.280350850198276
dynamic_constant,12,13,1400,10.23,2.1300469478394133
dynamic_constant,12,14,1500,10.3,2.1330729007701543
dynamic_constant,12,15,1600,10.59,2.387865155321799
dynamic_constant,12,16,1700,10.93,2.4748939371213465
dynamic_constant,12,17,1800,11.02,2.7820136592044267
dynamic_constant,12,18,1900,11.47,2.4797378893746007
dynamic_constant,12,19,2000,11.91,2.6080452450063056
dynamic_constant,12,20,2100,12.1,2.601922366251537
dynamic_constant,12,21,2200,12.02,2.6980733866965148
dynamic_constant,12,22,2300,11.86,2.186412586864611
dynamic_constant,12,23,2400,11.82,2.8049242414011823
dynamic_constant,12,24,2500,11.85,2.5975950415721076
dynamic_constant,12,25,2600,12.56,2.7579702681501117
dynamic_constant,12,26,2700,12.25,2.665989497353656
dynamic_constant,12,27,2800,12.28,2.8109784773277795
dynamic_constant,12,28,2900,12.56,2.754342026691674
dynamic_constant,12,29,3000,12.8,2.891366458960192
dynamic_constant,12,30,3100,12.33,2.901913162036383
dynamic_constant,12,31,3200,12.11,2.622575070422198
dynamic_constant,12,32,3300,11.85,2.273213584333861
dynamic_constant,12,33,3400,11.58,2.470546498246896
dynamic_constant,12,34,3500,11.91,2.3327880315193665
dynamic_constant,12,35,3600,11.81,2.31816737963418
dynamic_constant,12,36,3700,11.92,2.4400000000000004
dynamic_constant,12,37,3800,11.79,2.219436865513412
dynamic_constant,12,38,3900,11.93,2.3843447737271557
dynamic_constant,12,39,4000,11.76,2.6234328655408734
dynamic_constant,12,40,4100,11.73,2.3102164400765566
dynamic_constant,12,41,4200,11.84,2.18961183774659
dynamic_constant,12,42,4300,11.93,2.5189481931949294
dynamic_constant,12,43,4400,11.96,2.7199999999999998
dynamic_constant,12,44,4500,12.21,2.471011938457603
dynamic_constant,12,45,4600,12.06,2.489256917234539
dynamic_constant,12,46,4700,11.97,2.4797378893746007
dynamic_constant,12,47,4800,11.86,2.3622870274376058
dynamic_constant,12,48,4900,12.03,2.4472637781816653
dynamic_constant,12,49,5000,11.58,1.9400000000000002
dynamic_constant,12,50,5100,11.81,2.096163161588334
dynamic_constant,13,0,100,21.0,0.0
dynamic_constant,13,1,200,20.63,4.330484961294751
dynamic_constant,13,2,300,18.27,6.062763396339989
dynamic_constant,13,3,400,13.05,5.622054784507173
dynamic_constant,13,4,500,9.78,3.9104475447191462
dynamic_constant,13,5,600,8.81,2.9178588039862383
dynamic_constant,13,6,700,8.86,2.445485636841893
dynamic_constant,13,7,800,9.18,2.4015828113975166
dynamic_constant,13,8,900,9.27,2.3317589926919977
dynamic_constant,13,9,1000,8.98,1.9797979694908268
dynamic_constant,13,10,1100,9.14,1.7205812971202494
dynamic_constant,13,11,1200,9.4,1.777638883463118
dynamic_constant,13,12,1300,9.4,2.0346989949375804
dynamic_constant,13,13,1400,9.91,2.392049330595002
dynamic_constant,13,14,1500,10.28,2.3025203582161877
dynamic_constant,13,15,1600,10.56,2.0411761315476915
dynamic_constant,13,16,1700,10.61,2.167463955871008
dynamic_constant,13,17,1800,10.82,2.2732355795209616
dynamic_constant,13,18,1900,10.86,2.3022597594537415
dynamic_constant,13,19,2000,11.45,2.582150266735071
dynamic_constant,13,20,2100,12.14,2.441393044964288
dynamic_constant,13,21,2200,12.2,2.2494443758403984
dynamic_constant,13,22,2300,11.94,2.5092628399591783
dynamic_constant,13,23,2400,12.22,2.488292587297563
dynamic_constant,13,24,2500,12.35,2.772634126602354
dynamic_constant,13,25,2600,12.58,2.5502156771536004
dynamic_constant,13,26,2700,12.96,2.686708022841336
dynamic_constant,13,27,2800,12.73,2.4813504387732097
dynamic_constant,13,28,2900,12.64,2.6665333299998335
dynamic_constant,13,29,3000,12.71,2.550666579543473
dynamic_constant,13,30,3100,12.26,2.559765614270182
dynamic_constant,13,31,3200,12.37,2.492609074845071
dynamic_constant,13,32,3300,12.35,2.3806511714234824
dynamic_constant,13,33,3400,12.28,2.462031681355868
dynamic_constant,13,34,3500,12.71,2.3207541877587983
dynamic_constant,13,35,3600,12.82,2.714332330426766
dynamic_constant,13,36,3700,12.42,3.118268750444708
dynamic_constant,13,37,3800,12.22,2.56741114744016
dynamic_constant,13,38,3900,12.33,2.5101991952831155
dynamic_constant,13,39,4000,12.41,2.6042081330031976
dynamic_constant,13,40,4100,12.14,2.7350319925002706
dynamic_constant,13,41,4200,12.35,2.5194245374688244
dynamic_constant,13,42,4300,12.1,2.99833287011299
dynamic_constant,13,43,4400,11.81,2.398728830026437
dynamic_constant,13,44,4500,12.42,2.818439284426755
dynamic_constant,13,45,4600,12.05,3.0639027399707057
dynamic_constant,13,46,4700,11.89,2.5918912014203066
dynamic_constant,13,47,4800,12.4,2.477902338672773
dynamic_constant,13,48,4900,12.16,2.4767720928660353
dynamic_constant,13,49,5000,12.2,2.412467616362964
dynamic_constant,13,50,5100,12.17,2.727837971727793
dynamic_constant,14,0,100,21.0,0.0
dynamic_constant,14,1,200,20.81,5.643925938564396
dynamic_constant,14,2,300,15.28,6.615255097122106
dynamic_constant,14,3,400,10.55,4.126439142893059
dynamic_constant,14,4,500,10.32,2.7959971387682074
dynamic_constant,14,5,600,10.23,2.7707580190265624
dynamic_constant,14,6,700,10.45,2.281994741448805
dynamic_constant,14,7,800,10.8,2.6683328128252666
dynamic_constant,14,8,900,11.1,3.083828789021855
dynamic_constant,14,9,1000,10.71,3.22581772578675
dynamic_constant,14,10,1100,10.78,3.3632722161609223
dynamic_constant,14,11,1200,10.46,2.9066131493544165
dynamic_constant,14,12,1300,10.6,3.0983866769659336
dynamic_constant,14,13,1400,11.0,3.7868192457522976
dynamic_constant,14,14,1500,11.68,4.223458298598437
dynamic_constant,14,15,1600,12.21,5.297725927225756
dynamic_constant,14,16,1700,11.24,3.9245891504716774
dynamic_constant,14,17,1800,12.09,3.481651906782182
dynamic_constant,14,18,1900,12.51,3.2572841448053005
dynamic_constant,14,19,2000,12.27,4.232859553540608
dynamic_constant,14,20,2100,12.67,5.0100997994051975
dynamic_constant,14,21,2200,12.4,4.7812132351527685
dynamic_constant,14,22,2300,12.14,4.015021793216071
dynamic_constant,14,23,2400,11.7,4.1388404173149755
dynamic_constant,14,24,2500,11.77,3.2889359981611075
dynamic_constant,14,25,2600,11.34,3.64477708509039
dynamic_constant,14,26,2700,11.5,3.8353617821530213
dynamic_constant,14,27,2800,12.39,3.532407111305264
dynamic_constant,14,28,2900,12.51,3.4014555707814265
dynamic_constant,14,29,3000,11.92,4.2560075187903506
dynamic_constant,14,30,3100,11.66,4.528178441713622
dynamic_constant,14,31,3200,12.13,3.6596584540090626
dynamic_constant,14,32,3300,12.42,4.00794211535047
dynamic_constant,14,33,3400,12.46,4.1651410540340645
dynamic_constant,14,34,3500,12.31,3.503412622001582
dynamic_constant,14,35,3600,12.39,3.698364503398765
dynamic_constant,14,36,3700,12.12,4.311101947298394
dynamic_constant,14,37,3800,12.48,4.350816015415959
dynamic_constant,14,38,3900,11.91,4.4499325837589945
dynamic_constant,14,39,4000,12.33,3.498728340411699
dynamic_constant,14,40,4100,11.77,3.8153767834907213
dynamic_constant,14,41,4200,11.85,4.102133591193734
dynamic_constant,14,42,4300,12.24,4.145165859166554
dynamic_constant,14,43,4400,12.06,3.9033831479884213
dynamic_constant,14,44,4500,12.07,4.0773888703433725
dynamic_constant,14,45,4600,11.83,4.647698355100081
dynamic_constant,14,46,4700,11.35,3.8532453853861943
dynamic_constant,14,47,4800,11.49,4.107298382148538
dynamic_constant,14,48,4900,11.28,3.6223749115738975
dynamic_constant,14,49,5000,11.24,4.205044589537667
dynamic_constant,14,50,5100,11.66,3.63928564418898
dynamic_constant,15,0,100,21.0,0.0
dynamic_constant,15,1,200,20.69,4.417454017870474
dynamic_constant,15,2,300,17.53,6.086797187355596
dynamic_constant,15,3,400,13.51,5.764538142817688
dynamic_constant,15,4,500,11.07,4.430022573305919
dynamic_constant,15,5,600,10.17,3.4119056258929557
dynamic_constant,15,6,700,10.1,2.7982137159266443
dynamic_constant,15,7,800,10.33,2.7533797413360914
dynamic_constant,15,8,900,10.33,2.735159958759268
dynamic_constant,15,9,1000,11.67,3.7684346883022934
dynamic_constant,15,10,1100,11.47,3.293797200800316
dynamic_constant,15,11,1200,11.59,3.0695113617642793
dynamic_constant,15,12,1300,11.57,2.8363885488416423
dynamic_constant,15,13,1400,11.86,3.527095122051573
dynamic_constant,15,14,1500,11.31,3.2732094341792433
dynamic_constant,15,15,1600,11.47,3.293797200800316
dynamic_constant,15,16,1700,11.61,3.379038324730869
dynamic_constant,15,17,1800,11.63,3.4515358900060704
dynamic_constant,15,18,1900,11.86,3.04309053430883
dynamic_constant,15,19,2000,11.92,2.540393670280258
dynamic_constant,15,20,2100,12.21,3.1282423179798586
dynamic_constant,15,21,2200,12.41,3.3289487830244546
dynamic_constant,15,22,2300,12.51,3.713475461074167
dynamic_constant,15,23,2400,12.39,4.074052036977436
dynamic_constant,15,24,2500,12.29,3.3475214711783408
dynamic_constant,15,25,2600,12.41,3.1783486278254625
dynamic_constant,15,26,2700,12.5,3.3481338085566414
dynamic_constant,15,27,2800,12.29,3.296346462373153
dynamic_constant,15,28,2900,12.09,2.9226529044688148
dynamic_constant,15,29,3000,12.22,3.20493369666207
dynamic_constant,15,30,3100,12.27,3.446316874577844
dynamic_constant,15,31,3200,12.15,3.424543765233553
dynamic_constant,15,32,3300,12.42,3.5360429861640545
dynamic_constant,15,33,3400,11.99,3.1064288177906154
dynamic_constant,15,34,3500,12.32,3.1108841187032343
dynamic_constant,15,35,3600,12.24,2.9903845906505064
dynamic_constant,15,36,3700,12.5,3.028200785945344
dynamic_constant,15,37,3800,12.42,3.178616051051149
dynamic_constant,15,38,3900,11.69,3.2884494826589634
dynamic_constant,15,39,4000,11.45,2.9508473359359004
dynamic_constant,15,40,4100,11.6,2.8530685235374214
dynamic_constant,15,41,4200,11.8,2.8774989139876324
dynamic_constant,15,42,4300,11.87,2.270044052435987
dynamic_constant,15,43,4400,11.71,2.5151341912510357
dynamic_constant,15,44,4500,12.27,2.9558585893103886
dynamic_constant,15,45,4600,11.9,2.951270912674741
dynamic_constant,15,46,4700,11.88,2.8294169010592976
dynamic_constant,15,47,4800,11.9,2.9
dynamic_constant,15,48,4900,11.68,2.9184927616836744
dynamic_constant,15,49,5000,11.85,3.462296925452813
dynamic_constant,15,50,5100,11.93,3.277971933986013
dynamic_constant,16,0,100,21.0,0.0
dynamic_constant,16,1,200,20.85,5.904870870730368
dynamic_constant,16,2,300,16.66,6.358018559268288
dynamic_constant,16,3,400,11.64,5.722796519185353
dynamic_constant,16,4,500,8.93,3.5107121784618003
dynamic_constant,16,5,600,9.01,2.729450494147128
dynamic_constant,16,6,700,10.14,3.2680881261067602
dynamic_constant,16,7,800,10.11,3.279923779602203
dynamic_constant,16,8,900,10.77,3.298044875376925
dynamic_constant,16,9,1000,11.29,3.6174438489076786
dynamic_constant,16,10,1100,11.76,2.6762660555333433
dynamic_constant,16,11,1200,12.1,3.5594943461115376
dynamic_constant,16,12,1300,12.08,3.7031878159229246
dynamic_constant,16,13,1400,11.92,3.3516563069622753
dynamic_constant,16,14,1500,11.88,3.5278321955557925
dynamic_constant,16,15,1600,11.69,3.7648240330724625
dynamic_constant,16,16,1700,11.61,3.5830015350261855
dynamic_constant,16,17,1800,11.4,3.1968734726291563
dynamic_constant,16,18,1900,11.02,2.9630389805063313
dynamic_constant,16,19,2000,11.58,3.29599757281464
dynamic_constant,16,20,2100,12.06,3.627175209443293
dynamic_constant,16,21,2200,11.96,3.1493491391079522
dynamic_constant,16,22,2300,11.96,3.563481443756934
dynamic_constant,16,23,2400,12.32,3.8101968453086514
dynamic_constant,16,24,2500,12.26,3.348492197990015
dynamic_constant,16,25,2600,12.08,3.711280102606108
dynamic_constant,16,26,2700,12.21,3.3325515749947514
dynamic_constant,16,27,2800,12.13,3.6267202814664383
dynamic_constant,16,28,2900,12.76,4.1379221838985805
dynamic_constant,16,29,3000,12.66,3.8137121024010185
dynamic_constant,16,30,3100,12.06,4.223316232535755
dynamic_constant,16,31,3200,12.45,4.416729559300637
dynamic_constant,16,32,3300,12.17,3.7471455803050944
dynamic_constant,16,33,3400,11.66,3.8864379578220465
dynamic_constant,16,34,3500,11.93,3.603484424831055
dynamic_constant,16,35,3600,11.84,4.293530016198792
dynamic_constant,16,36,3700,11.55,3.614899721984
dynamic_constant,16,37,3800,11.07,3.9553887293159953
dynamic_constant,16,38,3900,11.11,3.752052771483898
dynamic_constant,16,39,4000,11.48,3.112812233334995
dynamic_constant,16,40,4100,11.75,3.564758056306206
dynamic_constant,16,41,4200,11.86,3.6277265608091245
dynamic_constant,16,42,4300,12.22,3.618231612265859
dynamic_constant,16,43,4400,12.22,3.2328934408668655
dynamic_constant,16,44,4500,12.35,3.7586566749305526
dynamic_constant,16,45,4600,12.47,3.650903997642228
dynamic_constant,16,46,4700,12.3,3.7563279941985894
dynamic_constant,16,47,4800,12.29,3.672315345936403
dynamic_constant,16,48,4900,12.11,3.552168351866223
dynamic_constant,16,49,5000,12.15,3.080178566252288
dynamic_constant,16,50,5100,12.31,4.001737122800547
dynamic_constant,17,0,100,21.0,0.0
dynamic_constant,17,1,200,20.85,5.874308469939249
dynamic_constant,17,2,300,16.52,6.603756506716462
dynamic_constant,17,3,400,12.64,5.210604571448499
dynamic_constant,17,4,500,10.73,3.783794391877022
dynamic_constant,17,5,600,11.15,3.70236410959268
dynamic_constant,17,6,700,10.65,3.1729323976410213
dynamic_constant,17,7,800,10.94,3.3965276386333145
dynamic_constant,17,8,900,10.65,3.329789783154486
dynamic_constant,17,9,1000,10.73,3.331231003698182
dynamic_constant,17,10,1100,10.96,2.935711157454016
dynamic_constant,17,11,1200,10.45,2.5627134057479
dynamic_constant,17,12,1300,10.7,2.7730849247724096
dynamic_constant,17,13,1400,10.6,2.6832815729997477
dynamic_constant,17,14,1500,11.11,2.5373017163908593
dynamic_constant,17,15,1600,10.77,2.310216440076557
dynamic_constant,17,16,1700,10.96,2.1490463001061655
dynamic_constant,17,17,1800,11.34,2.38
dynamic_constant,17,18,1900,11.51,2.70737880615181
dynamic_constant,17,19,2000,11.84,2.8555910071296973
dynamic_constant,17,20,2100,11.58,2.2723556059736776
dynamic_constant,17,21,2200,11.41,2.3668333274652023
dynamic_constant,17,22,2300,10.84,2.496878050686497
dynamic_constant,17,23,2400,11.33,2.2407811138083074
dynamic_constant,17,24,2500,12.04,2.976306435836203
dynamic_constant,17,25,2600,12.03,2.899844823434523
dynamic_constant,17,26,2700,11.71,2.4750555549320503
dynamic_constant,17,27,2800,11.72,2.2807016464237493
dynamic_constant,17,28,2900,11.86,2.5923734298900687
dynamic_constant,17,29,3000,11.67,2.4456287535110475
dynamic_constant,17,30,3100,11.62,2.4032478024540045
dynamic_constant,17,31,3200,11.75,2.2599778759979046
dynamic_constant,17,32,3300,11.75,2.6014419078657127
dynamic_constant,17,33,3400,11.61,2.0243270486756826
dynamic_constant,17,34,3500,12.09,2.0885162197119755
dynamic_constant,17,35,3600,12.4,2.5806975801127883
dynamic_constant,17,36,3700,12.47,2.282345285008384
dynamic_constant,17,37,3800,12.38,1.937937047481161
dynamic_constant,17,38,3900,12.12,1.9405153954555479
dynamic_constant,17,39,4000,12.03,1.9771444054494351
dynamic_constant,17,40,4100,12.36,2.0323385544736388
dynamic_constant,17,41,4200,12.38,2.2617692189964917
dynamic_constant,17,42,4300,12.56,2.2597344976788754
dynamic_constant,17,43,4400,12.2,2.262741699796952
dynamic_constant,17,44,4500,12.4,2.668332812825267
dynamic_constant,17,45,4600,12.5,2.3853720883753127
dynamic_constant,17,46,4700,12.8,2.7129319932501073
dynamic_constant,17,47,4800,12.95,2.5194245374688244
dynamic_constant,17,48,4900,13.39,2.778110868917942
dynamic_constant,17,49,5000,13.28,2.649830183238164
dynamic_constant,17,50,5100,13.63,2.5832344067079935
dynamic_constant,18,0,100,21.0,0.0
dynamic_constant,18,1,200,20.29,5.570089765883491
dynamic_constant,18,2,300,15.61,5.676081394765229
dynamic_constant,18,3,400,12.65,4.7547344825973195
dynamic_constant,18,4,500,11.49,4.092664168973554
dynamic_constant,18,5,600,11.58,3.8889073015437123
dynamic_constant,18,6,700,11.22,2.9852303093731307
dynamic_constant,18,7,800,11.06,3.0292573347274407
dynamic_constant,18,8,900,10.84,2.9145153971114994
dynamic_constant,18,9,1000,10.44,2.8890136725187023
dynamic_constant,18,10,1100,10.69,3.167633185834496
dynamic_constant,18,11,1200,10.74,2.7699097458220545
dynamic_constant,18,12,1300,10.56,2.728809264129686
dynamic_constant,18,13,1400,10.78,2.647942597565136
dynamic_constant,18,14,1500,10.88,2.93011945148999
dynamic_constant,18,15,1600,10.53,2.123464150862924
dynamic_constant,18,16,1700,10.68,2.3532105728132366
dynamic_constant,18,17,1800,10.55,2.2466641938660974
dynamic_constant,18,18,1900,10.99,2.3769518295497707
dynamic_constant,18,19,2000,12.02,2.634312054408133
dynamic_constant,18,20,2100,12.11,2.501579501035296
dynamic_constant,18,21,2200,12.28,2.884718357136447
dynamic_constant,18,22,2300,12.52,2.617174048472894
dynamic_constant,18,23,2400,12.71,2.259623862504554
dynamic_constant,18,24,2500,12.74,2.516426037061292
dynamic_constant,18,25,2600,12.74,2.851736313195875
dynamic_constant,18,26,2700,12.23,2.5173597279689686
dynamic_constant,18,27,2800,12.34,3.0173498305632376
dynamic_constant,18,28,2900,12.28,2.6498301832381634
dynamic_constant,18,29,3000,12.12,2.3206895526976457
dynamic_constant,18,30,3100,12.06,2.3013908837917993
dynamic_constant,18,31,3200,12.19,2.2167318286161724
dynamic_constant,18,32,3300,12.28,2.6346916328101853
dynamic_constant,18,33,3400,12.54,2.769187606501228
dynamic_constant,18,34,3500,12.38,1.8372805991464667
dynamic_constant,18,35,3600,12.51,2.447427220572657
dynamic_constant,18,36,3700,12.65,2.654712790491657
dynamic_constant,18,37,3800,12.82,2.6772373820787725
dynamic_constant,18,38,3900,12.86,2.6721526902480703
dynamic_constant,18,39,4000,12.61,2.9728605752708956
dynamic_constant,18,40,4100,12.58,3.0172172609873487
dynamic_constant,18,41,4200,12.59,2.6536578528514183
dynamic_constant,18,42,4300,12.79,2.95057621491125
dynamic_constant,18,43,4400,13.12,2.562342678097526
dynamic_constant,18,44,4500,12.77,2.545014734731412
dynamic_constant,18,45,4600,12.68,2.6753691334094443
dynamic_constant,18,46,4700,12.85,2.624404694402142
dynamic_constant,18,47,4800,12.65,2.5860201081971503
dynamic_constant,18,48,4900,12.53,2.467610179910919
dynamic_constant,18,49,5000,12.49,2.04692452230169
dynamic_constant,18,50,5100,13.03,2.6208967930843823
dynamic_constant,19,0,100,21.0,0.0
dynamic_constant,19,1,200,20.53,4.680715757232007
dynamic_constant,19,2,300,16.79,5.472284714815193
dynamic_constant,19,3,400,13.28,4.994156585450641
dynamic_constant,19,4,500,11.95,4.493050188902857
dynamic_constant,19,5,600,11.62,3.5178970991204386
dynamic_constant,19,6,700,11.67,3.6798233653261136
dynamic_constant,19,7,800,12.26,2.740875772449383
dynamic_constant,19,8,900,12.62,2.824110479425336
dynamic_constant,19,9,1000,12.45,3.3952172242729923
dynamic_constant,19,10,1100,12.27,3.1364151510920872
dynamic_constant,19,11,1200,12.07,2.8679435140881004
dynamic_constant,19,12,1300,12.24,2.8813885541523203
dynamic_constant,19,13,1400,12.46,2.8157414654048054
dynamic_constant,19,14,1500,12.98,3.4466795615490575
dynamic_constant,19,15,1600,12.82,3.26
dynamic_constant,19,16,1700,12.46,3.4217539362145843
dynamic_constant,19,17,1800,12.8,2.863564212655271
dynamic_constant,19,18,1900,13.55,3.2260657153877075
dynamic_constant,19,19,2000,12.98,3.072393204002379
dynamic_constant,19,20,2100,12.79,2.577964313174254
dynamic_constant,19,21,2200,12.96,2.828144267890165
dynamic_constant,19,22,2300,12.9,3.5142566781611158
dynamic_constant,19,23,2400,12.45,3.67525509318741
dynamic_constant,19,24,2500,12.63,3.7353848529970777
dynamic_constant,19,25,2600,13.09,3.957511844581138
dynamic_constant,19,26,2700,12.61,3.325342087665568
dynamic_constant,19,27,2800,12.4,3.580502757993631
dynamic_constant,19,28,2900,11.63,2.830741952209703
dynamic_constant,19,29,3000,11.53,3.1287537455031513
dynamic_constant,19,30,3100,11.17,3.0953351999420025
dynamic_constant,19,31,3200,10.91,2.362604495043552
dynamic_constant,19,32,3300,11.24,2.2096153511414607
dynamic_constant,19,33,3400,11.38,2.8836782067352797
dynamic_constant,19,34,3500,10.9,2.4228082879171433
dynamic_constant,19,35,3600,10.65,2.7179955849853767
dynamic_constant,19,36,3700,10.73,2.5450147347314123
dynamic_constant,19,37,3800,10.82,2.2688322987827902
dynamic_constant,19,38,3900,11.11,2.3617578199298928
dynamic_constant,19,39,4000,11.63,2.4724684022247887
dynamic_constant,19,40,4100,11.72,2.0979990467109366
dynamic_constant,19,41,4200,11.6,2.2538855339169293
dynamic_constant,19,42,4300,11.53,1.920702996301094
dynamic_constant,19,43,4400,11.61,2.199522675491208
dynamic_constant,19,44,4500,11.69,2.1757527433051767
dynamic_constant,19,45,4600,11.47,2.507807807628009
dynamic_constant,19,46,4700,11.01,2.338781734151351
dynamic_constant,19,47,4800,11.03,2.3598940654190392
dynamic_constant,19,48,4900,11.08,1.921874085365636
dynamic_constant,19,49,5000,11.37,2.028077907773762
dynamic_constant,19,50,5100,11.45,2.219797288042311
dynamic_exponential,0,0,100,21.0,0.0
dynamic_exponential,0,1,200,20.32,5.799793099757955
dynamic_exponential,0,2,300,15.63,6.885717101362792
dynamic_exponential,0,3,400,10.85,4.831925082200676
dynamic_exponential,0,4,500,9.0,2.493992782667985
dynamic_exponential,0,5,600,8.97,1.956808626309686
dynamic_exponential,0,6,700,9.59,2.2004317758112837
dynamic_exponential,0,7,800,10.1,2.3388031127052997
dynamic_exponential,0,8,900,10.21,2.219436865513412
dynamic_exponential,0,9,1000,10.19,2.1849256280248994
dynamic_exponential,0,10,1100,10.24,2.3795797948377357
dynamic_exponential,0,11,1200,10.42,2.285519634568909
dynamic_exponential,0,12,1300,10.3,2.193171219946131
dynamic_exponential,0,13,1400,10.95,2.558808316384797
dynamic_exponential,0,14,1500,11.56,2.53108672312902
dynamic_exponential,0,15,1600,11.75,2.215287791687572
dynamic_exponential,0,16,1700,11.93,2.51497514898259
dynamic_exponential,0,17,1800,11.95,2.3254031908466968
dynamic_exponential,0,18,1900,12.08,2.766514052015641
dynamic_exponential,0,19,2000,12.22,2.8269418105083095
dynamic_exponential,0,20,2100,12.55,2.7179955849853767
dynamic_exponential,0,21,2200,11.88,2.562342678097526
dynamic_exponential,0,22,2300,12.09,2.3920493305950026
dynamic_exponential,0,23,2400,12.04,2.2756098083810414
dynamic_exponential,0,24,2500,12.0,2.6720778431774774
dynamic_exponential,0,25,2600,12.3,2.6438608132804573
dynamic_exponential,0,26,2700,11.95,2.511473670974872
dynamic_exponential,0,27,2800,11.51,2.6134077370360713
dynamic_exponential,0,28,2900,11.72,2.4003333101884
dynamic_exponential,0,29,3000,11.84,2.8061361335473376
dynamic_exponential,0,30,3100,12.33,2.569260594023113
dynamic_exponential,0,31,3200,12.34,3.0437476899375215
dynamic_exponential,0,32,3300,12.29,2.392885287680962
dynamic_exponential,0,33,3400,12.35,2.46322958735072
dynamic_exponential,0,34,3500,12.28,2.7352513595646015
dynamic_exponential,0,35,3600,12.34,2.20099977283052
dynamic_exponential,0,36,3700,11.93,2.4423554204906375
dynamic_exponential,0,37,3800,11.71,2.1367966679120407
dynamic_exponential,0,38,3900,11.84,1.8205493676360442
dynamic_exponential,0,39,4000,11.8,1.9748417658131499
dynamic_exponential,0,40,4100,11.69,2.0576442841268747
dynamic_exponential,0,41,4200,11.59,1.649818171799547
dynamic_exponential,0,42,4300,11.56,1.8128430709799457
dynamic_exponential,0,43,4400,11.67,2.4250979361667024
dynamic_exponential,0,44,4500,11.39,2.231120794578366
dynamic_exponential,0,45,4600,11.43,2.19661102610362
dynamic_exponential,0,46,4700,11.58,1.990879202764447
dynamic_exponential,0,47,4800,11.72,1.5432433379088342
dynamic_exponential,0,48,4900,11.67,1.9081666593880104
dynamic_exponential,0,49,5000,11.41,1.4006784070585225
dynamic_exponential,0,50,5100,11.27,1.4618823482072696
dynamic_exponential,1,0,100,21.0,0.0
dynamic_exponential,1,1,200,19.95,5.757386559889825
dynamic_exponential,1,2,300,15.46,5.615015583237503
dynamic_exponential,1,3,400,11.77,5.128069812317301
dynamic_exponential,1,4,500,10.37,4.124693928038782
dynamic_exponential,1,5,600,10.8,3.518522417151836
dynamic_exponential,1,6,700,10.5,3.64828726939094
dynamic_exponential,1,7,800,10.4,3.5721142198983498
dynamic_exponential,1,8,900,10.41,3.501699587343266
dynamic_exponential,1,9,1000,10.36,3.083893642783421
dynamic_exponential,1,10,1100,10.74,3.22062105811907
dynamic_exponential,1,11,1200,10.44,3.1315172041679733
dynamic_exponential,1,12,1300,10.41,2.7680137282896555
dynamic_exponential,1,13,1400,10.73,2.756283729952343
dynamic_exponential,1,14,1500,10.94,2.8733952042836015
dynamic_exponential,1,15,1600,11.0,2.701851217221259
dynamic_exponential,1,16,1700,10.8,3.0919249667480613
dynamic_exponential,1,17,1800,12.02,3.075646273549675
dynamic_exponential,1,18,1900,12.05,3.323777970924051
dynamic_exponential,1,19,2000,11.9,3.293933818400121
dynamic_exponential,1,20,2100,11.96,3.695727262664278
dynamic_exponential,1,21,2200,11.39,2.8597027817589713
dynamic_exponential,1,22,2300,11.74,3.0384864653310535
dynamic_exponential,1,23,2400,11.52,2.751290606242823
dynamic_exponential,1,24,2500,11.38,2.614498039777426
dynamic_exponential,1,25,2600,11.92,2.8867975336001654
dynamic_exponential,1,26,2700,12.07,2.4990198078446677
dynamic_exponential,1,27,2800,12.0,3.3466401061363023
dynamic_exponential,1,28,2900,12.03,3.07719027685972
dynamic_exponential,1,29,3000,12.16,3.2364177727852135
dynamic_exponential,1,30,3100,12.36,3.4886100383963816
dynamic_exponential,1,31,3200,12.29,2.7723455773045322
dynamic_exponential,1,32,3300,12.34,2.874786948627672
dynamic_exponential,1,33,3400,12.06,2.959121491253781
dynamic_exponential,1,34,3500,12.37,2.992173123333608
dynamic_exponential,1,35,3600,12.48,3.612423009560204
dynamic_exponential,1,36,3700,12.77,3.276751440069875
dynamic_exponential,1,37,3800,12.73,2.9320811721369515
dynamic_exponential,1,38,3900,12.95,3.0376800358168077
dynamic_exponential,1,39,4000,12.94,3.88025772339931
dynamic_exponential,1,40,4100,13.09,3.280533493198934
dynamic_exponential,1,41,4200,13.09,3.0400493417048344
dynamic_exponential,1,42,4300,13.03,3.573387748341901
dynamic_exponential,1,43,4400,12.65,3.5731638641405743
dynamic_exponential,1,44,4500,12.47,2.9136060131733665
dynamic_exponential,1,45,4600,12.8,3.111269837220809
dynamic_exponential,1,46,4700,12.93,3.1120893303374184
dynamic_exponential,1,47,4800,12.98,3.0528019916136064
dynamic_exponential,1,48,4900,13.17,3.1907836028160856
dynamic_exponential,1,49,5000,13.2,3.6606010435446255
dynamic_exponential,1,50,5100,13.01,4.533199752933903
dynamic_exponential,2,0,100,21.0,0.0
dynamic_exponential,2,1,200,19.69,5.390166973294983
dynamic_exponential,2,2,300,14.4,5.62316636780382
dynamic_exponential,2,3,400,10.92,3.9539347490822356
dynamic_exponential,2,4,500,9.91,3.5611655395389863
dynamic_exponential,2,5,600,9.68,3.04591529757477
dynamic_exponential,2,6,700,9.77,3.3131706868195003
dynamic_exponential,2,7,800,9.24,2.585033848907979
dynamic_exponential,2,8,900,9.62,2.208076085645601
dynamic_exponential,2,9,1000,9.84,2.7521627858831317
dynamic_exponential,2,10,1100,10.38,2.7848877894809334
dynamic_exponential,2,11,1200,10.13,2.594821766518849
dynamic_exponential,2,12,1300,10.26,2.787902437317346
dynamic_exponential,2,13,1400,10.91,3.4324772395458067
dynamic_exponential,2,14,1500,11.02,3.295390720385065
dynamic_exponential,2,15,1600,11.25,3.15079355083763
dynamic_exponential,2,16,1700,10.35,2.80490641555115
dynamic_exponential,2,17,1800,10.8,3.2124756808418025
dynamic_exponential,2,18,1900,10.59,3.2835803629574833
dynamic_exponential,2,19,2000,10.51,2.7694584308127825
dynamic_exponential,2,20,2100,10.66,2.9264996155817276
dynamic_exponential,2,21,2200,10.77,2.741733028578822
dynamic_exponential,2,22,2300,10.68,2.4854778212649573
dynamic_exponential,2,23,2400,10.84,2.6027677575995907
dynamic_exponential,2,24,2500,10.95,2.5627134057479
dynamic_exponential,2,25,2600,10.84,2.265921446122967
dynamic_exponential,2,26,2700,10.76,2.7753198013922646
dynamic_exponential,2,27,2800,10.43,2.4217968535779377
dynamic_exponential,2,28,2900,10.76,3.0003999733368882
dynamic_exponential,2,29,3000,11.28,2.9566196914720027
dynamic_exponential,2,30,3100,11.43,2.5971330347134702
dynamic_exponential,2,31,3200,11.35,2.376446927663229
dynamic_exponential,2,32,3300,11.17,2.6797574517108824
dynamic_exponential,2,33,3400,11.01,2.3685227463547824
dynamic_exponential,2,34,3500,11.38,2.59530345046586
dynamic_exponential,2,35,3600,11.62,2.6144980397774256
dynamic_exponential,2,36,3700,11.61,2.734574921262901
dynamic_exponential,2,37,3800,11.4,2.0199009876724157
dynamic_exponential,2,38,3900,11.8,2.4413111231467406
dynamic_exponential,2,39,4000,11.69,2.606511078050504
dynamic_exponential,2,40,4100,11.66,2.228093355315257
dynamic_exponential,2,41,4200,12.22,2.579069599681249
dynamic_exponential,2,42,4300,12.42,2.421487146362747
dynamic_exponential,2,43,4400,12.09,2.2938831705211142
dynamic_exponential,2,44,4500,11.95,3.027787971440537
dynamic_exponential,2,45,4600,12.1,2.6962937525425525
dynamic_exponential,2,46,4700,12.09,2.5771883904751705
dynamic_exponential,2,47,4800,12.16,2.8132543432828823
dynamic_exponential,2,48,4900,12.59,2.514338879308038
dynamic_exponential,2,49,5000,12.53,1.9310877763581853
dynamic_exponential,2,50,5100,12.64,2.2068982758613953
dynamic_exponential,3,0,100,21.0,0.0
dynamic_exponential,3,1,200,20.45,5.769532043415652
dynamic_exponential,3,2,300,14.27,6.003090870543274
dynamic_exponential,3,3,400,11.05,3.539420856580918
dynamic_exponential,3,4,500,10.22,3.389926252885157
dynamic_exponential,3,5,600,10.89,3.5182239837736313
dynamic_exponential,3,6,700,10.97,3.645421786295792
dynamic_exponential,3,7,800,10.78,3.686678722102049
dynamic_exponential,3,8,900,11.31,3.6295867533370796
dynamic_exponential,3,9,1000,11.63,3.9386672872940154
dynamic_exponential,3,10,1100,11.62,3.4634664716148182
dynamic_exponential,3,11,1200,11.22,3.0251611527321973
dynamic_exponential,3,12,1300,11.04,2.7782008566696543
dynamic_exponential,3,13,1400,11.37,3.3989851426565547
dynamic_exponential,3,14,1500,11.57,3.779563466856986
dynamic_exponential,3,15,1600,11.98,2.999933332592576
dynamic_exponential,3,16,1700,12.01,3.2046684695924474
dynamic_exponential,3,17,1800,12.62,3.5036552341804406
dynamic_exponential,3,18,1900,12.7,3.9408120990476063
dynamic_exponential,3,19,2000,12.77,3.7117516080686213
dynamic_exponential,3,20,2100,13.19,3.6130181289332053
dynamic_exponential,3,21,2200,12.69,3.4167089428278783
dynamic_exponential,3,22,2300,12.57,3.1440578875077985
dynamic_exponential,3,23,2400,12.65,3.4709508783617204
dynamic_exponential,3,24,2500,12.68,3.4839058540666685
dynamic_exponential,3,25,2600,12.51,3.427812713670337
dynamic_exponential,3,26,2700,13.05,4.224630161327734
dynamic_exponential,3,27,2800,13.07,4.028039225231056
dynamic_exponential,3,28,2900,12.98,3.10798970397265
dynamic_exponential,3,29,3000,12.77,3.68471165764704
dynamic_exponential,3,30,3100,13.28,4.10628786131708
dynamic_exponential,3,31,3200,12.96,4.185498775534405
dynamic_exponential,3,32,3300,12.73,3.92646151133562
dynamic_exponential,3,33,3400,12.23,3.5379513846292463
dynamic_exponential,3,34,3500,12.43,3.3384277736683172
dynamic_exponential,3,35,3600,12.6,3.0983866769659336
dynamic_exponential,3,36,3700,12.81,3.732813951967068
dynamic_exponential,3,37,3800,12.52,3.689119136054025
dynamic_exponential,3,38,3900,12.59,3.9575118445811377
dynamic_exponential,3,39,4000,12.88,3.3949374073758714
dynamic_exponential,3,40,4100,13.11,3.799723674163688
dynamic_exponential,3,41,4200,12.91,3.977675200415439
dynamic_exponential,3,42,4300,12.53,3.8612303738575355
dynamic_exponential,3,43,4400,12.64,3.217203754815663
dynamic_exponential,3,44,4500,12.74,3.035193568786017
dynamic_exponential,3,45,4600,12.61,3.246213178458864
dynamic_exponential,3,46,4700,12.65,3.4303789878087816
dynamic_exponential,3,47,4800,12.24,3.628002205070995
dynamic_exponential,3,48,4900,12.23,2.9456917693472278
dynamic_exponential,3,49,5000,12.2,3.168595903550972
dynamic_exponential,3,50,5100,11.67,2.727837971727793
dynamic_exponential,4,0,100,21.0,0.0
dynamic_exponential,4,1,200,19.74,5.778615751198552
dynamic_exponential,4,2,300,15.26,5.9558710530030785
dynamic_exponential,4,3,400,11.78,4.6574241808106756
dynamic_exponential,4,4,500,11.16,3.63240966852584
dynamic_exponential,4,5,600,11.39,3.9265633829087743
dynamic_exponential,4,6,700,11.43,4.123724045083521
dynamic_exponential,4,7,800,11.41,3.3078542894148164
dynamic_exponential,4,8,900,11.1,3.2264531609803355
dynamic_exponential,4,9,1000,11.51,3.3600446425605717
dynamic_exponential,4,10,1100,11.66,4.622163995359749
dynamic_exponential,4,11,1200,11.64,3.6235893807107895
dynamic_exponential,4,12,1300,12.12,4.318055117758457
dynamic_exponential,4,13,1400,12.84,4.122426469932484
dynamic_exponential,4,14,1500,12.53,4.0458744419470065
dynamic_exponential,4,15,1600,11.95,3.9226904032819103
dynamic_exponential,4,16,1700,11.67,4.030024813819389
dynamic_exponential,4,17,1800,12.03,4.596640077273833
dynamic_exponential,4,18,1900,11.88,3.5164755082326398
dynamic_exponential,4,19,2000,11.98,3.8703488214888333
dynamic_exponential,4,20,2100,12.23,3.529461715332807
dynamic_exponential,4,21,2200,12.34,3.771524890544937
dynamic_exponential,4,22,2300,12.7,3.306055050963308
dynamic_exponential,4,23,2400,12.44,2.793993557616051
dynamic_exponential,4,24,2500,11.95,2.8578838324886475
dynamic_exponential,4,25,2600,12.13,3.1643482741316578
dynamic_exponential,4,26,2700,12.48,3.182703253525217
dynamic_exponential,4,27,2800,12.61,3.1460928149054976
dynamic_exponential,4,28,2900,12.82,3.5563464398171334
dynamic_exponential,4,29,3000,12.74,3.4135611903113734
dynamic_exponential,4,30,3100,12.82,3.4303935634267972
dynamic_exponential,4,31,3200,13.08,3.45160832076874
dynamic_exponential,4,32,3300,13.02,3.44087198250676
dynamic_exponential,4,33,3400,13.46,3.637086746284724
dynamic_exponential,4,34,3500,13.32,3.663004231501787
dynamic_exponential,4,35,3600,13.11,4.042016823319765
dynamic_exponential,4,36,3700,12.98,3.1968109108922915
dynamic_exponential,4,37,3800,13.68,3.641098735272088
dynamic_exponential,4,38,3900,13.54,3.5054814220018344
dynamic_exponential,4,39,4000,13.17,3.5385166383669864
dynamic_exponential,4,40,4100,13.16,3.6543672502910822
dynamic_exponential,4,41,4200,12.92,3.5232939133714067
dynamic_exponential,4,42,4300,12.63,3.9841059222867052
dynamic_exponential,4,43,4400,12.17,2.7424623971897955
dynamic_exponential,4,44,4500,12.23,3.4083867151483855
dynamic_exponential,4,45,4600,12.1,3.1
dynamic_exponential,4,46,4700,11.89,2.945827557750114
dynamic_exponential,4,47,4800,11.77,2.7959077237991963
dynamic_exponential,4,48,4900,11.76,3.2345633399270444
dynamic_exponential,4,49,5000,11.64,3.287917273898478
dynamic_exponential,4,50,5100,11.36,3.1385346899468867
dynamic_exponential,5,0,100,21.0,0.0
dynamic_exponential,5,1,200,19.96,5.1882945174691075
dynamic_exponential,5,2,300,16.17,5.912791219043675
dynamic_exponential,5,3,400,11.63,4.495898130518529
dynamic_exponential,5,4,500,9.61,3.2121488134891885
dynamic_exponential,5,5,600,9.32,2.271035006335217
dynamic_exponential,5,6,700,9.72,2.596459127350169
dynamic_exponential,5,7,800,9.63,1.8582518666746983
dynamic_exponential,5,8,900,9.38,1.713359273474189
dynamic_exponential,5,9,1000,9.47,2.109288979727529
dynamic_exponential,5,10,1100,9.24,1.839130229211624
dynamic_exponential,5,11,1200,9.36,1.8139459749397167
dynamic_exponential,5,12,1300,9.51,2.007461083059894
dynamic_exponential,5,13,1400,9.9,2.4799193535274493
dynamic_exponential,5,14,1500,10.0,2.1118712081942874
dynamic_exponential,5,15,1600,10.51,2.5631816166631656
dynamic_exponential,5,16,1700,10.84,2.68968399630886
dynamic_exponential,5,17,1800,10.89,2.6111108747044804
dynamic_exponential,5,18,1900,10.78,2.3305793271201907
dynamic_exponential,5,19,2000,11.27,2.777966882451985
dynamic_exponential,5,20,2100,11.21,2.5584956517453765
dynamic_exponential,5,21,2200,11.06,2.704884470730682
dynamic_exponential,5,22,2300,10.85,2.4550967394381833
dynamic_exponential,5,23,2400,11.11,2.2622776133799314
dynamic_exponential,5,24,2500,10.79,2.6881034206294965
dynamic_exponential,5,25,2600,11.31,2.617995416344345
dynamic_exponential,5,26,2700,11.83,2.679757451710882
dynamic_exponential,5,27,2800,11.66,2.8538395189638814
dynamic_exponential,5,28,2900,11.32,2.911631844859511
dynamic_exponential,5,29,3000,11.33,2.9259357477566046
dynamic_exponential,5,30,3100,12.08,3.635051581477215
dynamic_exponential,5,31,3200,11.9,2.7367864366808017
dynamic_exponential,5,32,3300,11.56,2.5112546664964106
dynamic_exponential,5,33,3400,11.54,1.936078510804766
dynamic_exponential,5,34,3500,11.95,2.4181604578687494
dynamic_exponential,5,35,3600,11.84,2.2481992794234236
dynamic_exponential,5,36,3700,11.73,2.6338375044789686
dynamic_exponential,5,37,3800,11.3,2.703701166919155
dynamic_exponential,5,38,3900,11.84,2.7702707448911923
dynamic_exponential,5,39,4000,11.8,2.767670500619609
dynamic_exponential,5,40,4100,11.78,2.2697136383253285
dynamic_exponential,5,41,4200,11.77,2.7013144948339503
dynamic_exponential,5,42,4300,12.05,2.475378758897313
dynamic_exponential,5,43,4400,12.7,2.794637722496424
dynamic_exponential,5,44,4500,12.76,2.929573347776089
dynamic_exponential,5,45,4600,12.39,2.749163509142372
dynamic_exponential,5,46,4700,12.25,2.977834783865619
dynamic_exponential,5,47,4800,12.27,2.827914425862282
dynamic_exponential,5,48,4900,12.59,2.891695004664219
dynamic_exponential,5,49,5000,12.36,2.7185290140073914
dynamic_exponential,5,50,5100,12.71,2.940391130445064
dynamic_exponential,6,0,100,21.0,0.0
dynamic_exponential,6,1,200,19.53,6.086797187355596
dynamic_exponential,6,2,300,14.61,5.381254500578838
dynamic_exponential,6,3,400,10.44,4.028200590834573
dynamic_exponential,6,4,500,9.53,2.681249708624693
dynamic_exponential,6,5,600,9.14,2.5495882020436165
dynamic_exponential,6,6,700,9.59,2.8358243951274558
dynamic_exponential,6,7,800,10.09,2.646110352952046
dynamic_exponential,6,8,900,10.44,2.4013329631685814
dynamic_exponential,6,9,1000,10.65,2.4428467000612213
dynamic_exponential,6,10,1100,11.36,3.0249628096887404
dynamic_exponential,6,11,1200,11.64,2.780359688961124
dynamic_exponential,6,12,1300,11.64,2.744157429886266
dynamic_exponential,6,13,1400,11.95,2.7834331319433563
dynamic_exponential,6,14,1500,11.9,2.8896366553599777
dynamic_exponential,6,15,1600,12.44,3.0637232250972017
dynamic_exponential,6,16,1700,11.85,2.9236107812087435
dynamic_exponential,6,17,1800,11.42,2.5736355608360713
dynamic_exponential,6,18,1900,11.34,3.206929996117782
dynamic_exponential,6,19,2000,11.43,2.5465859498552175
dynamic_exponential,6,20,2100,11.4,2.60768096208106
dynamic_exponential,6,21,2200,11.08,2.640757467091592
dynamic_exponential,6,22,2300,10.88,2.695477694213032
dynamic_exponential,6,23,2400,11.1,2.9444863728670914
dynamic_exponential,6,24,2500,10.74,2.500479953928845
dynamic_exponential,6,25,2600,11.09,2.702202805120297
dynamic_exponential,6,26,2700,11.81,2.9956468416687576
dynamic_exponential,6,27,2800,11.58,2.7538336914200174
dynamic_exponential,6,28,2900,12.07,2.850456103854259
dynamic_exponential,6,29,3000,12.58,3.0139011264472493
dynamic_exponential,6,30,3100,12.59,2.793188142606939
dynamic_exponential,6,31,3200,12.4,2.9966648127543394
dynamic_exponential,6,32,3300,12.5,2.9748949561287032
dynamic_exponential,6,33,3400,12.98,2.7784168153824584
dynamic_exponential,6,34,3500,13.27,3.352178396207457
dynamic_exponential,6,35,3600,13.39,2.7817081083391906
dynamic_exponential,6,36,3700,13.24,2.6043041297052842
dynamic_exponential,6,37,3800,13.03,2.188401242916847
dynamic_exponential,6,38,3900,12.85,2.5743931323712004
dynamic_exponential,6,39,4000,12.91,2.9701683453972776
dynamic_exponential,6,40,4100,12.76,2.5421250952697036
dynamic_exponential,6,41,4200,12.48,2.422725737676471
dynamic_exponential,6,42,4300,12.72,2.702147294282826
dynamic_exponential,6,43,4400,12.55,2.15580611373101
dynamic_exponential,6,44,4500,12.66,2.2987822863420537
dynamic_exponential,6,45,4600,13.05,3.021175268004159
dynamic_exponential,6,46,4700,12.59,2.8145870034518388
dynamic_exponential,6,47,4800,12.74,2.805779749018087
dynamic_exponential,6,48,4900,12.44,2.4832237112270006
dynamic_exponential,6,49,5000,12.6,2.553429066960741
dynamic_exponential,6,50,5100,12.94,2.8524375540929903
dynamic_exponential,7,0,100,21.0,0.0
dynamic_exponential,7,1,200,19.73,4.256418682413655
dynamic_exponential,7,2,300,15.54,5.616796239850614
dynamic_exponential,7,3,400,11.08,4.201618735677953
dynamic_exponential,7,4,500,8.96,3.2555183919001287
dynamic_exponential,7,5,600,8.6,2.894822965226026
dynamic_exponential,7,6,700,9.09,2.5965168976919832
dynamic_exponential,7,7,800,9.15,2.6129485260907837
dynamic_exponential,7,8,900,9.65,2.635811070619441
dynamic_exponential,7,9,1000,9.88,2.902688409044278
dynamic_exponential,7,10,1100,10.51,3.0248801629155495
dynamic_exponential,7,11,1200,10.28,2.7461973709112755
dynamic_exponential,7,12,1300,10.44,2.739781013146853
dynamic_exponential,7,13,1400,10.33,2.5022190151943136
dynamic_exponential,7,14,1500,10.17,2.1121316246863024
dynamic_exponential,7,15,1600,10.12,2.237319825147938
dynamic_exponential,7,16,1700,9.97,2.2246572769754893
dynamic_exponential,7,17,1800,10.57,2.800910566226633
dynamic_exponential,7,18,1900,10.82,2.491505568928153
dynamic_exponential,7,19,2000,10.8,2.986636904613616
dynamic_exponential,7,20,2100,10.67,2.510199195283115
dynamic_exponential,7,21,2200,10.69,2.398728830026437
dynamic_exponential,7,22,2300,11.25,2.6396022427631025
dynamic_exponential,7,23,2400,11.73,2.8700348429940705
dynamic_exponential,7,24,2500,11.99,2.5709725786168938
dynamic_exponential,7,25,2600,11.82,2.491505568928153
dynamic_exponential,7,26,2700,12.06,2.8242521133921454
dynamic_exponential,7,27,2800,12.33,3.0758901150723834
dynamic_exponential,7,28,2900,12.58,3.3561287222036045
dynamic_exponential,7,29,3000,12.97,3.664573645050676
dynamic_exponential,7,30,3100,12.96,3.405642376997327
dynamic_exponential,7,31,3200,13.0,3.8600518131237567
dynamic_exponential,7,32,3300,12.62,3.3099244704373536
dynamic_exponential,7,33,3400,12.68,3.9290711370500793
dynamic_exponential,7,34,3500,12.78,3.3721803036018105
dynamic_exponential,7,35,3600,12.86,3.181257612957492
dynamic_exponential,7,36,3700,13.04,2.945912422323515
dynamic_exponential,7,37,3800,12.86,2.969915823722955
dynamic_exponential,7,38,3900,12.73,2.7013144948339503
dynamic_exponential,7,39,4000,12.41,2.3668333274652023
dynamic_exponential,7,40,4100,12.48,2.2202702538204666
dynamic_exponential,7,41,4200,12.78,2.8725598340156466
dynamic_exponential,7,42,4300,12.84,2.4686838598735155
dynamic_exponential,7,43,4400,12.66,2.627622499523095
dynamic_exponential,7,44,4500,12.35,2.7399817517640517
dynamic_exponential,7,45,4600,12.27,3.1108037546589147
dynamic_exponential,7,46,4700,12.59,3.2313928885234615
dynamic_exponential,7,47,4800,12.7,3.1921779399024737
dynamic_exponential,7,48,4900,13.21,3.1946674318307373
dynamic_exponential,7,49,5000,13.25,3.4449238017697867
dynamic_exponential,7,50,5100,13.3,3.38673884437522
dynamic_exponential,8,0,100,21.0,0.0
dynamic_exponential,8,1,200,19.97,5.708686363779324
dynamic_exponential,8,2,300,16.05,5.795472370739075
dynamic_exponential,8,3,400,12.12,4.432335727356402
dynamic_exponential,8,4,500,11.04,3.6876008460786536
dynamic_exponential,8,5,600,11.42,3.0795454209996644
dynamic_exponential,8,6,700,11.06,3.186910729844813
dynamic_exponential,8,7,800,11.69,3.7059276841298456
dynamic_exponential,8,8,900,11.31,2.7917557199726484
dynamic_exponential,8,9,1000,11.81,2.711807515293075
dynamic_exponential,8,10,1100,11.4,3.159113799786263
dynamic_exponential,8,11,1200,11.1,2.903446228191595
dynamic_exponential,8,12,1300,10.71,2.665689404262995
dynamic_exponential,8,13,1400,10.87,2.7079697191807743
dynamic_exponential,8,14,1500,10.93,2.2726856359822403
dynamic_exponential,8,15,1600,10.65,2.422292302757865
dynamic_exponential,8,16,1700,10.71,2.7103320829743356
dynamic_exponential,8,17,1800,10.78,2.551783689892229
dynamic_exponential,8,18,1900,11.12,2.728662676110772
dynamic_exponential,8,19,2000,11.41,2.5538010885736577
dynamic_exponential,8,20,2100,11.52,2.9033773437154187
dynamic_exponential,8,21,2200,11.61,3.0721165342480092
dynamic_exponential,8,22,2300,11.64,2.9983995731056257
dynamic_exponential,8,23,2400,11.54,3.1981869864033903
dynamic_exponential,8,24,2500,11.38,2.419834705098677
dynamic_exponential,8,25,2600,11.57,2.40522348234005
dynamic_exponential,8,26,2700,11.76,2.724408192617252
dynamic_exponential,8,27,2800,11.73,3.2858940944589183
dynamic_exponential,8,28,2900,11.59,2.672433348093082
dynamic_exponential,8,29,3000,11.29,2.6430853183353733
dynamic_exponential,8,30,3100,11.53,3.4912891601813794
dynamic_exponential,8,31,3200,10.91,2.569416276121874
dynamic_exponential,8,32,3300,11.42,2.825526499610294
dynamic_exponential,8,33,3400,11.68,3.1012255641923243
dynamic_exponential,8,34,3500,11.73,3.065468969015997
dynamic_exponential,8,35,3600,11.71,2.359215971461706
dynamic_exponential,8,36,3700,11.58,3.2838392165269
dynamic_exponential,8,37,3800,11.38,2.8662867965365924
dynamic_exponential,8,38,3900,11.46,3.3239133562714906
dynamic_exponential,8,39,4000,11.5,2.8583211855912904
dynamic_exponential,8,40,4100,11.56,2.940476151918257
dynamic_exponential,8,41,4200,11.65,2.920188350089768
dynamic_exponential,8,42,4300,11.72,2.6422717498395203
dynamic_exponential,8,43,4400,11.67,2.2629847546989796
dynamic_exponential,8,44,4500,11.62,2.781294662562743
dynamic_exponential,8,45,4600,11.91,2.7316478543179756
dynamic_exponential,8,46,4700,11.62,2.777696887711113
dynamic_exponential,8,47,4800,11.71,2.868082983457766
dynamic_exponential,8,48,4900,11.67,3.197045511093015
dynamic_exponential,8,49,5000,11.57,2.8714282160625224
dynamic_exponential,8,50,5100,11.68,2.7124896313165885
dynamic_exponential,9,0,100,21.0,0.0
dynamic_exponential,9,1,200,19.36,5.501854232892763
dynamic_exponential,9,2,300,14.97,5.879549302455079
dynamic_exponential,9,3,400,11.5,4.428317965096905
dynamic_exponential,9,4,500,9.56,3.1601265797432863
dynamic_exponential,9,5,600,8.83,2.3793066216862426
dynamic_exponential,9,6,700,9.53,3.028052179206957
dynamic_exponential,9,7,800,9.81,2.766568271342676
dynamic_exponential,9,8,900,10.09,3.1971706241613065
dynamic_exponential,9,9,1000,10.33,2.983471132757949
dynamic_exponential,9,10,1100,11.03,3.5339920769577287
dynamic_exponential,9,11,1200,11.5,3.7960505792204615
dynamic_exponential,9,12,1300,11.14,3.8158092195496356
dynamic_exponential,9,13,1400,11.2,3.6193922141707717
dynamic_exponential,9,14,1500,11.32,3.711818961102494
dynamic_exponential,9,15,1600,11.16,2.95540183393054
dynamic_exponential,9,16,1700,11.75,3.653423052426313
dynamic_exponential,9,17,1800,11.55,3.763973963778177
dynamic_exponential,9,18,1900,11.06,3.393582178171025
dynamic_exponential,9,19,2000,11.42,3.3231912373500263
dynamic_exponential,9,20,2100,11.56,3.3921084888310986
dynamic_exponential,9,21,2200,11.38,3.451898028621355
dynamic_exponential,9,22,2300,11.55,2.9508473359359004
dynamic_exponential,9,23,2400,11.99,3.642787394290257
dynamic_exponential,9,24,2500,12.08,3.656993300513415
dynamic_exponential,9,25,2600,12.18,3.4362188521687616
dynamic_exponential,9,26,2700,11.79,3.4067433129016336
dynamic_exponential,9,27,2800,12.06,3.895689926059311
dynamic_exponential,9,28,2900,12.16,3.751586331140469
dynamic_exponential,9,29,3000,12.06,3.17748328083721
dynamic_exponential,9,30,3100,12.12,3.4677946882709194
dynamic_exponential,9,31,3200,11.84,3.257974831087558
dynamic_exponential,9,32,3300,12.18,3.131708798723151
dynamic_exponential,9,33,3400,12.2,3.346640106136302
dynamic_exponential,9,34,3500,12.42,3.4675063085739297
dynamic_exponential,9,35,3600,12.81,3.5091166979740067
dynamic_exponential,9,36,3700,12.59,3.4931218129346706
dynamic_exponential,9,37,3800,12.17,3.1561210369692736
dynamic_exponential,9,38,3900,12.11,2.9288052171491366
dynamic_exponential,9,39,4000,12.51,3.151174384257399
dynamic_exponential,9,40,4100,12.53,3.612353803270106
dynamic_exponential,9,41,4200,12.35,3.040970239906994
dynamic_exponential,9,42,4300,12.04,2.952693685433692
dynamic_exponential,9,43,4400,12.55,3.2752862470324633
dynamic_exponential,9,44,4500,12.65,3.418698582794336
dynamic_exponential,9,45,4600,12.59,3.7552496588109823
dynamic_exponential,9,46,4700,12.66,3.8683846758046174
dynamic_exponential,9,47,4800,12.69,3.7727841178630936
dynamic_exponential,9,48,4900,12.68,3.3072042573751026
dynamic_exponential,9,49,5000,12.15,3.1220986531498323
dynamic_exponential,9,50,5100,12.17,2.9700336698428185
dynamic_exponential,10,0,100,21.0,0.0
dynamic_exponential,10,1,200,19.49,5.447008353215552
dynamic_exponential,10,2,300,15.42,5.760520809787948
dynamic_exponential,10,3,400,12.0,4.658325879540846
dynamic_exponential,10,4,500,10.78,3.3062970223499275
dynamic_exponential,10,5,600,10.52,3.281706872954987
dynamic_exponential,10,6,700,10.14,2.7893368387485937
dynamic_exponential,10,7,800,10.89,2.5918912014203066
dynamic_exponential,10,8,900,10.82,2.338289973463514
dynamic_exponential,10,9,1000,11.2,3.168595903550972
dynamic_exponential,10,10,1100,11.25,3.771935842508459
dynamic_exponential,10,11,1200,11.12,3.2627595682182897
dynamic_exponential,10,12,1300,11.12,3.371290554075694
dynamic_exponential,10,13,1400,11.19,3.7408421511739838
dynamic_exponential,10,14,1500,11.19,3.1038524449464413
dynamic_exponential,10,15,1600,12.12,3.479310276477222
dynamic_exponential,10,16,1700,12.36,3.2665578213158875
dynamic_exponential,10,17,1800,12.57,2.8080420224775837
dynamic_exponential,10,18,1900,12.76,3.6031097679643342
dynamic_exponential,10,19,2000,12.63,3.8096062788692477
dynamic_exponential,10,20,2100,12.8,3.458323293158117
dynamic_exponential,10,21,2200,13.45,3.5619517121937516
dynamic_exponential,10,22,2300,12.88,3.2993332659796586
dynamic_exponential,10,23,2400,13.34,3.4820109132511345
dynamic_exponential,10,24,2500,13.87,3.548675809368898
dynamic_exponential,10,25,2600,13.46,2.8893597906802815
dynamic_exponential,10,26,2700,13.01,4.0999878048599125
dynamic_exponential,10,27,2800,13.0,3.794733192202055
dynamic_exponential,10,28,2900,13.03,3.7615289444586226
dynamic_exponential,10,29,3000,12.89,2.760054347291009
dynamic_exponential,10,30,3100,12.99,3.5846757175510313
dynamic_exponential,10,31,3200,12.92,3.0714166112723946
dynamic_exponential,10,32,3300,12.75,2.71062723368596
dynamic_exponential,10,33,3400,12.78,3.345384880697586
dynamic_exponential,10,34,3500,12.56,2.776040345528141
dynamic_exponential,10,35,3600,12.34,2.676639684380399
dynamic_exponential,10,36,3700,12.52,3.2510921241945763
dynamic_exponential,10,37,3800,11.99,2.5119514326515158
dynamic_exponential,10,38,3900,12.25,3.50820466905795
dynamic_exponential,10,39,4000,12.19,4.051407162949683
dynamic_exponential,10,40,4100,11.9,3.248076353782343
dynamic_exponential,10,41,4200,12.47,3.47406102421935
dynamic_exponential,10,42,4300,12.28,3.04985245544764
dynamic_exponential,10,43,4400,12.2,2.8530685235374214
dynamic_exponential,10,44,4500,11.88,3.053784537258646
dynamic_exponential,10,45,4600,11.6,2.569046515733026
dynamic_exponential,10,46,4700,11.8,2.9461839725312475
dynamic_exponential,10,47,4800,11.57,3.137690233276701
dynamic_exponential,10,48,4900,11.6,3.3823069050575527
dynamic_exponential,10,49,5000,11.67,3.3016813898376083
dynamic_exponential,10,50,5100,12.02,2.9697811367169806
dynamic_exponential,11,0,100,21.0,0.0
dynamic_exponential,11,1,200,19.77,5.903990176143589
dynamic_exponential,11,2,300,15.17,6.030016583725122
dynamic_exponential,11,3,400,11.22,4.484595856930699
dynamic_exponential,11,4,500,10.5,3.609709129556009
dynamic_exponential,11,5,600,10.02,3.6605464073004184
dynamic_exponential,11,6,700,10.14,2.9933927239839413
dynamic_exponential,11,7,800,10.34,3.178741889490243
dynamic_exponential,11,8,900,10.72,3.020198668962027
dynamic_exponential,11,9,1000,10.93,3.5021564785143453
dynamic_exponential,11,10,1100,11.03,2.597903000498671
dynamic_exponential,11,11,1200,10.73,2.9422950225971563
dynamic_exponential,11,12,1300,10.28,3.2096105682777156
dynamic_exponential,11,13,1400,11.31,3.032144455661702
dynamic_exponential,11,14,1500,12.31,3.5544197838747182
dynamic_exponential,11,15,1600,11.98,3.1748385785737203
dynamic_exponential,11,16,1700,12.48,3.505652578336878
dynamic_exponential,11,17,1800,12.22,3.235985166838686
dynamic_exponential,11,18,1900,12.29,3.4301457694972677
dynamic_exponential,11,19,2000,11.99,2.402061614530319
dynamic_exponential,11,20,2100,12.14,2.130821437849732
dynamic_exponential,11,21,2200,12.32,2.8526478927480694
dynamic_exponential,11,22,2300,12.18,2.393240481021496
dynamic_exponential,11,23,2400,12.83,3.0464897833408204
dynamic_exponential,11,24,2500,12.52,2.7257292602164287
dynamic_exponential,11,25,2600,12.72,3.0596731851621013
dynamic_exponential,11,26,2700,13.13,2.1984312588752917
dynamic_exponential,11,27,2800,12.9,2.355843797877949
dynamic_exponential,11,28,2900,12.73,2.7490180064888623
dynamic_exponential,11,29,3000,13.13,2.373415260758218
dynamic_exponential,11,30,3100,13.48,2.6286118009321955
dynamic_exponential,11,31,3200,13.61,2.7960507863770996
dynamic_exponential,11,32,3300,13.23,2.8630578059131118
dynamic_exponential,11,33,3400,13.4,2.756809750418044
dynamic_exponential,11,34,3500,13.3,3.054504869860253
dynamic_exponential,11,35,3600,13.53,2.4998199935195333
dynamic_exponential,11,36,3700,13.05,3.1917863337009265
dynamic_exponential,11,37,3800,13.1,2.4392621835300936
dynamic_exponential,11,38,3900,12.95,2.2062411472910206
dynamic_exponential,11,39,4000,13.03,1.5903144343179434
dynamic_exponential,11,40,4100,12.95,2.620591536275732
dynamic_exponential,11,41,4200,13.08,2.726462910072316
dynamic_exponential,11,42,4300,13.14,3.2742021929013485
dynamic_exponential,11,43,4400,12.77,2.448897711216212
dynamic_exponential,11,44,4500,12.73,2.212939221939907
dynamic_exponential,11,45,4600,12.79,1.996471888106617
dynamic_exponential,11,46,4700,12.77,2.253242108607062
dynamic_exponential,11,47,4800,12.85,2.389037463080058
dynamic_exponential,11,48,4900,13.29,2.1554349909009085
dynamic_exponential,11,49,5000,13.2,2.4041630560342617
dynamic_exponential,11,50,5100,13.18,2.6206106158679887
dynamic_exponential,12,0,100,21.0,0.0
dynamic_exponential,12,1,200,19.98,5.317856711119621
dynamic_exponential,12,2,300,15.86,5.700912207708518
dynamic_exponential,12,3,400,11.93,4.650279561488749
dynamic_exponential,12,4,500,10.02,3.8366130896925226
dynamic_exponential,12,5,600,9.94,3.1106912415088708
dynamic_exponential,12,6,700,10.09,3.5583563621424994
dynamic_exponential,12,7,800,10.01,3.1256839251594206
dynamic_exponential,12,8,900,9.87,2.97205316237782
dynamic_exponential,12,9,1000,9.72,2.6723772188820947
dynamic_exponential,12,10,1100,9.73,2.5450147347314123
dynamic_exponential,12,11,1200,9.88,2.7541967976163213
dynamic_exponential,12,12,1300,9.55,2.3210988776870325
dynamic_exponential,12,13,1400,9.82,2.6244237462726936
dynamic_exponential,12,14,1500,10.38,2.9454371492191105
dynamic_exponential,12,15,1600,10.62,2.748745168254053
dynamic_exponential,12,16,1700,11.12,2.616409753842085
dynamic_exponential,12,17,1800,11.31,2.8868494938254057
dynamic_exponential,12,18,1900,11.05,2.4591665254715878
dynamic_exponential,12,19,2000,11.29,2.5031779800885112
dynamic_exponential,12,20,2100,11.37,2.6368731482572305
dynamic_exponential,12,21,2200,11.09,2.8463836705546215
dynamic_exponential,12,22,2300,11.22,2.4436857408431223
dynamic_exponential,12,23,2400,11.42,3.2440098643499833
dynamic_exponential,12,24,2500,11.35,3.2752862470324633
dynamic_exponential,12,25,2600,11.56,3.096191208565776
dynamic_exponential,12,26,2700,11.82,2.4015828113975166
dynamic_exponential,12,27,2800,11.96,2.641666140904259
dynamic_exponential,12,28,2900,11.88,2.2373198251479383
dynamic_exponential,12,29,3000,12.08,2.448182999695897
dynamic_exponential,12,30,3100,11.98,2.2758734586966827
dynamic_exponential,12,31,3200,12.12,2.4260255563369486
dynamic_exponential,12,32,3300,11.97,2.0854495918146765
dynamic_exponential,12,33,3400,11.79,2.2816441440329824
dynamic_exponential,12,34,3500,11.59,2.5103585401292783
dynamic_exponential,12,35,3600,11.54,2.0318464508914054
dynamic_exponential,12,36,3700,11.97,1.8409508412774092
dynamic_exponential,12,37,3800,12.05,1.946150045602856
dynamic_exponential,12,38,3900,11.93,2.0748734901193373
dynamic_exponential,12,39,4000,12.29,2.3845125287991253
dynamic_exponential,12,40,4100,12.16,2.6560120481654446
dynamic_exponential,12,41,4200,12.52,2.5474693324945052
dynamic_exponential,12,42,4300,12.61,2.9762224379236173
dynamic_exponential,12,43,4400,12.57,2.450530554798287
dynamic_exponential,12,44,4500,12.72,3.033413918343489
dynamic_exponential,12,45,4600,12.71,2.923337134167047
dynamic_exponential,12,46,4700,12.74,2.823543872511989
dynamic_exponential,12,47,4800,12.68,2.9525582128046177
dynamic_exponential,12,48,4900,12.32,3.0228463407854527
dynamic_exponential,12,49,5000,12.45,2.2599778759979046
dynamic_exponential,12,50,5100,12.19,2.5443859770089916
dynamic_exponential,13,0,100,21.0,0.0
dynamic_exponential,13,1,200,19.83,5.334894563156801
dynamic_exponential,13,2,300,15.14,6.249831997742019
dynamic_exponential,13,3,400,9.99,4.302313331220775
dynamic_exponential,13,4,500,8.93,2.7613583613866566
dynamic_exponential,13,5,600,9.42,3.140636878086991
dynamic_exponential,13,6,700,9.33,2.345442388974839
dynamic_exponential,13,7,800,9.84,2.5562472493872734
dynamic_exponential,13,8,900,10.32,2.8526478927480694
dynamic_exponential,13,9,1000,10.38,2.6449196585151693
dynamic_exponential,13,10,1100,10.85,2.7726341266023544
dynamic_exponential,13,11,1200,11.21,2.9437900740372096
dynamic_exponential,13,12,1300,11.73,3.5351237602098173
dynamic_exponential,13,13,1400,11.3,3.1192947920964444
dynamic_exponential,13,14,1500,10.61,2.8031946061591944
dynamic_exponential,13,15,1600,10.81,2.7301831440399744
dynamic_exponential,13,16,1700,10.82,3.1380885902090143
dynamic_exponential,13,17,1800,10.39,3.0228959624836578
dynamic_exponential,13,18,1900,10.33,2.5022190151943136
dynamic_exponential,13,19,2000,10.68,2.7235271248878723
dynamic_exponential,13,20,2100,11.03,2.515770259781286
dynamic_exponential,13,21,2200,11.02,2.9154073471815223
dynamic_exponential,13,22,2300,11.35,2.6921181251943604
dynamic_exponential,13,23,2400,11.41,2.5498823502271626
dynamic_exponential,13,24,2500,11.33,2.9122328203630974
dynamic_exponential,13,25,2600,11.81,2.7593296287323126
dynamic_exponential,13,26,2700,11.73,2.788745237557565
dynamic_exponential,13,27,2800,11.67,3.156121036969273
dynamic_exponential,13,28,2900,11.49,2.7367681670174404
dynamic_exponential,13,29,3000,10.95,2.4591665254715878
dynamic_exponential,13,30,3100,11.04,2.2312328430712918
dynamic_exponential,13,31,3200,11.02,2.1999090890307267
dynamic_exponential,13,32,3300,11.0,2.5806975801127883
dynamic_exponential,13,33,3400,11.4,2.078460969082653
dynamic_exponential,13,34,3500,11.66,3.0107142009828833
dynamic_exponential,13,35,3600,11.46,2.695997032639317
dynamic_exponential,13,36,3700,11.11,2.996314402728793
dynamic_exponential,13,37,3800,11.04,2.3405982141324473
dynamic_exponential,13,38,3900,10.98,2.771209122386833
dynamic_exponential,13,39,4000,10.91,2.319892238876625
dynamic_exponential,13,40,4100,10.69,2.5639617781862505
dynamic_exponential,13,41,4200,10.64,2.431131423843639
dynamic_exponential,13,42,4300,10.7,2.3600847442411896
dynamic_exponential,13,43,4400,11.14,2.2406249128312394
dynamic_exponential,13,44,4500,11.14,2.7749594591633224
dynamic_exponential,13,45,4600,10.97,2.2201576520598714
dynamic_exponential,13,46,4700,10.9,2.7404379212089442
dynamic_exponential,13,47,4800,11.01,2.317304468558243
dynamic_exponential,13,48,4900,10.96,2.9662097026339858
dynamic_exponential,13,49,5000,10.84,2.4524273689550933
dynamic_exponential,13,50,5100,10.94,2.552724035221982
dynamic_exponential,14,0,100,21.0,0.0
dynamic_exponential,14,1,200,19.86,6.699283543782872
dynamic_exponential,14,2,300,14.07,6.0979586748353745
dynamic_exponential,14,3,400,10.12,4.285510471344108
dynamic_exponential,14,4,500,9.89,3.5746188608018064
dynamic_exponential,14,5,600,9.32,2.9761720380381234
dynamic_exponential,14,6,700,9.2,2.5729360660537215
dynamic_exponential,14,7,800,8.95,2.703238798182654
dynamic_exponential,14,8,900,9.53,2.5824600674550617
dynamic_exponential,14,9,1000,9.91,3.0825152067751427
dynamic_exponential,14,10,1100,10.22,3.1291532400954734
dynamic_exponential,14,11,1200,10.38,3.5770937924521915
dynamic_exponential,14,12,1300,10.56,3.392108488831099
dynamic_exponential,14,13,1400,10.72,2.789551935347324
dynamic_exponential,14,14,1500,11.46,3.7852873074576525
dynamic_exponential,14,15,1600,11.09,3.409090787878786
dynamic_exponential,14,16,1700,10.81,3.300590856195296
dynamic_exponential,14,17,1800,11.05,3.253843880704789
dynamic_exponential,14,18,1900,11.25,3.004579837514723
dynamic_exponential,14,19,2000,11.5,3.6124783736376886
dynamic_exponential,14,20,2100,11.26,3.545758028969264
dynamic_exponential,14,21,2200,11.64,3.508617961534142
dynamic_exponential,14,22,2300,12.07,4.1767331731869115
dynamic_exponential,14,23,2400,11.69,3.804457911450724
dynamic_exponential,14,24,2500,12.07,4.198225815746457
dynamic_exponential,14,25,2600,11.72,4.11844630898595
dynamic_exponential,14,26,2700,11.7,3.6097091295560095
dynamic_exponential,14,27,2800,12.11,3.6603141941642114
dynamic_exponential,14,28,2900,11.91,3.4614881192920484
dynamic_exponential,14,29,3000,12.17,4.384187495990562
dynamic_exponential,14,30,3100,12.23,3.4895701741045415
dynamic_exponential,14,31,3200,12.51,3.5170868627317122
dynamic_exponential,14,32,3300,12.34,3.9880320961597087
dynamic_exponential,14,33,3400,12.23,4.32401433855162
dynamic_exponential,14,34,3500,11.72,3.658086931717178
dynamic_exponential,14,35,3600,12.14,3.35267057731594
dynamic_exponential,14,36,3700,12.27,3.4113193928449443
dynamic_exponential,14,37,3800,12.36,3.8588081061384742
dynamic_exponential,14,38,3900,12.14,3.706804553790232
dynamic_exponential,14,39,4000,12.56,3.2964223030431037
dynamic_exponential,14,40,4100,12.8,3.6606010435446255
dynamic_exponential,14,41,4200,12.19,3.5991526780618797
dynamic_exponential,14,42,4300,12.55,3.907364840912607
dynamic_exponential,14,43,4400,12.41,4.40475879021769
dynamic_exponential,14,44,4500,12.26,3.626623774256161
dynamic_exponential,14,45,4600,12.5,3.5874782229304194
dynamic_exponential,14,46,4700,12.68,4.066644808684427
dynamic_exponential,14,47,4800,12.88,4.065169123173106
dynamic_exponential,14,48,4900,12.31,3.673404415525195
dynamic_exponential,14,49,5000,12.52,3.9305979188922393
dynamic_exponential,14,50,5100,12.13,3.8435790612396667
dynamic_exponential,15,0,100,21.0,0.0
dynamic_exponential,15,1,200,20.14,3.870452169966708
dynamic_exponential,15,2,300,16.96,5.329014918350295
dynamic_exponential,15,3,400,13.03,4.807192527869048
dynamic_exponential,15,4,500,11.46,3.705185555407448
dynamic_exponential,15,5,600,11.03,3.4130777899133795
dynamic_exponential,15,6,700,10.61,3.417294251304678
dynamic_exponential,15,7,800,10.16,3.372595439717015
dynamic_exponential,15,8,900,10.37,3.740735221851448
dynamic_exponential,15,9,1000,10.35,4.058016756988566
dynamic_exponential,15,10,1100,10.1,2.443358344574123
dynamic_exponential,15,11,1200,9.89,2.8315896595375536
dynamic_exponential,15,12,1300,10.8,2.90516780926679
dynamic_exponential,15,13,1400,10.86,3.20006249938966
dynamic_exponential,15,14,1500,11.14,2.993392723983941
dynamic_exponential,15,15,1600,11.52,3.3837257572090564
dynamic_exponential,15,16,1700,11.66,3.3052080116083467
dynamic_exponential,15,17,1800,11.82,3.80888435109285
dynamic_exponential,15,18,1900,12.09,2.6836355937421903
dynamic_exponential,15,19,2000,12.4,3.3166247903553994
dynamic_exponential,15,20,2100,12.03,3.4711813551008825
dynamic_exponential,15,21,2200,11.92,3.195872337875842
dynamic_exponential,15,22,2300,12.23,3.49243468084945
dynamic_exponential,15,23,2400,11.81,3.1896551537744644
dynamic_exponential,15,24,2500,12.34,2.980671065381083
dynamic_exponential,15,25,2600,11.98,3.475571895386427
dynamic_exponential,15,26,2700,11.62,3.3608927385443286
dynamic_exponential,15,27,2800,11.85,2.750908940695784
dynamic_exponential,15,28,2900,12.06,3.145854414940399
dynamic_exponential,15,29,3000,12.19,3.8514802349226716
dynamic_exponential,15,30,3100,11.87,3.327626781957376
dynamic_exponential,15,31,3200,12.54,3.742779715665885
dynamic_exponential,15,32,3300,13.01,4.006232644268178
dynamic_exponential,15,33,3400,12.79,3.5785332190717467
dynamic_exponential,15,34,3500,12.49,3.595817014254201
dynamic_exponential,15,35,3600,12.7,3.8170669367984624
dynamic_exponential,15,36,3700,12.92,4.189701660023062
dynamic_exponential,15,37,3800,13.31,3.466107326670656
dynamic_exponential,15,38,3900,13.21,3.1314373696435323
dynamic_exponential,15,39,4000,13.08,3.431267987202399
dynamic_exponential,15,40,4100,13.07,3.3533714378219424
dynamic_exponential,15,41,4200,13.28,3.3647585351700946
dynamic_exponential,15,42,4300,12.82,3.182389039699578
dynamic_exponential,15,43,4400,12.9,3.014962686336267
dynamic_exponential,15,44,4500,13.16,3.8150229357108723
dynamic_exponential,15,45,4600,12.8,3.304542328371661
dynamic_exponential,15,46,4700,13.1,2.780287754891569
dynamic_exponential,15,47,4800,13.16,3.4632932304383353
dynamic_exponential,15,48,4900,12.89,3.196545009850479
dynamic_exponential,15,49,5000,12.69,2.752071946733951
dynamic_exponential,15,50,5100,13.11,3.5913646431405426
dynamic_exponential,16,0,100,21.0,0.0
dynamic_exponential,16,1,200,19.48,6.381974616057321
dynamic_exponential,16,2,300,14.17,6.411013960365396
dynamic_exponential,16,3,400,10.24,4.375202852440101
dynamic_exponential,16,4,500,9.64,3.083893642783421
dynamic_exponential,16,5,600,9.43,3.409560088926429
dynamic_exponential,16,6,700,9.4,3.0983866769659336
dynamic_exponential,16,7,800,9.22,3.251399698591362
dynamic_exponential,16,8,900,9.06,3.411216791703511
dynamic_exponential,16,9,1000,9.65,3.5082046690579505
dynamic_exponential,16,10,1100,9.35,2.5509802037648197
dynamic_exponential,16,11,1200,9.7,3.2357379374726873
dynamic_exponential,16,12,1300,9.7,3.2326459750489227
dynamic_exponential,16,13,1400,10.15,2.9304436524185205
dynamic_exponential,16,14,1500,10.68,3.14604513635771
dynamic_exponential,16,15,1600,10.9,3.2388269481403293
dynamic_exponential,16,16,1700,11.23,3.725197981315892
dynamic_exponential,16,17,1800,10.94,3.101032086257735
dynamic_exponential,16,18,1900,10.35,2.80490641555115
dynamic_exponential,16,19,2000,11.1,3.157530680769389
dynamic_exponential,16,20,2100,11.82,3.612146176444137
dynamic_exponential,16,21,2200,11.98,2.5336929569306537
dynamic_exponential,16,22,2300,12.13,3.7673730900987232
dynamic_exponential,16,23,2400,12.05,3.4420197558991434
dynamic_exponential,16,24,2500,11.9,3.1192947920964444
dynamic_exponential,16,25,2600,11.4,2.8000000000000003
dynamic_exponential,16,26,2700,11.51,2.6888473366853685
dynamic_exponential,16,27,2800,11.26,2.57922468970813
dynamic_exponential,16,28,2900,11.08,3.2145917314645103
dynamic_exponential,16,29,3000,11.55,2.75816968296006
dynamic_exponential,16,30,3100,11.92,3.077921376513702
dynamic_exponential,16,31,3200,12.1,3.1480152477394387
dynamic_exponential,16,32,3300,12.33,3.0035146079218595
dynamic_exponential,16,33,3400,12.24,3.717848840391443
dynamic_exponential,16,34,3500,12.05,3.8428505045083394
dynamic_exponential,16,35,3600,12.23,3.2120242838434456
dynamic_exponential,16,36,3700,12.33,3.5778624903704728
dynamic_exponential,16,37,3800,12.24,3.4412788320622907
dynamic_exponential,16,38,3900,12.17,3.5778624903704723
dynamic_exponential,16,39,4000,11.9,3.034798181098704
dynamic_exponential,16,40,4100,11.92,2.663381309538685
dynamic_exponential,16,41,4200,12.04,3.343411431457397
dynamic_exponential,16,42,4300,11.94,3.7277875475944175
dynamic_exponential,16,43,4400,11.82,3.5110682135213493
dynamic_exponential,16,44,4500,12.12,3.341496670655232
dynamic_exponential,16,45,4600,12.57,3.5531816728110037
dynamic_exponential,16,46,4700,12.21,3.5841177436016243
dynamic_exponential,16,47,4800,12.31,3.574059316799317
dynamic_exponential,16,48,4900,12.3,3.189043743820395
dynamic_exponential,16,49,5000,11.85,3.5843409436045564
dynamic_exponential,16,50,5100,11.78,3.7271436784755156
dynamic_exponential,17,0,100,21.0,0.0
dynamic_exponential,17,1,200,20.15,6.807899822999747
dynamic_exponential,17,2,300,14.55,7.007674364580591
dynamic_exponential,17,3,400,9.54,4.357568129128907
dynamic_exponential,17,4,500,9.39,2.9390304523771102
dynamic_exponential,17,5,600,9.92,3.055094106570205
dynamic_exponential,17,6,700,10.35,2.5509802037648197
dynamic_exponential,17,7,800,10.79,2.0114422686221944
dynamic_exponential,17,8,900,10.49,1.9570130301048074
dynamic_exponential,17,9,1000,10.35,1.851350858157362
dynamic_exponential,17,10,1100,10.26,2.1005713508471926
dynamic_exponential,17,11,1200,10.53,2.471659361643509
dynamic_exponential,17,12,1300,10.38,2.2350838910430184
dynamic_exponential,17,13,1400,10.32,2.5607811308270767
dynamic_exponential,17,14,1500,10.09,2.5183129273384592
dynamic_exponential,17,15,1600,10.13,2.028077907773762
dynamic_exponential,17,16,1700,10.25,1.991858428704209
dynamic_exponential,17,17,1800,10.39,2.3276382880507875
dynamic_exponential,17,18,1900,10.49,2.483928340351227
dynamic_exponential,17,19,2000,10.27,2.55677531277193
dynamic_exponential,17,20,2100,10.32,2.262211307548435
dynamic_exponential,17,21,2200,10.05,1.9512816301087856
dynamic_exponential,17,22,2300,9.88,1.7220917513303409
dynamic_exponential,17,23,2400,9.81,1.92195213259852
dynamic_exponential,17,24,2500,9.83,2.276202978646676
dynamic_exponential,17,25,2600,10.14,2.5923734298900687
dynamic_exponential,17,26,2700,10.4,2.4000000000000004
dynamic_exponential,17,27,2800,10.55,2.3382685902179845
dynamic_exponential,17,28,2900,10.42,2.5305335405799307
dynamic_exponential,17,29,3000,10.46,2.15137165547936
dynamic_exponential,17,30,3100,10.31,2.062498484847928
dynamic_exponential,17,31,3200,10.3,2.0420577856662137
dynamic_exponential,17,32,3300,10.34,2.045580602176311
dynamic_exponential,17,33,3400,10.51,1.9104711460788935
dynamic_exponential,17,34,3500,10.58,1.7617037208338977
dynamic_exponential,17,35,3600,10.55,2.146508793366568
dynamic_exponential,17,36,3700,10.69,2.3310727144385694
dynamic_exponential,17,37,3800,10.7,2.451530134426253
dynamic_exponential,17,38,3900,11.0,2.083266665599966
dynamic_exponential,17,39,4000,10.94,2.1062763351469345
dynamic_exponential,17,40,4100,11.01,2.2956262762043824
dynamic_exponential,17,41,4200,10.87,2.4234479569406893
dynamic_exponential,17,42,4300,10.52,2.455524383914768
dynamic_exponential,17,43,4400,11.01,2.385351127192808
dynamic_exponential,17,44,4500,10.69,2.4070521390281514
dynamic_exponential,17,45,4600,10.9,2.7838821814150108
dynamic_exponential,17,46,4700,11.36,2.5040766761423257
dynamic_exponential,17,47,4800,11.45,2.6396022427631025
dynamic_exponential,17,48,4900,11.4,2.6038433132583076
dynamic_exponential,17,49,5000,11.47,2.673780095669799
dynamic_exponential,17,50,5100,11.42,2.3502340308999017
dynamic_exponential,18,0,100,21.0,0.0
dynamic_exponential,18,1,200,19.31,5.932444690007652
dynamic_exponential,18,2,300,14.38,5.011546667447087
dynamic_exponential,18,3,400,10.54,3.986025589481332
dynamic_exponential,18,4,500,10.1,3.3391615714128
dynamic_exponential,18,5,600,10.05,3.0442568879777543
dynamic_exponential,18,6,700,10.38,2.862795836241208
dynamic_exponential,18,7,800,10.93,2.8644545728637416
dynamic_exponential,18,8,900,11.55,3.5982634700644143
dynamic_exponential,18,9,1000,11.4,3.4842502780368694
dynamic_exponential,18,10,1100,11.32,3.310226578347772
dynamic_exponential,18,11,1200,11.34,3.544629740889731
dynamic_exponential,18,12,1300,11.38,3.0749959349566627
dynamic_exponential,18,13,1400,11.2,2.749545416973504
dynamic_exponential,18,14,1500,10.76,2.713374283065276
dynamic_exponential,18,15,1600,11.29,2.71770123449948
dynamic_exponential,18,16,1700,11.82,2.9677600981211403
dynamic_exponential,18,17,1800,12.27,3.1075874887121038
dynamic_exponential,18,18,1900,11.71,2.550666579543473
dynamic_exponential,18,19,2000,11.77,2.4934113178535147
dynamic_exponential,18,20,2100,11.68,2.533298245371042
dynamic_exponential,18,21,2200,11.94,2.656388525799643
dynamic_exponential,18,22,2300,11.76,2.163885394377438
dynamic_exponential,18,23,2400,12.03,2.696126851615109
dynamic_exponential,18,24,2500,11.76,2.4944738924270182
dynamic_exponential,18,25,2600,11.89,2.59959612247749
dynamic_exponential,18,26,2700,12.02,2.5455058436389417
dynamic_exponential,18,27,2800,12.72,2.354060322081828
dynamic_exponential,18,28,2900,12.77,2.489397517472852
dynamic_exponential,18,29,3000,12.23,2.3826665734004835
dynamic_exponential,18,30,3100,12.31,2.468582589260485
dynamic_exponential,18,31,3200,12.24,1.980504986108341
dynamic_exponential,18,32,3300,12.44,2.5271327626383218
dynamic_exponential,18,33,3400,12.52,2.6850698314941455
dynamic_exponential,18,34,3500,12.25,1.9615045245933032
dynamic_exponential,18,35,3600,12.57,2.4259225049452837
dynamic_exponential,18,36,3700,12.29,2.5309879493984164
dynamic_exponential,18,37,3800,12.52,2.570914234275426
dynamic_exponential,18,38,3900,13.11,2.626385348725506
dynamic_exponential,18,39,4000,12.94,2.5211901951261035
dynamic_exponential,18,40,4100,12.8,2.4576411454889016
dynamic_exponential,18,41,4200,12.81,2.3609108411797344
dynamic_exponential,18,42,4300,13.0,2.16794833886788
dynamic_exponential,18,43,4400,12.79,2.4710119384576026
dynamic_exponential,18,44,4500,12.59,2.716965218768912
dynamic_exponential,18,45,4600,12.5,2.6172504656604803
dynamic_exponential,18,46,4700,12.96,2.8492806109613005
dynamic_exponential,18,47,4800,12.77,2.305883778510964
dynamic_exponential,18,48,4900,12.81,2.9075591137584804
dynamic_exponential,18,49,5000,12.64,2.586580754587028
dynamic_exponential,18,50,5100,12.92,2.6783577057592587
dynamic_exponential,19,0,100,21.0,0.0
dynamic_exponential,19,1,200,20.24,3.32
dynamic_exponential,19,2,300,17.0,5.576737397439475
dynamic_exponential,19,3,400,13.35,5.042568789813382
dynamic_exponential,19,4,500,10.71,3.131437369643532
dynamic_exponential,19,5,600,10.46,2.7764005474714923
dynamic_exponential,19,6,700,10.24,3.059803915286076
dynamic_exponential,19,7,800,10.46,3.380591664191344
dynamic_exponential,19,8,900,10.71,3.207163856119609
dynamic_exponential,19,9,1000,10.59,3.7177815965976273
dynamic_exponential,19,10,1100,11.01,3.2264376640499344
dynamic_exponential,19,11,1200,11.21,3.397925837919362
dynamic_exponential,19,12,1300,11.35,2.9508473359359004
dynamic_exponential,19,13,1400,11.03,2.643690602169626
dynamic_exponential,19,14,1500,11.51,2.9034290072257662
dynamic_exponential,19,15,1600,11.43,2.8714282160625224
dynamic_exponential,19,16,1700,11.14,2.5962280331280607
dynamic_exponential,19,17,1800,11.05,2.991237202229205
dynamic_exponential,19,18,1900,11.19,2.2257358333818504
dynamic_exponential,19,19,2000,11.33,2.611723568833425
dynamic_exponential,19,20,2100,11.36,1.921041384249699
dynamic_exponential,19,21,2200,11.53,2.3598940654190392
dynamic_exponential,19,22,2300,11.61,2.297368059323538
dynamic_exponential,19,23,2400,11.57,2.7431915718739
dynamic_exponential,19,24,2500,11.91,2.569416276121874
dynamic_exponential,19,25,2600,11.82,2.242231031807383
dynamic_exponential,19,26,2700,11.78,2.414870596947174
dynamic_exponential,19,27,2800,11.56,2.2597344976788754
dynamic_exponential,19,28,2900,11.65,1.8186533479473213
dynamic_exponential,19,29,3000,11.69,1.942652825391094
dynamic_exponential,19,30,3100,11.85,2.2242976419535223
dynamic_exponential,19,31,3200,11.69,1.8093921631310332
dynamic_exponential,19,32,3300,11.54,1.38144851514633
dynamic_exponential,19,33,3400,11.66,1.9453534383242548
dynamic_exponential,19,34,3500,11.49,2.291266025584982
dynamic_exponential,19,35,3600,11.74,2.1148049555455466
dynamic_exponential,19,36,3700,11.79,1.9763349918472828
dynamic_exponential,19,37,3800,11.87,1.6410667262485092
dynamic_exponential,19,38,3900,11.61,1.708186172523358
dynamic_exponential,19,39,4000,11.55,1.4857657958103627
dynamic_exponential,19,40,4100,11.68,1.6485144827995901
dynamic_exponential,19,41,4200,11.58,1.7330897264711946
dynamic_exponential,19,42,4300,11.57,1.7902793078176376
dynamic_exponential,19,43,4400,11.8,1.7204650534085253
dynamic_exponential,19,44,4500,11.8,1.667333200053307
dynamic_exponential,19,45,4600,12.0,2.23606797749979
dynamic_exponential,19,46,4700,11.69,2.1711517680715
dynamic_exponential,19,47,4800,11.94,2.0288913228657663
dynamic_exponential,19,48,4900,12.21,1.9354327681425672
dynamic_exponential,19,49,5000,12.19,1.8313656106850973
dynamic_exponential,19,50,5100,11.77,1.9434762668990841
