generation,evals_used,best_fitness,mean_fitness,std_fitness,sigma,condition_number,wall_time_s
1,10,-0.21387192736615912,-0.015172127836601223,0.11394775018841112,0.490436119004727,1.0068321194559697,17.005010499851778
2,20,-0.11841181244211363,-0.00200599572373692,0.08130794478332509,0.48202194094625217,1.007126217911362,32.773305292008445
3,30,-0.14274540848631911,-0.04668987129672031,0.06077120202348856,0.47447506599575584,1.0074870477904474,48.98036166699603
4,40,-0.1408336316292491,-0.003256744652123178,0.09738225160637409,0.46762850941389417,1.0084511275165253,64.37646708404645
5,50,-0.08223195837637931,0.003871796855270837,0.053633930956772574,0.46157212544186776,1.0102502173430676,82.93603654182516
6,60,-0.20250717641594385,-0.0258771434030745,0.11524432844194452,0.45622878729885935,1.0121497549718277,99.37738416693173
7,70,-0.2001362497762731,-0.07964342114475942,0.07235693771397915,0.4513788652131746,1.0143862152603305,120.51178712490946
8,80,-0.11454771252611007,0.03807423043919709,0.08206823408429441,0.44680949231693307,1.0167795049122446,137.76767229195684
9,90,-0.2182971952796251,-0.04507100694456625,0.08153135527736873,0.4424785768446881,1.0192400463081315,158.4252898339182
10,100,-0.15955194055301813,-0.0139971228484149,0.11309950904594589,0.43813900809703193,1.0216869380656994,179.15207462501712
11,110,-0.10034337342980937,-0.048667577754443594,0.039250974211280376,0.43458663056929164,1.0247300207785284,203.14795470889658
12,120,-0.20333778864779628,-0.032767360000977505,0.06819804328320116,0.4311082254673768,1.0277361744344078,223.74750799988396
13,130,-0.1817461950725896,0.004228935676374235,0.18319633754893047,0.4278774989308061,1.0308579534209155,252.34884670889005
14,140,-0.14598135218299557,-0.07169288355667414,0.047733142488359526,0.4248657632675844,1.03408126938037,286.8444413749967
15,150,-0.16064872722126733,-0.0775905233110377,0.05470694711848353,0.42214704762737354,1.0377079470696824,311.0282741668634
16,160,-0.21546995615882913,-0.08237274470329288,0.0706226792550242,0.4197051236206253,1.0417642270460488,332.8104964590166
17,170,-0.11839049198100682,-0.03955215050724892,0.07691883137468594,0.41746652922896865,1.045711124626655,352.22425087494776
18,180,-0.21231431056437344,-0.09477656189435768,0.07126175435449877,0.4151557325504471,1.049596613304845,370.7327365418896
19,190,-0.16844552264577928,-0.1087448469505146,0.05298048734531221,0.4129994489973597,1.0536117090699553,389.49455499998294
20,200,-0.2064954816234712,-0.0882923838635005,0.0760642785051018,0.4112878966134089,1.0583169636029714,408.37730266689323
21,210,-0.21269249936190526,-0.11345721360309069,0.0834316695977736,0.4098387428909095,1.0631353115328257,429.342487124959
22,220,-0.2455326529107218,-0.19272990890199937,0.06386095416963324,0.40833734604852556,1.0677855672102965,453.1044133340474
23,230,-0.29527198733191273,-0.14739908175752,0.0956857032110332,0.4070231258509223,1.0725369602605277,472.00411558384076
24,240,-0.2459534611947447,0.9071787949426191,3.0328628064896948,0.40581342226854733,1.0774801712143243,487.8813408338465
25,250,-0.31206876015944207,-0.10001300094067611,0.12582074302559726,0.40457516330137383,1.0823418710004924,504.63308145897463
26,260,-0.4298294460646188,-0.09333811359590402,0.17407512961580612,0.40324744910903015,1.087029219380165,522.0283300420269
27,270,-0.2511725257937636,-0.13126912642069105,0.08763120220763611,0.4017826877262035,1.0915922964450413,541.0025594169274
28,280,-0.224338100541984,-0.0629991777901588,0.08353730598352338,0.4002580106416419,1.0959261872308503,561.0285967919044
29,290,-0.24750437223473565,-0.08801615696033264,0.08541400040667937,0.39880896323926673,1.1004998784967757,580.5343295838684
30,300,-0.23352142699328038,-0.11238999847567088,0.06871896228071832,0.3974147332850842,1.10496671980684,598.5485734168906
31,310,-0.21577879005487688,-0.13827267962050324,0.08331509739450371,0.3960953051626136,1.1093761811075018,614.3033163340297
32,320,-0.21660211886138647,-0.1086316657385348,0.08210384743211492,0.3948930062391281,1.11382190028504,631.913120833924
33,330,-0.23621733095927588,-0.16822810503947574,0.10709032666732334,0.3936878371531955,1.118244377617509,647.6764912088402
34,340,-0.23236634906702225,-0.10637628907667188,0.0948654555764906,0.3925284430744713,1.122780628853819,663.5063882088289
35,350,-0.23676354843035874,-0.12334663097516305,0.0976992809798707,0.3913105771136707,1.1274271252582413,681.3090348339174
36,360,-0.2645669312825616,-0.1869725996681197,0.06948310127798504,0.39023955078740946,1.1322582658817737,699.7965697499458
37,370,-0.2288016754124591,-0.08356774920231143,0.11350435544414647,0.3890715050698273,1.1368517098292619,715.4888087918516
38,380,-0.22753166440189787,-0.1067330708513757,0.114435572771606,0.3878240926534394,1.1412945544051922,730.7125913749915
39,390,-0.23196193964700385,-0.12808527935052733,0.09942721819455635,0.38665041981577547,1.1457239808093198,748.7732153749093
40,400,-0.24551419962021193,-0.15281820345362576,0.10430360875724902,0.3857553300534664,1.1505400452321104,765.0796497089323
41,410,-0.25321364943848135,-0.12941446782983998,0.11180491323451966,0.3848305867695822,1.1553656381310402,779.8475593749899
42,420,-0.2656144676643786,-0.12773566601510825,0.11692727963944163,0.38386506538954834,1.159992961410833,795.050587708829
43,430,-0.28574691932963336,-0.13600477185997803,0.09093152817554465,0.3829840623667395,1.1646605709522242,810.6149880420417
44,440,-0.2234704599191355,-0.19788544377549222,0.028588389381603675,0.38242241832076734,1.169778985581324,828.8539380419534
45,450,-0.24751123846811307,-0.16519150689290935,0.08957468944550646,0.3819393021129611,1.175075483242692,847.5023606668692
46,460,-0.23531806159850444,-0.15312842215227826,0.09078320611454087,0.3815838706441018,1.1807689503726844,865.3638212089427
47,470,-0.24424811370694588,-0.11811058651979663,0.12134128799557754,0.3813965582834954,1.1868739121327108,882.5726697088685
48,480,-0.2594948988519521,-0.18740064167771625,0.07469760103429753,0.3813462158168609,1.1929375499767139,900.071118041873
49,490,-0.28694979915222607,-0.21849881813213123,0.04939121614668019,0.38147331331840356,1.1992842565406627,915.6140410420485
50,500,-0.25721093552518504,-0.1789034800699314,0.0850188609863931,0.3814602920519902,1.2054910799937324,930.5806049590465
51,510,-0.2671220503489993,-0.12654200525346546,0.10863499093325352,0.3813038377288519,1.2114918490407616,945.1666866668966
52,520,-0.26536624018487753,-0.16402940769303057,0.1085319346965833,0.38144010104460585,1.217865816604332,960.468991041882
53,530,-0.25320163066260726,-0.13516485175100562,0.1063570589260844,0.3816346586238212,1.2240791537087234,975.288933709031
54,540,-0.25102872259699716,-0.0773760215440971,0.09494611415668666,0.3818949363279864,1.2303707712247773,990.131888124859
55,550,-0.2561277144581311,-0.1957326542674683,0.07087054092461903,0.3819348540341925,1.236598877009594,1006.0554278749041
56,560,-0.25069609110932767,-0.21514637883273738,0.026566636739301295,0.3818330538025846,1.2425152880250083,1021.9226148340385
57,570,-0.30616006035336074,-0.16971657946478383,0.10636238583523172,0.38147261456125897,1.2482611166383546,1037.4710417089518
58,580,-0.25700281954137427,-0.16677407402183012,0.08384381477410603,0.3810100903782901,1.2537313989078693,1051.9205818749033
59,590,-0.27997982545167854,-0.19872645149522183,0.07186360994721255,0.38055767851152644,1.258735143974827,1068.5830176668242
60,600,-0.2952639310787184,-0.17063817091094463,0.08480780277776069,0.3799722528381881,1.2636554894210663,1083.400137249846
61,610,-0.2614693675312241,-0.15202714761576316,0.11582190637131337,0.3790996429520431,1.2681861798328182,1098.5044242918957
62,620,-0.23972310350454595,-0.16350122939418057,0.07186214143195147,0.37856008583974365,1.2730795399654977,1113.3401747499593
63,630,-0.27684984909963894,-0.1735113651943406,0.09915349799859868,0.3779242298454139,1.2779478951943986,1128.5515674590133
64,640,-0.2556194781794927,-0.19511547602930693,0.07350421050571405,0.37725300974281745,1.2830534775411766,1143.5148867499083
65,650,-0.3119819458918993,-0.11637998972886683,0.11755015034318157,0.3766062229176448,1.2880108174456382,1158.8404140840285
66,660,-0.2735748008506569,-0.22742870031453588,0.03273131856247067,0.37585300057404775,1.2929172971485854,1174.2333499589004
67,670,-0.29593828981438897,-0.19225406310714427,0.08752217546780383,0.3754344529305137,1.2978035454388122,1189.2315677499864
68,680,-0.2504919322446142,-0.1875042695088161,0.052379990675037555,0.3748828471175605,1.3024981715302926,1204.455442583887
69,690,-0.354627726813491,-0.2193304745453828,0.08362594136197873,0.3744054271042912,1.3070930665362743,1219.7646501248237
70,700,-0.2653785001786728,-0.19050883033703014,0.06041843278995842,0.373773836495618,1.3118715861808021,1235.019736459013
71,710,-0.2773113200349915,-0.14105827506047425,0.09188719076096316,0.3734528971371198,1.317094341059916,1249.9555743339006
72,720,-0.3089293193677367,-0.18511345599646586,0.08268041672768908,0.37307966986779906,1.3223321284366831,1264.8290184589569
73,730,-0.3613555046909198,-0.21164500263001473,0.1188685498741282,0.37266207745830904,1.3274597664212493,1279.7632712088525
74,740,-0.33581564777510664,-0.21810508302571313,0.06782174131066786,0.3725171285140419,1.3329822560433173,1294.8393119589891
75,750,-0.3508626842169411,-0.206745593204875,0.08185350361310668,0.37228583957328376,1.3383934827562398,1310.169683208922
76,760,-0.4089750888015722,-0.2299563312999174,0.09752695017453018,0.3724078418213463,1.3445030473761415,1325.8152075838298
77,770,-0.3858652342849114,-0.14338521967183207,0.14874334238193082,0.3723918408418275,1.3501581682993542,1340.891324416967
78,780,-0.3539085060158884,-0.19980646133111463,0.07909097083347681,0.37243872436808656,1.3559396917934683,1356.5100310000125
79,790,-0.31455868080035376,-0.16221371621262098,0.110583066420524,0.3724960395072436,1.3620484290923005,1372.2289862919133
80,800,-0.31187590896835626,-0.1834575946337938,0.08287409860853576,0.3723359157777012,1.3677010220769614,1387.513812916819
81,810,-0.2745588771851786,-0.20338941398812257,0.06553917354512451,0.3724454932402651,1.3734313251583314,1402.7769061669242
82,820,-0.3679207522699919,-0.1804051647132187,0.09548591037939477,0.37250066994950065,1.379046145788349,1417.9881384589244
83,830,-0.48698218916515934,-0.26567591802089474,0.1144974061653585,0.37262921029913765,1.3845837589321919,1432.800656874897
84,840,-0.40921917992831247,-0.24389225731416397,0.08497184685025899,0.3726408422445185,1.3900723146917104,1447.8967229169793
85,850,-0.35846562603265486,-0.22908870440297058,0.12410220943515947,0.37263743813677713,1.3953531230629417,1462.868731916882
86,860,-0.31004314773998853,-0.1427737763131586,0.15029005766195733,0.37262634329490724,1.400599035992489,1478.1574249588884
87,870,-0.35616009868753284,-0.2458390956483071,0.04663210312417981,0.37266138769368906,1.4058603443095985,1493.176856749924
88,880,-0.5211037285123723,-0.3144333275143899,0.1017947247792264,0.372628940409405,1.410827486842067,1508.7954540420324
89,890,-0.4912033356093133,-0.26116917736873424,0.09431535121432343,0.37255240524051236,1.4162621583986101,1524.3266472090036
90,900,-0.3314239037458355,-0.1643123791826075,0.10704289020463689,0.3724623323006171,1.4212422133136726,1539.420814666897
91,910,-0.3567125195593954,-0.23443902679526696,0.07770953991129775,0.37237205754337577,1.4264237306326972,1554.0782565840054
92,920,-0.3938241316485138,-0.21331056109555888,0.11724530666186388,0.3722988723590512,1.4314059145153013,1568.6888269588817
93,930,-0.45716277158222596,-0.26828704111262053,0.07037886608349146,0.3723202876486186,1.4365197402324104,1582.7769679590128
94,940,-0.3145362779429668,-0.21112432278258808,0.10550538873702506,0.37191287427975117,1.4412379342911505,1597.856337291887
95,950,-0.4963496598131636,-0.23342970948519773,0.13891294839757676,0.37150221877662876,1.4456230271481987,1612.5518709588796
96,960,-0.406816217333378,-0.2784872346540014,0.07827250731022735,0.37110196666112166,1.4497276319552772,1627.6981262918562
97,970,-0.4653289048921234,-0.278319460677674,0.10827472210261603,0.37101701072886845,1.454011737043678,1642.594386041863
98,980,-0.4181367778377787,-0.25701630453191804,0.08571217939163624,0.3711045043199844,1.4581071610141034,1657.6022185839247
99,990,-0.34232079631437795,-0.23972595458887716,0.08773081260454041,0.37107784713826275,1.4622371655521254,1672.3516864168923
100,1000,-0.3863371746612838,-0.2332761708564613,0.10429327175452667,0.37115099874276364,1.4665378417255617,1686.9611170419957
101,1010,-0.4576966395989297,-0.23861351581893092,0.157330296363363,0.3710587998489349,1.470569015998787,1701.1396106248721
102,1020,-0.4470893189738332,-0.24410940479830998,0.11226907893066648,0.37113058461239795,1.4748102438045625,1715.5803982499056
103,1030,-0.40755606031558056,-0.21335471620667698,0.15353054626177662,0.37111830397735324,1.4790784038210822,1730.073593084002
104,1040,-0.3004456996752669,-0.21580780308039796,0.07637974564679327,0.37128991737115985,1.4830915596332215,1744.974644958973
105,1050,-0.3704859041396684,-0.21665396336247422,0.13306697868650905,0.3714041449060198,1.4870685458725896,1759.698186625028
106,1060,-0.42486366595002334,-0.2738687201158223,0.07264542296431953,0.3713144237994802,1.4909895170961196,1774.2360599169042
107,1070,-0.40762378534784993,-0.26328521891085516,0.09519978291948698,0.3711839788960394,1.4953533190238533,1789.257096708985
108,1080,-0.3924479385385675,-0.21713117192295908,0.12773624577866088,0.3710187222959512,1.4992797238811624,1804.0096293748356
109,1090,-0.33911338869356467,-0.24006080805378033,0.06547071808050074,0.37090640581862816,1.5030905958524607,1819.152367417002
110,1100,-0.4208543542708876,-0.2604854876525546,0.06885779170561669,0.3706755424736825,1.5067208485251922,1833.8110610840376
111,1110,-0.48878992040353,-0.24993954480417574,0.14080924625491265,0.3709039678077106,1.510448585109565,1848.4604029590264
112,1120,-0.5362308661010271,-0.20775285615340228,0.14320603325787912,0.37106315435422493,1.513998216749134,1862.702415916836
113,1130,-0.40131092532723844,-0.15779309456752655,0.1546965154860243,0.37134072339468843,1.5181279193519082,1877.683873416856
114,1140,-0.29002504691654707,-0.15234582869506114,0.12542404908313567,0.3716733236800852,1.5221342270418985,1892.6173810840119
115,1150,-0.34818515891320256,-0.20374201357871158,0.10413238189227135,0.37208941294605374,1.5260768142619903,1907.218985583866
116,1160,-0.42800288440176804,-0.2421292903596716,0.12915259709888968,0.37239508452996073,1.5301565686131875,1922.0505045838654
117,1170,-0.4100610332789705,-0.27684469083069746,0.09245694855972668,0.37269319246756244,1.5340773186122465,1936.5768644998316
118,1180,-0.4355228420082691,-0.19304212867795237,0.16427595524645067,0.37294943478036463,1.53781277218229,1951.6428134168964
119,1190,-0.34177250750610977,-0.1925570022626637,0.12185797145574409,0.37309868607679675,1.5418111141680082,1966.113830416929
120,1200,-0.3768194921065149,-0.19357402589757555,0.1538962692533145,0.3731615112643779,1.545530759824156,1980.50754637504
121,1210,-0.4130881903731902,-0.24128247637632363,0.11038296194823541,0.37325280018505835,1.5490568648886176,1997.339300459018
122,1220,-0.26847402609599236,-0.04643891952540713,0.11351241121658633,0.37357821130461155,1.5526121791284315,2013.5170974170323
123,1230,-0.40792400349929103,-0.1517342189218666,0.15056367973603452,0.3740836126629192,1.556281804479452,2029.221819124883
124,1240,-0.3037178410543113,-0.2020581321411255,0.09566938656793121,0.3747579389010571,1.5603653496123213,2044.5884842090309
125,1250,-0.3521470161491278,-0.12496241057827095,0.14913431250900389,0.3753433418789742,1.5644970923341317,2060.437234333949
126,1260,-0.2708137588762316,-0.11467382750279702,0.14970394013392319,0.37593081035168957,1.5686856546595207,2074.655543833971
127,1270,-0.31784303990038687,-0.13657563811332113,0.1468149357899307,0.37648281900911124,1.5728440549026552,2088.9613287500106
128,1280,-0.26657610259163356,-0.12612322836778578,0.1491948798229607,0.37676386299118353,1.5768674468056356,2103.2757546249777
129,1290,-0.36233373100363764,-0.17424761342629402,0.11342736411116948,0.3769494072392183,1.5808123940803671,2117.677678916836
130,1300,-0.4210438696781367,-0.25937237073205843,0.16293654259573495,0.37682452830109775,1.584616569192116,2132.2499832089525
131,1310,-0.373225639770439,-0.20069623917261845,0.1427715571225564,0.37645504811196684,1.5879385770340777,2146.5229945839383
132,1320,-0.38915553573347594,-0.2027354289341213,0.1330862777610639,0.37601883626878113,1.5913334733678084,2161.019332499942
133,1330,-0.3314124519517021,-0.1753996102588559,0.12694347161649394,0.37560557155134183,1.5944937458327455,2175.624019791838
134,1340,-0.4797960715623306,-0.2225366779364079,0.17020578610951304,0.3751072573880361,1.5972141860572495,2189.6025274170097
135,1350,-0.4807481371145359,-0.27069913084332475,0.13831101283285863,0.3748973097109269,1.600693869392995,2204.1041966248304
136,1360,-0.39866569911154137,-0.18815599691293006,0.15048755404657674,0.37480564615122947,1.6038350005884998,2218.668498208979
137,1370,-0.40241833813252015,-0.20364891521578973,0.12309422186870693,0.3749229615795705,1.6068068913365623,2233.717149041826
138,1380,-0.4057219326666308,-0.2656910150759934,0.10626633577309907,0.3749955703796335,1.6100441627665456,2248.2321748340037
139,1390,-0.4022258344215013,-0.18376463399013715,0.13998378354726593,0.3749912034406054,1.6131101805581973,2262.8390574590303
140,1400,-0.3585287144273934,-0.16710276466108587,0.12212393589563818,0.37494531762214217,1.61613184501747,2277.2251488338225
141,1410,-0.45295506378509653,-0.24381454162718316,0.10264525529083465,0.37482811945597644,1.6190899213508154,2291.1649982498493
142,1420,-0.39768288810345087,-0.24173863521336764,0.11288465985621063,0.37486219559005346,1.621723260652814,2305.804407999851
143,1430,-0.3578440112245769,-0.17335442079693086,0.1405177033992227,0.37499769028363705,1.6244150767246295,2319.919637749903
144,1440,-0.2724328904282176,-0.14745908887480352,0.0921118011346089,0.37535509691907415,1.627241430349388,2333.969736999832
145,1450,-0.4408977076331899,-0.1649998935793744,0.1442053049395287,0.37564222105351375,1.6300180590245608,2349.2854210420046
146,1460,-0.22915306909773747,-0.09756030254168299,0.1054792590008193,0.37613919412732283,1.632987090736255,2364.1836931249127
147,1470,-0.25302420124475056,-0.08660710149793305,0.11079690665745753,0.37654994415805215,1.6356604298442947,2380.1106453340035
148,1480,-0.29703039187495683,-0.175153550473712,0.07633940632380702,0.3769803442628128,1.6381101036559012,2394.4582035420462
149,1490,-0.19406562687045703,-0.06961532406267504,0.08910926944347439,0.3772602086953589,1.6402896404391294,2410.0299300840124
150,1500,-0.3388850408437909,-0.2303783292298613,0.0714924960296472,0.3774950466541329,1.6425556980286655,2424.915495874826
151,1510,-0.29618978883170666,-0.12913898933399218,0.141213912460096,0.3777805637433454,1.6447653453315796,2439.891102374997
152,1520,-0.31661250921077944,-0.22301918141607713,0.04305065747409605,0.37794227000697295,1.647035390322291,2454.4112475840375
153,1530,-0.2887358797701838,-0.20368581544808517,0.06231875372469894,0.3780993898768079,1.6494879104270412,2469.788756124908
154,1540,-0.3147436720195076,-0.15818886428299095,0.11375925687337532,0.3781560092747938,1.6517997586387767,2485.2641534588765
155,1550,-0.3633319969390598,-0.2291346787808691,0.09703973067966289,0.3784163334039663,1.654038624285669,2503.457578208996
156,1560,-0.37663006925734344,-0.14320132576797748,0.1840999581153169,0.37889372360740675,1.6568489424689155,2520.0576592090074
157,1570,-0.35019974504415785,-0.20715816942746185,0.09039554797745612,0.37970229079092765,1.65924090060843,2538.0056745000184
158,1580,-0.33280361207686493,-0.07096258526071964,0.18861831733394263,0.380544545125355,1.6619207634455333,2555.0467157498933
159,1590,-0.4009632812770656,-0.16773535332984038,0.17351182819334135,0.381481467877347,1.6645900442727284,2570.978369124932
160,1600,-0.4277232359902632,-0.23531555757758857,0.14392835296025963,0.38235028485964845,1.6669639494426836,2585.8780056249816
161,1610,-0.30881413583050676,-0.13292806485630965,0.15981261739948277,0.3832727001617428,1.66961445690455,2600.889510708861
162,1620,-0.328204016327418,-0.18132822299167276,0.10094020941685516,0.3841883765306536,1.672397566895185,2617.0463837499265
163,1630,-0.409020311410754,-0.183981825285022,0.12862569099362361,0.38480716207869425,1.6750862746209472,2632.695132208988
164,1640,-0.4663132783139581,-0.1797221531239849,0.14773982732367255,0.3852065200239028,1.6772080466243675,2647.3871345838998
165,1650,-0.40954214125814925,-0.3143914211391549,0.07787873446026163,0.3854918598952879,1.6794899048531176,2662.038384999847
166,1660,-0.42228600699585783,-0.24478896865668184,0.15522096214544143,0.3859146668219599,1.6823473148524293,2678.176564041991
167,1670,-0.4288681913774308,-0.28993943531590655,0.124041517016242,0.38643607951128667,1.6849764714353062,2693.3345734998584
168,1680,-0.4410780328247732,-0.26505818657245295,0.13077429709279262,0.3869979800427018,1.6875119993254062,2708.048167791916
169,1690,-0.4258017498197928,-0.32447416700141424,0.09772893798121902,0.38790009469496106,1.6905038081477233,2722.340183999855
170,1700,-0.5232999747031553,-0.2749975546005655,0.1372259191673523,0.38888002016722906,1.6933328647853851,2736.7066147089936
171,1710,-0.538946621296466,-0.3592488492767488,0.08043649309375664,0.38956018849052165,1.695737154570392,2750.9886631669942
172,1720,-0.5546654188853797,-0.31643639460206047,0.13437848462705865,0.38987484743754863,1.6980432954242473,2765.9934739589226
173,1730,-0.5284721648329009,-0.35884639977598864,0.09023313619462302,0.38991132679205814,1.7004605063501095,2780.207339833956
174,1740,-0.5450384655872496,-0.3786932354920872,0.13049318463389298,0.3899685868468511,1.7025909738044522,2794.0073018749245
175,1750,-0.46345344559768176,-0.28750825523567086,0.117654177093507,0.390102067233522,1.7050973275984407,2807.9113375840243
176,1760,-0.5817246721365317,-0.31618126424640514,0.18540501308432414,0.390340533993705,1.707396160475744,2822.8146937920246
177,1770,-0.6341948355335862,-0.34770540320970256,0.16325841200557903,0.3904117399965018,1.70957362548974,2836.9637095418293
178,1780,-0.6208710407216387,-0.40079571279161996,0.1257047403091841,0.3903644484642359,1.711740744366561,2851.2004147500265
179,1790,-0.687735048264905,-0.45954328356214746,0.18211896137848102,0.3901444737872003,1.7139200188791421,2865.214559624903
180,1800,-0.6398873184165517,-0.40435996536518387,0.18934351449843934,0.3899584136317418,1.7159701182227698,2879.634214083897
181,1810,-0.6509741247926701,-0.38072878298580914,0.25029825609681605,0.3898329645223284,1.7179837428758296,2894.212838041829
182,1820,-0.7531460058084081,-0.32004458799662805,0.23124560119530294,0.38960560498040453,1.719873057235397,2907.8124295419548
183,1830,-0.5667867389142431,-0.29382536716541974,0.19295890219739684,0.3894686172736038,1.721631398839685,2922.9357634999324
184,1840,-0.650590392962342,-0.24757240352246407,0.27055142184238573,0.3895018753269145,1.7234153159184817,2936.9649414999876
185,1850,-0.5805321314674945,-0.33046159885031523,0.21085131315692365,0.38950377392320124,1.725061358007669,2952.4009035418276
186,1860,-0.566897409818691,-0.35630988902985694,0.20524030392589054,0.3895459660968553,1.7267429570902455,2967.040485125035
187,1870,-0.7609868994890752,-0.4132563709976341,0.1864384010794604,0.3896702894445225,1.7282314762446702,2982.042022124864
188,1880,-0.5970124352379935,-0.34881753016853867,0.23118265392225285,0.3899653914953777,1.7299808960761316,2998.08530825004
189,1890,-0.6109789089609423,-0.31065677672325737,0.17393139999896612,0.39026692006374497,1.7314651757411519,3014.26640004199
190,1900,-0.6510942616053006,-0.4532066360834415,0.24876268707089386,0.3907208378975897,1.733137945123898,3029.617690041894
191,1910,-0.5820697255663649,-0.32724865667733327,0.20061884696577983,0.39134966079890077,1.734773067330688,3045.0073793749325
192,1920,-0.6059155133050771,-0.3896674804262402,0.18127091546962087,0.39210863211613656,1.7366629310551065,3060.2400544588454
193,1930,-0.6908931333692436,-0.47579810534221256,0.14715363960768701,0.39288006460723596,1.7383898474267077,3076.538976166863
194,1940,-0.7002340038069281,-0.4753913351793688,0.15730016965116328,0.39346613429598587,1.740384134260198,3090.1427025420126
195,1950,-0.6524824269135792,-0.4944929588532127,0.12274158671834061,0.3936957158412179,1.7424781166229086,3103.9745051248465
196,1960,-0.7305194438400386,-0.5321868578771228,0.09239034161638955,0.39390861182599696,1.744470161541982,3118.3273223338183
197,1970,-0.555313359196262,-0.3819618688539844,0.10375728327599315,0.39422620767839983,1.7463197474076964,3133.6187092498876
198,1980,-0.5697469639478951,-0.32408747826101364,0.1661485457861898,0.3946253829036903,1.7483524355737428,3147.650157416938
199,1990,-0.6188743553169882,-0.33584433061969604,0.19692656446883344,0.3949624916315692,1.7502031170412633,3162.357514208881
200,2000,-0.7160777985683495,-0.4376326258199358,0.15621784563211896,0.3952632374848618,1.752468053718881,3177.0473583338317
201,2010,-0.7505272797489653,-0.3627524773360923,0.14321506023920702,0.39564043563447515,1.7549434950658596,3191.5849294168875
202,2020,-0.5993062133046241,-0.45464076678981435,0.09031105872693225,0.3960805861056103,1.7570877052631309,3209.050969416974
203,2030,-0.6395025194270056,-0.48084492280152613,0.10032294268749438,0.39642558447823895,1.7591256094453438,3223.2100690838415
204,2040,-0.6684953304662908,-0.46940983458906604,0.19984986838017418,0.3966945101949747,1.761206507934234,3237.10947591695
205,2050,-0.76653174579753,-0.5007142374896497,0.16059058160514833,0.39687986729248886,1.763079027860475,3252.24332191702
206,2060,-0.7545470182917624,-0.520752060861579,0.1651262479142117,0.39685982060032554,1.7649324978260799,3268.3334289998747
207,2070,-0.6115164185583888,-0.33664013361647854,0.17306471252148475,0.3970088982958252,1.76688603212923,3283.126094667008
208,2080,-0.731206949213707,-0.22916692562596275,0.2631215383096956,0.3972193677856781,1.7690001814425789,3296.804506708868
209,2090,-0.6946379084343768,-0.5233752631279914,0.12696868878945658,0.3973117380158059,1.7710747544543517,3310.2347826668993
210,2100,-0.749931545498816,-0.36997536167122813,0.23194578422402454,0.3972756822625849,1.7729008245993862,3326.219993958948
211,2110,-0.7606037870242819,-0.3772621412307403,0.22273743772080895,0.3972403390677029,1.7747423689313535,3340.249795584008
212,2120,-0.7322621710182808,-0.3306614213230687,0.23327076417742446,0.396963558911803,1.7762215579883291,3358.816758999834
213,2130,-0.7183921749025357,-0.508407630249489,0.17977614128328298,0.3966289918754551,1.777725901088977,3376.008134291973
214,2140,-0.8415931037781954,-0.49280896572908073,0.2694509615359312,0.3963087678930826,1.7794483105041303,3393.615747499978
215,2150,-0.7192133198027504,-0.4395694095465933,0.28427459682620354,0.39574256378867934,1.7811582288877872,3407.8598307089414
216,2160,-0.6340852019407937,-0.316517868396168,0.16222892995538934,0.39528863256516583,1.783019641912537,3422.506320958957
217,2170,-0.7650725796913287,-0.3749827839460478,0.22356744344241147,0.3948898213902044,1.7847800367211082,3436.3049377498683
218,2180,-0.756145693182499,-0.47178320517882655,0.2582854173870007,0.39445008766489337,1.7867966885371724,3450.450124166906
219,2190,-0.7809625632717854,-0.5128853112945206,0.24746424914697832,0.39394424066348754,1.7886529313461637,3464.733542624861
220,2200,-0.7790919288457259,-0.3768036547429191,0.2607805216479217,0.3933272307286732,1.79027812031439,3479.5823613749817
221,2210,-0.8426703258792347,-0.4966949918248635,0.26326260810643626,0.39265828440078593,1.7919559125683835,3493.648656291887
222,2220,-0.8839736405048431,-0.5377541314973088,0.22131865509066714,0.39216363830488393,1.7936489660779722,3508.4635047919583
223,2230,-0.9317947952253993,-0.4683893294109436,0.32046331218941065,0.39186063540329347,1.7958196040756946,3522.521696541924
224,2240,-0.9297076832069004,-0.6080315275509388,0.20927938861457096,0.3919717111313131,1.7981516550911372,3537.60523429187
225,2250,-0.7896315904640501,-0.6135763422316035,0.14848159255829174,0.39199244453023174,1.8005015274241745,3551.677823334001
226,2260,-0.801751988665278,-0.5055075449701069,0.22374401664463658,0.39206403487475583,1.8028210911153726,3565.7338145838585
227,2270,-0.7606906315633788,-0.5710147953625093,0.19982357826647068,0.39201162987029664,1.8049569906048808,3579.3819117089733
228,2280,-0.8154994146918106,-0.38175807523021577,0.301530835424754,0.39205997621625466,1.8073451223891954,3593.568170374958
229,2290,-0.8187546672114694,-0.5285896393243683,0.2538026210704998,0.3920804616845055,1.8097387135512257,3608.134205874987
230,2300,-0.7986968861889547,-0.48518095400661887,0.26285304540144144,0.39242154241360966,1.8122966630536286,3622.2361186668277
231,2310,-0.7360018752644484,-0.5058221650453665,0.17616895740049854,0.3927402572780614,1.8150703798479746,3635.5212427920196
232,2320,-0.8093344411055101,-0.5267989582699362,0.22428784594440435,0.39290842617677657,1.8178792026289858,3649.2464897499885
233,2330,-0.8894942062359439,-0.4778996065447676,0.2641852931619018,0.39338818819049826,1.8206486106943527,3663.024346958846
234,2340,-0.8808937163632438,-0.671020094315504,0.23158817626637893,0.3938565063347749,1.8236668212470555,3676.7737108748406
235,2350,-0.9383402411399357,-0.7220546756429048,0.18499442353424997,0.3944673619015401,1.826996604502669,3690.319457958918
236,2360,-0.8540021431502778,-0.5413071010943284,0.33745142263037026,0.39507039882584716,1.830342730365856,3703.812615541974
237,2370,-0.7963788070429239,-0.47590053417321976,0.2627819546207813,0.3956059918469259,1.833909613145846,3717.3878380418755
238,2380,-0.7409235188812264,-0.48064089378410213,0.22713268854019525,0.39637634669798194,1.837752128132639,3730.7413848750293
239,2390,-0.8421094041219819,-0.5452604589061144,0.24199134546511963,0.39690148986091034,1.8412900995538686,3744.5455445419066
240,2400,-0.8554225964303681,-0.6609758543436612,0.20610978728808427,0.3975361319625828,1.8450923279229536,3758.0879605838563
241,2410,-0.8804366611454144,-0.6793219231331742,0.13498451818933369,0.39802890308055566,1.8487681350552243,3771.655988625018
242,2420,-0.8375282640440442,-0.600846399323361,0.26059210976431335,0.3986089876365082,1.8527725025956985,3785.2444667499512
243,2430,-0.8332000983719938,-0.6632110439853423,0.12170604942854445,0.3990761576083484,1.8566661376748141,3798.4894504169933
244,2440,-0.798977660589137,-0.3817280383223613,0.25730554817131934,0.39947254469565774,1.860835825780817,3811.7868515418377
245,2450,-0.7774451944011238,-0.3689391853588613,0.27427962176093085,0.3999493638740923,1.8652279671307603,3825.6223299999256
246,2460,-0.8057707689586415,-0.513380905599158,0.18555506989151543,0.4002616292918321,1.8692040000851986,3839.3871683338657
247,2470,-0.7944443709041398,-0.44758829952123963,0.2869281784452372,0.400442638217009,1.8728485564318422,3853.03581795888
248,2480,-0.7906479871391809,-0.6642233482719712,0.0817008403222447,0.40045612467869995,1.8764613478146512,3866.6978324998636
249,2490,-0.7827549590648077,-0.516925194344094,0.26739017171683727,0.4003852244517627,1.8800471086156552,3880.0626135838684
250,2500,-0.8147841423341431,-0.5028024161823821,0.2522269486619115,0.40027352283836226,1.8838805873049327,3893.5644572498277
251,2510,-0.8481654605485058,-0.5507584867057702,0.2512637807870474,0.4001374266523469,1.8874475113800553,3907.699273458915
252,2520,-0.8034861676066711,-0.459073836507342,0.26718317792070384,0.3999905853365943,1.8909171491989525,3921.659594167024
253,2530,-0.8276148045047069,-0.42742242138903697,0.21058708971329418,0.39988671145816546,1.8946910826823662,3935.635478458833
254,2540,-0.8518972417381638,-0.5304658513187526,0.29032146466141084,0.39954286742806694,1.8983229202658012,3949.3817007089965
255,2550,-0.8264021272346147,-0.6159536908217723,0.20158274333429438,0.39921412790097976,1.9013726996443225,3963.1007073340006
256,2560,-0.8805047106387596,-0.6822703922995794,0.1490288210837087,0.39873250118732173,1.9047044694468118,3976.9535203748383
257,2570,-0.8197476767687304,-0.7008323167412158,0.0788792676295471,0.398245324349749,1.9077464948052423,3990.102092416957
258,2580,-0.8021613209815444,-0.4695419132347006,0.2861629986997715,0.39786935289236525,1.9107704805346966,4003.8534569588955
259,2590,-0.8080069459077617,-0.5540338347375756,0.1950388462177499,0.3973545217673728,1.9137317420550481,4017.9567578339484
260,2600,-0.850670793817323,-0.4920147356049296,0.29594312054668814,0.39673408514301806,1.9163226180245894,4032.1098799169995
261,2610,-0.8285060949293275,-0.5030424931728847,0.3375805991357029,0.3962806183026282,1.9201890044723426,4045.9326974169817
262,2620,-0.8047970175539287,-0.4757762990683271,0.26697825277036563,0.39557654457942315,1.9233240445279713,4059.609444208909
263,2630,-0.8108127699238432,-0.6347669768924437,0.23199466008622996,0.3949024824267735,1.9261305384578742,4073.7623948748223
264,2640,-0.7967009414569368,-0.3533225849567064,0.29988282524374915,0.39391307568855294,1.9285088256812428,4088.438247083919
265,2650,-0.8424543325018217,-0.6443511208197341,0.20625196513207691,0.3928974835905492,1.9307326903901485,4102.0811419589445
266,2660,-0.9041036919119003,-0.5317987723631907,0.25937851945289137,0.3917604052259557,1.9330565311484376,4116.213813791983
267,2670,-0.8979913409063691,-0.650825873656468,0.25922795895185496,0.3906726474953352,1.9353886053549592,4129.914275167044
268,2680,-0.8398246075002422,-0.5842029256301029,0.22316458115940488,0.3895048764439956,1.9376354746333522,4143.39120979188
269,2690,-0.8315670079822839,-0.6742148704555198,0.20367242141601713,0.3883884993421799,1.939691603546481,4156.838630666956
270,2700,-0.8808165447421299,-0.5469121786108364,0.31746424097444076,0.3873345603011742,1.9417172158376381,4170.225853791926
271,2710,-0.7556869498476138,-0.37263733895301565,0.24702274745379854,0.3861165367225232,1.943577492032138,4184.335979209049
272,2720,-0.8258650480467962,-0.6217634021673055,0.18457461030997432,0.38518632619229265,1.9457260359775341,4198.233770083869
273,2730,-0.854594174885225,-0.5612581826720955,0.24564388354522232,0.3843393458141688,1.9476938909412458,4212.125467374921
274,2740,-0.8318073877570367,-0.6321746776120237,0.29964619879830817,0.3835570013487162,1.949630685564669,4225.44097104203
275,2750,-0.9426883962072026,-0.7699438632818795,0.14757276510152656,0.3827624847682987,1.9514080192761218,4239.076555583859
276,2760,-0.9957440900416463,-0.5052511996278881,0.41125267896756573,0.38210860344368847,1.953197326991356,4253.134795833845
277,2770,-0.9738900170060019,-0.5286002213045567,0.2891351326671653,0.38138501628847477,1.9553301025307728,4266.619030624861
278,2780,-0.9065077216972393,-0.6358056144539411,0.2010992598730759,0.380653369779882,1.9572027923539514,4280.556733416859
279,2790,-0.9475229508168885,-0.6532695367428063,0.2347052989858009,0.38000480765252115,1.9592841612472698,4294.345824958989
280,2800,-0.9646044851173485,-0.7878191811915063,0.12447320102397227,0.37940709051573085,1.9612941205807042,4307.918442334048
281,2810,-0.9363862327162016,-0.6232672756224484,0.27162421728313335,0.3788514060537124,1.9630404839601465,4321.774098374881
282,2820,-0.8987952648734199,-0.6407608491516962,0.2186554418442205,0.37822765325431984,1.9648661651778543,4335.169137083925
283,2830,-0.9005863518231525,-0.8151395855243336,0.050239975280245645,0.37737100433037885,1.9663451241485415,4348.688112959033
284,2840,-0.9042846388299601,-0.7427925425559895,0.1228089595107933,0.37641575358864166,1.9675653821532446,4362.05498645897
285,2850,-0.9534287019585346,-0.6841475487922155,0.17412126995324248,0.3754809270980816,1.968886587274918,4375.485029666917
286,2860,-0.949850149527288,-0.7270128894854612,0.1709466043314146,0.3745428234555383,1.9702365904278116,4388.8248662499245
287,2870,-0.929509302208885,-0.7248888839229912,0.20269449018106833,0.3733063503195028,1.9713986890395194,4402.624739083927
288,2880,-0.9204996843420741,-0.7640633247242858,0.16018123275425247,0.37218872122088686,1.9728200275350527,4416.313836541958
289,2890,-0.9611217857815761,-0.8256778853860194,0.1623971789440861,0.37102621900431343,1.9741748065703324,4429.958452458959
290,2900,-0.9797745007212386,-0.8543357207512795,0.07333325654312398,0.37011421778546105,1.9755238604506729,4443.078528666869
291,2910,-0.9839710937541684,-0.8364231035498577,0.15734635519426796,0.36918687967482533,1.9768313644465911,4456.393787499983
292,2920,-0.9604874488442086,-0.7791357415119063,0.18393323106343545,0.36830567710897016,1.978209319221399,4469.933692167047
293,2930,-0.9244863493350302,-0.710932961602219,0.1718115041001559,0.3676942500590572,1.9798221545873347,4483.407792208949
294,2940,-0.9114409954292624,-0.746082917229894,0.18105456303682824,0.36711317689269685,1.9813882336020485,4497.246406874852
295,2950,-0.9511832281825532,-0.7093477247625354,0.24212364441703518,0.3664561297070156,1.9828835138746415,4510.5498982500285
296,2960,-0.9505637130649811,-0.6953815384473797,0.2518676761226343,0.3657737877184205,1.9843550686655418,4523.978170417016
297,2970,-0.9664327122492349,-0.5721158979307871,0.24023513789545067,0.3650890902103948,1.9859778898625629,4537.339475417044
298,2980,-0.9797236164917162,-0.7302979154238022,0.17697163343215955,0.3645485611514179,1.9873166354461045,4550.739525167039
299,2990,-0.9848153343926729,-0.7895191290682548,0.15439063046568566,0.3638985624368158,1.988804550462391,4564.26417949982
300,3000,-0.9473950412390133,-0.7340630875904559,0.11686751086149523,0.3632271985221787,1.990254762811475,4577.7747189588845
301,3010,-0.950082848873671,-0.7099966544596732,0.25096436940974115,0.3626048651677798,1.9913617284945468,4591.573160334025
302,3020,-0.9129578547774688,-0.576079222578721,0.20625913752109595,0.3620032265903767,1.9923796266728122,4605.301615000004
303,3030,-0.9493478006009024,-0.7234920356537926,0.11576607644886612,0.3615033769107323,1.9935214933518348,4619.185124584008
304,3040,-0.9540109202314921,-0.7933116959515866,0.10883921370732402,0.36083268192974893,1.9945536072321102,4632.744049584027
305,3050,-0.9818240240514502,-0.6682502592393911,0.257895624336337,0.36007348653376436,1.9954740728890248,4646.219618541887
306,3060,-1.0275607657137176,-0.8419032674100905,0.2617599420103916,0.35935017613425213,1.996205364711987,4659.302631416824
307,3070,-1.0185716528740487,-0.8409716037838812,0.2007745574708587,0.3584022124504891,1.9970017787702765,4672.816139791859
308,3080,-1.0305336968855965,-0.8088020086865175,0.2358493806174263,0.3577210099266161,1.9977506516599932,4686.054473917
309,3090,-1.0048813046678946,-0.8343852982111641,0.1977523039462228,0.35733510262214135,1.998539426402347,4699.290396749973
310,3100,-1.0268535306341997,-0.7349756256142983,0.22048243838711745,0.3568572381315911,1.9992491619989232,4712.480825542007
311,3110,-0.9805228310380514,-0.8104532990540845,0.09783946882775083,0.35662827186201856,1.9996727881043617,4726.439016334014
312,3120,-1.0137192489134472,-0.8560054940816224,0.23254529133159108,0.35644604207903224,2.000186782799497,4739.90586599987
313,3130,-1.0074979927636125,-0.828690240389858,0.2187251368164289,0.35633315863170856,2.000609393310206,4753.688066583825
314,3140,-1.0124179530707949,-0.8570229143772365,0.13207429496776893,0.3563613440011858,2.0013834893355433,4767.030452916864
315,3150,-0.9981773622799723,-0.7658427508363669,0.24066710762710178,0.3561917868904988,2.001898825804829,4780.097021624912
316,3160,-0.9897857825749519,-0.812173389470864,0.19645833236409432,0.3562943905462932,2.003324673915913,4793.368122834014
317,3170,-1.0225337251103683,-0.8297005687894121,0.14836881171195337,0.35643033274824704,2.004579039455743,4806.608680208912
318,3180,-1.0328439266306617,-0.8136021390983961,0.17650789961863203,0.35652688065451,2.005628129734686,4820.088294999907
319,3190,-1.0104910686952628,-0.8888109622970362,0.13906948972082597,0.3566784043543798,2.0068001692250896,4833.388912583934
320,3200,-1.0156092815875173,-0.8457162751982175,0.19499867824285938,0.3568199056863371,2.0078903492739864,4846.897314166883
321,3210,-0.9783044616257044,-0.8585519136971481,0.11007058446058111,0.35683428659732264,2.0090752494797477,4860.9388603749685
322,3220,-1.0290507672375497,-0.8404584536546011,0.09728016955626642,0.3568851979999095,2.0097463455721347,4874.364902958972
323,3230,-1.0492370572470762,-0.9094818715339741,0.102427628179263,0.35730844227352826,2.010708014757404,4887.426348458976
324,3240,-1.0280437637832724,-0.7860042230034544,0.29598485560997906,0.3576327661285579,2.0114093880323454,4900.95857758401
325,3250,-0.9899813217093074,-0.9181818639922575,0.05015893617249655,0.35784222899487395,2.012281371645764,4914.286340916995
326,3260,-1.0194479679823791,-0.8186551033458709,0.22654125563902563,0.3580495530930783,2.013432619766373,4927.67788354191
327,3270,-0.9916146640199672,-0.8212270171177343,0.1799882087153665,0.3581824703129545,2.01426583979801,4941.366737749893
328,3280,-0.958979669209687,-0.7431722983378395,0.22391806139628478,0.3582528731430014,2.0150085296502485,4954.79794808384
329,3290,-1.0364787688767327,-0.8160684122640083,0.19763789671464196,0.3580690019136283,2.015587329205519,4969.229669541819
330,3300,-0.9901299491885611,-0.737654946539746,0.24784471887220838,0.35794640798904154,2.016082828081608,4982.989151374903
331,3310,-1.0123311061813682,-0.7032681010673462,0.24321460922574412,0.3575265587177154,2.0166793570411956,4996.402601874899
332,3320,-1.0072838491094709,-0.780319456993125,0.2796359397510869,0.3573606309395699,2.0169845488312714,5009.92839595885
333,3330,-1.00601241740112,-0.9104952008003376,0.11159058892436417,0.3572524217967015,2.0173018643367953,5023.660353834042
334,3340,-1.0362923883814243,-0.7400188643951233,0.2541726112566513,0.3571393506899592,2.017517816334675,5037.103478000034
335,3350,-0.9984941204372655,-0.7993573231953925,0.20331317769095122,0.35694426108201516,2.017817480449459,5050.553596209036
336,3360,-0.9955429052709697,-0.7308752479562308,0.19245734493963876,0.3566764361393665,2.018006935142014,5063.644390083849
337,3370,-1.0091152518954818,-0.8158046188865354,0.233313201322531,0.356363925077286,2.018242935719043,5077.186706291977
338,3380,-1.014697338542999,-0.8271712128669162,0.18796336836627228,0.35603599924917056,2.0184698021877585,5090.660617541987
339,3390,-1.0019364534573825,-0.7511139092735876,0.3379901728990832,0.35577731897695725,2.018739217436389,5103.875817749882
340,3400,-1.0255744658470043,-0.7762119843678639,0.31204980197227594,0.3556193780502009,2.0189869914399985,5117.5707393339835
341,3410,-1.0208149968253615,-0.657060112155617,0.24655252943134048,0.35552925585510203,2.019572811395307,5131.124627124984
342,3420,-1.007520517908075,-0.7811227358552078,0.18894052575147902,0.35548477683849494,2.0197301768492717,5144.881672083866
343,3430,-1.0170927916757648,-0.6237465757854015,0.39324004920833416,0.35537019708419265,2.0200067155450854,5158.81557066692
344,3440,-0.9943055987071201,-0.73056280649367,0.22960320161434408,0.3552608469727919,2.020167188169976,5172.512123874854
345,3450,-0.9890397732620109,-0.7088312456888396,0.25529713442647306,0.3550138954460436,2.0204244925375385,5186.425624166848
346,3460,-1.006531082949003,-0.8306077874269026,0.20587982184171724,0.35475216928633685,2.0208392320283823,5199.737045374932
347,3470,-0.9444866488755483,-0.7921718667281599,0.15933105670408373,0.3545912718003398,2.021088952610575,5217.330482000019
348,3480,-0.9870301484900716,-0.8070602941632952,0.1618896221068773,0.35437168124627827,2.021302798057969,5230.409747291822
349,3490,-1.0857986451295387,-0.8538060146249835,0.23391723781245627,0.35423355056225364,2.02161166807839,5244.4472212500405
350,3500,-0.9824962410436102,-0.7228033986905673,0.25445682444545004,0.35399582227161086,2.021850681433193,5258.324386375025
351,3510,-1.0060786358758458,-0.8564920134944668,0.17235770368590134,0.3538611432359304,2.0220814600085566,5272.011274291901
352,3520,-1.021281980947312,-0.8825491773124924,0.18883695533409584,0.35376910148595975,2.022109867139293,5285.6635906249285
353,3530,-0.9610851379178733,-0.8882079697674794,0.06453658871284794,0.3537779824265234,2.022280210480442,5299.177032666979
354,3540,-1.0081295207588035,-0.7726714244670625,0.290436342161612,0.353708626578783,2.0222937801347523,5312.416493291967
355,3550,-0.9798078016509653,-0.6363420228635696,0.31371340119492513,0.3535439097730305,2.022531931111841,5325.940620499896
356,3560,-0.9922732147894076,-0.8207309478422953,0.24489958240632098,0.35327563963595865,2.0225555804463804,5339.851134917
357,3570,-0.9851892351636318,-0.8808898286737875,0.1904222460385393,0.3529621227582793,2.0228136352378088,5353.822713959031
358,3580,-1.0230228565523714,-0.7411207803638087,0.28706693503294245,0.35267315350232314,2.0228522032263734,5367.077498208964
359,3590,-1.0361601049832077,-0.6384169970490283,0.30991092970411793,0.35211841629354435,2.0230488879158437,5380.82822983386
360,3600,-0.9931788691058827,-0.8144021048506985,0.23549313923815773,0.35154416430571045,2.0230450086722827,5394.673423833912
361,3610,-1.050091101115136,-0.9453866428650122,0.10801397548264506,0.350908531609078,2.022990620065818,5407.787488208851
362,3620,-1.013481690943057,-0.770137660620018,0.21971448721402967,0.3502617955190739,2.0230087017799763,5421.085985000012
363,3630,-1.036261513140615,-0.8797919073307133,0.08993652822236736,0.34954245504486875,2.0229848008713747,5434.439272542018
364,3640,-1.0190594332399456,-0.930047511607446,0.11051135211371653,0.34880103208690644,2.0231868801964965,5447.91199620883
365,3650,-1.027575267448925,-0.76960542403881,0.29970596772834074,0.34841568103735515,2.0232027656187905,5461.489393249853
366,3660,-0.9634871850041806,-0.6747093587281021,0.31599729213310235,0.3479010416451648,2.0231461614463595,5475.4090508338995
367,3670,-1.0394441391157274,-0.7779720570566477,0.20027899859941856,0.3474557956331946,2.023448549086678,5489.014442458982
368,3680,-1.0191300092729776,-0.6676448568624967,0.2880582230083716,0.34702009261066963,2.0236070253476344,5502.648951249896
369,3690,-1.0482475734143435,-0.7167741673291708,0.3347833412676667,0.3465612923207492,2.023603193403187,5516.4742554589175
370,3700,-1.0103705009468174,-0.7959621536549968,0.27066027904710255,0.34605376954847017,2.0236303477346302,5530.486829166999
371,3710,-1.0317553393973764,-0.764652482508223,0.2352587111944047,0.34542923349329246,2.0237784361500117,5543.96950895898
372,3720,-0.9882438314876971,-0.6854311359559274,0.28982776089393786,0.3445980436445521,2.023941488865203,5558.2735978749115
373,3730,-1.017842542235032,-0.9232781913226342,0.10667066251155731,0.34385381383090075,2.024209759070548,5572.046925458824
374,3740,-1.0086216510692232,-0.6798446009480758,0.3379308974840044,0.343291441079529,2.024164984872865,5585.318143208977
375,3750,-1.001176159602105,-0.6972929741414838,0.3470899984436212,0.34275222986719844,2.024251376638457,5599.029318749905
376,3760,-0.9635852158406903,-0.6918116205428978,0.24679469607933327,0.3419683184702851,2.0245334141594538,5612.9190678750165
377,3770,-0.9865195707166707,-0.8725268041195895,0.13976408807574678,0.34137730470479105,2.024560446545651,5626.303616499994
378,3780,-1.0043568245346517,-0.6216400036504959,0.4068224343350191,0.34062434911454587,2.02446220140992,5640.0490953340195
379,3790,-1.0056342720712017,-0.8997767051349879,0.154175275134072,0.33994339759976594,2.0245991948547566,5653.238682374824
380,3800,-1.0327395095278096,-0.8969290228099283,0.13084896215573832,0.3393115178220595,2.0246661632260934,5666.588108958909
381,3810,-1.0190267463801685,-0.8182898776001497,0.2335328262179268,0.3387082022479763,2.024689261174722,5680.373862583889
382,3820,-0.9961286291773197,-0.8489563881490401,0.1989095870084405,0.3378026730519734,2.0246107691479707,5693.871546749957
383,3830,-1.045092363690018,-0.6807552581987285,0.36806092569979215,0.3367281476598236,2.0246818352046154,5707.653105624951
384,3840,-0.9673897634157296,-0.53299974532021,0.3304924158358526,0.3356559178757725,2.024672453846629,5721.86887791683
385,3850,-0.9744654234219619,-0.6133302377139634,0.39580678074622455,0.33474976565896614,2.024819383877586,5736.032863041852
386,3860,-0.9658035867352304,-0.7192688417477916,0.36161846168426365,0.33380223646715024,2.025092720396164,5749.923237166833
387,3870,-0.9770006121815644,-0.613632433414687,0.30189061934099054,0.33265282564704957,2.0252409321631277,5764.207679583924
388,3880,-1.0016257602776628,-0.892716605915842,0.12311263833567691,0.33148193790011593,2.025629066994237,5777.369208708871
389,3890,-1.009884683599279,-0.8439763731582932,0.23312634785741562,0.33054754819643306,2.0259451461790157,5790.4706008338835
390,3900,-1.026003386826396,-0.9230060000109255,0.09554801472448524,0.3298030567041062,2.02597929778274,5804.076959084021
391,3910,-0.9726579224050633,-0.7797472939624512,0.22058504691329398,0.3291815474969868,2.0259802891624377,5817.55845216685
392,3920,-1.0197352372931041,-0.9123293849051747,0.11359911963926313,0.3284928531341161,2.026053668603667,5831.012593041873
393,3930,-1.015008283712512,-0.883826087563903,0.12235256320167918,0.32814119141892006,2.0262235149763437,5844.176768374862
394,3940,-1.0111061172301774,-0.9203920934402564,0.0799092008057009,0.3279996931005498,2.0261722480946163,5857.565693833865
395,3950,-0.986501744671072,-0.874971935558077,0.09038999008039175,0.32775180140991855,2.0263563859511335,5871.54092679196
396,3960,-0.9860072846894958,-0.8004860675959826,0.1593035580435731,0.3274505629895166,2.0264789073057976,5884.424980166834
397,3970,-0.956617119279894,-0.7599691485750915,0.24017338172266975,0.32713559643438056,2.02668999798371,5897.693684666883
398,3980,-1.0359818322216432,-0.9715106857538706,0.04316177549782489,0.32673279557921686,2.0268662321722912,5910.808869833825
399,3990,-1.0080923117367053,-0.8180086436667565,0.24695764222334554,0.3264075440371769,2.027132808739084,5924.307848541997
400,4000,-0.9759663881281933,-0.8353857058396106,0.1682556847412077,0.3261030627715706,2.0272639944379662,5937.686652458971
401,4010,-1.0119994801763106,-0.9275792984567989,0.059476742482323854,0.32577801879932844,2.0274419450258234,5950.903644291917
402,4020,-1.0454245637604398,-0.8581288643062098,0.11367822061160215,0.3254852298054491,2.0276924568545374,5964.534247083822
403,4030,-0.9887893925443505,-0.7512460700010077,0.26928305168930317,0.32530831772449303,2.02767275440105,5977.805327833863
404,4040,-0.9801753183124173,-0.6607171177859015,0.3084565059182284,0.3251715338311576,2.0275449413676205,5991.555392249953
405,4050,-1.0424179926668495,-0.6881674518158094,0.3213166843130993,0.3248768074318923,2.0277038443705364,6005.1168447500095
406,4060,-0.9697600468212384,-0.7611630406184962,0.21151089598802553,0.324574417062155,2.027861991791386,6018.538542042021
407,4070,-1.051018324366864,-0.8213358323611046,0.1187495291422001,0.32428154810142584,2.027998510866401,6032.032221583882
408,4080,-1.0103893940735738,-0.9341127728199201,0.06456036352455706,0.3243152525804037,2.028548142351545,6045.180736958981
409,4090,-1.0115984445344077,-0.7556552437229087,0.24052989869018837,0.3242850466727178,2.0289930042933038,6058.559377999976
410,4100,-1.0302020379349877,-0.7030930086673401,0.1655278606626076,0.3245575579912609,2.0293332049437147,6072.05628516688
411,4110,-1.0423767832046673,-0.8432908010440551,0.13236740668494362,0.3251378214353363,2.029800017573328,6085.368043958908
412,4120,-1.004191534854181,-0.8797911442036561,0.08271749797640274,0.32556595365629465,2.03028033737616,6098.622135124868
413,4130,-1.0063694228766629,-0.7035525111555161,0.26867491392471854,0.32568505470412346,2.0306575374556277,6112.698962958995
414,4140,-0.9810270691400387,-0.8780077792859379,0.07309898104408949,0.32589464616348396,2.0312986775854998,6125.854413209017
415,4150,-1.012877505416295,-0.7595592548603605,0.25400382417669287,0.32594685992164557,2.031901529146595,6139.005912750028
416,4160,-1.0128074597700465,-0.8318925949972676,0.12043193236557728,0.3260233918293607,2.03300059917621,6152.246354166884
417,4170,-1.026970990645597,-0.8927128051839632,0.12635718251048808,0.32601204975836756,2.0340264109921566,6165.379445124883
418,4180,-1.0449173761916786,-0.8440182944993577,0.26768115090366057,0.32581474878605143,2.0350123311895807,6178.6583265839145
419,4190,-1.040962735926641,-0.7826912948856414,0.33168734375693565,0.32568278759804176,2.0358867306710313,6192.008939874824
420,4200,-1.04319698772128,-0.8672137334970941,0.15662146228175716,0.32559857856709534,2.0369483291363193,6205.09989574994
421,4210,-1.0208307824529257,-0.893320976358897,0.11730949404753542,0.3254897298920486,2.0380345945297336,6218.374123916961
422,4220,-1.0134237385383758,-0.805160033941017,0.14076163981149142,0.32532825762780715,2.0390308140566025,6231.686608374817
423,4230,-1.0293758821181527,-0.8450490988468502,0.14953614794137957,0.32520709177133655,2.0399948628695665,6244.884913249873
424,4240,-1.040832842448106,-0.7722963112889484,0.268165791493585,0.3252225983546314,2.0412959624743046,6258.281949583907
425,4250,-1.0403199018253,-0.9175234025176937,0.1328734803239445,0.3249813332027228,2.042509560435395,6271.593471291941
426,4260,-1.0248314961348441,-0.8863160692058116,0.19854567946370585,0.32478500943482114,2.043623480994843,6285.322062375024
427,4270,-1.0378731404188049,-0.9141884101792875,0.14990237765209907,0.32463744104336717,2.044717387300151,6298.694200916914
428,4280,-1.0277587497771847,-0.7904606551049644,0.30188099099484983,0.3243051566579097,2.045477185343526,6311.839885666966
429,4290,-1.0332405303665206,-0.9771400579997088,0.080841622817697,0.32430119250512646,2.0465097775799173,6325.093117374927
430,4300,-1.0167855539251818,-0.8622346485096581,0.1497468032937674,0.3243738026453512,2.047555670509031,6338.79451820883
431,4310,-1.0231250266598497,-0.9317450560112945,0.07414241937402054,0.32447641504526675,2.048683596360772,6351.902919583954
432,4320,-1.028357444814044,-0.8662778355834938,0.16791249809667202,0.3245267282159495,2.0500008916228074,6365.346954499837
433,4330,-1.0190853210802402,-0.9319517657741401,0.08598727567135378,0.32455074672815865,2.0509769633933406,6378.624509291956
434,4340,-1.0440218678366682,-0.9597026617198342,0.07032245619467996,0.3244270633075603,2.0515761166730835,6391.559082791908
435,4350,-1.0421191105442764,-0.7123433029159756,0.2724332844394361,0.32416469820218935,2.0524844353921834,6404.592200499959
436,4360,-1.0128671787489605,-0.850055058408372,0.18604340955888207,0.3239209020717642,2.0530827211227773,6417.927278749878
437,4370,-1.013200249876026,-0.8110335427609456,0.16520384240598912,0.3236351985458169,2.053742642829462,6431.363942499971
438,4380,-1.0360799628504118,-0.82484845601118,0.17517755294078177,0.3232934283579164,2.0544564323722097,6444.584313750034
439,4390,-0.980755518383134,-0.7206551850684537,0.2119705870752911,0.323010151433935,2.0555821493527744,6458.043782958994
440,4400,-0.9749276268227325,-0.5225299245816653,0.333877119625187,0.3227354872092084,2.0564417430312125,6471.8087776668835
441,4410,-0.8880297945017013,-0.5661786273612947,0.2339419249423445,0.3222995956230126,2.0574475512158026,6485.425461666891
442,4420,-0.7469306113079757,-0.6264935275268613,0.17583394948077613,0.32185501712085085,2.0582814057248617,6498.9206079998985
443,4430,-0.8668462477599572,-0.7046526554845303,0.16331706529327394,0.3212332375328551,2.059298767412512,6512.500607708935
444,4440,-0.8837506757410152,-0.7675095747087798,0.11542350926305697,0.32045703139985454,2.060283586016822,6525.774275250034
445,4450,-0.9005965806628771,-0.8512325862193908,0.039652754906138586,0.31970249625464464,2.061092134937391,6539.4333188338205
446,4460,-0.9866775849572864,-0.8434991061536434,0.16374291339144967,0.3189913395370735,2.06183310292964,6552.600921583828
447,4470,-1.0524526531630567,-0.8827034111543204,0.08694260738970998,0.31827551515608876,2.062528703578166,6565.87801479199
448,4480,-1.0047710509752221,-0.88540306826023,0.1558875675131712,0.31746088642056847,2.0634746814162197,6578.910002499819
449,4490,-1.0030746447775316,-0.9067153282821081,0.081315571919003,0.3166723992228648,2.0639424275013423,6591.9738874998875
450,4500,-1.0280395735073675,-0.9189245221023601,0.0784699170988758,0.3158097213658898,2.0645625187744945,6605.514371666824
451,4510,-1.0394746418460503,-0.962218433952768,0.04928876858151063,0.31494711392245217,2.0653836067495908,6618.558681374881
452,4520,-1.0581306132359964,-1.003805785871064,0.030909912694147335,0.31392210741537285,2.0660948775195234,6631.904920833884
453,4530,-1.0358863128496463,-0.9464596333748876,0.09699060040909459,0.31297641322143166,2.0664332773282696,6645.012994791847
454,4540,-1.055345190215366,-0.9703504126039212,0.07565749149454842,0.3120017615165463,2.0670689869545495,6657.993282750016
455,4550,-1.0396927555948396,-0.9724684333220772,0.037782019111393846,0.3108981535717883,2.0675630882978013,6671.159672084032
456,4560,-1.0294464002426924,-0.8478268764612746,0.2244798802972853,0.3098094292078438,2.067898249001365,6684.264954583952
457,4570,-1.0380884742617047,-0.9654528336860293,0.09325762502637404,0.30869685741976255,2.0685039180558378,6697.340819834033
458,4580,-1.0098729495165086,-0.8494697072616709,0.15125110632564298,0.30772049828267967,2.0690116377407866,6710.349947375013
459,4590,-1.0389487933643764,-0.9763247802744923,0.09760705098730225,0.3068392799532519,2.0695023760439897,6723.599329042016
460,4600,-1.0472728493921233,-0.8297965521625876,0.16654405855133542,0.3061015048898238,2.0700889128634983,6736.430458209012
461,4610,-1.0388998483391108,-0.8915086280818538,0.17919247697637952,0.3053312778924916,2.070444455121969,6749.608072916977
462,4620,-1.066962450910105,-0.9393552585694188,0.11065370583378997,0.30456429613303243,2.0706482476812016,6762.757828291971
463,4630,-1.0467531360379096,-0.9458487711136933,0.08558710232063663,0.3040103909898505,2.07120125540975,6776.192143958993
464,4640,-1.0503256620719226,-0.9133015079622375,0.13353035763231091,0.30330089777288133,2.0714145203916345,6789.4593898749445
465,4650,-1.044511910801627,-0.877976486400657,0.24762275402543701,0.30262892353731546,2.071565474440889,6802.921622541966
466,4660,-1.0352229306061629,-0.9719259251059323,0.059164570819899884,0.3021236157085929,2.071668358250769,6815.730177041842
467,4670,-1.0508946406683979,-0.9190248472611536,0.17822472417009422,0.30144184115774797,2.071913521160189,6830.338153624907
468,4680,-1.034806812553244,-0.9705883889214023,0.041213074801178064,0.30073222063892385,2.072136841186538,6843.904630791862
469,4690,-1.0009750326605227,-0.8928148359499936,0.12947342407040388,0.3001388430915713,2.072272844057113,6857.126225374872
470,4700,-1.0014682531178307,-0.8742103678221245,0.1320077220688765,0.29959398478582416,2.072530757071125,6870.426443708828
471,4710,-1.0052317898241645,-0.8914102413718379,0.09951951837487275,0.2992330744495322,2.0725650214182627,6883.659351042006
472,4720,-0.9928959238227772,-0.844264015927607,0.21853278618801122,0.29879832207259,2.0728090056072404,6896.992490374949
473,4730,-1.0181763315575,-0.8452658620805653,0.2832850636991677,0.298346102284625,2.0730003201171043,6910.476275291992
474,4740,-1.0421879390301925,-0.9308212184702906,0.20729018009431158,0.29784054626411527,2.0733972349538172,6923.651669458952
475,4750,-1.036769725596601,-0.8779404008432724,0.19494971288873095,0.2973968362606859,2.0737320823724494,6937.029271124862
476,4760,-1.0385928091219636,-0.9398818266206126,0.09016162134464488,0.2969206525931813,2.0738953626016077,6950.539851333946
477,4770,-1.0532188992861427,-0.9325739971908007,0.1127867040862207,0.2962975125708359,2.0739513407193004,6964.109995833831
478,4780,-1.0472561756917669,-0.9736964248325574,0.07757160185531604,0.29584360741200705,2.07399960165011,6977.689036416821
479,4790,-1.0501786705137226,-0.9803338646166143,0.07732471542489582,0.29538626760154985,2.0743923083870954,6990.866699917009
480,4800,-1.0735709781390872,-0.9439881551187241,0.13863395530309872,0.2950683954889487,2.074906350040691,7003.944812958827
481,4810,-1.0567370216731744,-0.7817934064694917,0.3086715390312162,0.2948305671080384,2.0753631744612346,7017.216998499818
482,4820,-1.052924489670569,-0.9403392369957866,0.14451756015423697,0.29450315122570225,2.075409468905813,7030.673937459011
483,4830,-1.0414814072692904,-0.9015853886748328,0.1799375003170827,0.29416614929885787,2.0755701988285002,7043.93911895901
484,4840,-1.0746191339923072,-1.019467414782469,0.02560162238239658,0.2937840480142898,2.0758551972047186,7057.225815041922
485,4850,-1.058615833353409,-0.9863423152328682,0.06603690670522327,0.2935651368974168,2.0759553671812436,7070.728953375015
486,4860,-1.0102379052553818,-0.9768806120071638,0.04049538235416338,0.2934221430282291,2.076066225188616,7084.39791212487
487,4870,-1.050609981721463,-0.9586711468926425,0.03880819711374853,0.2933203034978845,2.0762646384061743,7097.573595333844
488,4880,-1.0332629458835205,-0.9849724421677892,0.03214822370952112,0.2932558736318742,2.0764124381146263,7111.079275791999
489,4890,-1.0410150295847869,-0.989652885640138,0.03954552386255789,0.29319897021073926,2.076565757240403,7124.099978583865
490,4900,-1.0624777637542593,-0.9597732689837066,0.05685186044621155,0.2930980886198844,2.076601065407713,7137.2971250419505
491,4910,-1.0399596281168648,-0.9926060248972493,0.044771362753595244,0.2930311484239886,2.076707819826043,7150.996212708997
492,4920,-1.0416340952558043,-0.9074706861979738,0.1615451015363192,0.2929137555016269,2.07699780900049,7164.012433541939
493,4930,-1.0385757926409376,-0.7694000069796333,0.23197784037527766,0.29276409511938617,2.077387597252594,7177.557215083856
494,4940,-1.047880567244615,-0.8999215895296334,0.23687101919452144,0.29244684664843695,2.0772696637179724,7191.062992374878
495,4950,-1.0220006584244592,-0.8670670310613346,0.1967483329876009,0.29207802780328357,2.0776531427946403,7204.52780299983
496,4960,-0.9998766234086967,-0.8644215078359323,0.14405070283385626,0.2914319249374976,2.078051489510084,7217.672857583966
497,4970,-1.0387728761496318,-0.9586006854503866,0.09873788566089754,0.2907413771358544,2.0784142298828914,7231.097767999861
498,4980,-1.0411020851343187,-0.9915441508996949,0.037780728377964104,0.2901319139810178,2.0788595712043656,7244.4952688338235
499,4990,-1.0356996370900085,-0.8509942193754233,0.2697320471631244,0.28959871065082127,2.07927160283439,7258.164694958832
500,5000,-1.055839441685566,-1.0147721808421133,0.041153919198881284,0.2890093950611417,2.0797302343194226,7271.608452416956
501,5010,-1.0402334869267351,-0.9554340388672806,0.11769056520307106,0.2884477886058954,2.080410387319404,7285.036359834019
502,5020,-1.0541400560800493,-0.9753721079588649,0.073008687058149,0.2879542962608329,2.0809763734464677,7298.467452666955
503,5030,-1.0463526330560926,-0.8941985426783828,0.17232173539121,0.28741064893103824,2.0814897022959515,7311.931063208962
504,5040,-1.0462686068824345,-1.0041654310214372,0.04615486043312289,0.28691886555366963,2.0819795210444894,7325.667222499847
505,5050,-1.0396929539977355,-0.999580606429878,0.034341227115029856,0.28642840158653565,2.08269522769914,7339.478170458926
506,5060,-1.0576900825873103,-0.9315407819095508,0.17730243740632567,0.2858827257859078,2.083073950158771,7352.918005874846
507,5070,-1.0734505333286561,-0.9050532572997335,0.19027884904091813,0.28538563123690525,2.083491783783127,7366.467927749967
508,5080,-1.0732392525806365,-0.9683645937739327,0.13091267090266132,0.2847437827657339,2.08395500680547,7379.781546124956
509,5090,-1.0491998908208764,-1.014764486371822,0.027422723417939592,0.28406050433162383,2.084971494516755,7393.516899375012
510,5100,-1.0543756860071145,-0.9659557170448541,0.07981932771375237,0.2833614801364126,2.0856799923083007,7406.5604217499495
511,5110,-1.048166013081011,-0.9839515795764916,0.03677654414956611,0.28267566091407975,2.0862199620620707,7420.125204958953
512,5120,-1.0219736166019064,-0.9275423386311662,0.14263681230549277,0.28207090716052635,2.086910237418965,7433.466512708925
513,5130,-1.056522145268194,-0.9972161677193185,0.04784903388280345,0.2815053675095697,2.0875182310228793,7446.804440333974
514,5140,-1.065230478961496,-1.0085099171460101,0.03486629814492632,0.2809282315591212,2.0881699123953,7460.0976507088635
515,5150,-1.053189769929613,-0.9007492894715696,0.19698396333802703,0.28046562158172184,2.088724430734415,7473.694528999971
516,5160,-1.037839334954775,-0.9873171089792017,0.0426234193986568,0.28001056434410065,2.0892347554992217,7487.198346583871
517,5170,-1.0411520991573608,-0.9564598680097142,0.18255704244754678,0.2794913170091386,2.089671877285258,7500.297571083996
518,5180,-1.0504749661208441,-0.9635064067522222,0.08743288076441094,0.27905714130427317,2.089911343885691,7513.936479291879
519,5190,-1.0604763867773297,-0.9614429975451528,0.063599768646171,0.27873149876385445,2.0902389733117617,7527.341579583939
520,5200,-1.0685595489915718,-0.9889244155970219,0.07485086218184762,0.27840811074253125,2.091014065460719,7540.54338079202
521,5210,-1.0704749737887855,-1.0168934262703675,0.03279436125810379,0.2780207592059311,2.091487076945679,7554.652553499909
522,5220,-1.069704074923469,-0.95277442242433,0.14930508272037868,0.27735551866083386,2.0918365178283826,7568.096375499852
523,5230,-1.0758462334265637,-0.9669092594309522,0.11075868042507275,0.276631911489074,2.092044575044448,7581.811371125048
524,5240,-1.0337587009102798,-0.9956211165370338,0.033849182686205584,0.2761139408847055,2.0926035483697683,7594.956455041887
525,5250,-1.0503259784956924,-0.9599622250312946,0.14715761742980718,0.275511422036976,2.093238587195885,7608.289056709036
526,5260,-1.0472948523827323,-1.002159418554753,0.04346719446378498,0.2748968103945513,2.0939045588573615,7621.79270262504
527,5270,-1.0552047788432626,-0.957019364973338,0.14904321616788507,0.27449847690976936,2.0941896755155613,7635.482590083964
528,5280,-1.0198548978126505,-0.9001047914039448,0.13912137994957735,0.2739098085389213,2.0945293143573918,7648.865110291867
529,5290,-1.0373735011696255,-0.9655409941991554,0.05833782057958451,0.27319763093200183,2.0947933589958647,7662.238972416846
530,5300,-1.074109809599614,-0.9793000374427866,0.07777651630465796,0.2722867654910111,2.0951749515120177,7675.9444841248915
531,5310,-1.020370697407925,-0.9184677638729101,0.08396651740184372,0.27175385654430495,2.095232394722088,7689.394310708856
532,5320,-1.0218662784996342,-0.8349310088158097,0.20575898378556198,0.2711714078609269,2.0952408626925325,7703.009574333904
533,5330,-1.0043094265458308,-0.918578845475776,0.11964330406153169,0.2707043821946286,2.095494503647259,7715.935963249998
534,5340,-1.0011503149750576,-0.8599314509861559,0.1331514048487189,0.27017854165122884,2.09630392873099,7729.473583000014
535,5350,-1.0092595772938902,-0.8037812066429773,0.27754400800174633,0.26960333402508385,2.096788932312148,7742.835723208962
536,5360,-1.0181659236450527,-0.6285725079940996,0.3367861307814084,0.2690537116399911,2.097264108686555,7756.254441333935
537,5370,-0.989268524998808,-0.7908372714223172,0.28546574926137747,0.26855719560288843,2.097876317567987,7769.452104833908
538,5380,-0.9905672778551651,-0.7867214165044043,0.19257945396264547,0.2683014103748177,2.0983601621195658,7782.598871916998
539,5390,-1.015983272205517,-0.6969660836448031,0.37764330164104637,0.2680346716174465,2.098909202534566,7795.917761708843
540,5400,-1.0364002319076224,-0.9132384819446049,0.14244303304500558,0.26770201644620967,2.0993547909838015,7809.1466632918455
541,5410,-1.0226003795107639,-0.8973895663677472,0.1375138725941087,0.2674983934179312,2.100263178177893,7822.121587708825
542,5420,-1.0452076621879582,-0.8969681106599868,0.15512650752756724,0.26731327852642456,2.1011040694874343,7835.668430416845
543,5430,-1.0449302306073287,-0.8572428416975697,0.29860698340162045,0.2671719421811388,2.101847589975125,7848.911534624873
544,5440,-1.0211956074967334,-0.8641215778487551,0.2109583829269586,0.2671350332448627,2.1026065395608753,7861.908762292005
545,5450,-1.0090546295700458,-0.902746992687559,0.17886535188086738,0.2671614472275689,2.1031693034607057,7875.029802708887
546,5460,-1.0276466474372041,-0.8935799544185157,0.1192928543526963,0.26701917335319547,2.1038389320987876,7888.587395791896
547,5470,-1.0273014616963767,-0.8459386508130781,0.23618765240299425,0.26687771808574445,2.104733815078853,7902.199332999997
548,5480,-1.000088879028909,-0.9319019277693765,0.10196678524394341,0.2667680974344522,2.1053115349336298,7915.3467780838255
549,5490,-1.0170174797464488,-0.8948256391006788,0.09430699848923536,0.26655787044978535,2.105901459926095,7928.842868166976
550,5500,-1.0247157111024814,-0.9285826292621117,0.08630740382915046,0.2662127708251704,2.106388608137998,7941.848279249854
551,5510,-1.026531756106209,-0.9474110469511402,0.07566212848005463,0.2660984469127048,2.1067277941877327,7955.200605999911
552,5520,-1.049978008143933,-0.9217688706483376,0.12821324235845852,0.2660567563154021,2.107756598654407,7967.854827666888
553,5530,-0.992713773749121,-0.8979855865497945,0.0870814559658426,0.2659390682834397,2.108406633378998,7980.903873167001
554,5540,-1.0180820874223473,-0.9200904146606501,0.12751706798022017,0.2656994526666256,2.1091190562435664,7993.831359041855
555,5550,-0.9354463957795192,-0.7687575099451138,0.2057569566732881,0.2654910260929573,2.109930819274604,8007.244916916825
556,5560,-1.001246697174401,-0.7468847743140923,0.3014021093208045,0.2652429697452474,2.110711991898178,8020.348341417033
557,5570,-1.0207383702611654,-0.8334552901039067,0.1151115566335618,0.26487253178196574,2.111388647081457,8033.411519124871
558,5580,-1.0145713717895255,-0.8798812033858633,0.11854172298982918,0.26452785975214715,2.1120517950731834,8046.548891624901
559,5590,-1.0158685959367268,-0.9477672587523589,0.06129399120119504,0.2642351545218913,2.112777216700371,8059.840785333887
560,5600,-0.9838901072804429,-0.8102755027505448,0.20386729616940666,0.26392714513568016,2.113534872990103,8072.857786749955
561,5610,-1.0451698323893126,-0.8910706424898761,0.09186772711431661,0.26355809053244045,2.1140880084793636,8085.926701791817
562,5620,-1.0307120734891217,-0.7654828428183416,0.25816241050880445,0.26320126071620725,2.1145916546840677,8099.225843333872
563,5630,-1.011970829264773,-0.6842269434403253,0.31223722567775286,0.26273623286116293,2.115361541079251,8112.602171333972
564,5640,-1.0010485859165605,-0.8382417816682498,0.2079614861676212,0.2622310970670187,2.11609504055183,8125.520986874821
565,5650,-1.0324733575959124,-0.7943749285864135,0.26167970458093553,0.26161729602319167,2.116712982432733,8138.974375916878
566,5660,-1.0111509592157688,-0.896681585940964,0.07808167920209753,0.26118604361878667,2.1174419671852203,8152.284027250018
567,5670,-0.9997013734549443,-0.903108109731954,0.18398666831502675,0.2605960989153226,2.1182246379014575,8165.896700124955
568,5680,-1.0382769871291178,-0.963471410535367,0.06544941849727029,0.25990677804017864,2.1194407850546524,8179.420431084
569,5690,-1.037845957845155,-0.8709760364780245,0.26958223787648533,0.2592583646943721,2.120373874588285,8192.448395458981
570,5700,-1.0409580029585621,-0.8604635488026808,0.27115703514805983,0.2585133509532635,2.1211938486790283,8205.93664366682
571,5710,-1.0242062360826072,-0.7165360252546427,0.3326374083791542,0.2577195808865857,2.1219850319959708,8219.868630958954
572,5720,-1.0309751829030809,-0.9053809162734524,0.18548396579085163,0.25692085704343315,2.122773245607425,8233.000590916956
573,5730,-0.9609735208213035,-0.812690037895344,0.199412387587111,0.25617897175050103,2.1236002710397246,8246.371063583996
574,5740,-0.9990231240360279,-0.8548977509232236,0.17705268891582332,0.2556874079897066,2.1242963755726456,8259.528354416834
575,5750,-1.0247767077334773,-0.9098247446911529,0.16129918918046063,0.2551057562372224,2.125067733036359,8272.880101041868
576,5760,-1.0291283710102759,-0.9585880366504576,0.07252008574263706,0.2545339141729422,2.1258481060066647,8286.151925291866
577,5770,-1.023475147121192,-0.9387328251509421,0.08299812274797139,0.25393441399250016,2.126896309083377,8299.577116749948
578,5780,-1.0239857537126262,-0.7665700853938476,0.24009540189322212,0.25340720215962137,2.1285527350692672,8313.081750042038
579,5790,-1.0379757540917698,-0.8712828363346183,0.23228435995811647,0.2530089610646768,2.1302794818978374,8326.829795999918
580,5800,-1.03993517660256,-0.9032845805402487,0.19493261476161264,0.2526188110645419,2.131441081591505,8340.426814583829
581,5810,-1.0429022261849568,-0.8729426108749208,0.24505999986036434,0.25225573034674426,2.13265382518827,8353.790435374947
582,5820,-1.039827510036428,-0.9024503670196602,0.11963677765149111,0.2519914189423149,2.1341995351489658,8367.42063529184
583,5830,-1.030982226401333,-0.9785505984627765,0.05332099341940738,0.25169490508369574,2.1356076278666505,8380.747227333952
584,5840,-1.0278197745154687,-0.8890017019925203,0.1914877936026898,0.2515327542692002,2.137109810223999,8394.038944166852
585,5850,-1.0469929369985183,-0.8383488185080683,0.2457544963593767,0.2513902617673145,2.138831376376195,8407.213299666997
586,5860,-1.0437668825667386,-0.9647749787169548,0.0716489291224194,0.2511824349544825,2.1405449207441625,8420.5582184589
587,5870,-1.0424771514521227,-0.7996027365517726,0.291078015052716,0.2510128068042287,2.14222322060637,8434.019807874924
588,5880,-1.0361087206531723,-0.8445575246097465,0.2731742953299726,0.25084315815147895,2.1437598036794556,8447.598283249885
589,5890,-1.037536653721295,-0.9161077636147077,0.24326673394597936,0.25070283710972,2.1453363473180134,8461.070598583901
590,5900,-1.0595407166332738,-0.9972880316148014,0.06057807092640677,0.25058982386886514,2.146654796476811,8474.440000958974
591,5910,-1.0379757618401344,-0.976890926336142,0.06958775197736256,0.2503518064379466,2.1476817554442498,8487.88002845901
592,5920,-1.0588659717110867,-0.9848271815765278,0.07435599559783697,0.2502471180700783,2.149351586104059,8500.85796670895
593,5930,-1.0548145907381272,-1.0290878614862278,0.020196578765069327,0.2501636094586123,2.1506143978345125,8513.985089291818
594,5940,-1.046412758192461,-0.9086150636729758,0.1430704788339832,0.2501384061150038,2.1518198904036945,8527.209390084026
595,5950,-1.0486966097969415,-0.9131881000471307,0.23449819469281102,0.25026395092114817,2.1534212149827967,8540.360738459043
596,5960,-1.0351352130544207,-0.9923593572804166,0.02800822215430176,0.2502714568888266,2.154907442701138,8553.69367808383
597,5970,-1.0506060033892828,-0.9754117130796164,0.11081234182146198,0.25033734613840514,2.1568709184438615,8567.484812750015
598,5980,-1.048667896203722,-0.9809058813123226,0.0941715412022614,0.25018646371681386,2.158523477914461,8581.08746295888
599,5990,-1.0453750955350776,-0.9827368691608189,0.0882202275236633,0.250193354626468,2.1600164044921724,8594.133733041817
600,6000,-1.016379226696075,-0.9889508418650044,0.035902586060880065,0.25021456771315004,2.161201266939738,8607.289819208905
601,6010,-1.048358079961755,-0.9076795362625191,0.15047507188992518,0.25015487725635394,2.1624238168893504,8620.637793874834
602,6020,-1.0405736790608966,-0.86952799096909,0.22192050190159884,0.2500309006907915,2.1632759906439265,8634.049593916861
603,6030,-1.0155562168660772,-0.8750039579480269,0.16771521898462752,0.24985559242260313,2.1643676660742055,8647.24610124994
604,6040,-1.0620316266830043,-0.9319040252989194,0.14058949879027763,0.24969740597226328,2.1651764069849944,8660.485349624883
605,6050,-1.0506023747239759,-0.9347847158639038,0.1357191449799502,0.24946676020839578,2.1662912600112523,8674.13471274986
606,6060,-1.0491730638753278,-0.9665935964637518,0.1296206447094818,0.24937327678397345,2.166936595247534,8687.640517083928
607,6070,-1.0472844400795038,-0.9415913004905025,0.21041338946370827,0.24925864069440393,2.1674817616047446,8701.18832729198
608,6080,-1.049989827331271,-0.9773164135043937,0.0923202898762033,0.24923413348122023,2.168051837620235,8714.352991749998
609,6090,-1.055995022598359,-0.9414508784816468,0.1118431361044038,0.2492630422860942,2.1686261472601034,8727.844004791928
610,6100,-1.0686690222867457,-1.0089043289402273,0.04260554583767261,0.24922862668987994,2.169315660141281,8741.385091291973
611,6110,-1.0549659150513904,-0.9035739677087221,0.10183283112408154,0.24942846010646727,2.169958993673795,8754.828113166848
612,6120,-1.0740136112818197,-1.0158729150415677,0.03688531195461809,0.24957101748532126,2.17035325644092,8768.110821875045
613,6130,-1.0600278972514223,-0.9854687261827614,0.09806134067837158,0.24964296915248166,2.1709298504504955,8781.18574158405
614,6140,-1.0592430187992106,-0.9777156694292639,0.0702656498059003,0.24970043194789354,2.1713787105441633,8794.286616917001
615,6150,-1.0706780348689762,-0.9220743777382185,0.12519641803083897,0.24979655420562108,2.1715758946237718,8807.66988608404
616,6160,-1.0581160745112221,-0.9893132650258091,0.05123516269502941,0.25002634623835424,2.1719941313373345,8820.861423583934
617,6170,-1.0629765228642754,-0.913113361536768,0.15600620474964533,0.2501098504783185,2.172349878033248,8834.24244220904
618,6180,-1.0729663719335765,-0.8802827426706763,0.33890911764999376,0.2501007862983128,2.172567965194617,8847.805806000018
619,6190,-1.0749407820709642,-0.9592223660591298,0.10569540967286756,0.24993685508368083,2.17272847607629,8860.646889958996
620,6200,-1.0703325601583753,-0.9052535707290563,0.274623207733789,0.24986844617017287,2.17289757440169,8874.174017708981
621,6210,-1.0665219790785514,-0.9642513814509354,0.10790171358883066,0.24978516650682997,2.1730445704727996,8887.230573624838
622,6220,-1.0588976152398635,-0.7709031853628301,0.279916202508843,0.24971093154925147,2.173405818979863,8900.895128958859
623,6230,-1.0527179234784692,-0.8600942427132112,0.2937835941840767,0.24966261752450944,2.1737644812514305,8914.036723125027
624,6240,-1.080462746362178,-0.753590256677758,0.28414966870358344,0.24962288454178214,2.1740856190361018,8927.284237583866
625,6250,-1.0591451789741013,-0.7303701961369694,0.28790665318189573,0.24964006957316254,2.174343709923937,8940.708778499858
626,6260,-1.0214542688272923,-0.7444627519005824,0.3301611911827316,0.24957688883166226,2.1746966554219282,8954.580468708882
627,6270,-1.0518850995565803,-0.8446138971560655,0.25213173267526007,0.24939239685134357,2.1747990727712314,8967.74348704191
628,6280,-1.0481998641510657,-0.9881779982003671,0.06115772331374319,0.24930133447258188,2.175168156328665,8981.14614995895
629,6290,-1.0500419194764907,-0.9809361590721192,0.06001911916878747,0.24921453838240604,2.175268760294522,8994.181649666978
630,6300,-1.0646653706361802,-0.9372177594886313,0.21649005919787764,0.24923057411766428,2.1752279098174903,9007.010347249918
631,6310,-1.0377268334706304,-0.8292877794249958,0.23131179996215515,0.24940057545630712,2.17535702482151,9020.448875959031
632,6320,-1.0356320617190882,-0.8432403869466395,0.2339424487947181,0.2495652182916088,2.1753819947821014,9033.283044583863
633,6330,-1.0292725378105914,-0.7761420207568323,0.34631402646249065,0.24985442848939085,2.1754934801304255,9046.407945750048
634,6340,-1.0505392985974824,-0.8807019005490849,0.07037037354572613,0.25001597242256596,2.175467309959817,9059.674878875026
635,6350,-1.0250048564019023,-0.7789473948108563,0.26204325584465293,0.25006841558495385,2.1756493566472024,9072.930296042003
636,6360,-1.041655657772619,-0.9090521197667396,0.0822450226764579,0.2500815411794993,2.1756152918479255,9086.096859583864
637,6370,-1.0118859189855396,-0.9269996112977565,0.06920229730223343,0.2501121527731256,2.175494977150939,9099.259171208832
638,6380,-1.0714628270061448,-0.9340138581849053,0.1371948380272765,0.2500120705080738,2.1755392733278955,9112.457424124936
639,6390,-1.045238303130291,-0.8773681717177354,0.19009588745171946,0.2498140327865664,2.1756369911356725,9125.624110708944
640,6400,-1.0795381445638634,-1.0115000118437956,0.03200164717842823,0.24958915348199343,2.1757040485945347,9138.847355208825
641,6410,-1.0672927140326331,-1.0040431858006396,0.03995419597746398,0.2493534071670479,2.1760126511306432,9152.057706958847
642,6420,-1.0475322963664393,-0.999355505269078,0.05865831194652341,0.24917074583758136,2.176384156382894,9165.387175749987
643,6430,-1.0503701075985186,-0.8944579652115545,0.24649714078606846,0.24904320182670364,2.1764943351286696,9178.464897208847
644,6440,-1.0630787367722085,-0.9991933902441289,0.04420285637326521,0.24893599023964283,2.1765533098394974,9191.75833674986
645,6450,-1.061587153218344,-0.961499581554149,0.16251488687636548,0.2490034263019641,2.176614263306821,9204.965895416914
646,6460,-1.0590624788892207,-0.9968979955635664,0.039788634371918506,0.2491691422156513,2.1768612568183823,9217.808340125019
647,6470,-1.0683453566064092,-0.9865484640937968,0.10484668293856714,0.24933704834044476,2.177161772696841,9230.766818125034
648,6480,-1.104659008291228,-1.0339244228490638,0.057748733207877496,0.24945201916753387,2.1773920901479036,9243.721541292034
649,6490,-1.0758085333204725,-1.0241303057840807,0.04968257286363263,0.24962039105069472,2.1775732497178026,9256.925823000027
650,6500,-1.08017999072303,-0.9875205979977467,0.0708078043508896,0.24983063119512489,2.1776536040843646,9269.970863916911
651,6510,-1.0548030084909996,-0.9950301044317111,0.03384161375427155,0.250120400603123,2.1778005796920255,9282.931730833836
652,6520,-1.086568978458157,-0.8605454432757209,0.2500864360722087,0.2503710780045919,2.1783647776902924,9296.22166775004
653,6530,-1.0916584032030379,-0.7126327092858642,0.34919492562194093,0.25063298689431657,2.178568799149543,9309.975981958909
654,6540,-1.074924664608833,-0.6749741618139466,0.3181353967600884,0.25092518768803285,2.179008285438816,9323.236746666953
655,6550,-1.1137192919564232,-0.9933256807264602,0.13090027393994946,0.25107773567545216,2.179426586687586,9336.291619708994
656,6560,-1.1030937346312433,-1.008073988305727,0.1394342341468344,0.251373437674026,2.179839856476625,9349.407003708882
657,6570,-1.0853592352996078,-0.9852085167979165,0.08236858158230097,0.25163878906706527,2.1804311771846296,9362.217416584026
658,6580,-1.1492197779196092,-0.8779170195742413,0.2873618043492277,0.25189437053767233,2.18104295917241,9375.542158833938
659,6590,-1.0777509635349638,-0.9968819527873901,0.11579233337648216,0.2520866856351966,2.1815846235488974,9388.970633708872
660,6600,-1.0879737990101894,-0.9130657565324954,0.16365854069375915,0.2522903884824036,2.182015656274229,9402.536482834024
661,6610,-1.1159193169715884,-0.9686217434363751,0.21796434774905368,0.2523828482761508,2.182438966917964,9416.008451458998
662,6620,-1.0728659931576185,-0.8007291106039368,0.24690198645390662,0.25245388163655846,2.182719244959184,9429.679525000043
663,6630,-1.1320890291367398,-1.0323304744758992,0.10758340039039817,0.2524517950872013,2.1829062140648636,9442.761092209024
664,6640,-1.1414245157339558,0.2468413032756441,3.261169952114177,0.25236193015610714,2.183281595124101,9456.767655249918
665,6650,-1.1199778485438623,-0.8845241356847129,0.20164652983054132,0.25218754210040856,2.184010313652565,9470.710043083876
666,6660,-1.142132341136449,-1.0278390410630371,0.0934588172542619,0.25184073112786043,2.184418942774441,9484.000459208852
667,6670,-1.1098355116866134,-0.8773931925287842,0.24790477742772657,0.2514790677592505,2.1848572233026258,9497.81574408384
668,6680,-1.1164075554213992,-0.9849943198914876,0.14314125508635556,0.2511049683011028,2.185313194516538,9511.14539070893
669,6690,-1.1578110900543193,-0.8478964037496517,0.2829886805081652,0.2507194543593008,2.1855118741717856,9524.65216258401
670,6700,-1.1458062629678247,-0.7980251210050684,0.31290721190413767,0.25022763488239247,2.1859064768446856,9538.442698916886
671,6710,-1.045490521114476,-0.7747660887660895,0.1924643519505218,0.24972394429435213,2.1862503251803234,9552.237261083908
672,6720,-1.1084687322653188,-0.675298049007058,0.25023408070618475,0.24931713473422235,2.186597312797178,9566.217416708823
673,6730,-1.036393830517861,-0.6829626880016393,0.21127948993507756,0.24882216174471183,2.1873553084511395,9579.995705583831
674,6740,-1.052328499109092,-0.7326281518144288,0.23152963439655566,0.24830048841421032,2.1878954479907167,9593.283054208849
675,6750,-1.0714408096155985,-0.9390218558581716,0.16257478944591752,0.24774705240587103,2.188263080828987,9606.778141791932
676,6760,-1.0992726990134667,-0.9791570734532051,0.10861491116010838,0.24723506059943906,2.1885106701551758,9620.13710974995
677,6770,-1.1046167288306803,-0.9561073984605827,0.2437987644542631,0.24684302959018173,2.18891138130897,9633.541561333928
678,6780,-1.0560289885818959,-0.734187896888301,0.38999179472899886,0.246310614083625,2.189503236796137,9647.524176874897
679,6790,-1.0782615758182246,-0.8919964414674553,0.24951673102193178,0.24576184774530346,2.1896365587518245,9660.815099499887
680,6800,-1.0696071022870024,-0.9589989371580465,0.13586976869001405,0.2454244735918801,2.1900603092697564,9674.378669374855
681,6810,-1.0887356072510332,-0.9280772951509066,0.17674643443026333,0.24498212949399034,2.1902951132761705,9688.136211749865
682,6820,-1.0586806454218642,-0.9723325157533569,0.15697062377017312,0.24442705236907641,2.190544735610021,9701.444075417006
683,6830,-1.0776098226673039,-0.9247102918750038,0.16161783401303384,0.24383004053403765,2.190806507578987,9715.193126166938
684,6840,-1.088875988172827,-0.961022372513748,0.12421866757633912,0.2433129201613467,2.1909666517874458,9728.856924458873
685,6850,-1.099099840064496,-0.8886763922347424,0.19647758014570782,0.24277176955839203,2.191197303890699,9742.428860042011
686,6860,-1.102603438147363,-0.9583505536943381,0.13333540932416793,0.242360793026087,2.1912695966330284,9756.136119041825
687,6870,-1.1057760730791442,-0.8886875305356374,0.17279584977940127,0.24196798786682763,2.1914917104597857,9769.160732416902
688,6880,-1.1286515226023974,-0.9478015142646324,0.1418071415736148,0.24157735522413507,2.1916560787443324,9782.661814666819
689,6890,-1.1237238994847498,-1.0275413384681191,0.12565793059779132,0.24122481300255388,2.191671824720814,9796.185103166848
690,6900,-1.1101784601698874,-0.8636481116648337,0.18943801546625602,0.24093694073480765,2.191747466626396,9809.658030624967
691,6910,-1.1057740273134264,-0.9702814501054895,0.14668827729674763,0.24082604246776293,2.1916934879953547,9823.132932083914
692,6920,-1.1180436299319947,-0.9286421858822388,0.16963137430506334,0.24089296554490738,2.191814609034255,9836.311819999944
693,6930,-1.1302199374633597,-0.8969677570693211,0.1967782621727816,0.2409146770432145,2.1918646258229204,9849.708998458926
694,6940,-1.159904315342474,-0.8583063390540078,0.2403893797619697,0.24094042605973243,2.192111300014149,9863.30076883384
695,6950,-1.077651373122655,-0.9552363284117776,0.15865971000787996,0.24094971253489975,2.1922988187437618,9876.686891583959
696,6960,-1.0719329875984567,-0.9079983773667987,0.18988831711692603,0.2408406290421219,2.1925197413216937,9889.89099645894
697,6970,-1.0643900183038228,-0.8790094991192291,0.17606984999284486,0.24074920387198756,2.1927817545938715,9903.504879500018
698,6980,-1.1170285897883332,-0.8831945504022123,0.1606531060789366,0.24059765500011598,2.193085551855285,9916.84636816685
699,6990,-1.0994841492057184,-0.9427380850610755,0.16748825337001813,0.24046528332483558,2.193206755094614,9930.208420499926
700,7000,-1.1004616517517087,-0.8703926050904027,0.2644879310755447,0.24031766087539616,2.1933062893166464,9943.7498625
701,7010,-1.098951980095821,-0.8114807384459354,0.1875566577955686,0.24025357896099292,2.1934570484121805,9957.665029333904
702,7020,-1.1243335983591463,-0.7737588785796312,0.3879399129699107,0.24008782973211626,2.1936150318881285,9971.344674249878
703,7030,-1.142880107061643,-1.0083100659390287,0.14684499655389768,0.24001718477298345,2.1938988158080943,9984.503225374967
704,7040,-1.0757057921393613,-0.768734928980436,0.2787391401303173,0.23985796371535636,2.1943523900933655,9998.065852666972
705,7050,-1.1386146370746832,-0.7671245174988444,0.284363894446814,0.2396429089322036,2.194582172401911,10011.64494679193
706,7060,-1.158546092398292,-1.008363206371587,0.1795409176467172,0.23951313655342593,2.1949972582700554,10025.060964792036
707,7070,-1.1366673211766356,-0.9920749660160688,0.22142662548945458,0.23920171706398485,2.1955141072867406,10038.357313708868
708,7080,-1.1389987872838532,-0.9970266549751567,0.18627195350058573,0.23889224170623613,2.195939640031551,10051.588636958972
709,7090,-1.1241485751498344,-0.7571104367248827,0.40379108670412456,0.23861298032301279,2.1965340128497597,10064.951236583991
710,7100,-1.0511330042037885,-0.45832429997668206,0.2694161449811106,0.23818557890975783,2.19681220035646,10079.238367666956
711,7110,-1.1247773393453686,-0.7598471906797368,0.3389592939339525,0.23778789466971098,2.196933243247033,10092.590844999999
712,7120,-1.0667493109989348,-0.8686222504706919,0.26839902537886723,0.2375772335178239,2.1973904564185216,10106.12524974998
713,7130,-1.1002463111428114,-0.7873234069538891,0.2742056832663192,0.2372746734130016,2.197658440587536,10119.515825416893
714,7140,-1.1363126459985704,-0.8627915592403778,0.2977258053169768,0.2368697956374806,2.1981027681171947,10132.959820583928
715,7150,-1.1437202813401415,-0.7870836628813461,0.31151260769386635,0.23655863818871775,2.198533411631595,10146.34283737489
716,7160,-1.1574323947794367,-0.851447901637578,0.3210382541775216,0.23620245657647798,2.199551137927984,10159.684825500008
717,7170,-1.1837872332389496,-0.9344915869174664,0.3184724517196772,0.23582765580801318,2.199624231371227,10173.324684999883
718,7180,-1.1079223830451204,-0.8860029075969195,0.20501818548510153,0.23541976999400002,2.199751556614991,10186.379525041906
719,7190,-1.1546706395408304,-0.8809823653049822,0.2027812831466739,0.23496428651054307,2.2001215668320078,10200.53421241697
720,7200,-1.1124655536573034,-0.9425521654031119,0.138515059697923,0.23462783367291057,2.2005376765444002,10213.58076845901
721,7210,-1.1759989594733353,-0.9639631186734963,0.12307113741530448,0.2342228304521187,2.2007700549688844,10226.906057583867
722,7220,-1.1010017432453436,-0.9648239875794878,0.17293270079461612,0.233803794340129,2.2008115768887224,10240.090019791853
723,7230,-1.1500563600010167,-1.006693472830765,0.11360754526921477,0.23342734799477727,2.2009171984936664,10254.175987042021
724,7240,-1.142101959949506,-1.0168413435604553,0.13955410271637617,0.2331309046123924,2.2011486327119196,10267.54981729202
725,7250,-1.1538205970209523,-0.9750780675524634,0.14188210347470562,0.2328812488363504,2.2013001937092747,10280.621612000046
726,7260,-1.1249518719125033,-0.9631409312176625,0.16694888999171373,0.23253897835768408,2.2013941359552285,10294.260729708942
727,7270,-1.1748987244965061,-1.089219272352669,0.03976022149570234,0.23229888888058384,2.2015532566578115,10307.573813416995
728,7280,-1.172141559299444,-1.0305179795553445,0.2891190389796229,0.23201952842778206,2.201745439873518,10320.66721841693
729,7290,-1.1869895392501082,-1.0161492117673532,0.2375245599648517,0.23179559227258673,2.201681001384439,10333.74995524995
730,7300,-1.182720536102785,-0.9195514848036869,0.32737036754241117,0.23151073484797366,2.2019555790603706,10347.268313749926
731,7310,-1.1617149124998987,-0.8385661968328758,0.3680376060758725,0.2311167675603422,2.2021683496976623,10360.740955834044
732,7320,-1.1762353553317437,-0.989429242883338,0.2647891376272367,0.2307240553231106,2.2021726866037468,10374.163203042
733,7330,-1.1659916855263566,-1.1125863050106735,0.048034452261934604,0.23027032703528388,2.202202726965837,10387.361549583962
734,7340,-1.2020632012175012,-1.0128263705735114,0.24748375339393747,0.22973402547761598,2.202210220232358,10400.570648958907
735,7350,-1.2041316827187583,-0.9880994238434153,0.2928277176853559,0.22928831241484263,2.202408645793595,10413.780695499852
736,7360,-1.1763361196000623,-1.086711522967909,0.13952931015337816,0.22875715860519072,2.2023842429484084,10427.057443083962
737,7370,-1.1870553450273436,-1.055105115270015,0.2423003219031674,0.22808385220748104,2.2024720179273762,10440.334268166916
738,7380,-1.1896134337896092,-1.0884166953537604,0.1384939471017301,0.22739090000973394,2.202349359522318,10453.387030124897
739,7390,-1.1799079660184058,-1.1415555846359706,0.03775370453956032,0.22657177401977852,2.202218619597756,10466.583503416972
740,7400,-1.1897816082089445,-1.0514514784934765,0.27933958346234755,0.22575744922184532,2.2022840402947645,10479.884094416862
741,7410,-1.1800710483899026,-1.0680863916369936,0.22223076594792054,0.22481641342083478,2.2023052528845493,10492.853403583867
742,7420,-1.17302531127691,-1.0398252657862626,0.18947166422202602,0.22399303667333847,2.202543018551154,10505.750092000002
743,7430,-1.176583302425807,-0.9974600123715636,0.23554002596102652,0.22312389022152304,2.2025827919040455,10519.036871084012
744,7440,-1.1894173668043306,-1.0970697654782362,0.05887891628626606,0.22234578857994053,2.202578259602566,10531.751627374906
745,7450,-1.1882370754070042,-0.9868055734529435,0.33222915852397966,0.2215775115324676,2.202605526907298,10544.982535084011
746,7460,-1.197027743309378,-1.0448161900079096,0.303451144565701,0.22094569641276268,2.2025706690442526,10558.440315249842
747,7470,-1.1886782118277806,-0.9477368628580993,0.2992819865152455,0.2204126136605985,2.202559811072275,10571.312990499893
748,7480,-1.166522064767471,-0.7452434179588108,0.3935040933149866,0.22003353301341844,2.2028788789112475,10584.67554020905
749,7490,-1.183067022688764,-0.9022994640136683,0.3962543221359864,0.21971319760286012,2.203057309619448,10597.965229874942
750,7500,-1.196813337394678,-1.0851559861445148,0.24224229385769938,0.2192870508785315,2.203223793552665,10611.071374999825
751,7510,-1.1986390154932325,-1.109078671239419,0.12032939478575434,0.21884449366137573,2.203337928059877,10624.44657545886
752,7520,-1.1686131222978187,-1.0454387954843736,0.2304619683753619,0.21847958153523098,2.203583898534008,10637.85885483399
753,7530,-1.1923004463285647,-1.1358118998027322,0.04207577467734016,0.21805920767751838,2.203860391878328,10651.294364084024
754,7540,-1.1882009192351708,-1.1290758155975595,0.03402699488684425,0.21764242988134352,2.203931996518366,10664.74650941696
755,7550,-1.1755641714470997,-1.1020932649690558,0.12013908961752172,0.2172248349012765,2.204034523966982,10678.201407624874
756,7560,-1.1725174282325694,-1.0114130644322064,0.26356102803004344,0.21699473921547258,2.2042288214437105,10691.686656584032
757,7570,-1.175031262341716,-1.1143681511894477,0.039057459850679974,0.21684090497544575,2.2043568591583136,10705.278754416853
758,7580,-1.1705457204538954,-1.0544328272009935,0.10754347128685213,0.21676431691899903,2.2045669324389277,10718.608820999973
759,7590,-1.1921032269009704,-1.1409085806564974,0.023748894685141433,0.21683935901735582,2.2048875610560152,10731.41318633384
760,7600,-1.1848440108836433,-1.0979508986976303,0.1496219115698402,0.21674017026773776,2.2049467801220906,10744.470126249827
761,7610,-1.187170384409698,-1.0394056832876373,0.19924955165624927,0.2165034823545693,2.204960565152184,10757.643370209029
762,7620,-1.1693688962202309,-1.078190627467449,0.07711678894213063,0.21619101812473177,2.2051237404779385,10771.020740750013
763,7630,-1.1938279012103141,-0.9537565343799095,0.34269472555178043,0.21580442655249482,2.205179335409406,10784.58287787484
764,7640,-1.187882114517417,-1.0320327257324073,0.26592064006459715,0.21560851147007914,2.205221272141572,10798.108089416986
765,7650,-1.1864805668657956,-1.0367688060501368,0.24089146663933372,0.2153921375898958,2.205235239151864,10811.592550667003
766,7660,-1.1917850482815844,-1.12150004633857,0.09148702402509308,0.21518582615243742,2.205235904230141,10824.73031979194
767,7670,-1.195480620222786,-0.9300959930420131,0.3450071483629488,0.21494386911233282,2.205550552175585,10838.340578541858
768,7680,-1.1768142451955423,-0.949356287768464,0.26711854906262117,0.21467583963897202,2.2054349201581047,10851.943047625013
769,7690,-1.1524246326180476,-1.0489942614719812,0.1281742413290262,0.2142688005657085,2.2053135187618382,10865.8865531669
770,7700,-1.1586490603480701,-0.9943844328627742,0.26988456349183526,0.21380359934415627,2.2051822908232235,10879.059955458855
771,7710,-1.1769111471366118,-1.0494470104117664,0.27963016417790604,0.21317469250981883,2.2053136195832233,10892.603924792027
772,7720,-1.1511247516894683,-0.8530725494978523,0.32659009113939397,0.2126510901747586,2.2054495081018834,10905.961944333976
773,7730,-1.1620078815638912,-0.9909875594946488,0.1253444283862491,0.21201993574612377,2.2054937178328506,10919.161119541852
774,7740,-1.1768843798554798,-1.1117335065713478,0.03933812556469424,0.21141364014197228,2.205503812340044,10932.372375749983
775,7750,-1.1910789969310906,-1.0910338859592628,0.11826392790120983,0.2108403029427091,2.2055956922347097,10945.413022208959
776,7760,-1.2116238102450927,-1.113420756562732,0.07123262126725387,0.21016541960866034,2.205657018739804,10958.70345129189
777,7770,-1.1854631237765867,-1.1496756056914879,0.026054236015722005,0.2094444436051437,2.205697592853543,10971.814155333908
778,7780,-1.189997241785127,-1.1456815205529005,0.026112846868639055,0.20881833157900997,2.205866177066542,10985.070200375048
779,7790,-1.1967724546390164,-1.1282029668352909,0.05836348051715948,0.20808163890311365,2.2061357331314593,10998.146661999868
780,7800,-1.1821690233189486,-1.1327270713352326,0.03606477680884313,0.2073982883278482,2.206064289528849,11010.96397666703
781,7810,-1.1753971065598314,-1.135501841424747,0.04136535987836388,0.2066494845012578,2.206172416006595,11024.17928337492
782,7820,-1.2075436436245877,-1.1091041190059954,0.10533456130337704,0.2059524281812418,2.206352958650912,11037.3988567919
783,7830,-1.1717052663219931,-0.9916664330601567,0.2646454777523736,0.20523815701256462,2.206365890787373,11050.685371750034
784,7840,-1.1911299476487462,-1.0414220337681788,0.26134425969519764,0.20453900446799647,2.2063711787619913,11064.27457608399
785,7850,-1.1758689996619065,-0.8194229327943436,0.36595834712594477,0.2039187389940296,2.2063616808331474,11077.378375374945
786,7860,-1.18916808568299,-1.050509958447347,0.23735946899063362,0.20331826636704975,2.206381962972643,11090.364074917044
787,7870,-1.1804989676161428,-0.9690184066202029,0.28002583358151406,0.20278134102082,2.2063833453309583,11103.63610108383
788,7880,-1.1505680064335966,-0.9315178804265045,0.293320766359384,0.20218167153889055,2.2064245305517862,11117.409399624914
789,7890,-1.1550986168308377,-1.0059405198344173,0.22693749578294062,0.2016964059539629,2.2064130647809637,11130.628393666819
790,7900,-1.1575684984316892,-0.829592717113275,0.3452395271710059,0.2011631143751136,2.2069850028605216,11143.91408641683
791,7910,-1.1240354134784933,-0.99334659343195,0.25710583706776113,0.200715533137791,2.207085169601514,11157.263143209042
792,7920,-1.1621566172992832,-0.7921528312395834,0.3650471491443107,0.19998564479668327,2.207245092773125,11170.80061929184
793,7930,-1.089379444560862,-0.9144806214013549,0.2861298772503374,0.1993436421686793,2.2073268757214675,11184.134598333854
794,7940,-1.1453296345343729,-1.0608667385485606,0.06375717200605892,0.19870224685144797,2.2072605601615045,11197.128431791905
795,7950,-1.1392170209180543,-0.966683669853398,0.20596186590568527,0.19799444856460643,2.207326016954129,11210.819011874963
796,7960,-1.1713178750473068,-1.097283669127392,0.09086477357488336,0.19734797615475,2.207421080348715,11223.986189833842
797,7970,-1.1497615959074725,-0.9971377124932929,0.22197441064747786,0.19665889368208136,2.2075518682994804,11237.09882258391
798,7980,-1.1750968068258718,-1.1398677771161636,0.01989392322474528,0.1959820578911239,2.207606339340404,11250.127154749818
799,7990,-1.1472303315037848,-0.980783611233323,0.2734246908007444,0.19540132264084117,2.207831422044352,11263.20797220897
800,8000,-1.1657573171460287,-1.0144847678192677,0.20825786183998504,0.19488429656672074,2.207895229573338,11276.969514916884
801,8010,-1.1302916610354945,-1.0866249087499016,0.04540092392367672,0.19438864700385036,2.208017470382829,11289.762290166924
802,8020,-1.1558240370348472,-0.9429566250653718,0.294063452001566,0.19383218837405172,2.208238940813428,11302.927510249894
803,8030,-1.1512540829313274,-1.0752468571307054,0.07596317990048355,0.19317016828394645,2.2083897254715037,11316.26395904203
804,8040,-1.1840957844742492,-0.9376468394184778,0.3345194268331587,0.19257510063282543,2.208725230986836,11329.584348958917
805,8050,-1.1865676144322261,-1.0650241031714203,0.22766705708535265,0.1921344758488324,2.2089123077081183,11342.985483166995
806,8060,-1.1819994808365983,-1.055904246503086,0.1377835526781824,0.19174239704661317,2.209300181262712,11356.359518249985
807,8070,-1.1899586100366708,-0.8635154906322352,0.34046195891466047,0.19133455720874235,2.2096581856419615,11369.702961124945
808,8080,-1.1717838027272691,-0.9529118896068312,0.34347259834694743,0.19104779776226646,2.210339043678822,11383.043895708863
809,8090,-1.1884364115756636,-1.135299365771769,0.02938513288941032,0.19075746138089303,2.210735112178794,11396.029003208969
810,8100,-1.1853211321993546,-1.1471098285585222,0.01628627089142026,0.19059090629532666,2.210813343241447,11408.894549958874
811,8110,-1.1828054240756796,-1.1389278790624435,0.028738640095883332,0.19047410026330228,2.2111113148998087,11422.02650437504
812,8120,-1.1868968708575869,-1.1122860063143345,0.06107246174053922,0.1903675792288306,2.2112196110611984,11434.701637666905
813,8130,-1.1719326664733893,-1.1416421883900962,0.020948080279660913,0.19025583243805033,2.2113617661888365,11448.004979499849
814,8140,-1.1710623587654325,-0.7982372793146993,0.3799369402679118,0.19009152602275764,2.211752425754715,11461.626830333844
815,8150,-1.1757172159959817,-1.1185010333493863,0.05789966940983252,0.1897974157239136,2.21235376400025,11474.374350083992
816,8160,-1.1760189157769254,-1.091724219177605,0.11350022174472758,0.1896067700915413,2.212008192136926,11487.769922459032
817,8170,-1.1701281598125624,-0.9490258753211499,0.40104793357210355,0.18947288107571844,2.212406936650795,11500.990808541887
818,8180,-1.1827795522463953,-1.0291631589381234,0.29402175930272995,0.18927946917187252,2.212604554225234,11514.1416214169
819,8190,-1.1869577499733222,-1.1072429103975239,0.12577509727167807,0.1890780390813935,2.2126349478242,11527.329354791902
820,8200,-1.1807332154653558,-1.118609833056332,0.06310292115098409,0.18887576788161242,2.212895987775559,11540.669104167027
821,8210,-1.1786125907545708,-1.1312042305733119,0.02739247814031587,0.18876678663448052,2.2130289047401295,11553.498807333875
822,8220,-1.174874755276326,-1.0309800735945118,0.24258922696992488,0.18875297441972144,2.2131257059841998,11566.55360941682
823,8230,-1.1488884797738326,-1.0441154781540931,0.21674397243806146,0.18862885623954306,2.2132826213106913,11579.868650958873
824,8240,-1.1514930868188866,-0.9550219814738654,0.3228763999754766,0.1885633247580196,2.213394788041075,11592.931350749917
825,8250,-1.1687279857666955,-1.095384230659927,0.04988021361726455,0.18868509298063182,2.213585776863511,11606.455572959036
826,8260,-1.1623758077485027,-1.0508654687423404,0.1480149324679932,0.18875204349708605,2.2137788391241258,11619.615531584015
827,8270,-1.1792260639370786,-1.0143001108736014,0.30360717954627164,0.18876227710050184,2.2140629273781003,11632.739222999895
828,8280,-1.1724857194486686,-1.0373202844475131,0.3025875390691183,0.18881863468209123,2.2142391588029735,11646.045034250012
829,8290,-1.1593780309453514,-1.002748258633014,0.2798594136482535,0.18888229522871344,2.214336074605917,11659.15173916705
830,8300,-1.1955823235672014,-0.9627215147566328,0.30471816523319195,0.18899376715110625,2.2146665336532854,11672.507682166994
831,8310,-1.1849027875545515,-0.9438361495493224,0.38128921942037786,0.18911217192578542,2.2147643715306353,11685.91042283387
832,8320,-1.1611275372368546,-0.9520362688263123,0.360186977385451,0.18916342184730167,2.2148767333094885,11699.21103866701
833,8330,-1.1827464794504818,-1.1399908515513135,0.030382712515315245,0.18923619632744457,2.2154247507666405,11712.211128958967
834,8340,-1.191949043497222,-0.960728336766433,0.3620809347414055,0.18929715624219598,2.215581694698443,11725.959733458934
835,8350,-1.1862767774678415,-1.071064573666503,0.2816997688181672,0.18940695621299125,2.215703646321291,11739.19773795898
836,8360,-1.1728812603772898,-1.1454886524103467,0.03174961373490987,0.18955091687250594,2.215780874009348,11752.187925583916
837,8370,-1.1735289782733815,-1.1405462808033242,0.038201790692925286,0.18973010206775415,2.2160500070305167,11765.068506208947
838,8380,-1.1663863349432821,-1.0631521598185576,0.24691923454499481,0.1899622299453738,2.216029356256759,11777.92156412499
839,8390,-1.174250977444447,-1.0983002247976656,0.14460398796053822,0.19010257838275135,2.2165222554821007,11791.39298683405
840,8400,-1.173291400204942,-1.1349816069490255,0.06309874986721264,0.19020936644009862,2.216918577953766,11804.27066554199
841,8410,-1.176215629799402,-1.0556618042303683,0.2415301239571854,0.19022058474215855,2.217191033190975,11817.02008787496
842,8420,-1.1758439198486865,-1.1424610573590257,0.02132007402790596,0.19021003394799166,2.217457125587992,11829.894915750017
843,8430,-1.1734983024187047,-1.03522015062687,0.26386150205221814,0.19010957529493103,2.2178338619304037,11843.03205641685
844,8440,-1.173134637403809,-1.1434480632610882,0.020015356173572557,0.19001431542474895,2.2180066278711097,11858.430540249916
845,8450,-1.1817913325323914,-1.151518814174619,0.03863803058826112,0.18987501008874622,2.2181792856728033,11874.093638333958
846,8460,-1.1820583465857357,-1.1121697694430623,0.09216288909219997,0.1898111544921712,2.218423559419909,11888.074280833825
847,8470,-1.1638374009916825,-0.9358288272621443,0.4026402661381869,0.18979033516711175,2.2185804841554413,11901.664891083958
848,8480,-1.1805904095536732,-0.9712680569632169,0.3483539210160578,0.18971221982621733,2.2187202402182993,11914.556157749845
849,8490,-1.1837446070633728,-1.1387271754589936,0.045634455332905256,0.18967418859612792,2.2186916381800064,11927.62510858383
850,8500,-1.1836004953908859,-1.1433123054859977,0.024414400934035203,0.18960925953674052,2.2188214968186086,11940.90056820889
851,8510,-1.1798069525193133,-1.124130093861112,0.08334197492702133,0.18952709771953183,2.2190129172329764,11956.412145124981
852,8520,-1.1814432745978536,-1.1553417774370451,0.02251612337015842,0.18947755754890286,2.2189433404216325,11969.536970874993
853,8530,-1.1627135068709418,-1.1346171528723343,0.03528464439069847,0.18951063530362375,2.2190183570042565,11982.866259249859
854,8540,-1.162671864656847,-1.1437544363706162,0.022412507453467668,0.18953507359663424,2.2191918263039287,11996.469414999941
855,8550,-1.1634757446388022,-1.151739197865954,0.011413295924553535,0.1894882517550075,2.219290841783315,12009.78226624988
856,8560,-1.182958605060783,-1.1461864208498664,0.025527477650138613,0.18945928626914474,2.2194077976596365,12022.94322554185
857,8570,-1.1867284777746931,-1.097787568212643,0.10218878740516785,0.18950184551111188,2.21952214167977,12036.240544833941
858,8580,-1.1804007051292338,-1.0685675910757286,0.26601561255006767,0.1895033061747571,2.2194999007093386,12049.596537499921
859,8590,-1.1930601781351458,-1.0225953630785054,0.27999816955443674,0.18949078583192555,2.219614723702509,12062.862192458939
860,8600,-1.1863982935663895,-1.1341008205880834,0.0787309348947489,0.18947234121461617,2.219586572796703,12075.838711000048
861,8610,-1.202540016003697,-1.1560761866780247,0.033898257999571677,0.18954722570158622,2.2196221358343204,12089.012961749919
862,8620,-1.1786466769362747,-1.0206895451297382,0.27610245227189767,0.18954712692118786,2.2197431538852994,12102.271561749978
863,8630,-1.1709162482622801,-0.93957077036495,0.35626435935214956,0.18954720071271317,2.2196113017196,12115.522071916843
864,8640,-1.2001452245428226,-0.9958492534672839,0.3022181772444857,0.18949731781429918,2.2196705373979726,12128.506504666992
865,8650,-1.170794860586292,-0.9058019412786269,0.3689216443086307,0.1894809363718106,2.2196749782621183,12141.619809875032
866,8660,-1.1808471120217092,-1.1426050588463965,0.06436930584114973,0.18932484964544194,2.219764533674118,12154.573799541919
867,8670,-1.190553114460533,-1.1514417318249783,0.019352601298440228,0.1891657120532515,2.219767321866035,12168.023650833871
868,8680,-1.1754867757915575,-0.9668942961800244,0.29166610828664746,0.18901834600786296,2.2196560414684403,12181.61186049995
869,8690,-1.1873230406218633,-1.0542589247551288,0.20679445206685204,0.1889187713816032,2.2197966413331884,12194.70161166694
870,8700,-1.1808041311602127,-1.1537423683964148,0.01785988119547748,0.18887842371774802,2.219795564405556,12207.976451250026
871,8710,-1.1917534706092026,-1.031869349884095,0.28808216637320816,0.1888244797571686,2.2200653970190247,12221.31058241683
872,8720,-1.1878364894498352,-0.7382079990184158,0.42982315686934297,0.1887985013361281,2.220070119618534,12236.015566166956
873,8730,-1.206380935952418,-1.1631162091620049,0.0327880244562888,0.18870052116839903,2.2201743600139596,12249.589237666922
874,8740,-1.1835974936024805,-0.9396801232459474,0.33701884869592535,0.18861922213516305,2.2202247478743025,12262.803665166954
875,8750,-1.174696557184454,-0.9031940356648182,0.39980434605950266,0.18856018976390956,2.220164802474411,12275.943902249914
876,8760,-1.1820527684956845,-1.14770443727086,0.025044437098759486,0.18863109503722786,2.2202460206178176,12288.76010866696
877,8770,-1.1908868657149698,-1.0769185415624336,0.1779590078596011,0.18861789770246679,2.2201717982207407,12301.95153491688
878,8780,-1.1996524575352918,-1.1618565594931458,0.026195636177580594,0.18861881844631745,2.2201049193562845,12315.183012292022
879,8790,-1.183383678443465,-0.8240820621486158,0.39963271230785746,0.1886392723987108,2.220261979427956,12328.666965333978
880,8800,-1.2072404021267724,-1.1635565512920532,0.031549113345630576,0.18850942027218784,2.2203348385786765,12342.007089291932
881,8810,-1.1895124599018487,-1.0825306574519158,0.12818279356404483,0.18826661551259688,2.220225252354641,12355.548742583953
882,8820,-1.1819004866898757,-1.0746740206785645,0.2521451010322593,0.18808028780087604,2.220318920922035,12368.915074958932
883,8830,-1.185492808366007,-1.1635095827711448,0.016143991962070767,0.18791699919195692,2.2203871860745688,12382.19109162502
884,8840,-1.1793694583742491,-1.145200264761641,0.031765890761199726,0.187923439320206,2.22046698535629,12395.14237620891
885,8850,-1.1846390409415655,-1.1603925985724277,0.017235699403642002,0.18798191913092785,2.220828873675278,12407.79774670885
886,8860,-1.1706689896989868,-1.046065441471701,0.28886903231676075,0.18808095765416516,2.2207520821307836,12421.112175334012
887,8870,-1.1530529083277283,-1.099486774053291,0.04284280816624183,0.18822646370190704,2.220833672014988,12434.187198749976
888,8880,-1.1528701510955726,-0.602673585246545,0.5082399857704819,0.1883883745815351,2.2208822768602285,12448.279783542035
889,8890,-1.1528768821739144,-0.964482761105206,0.3003763151185167,0.18848017641082257,2.2209194640766405,12461.727014416829
890,8900,-1.1686737208043718,-1.064816814339795,0.18443379178261698,0.18853373327223372,2.220986486713638,12475.522300458979
891,8910,-1.1603504104593263,-1.125079253534591,0.02692747779185534,0.18853190255760002,2.221003551111891,12488.597049250035
892,8920,-1.1717041570836129,-0.9911460011868456,0.29739412395863524,0.18848116006455262,2.2211001279871523,12502.59421820892
893,8930,-1.1738498849519141,-1.071701504411455,0.15668602704116444,0.1883756268322842,2.220999185256348,12515.763130499981
894,8940,-1.1787745172049675,-1.1397234130494875,0.020944217501286656,0.18814211878483933,2.221440947957618,12528.657107749954
895,8950,-1.1890798653374954,-1.1426722588911862,0.0349377939824919,0.18792796676976414,2.221492860058874,12541.806661499897
896,8960,-1.1764735491365075,-1.1517455468511935,0.024139226960725717,0.18768452274212302,2.221551573739213,12554.805650959024
897,8970,-1.1709042862324166,-0.9379131122133402,0.3940566847424648,0.1874703356383705,2.221534596376683,12568.208981249947
898,8980,-1.161887393504994,-0.9900547736417729,0.3295474280869796,0.1872237913283604,2.221644042860037,12581.584604458883
899,8990,-1.1769702679052738,-1.0771789651005412,0.19821407561101062,0.18701977058340602,2.221814965216576,12594.982301958837
900,9000,-1.192346670515608,-1.1312189997157693,0.058612562467321765,0.18685699992511223,2.2218528865150584,12608.069992125034
901,9010,-1.1489835099662322,-1.0292578897984512,0.1145803652503815,0.18658166350675834,2.2218590305803883,12621.347901209025
902,9020,-1.1921444168565545,-1.123033408981388,0.048814753493930815,0.1863010216242573,2.2218844304778544,12634.670480083907
903,9030,-1.1888829422195366,-1.0580823810565139,0.10166914131177168,0.18605186186915262,2.222227319544072,12647.496358542005
904,9040,-1.2129278662734002,-1.1056233669075044,0.09616693615014739,0.18576034990150828,2.2226139427254497,12660.596999833826
905,9050,-1.158553310867636,-0.9326155813507565,0.33016580457191314,0.18548304858772624,2.2226931726674284,12673.641579875024
906,9060,-1.1531775705976877,-1.0779819111911084,0.11105448270176588,0.18515642182259762,2.2227242927046174,12687.16486904188
907,9070,-1.1954911578102205,-1.1195484019456567,0.049846870383745856,0.18471963068517214,2.22273932301379,12700.11214716686
908,9080,-1.1968397260486894,-1.1238355527576733,0.04185230765422725,0.18445298548015737,2.22283539253387,12713.09845874994
909,9090,-1.204677198527718,-1.1372715369999444,0.03201908539342871,0.18426733392210767,2.2228195527472,12726.62840554188
910,9100,-1.1821146550853845,-1.0789422117942877,0.20335633432755826,0.18396628639632018,2.2232487593441936,12739.755508374888
911,9110,-1.1815320960593167,-1.1120967272810398,0.039037418448833267,0.18366611849475,2.223527520926246,12753.30833891686
912,9120,-1.1931120734974074,-1.0222329136208053,0.28282138594090556,0.1833151829365062,2.223667357840129,12767.322882749839
913,9130,-1.1913176898708437,-1.136875917742412,0.04020941397841034,0.18289744550338238,2.223686765256285,12780.87063312484
914,9140,-1.193176233896767,-1.0446075010877993,0.2432228128761366,0.18239067831888797,2.2237446257164857,12794.126296208939
915,9150,-1.178378202666754,-1.141206679393547,0.02549780434935843,0.18187364149807356,2.223716304855021,12807.597183292033
916,9160,-1.181878485873197,-1.0095771277449102,0.27920161329987,0.1814058106442905,2.2238990019293046,12820.859815916978
917,9170,-1.2044637843323862,-1.0326046608138533,0.22442969596362022,0.18090852690908377,2.2236942798049015,12834.116952541983
918,9180,-1.176032763361217,-0.9352054368740343,0.35098038046311797,0.1804611791036126,2.223712019425663,12847.779544499936
919,9190,-1.182794651525418,-0.9439619489143312,0.3215828634267482,0.18007389741250107,2.223678080870635,12860.87625424983
920,9200,-1.20087216579776,-1.1360867647906043,0.04800968400854656,0.17978853763504918,2.2237148415557417,12874.571586208884
921,9210,-1.1942830453588256,-1.0472275885058302,0.22318606643165154,0.17964788054136013,2.223515142834271,12888.197185291909
922,9220,-1.1708208823431319,-0.9526532323624946,0.3473543456361602,0.17944460036024124,2.2236462329333255,12901.51945462497
923,9230,-1.1853205653282632,-1.135059049781819,0.06068804660259682,0.17921077728744442,2.223888852553213,12914.689275291981
924,9240,-1.1979929104619895,-1.0777482179004465,0.23164012494841907,0.17901602673785194,2.223915867670847,12927.513073042035
925,9250,-1.1736400755241885,-1.0777543293827565,0.2190229678524092,0.17890466708492558,2.224070428100086,12941.087966291932
926,9260,-1.1614023621095617,-1.097743580628786,0.07300737911458273,0.17879741802029148,2.2240581159683654,12954.04046370904
927,9270,-1.1603140721739003,-1.096260641239553,0.0597781304277502,0.1787820206149903,2.2241920878622783,12967.156078124885
928,9280,-1.2025251455094343,-1.1028757634307282,0.1925036897487334,0.17880393153100752,2.224203158415385,12980.008838458918
929,9290,-1.190682651057629,-1.1382742745651533,0.03163247320129641,0.1787472404586398,2.2243734806567064,12992.631582374917
930,9300,-1.159815266356878,-0.9990170354096044,0.33367104004348097,0.1785731117167164,2.2244591500873074,13005.719321416924
931,9310,-1.1571936852186537,-1.0908246150549843,0.04307938380051398,0.17859585197151231,2.225438284416197,13018.675827124855
932,9320,-1.1803438373410655,-1.1279405241214713,0.0273382132236918,0.17862324179396097,2.2256351143497173,13031.487161875004
933,9330,-1.1553766768682694,-0.950731365779054,0.23788475930719408,0.17869000494199783,2.225897797483447,13044.855635416927
934,9340,-1.1542854327685736,-0.9734118474268204,0.22184473622556264,0.1786312964776976,2.226111159373729,13058.055743083823
935,9350,-1.165562246969814,-1.077569611007711,0.18097377995170966,0.17852614049017146,2.2263896220594273,13071.416828708956
936,9360,-1.163702440389999,-1.0988424176986213,0.12490599047365405,0.1783790413593898,2.226548961686427,13084.4847942919
937,9370,-1.1894985761062644,-1.0794446226347851,0.16584604950199144,0.17817816701366362,2.226776709465313,13097.741501542041
938,9380,-1.1878922983431028,-1.1444882201256086,0.02880458112195074,0.1779090399861283,2.226830761690228,13110.33369833394
939,9390,-1.1667351625644455,-1.0623030803290352,0.2181421210193216,0.1777301449508915,2.226924137970654,13123.515738792019
940,9400,-1.1816399433241322,-0.9955325191361233,0.24799854465051796,0.1774766770880465,2.2270057889290844,13136.547794417012
941,9410,-1.1762186628789797,-1.0780083601874122,0.18008016274014135,0.17716567760061386,2.2270373798498766,13149.705588124925
942,9420,-1.186439814300238,-0.9398657268122751,0.3677045813940844,0.1767704609894179,2.227075972210368,13163.830546541838
943,9430,-1.1828675463176737,-1.1488433705369014,0.025420192180083956,0.17654143342518974,2.2269803693701222,13177.477339250036
944,9440,-1.1631735642804362,-1.0431200149616036,0.16500823386510033,0.1763016226786324,2.2270576706902285,13190.549753624946
945,9450,-1.1880369509185318,-0.9881580749358461,0.2421225719331515,0.17612898313350292,2.2273997260480574,13204.07192287501
946,9460,-1.1978104695077452,-1.1493617669444798,0.028247238338791582,0.1758902801734058,2.2274125389591406,13217.139118666993
947,9470,-1.1931942142714629,-1.0098333857733615,0.2932748197644811,0.17574873048879872,2.2275923586596784,13230.066146208905
948,9480,-1.196313327737796,-0.9756283947938418,0.35803550516667665,0.17558251949398848,2.2275104117156115,13243.197421291843
949,9490,-1.1985265783637162,-0.9476690089656797,0.3511594875526297,0.17544610159348048,2.227594115524261,13256.289938374888
950,9500,-1.1876597274336973,-1.116663773918127,0.13249432781854878,0.17539104099414402,2.2281848679603993,13269.493563917
951,9510,-1.174345910574158,-1.097782607026024,0.16394992400223538,0.17533400388308526,2.2283088508173146,13282.410508666886
952,9520,-1.1752093016630045,-1.0201055654252993,0.2866752589909462,0.17536136583648795,2.22870730065512,13295.607041541953
953,9530,-1.1748541439867983,-1.0619268061906346,0.1628103331199676,0.17536734036484858,2.2286587276957035,13308.56005391688
954,9540,-1.166773517302623,-1.0416166356046173,0.24929781186791505,0.17533724630027303,2.228727822286403,13321.523020166904
955,9550,-1.179162939296039,-1.0799455516986836,0.22570012968791306,0.17531288189806074,2.22880059419205,13334.581295958953
956,9560,-1.189650487994677,-1.1176361015580465,0.09543696490006641,0.17528019063809883,2.2288100034995026,13347.581230124924
957,9570,-1.1778020832090217,0.11182129749777747,3.3064196409915856,0.17524056220295608,2.2289124298652343,13360.839959333884
958,9580,-1.1822683354836183,-1.0731827049531761,0.1938963380247853,0.17519988546484072,2.228952585764099,13373.937855416909
959,9590,-1.1808545752422264,-1.0130511361009247,0.26130807085437086,0.175261338862279,2.2291261325506597,13386.949289625045
960,9600,-1.1940265786596003,-0.9298381232369021,0.31376421558454703,0.17525876583050823,2.229105915885794,13400.39345766697
961,9610,-1.198488838071703,-1.0025988046537617,0.3137916849539831,0.1751610807487343,2.229122678504587,13413.613925416954
962,9620,-1.1787635207994036,-1.045633444175579,0.20238151032831891,0.1750062574087838,2.2293099800658966,13426.687927583931
963,9630,-1.1696040179785427,-0.898943880103376,0.31912702288738654,0.1748373689515474,2.2292928672391867,13440.241102083819
964,9640,-1.1956788584998792,-0.911316972196851,0.3398290569880627,0.17464193509040862,2.22936680982505,13453.445787333883
965,9650,-1.203330163148065,-1.0342928533391713,0.2555574467912073,0.1744675646757464,2.229421117595468,13466.954890792025
966,9660,-1.1873167661777666,-0.8763148548423008,0.3383073385184608,0.17426738565250657,2.2294581493599845,13480.726108249975
967,9670,-1.202763914778255,-1.054572529724401,0.2876204888875987,0.17402761141065146,2.22956895316038,13493.621592459036
968,9680,-1.1687577916569447,-1.068570689082423,0.1554905687627217,0.17388342276218322,2.2294545735574447,13506.655714625027
969,9690,-1.1975260599276973,-1.157642122901105,0.035898110598296264,0.17383224050773974,2.229454450980299,13519.680746208876
970,9700,-1.166287675393514,-0.8620857453115474,0.36283849191415396,0.17382366240485783,2.229252937364108,13533.67369054188
971,9710,-1.1885330511181156,-0.9535496579847986,0.3190105301692522,0.17373049639904564,2.2290807105071404,13546.952394417021
972,9720,-1.1758106198506528,-0.9807142587008869,0.22333371884870437,0.17359883446647892,2.2291610334132868,13560.373472874984
973,9730,-1.1903434659625791,-1.0568470590997756,0.17773041024599595,0.17345316787160103,2.2293672838833345,13573.616851500003
974,9740,-1.1661140213207473,-0.8310940635098294,0.34782890648076925,0.17337328064868554,2.2293451052824613,13587.356571041979
975,9750,-1.1628329958418409,-1.0149591100404871,0.19221865749108002,0.17326316530354072,2.22909105146433,13600.518402792048
976,9760,-1.1809879561209327,-0.938772049779533,0.307077587514089,0.17320973449346505,2.229053817596471,13614.196295416914
977,9770,-1.1659243588517612,-1.0225071969544683,0.19038883452944283,0.17309603284152267,2.2291316229997604,13627.730244333856
978,9780,-1.1532890297882572,-0.9991625886903772,0.210790863621805,0.1729502596903059,2.2293858595061975,13640.920691584004
979,9790,-1.1474410957172303,-0.9756419566387983,0.23261815391977492,0.17291800709888216,2.2292111431071984,13654.462403958896
980,9800,-1.1734644391936513,-0.9997311552969714,0.24410518126203287,0.17292133932884557,2.2291430721581595,13667.69955324987
981,9810,-1.1521732645939924,-1.0980127189341895,0.0488615858344808,0.17295460573982926,2.229197817090189,13681.51220274996
982,9820,-1.1762726247464315,-1.0821065884194647,0.16692413521432087,0.17307006607368117,2.229341106631252,13694.54529370903
983,9830,-1.1874295508841115,-1.074538166006064,0.16738611781118465,0.17318008998803383,2.230150909275296,13707.896962292027
984,9840,-1.1640352890512098,-0.8935917984232962,0.3553483640205419,0.17329974856891475,2.2300312703385563,13721.137129958952
985,9850,-1.1736013824637945,-0.8110117407505311,0.354572785865933,0.17327655313247597,2.2298856696607485,13734.56307691685
986,9860,-1.1513986564763918,-0.8562772230244928,0.3216611447189821,0.17326333844091324,2.229805426222459,13748.117757749977
987,9870,-1.1690808587416255,-0.9133224996709387,0.3467538745665867,0.17331197294335624,2.229937164469213,13761.48191758385
988,9880,-1.1603809341652749,-0.8958120704726792,0.30480127261195383,0.17326347378884718,2.2300246753993096,13774.854066666914
989,9890,-1.154217086087943,-1.0778490935116012,0.14455063523110467,0.1731207558040578,2.2300523444099394,13787.945202125004
990,9900,-1.1521124336109656,-1.1151436976510634,0.031678887718150306,0.17298141956751606,2.2300663569653847,13800.858525166987
991,9910,-1.1558948391449153,-0.8786642381960139,0.31810357067800604,0.17277358677177249,2.2301481689977254,13814.267407124862
992,9920,-1.1735056006839137,-0.9163942402727392,0.2817335314471429,0.1726290999019226,2.230007220449617,13827.813111916883
993,9930,-1.1818243696741266,-1.0956983766592105,0.1542122776567563,0.17244750980989926,2.230328563590544,13840.741625041934
994,9940,-1.1777927191904256,-0.8844568421669002,0.32862963482928553,0.172234587733601,2.230306392695241,13853.904885874828
995,9950,-1.1902167158107746,-0.9856409662019375,0.2544696027719092,0.17210902107209317,2.230370793484614,13867.190476083895
996,9960,-1.1870289018610514,-1.0965244274644224,0.2084823244642027,0.17202735699151092,2.2304947506299597,13880.29721724987
997,9970,-1.1830273474679993,-1.1401206146861829,0.0459994201380972,0.17185374784346466,2.2305806341061456,13893.580892459024
998,9980,-1.1967605919557638,-1.1167104428522143,0.14058310015568967,0.17173215702597724,2.230412781742243,13906.786887584021
999,9990,-1.1573554622878817,-1.0097359757973554,0.24907990451869183,0.1716095093951474,2.2309953902859556,13920.181454333942
1000,10000,-1.1665390710336077,-1.069077326141023,0.18819533616077355,0.171406234826104,2.230960425661998,13933.47135358397
1001,10010,-1.2009694933043367,-1.0024796737045363,0.30315668199892143,0.17119875020508327,2.231168634821367,13946.819260708988
1002,10020,-1.1918217768436898,-0.9959366634109592,0.2577980574097666,0.17101099614603413,2.2311487983345413,13960.109715458937
1003,10030,-1.1860220171630358,-1.083968634243084,0.166255919943541,0.1706675245135375,2.231281798478705,13973.370207208907
1004,10040,-1.1672109398083528,-1.126247948463123,0.043456752598986285,0.1703446838269498,2.2315362013748636,13986.637313541956
1005,10050,-1.170505340223249,-1.0968932722494067,0.06699226590981616,0.1701217999180905,2.231694338373348,13999.633062999928
1006,10060,-1.1853412959162828,-1.138011990325337,0.03276694702449466,0.1700632221362584,2.231617509517179,14012.405435499968
1007,10070,-1.1796758541891803,-1.064198480245233,0.21292225507356624,0.1699591870326533,2.2318481777016013,14025.174649249995
1008,10080,-1.1817903592782768,-0.9714031515723953,0.3164175479097357,0.17002361863737328,2.2319388838775485,14038.256272834027
1009,10090,-1.1834140460548195,-1.1256312575914147,0.03824600688192742,0.17010536450940933,2.2320689605671546,14051.22550912504
1010,10100,-1.1689706969093416,-1.0761219758241325,0.11344624227657382,0.17018569545332685,2.2322140551453136,14064.456053083995
1011,10110,-1.168654594517724,-0.9342218250042702,0.2985844667332753,0.17033815213643805,2.232419612680822,14077.515652333852
1012,10120,-1.1762545503079904,-1.1251890934017492,0.04485745403742041,0.17062091758413958,2.232685132351698,14091.029978999868
1013,10130,-1.1985437607501934,-1.0691944224773442,0.24472290163483612,0.17085309070818688,2.2330299564764013,14104.506647666916
1014,10140,-1.168799333775854,-1.1451331945569563,0.015322339803791267,0.17100400310757477,2.233203108250423,14117.807714541908
1015,10150,-1.180647055838726,-0.9472076216152342,0.3394970264195856,0.171095105408502,2.2332899686931156,14131.573808916844
1016,10160,-1.1847597224178434,-1.1610973943558804,0.021953787087533386,0.17119069702877623,2.2335581338568824,14145.377622124972
1017,10170,-1.1833474370166366,-0.9927106207835596,0.2761633550889181,0.1713113530288177,2.233630049093932,14158.854285500012
1018,10180,-1.1967767907050515,-1.1480697944619922,0.033959406248642646,0.1713656178272138,2.233823294170978,14171.886820874875
1019,10190,-1.1941579769385706,-0.9843483140622682,0.2964128837872081,0.17135723208574494,2.2340135588711654,14185.183135791915
1020,10200,-1.1931151723521163,-1.165912125136303,0.01876302496365062,0.17140991323118965,2.2341641054093158,14198.622774499934
1021,10210,-1.1940214955375774,-1.1607318586397548,0.034754142239646166,0.1714557131075906,2.234391661151023,14211.383197916904
1022,10220,-1.1922072211549581,-1.0133595328792704,0.26146982099809046,0.17150201036050852,2.2346215120458237,14224.597933375044
1023,10230,-1.1857704245425689,-1.0826663618047552,0.22582322254197576,0.1714327865189492,2.234806664825772,14237.786554541904
1024,10240,-1.1588400511519765,-1.1302697018197283,0.02074318102983051,0.17136485194738832,2.2348118029962887,14251.073645999888
1025,10250,-1.1743368924585358,-1.1407304250784622,0.02290990429306596,0.1712100245082363,2.234865851925317,14264.474087625043
1026,10260,-1.1692535257357095,-1.0502284971896965,0.21679936516432735,0.1709975534361075,2.2348286145110605,14277.902784583857
1027,10270,-1.1739215722664715,-1.1387852164321508,0.027686576453911153,0.17073909499920945,2.2348454333155368,14291.611583749996
1028,10280,-1.1868269768610604,-1.1310167514907112,0.044401707967016285,0.1704964606060066,2.234540887668559,14305.027806666913
1029,10290,-1.1807914482355129,-1.1297033909846586,0.0325116081492886,0.17030418413562076,2.2344987396775684,14318.36294254195
1030,10300,-1.1552381833270857,-0.989661475925082,0.2630867689705915,0.1701642659684173,2.23419773837681,14331.545640792
1031,10310,-1.1761516172767381,-0.865305256926689,0.32834467187595445,0.16991390387002286,2.234020797194009,14345.063887791941
1032,10320,-1.1716291070414835,-1.0749506214258495,0.1735904647038625,0.16980009134480822,2.2341125763542986,14358.480850666994
1033,10330,-1.1816591723959453,-1.1300576187558478,0.03347427610443427,0.16960887038936423,2.2342489696636934,14371.918717833934
1034,10340,-1.1744367685979409,-1.0558246612103939,0.2696910139448455,0.1694114954673158,2.2341945654182114,14385.533406416886
1035,10350,-1.187504597835547,-1.149940203650206,0.02632755680651024,0.16922634693694805,2.234049126972024,14398.65377616696
1036,10360,-1.1792215127589438,-1.1324307744005835,0.03900149589932476,0.16908745307781786,2.2341272286931724,14411.699249249883
1037,10370,-1.173441801120151,-1.043440505772902,0.19497917338662213,0.16893596241426165,2.234046983088987,14425.219586958876
1038,10380,-1.1551649041788643,-0.9245094997190237,0.3054432769694084,0.16884593314498597,2.2342074034931,14438.75215816684
1039,10390,-1.1591349393758534,-0.9946620965561401,0.19498526750147657,0.16870484640828778,2.2341740891171744,14452.294585791882
1040,10400,-1.1406432291996005,-1.0926621421008522,0.041383817185516085,0.16867007006847273,2.234137256865609,14465.417110000039
1041,10410,-1.1471163874239032,-1.08909291675038,0.04768677793544371,0.16865863095609615,2.2335210584159606,14479.586831874913
1042,10420,-1.1468971858872266,-1.111316471961856,0.035047742089342915,0.1686730931425741,2.2336047061684132,14493.431338625029
1043,10430,-1.1630908419116155,-1.1332927269910158,0.023340168618199274,0.16869973403311264,2.2333433455795015,14506.394236875
1044,10440,-1.172664521391674,-1.0815706019267668,0.20549930423716017,0.1686890144005384,2.2334558192537015,14520.003478499828
1045,10450,-1.1531795716135056,-0.9508913585860789,0.2525693103056516,0.16869520012172318,2.2334044091849967,14533.39640816697
1046,10460,-1.170637409221574,-0.9922184747048277,0.16829489550610938,0.16866206414969193,2.2332769977781006,14546.625725083984
1047,10470,-1.1734794944409934,-1.0635772917555808,0.2273986781936763,0.16865741405170775,2.2333578269589727,14559.925447999965
1048,10480,-1.1688881645252298,-1.1346388777038223,0.033326499149225516,0.16863203947393773,2.2333214604155383,14573.36599345901
1049,10490,-1.1866440727214975,-1.0624265018593995,0.20874868648804717,0.16863998313377565,2.233513159300151,14586.582115459023
1050,10500,-1.1680911205928446,-0.9314816061543733,0.31163365025022755,0.16860072859716635,2.2335321507640558,14599.670083333971
1051,10510,-1.1979837861849498,-1.1266825110482386,0.104235314339643,0.16852003327081727,2.2334695218471987,14612.877031584037
1052,10520,-1.1720078492976418,-0.8421338742391345,0.386313653072017,0.16837162973269548,2.2335900003088844,14626.738179083914
1053,10530,-1.161012954330034,-1.1171677385804752,0.054815300715104626,0.16823864075108838,2.2335903723601964,14639.922691833926
1054,10540,-1.1611002242871455,-1.0966237016724776,0.071709242644014,0.16805607239977516,2.2336481152744425,14652.584746666951
1055,10550,-1.1343060325192669,-1.0386082652912871,0.23128785491767676,0.16782019753399455,2.233636631336029,14665.838510124944
1056,10560,-1.1726535417147357,-1.110210554028873,0.055411363671771414,0.16766596156852426,2.233628309388779,14678.902815541951
1057,10570,-1.1594229896949937,-1.0897834815261513,0.07880429255141239,0.16752710654895445,2.233573745396847,14692.592791874893
1058,10580,-1.1816372965712558,-1.1347528055340157,0.04481969510016793,0.16742050726934762,2.233250731159288,14705.873150166823
1059,10590,-1.1753123431184918,-1.0545038613503792,0.18699583294242791,0.16726637164332592,2.2330087148863833,14719.266526833875
1060,10600,-1.176256488283368,-1.116599842184862,0.04540695745172154,0.16709357185887344,2.233415341998334,14732.775474166963
1061,10610,-1.1720279037870815,-1.0587323734243024,0.2043037723164596,0.1669316078577975,2.2335069433447723,14746.208489499986
1062,10620,-1.1769662696484078,-1.136744954848178,0.025937517508567348,0.16669251369507546,2.2335570988978732,14759.351666041883
1063,10630,-1.1797517609773145,-1.1376093817452286,0.028011939300633452,0.16651103210182927,2.233574241553803,14772.69270949997
1064,10640,-1.1805108469388221,-1.1478527724939445,0.02851055309064091,0.1663360048350141,2.2341254163575712,14785.9761833339
1065,10650,-1.1805951991962713,-1.1636469070947981,0.012918786354581416,0.16625859188328962,2.2340901913299205,14798.914739375003
1066,10660,-1.1928305616281554,-1.1570954204907435,0.030536623321375043,0.16625144342914655,2.2342599681150856,14812.234807499917
1067,10670,-1.15961112999047,-1.1361892395741067,0.0183745635464344,0.16628232691095726,2.2343307609806202,14825.41843733401
1068,10680,-1.1645091486193087,-0.9728180643085587,0.30785831731529795,0.16618100589608129,2.234239866550769,14838.532396874856
1069,10690,-1.1743575198155325,-1.0063754786765275,0.2962007638327849,0.16600997686521457,2.234352640506206,14851.801020917017
1070,10700,-1.182406018587109,-1.1298961181156597,0.11651997167928259,0.16588458759227173,2.2340978798544473,14864.981034792028
1071,10710,-1.1930289997037828,-1.1550397012676434,0.034783667807736764,0.16571512943143663,2.234147145509503,14878.623469583923
1072,10720,-1.2066469149911514,-1.1505967824405114,0.03696627211475848,0.16545177569717467,2.2341424435008075,14891.561264291871
1073,10730,-1.1942432550449587,-1.096596076868868,0.20136203228139285,0.1651132249998819,2.233961232859481,14904.637984375004
1074,10740,-1.1831510824918832,-1.151477399558446,0.01994846265663263,0.1647838363661987,2.233924372956459,14918.184544167016
1075,10750,-1.1913616612524844,-1.1554660087281963,0.022654271987093893,0.16450362508695499,2.2341483920361678,14931.253325874917
1076,10760,-1.2082790025138443,-1.1655044993536605,0.023850056292452636,0.16426290499400942,2.2340611227216107,14944.197095667012
1077,10770,-1.1948866880579176,-1.0572603910991116,0.2754622231095389,0.16388498586025596,2.2339671454335215,14957.667746041901
1078,10780,-1.166585723112064,-1.0867666450356044,0.16885122279631928,0.16356033044729654,2.2340208423532375,14971.072902417043
1079,10790,-1.194679722349865,-1.010328290312943,0.27931753935988957,0.1632062377186442,2.233869420235887,14984.304750208976
1080,10800,-1.180557121386788,-1.098322553810093,0.1894413788676618,0.16276918117727096,2.2338430064455754,14997.650489917025
1081,10810,-1.1922551764853564,-1.0781096979761062,0.18403505918625365,0.16227180102717384,2.233924320842478,15010.989734916948
1082,10820,-1.1933111103657978,-1.1530971346050416,0.026206051747492173,0.16168292948847068,2.2338611608257826,15023.961818833835
1083,10830,-1.1891203055293307,-1.1610141912513627,0.021862906797873373,0.16120674100854557,2.233611102343747,15036.846582874889
1084,10840,-1.198780977595903,-1.1586953267429505,0.032870390976638714,0.16085215777649345,2.2336936443221544,15049.772526583867
1085,10850,-1.1959141429620352,-1.1636323922621572,0.02217973240702444,0.16057090227430432,2.233675690458125,15063.03391758399
1086,10860,-1.193841578738371,-1.1091779589456214,0.14990015420239403,0.16026932379801992,2.2341214091237838,15076.35425787489
1087,10870,-1.1766028080985498,-1.10816423899178,0.10976195251663486,0.16002026507523334,2.2342590733671384,15089.428545499919
1088,10880,-1.2017485836133561,-1.1078796917509588,0.13168276590155967,0.1597458627798271,2.2343245252893054,15102.258146459004
1089,10890,-1.1837298588061556,-1.130806355193788,0.0507938836637317,0.15941158728173282,2.2342580727211296,15115.699152041925
1090,10900,-1.1894628868088928,-1.1713639031264758,0.018012925459959764,0.15904241449923875,2.2341228277750957,15128.839588749921
1091,10910,-1.1990057022871818,-1.1560268349634963,0.05382553735797014,0.15859248325339595,2.234006566163754,15141.74985449994
1092,10920,-1.193180476855515,-1.1629175516104393,0.02772200839970226,0.1581249915197274,2.2340696035648806,15154.314898374956
1093,10930,-1.1694763668784773,-1.0579737870536046,0.22712253408079366,0.15770509667286772,2.233873190174412,15167.32170824986
1094,10940,-1.1712070882186119,-0.9601320514745895,0.3475336086165584,0.15731014442549868,2.2339267736072137,15180.784533958882
1095,10950,-1.1922121643834434,-1.1387272431335898,0.028134518024797654,0.15701385629953646,2.2339651511436034,15193.83208420896
1096,10960,-1.1524346904498737,-1.122156205405084,0.02319409787442515,0.15661652764309855,2.2341237046961737,15207.187755499966
1097,10970,-1.1846556212792088,-1.1163322472671808,0.0400298888150717,0.1561344607491196,2.234320634761408,15220.28533704183
1098,10980,-1.1777391295016892,-1.144626335223489,0.018667085575519243,0.1557150825670229,2.2344475746627226,15233.269798625028
1099,10990,-1.170105192540718,-1.1020734024708863,0.045301219088763105,0.1553787608373892,2.234452471487233,15246.327492208919
1100,11000,-1.138786371159548,-1.09631040300069,0.0409647589396261,0.15502304863949315,2.234650419128363,15259.430880042026
1101,11010,-1.1852687795350345,-1.146632010755153,0.033224014376954436,0.15457823010278565,2.234493470285031,15272.616934958845
1102,11020,-1.1837617634786124,-1.159373551756702,0.02558915360640796,0.15420295163874026,2.234713295590111,15286.152658042032
1103,11030,-1.2013527300028564,-1.1562582987484356,0.039227692181276384,0.15384867202067706,2.235124726062993,15299.49359583389
1104,11040,-1.1736366016013484,-1.1362092650135598,0.02568349943312743,0.15363457749404416,2.235002032337804,15312.293181417044
1105,11050,-1.2002402914146773,-1.1044780571485777,0.07525154530870243,0.15342900264172032,2.2352138830378627,15325.712146041915
1106,11060,-1.1951889507830291,-1.135861247906157,0.031185732101485328,0.1532139711640987,2.23541060560311,15338.79500258388
1107,11070,-1.1902624567548523,-1.1452597970696827,0.05234060411115205,0.15295532786266627,2.2353983881382034,15352.231996834045
1108,11080,-1.1897968200919289,-1.1472514115230592,0.02925123902777293,0.15272448127070562,2.2355040888902673,15365.556249334011
1109,11090,-1.1891936572516109,-1.1449447485250226,0.024242410829744234,0.15246716674961325,2.2357054590197403,15378.465584541904
1110,11100,-1.184647432988454,-1.1458146332971972,0.03832381272675988,0.15215440151030463,2.235806796265703,15391.353084999835
1111,11110,-1.1761816896557953,-1.13276972746633,0.025367940967884174,0.15184621829893552,2.235908964907851,15404.24384987494
1112,11120,-1.200065002163658,-1.0765207370966798,0.1601385110003424,0.1516056649848684,2.2361307526595344,15417.280398709001
1113,11130,-1.1981001437001444,-1.1484483302886332,0.04109588486940274,0.15138339590595126,2.2363101098182057,15430.40900979191
1114,11140,-1.1868880072263943,-1.0744873014476577,0.1704708978113752,0.15120821852612631,2.2363603793334637,15443.64468441694
1115,11150,-1.1925338831831542,-1.1511462604378506,0.039214562416541865,0.15096079920743566,2.2364531156318797,15457.462727791863
1116,11160,-1.1991062794142504,-1.1608561838463074,0.04135717782406119,0.15075447887184548,2.2365494622680364,15471.171094833873
1117,11170,-1.213128900666752,-1.1786528814954287,0.017008097606056486,0.15055904894041233,2.236682892125432,15484.11156666698
1118,11180,-1.2075351755748223,-1.1715141950695547,0.053636711884890574,0.1504107033197532,2.2366371126565556,15497.231764541939
1119,11190,-1.2064027438414673,-1.0995546018822513,0.08695400979857909,0.15020132019904003,2.2369303480442904,15510.541040791897
1120,11200,-1.2088011927106415,-1.1434619062429408,0.046529477220754574,0.14999089843941552,2.2370448338927504,15523.771116334014
1121,11210,-1.2151129460561156,-1.15564629654394,0.0592678451991946,0.14988278520342174,2.2370175332868456,15536.980740291998
1122,11220,-1.2174103747875673,-1.1448819777649146,0.06251311551658374,0.14978796808404227,2.2372661256053883,15549.844323041849
1123,11230,-1.2131980241220166,-1.0347632772068618,0.2690353165931831,0.14963549961441094,2.237338190791297,15563.212279249914
1124,11240,-1.1892650915922243,-1.1084548639056788,0.06123696972387776,0.14945612489586563,2.23739025506395,15576.497763041873
1125,11250,-1.2134964177968781,-1.0630257794344282,0.1830730595288902,0.1491632798309142,2.23720246425147,15589.34234912484
1126,11260,-1.1992398205098338,-1.154997250585342,0.03112841982222551,0.14889339939147692,2.2372858779308418,15602.170800458873
1127,11270,-1.2049902573363074,-1.1567486265624838,0.04297346347222073,0.1487360535004231,2.237353063742064,15614.918600125005
1128,11280,-1.2161616222885865,-1.1675286622309309,0.035344193466822736,0.14858938884773715,2.2374750020257297,15628.057016209
1129,11290,-1.18436549619911,-1.0670086743143323,0.1739532648608312,0.14846387550570067,2.2375225974986,15641.257251124829
1130,11300,-1.1902734899913128,-1.091466332846848,0.19877967038030542,0.14831982142005096,2.237718520281551,15654.209550624946
1131,11310,-1.2224023170452458,-1.1547908360683472,0.036332529475330055,0.14816605489146756,2.2377257355647124,15667.239990708884
1132,11320,-1.177512555333017,-1.0054189870621273,0.2096587323675253,0.14792486741973568,2.2376607365546386,15680.040336666862
1133,11330,-1.221543600883277,-1.1627409556447463,0.056210452216836806,0.14778369505954536,2.2377397976092834,15692.959224291844
1134,11340,-1.2036264386944744,-1.1643349270102472,0.029513158798456864,0.1475301405704547,2.2377586391235607,15705.722710999893
1135,11350,-1.2051393060833053,-1.0573591507022688,0.1354697536525072,0.14724017519528265,2.2376886648333842,15718.825103709009
1136,11360,-1.1954844132675184,-1.1340855073036313,0.05348396066180133,0.14693635120330978,2.2379933444507136,15731.44988837489
1137,11370,-1.1755344693661565,-1.1057035514187727,0.14061318646103485,0.1466942190654687,2.238000937799017,15744.55367437494
1138,11380,-1.1796206629748092,-1.1142679794185293,0.05652612496119651,0.14648893846547872,2.237837157068075,15757.796988792019
1139,11390,-1.187595679544474,-1.1165844561637468,0.06508490846909695,0.1462536730501763,2.2377903929421628,15771.257974708918
1140,11400,-1.1584061945337956,-0.9874092408372327,0.2719423793555596,0.14611183787215312,2.237829780319304,15784.36326449993
1141,11410,-1.193107556088414,-1.0696488013272543,0.17475591675498023,0.14590250395812787,2.237818701655684,15797.20308058383
1142,11420,-1.1495531174661853,-1.0426229943608565,0.2303453663898354,0.14569745618629923,2.2380259243316796,15810.390437749913
1143,11430,-1.1893489660787715,-1.1081160841429405,0.050983727627211164,0.14560951163196192,2.2379351531686766,15823.21525595896
1144,11440,-1.1638503102454392,-1.111245388048247,0.04164796801461617,0.14549344630085895,2.2379365285514017,15836.273684291868
1145,11450,-1.1789643632600066,-1.0908679968883306,0.13968262750198726,0.14535403058539176,2.237945842516781,15848.960680542048
1146,11460,-1.1781274872398582,-1.0572190484338422,0.15478419955268757,0.14521736054046797,2.2386804894459202,15861.939163958887
1147,11470,-1.1795115508646035,-0.7923069385060023,0.343418420267893,0.14507681526790508,2.238616298037184,15875.309079000028
1148,11480,-1.1985459212130278,-1.1082157567341344,0.1149098324952676,0.14490628863541202,2.2382921201253705,15888.112802208867
1149,11490,-1.191016022163156,-1.1290320351788,0.05960813532704129,0.14467574125679128,2.2386140307082423,15901.081423291937
1150,11500,-1.2080733296371058,-1.1600546643075649,0.028870944978817502,0.1444503260284314,2.2386628123396237,15913.90358258388
1151,11510,-1.1975482197009368,-1.1497660626545323,0.05188124424572552,0.14428764985425896,2.238507501628684,15926.852316458942
1152,11520,-1.204355426919009,-1.1369753416069155,0.05559113529862755,0.14408631290986948,2.238527219789791,15939.598012916977
1153,11530,-1.2018869842157356,-1.1471635707307049,0.04131913836882984,0.14393006184811524,2.238575500921146,15952.389721416868
1154,11540,-1.19768841723148,-1.1379076982846894,0.06547227515410227,0.14362244663429719,2.2385373106839817,15965.416864916915
1155,11550,-1.2016525972305345,-1.1612498391658073,0.03584834441933577,0.14336983355389774,2.238516268507075,15978.489266499877
1156,11560,-1.2065468352654634,-1.1602461144918783,0.04786413590626808,0.14309568400911002,2.2385548487779325,15991.997105124872
1157,11570,-1.1912063481581816,-1.1288426297267258,0.08896328617960407,0.14284076664091244,2.2385753768671113,16004.877434291877
1158,11580,-1.1840661241277033,-1.1046201040765469,0.15650855372966463,0.14254887568937627,2.2386085358599312,16018.122181250015
1159,11590,-1.188373007688016,-1.0685490415006473,0.12399786202412563,0.14233074439280116,2.23859668776531,16031.051489084028
1160,11600,-1.1868930586854924,-1.112743459623665,0.10793371598559232,0.14217770512426067,2.2390136364095676,16043.956575209042
1161,11610,-1.1875104798898857,-1.1569962880347209,0.046132882312582335,0.14212824210945788,2.2391275596865303,16057.170412834035
1162,11620,-1.1968922183684825,-1.1262375878274717,0.07505228777303918,0.1421611641359853,2.2389872799360466,16070.268563959049
1163,11630,-1.1917577290294874,-1.1496510890090839,0.04493492958979497,0.1422293903442717,2.2391486193649373,16083.106145333964
1164,11640,-1.1884970842584073,-1.1592993924692614,0.03697175449422974,0.14232306812883508,2.23924271869608,16096.014243291924
1165,11650,-1.1809011949160801,-1.1537039560090734,0.0397127408264022,0.142473992302536,2.239325599262758,16108.701857083943
1166,11660,-1.18480466017873,-1.1565584913892768,0.02884862873996909,0.1426313400183647,2.2394296045586772,16121.822953374824
1167,11670,-1.1852938956065966,-1.1645892982984183,0.01639377353608004,0.14285330377766506,2.239569448690837,16135.222974458942
1168,11680,-1.1785357114859476,-1.050146755180092,0.17387126819882265,0.14303398963337818,2.239637862607568,16148.615084792022
1169,11690,-1.1920598921646626,-1.1635032341911742,0.022676465088654618,0.14324829560083477,2.2397333433850872,16161.768274874892
1170,11700,-1.1825878203666678,-1.1157847182965823,0.06470624367177844,0.14346927343444402,2.2397127704781723,16174.728553374996
1171,11710,-1.1843880367500068,-1.139704975536453,0.04156046581396007,0.14369360294549505,2.2398921632219753,16187.6054561669
1172,11720,-1.1963513565410304,-1.1444320460153894,0.03307173334768422,0.14385630594338183,2.240246013535658,16200.279766874854
1173,11730,-1.1757054275980732,-1.0949283773462757,0.11121311116991867,0.14400812861121073,2.2406187362607284,16213.386430458864
1174,11740,-1.1815064683404444,-1.13661588230335,0.04355696226889669,0.14418195741869672,2.2411665474439295,16226.541577458847
1175,11750,-1.1893436550727374,-1.164058863565779,0.019724507593604494,0.1443044015555852,2.241576635154126,16239.557178542018
1176,11760,-1.1911953487378666,-1.1627394309137926,0.03866190568160344,0.1443945059990467,2.241955851259395,16252.310702666873
1177,11770,-1.1785394095114894,-1.137774176493214,0.04353599705553103,0.1445399174923874,2.2424728125283866,16265.221680333838
1178,11780,-1.1794424744688348,-1.1419377394968406,0.05226390453669449,0.1445635889437975,2.2430982299983944,16278.318691459019
1179,11790,-1.1865855535031518,-1.1505681392374605,0.03319172638418585,0.14454216325942082,2.2437225555173463,16291.546307499986
1180,11800,-1.1968041858106089,-1.1624697482071233,0.03748735964627401,0.1445829880612864,2.2442747099667066,16304.558758083964
1181,11810,-1.2052126152890494,-1.1496043496800659,0.06343215142693379,0.14468254657676055,2.24507842996023,16317.309888459044
1182,11820,-1.1898687003481463,-1.1291447065237568,0.06432339983785007,0.14476053213881881,2.2457849431821533,16330.433043416822
1183,11830,-1.1797950818257164,-1.1393399966521933,0.03487611750294875,0.144856007861153,2.246409358998202,16343.270284124883
1184,11840,-1.1746225098326057,-1.0129540721046626,0.17502837993072623,0.14497510299755986,2.2476467837248477,16356.762931041885
1185,11850,-1.1699396373328659,-1.156278728041966,0.011076585088736542,0.14508960713421157,2.248462193277263,16369.766338666901
1186,11860,-1.180212326668367,-1.1582616627072497,0.01688959003439011,0.1451565961549081,2.2491732553455117,16382.889871750027
1187,11870,-1.197952326202322,-1.1443532983902116,0.03492181949412237,0.1452359325298338,2.2498876787214246,16396.092803374864
1188,11880,-1.1896703804427187,-1.1530389259538183,0.02386220007607703,0.14525174909506935,2.2505699121600458,16409.64577433397
1189,11890,-1.191970252941542,-1.1141854065896435,0.11316167104352257,0.14527236853644515,2.251208156981058,16422.928752833977
1190,11900,-1.194865348504175,-1.150534317228152,0.05573576720096649,0.14528735808652676,2.251727665885278,16436.14028279204
1191,11910,-1.2056616643563984,-1.1638319653652636,0.03572052054340257,0.14529100842819406,2.252333574516073,16449.387060333975
1192,11920,-1.206311454369816,-1.0763892598885758,0.09595189111180347,0.14522388876449122,2.2530370303685183,16462.298053999897
1193,11930,-1.2135946966512074,-1.1337500291530291,0.0690268642902481,0.14515943845867532,2.2535614191840296,16475.28999941703
1194,11940,-1.2037076304516088,-1.125589591873974,0.0783454301430872,0.14512312308812664,2.2542245580464333,16488.30956683401
1195,11950,-1.2091073965383883,-1.1447179960931932,0.07768945697145076,0.14504259169209874,2.2548117256139673,16501.835728416918
1196,11960,-1.197161372002208,-1.0536938660464052,0.19099720891436314,0.14505366229525307,2.2553155301420005,16515.130472999997
1197,11970,-1.208240662337551,-1.1613601562343123,0.03770010805037357,0.14507548964791966,2.2559393202889355,16528.140235709026
1198,11980,-1.2061295949070034,-1.1790079045037125,0.03066421935444002,0.1451557389828252,2.256438269799635,16541.162958416855
1199,11990,-1.1962764456762551,-1.1463667750838007,0.04679833558996125,0.1452733284702841,2.2570800804184885,16554.193241667002
1200,12000,-1.2000384660942824,-1.0824863653329149,0.21896112885375688,0.14541975191400533,2.258009364472234,16567.223631917033
