generation,evals_used,best_fitness,mean_fitness,std_fitness,sigma,condition_number,wall_time_s
1,18,-0.410987018507587,1.7197661650807878e-05,0.24052488599011015,0.5,1.0,48.8755849590525
2,36,-0.3869272067448586,0.022770985566041575,0.129441840881528,0.5,1.0,95.94169337511994
3,54,-0.5164407381326166,-0.0012595166468869243,0.2328925266266549,0.5,1.0,143.6536648340989
4,72,-0.38599160961232126,0.0820642797129651,0.21921383512365827,0.5,1.0,199.6673222091049
5,90,-0.2567702517700923,0.08798925417671279,0.18532115531614107,0.5,1.0,251.23369470913894
6,108,-0.19835626404651485,0.07315665202202531,0.19731106364014164,0.5,1.0,307.2354787089862
7,126,-0.25866812626868985,0.0139527637916624,0.16985028919623185,0.5,1.0,360.89567141700536
8,144,-0.7106895471244847,-0.0040990310694460535,0.27045199646934326,0.5,1.0,417.14344079210423
9,162,-0.5685069665007267,-0.027770188407069105,0.2744841534172459,0.5,1.0,473.5095827500336
10,180,-0.6320741845563846,0.09696010028552499,0.2806561549559973,0.5,1.0,527.0446458749939
11,198,-0.573335859894617,-0.034256939746836315,0.23380081850072582,0.5,1.0,577.2311377089936
12,216,-0.5704891280202204,0.03195360976136187,0.25574039213789435,0.5,1.0,632.7483007500414
13,234,-0.7770419444218941,0.08577685171181153,0.3398685223942135,0.5,1.0,681.1927462499589
14,252,-0.3567585289146491,0.5609578454611421,2.300516174152919,0.5,1.0,733.8065436249599
15,270,-0.4652097865265814,-0.03319397945888117,0.28267105479460203,0.5,1.0,788.0160690839402
16,288,-0.7337396556304983,0.014508098287016491,0.25824024694961534,0.5,1.0,836.7865720000118
17,306,-1.0795952750060875,-0.029747906006846108,0.3199961323301035,0.5,1.0,886.3545022921171
18,324,-0.36977491412658825,0.00022476833972179873,0.20063662992934664,0.5,1.0,934.227230458986
19,342,-0.7697261188892579,0.06837129735810851,0.28850665867451797,0.5,1.0,983.5911844170187
20,360,-0.12208308876785345,0.006407911764446241,0.08075660455731315,0.5,1.0,1032.5272177089937
21,378,-0.23149529925578882,0.011804400663933881,0.11985422709294674,0.5,1.0,1081.338744792156
22,396,-0.40358342818855686,-0.009201653830134493,0.1878424698638635,0.5,1.0,1128.4525667920243
23,414,-0.4657095402376399,-0.05941816699193344,0.18139096245747846,0.5,1.0,1176.7137609589845
24,432,-0.46891867873955384,-0.022770958608624832,0.1454432656436577,0.5,1.0,1226.1380040419754
25,450,-0.4946417968673984,-0.0662694968717547,0.23511416297552437,0.5,1.0,1275.1859902921133
26,468,-0.4150611756025606,-0.02762840567442441,0.273687804405302,0.5,1.0,1324.2157133750152
27,486,-1.091860667817663,-0.10871685859332997,0.3494325361659472,0.5,1.0,1373.4080707919784
28,504,-0.5778068081785994,0.506079761774552,2.313457920576183,0.5,1.0,1421.3654943751171
29,522,-0.3305720062164337,0.11659594542354762,0.23450614966434935,0.5,1.0,1471.3729337500408
30,540,-0.36698845993021045,0.15574666854205774,0.3830916305881751,0.5,1.0,1520.1651414590888
31,558,-0.5263219670183181,0.04985139272564106,0.1970996295064648,0.5,1.0,1569.0792522090487
32,576,-0.5457745316039837,-0.013946451319279173,0.25678456960267165,0.5,1.0,1618.0054295000155
33,594,-0.3637011789920095,-0.023792867355759622,0.1792158643664221,0.5,1.0,1666.7796122089494
34,612,-0.4674625177511951,-0.006656597949186259,0.2565748248560528,0.5,1.0,1716.5098944171332
35,630,-0.5263910652746624,-0.059086068798137555,0.20917836337339513,0.5,1.0,1767.3061322499998
36,648,-0.6255550009648365,-0.03541328816447647,0.26062382216058544,0.5,1.0,1815.7860455841292
37,666,-0.19428199490105946,0.13254422151010894,0.3122457268683116,0.5,1.0,1865.0282811250072
38,684,-0.18966952704015227,0.08689739294779386,0.2781779313129114,0.5,1.0,1912.6725249169394
39,702,-0.4457031834495204,-0.021198204945943527,0.16557929263571464,0.5,1.0,1964.0092955839355
40,720,-0.6872097216458215,-0.11067805934348475,0.28441125770044373,0.5,1.0,2013.4122495420743
41,738,-0.3099271906176755,0.06147116044713316,0.2519384371830302,0.5,1.0,2061.432978084078
42,756,-0.8312239489625499,0.025218054363308064,0.2507624671063323,0.5,1.0,2110.0558660000097
43,774,-0.9345264919781844,-0.05076265001493758,0.25840680439512187,0.5,1.0,2160.6210640000645
44,792,-0.6301100299136477,-0.05043568158077205,0.243858152904905,0.5,1.0,2210.8966727091465
45,810,-0.49430430703233075,-0.02301379425659178,0.16954996314891357,0.5,1.0,2260.56344858394
46,828,-0.4067743983924892,0.18537302793776098,0.31719859985101406,0.5,1.0,2308.4506247499958
47,846,-0.3216606534799764,-0.041199821952784856,0.10956786644864734,0.5,1.0,2357.1943700839765
48,864,-1.0345559708822787,0.039801134021928024,0.33057964220442515,0.5,1.0,2407.48920245911
49,882,-0.5064154187906222,-0.03454425987026985,0.20640784533194356,0.5,1.0,2458.5272645419464
50,900,-0.853806073853768,-0.04756901423146845,0.2656588104619987,0.5,1.0,2509.261426750105
51,918,-1.002936119143797,-0.038837604307667424,0.2919111055040488,0.5,1.0,2559.0441481249873
52,936,-0.3412731477847384,0.004481745106012476,0.1993057851955025,0.5,1.0,2613.074686834123
53,954,-0.3504165134863628,0.0440148746784267,0.43286677051145345,0.5,1.0,2663.6594589999877
54,972,-0.18274729563459413,0.037802018866268564,0.13830112632120262,0.5,1.0,2712.538854625076
55,990,-0.5868124815920517,-0.019597658306932213,0.19783570626801175,0.5,1.0,2761.840247208951
56,1008,-0.407982423186672,-0.060277145642535106,0.15041017109766855,0.5,1.0,2810.7017571670003
57,1026,-0.3760810277363964,-0.07316377641053205,0.1995303181261884,0.5,1.0,2860.173081459012
58,1044,-0.5726234775381789,-0.03678103337599397,0.19847360299399258,0.5,1.0,2910.062004958978
59,1062,-0.8097315675240901,-0.04145622046348659,0.21581593073448774,0.5,1.0,2958.636504333932
60,1080,-0.35838501054465866,0.015542733399146394,0.20007103829447642,0.5,1.0,3007.697830792051
61,1098,-0.4931409816036876,0.565256872087661,2.3089322300943413,0.5,1.0,3059.3440265001263
62,1116,-0.41884671904420223,0.01686449541890959,0.3065348399651992,0.5,1.0,3109.062921250006
63,1134,-0.2607262175196574,0.5477459628651729,2.2982443506684094,0.5,1.0,3159.537619125098
64,1152,-0.8262076467817705,-0.037054873225406425,0.41277299278495655,0.5,1.0,3210.2880688339937
65,1170,-0.32889286663451767,0.048261849119292176,0.2772256473198563,0.5,1.0,3258.3619446670637
66,1188,-0.3497565292450231,0.05753798217368411,0.23931097491780215,0.5,1.0,3307.9682776669506
67,1206,-0.4999833809262073,0.00948007909027747,0.2594599453287447,0.5,1.0,3356.046283917036
68,1224,-0.41030928277564005,0.08842605271197639,0.24634696885628254,0.5,1.0,3405.0850241249427
69,1242,-0.613529369566236,0.007940836439962733,0.2532531962687177,0.5,1.0,3453.8387920840178
70,1260,-0.1640178922371769,0.21788699435779182,0.26279598230503937,0.5,1.0,3502.7931908341125
71,1278,-0.6574769395006834,0.01583509712778413,0.23766655598595432,0.5,1.0,3556.0726112921257
72,1296,-0.45983744829141315,-0.08339523416128689,0.1468546394595686,0.5,1.0,3606.2218782091513
73,1314,-0.4124038475775267,0.057034105895633846,0.21586077486363892,0.5,1.0,3656.5124084590934
74,1332,-0.2053355470473397,0.040948078981144005,0.19041714255193196,0.5,1.0,3706.092640584102
75,1350,-1.1700368060246564,-0.019069705913726438,0.32538553044602553,0.5,1.0,3754.808621917153
76,1368,-0.7166866605394171,-0.022441332860045904,0.2774459251432732,0.5,1.0,3803.6050793749746
77,1386,-0.36051692881968833,0.047963054741220104,0.21884425048739456,0.5,1.0,3852.31763791712
78,1404,-0.22253775081024418,0.09041122214812741,0.25865689056815766,0.5,1.0,3902.6914382090326
79,1422,-0.28016691052564724,-0.01055104906493545,0.14730566627175154,0.5,1.0,3952.367068500025
80,1440,-0.31973567129214775,0.5530307248698954,2.3013114135121984,0.5,1.0,4001.2486307921354
81,1458,-0.27725560349126965,0.035890511415302896,0.17142576192236003,0.5,1.0,4049.1576380841434
82,1476,-0.4802086520856097,0.07616057286853156,0.2857440125230292,0.5,1.0,4098.844342125114
83,1494,-0.3330190326152902,0.04996470582626086,0.30231447302916914,0.5,1.0,4141.229423291981
84,1512,-0.33455308587713883,0.051589159354857785,0.15629913844475937,0.5,1.0,4184.301740959054
85,1530,-0.1271841914723728,0.12988596864543947,0.24758784270191586,0.5,1.0,4227.771414834075
86,1548,-0.42988334000972284,-0.011360817912797158,0.2528723175833787,0.5,1.0,4272.578936374979
87,1566,-0.8563668907496531,-0.034710574390190346,0.3219312550463432,0.5,1.0,4317.050360583933
88,1584,-0.2880839161931448,0.05938019022801945,0.2674116374159788,0.5,1.0,4360.539306959137
89,1602,-0.27752432987289843,0.07640597548040987,0.18157638355274092,0.5,1.0,4404.213250959059
90,1620,-0.9677694033983126,-0.07675481251476507,0.30763799235016753,0.5,1.0,4448.23842275003
91,1638,-0.29481923321519865,0.02954759609283207,0.22575798603410768,0.5,1.0,4491.75897170906
92,1656,-0.5253919281909551,0.0183547671278325,0.2213261931600778,0.5,1.0,4535.191655375063
93,1674,-0.6234116212484908,-0.001130089416749463,0.2795401406085522,0.5,1.0,4577.8045361670665
94,1692,-0.4512215990555104,-0.009756173884888388,0.16874893169444172,0.5,1.0,4621.3502798751
95,1710,-0.9680786878761882,-0.0019156620942666594,0.35489834818792065,0.5,1.0,4663.793140500085
96,1728,-0.4891731744705732,0.06912964358102977,0.2114745257392874,0.5,1.0,4707.375034375116
97,1746,-0.4239249263684197,0.039608417000730006,0.19867455331208736,0.5,1.0,4752.036512334133
98,1764,-0.13368998852157077,0.09673999537051599,0.20384893782648852,0.5,1.0,4794.542899583932
99,1782,-0.38171515499895836,0.04239671175170681,0.2734934675888337,0.5,1.0,4837.841857375111
100,1800,-0.27827495800092805,-0.03387654800512019,0.15627867100050125,0.5,1.0,4883.099718334153
101,1818,-0.2769244569196605,0.05783156750966034,0.1789263577648445,0.5,1.0,4926.724329875084
102,1836,-0.24691065005222157,-0.01973155638577056,0.1573973128656141,0.5,1.0,4970.676135250134
103,1854,-0.6728683641143522,0.016000119743420874,0.38280024705988913,0.5,1.0,5014.39665870904
104,1872,-0.5501937122983991,-0.06123397777282591,0.19067794331023125,0.5,1.0,5058.117205084069
105,1890,-1.2466906450003874,-0.15687978461449859,0.35034356709976794,0.5,1.0,5101.06997895916
106,1908,-0.141086741896987,0.06004742956641494,0.21577078769833818,0.5,1.0,5145.484484542161
107,1926,-0.4382334751761441,0.13922164727225905,0.33470243521706056,0.5,1.0,5189.692149834009
108,1944,-0.4324457996029043,0.0659225470158222,0.3383706741391523,0.5,1.0,5232.3836474590935
109,1962,-0.42322211009566146,-0.079200080168012,0.14342905236785633,0.5,1.0,5275.264123917092
110,1980,-0.40155039690509753,-0.020424307479983472,0.14276280208201436,0.5,1.0,5319.8887842090335
111,1998,-0.5224460201016692,-0.03101713885569208,0.22791736392167397,0.5,1.0,5364.051043084124
112,2016,-0.4455356254512193,-0.1231040349323625,0.21174494158634855,0.5,1.0,5406.8818023339845
113,2034,-0.27963194940025904,0.05451620617621236,0.17429965351655546,0.5,1.0,5450.856474250089
114,2052,-0.6469320845869442,0.022969847288007994,0.3172753868013591,0.5,1.0,5502.401061542099
115,2070,-0.5711164294832081,0.07634602196272579,0.30183638219137515,0.5,1.0,5554.647346209036
116,2088,-0.35412474416045114,0.032671092112656286,0.25146842259018704,0.5,1.0,5602.355675334111
117,2106,-0.38127792628213175,0.04973155050029426,0.2950526386910763,0.5,1.0,5648.2373662090395
118,2124,-0.8305250947620211,-0.06224231599097038,0.2814653537478873,0.5,1.0,5693.667136708973
119,2142,-0.30279634574513636,0.06450077931566417,0.17932817626143713,0.5,1.0,5737.870593042113
120,2160,-0.4158856762694647,0.021550596049196527,0.18104185241028947,0.5,1.0,5785.658220459009
121,2178,-0.43064940941693397,0.03942134405922667,0.17068350351509182,0.5,1.0,5849.024824917084
122,2196,-0.29254614862342976,0.031176920269691336,0.21555573509095285,0.5,1.0,5898.461905834032
123,2214,-0.264380714365001,0.00011286648739083915,0.11112680442662942,0.5,1.0,5949.91248095897
124,2232,-0.5736997972331972,-0.05486327241445436,0.24014071347606564,0.5,1.0,5998.732864042046
125,2250,-0.4393722157671007,0.025281058557358134,0.24970772477391343,0.5,1.0,6046.613658792106
126,2268,-0.4195827064336086,0.11739910063752583,0.3059147503287779,0.5,1.0,6095.460691000102
127,2286,-0.7875138878196797,-0.039964265942652774,0.23048992493945028,0.5,1.0,6144.330308625009
128,2304,-0.6240533640036876,0.025893908765525837,0.26743841909693494,0.5,1.0,6195.6788085419685
129,2322,-0.4330440033458727,-0.009399448752225512,0.2001090064619269,0.5,1.0,6246.558451500023
130,2340,-0.22553727810007196,0.6080799651666322,2.28763414545658,0.5,1.0,6294.307243166957
131,2358,-0.3773039184468727,-0.037011518092859755,0.16498941230857297,0.5,1.0,6340.330797791947
132,2376,-0.2640354642239844,0.05051954029518181,0.19756718184190336,0.5,1.0,6386.2594263751525
133,2394,-0.30763243087123193,-0.030002718614736246,0.19452925300655707,0.5,1.0,6434.985202209093
134,2412,-0.29189446649326456,-0.0003220399078128149,0.1838409584319482,0.5,1.0,6479.260095417034
135,2430,-0.2859013679634401,-0.029224797077947832,0.1824053826065981,0.5,1.0,6522.65308675007
136,2448,-0.2919626273218503,-0.041850282542289875,0.1271241714343144,0.5,1.0,6566.859983667033
137,2466,-0.22698234100822035,0.03814426797608873,0.22061371273568575,0.5,1.0,6612.573534625117
138,2484,-0.577773513347168,-0.0421183510795237,0.20212638218798287,0.5,1.0,6658.117116417037
139,2502,-0.9763289131428641,0.07749255014414287,0.4940371310809832,0.5,1.0,6709.111635416979
140,2520,-0.9064462366521226,-0.05201819911788568,0.25057202124527655,0.5,1.0,6761.170855459059
141,2538,-0.2845707443264134,0.02228216233278715,0.21906447783074973,0.5,1.0,6804.638789042132
142,2556,-0.39881368846800846,0.03101477550914285,0.2227514734017253,0.5,1.0,6847.008295667125
143,2574,-0.1665136277694952,0.0813464855203213,0.1687056685974915,0.5,1.0,6890.420257166959
144,2592,-0.33843577796585134,-0.011998908482607243,0.15817448685016988,0.5,1.0,6935.249177959049
145,2610,-0.43002859686435624,0.07623739582328298,0.2497387929564908,0.5,1.0,6977.856764666969
146,2628,-0.41545923020947306,0.03781311082130889,0.19540332641388425,0.5,1.0,7021.919568875106
147,2646,-0.3021602345836385,-0.016091177090848213,0.1468179723110549,0.5,1.0,7066.860262792092
148,2664,-0.3617598353287015,0.0361713466759558,0.22666526204411314,0.5,1.0,7110.107680666959
149,2682,-0.4049260415436233,-0.02276557339005568,0.17082087160964313,0.5,1.0,7154.167823459022
150,2700,-0.22890673243252913,0.10418189976860567,0.21262263109047858,0.5,1.0,7196.187066042097
151,2718,-0.9470175862121648,-0.010314889142083524,0.3027611343041906,0.5,1.0,7239.635530875064
152,2736,-0.565565273478418,-0.0007172874060622133,0.2763561146134855,0.5,1.0,7283.198204749962
153,2754,-0.7184889089003565,-0.062136099406892985,0.22196706319004794,0.5,1.0,7328.030918667093
154,2772,-0.4026356309594483,-0.005610736579086111,0.19071110527262747,0.5,1.0,7370.287577625131
155,2790,-0.47301417076494,-0.003196270531188736,0.2213757658928466,0.5,1.0,7414.339649125002
156,2808,-0.3030724678362686,0.06296130474601129,0.1611004122696201,0.5,1.0,7458.496391583933
157,2826,-0.4818823585245502,0.005013133549644808,0.2654156598836243,0.5,1.0,7501.251785959117
158,2844,-0.7639199329866075,-0.025343441721878572,0.2384914038755466,0.5,1.0,7544.4656534169335
159,2862,-0.5137033301798741,-0.07580235627674758,0.2336854952000243,0.5,1.0,7587.368160750018
160,2880,-0.1793961017914043,0.02491236107673621,0.1377232062225295,0.5,1.0,7630.093394292053
161,2898,-0.6116412456504161,0.10124332793923413,0.35863709769096647,0.5,1.0,7671.963247084059
162,2916,-0.41865700585673604,-0.012427055761321922,0.17326105881645554,0.5,1.0,7716.091303667054
163,2934,-0.2596082716561501,0.077856587874962,0.253205855532178,0.5,1.0,7759.566111084074
164,2952,-0.7254376328014294,-0.058429616820899186,0.27986621997490935,0.5,1.0,7804.882516958984
165,2970,-0.925115898264516,-0.003254739323387046,0.278696183383876,0.5,1.0,7848.493866042001
166,2988,-0.47575486916537635,0.009213506881618668,0.16085220314164905,0.5,1.0,7891.229858750012
167,3006,-0.775704996138944,-0.11071667217512848,0.2817362664811664,0.5,1.0,7934.39586333395
168,3024,-0.4809050136214381,0.032388761292394146,0.2690491254905516,0.5,1.0,7976.566243875073
169,3042,-0.5837998808574207,-0.03533025903882692,0.2173861341119907,0.5,1.0,8019.516143416986
170,3060,-0.3869270117369501,0.013338183037237586,0.1531378562712046,0.5,1.0,8063.641232958995
171,3078,-0.31934702008043914,0.02777569392065171,0.1916800317043121,0.5,1.0,8105.604583084118
172,3096,-0.6357956241221636,-0.05956647804913873,0.2740692677670281,0.5,1.0,8148.582180750091
173,3114,-0.3468759430149735,0.10087914793756649,0.2989130996579029,0.5,1.0,8190.6773370839655
174,3132,-0.3756693943914531,-0.06374084742193878,0.14092516099923064,0.5,1.0,8235.073870375054
175,3150,-0.41337329466180517,0.08583848364903905,0.3121591099270046,0.5,1.0,8277.840391125064
176,3168,-0.4448983530922028,0.03700929628984752,0.21144962535034276,0.5,1.0,8320.973560624989
177,3186,-0.415632637824932,-0.05034317139334229,0.17059748332964852,0.5,1.0,8364.303490374936
178,3204,-0.5957141402879067,0.029781267159307005,0.19568112976289523,0.5,1.0,8407.322490958963
179,3222,-0.627182905693604,-0.01954330071678534,0.32461914426377175,0.5,1.0,8450.280954624992
180,3240,-0.5520943705434753,-0.03222764183619321,0.2863026646883459,0.5,1.0,8493.20059112506
181,3258,-1.2660166163107878,-0.021557308667324096,0.3715585169250332,0.5,1.0,8536.569415417034
182,3276,-0.44292934730062594,0.046247877810028766,0.28427746658044556,0.5,1.0,8579.547959417105
183,3294,-0.3816224925483578,0.08626184250444352,0.22720300300387467,0.5,1.0,8624.307359209051
184,3312,-0.6466296846721464,0.5132097315383226,2.3112071472376305,0.5,1.0,8667.523383999942
185,3330,-0.33771004768478985,0.05610816194023702,0.220950397102271,0.5,1.0,8711.032243084162
186,3348,-0.6877719029271532,-0.10366159245048721,0.30579325200930907,0.5,1.0,8754.044883124996
187,3366,-0.2580862620040305,0.026814305256052724,0.19044671173676492,0.5,1.0,8796.555336541962
188,3384,-0.8042545589960302,0.43563390494898563,2.3374538286892923,0.5,1.0,8838.94774625008
189,3402,-0.6814371445003093,0.033517047603632735,0.40828762433167415,0.5,1.0,8881.322953708936
190,3420,-0.22905443098850142,-0.04117418278864217,0.1022633391062212,0.5,1.0,8924.656914292136
191,3438,-0.22733743438658038,0.017366107301107006,0.16050876592358101,0.5,1.0,8967.916780750034
192,3456,-0.4317445528976229,-0.0019085968651468832,0.1849104866079724,0.5,1.0,9010.663456500042
193,3474,-0.30119666712015025,0.016316936150204145,0.13094062597582284,0.5,1.0,9054.86400883412
194,3492,-0.27656685792227886,0.022218822505863045,0.18045011433973446,0.5,1.0,9097.265382417012
195,3510,-0.7395879426448051,-0.03150669941700373,0.21519898428633163,0.5,1.0,9140.44781995914
196,3528,-0.7017356615221466,-0.1341057886660323,0.2671894442599564,0.5,1.0,9182.5557335841
197,3546,-0.5076162837049996,0.08026405858205982,0.31379966808498205,0.5,1.0,9225.306788417045
198,3564,-0.4863247918760889,-0.05930993911348592,0.21682430598244212,0.5,1.0,9267.406863250071
199,3582,-0.42789055552716526,0.013887286546062071,0.1461247865748478,0.5,1.0,9310.767169666942
200,3600,-0.29139468013408365,0.06411031015459662,0.20592993840723023,0.5,1.0,9353.440086083952
201,3618,-0.35982146958129135,0.06564493135458108,0.2678312586431287,0.5,1.0,9396.931771917036
202,3636,-0.16978316035441043,0.5411063844813442,2.2970987833740586,0.5,1.0,9441.04490579199
203,3654,-0.2713643117402418,0.02050859364438394,0.12965469531813342,0.5,1.0,9484.515761791961
204,3672,-0.2290845635066141,0.0003490742896796246,0.14863907395411913,0.5,1.0,9528.113574000075
205,3690,-0.317183845639037,0.08285080649715794,0.22241135427543834,0.5,1.0,9572.371571584139
206,3708,-0.3864455568761711,0.06770186361790574,0.21291018955308563,0.5,1.0,9616.438781459117
207,3726,-0.33366282530840063,-0.040110233805838065,0.13934907310946312,0.5,1.0,9661.379141625017
208,3744,-0.2619227953130405,0.06263850652422025,0.1622955933474364,0.5,1.0,9705.733881750144
209,3762,-0.8658220893932986,0.5341522012127243,2.3100842542433697,0.5,1.0,9748.874913417036
210,3780,-0.40451957837588903,0.060238442144092116,0.18032675888213454,0.5,1.0,9791.568865959067
211,3798,-0.18985852670274017,0.11783268245707242,0.32790135245815794,0.5,1.0,9835.152923667105
212,3816,-0.7488003655963471,-0.025928463616267897,0.26736843449845443,0.5,1.0,9878.745261250064
213,3834,-0.7437908137734963,-0.002598822614800008,0.3215323385284359,0.5,1.0,9921.192601500079
214,3852,-0.2484774199549573,0.11313463142100158,0.19366537672500345,0.5,1.0,9964.089149584062
215,3870,-0.7595342546129231,0.5771653277873559,2.297314815672618,0.5,1.0,10007.415532500017
216,3888,-0.24404801771458295,-0.014603708588921953,0.12738837827932092,0.5,1.0,10050.69732320914
217,3906,-0.9655309895818949,-0.07701971040123418,0.38495613126076655,0.5,1.0,10094.298261333955
218,3924,-0.2794114116563966,0.5573077816675215,2.2941686742938248,0.5,1.0,10137.527164041996
219,3942,-0.25986793191606683,0.027080564342617543,0.22451473352448137,0.5,1.0,10180.084075875115
220,3960,-0.6678234256867404,0.030418377343764243,0.31399219432954917,0.5,1.0,10223.090940624941
221,3978,-0.382839936153446,0.03485110776940386,0.2251722869470424,0.5,1.0,10267.010105791967
222,3996,-0.5266795782598885,-0.002214036879765402,0.22321944091370685,0.5,1.0,10312.51555358409
223,4014,-0.8347078695259107,-0.1184081449523277,0.26830630337791933,0.5,1.0,10358.804432917153
224,4032,-0.3801339353869091,-0.042188012767629214,0.13181836708060343,0.5,1.0,10403.656472084112
225,4050,-0.41080632961435803,-0.014981392947580878,0.14275645489369682,0.5,1.0,10447.516248333966
226,4068,-0.8188223360854021,0.021367132637575923,0.3620056421820293,0.5,1.0,10489.498384334147
227,4086,-0.23073518455159459,0.6667203172640151,2.277360198580679,0.5,1.0,10531.830956042046
228,4104,-0.40975024977808605,0.12706462996581414,0.3460304200359901,0.5,1.0,10573.753447999945
229,4122,-0.3663602483014916,0.04539314533928721,0.31493152264300844,0.5,1.0,10617.901003125124
230,4140,-0.7250810338199551,0.40897045138964266,2.341480786827326,0.5,1.0,10664.667931917123
231,4158,-0.8119154560993822,0.4545822823624669,2.330430207594902,0.5,1.0,10707.014688333962
232,4176,-0.23761918343152555,0.6258160846743078,2.2840620225680475,0.5,1.0,10749.414977459004
233,4194,-0.2834001297269113,0.08844145146610548,0.23243683513674096,0.5,1.0,10791.602455500048
234,4212,-0.4442571983651824,0.5029617300463782,2.3092666489374984,0.5,1.0,10838.401822583983
235,4230,-0.40131850419053805,1.1359741028751529,3.1403653093555493,0.5,1.0,10880.941784209106
236,4248,-0.3828777467482736,-0.009307609198251972,0.20476428444668748,0.5,1.0,10922.547354958951
237,4266,-0.3798617828765911,-0.03403690491905609,0.21458575868821836,0.5,1.0,10967.464695791947
238,4284,-0.6530215530167407,0.05032526576317848,0.2635289082795863,0.5,1.0,11009.27186870901
239,4302,-0.45962545021203205,-0.009555012368614188,0.19351497794279043,0.5,1.0,11052.25560104195
240,4320,-0.14515946999545637,0.13900403121072508,0.20348422494271912,0.5,1.0,11094.536958625074
241,4338,-1.0953945892399206,-0.007004282742402267,0.35376085388714007,0.5,1.0,11137.16575008398
242,4356,-0.17092387194936087,0.04582881350432633,0.11512614688972374,0.5,1.0,11180.30924495915
243,4374,-0.6261830881596566,0.04645734329975425,0.25241167638233347,0.5,1.0,11221.947022000095
244,4392,-1.3001370051637329,-0.10330255013507056,0.38504820014311053,0.5,1.0,11264.277315792162
245,4410,-0.22480100318912655,-0.02794639652398434,0.11823395898443408,0.5,1.0,11306.976039417088
246,4428,-0.16936793145697315,0.05777894919773333,0.16574608109087619,0.5,1.0,11347.871025042143
247,4446,-0.22334295694980089,0.0002456313220124468,0.19315671772889437,0.5,1.0,11390.7987925841
248,4464,-0.6068446975221606,0.03941533405312376,0.2134066125019726,0.5,1.0,11433.935749792028
249,4482,-0.5818894822604701,0.011594177430215465,0.3084653140733943,0.5,1.0,11478.259782209061
250,4500,-0.5130952591656079,-0.024170304991809735,0.24654942273797556,0.5,1.0,11521.346103917109
251,4518,-0.5601265281649486,0.05427399657473907,0.3301908446016818,0.5,1.0,11564.405106249964
252,4536,-0.2721646846732799,-0.0006176910230813645,0.17235879311495683,0.5,1.0,11606.082345125033
253,4554,-0.3071919821936655,-0.011777301155796968,0.20096180536326022,0.5,1.0,11648.322453791974
254,4572,-0.5266488821619602,-0.03974865213679971,0.20603271795756323,0.5,1.0,11691.083410167135
255,4590,-0.38728198738264563,0.001939271870755821,0.21594028087689743,0.5,1.0,11732.627028709045
256,4608,-0.7027858462027323,-0.04484100030095379,0.23273075411475477,0.5,1.0,11775.352752542123
257,4626,-0.1688309973219395,0.05003087882665744,0.13213440448325509,0.5,1.0,11821.394982750062
258,4644,-0.6975217996771512,-0.06446249945508765,0.22305344524342913,0.5,1.0,11863.802361875074
259,4662,-0.23723348206042694,0.006278416353552135,0.15366032556667886,0.5,1.0,11907.02723454195
260,4680,-0.47621360920086087,-0.009970109155594622,0.2392424631449992,0.5,1.0,11950.406773458933
261,4698,-0.2576955554150375,0.1556163107991465,0.3198887014160115,0.5,1.0,11992.818433125038
262,4716,-0.23505741052138251,0.02624495051739295,0.15819435667787957,0.5,1.0,12036.568979291944
263,4734,-0.8911887184517573,-0.038709132777861824,0.3007973770739396,0.5,1.0,12079.343818209134
264,4752,-0.34047656225729206,0.03776266419793137,0.16998647001893136,0.5,1.0,12125.530645916937
265,4770,-0.644222712540091,-0.014460294830939111,0.23275670179433341,0.5,1.0,12168.415251625003
266,4788,-0.47800123823649887,-0.04503238393849291,0.17227467661275525,0.5,1.0,12210.420396666974
267,4806,-1.01920455923465,-0.08481423991492035,0.30243143497204644,0.5,1.0,12251.647749291966
268,4824,-0.9065144032529826,0.06168512524871033,0.49820010927229774,0.5,1.0,12293.434030334
269,4842,-0.5563010646067204,-0.01795046965706357,0.2057205934675512,0.5,1.0,12335.695982167032
270,4860,-0.6265443375699391,-0.006421321872577835,0.23796492021913423,0.5,1.0,12378.93901362503
271,4878,-0.34802661685994085,0.05130351758624796,0.2155291078027367,0.5,1.0,12421.916700250003
272,4896,-0.40176970497183717,0.08111026881653204,0.2940034462416093,0.5,1.0,12464.526708709076
273,4914,-0.4961978647748957,0.08099429387007086,0.30144209212846135,0.5,1.0,12507.059052250115
274,4932,-0.6130390822656322,-0.018704565849221064,0.24151598289390305,0.5,1.0,12550.197243167087
275,4950,-0.5270723246527735,0.007953773920971852,0.20260749074038317,0.5,1.0,12592.871843083994
276,4968,-0.4769207388269905,0.5176604488180856,2.31079966463207,0.5,1.0,12635.511931084096
277,4986,-0.30831198534925974,-0.02966519022076808,0.15760848357656868,0.5,1.0,12678.593533999985
278,5004,-0.2718628122718183,-0.004421194016590678,0.17700635169239648,0.5,1.0,12722.55442216713
279,5022,-0.3492537835731033,-0.0017106539219465687,0.12522247908954803,0.5,1.0,12766.217663167045
280,5040,-0.3409963612504123,-0.010850690394802638,0.17543252585354577,0.5,1.0,12809.09942454216
281,5058,-0.5445184163377563,0.02825131557879305,0.30110583428421356,0.5,1.0,12855.446431125049
282,5076,-0.507829182602431,-0.0744957524013282,0.23119228144935056,0.5,1.0,12898.124986042036
283,5094,-0.09408920219267625,0.053917695091338286,0.2058787861422017,0.5,1.0,12941.23382695904
284,5112,-0.33560660648842155,-0.02354262767262869,0.20044925829926907,0.5,1.0,12985.59307225002
285,5130,-0.4926111739334793,-0.03248516240777456,0.1799423497012069,0.5,1.0,13027.490572584094
286,5148,-0.3548659541719559,0.04128495271653845,0.19313712420215876,0.5,1.0,13070.961862917058
287,5166,-0.2400380214152653,0.05734936283638752,0.14577595549413944,0.5,1.0,13114.598245417
288,5184,-0.9453880128676015,0.02755381935557614,0.33312323947425365,0.5,1.0,13157.299982000142
289,5202,-0.21667142697111785,0.5775293441482445,2.28871480853573,0.5,1.0,13200.440306667006
290,5220,-0.21301409698147022,-0.006553832305028558,0.10994031881745088,0.5,1.0,13244.886058666976
291,5238,-0.5103847431397819,0.03395936739423622,0.2916189951878346,0.5,1.0,13287.050369667122
292,5256,-0.2403839222171822,0.10340855871669898,0.17161634041529944,0.5,1.0,13330.547054459108
293,5274,-0.3352077115000007,0.07348638350136699,0.1623088962802927,0.5,1.0,13374.201604624977
294,5292,-0.523832362063489,0.010758575607786171,0.20362799883436256,0.5,1.0,13417.166386750061
295,5310,-0.7050559799709548,-0.04904679618536642,0.2696144218341152,0.5,1.0,13459.270619374933
296,5328,-0.2707117617448178,0.01756885926766231,0.14213705210067987,0.5,1.0,13502.363172875019
297,5346,-0.7762876743999696,-0.10555629775492198,0.2727793593615894,0.5,1.0,13545.136417208938
298,5364,-0.5512135194402017,0.00937642193640325,0.26426674053243954,0.5,1.0,13588.870910624973
299,5382,-0.5871789999252739,0.5244893444164478,2.310297890102099,0.5,1.0,13631.991310917074
300,5400,-1.1197191522686296,-0.07719113201674348,0.3390883077002542,0.5,1.0,13675.047956084134
301,5418,-0.38424563426058356,0.06249148887023854,0.22618565451891579,0.5,1.0,13718.035144875059
302,5436,-0.6269531706396583,-0.031412081336077376,0.22135963391250724,0.5,1.0,13761.706491874997
303,5454,-0.4264686106088593,-0.05069759483632078,0.1552155053442636,0.5,1.0,13804.336676459061
304,5472,-0.29366089393491634,0.07281411505029951,0.24210735334337205,0.5,1.0,13847.51406766707
305,5490,-0.7057880234478677,-0.05118315952084086,0.19340486974117935,0.5,1.0,13893.73631149996
306,5508,-0.3144041729313525,0.029962462584461867,0.19018592754610328,0.5,1.0,13941.69107487495
307,5526,-0.36084441420316793,0.034758367129724514,0.2738238959271869,0.5,1.0,13987.531092874939
308,5544,-0.22883814760606214,0.08333271177383533,0.1642817744912123,0.5,1.0,14031.322070125025
309,5562,-0.3367571339215214,0.04269403600630812,0.23052190713201784,0.5,1.0,14076.244748542085
310,5580,-0.4524567632621084,-0.04251332983217118,0.16524055623819836,0.5,1.0,14121.192388750147
311,5598,-0.45215470709023986,-0.055033903485062555,0.21052486559222477,0.5,1.0,14164.706602375023
312,5616,-0.2758480755546495,0.030312280505207154,0.16571507131304733,0.5,1.0,14207.539578875061
313,5634,-0.5079853576228022,0.007420440229186297,0.20396233877367367,0.5,1.0,14250.327337166993
314,5652,-0.13825798757800722,0.07240324264052195,0.13648371396200779,0.5,1.0,14293.71500133397
315,5670,-0.7637839479098822,0.04235055086541219,0.3055320691165499,0.5,1.0,14335.898720792029
316,5688,-0.6272325279309721,-0.04070527512527416,0.3127848537643809,0.5,1.0,14378.204742792062
317,5706,-1.1486769409782491,-0.04064563285966526,0.3373598518555949,0.5,1.0,14421.599222749937
318,5724,-0.3116082678469718,-0.030215811606554906,0.12164519695513064,0.5,1.0,14465.529145875014
319,5742,-0.43331742178296917,-0.01812357263171776,0.22321248296967922,0.5,1.0,14507.619689584011
320,5760,-0.6483695222426098,-0.07772020347604419,0.21289988944483357,0.5,1.0,14553.01968545909
321,5778,-0.3697138504809363,-0.012452449320858575,0.17851826630905734,0.5,1.0,14594.798547750106
322,5796,-0.6578930420873927,0.008784927500354645,0.39317281916215646,0.5,1.0,14637.24274450005
323,5814,-0.3675973296492536,-0.031094692298898854,0.18011293859874708,0.5,1.0,14678.532688209089
324,5832,-0.7617294407803952,-0.11094965219947112,0.2641272344364152,0.5,1.0,14720.448280208977
325,5850,-0.3917961602359208,-0.058649650904577695,0.169414082885092,0.5,1.0,14763.585456292145
326,5868,-0.7446672848449758,-0.0471587170017658,0.2970936666522479,0.5,1.0,14806.17490637512
327,5886,-0.3375550837779562,0.11131414078365721,0.2254825209344834,0.5,1.0,14849.162994750077
328,5904,-0.32157362880983875,0.0022433727280481244,0.1776525732694431,0.5,1.0,14891.626043084078
329,5922,-0.132408450156543,0.16599882914110134,0.3147648205690732,0.5,1.0,14934.495947167045
330,5940,-0.1544739424243433,0.10939479024541005,0.3304688857589274,0.5,1.0,14976.41370791709
331,5958,-0.8406038245377134,-0.1388273575209308,0.30597306842855476,0.5,1.0,15020.029859917006
332,5976,-0.44333104059677986,-0.05531345894801411,0.25394794341766613,0.5,1.0,15063.476020124974
333,5994,-0.28178452897092576,0.08672303537243836,0.26365255429043166,0.5,1.0,15106.165919624968
334,6012,-0.19657045339382595,0.06935404187351309,0.16718786242345499,0.5,1.0,15149.338963374961
335,6030,-0.5833681526245362,0.541106805202711,2.30817582754648,0.5,1.0,15191.587401250144
336,6048,-0.22395120567122184,0.05234474854546933,0.13222737259477335,0.5,1.0,15235.541297125164
337,6066,-0.3260328650691333,-0.010346082511453168,0.2015797513381568,0.5,1.0,15278.594985750038
338,6084,-0.31384957565797134,0.07785012923031825,0.1897295352505637,0.5,1.0,15319.760118792066
339,6102,-0.25979346149876914,0.013220917270932256,0.1552690930264748,0.5,1.0,15362.229612709023
340,6120,-0.3147175030146734,0.016072826871043253,0.1872665032883357,0.5,1.0,15405.150332875084
341,6138,-0.3970545859370205,-0.01872622220589415,0.16506778715214893,0.5,1.0,15449.188479250064
342,6156,-0.9169667724624304,-0.08695078773138926,0.2591858815990506,0.5,1.0,15491.16483858414
343,6174,-0.43739749490654045,0.04545772580016689,0.28191684276816187,0.5,1.0,15535.70277900016
344,6192,-0.3649332067317106,-0.006657925333273449,0.2055337874700121,0.5,1.0,15579.775524167111
345,6210,-0.6331092755878762,-0.048466736649872603,0.24280698620253513,0.5,1.0,15621.628707417054
346,6228,-0.4410814495944386,-0.03734182705794945,0.2708908917504427,0.5,1.0,15665.699760917109
347,6246,-0.38139027744885556,0.10104884888236842,0.2075356685799945,0.5,1.0,15710.33619587496
348,6264,-0.3203676877813315,0.09173425357482252,0.3196408460226635,0.5,1.0,15753.519251042046
349,6282,-0.45434337513876244,-0.019704483608771885,0.24257904835102717,0.5,1.0,15796.299552709097
350,6300,-0.3672916975825462,0.013060113285802415,0.22716120378866445,0.5,1.0,15838.055180500029
351,6318,-0.3513360277127937,-0.07216884793840118,0.15503100668415468,0.5,1.0,15881.031882042065
352,6336,-0.33225316243090575,-0.018325775056069374,0.12591458546352546,0.5,1.0,15925.504747458966
353,6354,-0.5608517717953383,0.02272360214010173,0.31527044670588134,0.5,1.0,15968.47941629216
354,6372,-0.4375077843782744,0.01141538542321231,0.2001152682927621,0.5,1.0,16010.736037709052
355,6390,-0.3300279101047119,0.006974306673494437,0.2519297299115634,0.5,1.0,16053.690990000032
356,6408,-0.1472540375381115,0.5636509490989234,2.2924263619900143,0.5,1.0,16095.932382666972
357,6426,-0.8060800994110071,0.018208924808344278,0.2794356948548908,0.5,1.0,16138.57938400004
358,6444,-0.6779449981080958,0.606531854172903,2.294804763957937,0.5,1.0,16181.377928792033
359,6462,-0.35224463543682116,-0.012810673638283563,0.1830918130847145,0.5,1.0,16223.394685999956
360,6480,-0.4076234025686096,0.0690523302955574,0.23542519720837352,0.5,1.0,16265.947864917107
361,6498,-1.180320261556771,-0.08551025420067676,0.3073813517676909,0.5,1.0,16309.638467667159
362,6516,-0.6322409326678802,-0.00693914998310996,0.20836848721168602,0.5,1.0,16352.39715500013
363,6534,-0.47435692447592626,0.013896288425187345,0.26132272460532646,0.5,1.0,16396.305223084055
364,6552,-0.7225248603277343,-0.03785842671117395,0.22887456406184511,0.5,1.0,16438.365080042044
365,6570,-0.7334893783660652,-0.07617017199444082,0.2102981034387136,0.5,1.0,16483.465003374964
366,6588,-0.20551395139638196,0.14262201231863425,0.29849788848305175,0.5,1.0,16528.507875208976
367,6606,-0.5030925807189224,0.05356829448788922,0.24152709936948258,0.5,1.0,16571.683047750033
368,6624,-0.36630590348162695,0.010516327201270936,0.17204778875974455,0.5,1.0,16619.766680666944
369,6642,-0.3975597679748324,0.027698722015859545,0.23742282140580065,0.5,1.0,16663.06589445914
370,6660,-0.604814117180771,0.030918746624339813,0.29226326968795124,0.5,1.0,16704.36727279215
371,6678,-0.19594706553934138,0.09194539019758989,0.21328163402773095,0.5,1.0,16747.160474334145
372,6696,-0.44207760471265445,0.016251766282002953,0.236832092731337,0.5,1.0,16790.531126500107
373,6714,-0.7269338773765099,-0.005638746359671555,0.31557077031177894,0.5,1.0,16832.872533667134
374,6732,-0.13751116799441743,0.06992297524016511,0.18432225379307757,0.5,1.0,16874.30364291696
375,6750,-0.3079825034519681,0.011608707227018566,0.14088512662116387,0.5,1.0,16917.127980417106
376,6768,-0.36892950639108335,-0.01461118516243973,0.1703832872450073,0.5,1.0,16959.52696012496
377,6786,-0.4599356042730829,0.014668216127248298,0.31697618424985674,0.5,1.0,17001.85126433405
378,6804,-0.6427613796781744,-0.003884754622813692,0.24354151290939616,0.5,1.0,17045.22021916695
379,6822,-0.32060731775168083,0.07776018997568403,0.231165283120355,0.5,1.0,17086.940739959013
380,6840,-0.348249939460997,0.0012944867255288489,0.1580681631741217,0.5,1.0,17129.57237937511
381,6858,-0.1836867187229254,0.10896121186636136,0.17420110182252863,0.5,1.0,17171.132048959145
382,6876,-0.3594663723894591,0.0061700833887448564,0.18708489361117261,0.5,1.0,17213.21393575007
383,6894,-0.5449074520440904,0.5489670002212121,2.2999542669946367,0.5,1.0,17257.27053233399
384,6912,-0.4107184273640243,-0.0227234717884565,0.19599459247608106,0.5,1.0,17299.281276500085
385,6930,-0.7068401169968723,0.07224963488916997,0.4725707595237274,0.5,1.0,17341.68873983412
386,6948,-0.3311733264882841,-0.05152243047128449,0.14864025693364838,0.5,1.0,17384.86698487494
387,6966,-0.8042136037298224,0.004072328980236388,0.30320165163136403,0.5,1.0,17427.750255499966
388,6984,-0.6351023469127455,-0.04999407687062771,0.18322068457338583,0.5,1.0,17472.222118667094
389,7002,-0.41897131274630794,-0.04121869205304894,0.1946761864532809,0.5,1.0,17517.491725625005
390,7020,-0.5682893334374892,0.058751246118247016,0.28256683140510797,0.5,1.0,17560.091755750123
391,7038,-0.5581705690280687,-0.03439546128562565,0.32437284910111713,0.5,1.0,17603.438601375092
392,7056,-0.668100495943726,0.015536411462517484,0.27838426106242403,0.5,1.0,17645.227275750134
393,7074,-0.43989639637576694,-0.01277045171209886,0.1524676557166825,0.5,1.0,17687.293268708978
394,7092,-0.2100401383157786,0.06788298195414881,0.20635223733329575,0.5,1.0,17730.691832292126
395,7110,-0.3885159131161453,0.11169257016604704,0.28540865588709696,0.5,1.0,17775.08653595904
396,7128,-0.2603139727511783,0.04104009720419856,0.1956250568103451,0.5,1.0,17817.70714791701
397,7146,-0.22359338431206233,0.11338541429429208,0.25797878813984304,0.5,1.0,17862.956960709067
398,7164,-0.47235833015604456,-0.025258585890395854,0.23285193979910096,0.5,1.0,17911.70405691699
399,7182,-0.4298057719705426,-0.001386578841261304,0.16851202479440322,0.5,1.0,17955.02748912503
400,7200,-0.6205229363473883,-0.0066521923277149675,0.23812528634581082,0.5,1.0,17995.96519945911
401,7218,-0.4518826019136366,0.013152886202215837,0.18808086483433906,0.5,1.0,18039.930459792027
402,7236,-0.23065775109288555,0.060050354391618606,0.134199944333455,0.5,1.0,18083.171501833946
403,7254,-0.47439086272603515,0.031128829210360347,0.3063589487957874,0.5,1.0,18126.814160375157
404,7272,-1.2702245294826486,-0.12238158033776465,0.3218871769941095,0.5,1.0,18168.798120958963
405,7290,-0.6096326539159946,-0.04086053384471909,0.27232271788562346,0.5,1.0,18211.329575374955
406,7308,-0.4131164221299599,-0.023086809501461678,0.2708098871134707,0.5,1.0,18255.16831254214
407,7326,-0.8031037405531984,0.029155948702318055,0.2945935351199975,0.5,1.0,18298.132841791958
408,7344,-0.7996969519007413,-0.053317831830319226,0.31757680511259473,0.5,1.0,18340.94149120897
409,7362,-0.8954574303508158,-0.02764606348659873,0.26804809944419605,0.5,1.0,18383.284362124978
410,7380,-0.42471231958905165,0.0005884947038121702,0.22246310979845946,0.5,1.0,18425.18983716704
411,7398,-1.093550648905767,-0.06350582669092751,0.2745342061523367,0.5,1.0,18467.307744333986
412,7416,-1.203560599410813,-0.10514887440132013,0.32249459907843603,0.5,1.0,18511.181145749986
413,7434,-0.20117964697611246,0.09105360308096211,0.35126585976429886,0.5,1.0,18554.79010020895
414,7452,-0.26532308191026566,0.04179094301480725,0.1967875603125061,0.5,1.0,18600.00324537512
415,7470,-0.2518102023615221,-0.021512346433864533,0.12984211123820924,0.5,1.0,18642.635122542037
416,7488,-0.2704980696702295,-0.025882521475176407,0.15265052331860635,0.5,1.0,18684.289994334104
417,7506,-0.2869425354264772,0.0550863836067657,0.2306327713026407,0.5,1.0,18728.151095750043
418,7524,-0.8008771994561403,0.06894648115842689,0.39430425616476966,0.5,1.0,18771.76880158414
419,7542,-0.6402294881076696,0.5578612186849231,2.301235910192854,0.5,1.0,18814.975910500158
420,7560,-1.1470602573884037,0.003502532732206761,0.40982133630861367,0.5,1.0,18857.38467329205
421,7578,-0.308611455246405,-0.01989297252940345,0.12681656649280548,0.5,1.0,18901.53224704205
422,7596,-0.24474166864473634,0.009861498341013488,0.18293091794736974,0.5,1.0,18944.006539625116
423,7614,-0.604087147969472,0.05285427820763417,0.22416515115648225,0.5,1.0,18986.409309749957
424,7632,-0.10883217233675069,0.6954236703105376,2.2649334108666244,0.5,1.0,19027.88864395907
425,7650,-0.4258507436845802,-0.0233470711670696,0.15684562424641085,0.5,1.0,19071.123998292023
426,7668,-0.49649507586240293,0.025819774921995817,0.2660950279836422,0.5,1.0,19114.115366542013
427,7686,-0.5240551861781189,-0.015470859887831208,0.18207486393481073,0.5,1.0,19158.63493595901
428,7704,-0.6849358555729141,0.13317061090650528,0.31556106845499443,0.5,1.0,19199.38029491715
429,7722,-0.2843332751691223,0.07502451580337441,0.2372940855627288,0.5,1.0,19243.184955083998
430,7740,-0.17411507290774786,0.12283470221392406,0.2567879558534269,0.5,1.0,19288.39154154202
431,7758,-0.6801190342498113,-0.09136840476083569,0.26855140265375393,0.5,1.0,19331.808152709156
432,7776,-0.3233487164182334,-0.030108749554563156,0.1509341719574038,0.5,1.0,19375.10507333395
433,7794,-0.9396014426410728,-0.03198651129388747,0.27150872347865523,0.5,1.0,19417.262875084067
434,7812,-0.3795232776770314,-0.03764930577257895,0.1549581616442634,0.5,1.0,19459.39785741712
435,7830,-0.830401477543921,-0.06448263038606471,0.31709200974886825,0.5,1.0,19502.025284334086
436,7848,-0.8251043033727399,-0.05597751963657781,0.26483119654391046,0.5,1.0,19544.795469375094
437,7866,-0.47031438917445456,0.5351543765534608,2.30211736002252,0.5,1.0,19587.564557667123
438,7884,-0.6274750806572262,0.01316010667676526,0.2819628063452982,0.5,1.0,19630.28551895893
439,7902,-0.21391472147022395,0.06610747876062432,0.14090519840853669,0.5,1.0,19674.415355084
440,7920,-0.3630319691850765,0.042082464406977244,0.2263290054418546,0.5,1.0,19717.519638000056
441,7938,-0.5473171686748906,0.0011633898377276057,0.2064862743557625,0.5,1.0,19760.263476875145
442,7956,-0.6418537590063869,0.5070846330601516,2.3124595956847105,0.5,1.0,19803.68334395904
443,7974,-0.7848248330875656,-0.048594611843029406,0.21021431546047828,0.5,1.0,19846.68052679207
444,7992,-0.4515334488063054,0.0021787039413295618,0.22171895755293847,0.5,1.0,19888.780963417143
445,8010,-0.5467683633512301,-0.013153664346579545,0.24690156263145865,0.5,1.0,19930.80835266714
446,8028,-0.32775621485284834,-0.044740891605834596,0.17099228004631703,0.5,1.0,19974.642045000102
447,8046,-1.052242133850922,-0.12384501548604465,0.3642838032385811,0.5,1.0,20017.273896333994
448,8064,-0.24468437020230027,0.04536050160288961,0.15344080471084676,0.5,1.0,20058.70323058404
449,8082,-0.5474718587798764,-0.024840601811624285,0.21052560664673592,0.5,1.0,20100.562212042045
450,8100,-0.2941910686801634,-0.036544197420880366,0.1421236179808836,0.5,1.0,20142.2807593341
451,8118,-0.9365328622075859,-0.03740034483825275,0.2488152209801688,0.5,1.0,20184.822486459045
452,8136,-0.23048448924704434,0.11721189275396664,0.2754474848059828,0.5,1.0,20228.487782499986
453,8154,-0.33157804544269176,-0.025799459309329906,0.19206406543289134,0.5,1.0,20272.80337783415
454,8172,-0.4917618242569306,-0.020652802430428344,0.21817751523944684,0.5,1.0,20316.884747042088
455,8190,-0.46685732703755445,-0.07110562954690819,0.20030474169275053,0.5,1.0,20359.810897000134
456,8208,-0.8618416546180221,-0.002879403329118032,0.2518361862549684,0.5,1.0,20409.71008237498
457,8226,-0.31962337731002055,0.04060887285873162,0.16462550401875692,0.5,1.0,20456.251992458943
458,8244,-0.4983676608659735,0.05016446846286761,0.24229843820849936,0.5,1.0,20500.679422792047
459,8262,-0.13931266910400186,0.02837127663311994,0.12928922442975443,0.5,1.0,20546.33953033411
460,8280,-0.5665406541184144,-0.027077113381491547,0.1787425737981487,0.5,1.0,20591.051642917097
461,8298,-0.35958251084077997,0.03071851524391864,0.23784603702330084,0.5,1.0,20634.988182167057
462,8316,-0.32700872621484756,-0.042152133285183524,0.16636730695083993,0.5,1.0,20679.127104209037
463,8334,-0.6590978090263917,-0.0807695400333795,0.26370710295106925,0.5,1.0,20722.867157666944
464,8352,-0.2606998776434626,0.028090854416769555,0.1562651453610958,0.5,1.0,20766.279157334007
465,8370,-0.4504909762399967,8.156149313808136e-05,0.23134370535190024,0.5,1.0,20810.563745375024
466,8388,-0.23631888643095955,0.04735701583784286,0.23031977619300859,0.5,1.0,20854.95046645915
467,8406,-0.34748022617272234,0.10152194411564268,0.36726852580367947,0.5,1.0,20898.600867292145
468,8424,-0.5945444913304749,0.007381972157616367,0.319235297729342,0.5,1.0,20942.82743170904
469,8442,-0.6592956082435597,-0.021803160098461345,0.32837112900828236,0.5,1.0,20987.216064875014
470,8460,-0.3330585469949181,-0.013467666251533394,0.16007383689102805,0.5,1.0,21031.620555249974
471,8478,-0.21368486598776126,0.01948878046617993,0.16108277532074722,0.5,1.0,21079.06747999997
472,8496,-0.771803873354254,0.03127583285872795,0.24784438332662623,0.5,1.0,21123.956845334033
473,8514,-0.29119598848090966,0.010627917115770233,0.106796620862596,0.5,1.0,21169.060011958936
474,8532,-0.2951547887777721,0.0913072096778145,0.42790564673324355,0.5,1.0,21212.342341209063
475,8550,-0.978428749869046,-0.021555162313125622,0.3046272652777833,0.5,1.0,21255.898233500076
476,8568,-0.39531142696799115,0.5486470188786163,2.3030846755897945,0.5,1.0,21299.076856875094
477,8586,-0.5435774350320655,-0.01857780886553649,0.22535721071319448,0.5,1.0,21343.899193749996
478,8604,-0.6868208447978112,0.00403491280701656,0.25802776641969366,0.5,1.0,21388.43139462499
479,8622,-0.8101343772285992,-0.030698379367354582,0.25574807792140414,0.5,1.0,21432.347579000052
480,8640,-0.42887902174689074,0.006003168456791386,0.17718041869007245,0.5,1.0,21476.777227791958
481,8658,-0.5831245356124866,0.005769727413546002,0.2307509151968461,0.5,1.0,21522.170929667074
482,8676,-0.9431818989954106,-0.07367578457681942,0.3022051262151712,0.5,1.0,21573.31838833401
483,8694,-0.3724261510368594,0.0029506464292276607,0.16684365193412884,0.5,1.0,21619.719282834092
484,8712,-0.2041092291858373,0.019181619846951953,0.13642006460867764,0.5,1.0,21663.88352699997
485,8730,-0.3915476458856677,0.04646596426696606,0.19709332802778162,0.5,1.0,21708.17781541706
486,8748,-0.8793678484892373,-0.044347616365764536,0.25606245550176204,0.5,1.0,21751.842465667054
487,8766,-0.8675947134277422,0.476880459929966,2.3284803734713844,0.5,1.0,21795.440856124973
488,8784,-0.6096499150721089,-0.014429575389616743,0.22980519616191508,0.5,1.0,21839.544947416987
489,8802,-0.5378426390041637,0.026362061897628724,0.24111721401411407,0.5,1.0,21885.258499708958
490,8820,-0.10629623213318506,0.0007572236426651971,0.1624342101298806,0.5,1.0,21929.316159000155
491,8838,-0.39574679923005807,-0.05680471555280321,0.11484152330661905,0.5,1.0,21974.543580583995
492,8856,-0.5599493648143747,0.04900890646778885,0.22886865928755543,0.5,1.0,22019.021481625037
493,8874,-0.45995457617821334,0.03774987132818339,0.21350861616745684,0.5,1.0,22064.971136000007
494,8892,-0.35283140780977273,-0.05999182821885304,0.18113534386455593,0.5,1.0,22109.38488329202
495,8910,-0.3132251455326527,0.058975698030258115,0.2592268031416297,0.5,1.0,22152.922111917054
496,8928,-0.1498132162033876,0.006769740588286006,0.09811456331053894,0.5,1.0,22199.701799208997
497,8946,-0.3868968602378793,-0.03617916202017795,0.1827061439291387,0.5,1.0,22244.33301958395
498,8964,-0.13242947683883255,0.6594906832309062,2.2739522965035066,0.5,1.0,22288.85269395914
499,8982,-0.4618956186472243,0.05323007639357345,0.2773132703151355,0.5,1.0,22333.791485750116
500,9000,-0.8467489557692938,-0.02560177544903815,0.2555993693679212,0.5,1.0,22378.65310258395
501,9018,-0.17237969781688633,0.059043486367911485,0.21084377140802482,0.5,1.0,22422.37669924996
502,9036,-1.0107488122153407,-0.0841524588914106,0.26700032187975187,0.5,1.0,22465.94519554195
503,9054,-0.3908285721468925,0.011292809244055698,0.16626928610651573,0.5,1.0,22510.64944637497
504,9072,-0.7556337190770419,0.5492834294705689,2.3047566178908134,0.5,1.0,22555.121475209016
505,9090,-1.1509981037625305,-0.030628204235820602,0.4586216298412268,0.5,1.0,22600.944694709033
506,9108,-0.6395874081524031,-0.04992502438731824,0.24873475065572387,0.5,1.0,22645.91829970898
507,9126,-0.3085949010815172,-0.00862600785196848,0.15229955338835985,0.5,1.0,22690.59072462516
508,9144,-0.4920101959017993,-0.06575472322195121,0.2524748766299754,0.5,1.0,22735.559592750156
509,9162,-0.2887861968982621,0.005499385281378129,0.1905048927277313,0.5,1.0,22780.538750792155
510,9180,-0.3664193832081377,-0.050056067322487935,0.1766813312325389,0.5,1.0,22825.22012962494
511,9198,-0.3114504685841615,1.1245213824792462,3.143450799718339,0.5,1.0,22869.281416625017
512,9216,-0.15289696876292513,0.0987956132117114,0.15267108212386776,0.5,1.0,22917.142527292017
513,9234,-0.08429177975855762,0.09284404899854258,0.15238159529271536,0.5,1.0,22965.662410834106
514,9252,-0.4342632094198722,0.5478241764744518,2.3023409549884124,0.5,1.0,23008.893572542118
515,9270,-0.6847640383960059,-0.08339657890614152,0.2405447773093753,0.5,1.0,23053.893367249984
516,9288,-0.7368782232110487,-0.03486797977291372,0.244058596950611,0.5,1.0,23098.00864945911
517,9306,-0.4292728487244313,0.00017433708953627935,0.1413167550564676,0.5,1.0,23144.116402874934
518,9324,-0.34739841497174684,-0.010446843466146561,0.18872409737811247,0.5,1.0,23188.104289625073
519,9342,-0.2450758320066173,0.0682925111476168,0.20488231489239225,0.5,1.0,23230.942205334082
520,9360,-0.37017519246768416,-0.014154487937302907,0.31749723761040355,0.5,1.0,23274.797749750083
521,9378,-0.5315247092858497,0.0625105315678951,0.3414998978349461,0.5,1.0,23320.810180875007
522,9396,-0.9283987259200837,-0.12311504415414928,0.29345173222902865,0.5,1.0,23365.546836792026
523,9414,-0.3926937766457943,0.014905249815235087,0.18782007996864408,0.5,1.0,23410.418789749965
524,9432,-1.1531126411421955,0.08509121930267567,0.41933735664129895,0.5,1.0,23456.568385666935
525,9450,-0.4467139459533005,0.04091083238967011,0.20336902041397906,0.5,1.0,23500.35868549999
526,9468,-0.48044396353980634,-0.06716812196271145,0.1871727200198078,0.5,1.0,23545.46864204202
527,9486,-0.4753912202079027,-0.06161610894802486,0.18260203215823334,0.5,1.0,23589.752739292104
528,9504,-0.6189369464773247,-0.035272208585967725,0.26534290285760304,0.5,1.0,23633.612177792005
529,9522,-0.6506818837881534,-0.03029309081000051,0.19666226969708345,0.5,1.0,23677.769989249995
530,9540,-0.2563098376968469,0.06462004574435148,0.27118744628846264,0.5,1.0,23722.958005958935
531,9558,-0.2630173264035891,0.09627938430200242,0.27847332544963593,0.5,1.0,23770.13414029195
532,9576,-0.9126359056115252,-0.008796186182745124,0.282741948382939,0.5,1.0,23815.06567179202
533,9594,-0.20912771277420372,0.0064788231497362085,0.17535384957942463,0.5,1.0,23859.5963775001
534,9612,-1.0479509539433636,-0.01658041496878853,0.34332120196228433,0.5,1.0,23905.307310792152
535,9630,-0.42816924018304725,0.6239206177056583,2.284467521818057,0.5,1.0,23950.361132959137
536,9648,-0.7378353636411212,0.4661870741787314,2.3316170794281184,0.5,1.0,23996.258953084005
537,9666,-0.907917283871897,-0.09999674534749718,0.28388482674208776,0.5,1.0,24041.901059250114
538,9684,-0.6949856768301803,0.5406136202930136,2.3122970842596136,0.5,1.0,24086.52648070897
539,9702,-0.6928375998826048,-0.11918083247857429,0.25447106469003566,0.5,1.0,24131.59886370902
540,9720,-0.0821488112398594,0.6426644246438253,2.274182519915987,0.5,1.0,24177.619001250016
541,9738,-0.16673893639295656,0.045787227479297025,0.1328233471003362,0.5,1.0,24222.913888042094
542,9756,-0.747910283643435,-0.08712799281097888,0.27292468317811364,0.5,1.0,24267.53073416697
543,9774,-0.2329495675308495,-0.012135090164161108,0.15047965607412028,0.5,1.0,24311.998319375096
544,9792,-0.6206171821066118,0.014840306423464887,0.21021453230860085,0.5,1.0,24362.30617433414
545,9810,-0.45062828238191166,0.5721026351913768,2.2944721145238316,0.5,1.0,24410.57100783405
546,9828,-1.0179250297239522,-0.02768313484181754,0.3273950704734684,0.5,1.0,24454.83933587512
547,9846,-0.20740946054384857,0.10009343668843214,0.2011089731444357,0.5,1.0,24496.48934783414
548,9864,-0.7630077130411541,-0.046427762856373324,0.22903892284095265,0.5,1.0,24540.312380375108
549,9882,-0.21743187168665035,1.1467255313784015,3.1330351939606227,0.5,1.0,24582.989752209047
550,9900,-0.3139623303387564,-0.002467408304280926,0.17103231609912373,0.5,1.0,24625.366628458956
551,9918,-0.41656694210982703,-0.0021915182540360118,0.2098347268803014,0.5,1.0,24668.340810708934
552,9936,-1.0799043501780599,-0.12448260653812396,0.44084893404151626,0.5,1.0,24709.8499979591
553,9954,-0.5688879802912981,-0.05459941665014186,0.2590861546508607,0.5,1.0,24752.54086604202
554,9972,-0.5673165578980797,0.020842792975972173,0.2818724158685995,0.5,1.0,24795.59935949999
555,9990,-0.830147804122995,-0.07877855012639756,0.33114321387859597,0.5,1.0,24837.235704542138
556,10008,-0.32031584829337145,-0.06383391212024073,0.13113656227759157,0.5,1.0,24879.6432602501
557,10026,-0.11836257723300303,0.07349891777031697,0.14798401774435657,0.5,1.0,24922.21943275002
558,10044,-0.4375846584120566,-0.02085674340519751,0.20845951133199522,0.5,1.0,24966.005135749932
559,10062,-0.41064258366566797,-0.05451577473867476,0.17312473825126867,0.5,1.0,25007.698362209136
560,10080,-0.33652699469139513,0.05232864735210748,0.24241409944490375,0.5,1.0,25051.304568124935
561,10098,-0.42563000860253286,-0.00040532782116420307,0.2775650163236115,0.5,1.0,25094.24694179208
562,10116,-0.30239108131878645,0.03621131529279095,0.22025731344120875,0.5,1.0,25136.83792816708
563,10134,-0.5692248651061131,0.03561399775930996,0.2589720349021886,0.5,1.0,25179.01449554204
564,10152,-0.8634630177454676,-0.07551061513813827,0.2454820471018051,0.5,1.0,25221.713401042158
565,10170,-0.0893781673163101,0.19045623233556241,0.21959919176503018,0.5,1.0,25263.461472209077
566,10188,-0.3645300315449971,-0.005705764413357055,0.17311649081906397,0.5,1.0,25308.16377733415
567,10206,-0.576453216062168,0.03206768237496909,0.24158919017627975,0.5,1.0,25350.64318379201
568,10224,-0.3172014822249558,0.030579144044312587,0.18498888522275747,0.5,1.0,25393.588356625056
569,10242,-0.8067780254755164,-0.040513021995013415,0.23837767391468495,0.5,1.0,25435.76999154198
570,10260,-0.324133362346835,0.03503265980950997,0.23842211866787955,0.5,1.0,25479.97906391695
571,10278,-0.1917703924681442,0.04466401636840825,0.17450136922172105,0.5,1.0,25522.00052504195
572,10296,-0.5676154645400731,0.0422801277470611,0.21982311927605283,0.5,1.0,25563.936517874943
573,10314,-0.7515468492047228,0.03075432045883946,0.29606370549842237,0.5,1.0,25605.042593584163
574,10332,-0.3573243395592014,0.0363498135450239,0.2000628155262059,0.5,1.0,25648.753933208995
575,10350,-0.5390848132435382,-0.02399860748307603,0.2208908786829723,0.5,1.0,25691.026890250156
576,10368,-0.22923082650308668,0.052989695812869324,0.22827033356343832,0.5,1.0,25734.515442583943
577,10386,-0.43880194653937643,0.5960684638663137,2.2888658151983257,0.5,1.0,25775.224894749932
578,10404,-0.3870631766082928,-0.006605846633102165,0.2209324648273449,0.5,1.0,25816.51665504207
579,10422,-0.3253644072048738,-0.0035089266675876196,0.1898281141544856,0.5,1.0,25861.05566412513
580,10440,-0.5196730136463144,-0.026046332538609503,0.1744461168728384,0.5,1.0,25901.476642000023
581,10458,-0.659777755021361,-0.044320512176441666,0.2583102029790838,0.5,1.0,25944.317463250132
582,10476,-0.4074730741150656,-0.07247316455916655,0.12527733169827027,0.5,1.0,25987.034282417037
583,10494,-0.607567005150532,-0.08660279612126691,0.24210731034219543,0.5,1.0,26030.812584083993
584,10512,-0.5582899216196049,0.5465733834142187,2.304827978117285,0.5,1.0,26071.305195209105
585,10530,-0.5605016861034677,-0.04116689192426194,0.22475003222479173,0.5,1.0,26114.931202500127
586,10548,-0.8390194318315602,0.17235593617767997,0.4358051444437878,0.5,1.0,26158.471021041973
587,10566,-0.4032399737411332,0.0399534903794851,0.1775819939998696,0.5,1.0,26202.736982584
588,10584,-0.1637413805140886,0.022440295559723527,0.20268609275885005,0.5,1.0,26244.888735375134
589,10602,-0.20068953143940504,0.07606957129397346,0.1849137065606093,0.5,1.0,26286.29122308409
590,10620,-0.2397249171160496,0.006554713602879353,0.20365310058713032,0.5,1.0,26329.735949916998
591,10638,-0.41850111434010273,0.000527804570485488,0.2358572792676348,0.5,1.0,26374.24467416713
592,10656,-0.32984310125790994,0.07259170906137562,0.18059098082879774,0.5,1.0,26416.25430708402
593,10674,-0.14953189575282888,0.10046742347686793,0.17056410632761734,0.5,1.0,26458.724297459004
594,10692,-0.26000742743656335,0.09160010580048514,0.2300234443284419,0.5,1.0,26504.897938542068
595,10710,-0.46876613283007806,-0.0687020946162003,0.18249057508531696,0.5,1.0,26547.388412666973
596,10728,-0.1586838692518011,0.01651931646529128,0.13043411717475445,0.5,1.0,26591.202185167
597,10746,-0.7603791922356349,-0.07745423427478428,0.25444730759141826,0.5,1.0,26634.26424270915
598,10764,-0.6741943303366478,-0.023285164941923626,0.36633961144890886,0.5,1.0,26677.05713858409
599,10782,-0.271111698584809,-0.044504723259379916,0.13258873317315958,0.5,1.0,26719.165416124975
600,10800,-0.43628696388310395,-0.0032832347772925197,0.22551940869885678,0.5,1.0,26761.680525250034
601,10818,-0.3273086114620112,0.03650925631902771,0.23767230284079144,0.5,1.0,26804.60967787495
602,10836,-0.47746084369295083,-0.03730442172686496,0.20778402509307725,0.5,1.0,26846.60471945908
603,10854,-0.22691736585074374,0.08638563032907681,0.24430528763652742,0.5,1.0,26889.323091542115
604,10872,-0.8710717720868226,-0.04361488249557204,0.32069584840573284,0.5,1.0,26933.731172375148
605,10890,-0.1642847660290485,0.09337025074248834,0.20761576523526415,0.5,1.0,26981.733178584138
606,10908,-0.5248898250070271,0.050964258818770675,0.252385698166168,0.5,1.0,27023.969536334043
607,10926,-0.429852469902702,0.5581028091280559,2.3014904542043215,0.5,1.0,27065.653855042066
608,10944,-0.42974073095061804,0.10011761296456258,0.2437655855144819,0.5,1.0,27108.305820584064
609,10962,-0.2945383904548722,-0.05218828468907303,0.18001157609228194,0.5,1.0,27150.908830791945
610,10980,-1.1761653256185118,0.49012788291388837,2.3268121753721096,0.5,1.0,27192.245833666995
611,10998,-0.35013983655061587,-0.07591105686118042,0.12126799551953553,0.5,1.0,27233.804696999956
612,11016,-0.500202597558074,-0.033212275837831734,0.21342720643382712,0.5,1.0,27277.03020604211
613,11034,-0.5342301337111071,-0.010612880110694563,0.2032261533584766,0.5,1.0,27319.243727874942
614,11052,-0.30916003198605146,0.043346097777604196,0.224815378429565,0.5,1.0,27360.348962834105
615,11070,-0.47952673414517566,0.03414466068008496,0.2510216105536256,0.5,1.0,27403.460645042127
616,11088,-0.700726145515211,0.05083136419929272,0.3361549461761562,0.5,1.0,27444.56063262513
617,11106,-0.472149038724738,0.014703275360566703,0.2991785323174512,0.5,1.0,27485.49806429213
618,11124,-0.28535436518465573,0.006353047373621055,0.1700801390562121,0.5,1.0,27527.80395750003
619,11142,-0.47184795920452327,0.03766596432297526,0.17715695508697285,0.5,1.0,27569.02159895911
620,11160,-0.39933375163236473,0.017380241968653287,0.192414730364156,0.5,1.0,27611.174395000096
621,11178,-0.6149153136530048,0.012338657289793688,0.27978876823647747,0.5,1.0,27653.740044084145
622,11196,-0.37579295248610034,0.04245168659925033,0.2237276844459269,0.5,1.0,27696.799831292126
623,11214,-0.42082549211262066,0.07479167530215353,0.20088064883702805,0.5,1.0,27738.34792358405
624,11232,-0.4651978814562314,-0.03512199063639443,0.1775932779363551,0.5,1.0,27781.84408125002
625,11250,-0.9898006199174807,0.050371577511596044,0.3501224904992664,0.5,1.0,27824.360135999974
626,11268,-0.4353095136236087,0.014554876227278048,0.23911465800875487,0.5,1.0,27866.158316000132
627,11286,-0.40186643145742806,-0.01421698397101492,0.278113480267204,0.5,1.0,27909.15800087503
628,11304,-0.8731348975783773,-0.10117148437195672,0.27101560008930253,0.5,1.0,27953.20284358412
629,11322,-0.3896653939770225,0.04278151300524355,0.29622110617807085,0.5,1.0,27995.988417084096
630,11340,-0.548444404354993,-0.10563739648288648,0.16967410809432223,0.5,1.0,28038.75496454211
631,11358,-0.6557212689533864,-0.026311613727230024,0.20277035219160794,0.5,1.0,28080.83645400009
632,11376,-0.45439771806643847,-0.032104711670930736,0.1694973051462097,0.5,1.0,28122.363137749955
633,11394,-0.28426399159224136,0.14113451782123543,0.3504027146899408,0.5,1.0,28164.162196625024
634,11412,-0.3258415131424277,0.038227235866277534,0.15782175573966561,0.5,1.0,28207.822025666945
635,11430,-0.3223161870748772,-0.0272813227079899,0.14616684585789047,0.5,1.0,28249.92693104199
636,11448,-0.5496026062978379,-0.030661144564457662,0.22235767123802158,0.5,1.0,28292.47032854194
637,11466,-0.626001464572675,-0.04451505296211443,0.27440174909506654,0.5,1.0,28334.507043875055
638,11484,-0.34406435537014257,-0.01789993207420891,0.20656483593288527,0.5,1.0,28376.443944334053
639,11502,-0.1700434727605522,0.062192111550636656,0.19353272047935666,0.5,1.0,28418.431167625124
640,11520,-0.2924825081240723,0.08658242237433751,0.2876050207949553,0.5,1.0,28459.055696000112
641,11538,-0.4653408479917749,-0.01563718863244956,0.21894740629843196,0.5,1.0,28500.51404387504
642,11556,-0.7660306721230432,0.555613265763804,2.3105159796964796,0.5,1.0,28541.879220542032
643,11574,-0.4275814717643076,0.019869015411879885,0.18851137794858694,0.5,1.0,28584.304613209097
644,11592,-0.40039704348648275,0.03889717557615343,0.2705908384370174,0.5,1.0,28626.33785412507
645,11610,-0.47761957246795106,-0.038067005115689896,0.20833815442896333,0.5,1.0,28668.016741417116
646,11628,-0.6200179646423027,-0.044671945266722454,0.2937539912560281,0.5,1.0,28711.17010391713
647,11646,-0.4653021120147489,-0.05106102806791481,0.18084506304889622,0.5,1.0,28753.783835542155
648,11664,-0.2215459780179465,0.029264698302634784,0.1203245173606871,0.5,1.0,28796.785529084038
649,11682,-0.4144400331933449,0.08702598844186064,0.2609223550108646,0.5,1.0,28839.13761195913
650,11700,-1.084800843110167,-0.06086090940485159,0.2833519861588308,0.5,1.0,28882.78054025001
651,11718,-0.6683103628209341,0.028364610864209716,0.27867238846693093,0.5,1.0,28926.048755709082
652,11736,-0.3734712999313601,-0.0021056987304976576,0.19620470095489814,0.5,1.0,28967.914783583954
653,11754,-0.5610641423654128,-0.027089440465219203,0.27964231667128214,0.5,1.0,29009.652182334103
654,11772,-0.6940044891398545,-0.05977222210756312,0.308769043465098,0.5,1.0,29051.62942695897
655,11790,-0.3151733492628903,0.01089194473072588,0.17476840996164297,0.5,1.0,29093.99362004199
656,11808,-0.482891423333073,0.02265807701576788,0.2259358338668655,0.5,1.0,29135.741876542103
657,11826,-0.7598639170256982,0.026885286089721985,0.42855976239412696,0.5,1.0,29178.712950959103
658,11844,-1.4664271220198772,0.47209404777094055,2.3422637551470684,0.5,1.0,29221.176792084007
659,11862,-0.6744366385506986,0.5380003734721838,2.3056836907761964,0.5,1.0,29263.823608959094
660,11880,-0.25533120340835236,0.050160385526197025,0.1847206444499818,0.5,1.0,29305.682962750085
661,11898,-0.4723220644938664,0.5663093349161592,2.294894482714791,0.5,1.0,29347.030199334025
662,11916,-0.27875598946688385,0.03195390906677052,0.20264242311224404,0.5,1.0,29390.00522695901
663,11934,-0.45262684521628493,-0.003039023007281156,0.21422940448491715,0.5,1.0,29432.305638666963
664,11952,-0.47417131496476106,0.028495268719772395,0.20930119507618375,0.5,1.0,29473.435017084004
665,11970,-0.41341297441363345,-0.0407041147989577,0.21044926642136727,0.5,1.0,29515.46960525005
666,11988,-0.9543330958244374,0.5407043201088803,2.3147557172136453,0.5,1.0,29558.064188041957
667,12006,-0.2854135492143097,0.02980917846812719,0.14895408261653365,0.5,1.0,29599.9183573341
668,12024,-0.7614135194828844,0.04162424722297672,0.3502111765372892,0.5,1.0,29641.09234170895
669,12042,-0.5251190069226066,0.06148063422793361,0.28748711350453954,0.5,1.0,29683.575100917136
670,12060,-0.4157389928294446,0.08011470691289319,0.2379897954590332,0.5,1.0,29724.89154862496
671,12078,-0.7999720333434839,-0.0663290663477423,0.3316907966448779,0.5,1.0,29768.000300917076
672,12096,-0.41085766931443324,-0.0004116122287005888,0.19402877179567193,0.5,1.0,29810.84057762497
673,12114,-0.6285913920261139,0.5688624895973394,2.297789782280201,0.5,1.0,29851.53187683411
674,12132,-0.44985541563219655,0.009914232174154967,0.24570446098791396,0.5,1.0,29893.622929834062
675,12150,-0.21834510358031967,-0.0009118125497447554,0.13500085208209706,0.5,1.0,29935.569438625127
676,12168,-0.7508457116564813,0.03435148411293766,0.2652042767313257,0.5,1.0,29976.714195708977
677,12186,-0.5280353001860334,-0.06109179518797411,0.25227274116272813,0.5,1.0,30018.274472875055
678,12204,-0.26667086751794766,0.09970098055989284,0.21127083698755847,0.5,1.0,30060.64843787509
679,12222,-0.930972625217394,-0.11026648927765276,0.301793524451149,0.5,1.0,30105.23730175011
680,12240,-0.39368062749107935,0.024605738336408618,0.20011248195490386,0.5,1.0,30147.57512670895
681,12258,-0.38538051044028343,-0.02442317127322176,0.2134728586903501,0.5,1.0,30190.136475959094
682,12276,-0.3189310590447736,0.03318095023867965,0.18244294853828527,0.5,1.0,30231.62761595915
683,12294,-0.44024961088562975,0.5568938108045967,2.2968050581998276,0.5,1.0,30273.67030104203
684,12312,-0.8690100414062751,-0.165936200671505,0.3220475203869678,0.5,1.0,30315.442881500116
685,12330,-0.5948556860736387,-0.0066479196429753236,0.2409288121693361,0.5,1.0,30358.089063292136
686,12348,-0.5425787582790713,0.005636615193481267,0.2777248856047122,0.5,1.0,30399.471071416978
687,12366,-0.3936802712476908,-0.002406604772193541,0.18386259908378108,0.5,1.0,30441.608846834162
688,12384,-0.44835387362719636,-0.04830224305718472,0.1415198662819897,0.5,1.0,30483.316547625
689,12402,-0.22063416683581227,0.04891917640351452,0.14814610248239618,0.5,1.0,30525.191746917088
690,12420,-0.16613544489888632,0.1172800446574824,0.18394072518400828,0.5,1.0,30566.78352233395
691,12438,-0.48519268597519183,-0.051358846140386216,0.21387053698859906,0.5,1.0,30608.90451504197
692,12456,-0.4940247499328354,-0.08272377160532951,0.19099367684184115,0.5,1.0,30651.065879959147
693,12474,-0.588024663762515,-0.0554562745099708,0.16600180283276264,0.5,1.0,30693.023727084044
694,12492,-0.5711648949874597,-0.026156095427669463,0.2250019069142703,0.5,1.0,30734.199753584107
695,12510,-0.966963106078798,0.00827469479303823,0.3855651384154892,0.5,1.0,30776.057982875034
696,12528,-0.40343050890347776,0.04346608921005495,0.19318265702291768,0.5,1.0,30818.168540042127
697,12546,-0.2983800322810355,0.013281189907431705,0.21667812108697526,0.5,1.0,30862.22093858407
698,12564,-0.4301715306860281,-0.012735584739639143,0.2762525661544914,0.5,1.0,30902.899635000154
699,12582,-0.5932399342823427,0.030818326183162516,0.25904111297666366,0.5,1.0,30946.49019462499
700,12600,-0.39898762330593307,0.17206814334125559,0.3325233141303588,0.5,1.0,30991.767314375145
701,12618,-0.5118299510420643,-0.05220042938574047,0.15102580336596247,0.5,1.0,31036.224930458935
702,12636,-0.564128943097546,0.0561515708298797,0.24093104128840961,0.5,1.0,31079.65279629198
703,12654,-0.34735212331813425,-0.03639416437092521,0.18354903727280014,0.5,1.0,31120.41338862502
704,12672,-0.2859712177952307,0.050063373025764836,0.17240547672509807,0.5,1.0,31162.542862667004
705,12690,-0.3047706864726978,0.10365435735180976,0.2891800735239229,0.5,1.0,31204.339902834035
706,12708,-0.8641708927464649,-0.1205556088589425,0.2992087773485278,0.5,1.0,31246.044694375014
707,12726,-1.1620547132243626,-0.06750462539184197,0.3252028785330993,0.5,1.0,31287.751797958976
708,12744,-0.2756101261610384,0.0970341291564922,0.2479130983518543,0.5,1.0,31328.678971042158
709,12762,-0.5610331312514676,-0.032582065090364175,0.1709893180275895,0.5,1.0,31371.21675224998
710,12780,-0.6047299472165673,0.007137755374171729,0.18687847384826592,0.5,1.0,31413.620488667162
711,12798,-0.6483290277844933,-0.013193406848041662,0.2532298230525196,0.5,1.0,31456.640401417157
712,12816,-0.2765250382740634,0.04743682770482676,0.20153514526972063,0.5,1.0,31498.352642124984
713,12834,-0.48046543520599627,0.02184928486072198,0.20079837339515863,0.5,1.0,31539.221011833986
714,12852,-0.32260877351976447,0.01307204807774213,0.17818574774044055,0.5,1.0,31582.05005095899
715,12870,-0.7421823048089209,-0.07059445047288149,0.25851132494589685,0.5,1.0,31622.694072084036
716,12888,-0.7127758389326901,-0.09688395912449119,0.3182542216529273,0.5,1.0,31664.722259459086
717,12906,-0.3354494830932051,0.07056796843050955,0.21892185028049882,0.5,1.0,31706.72556629195
718,12924,-0.5003542168899262,-0.038875628182941754,0.19399007057696407,0.5,1.0,31747.367385749938
719,12942,-0.2316353923561767,0.019517417540733648,0.1253062666577256,0.5,1.0,31789.516189208953
720,12960,-0.5252687198710051,-0.015786129022333856,0.2926362267922594,0.5,1.0,31831.817805000115
721,12978,-0.6271128039481608,-0.046864910926588815,0.2356171550812788,0.5,1.0,31874.66119312495
722,12996,-0.3130187101816828,0.010058416671563522,0.187115802031255,0.5,1.0,31919.490192250116
723,13014,-0.43147847630241554,-0.004394593335288466,0.17811924111948552,0.5,1.0,31962.334785667015
724,13032,-0.24340708464378302,0.028560275054646606,0.27595395308651904,0.5,1.0,32005.580392917152
725,13050,-0.22468357383760207,0.031223924260622135,0.17915095687623306,0.5,1.0,32047.65079054213
726,13068,-0.368969729400062,-0.005710707015727203,0.2594636799285527,0.5,1.0,32088.603250541957
727,13086,-0.39743987951398285,-0.08666698832278158,0.15390383861519394,0.5,1.0,32130.743549125036
728,13104,-0.3868571490567767,0.04913969470848661,0.2493727343134581,0.5,1.0,32172.632523834007
729,13122,-0.6138974783616451,-0.09126534166461678,0.22472920128341753,0.5,1.0,32214.612414374948
730,13140,-0.3544671359928939,-0.04322256067566683,0.18186135415742444,0.5,1.0,32257.445977458963
731,13158,-0.39986831298712655,-0.09184771773030276,0.14782885505515558,0.5,1.0,32300.102339792065
732,13176,-0.4390230823417962,-0.048681090118246444,0.15726846394023347,0.5,1.0,32341.603301458992
733,13194,-1.0359651559778804,-0.02969833987529238,0.35485382362851414,0.5,1.0,32384.247335042106
734,13212,-0.6303159485785548,0.0051963477220328,0.23330348437135906,0.5,1.0,32425.429714709055
735,13230,-0.626448266993509,-0.008429267410398142,0.26600109442566716,0.5,1.0,32466.30706470902
736,13248,-0.2244057080479589,0.03515409867821573,0.14077564297385886,0.5,1.0,32508.531275999965
737,13266,-0.6640036786411887,-0.0236527506969137,0.2519470033755157,0.5,1.0,32550.895308709005
738,13284,-0.29717796046751577,0.05600479744167681,0.2392635539541314,0.5,1.0,32592.13781949994
739,13302,-1.0236286843626603,-0.09015824251948068,0.3602134876215124,0.5,1.0,32633.34394387505
740,13320,-1.0065563617754956,0.04793992835381614,0.3363852176711465,0.5,1.0,32674.983360833954
741,13338,-0.4283847315254494,0.1705759599643203,0.45351660778185376,0.5,1.0,32716.551292916993
742,13356,-0.8487458844713389,-0.03719902119199631,0.2574096873109211,0.5,1.0,32757.101531249937
743,13374,-0.36316158235474827,0.08363595472210338,0.2693356982755717,0.5,1.0,32798.37770487508
744,13392,-0.23519420674216107,0.017205035921227265,0.2025024815200511,0.5,1.0,32839.95120891696
745,13410,-0.46353855876775096,-0.034299071889933024,0.1767360886353138,0.5,1.0,32883.85746962507
746,13428,-0.35873650615231867,-0.0075255199511658055,0.17915469148968274,0.5,1.0,32931.30969475
747,13446,-0.23939080199718266,0.09016430517590966,0.19122019174188834,0.5,1.0,32973.653137000045
748,13464,-0.285652223015445,0.04465999236995202,0.15645159208729337,0.5,1.0,33016.66972841695
749,13482,-0.33810551497923313,-0.00201488550951333,0.2023696362148063,0.5,1.0,33058.007249874994
750,13500,-0.544393155304058,-0.00841137520957765,0.20002019544664568,0.5,1.0,33100.250454541994
751,13518,-0.6747842956604044,0.5945315395282909,2.30226995456708,0.5,1.0,33144.44852483412
752,13536,-0.44526021356391343,-0.05522236622403308,0.185334720203411,0.5,1.0,33186.7246533751
753,13554,-0.8737829921694367,0.5568221773229204,2.318795808033459,0.5,1.0,33227.592382584
754,13572,-0.0883524342142481,0.6084968633125604,2.2791371840816055,0.5,1.0,33269.33996074996
755,13590,-0.559095947838558,0.001955284120599742,0.3030461314800723,0.5,1.0,33310.912672375096
756,13608,-0.299677523900864,0.05575445195278666,0.18316663792183988,0.5,1.0,33351.931500084
757,13626,-0.24892923585009008,0.007962778359496485,0.19131944798183645,0.5,1.0,33394.94880383415
758,13644,-0.7995107260094869,-0.06922444244292929,0.2386137312670793,0.5,1.0,33436.594010459026
759,13662,-0.36944863210973544,0.013431819965247942,0.20434627015984969,0.5,1.0,33478.211274249945
760,13680,-0.7324833075931219,-0.007416351099036748,0.26810544416075394,0.5,1.0,33520.35791233415
761,13698,-0.5077559925179509,-0.042732248641125556,0.16825691110505386,0.5,1.0,33561.902107750066
762,13716,-0.2519893333789964,0.08595729403702906,0.28213429750819585,0.5,1.0,33603.55591833405
763,13734,-0.5686944405553849,-0.04954151787596311,0.2366141150163002,0.5,1.0,33645.73681270913
764,13752,-0.832273982911719,-0.018387992042940986,0.4099358183022828,0.5,1.0,33689.06734041707
765,13770,-0.32923681257244386,0.5269083810053101,2.3061423397378955,0.5,1.0,33732.66705704201
766,13788,-0.4070038181217024,0.04213893695804957,0.1857150318994254,0.5,1.0,33776.19983804203
767,13806,-0.2826016611941071,0.10584563367325656,0.31693031439250546,0.5,1.0,33817.56972704199
768,13824,-0.6496814397341195,0.5121184825299294,2.3157016497171763,0.5,1.0,33859.11037333403
769,13842,-0.21141650259613254,0.09853065405547179,0.1739073062253897,0.5,1.0,33901.2293434171
770,13860,-0.24504593354035809,-0.020341587692134185,0.10990491541136042,0.5,1.0,33944.92177516711
771,13878,-0.5657957415921135,-0.019899615924491867,0.17655041085848724,0.5,1.0,33986.576012667036
772,13896,-0.3670344072004301,0.010660701733896783,0.2808907398592418,0.5,1.0,34028.10317404196
773,13914,-0.5052908249990695,-0.020312357404586576,0.2637873786704692,0.5,1.0,34070.22583858413
774,13932,-0.6071810862624654,-0.04903645290479454,0.20343975216680546,0.5,1.0,34114.36983916699
775,13950,-0.4731533175810698,0.0004081129465614255,0.15832263052060888,0.5,1.0,34156.15234754211
776,13968,-0.2198647780637799,0.021649033208535555,0.145486247952555,0.5,1.0,34196.894335791934
777,13986,-0.3020580611278447,0.06511357471212846,0.18456508325129736,0.5,1.0,34238.32406054204
778,14004,-0.5172917142199474,-0.04637677839080975,0.2520107463336767,0.5,1.0,34279.500551250065
779,14022,-0.33566339614176943,-0.038275650676980404,0.18073679710368667,0.5,1.0,34322.66876066709
780,14040,-0.22033589630407846,0.06808791172514894,0.18238817199819546,0.5,1.0,34363.371129459
781,14058,-0.19749627432651007,0.05153858738912653,0.21519774819019058,0.5,1.0,34405.573588584084
782,14076,-0.24259286937138924,0.05895481609289312,0.3416646332501375,0.5,1.0,34450.28334683413
783,14094,-0.3824704210520551,0.006238913534236544,0.16399165170024607,0.5,1.0,34492.459394250065
784,14112,-0.7615967192475805,0.005481247539521,0.27760005727769976,0.5,1.0,34533.89344562497
785,14130,-0.24994621614772683,0.11933270485582807,0.24650625178379457,0.5,1.0,34575.054908083985
786,14148,-0.6229420952421592,0.4715023123828761,2.324679283969002,0.5,1.0,34616.58090470894
787,14166,-0.5203878366552743,-0.055156913877655485,0.23668747292595946,0.5,1.0,34657.280442000134
788,14184,-0.7652562632351403,-0.028618749923762503,0.34448234753520035,0.5,1.0,34698.15525712515
789,14202,-0.5686578157300595,-0.03777604615823879,0.20343913982921943,0.5,1.0,34739.76081429212
790,14220,-0.32812717252961043,0.03378613166341883,0.19008930198089632,0.5,1.0,34781.04067004216
791,14238,-0.9791673022987117,-0.10909839709895847,0.3228059790329965,0.5,1.0,34822.986904209014
792,14256,-0.6138790363728237,0.020524818203659676,0.21426555698280475,0.5,1.0,34866.70025641704
793,14274,-0.17354489343876356,0.015576186272152823,0.12067397806218497,0.5,1.0,34909.33630308416
794,14292,-1.0224102943567992,-0.029206333634679678,0.3299832873719972,0.5,1.0,34951.31629412505
795,14310,-0.4618900925843832,-0.01847166600565285,0.16703346537093255,0.5,1.0,34994.83080537501
796,14328,-0.4824272699901675,0.014978939888037779,0.2889718837128871,0.5,1.0,35036.54566337494
797,14346,-0.7428194355866493,-0.08722217926531675,0.2045832856613392,0.5,1.0,35078.890675958944
798,14364,-0.4477197211203574,-0.11687419447060703,0.18212833981653428,0.5,1.0,35121.63776237494
799,14382,-0.7276276214853219,-0.02339862168345978,0.2683806423312277,0.5,1.0,35163.78048308403
800,14400,-0.5461772967195051,0.05824915584451028,0.25142536286692707,0.5,1.0,35203.58166712499
801,14418,-0.31542334860331334,0.02145942660865489,0.25302590340684644,0.5,1.0,35245.25307379197
802,14436,-0.2749321806282188,0.03232261524712237,0.2456812546650292,0.5,1.0,35286.84841295914
803,14454,-0.3838438743105872,0.01491435151630776,0.267061830219439,0.5,1.0,35328.51349966694
804,14472,-0.298038580172836,-0.017629488850631623,0.16740575991152296,0.5,1.0,35369.2495974591
805,14490,-0.5025565991773737,-0.0010890910763886967,0.21190324911360972,0.5,1.0,35409.77210666705
806,14508,-0.8115527279164292,1.062825778189843,3.1715115701931005,0.5,1.0,35453.31593325012
807,14526,-0.8404858738873635,0.4940890339606388,2.316367196964054,0.5,1.0,35494.184189334046
808,14544,-0.4974989484441972,0.03351372925068549,0.21149772107654607,0.5,1.0,35536.44561900012
809,14562,-0.5868571333232149,-0.00401104397237928,0.18300311974128664,0.5,1.0,35580.40512208408
810,14580,-0.41212515640910397,0.0912364937785819,0.3502136905149387,0.5,1.0,35621.80210029194
811,14598,-1.0480955142067012,-0.1567423387183616,0.32278035984725134,0.5,1.0,35663.82141029206
812,14616,-1.031581516501645,-0.07646284829166536,0.3262098581848252,0.5,1.0,35705.13313979213
813,14634,-0.3462459801646238,0.6376549159599867,2.278939005721593,0.5,1.0,35746.977395124966
814,14652,-0.27565229921672874,0.04215342621212464,0.1922103822263279,0.5,1.0,35789.38006366696
815,14670,-0.4091370071024931,0.023012534815524097,0.2333192074312404,0.5,1.0,35830.68529666704
816,14688,-0.643412207040539,0.07066030506149747,0.354162078478037,0.5,1.0,35873.10013866704
817,14706,-0.7615747325677198,-0.07399056860895475,0.25332516168805336,0.5,1.0,35914.48263704195
818,14724,-0.16047678776991248,0.04794939276715112,0.12691928688505802,0.5,1.0,35954.524952583946
819,14742,-0.5393610252427932,-0.024201542917503045,0.25127963988101315,0.5,1.0,35995.61888808408
820,14760,-0.35528708847752277,-0.04272957658317016,0.14661194353744575,0.5,1.0,36037.94891700009
821,14778,-0.630723060470836,0.044243709955507776,0.3114057980309152,0.5,1.0,36078.73750962503
822,14796,-0.3563558517808172,0.05405990707927365,0.22743013700960282,0.5,1.0,36119.76210666704
823,14814,-0.3958605374424007,0.01996583751152449,0.16060253360505133,0.5,1.0,36161.10590950004
824,14832,-0.2800783717761135,0.033117421280476615,0.15483444762878384,0.5,1.0,36202.371415209025
825,14850,-0.49811110246332735,-0.031204247595922958,0.23423808635845944,0.5,1.0,36243.714490375016
826,14868,-0.37362145225418253,0.0035121534655518064,0.12643021406592855,0.5,1.0,36286.405437167035
827,14886,-0.47951017394642736,-0.03153490907071675,0.1492851977948616,0.5,1.0,36328.51967737498
828,14904,-0.17475313626297329,0.10970850378843015,0.18028653079101575,0.5,1.0,36369.544394959
829,14922,-0.5383080349539799,-0.06574057502880458,0.26564963352224014,0.5,1.0,36411.120934291976
830,14940,-0.3345672694383577,0.034642265859814794,0.18151558155050335,0.5,1.0,36452.381200625096
831,14958,-0.32255229696314647,-0.04293915088423642,0.2062136699510261,0.5,1.0,36493.74105729209
832,14976,-0.47386543928230473,0.022591526495621128,0.17358390047012665,0.5,1.0,36535.30789541709
833,14994,-0.4200474986298266,-0.02498835046194461,0.1365905060906158,0.5,1.0,36581.90913849999
834,15012,-0.6872560117924342,0.03634812694883068,0.2747558596776309,0.5,1.0,36626.23292495916
835,15030,-0.2708717586057139,0.04124279289015176,0.16865376355093023,0.5,1.0,36668.627088041976
836,15048,-0.46812165585280585,-0.00036374513789998945,0.15233243123742493,0.5,1.0,36710.10774833406
837,15066,-0.25928454887509744,0.024798286127789854,0.16793328007245548,0.5,1.0,36753.603836833965
838,15084,-0.7645852381544564,0.041184793435505185,0.3247212858313493,0.5,1.0,36795.40797325014
839,15102,-0.27551846272128255,0.08028837196411404,0.14704891963226147,0.5,1.0,36837.13225095905
840,15120,-1.073368837858764,-0.08869966304093602,0.2791032460956395,0.5,1.0,36878.9956873341
841,15138,-0.3886959787245434,-0.015349838688772413,0.2516189943377922,0.5,1.0,36919.75425050012
842,15156,-0.22808468222096856,0.5295972763232528,2.3014701028141675,0.5,1.0,36962.579120959155
843,15174,-0.34393074530861867,0.025554801222997407,0.21505199283415252,0.5,1.0,37004.39232108416
844,15192,-0.29439090106405263,-0.00200830492902594,0.16886631353515355,0.5,1.0,37045.541135542095
845,15210,-0.3592397882444862,-0.0014912794032802977,0.27489349219360104,0.5,1.0,37087.058124459116
846,15228,-0.5107426610223751,-0.024789330486700054,0.19692557186045576,0.5,1.0,37130.089918375015
847,15246,-0.42228536107549175,0.02548225577290935,0.20008959798877302,0.5,1.0,37172.56646666699
848,15264,-0.3700133635767715,-0.04107952398624749,0.18098163404630188,0.5,1.0,37215.176255709026
849,15282,-0.06842458771404214,0.03599253797354107,0.08636625271773368,0.5,1.0,37257.155784209026
850,15300,-0.4206872274759528,-0.04576375144265205,0.17992144404009497,0.5,1.0,37299.05638170894
851,15318,-0.23890277623160383,-0.015410329108092036,0.15586761568173166,0.5,1.0,37343.375083500054
852,15336,-0.36010565672437167,-0.0157276701207499,0.1398648591216075,0.5,1.0,37385.57841754216
853,15354,-0.3316423580827941,-0.03299518565205547,0.1672095762567341,0.5,1.0,37427.29001416708
854,15372,-0.6853903705475366,0.05531228983685077,0.30676459870599526,0.5,1.0,37468.69303691713
855,15390,-0.28804028234258094,0.01877377594408837,0.1691348944091084,0.5,1.0,37511.133658000035
856,15408,-0.2536591469417049,0.047319945535145874,0.16598468065266042,0.5,1.0,37552.47135362495
857,15426,-0.4523721223533519,-0.015734772452246845,0.22818080076601172,0.5,1.0,37595.835337125
858,15444,-0.2669837846267553,0.016718115957532968,0.21482518030329503,0.5,1.0,37637.08671987499
859,15462,-0.8037469059251592,-0.003077651141056897,0.29939435584305485,0.5,1.0,37678.681228542
860,15480,-0.8053120835018701,-0.06598250940214762,0.3088676989915411,0.5,1.0,37720.538335209014
861,15498,-0.7942803627306185,-0.04170365886766013,0.213265978520453,0.5,1.0,37761.97540045902
862,15516,-0.37424556413932475,-0.00640115481127928,0.17325185539227145,0.5,1.0,37804.054584292
863,15534,-0.43676642950752864,0.021563871395187957,0.17193457705256487,0.5,1.0,37846.449947125046
864,15552,-0.12203277445085359,0.6068047491288381,2.2827332196860524,0.5,1.0,37887.33836812503
865,15570,-0.3117094044082691,0.012294439336387865,0.2108104695751859,0.5,1.0,37927.57963387505
866,15588,-0.34080574356920845,0.017279552672384273,0.1552596452636266,0.5,1.0,37969.84143454209
867,15606,-0.9676822497283659,-0.05864060699173409,0.31143487613629595,0.5,1.0,38010.459039000096
868,15624,-0.41532067677295714,0.08622811479194592,0.22447661342658862,0.5,1.0,38050.71524983412
869,15642,-0.5894365514030273,-0.041453763679870095,0.22544689443167015,0.5,1.0,38093.77945358399
870,15660,-0.4164765092150029,0.03272257416932294,0.2399038488551617,0.5,1.0,38135.389795708936
871,15678,-0.6506450927219705,-0.033989396820431374,0.26802343414730506,0.5,1.0,38176.976080750115
872,15696,-0.6051060227680933,-0.021516498826736848,0.24783872063450166,0.5,1.0,38217.73310066713
873,15714,-0.5309507727134992,-0.03282306919073457,0.21795117630949307,0.5,1.0,38258.966137584066
874,15732,-0.1612525155698421,0.0379536335556026,0.10718250570909418,0.5,1.0,38300.30215804209
875,15750,-0.35716453767541534,0.06123430995826659,0.3166150895259791,0.5,1.0,38340.73620029213
876,15768,-0.24535436747667205,0.07302475090408025,0.18869649178874065,0.5,1.0,38381.77033516695
877,15786,-0.4608540630841462,0.023782005887923476,0.19485464204866249,0.5,1.0,38423.604644542094
878,15804,-0.6662929097031292,0.013986265686378483,0.24996624788007146,0.5,1.0,38464.76390679204
879,15822,-0.22333829461501953,-0.005559269007695199,0.14311907252887784,0.5,1.0,38505.98285929207
880,15840,-1.062279442177247,-0.02884329822527956,0.36579022853047144,0.5,1.0,38546.97566654207
881,15858,-0.5348753039826297,-0.011689750913561565,0.19511265786599452,0.5,1.0,38587.31960937497
882,15876,-0.4269599702175242,0.5406987978981205,2.300345579476253,0.5,1.0,38628.12307904195
883,15894,-0.675012107292722,-0.12673897869239792,0.19305411201310038,0.5,1.0,38669.29801787506
884,15912,-0.7613101681625247,-0.029950416256725405,0.26302370786265583,0.5,1.0,38710.39863629197
885,15930,-0.36911799631517006,-0.02809701476073349,0.1979837082517545,0.5,1.0,38754.96556175011
886,15948,-0.33058070110945703,0.02014959679617867,0.1472561875236423,0.5,1.0,38797.317817334086
887,15966,-0.3499447338712338,0.08917959909966343,0.26602277636322413,0.5,1.0,38839.13178329216
888,15984,-0.22821647630193898,0.050670250712184166,0.19720542911035693,0.5,1.0,38881.291463
889,16002,-0.1188840730666163,0.029999694307063902,0.14113481129469674,0.5,1.0,38923.381971375085
890,16020,-1.3100557773154184,-0.10592775423717941,0.3997290763211632,0.5,1.0,38964.20992920897
891,16038,-0.3715916552544698,0.0665208102203773,0.18443825174955455,0.5,1.0,39006.07189458399
892,16056,-0.19504813951231714,0.06648667527575045,0.16066937713866333,0.5,1.0,39050.87485012505
893,16074,-0.5378277682219146,0.03516319145533961,0.21195610325495995,0.5,1.0,39093.20011787512
894,16092,-0.5493583380752778,-0.061396973092214244,0.17637346728442918,0.5,1.0,39134.453898834065
895,16110,-0.3046010597407518,-0.035379873167883456,0.13009754666243703,0.5,1.0,39176.87380212499
896,16128,-0.44203217695328334,0.5560855924245863,2.2997345066928276,0.5,1.0,39218.5187927091
897,16146,-0.31593047702243915,0.03691237240962275,0.26598457228187583,0.5,1.0,39259.3471570001
898,16164,-0.6044337538117279,-0.0324768964260938,0.28476321426212103,0.5,1.0,39301.95723762503
899,16182,-1.1692190701145337,0.044127478163634146,0.40582053456456096,0.5,1.0,39343.796188125154
900,16200,-0.5060834845288458,0.0662541203356353,0.25180323176757374,0.5,1.0,39386.68578566704
901,16218,-0.7010297226188653,-0.02831086001363106,0.24310842378722214,0.5,1.0,39427.971618334064
902,16236,-0.3474668922721609,0.11461185523346978,0.26113471965395657,0.5,1.0,39469.990874834126
903,16254,-0.26926450980338856,-0.023870797196475606,0.1231963204310213,0.5,1.0,39512.310552624986
904,16272,-0.7437677962271723,-0.027924684616654833,0.2609063117209113,0.5,1.0,39554.096706334036
905,16290,-0.29214275457821604,0.04680639657095793,0.18243609738293137,0.5,1.0,39595.694725916954
906,16308,-0.4713703301085719,-0.10278772280725458,0.1682700117775081,0.5,1.0,39637.331578459125
907,16326,-0.5337915721619195,-0.04741955969182257,0.167594454659931,0.5,1.0,39679.455916667124
908,16344,-0.29197438319817426,0.0020832294025317686,0.20850193650468407,0.5,1.0,39721.30108837504
909,16362,-0.5300278556624836,-0.054033214657197494,0.23378371356084504,0.5,1.0,39763.74432008411
910,16380,-0.22353325927623047,0.08405190709345739,0.18767338759956273,0.5,1.0,39804.52986633405
911,16398,-0.6915195776366225,0.4661040776816038,2.3202311335289934,0.5,1.0,39845.67830325011
912,16416,-0.30902664918606426,0.06101584283856597,0.21698449340056297,0.5,1.0,39888.44358125003
913,16434,-0.49571053176323154,-0.009805687284106678,0.27537352564776185,0.5,1.0,39930.02705358411
914,16452,-0.7296893839150824,-0.030182232135215623,0.3018530575909375,0.5,1.0,39971.37578095915
915,16470,-0.49701719266010613,0.0766800511927172,0.24135980938656568,0.5,1.0,40012.068394667
916,16488,-0.42361571019734257,-0.07085118311280869,0.1565147161815758,0.5,1.0,40053.6297993341
917,16506,-0.6722204304807757,-0.02493083370932804,0.2620014527744136,0.5,1.0,40095.48826150014
918,16524,-0.5498440196259438,0.5338852831098421,2.312049681574987,0.5,1.0,40136.68380383402
919,16542,-0.4779816851722929,0.5034998106924059,2.312574843822839,0.5,1.0,40179.38802916696
920,16560,-0.5236081820291671,-0.06570566098002395,0.16987630411761923,0.5,1.0,40220.28261029208
921,16578,-0.15652102325730866,0.07498215559675714,0.18371353928452175,0.5,1.0,40261.82229362498
922,16596,-0.6912129583990403,0.0445957876481896,0.291476033314531,0.5,1.0,40302.81151591707
923,16614,-0.23982865143883636,0.11549760113325597,0.3179326375299494,0.5,1.0,40344.503456000006
924,16632,-0.37156458990752483,0.5613707508766045,2.293496176808144,0.5,1.0,40387.44351004204
925,16650,-0.24162034900631646,-0.018610771299786402,0.14895127415903683,0.5,1.0,40427.839083292056
926,16668,-0.8639504269169231,-0.07244432311843488,0.2329040079837212,0.5,1.0,40469.14718650002
927,16686,-0.41257550521582953,0.005902699073685359,0.19528966170685325,0.5,1.0,40511.388868042035
928,16704,-1.3184124656003986,-0.013573480385075283,0.3989539982601221,0.5,1.0,40558.85773429205
929,16722,-0.49794250670279094,0.051081508615964534,0.27797271879565416,0.5,1.0,40601.023758250056
930,16740,-0.1580417151486273,0.07792866935948758,0.14328646058616845,0.5,1.0,40643.25174274994
931,16758,-0.7832392715819072,0.4745757492516195,2.3229792460770433,0.5,1.0,40686.829858750105
932,16776,-0.18556144941258523,0.017506425175287593,0.16633860568423087,0.5,1.0,40727.8965400001
933,16794,-0.458161622079472,0.007862236170558626,0.22162871644288273,0.5,1.0,40770.900764584076
934,16812,-0.6060893203150792,-0.03383329551379028,0.23952975530022608,0.5,1.0,40812.43597133411
935,16830,-0.41497237123928166,0.05402278723742418,0.24326554787067983,0.5,1.0,40858.025461750105
936,16848,-0.600803196930622,0.110340340447076,0.3594255926872222,0.5,1.0,40900.49897900014
937,16866,-0.38997426352435216,0.03952136498152514,0.19824944259554303,0.5,1.0,40944.53259375016
938,16884,-0.265250505289754,0.007171694270267685,0.14104792535982252,0.5,1.0,40987.79605679214
939,16902,-0.29338961579376743,0.5214770302237604,2.3040392502762974,0.5,1.0,41028.48691291711
940,16920,-0.2767634344253489,0.0028085337698161203,0.1468622738619514,0.5,1.0,41068.50141287502
941,16938,-0.543299581888725,-0.03809116411274768,0.271300199561531,0.5,1.0,41109.982125584036
942,16956,-0.3355140742991587,0.1075569904545608,0.2813150163144326,0.5,1.0,41151.80828749994
943,16974,-0.26897697198531834,-0.01975157792521218,0.19190219490002117,0.5,1.0,41192.972562834155
944,16992,-0.598375713923244,0.028281865939955766,0.21528664934827332,0.5,1.0,41236.39743333403
945,17010,-0.41954778172949947,-0.005936097959057276,0.17578882104724153,0.5,1.0,41279.03022083407
946,17028,-0.9178571049365543,-0.13118326418445403,0.31454301588157063,0.5,1.0,41320.31800245913
947,17046,-0.24615564541614532,-0.030087228447298338,0.12622000266743608,0.5,1.0,41363.057288500015
948,17064,-0.22386387720180245,0.07298401578829106,0.29134562059255165,0.5,1.0,41404.919791042106
949,17082,-0.47086455766336144,-0.009502823046144372,0.27201422204592474,0.5,1.0,41448.20183108398
950,17100,-0.19773189910741618,0.06315196483632156,0.15843005767734222,0.5,1.0,41490.47089808411
951,17118,-0.381619967607425,0.4852238563015629,2.3145937780152024,0.5,1.0,41531.50379533414
952,17136,-0.24833450194927398,0.5435401330651586,2.2993620582327945,0.5,1.0,41575.23236970906
953,17154,-0.48932512979784715,0.01689243378563976,0.26837534475498637,0.5,1.0,41616.19479216705
954,17172,-0.22621728546768693,0.11828438120600707,0.19708596152153196,0.5,1.0,41658.63032391714
955,17190,-0.41726770888750586,-0.025783105575237306,0.20971165558035149,0.5,1.0,41699.80621608393
956,17208,-0.5727453044160136,-0.05338992613741785,0.18870714750333456,0.5,1.0,41741.6772137091
957,17226,-0.3646570139575198,0.03892933621421863,0.19050978144754854,0.5,1.0,41784.484607625054
958,17244,-0.5720109063934169,0.5541029853959191,2.2998189129708955,0.5,1.0,41826.88280070899
959,17262,-0.1666845853637673,0.6146142027052941,2.2816066589701154,0.5,1.0,41868.70607987512
960,17280,-0.278807945777408,0.056830215436650455,0.24922637156779937,0.5,1.0,41910.375147667015
961,17298,-0.5967548966385365,0.012002306634805789,0.18369206204607652,0.5,1.0,41952.26506937505
962,17316,-0.506797232311424,0.009048669715316334,0.21575119768037607,0.5,1.0,42001.49574554199
963,17334,-0.44149772902510875,0.009314966168827135,0.23993859004497095,0.5,1.0,42045.32942795893
964,17352,-0.2672002407055052,0.03829411595965363,0.11753905433364684,0.5,1.0,42088.97302054195
965,17370,-0.29655874967673856,-0.0018980293666090258,0.14758806369362876,0.5,1.0,42131.53376287501
966,17388,-0.8151464638998265,0.026340130048046657,0.2504317354565167,0.5,1.0,42173.85076020914
967,17406,-0.9514980339588526,-0.05156974248761095,0.284747417500687,0.5,1.0,42215.488729459
968,17424,-0.4157207571895727,0.02469965078366634,0.21420845234560862,0.5,1.0,42256.403685959056
969,17442,-0.5738644432053928,-0.06941142654174588,0.2219676473723822,0.5,1.0,42298.05296379211
970,17460,-0.3668972415759635,0.03761846384862223,0.244052241329701,0.5,1.0,42346.83787337504
971,17478,-0.38563467835784593,0.5441318760899136,2.2989165077582014,0.5,1.0,42390.423337416956
972,17496,-0.7501556150406818,0.0055528489338274095,0.2595674098377307,0.5,1.0,42434.67927329196
973,17514,-0.43313272549312654,-0.05552113485257795,0.1844608372136888,0.5,1.0,42480.365434583975
974,17532,-0.6791922558036179,0.02108279734338551,0.2784455092850786,0.5,1.0,42531.351105292095
975,17550,-0.6285812685849788,-0.04690105947720551,0.2507424844991575,0.5,1.0,42590.00488291704
976,17568,-0.4206822906774814,-0.004762808178835343,0.1591705003803577,0.5,1.0,42644.929565709084
977,17586,-0.5173462248377616,-0.024519766386510336,0.21099366861704924,0.5,1.0,42697.43254191708
978,17604,-0.23818359951112722,0.06559337167712452,0.16682781991621956,0.5,1.0,42745.23648554203
979,17622,-0.29904672270746957,0.06585302420247989,0.250017160950731,0.5,1.0,42787.924106167164
980,17640,-0.5681792665555454,0.017997909297185366,0.2629192938666516,0.5,1.0,42830.611895499984
981,17658,-0.6172994682280901,0.18609906236405901,0.3658062943676681,0.5,1.0,42872.474200709024
982,17676,-0.21266363630755336,0.006449970674297904,0.2081454041634613,0.5,1.0,42915.29166583414
983,17694,-0.3526420581788843,0.02452265625603298,0.21235821699709115,0.5,1.0,42963.99351691711
984,17712,-0.41944537214100297,-0.03268163961578013,0.2630725614146815,0.5,1.0,43006.83083283412
985,17730,-0.32848596956283505,0.01616241451341728,0.15246870156194922,0.5,1.0,43049.75547487498
986,17748,-0.32504218286743125,0.06490895444601073,0.23629106138142575,0.5,1.0,43097.51145658409
987,17766,-0.4349628997032502,0.5488864070802362,2.3011855952314533,0.5,1.0,43139.786833875114
988,17784,-0.627073018653288,0.5149030564955847,2.3148535061651043,0.5,1.0,43183.61666454212
989,17802,-0.6404675385648826,0.03659692875649102,0.2802219901823172,0.5,1.0,43228.282767375
990,17820,-0.33778313754815237,0.03874445966200603,0.15529089702207227,0.5,1.0,43271.03281200002
991,17838,-0.23216471514817094,0.027775311980542196,0.18419604900579206,0.5,1.0,43313.89978929213
992,17856,-0.45305131736289095,0.10558991858330138,0.32871149941512157,0.5,1.0,43356.26949450001
993,17874,-0.6145785600374642,7.476034806380088e-05,0.26050542557843254,0.5,1.0,43398.25184079213
994,17892,-0.29732014748641156,-0.0362239464290696,0.1680202751628629,0.5,1.0,43440.92929820903
995,17910,-0.5387056568146917,-0.062073723259114345,0.28087732426495376,0.5,1.0,43485.43595391698
996,17928,-0.6702628243328759,-0.04709030961474214,0.23527008907592747,0.5,1.0,43528.918510749936
997,17946,-0.8437917188423603,-0.0176675200647016,0.3415984591537791,0.5,1.0,43572.27026975015
998,17964,-0.5834361832416004,-0.008284467704183415,0.2329007141065969,0.5,1.0,43615.79691991699
999,17982,-0.46476860808708054,-0.0997524859868119,0.19150764682909058,0.5,1.0,43658.55529120914
1000,18000,-0.26792234961003647,0.0017721958626448024,0.11322910180573434,0.5,1.0,43702.981544834096
1001,18018,-0.6766214852156711,-0.0137502459754359,0.21556133437478636,0.5,1.0,43745.838658917
1002,18036,-0.40399571364765663,0.5841560084968518,2.2948795667015416,0.5,1.0,43787.090038375
1003,18054,-0.36342367186757407,-0.02890572355409122,0.23899504171313546,0.5,1.0,43829.38975824998
1004,18072,-0.40514092653746303,-0.056588401313792405,0.13553359350103023,0.5,1.0,43873.85530820908
1005,18090,-0.8159784827703769,-0.0991828846165059,0.3328961811349026,0.5,1.0,43915.20856399997
1006,18108,-0.4901784963048197,-0.028552381706485094,0.17873790820181065,0.5,1.0,43959.52386595914
1007,18126,-0.9327905287789298,-0.05170382984037279,0.3070771525619277,0.5,1.0,44005.43606762495
1008,18144,-0.413532906370464,-0.006319122477534201,0.16197970471800777,0.5,1.0,44048.65837349999
1009,18162,-0.5349276117760553,0.02932257526280492,0.21002184946312302,0.5,1.0,44108.9143819171
1010,18180,-0.41059353614022065,0.07105216490813075,0.2758400705477668,0.5,1.0,44161.56238391716
1011,18198,-0.5479074701770754,-0.03357678212792549,0.3256072921370228,0.5,1.0,44210.771562624956
1012,18216,-0.1806162269290441,0.08886793260748273,0.24614818640728617,0.5,1.0,44258.358489500126
1013,18234,-0.18025419077530191,0.07755035893456805,0.24381172669353268,0.5,1.0,44310.13583320915
1014,18252,-0.20908622001362698,0.036614898993932284,0.15463855508555982,0.5,1.0,44363.374321334064
1015,18270,-0.33901267201108354,-0.019584448932100134,0.15570760514342857,0.5,1.0,44415.32204358396
1016,18288,-0.21150711190695404,0.1262511741615742,0.2925552910428786,0.5,1.0,44463.99717250001
1017,18306,-0.246175067189359,-0.001227887360164252,0.149018119862307,0.5,1.0,44509.93430929212
1018,18324,-0.5279118438639987,-0.029211798751042246,0.18768695276936806,0.5,1.0,44557.63607737515
1019,18342,-0.6362917470636056,-0.019079611342878708,0.20079175943979025,0.5,1.0,44606.61766479211
1020,18360,-0.39806749639625316,0.6026029671221447,2.290246873746904,0.5,1.0,44660.47277037497
1021,18378,-0.9435971944418782,0.02915113688252487,0.3207253465458959,0.5,1.0,44711.13539679209
1022,18396,-0.5404000437848753,-0.048007587407895444,0.2386535242369707,0.5,1.0,44761.17005041707
1023,18414,-0.43553472350901234,-0.02615632595468309,0.1403384063690843,0.5,1.0,44808.628011917
1024,18432,-1.0525597679532437,-0.015366153816458351,0.32896604060320583,0.5,1.0,44859.56591479201
1025,18450,-0.5381218795725093,-0.01305346310192664,0.31312087501662444,0.5,1.0,44910.6184320841
1026,18468,-0.24538281410875395,0.03620088650898978,0.22656342398993468,0.5,1.0,44969.07281487505
1027,18486,-0.6776152023863817,-0.043750828712526085,0.23665027720015172,0.5,1.0,45013.51707379194
1028,18504,-0.4038610411273371,-0.046313031814200115,0.12097241976041033,0.5,1.0,45058.85284279194
1029,18522,-0.4113394080599688,-0.06924098573422871,0.16329670087074874,0.5,1.0,45104.44408158399
1030,18540,-0.6731006146946656,-0.056043042817331745,0.3024663427344171,0.5,1.0,45153.88300137501
1031,18558,-0.43699125184424226,0.07315928274521862,0.2580344550002172,0.5,1.0,45206.16293995897
1032,18576,-0.512275770169941,-0.007399446927808227,0.23320699785196303,0.5,1.0,45251.526647374965
1033,18594,-0.11235711629512668,0.08538474488952212,0.28017636142710073,0.5,1.0,45295.751479625
1034,18612,-0.20741741836747885,0.053322578002069604,0.23516444049301993,0.5,1.0,45341.572308500065
1035,18630,-0.4331385958513785,0.030648026957549906,0.17830944686670733,0.5,1.0,45385.63035650016
1036,18648,-0.4199077440193548,0.5747081884924784,2.3015336684348857,0.5,1.0,45429.45523270895
1037,18666,-0.29095038596825606,0.04001963207874236,0.16791032828504837,0.5,1.0,45478.11952883401
1038,18684,-0.32177375467634306,0.08101093710953523,0.31318457922432985,0.5,1.0,45524.530747750076
1039,18702,-0.6632512961497241,-0.07836369806398268,0.3378963185131394,0.5,1.0,45566.376734167105
1040,18720,-0.6709493872031205,-0.019001507313429214,0.19504186616578192,0.5,1.0,45608.669303084025
1041,18738,-0.4159401258512574,-0.00719862466255044,0.2631761983157452,0.5,1.0,45653.46482812497
1042,18756,-0.8423992326832535,-0.02848107882246678,0.25144131670855213,0.5,1.0,45703.73049266706
1043,18774,-0.7340426905730792,-0.04509156306733036,0.24691020487514181,0.5,1.0,45751.99131099996
1044,18792,-0.5634696334331624,0.025816097261704703,0.2244829917040674,0.5,1.0,45800.407391209155
1045,18810,-0.2031105486168876,-0.045805273521524886,0.09654469614393543,0.5,1.0,45849.06509095896
1046,18828,-0.2994018682434829,0.02089523818716134,0.18122456870920486,0.5,1.0,45898.88004095899
1047,18846,-0.46483752555430957,-0.09131360190448629,0.18133262383477333,0.5,1.0,45948.605474374956
1048,18864,-0.7262512902369158,-0.05004245207346308,0.2464537231789517,0.5,1.0,45994.56109670899
1049,18882,-0.3771922843821729,-0.0129461274850894,0.18079232331852005,0.5,1.0,46047.902034875005
1050,18900,-0.34046328163505546,0.0028180473882832104,0.1746588408771946,0.5,1.0,46098.379274999956
1051,18918,-0.22568580161826635,0.09638678238650078,0.26354172119180586,0.5,1.0,46149.422375625
1052,18936,-0.1562736744801816,0.02994655748232549,0.13914001612757543,0.5,1.0,46199.66164795915
1053,18954,-1.0233863924199218,-0.0995304692002939,0.3942735820768053,0.5,1.0,46253.95897258399
1054,18972,-0.3836468989262203,0.016184712484493848,0.16336136460305695,0.5,1.0,46307.14347454207
1055,18990,-0.19732997909612937,0.5829198604542285,2.2895287708756893,0.5,1.0,46359.08480583411
1056,19008,-0.4490675259976058,0.045169704935029725,0.2591827186597355,0.5,1.0,46410.155522417044
1057,19026,-0.6749482257203221,0.05553469824888128,0.2770169285629179,0.5,1.0,46454.093595250044
1058,19044,-0.44317452193553475,0.01961846935552685,0.36035785447426133,0.5,1.0,46497.40781308408
1059,19062,-0.4524715312522787,-0.017185480484937968,0.22534545316090962,0.5,1.0,46540.08743920899
1060,19080,-0.3486777060944757,0.020375626819835277,0.17194420697235227,0.5,1.0,46583.68894991698
1061,19098,-0.4136672571296707,0.09625325274639544,0.2485828090061418,0.5,1.0,46625.68590925005
1062,19116,-0.1904185422822131,0.6355563761120638,2.281469558167508,0.5,1.0,46667.840540291974
1063,19134,-0.27969801729557364,0.03862620915400708,0.23386706014804134,0.5,1.0,46711.554444834124
1064,19152,-0.6355791475374692,-0.07652714392150643,0.19610085781961362,0.5,1.0,46753.93460362498
1065,19170,-0.5053517526102906,0.04038120485679567,0.28712483906014635,0.5,1.0,46796.790577749955
1066,19188,-0.5025326887463466,0.6146053004586274,2.300910736055418,0.5,1.0,46839.39460245916
1067,19206,-0.573928377945081,-0.023446675180166496,0.25344064477639333,0.5,1.0,46892.604394875
1068,19224,-0.4843161000988845,0.05361523347248904,0.26364845713013907,0.5,1.0,46950.18938812497
1069,19242,-0.6928944977028113,-0.10716026460115276,0.2993701203367363,0.5,1.0,47008.33337462507
1070,19260,-0.5287343596343383,0.019259671666196108,0.3619698787049161,0.5,1.0,47062.57277325005
1071,19278,-0.2664194710948653,0.11072940677321899,0.2948084167132909,0.5,1.0,47113.252976250136
1072,19296,-0.43961289098335055,0.0334728053376023,0.23767552270593023,0.5,1.0,47163.836528416956
1073,19314,-0.34251994408911735,1.1510323466694135,3.136990265480917,0.5,1.0,47216.56401716708
1074,19332,-0.9599981359981458,0.45529819833394175,2.338841518241632,0.5,1.0,47267.22249900014
1075,19350,-0.21678665864079782,0.036082765937932235,0.19708408810079758,0.5,1.0,47318.34521479206
1076,19368,-0.4981684764355636,-0.011329021657111384,0.23366723491758004,0.5,1.0,47368.724503542064
1077,19386,-0.48119476446873755,-0.012705510600072214,0.21421489193817955,0.5,1.0,47420.230335959
1078,19404,-0.4624138836812701,-0.02168725879596324,0.15960934919450123,0.5,1.0,47470.621612166986
1079,19422,-0.21196782575633133,0.05244240286368158,0.2044439941587248,0.5,1.0,47520.780186916934
1080,19440,-1.093808079570259,0.01273649729674093,0.3695835795833777,0.5,1.0,47570.02961941715
1081,19458,-0.16711686157739525,0.03398010037221141,0.09679267210752251,0.5,1.0,47613.6155456251
1082,19476,-0.35383271496162116,0.11213599881419355,0.2691225671383112,0.5,1.0,47656.26977266697
1083,19494,-0.7909582168254143,-0.0179289154959805,0.3236377988900396,0.5,1.0,47698.89244929212
1084,19512,-0.7438469594506341,-0.010066199740438443,0.28287020291202114,0.5,1.0,47742.10737824999
1085,19530,-0.47749817490686297,0.002408815398639932,0.16682692744574198,0.5,1.0,47784.04329654202
1086,19548,-0.6370831027686155,0.5408617102007961,2.3139702286557124,0.5,1.0,47827.94982462516
1087,19566,-0.30081552483607776,0.61334761035372,2.2852581827458747,0.5,1.0,47870.28199275001
1088,19584,-0.25611099250537794,0.08909852153713255,0.2605218898200241,0.5,1.0,47914.11517841695
1089,19602,-0.5143381506880962,0.03873705280440795,0.246419266519064,0.5,1.0,47958.29382866714
1090,19620,-0.3130444713635958,-0.06485321565513669,0.13711171835669242,0.5,1.0,47999.91362712509
1091,19638,-0.19835677869181456,0.08480989652947955,0.15708551264456172,0.5,1.0,48045.89129179204
1092,19656,-0.420319003436191,0.02562781244922658,0.26096236163585806,0.5,1.0,48089.59538391698
1093,19674,-0.6198908836940156,-0.046225618250412034,0.21410670649384642,0.5,1.0,48132.724697042024
1094,19692,-0.5774413554901869,0.09020354695577781,0.3881180438797038,0.5,1.0,48176.93170595914
1095,19710,-1.5501651024011807,-0.057578558010417585,0.40513466035062834,0.5,1.0,48219.271675125
1096,19728,-0.33500068473737343,0.01261264803256015,0.16339183593579712,0.5,1.0,48263.37422108394
1097,19746,-0.09666224055900052,0.09980492623594645,0.21470097697996313,0.5,1.0,48306.42830487504
1098,19764,-0.23816240797086863,0.5861791836256148,2.2881024350616044,0.5,1.0,48352.468227542005
1099,19782,-0.26563385851595633,0.10353358233638381,0.3443367928704758,0.5,1.0,48401.067139167106
1100,19800,-0.32750091121282665,0.01733139210632241,0.2001849831773282,0.5,1.0,48446.35232566716
1101,19818,-0.6144412677940707,-0.02265450754704284,0.2938849038474903,0.5,1.0,48490.02372045908
1102,19836,-0.2483409866774693,0.00380549477198322,0.14699780698731713,0.5,1.0,48533.213055083994
1103,19854,-0.4489252134750892,-0.0034065459271173104,0.2023222972123015,0.5,1.0,48576.40026704199
1104,19872,-0.5510297254013183,-0.005107102149611088,0.2222847446852003,0.5,1.0,48619.298181167105
1105,19890,-0.40022312337682386,0.5027601456074603,2.3090283987721136,0.5,1.0,48662.104634749936
1106,19908,-0.26711947683036197,0.030950555174757383,0.17795976104852634,0.5,1.0,48705.70568033401
1107,19926,-0.4055070369728382,0.0728925640545036,0.2319923007658404,0.5,1.0,48743.97047891701
1108,19944,-0.27887183097058177,0.02801772243322996,0.18407291916421337,0.5,1.0,48783.31386987516
1109,19962,-0.3693627450919488,0.00893624693137296,0.17662757922188715,0.5,1.0,48822.377209583996
1110,19980,-0.6311134647851473,0.027372224423613645,0.22790560773171617,0.5,1.0,48861.109583459096
1111,19998,-0.5718493401053619,0.07550542765589115,0.19857075249683184,0.5,1.0,48893.74942437513
