generation,evals_used,best_fitness,mean_fitness,std_fitness,sigma,condition_number,wall_time_s,body,algorithm,seed,best_so_far,lambda
1,10,-0.12549441062154543,0.009271054148838864,0.1032132072076724,0.4904472720899887,1.006838786589988,10.311627540999325,turtle,cma_es,0,-0.12549441062154543,10
2,20,-0.14461076397843886,-0.022265999200043574,0.05521186646257203,0.48215108293532827,1.0072314954339676,17.456146765995072,turtle,cma_es,0,-0.14461076397843886,10
3,30,-0.13571463416546248,0.019707432238094392,0.13399714382530178,0.47468741344648946,1.0077448799248985,28.379649940994568,turtle,cma_es,0,-0.14461076397843886,10
4,40,-0.1815947709573873,-0.03953722343733608,0.10125432303295376,0.4680389407320777,1.008631336844658,41.422860325998045,turtle,cma_es,0,-0.1815947709573873,10
5,50,-0.12499272420924079,0.006768343127014909,0.0895818786901802,0.4621911808247457,1.010731418286374,54.61983241699636,turtle,cma_es,0,-0.1815947709573873,10
6,60,-0.045117405246440256,0.019515796333033908,0.050261343225356615,0.45685179559060735,1.0126708518551744,65.24071711899887,turtle,cma_es,0,-0.1815947709573873,10
7,70,-0.1569473209145098,-0.028091095395204758,0.08092725979820486,0.45197917513930613,1.0149086549873256,78.56458230200224,turtle,cma_es,0,-0.1815947709573873,10
8,80,-0.08441069615940133,-0.010433304294959988,0.050896619478279864,0.44764327914309954,1.017567010831651,92.74134186499577,turtle,cma_es,0,-0.1815947709573873,10
9,90,-0.22143094198345192,0.9670176610736542,3.012868287093447,0.44350878654991366,1.0201364264402277,109.45133302299655,turtle,cma_es,0,-0.22143094198345192,10
10,100,-0.1718607338942313,-0.0091899466436824,0.1423643352800091,0.4397194856003629,1.0228757073111858,123.88072104999446,turtle,cma_es,0,-0.22143094198345192,10
11,110,-0.16272867684418113,-0.028938993209205767,0.06035215045167571,0.4358843802451171,1.0256707117388741,140.00132476699946,turtle,cma_es,0,-0.22143094198345192,10
12,120,-0.22805088049866828,-0.055233457915105255,0.06968907220954546,0.43228785021032845,1.0284745058251197,156.12955639799475,turtle,cma_es,0,-0.22805088049866828,10
13,130,-0.3117198412606541,-0.06903998521474852,0.08632128977851738,0.4287351246474749,1.0313238392555983,174.63885054399725,turtle,cma_es,0,-0.3117198412606541,10
14,140,-0.34556875448238333,-0.08025748281059197,0.10985610868046072,0.42517591339270316,1.034013301296299,192.55238508500042,turtle,cma_es,0,-0.34556875448238333,10
15,150,-0.05958277615422514,-0.013730199471700111,0.037427941134392996,0.4217838566069011,1.0367179408204716,212.1050470850023,turtle,cma_es,0,-0.34556875448238333,10
16,160,-0.07472253381573601,-0.0036328977829669816,0.053239141563626975,0.418385827981191,1.0394035024385004,229.05376538299606,turtle,cma_es,0,-0.34556875448238333,10
17,170,-0.12080790170388234,-0.03863470737959487,0.056919804579469165,0.41520076388711397,1.042314563405868,246.85101319999376,turtle,cma_es,0,-0.34556875448238333,10
18,180,-0.05934252481681224,-0.0047206011495417146,0.032377125301037264,0.41215289562583146,1.045213710514831,263.5388720070041,turtle,cma_es,0,-0.34556875448238333,10
19,190,-0.08489797318861125,-0.0013625309086343408,0.04593011645498003,0.4091895528417957,1.048053712492533,280.51793583200197,turtle,cma_es,0,-0.34556875448238333,10
20,200,-0.08762632752075561,-0.032352669324661854,0.03439206462900241,0.40654316575675553,1.0513418489515676,298.2397201979911,turtle,cma_es,0,-0.34556875448238333,10
21,210,-0.434358665525882,-0.043226610376088104,0.15564033831734955,0.4039229275781624,1.0544519973101214,311.42169421700237,turtle,cma_es,0,-0.434358665525882,10
22,220,-0.3031207785963046,-0.08246954497941142,0.131597082260045,0.4015303072632388,1.0576095795138698,327.5717936729925,turtle,cma_es,0,-0.434358665525882,10
23,230,-0.21745401403823372,-0.061125557482123935,0.07516439474825971,0.3991447790660373,1.060766333892956,339.2149867249973,turtle,cma_es,0,-0.434358665525882,10
24,240,-0.06272206116620183,0.02856578626876134,0.07894436584159335,0.39700703285168154,1.0643386843575826,355.16804910000064,turtle,cma_es,0,-0.434358665525882,10
25,250,-0.2277827764349638,-0.06033175946613918,0.09822013082661955,0.395078587888761,1.0681331711247521,367.7228331689985,turtle,cma_es,0,-0.434358665525882,10
26,260,-0.05779053627504904,-0.0025447840250621746,0.05878880721321957,0.39331137040329656,1.0718741480764065,381.2954950610001,turtle,cma_es,0,-0.434358665525882,10
27,270,-0.24414394680599472,0.012611304665925794,0.11691732247165781,0.3918007103155935,1.0759170370304507,398.9569042029907,turtle,cma_es,0,-0.434358665525882,10
28,280,-0.11355444935193848,-0.02447071060520418,0.055548290187893826,0.3907645958747647,1.0810373922710284,414.89621577099024,turtle,cma_es,0,-0.434358665525882,10
29,290,-0.17887470793302196,-0.042095080244489755,0.07152113046860775,0.38957410514238044,1.085914636999611,429.05948887699924,turtle,cma_es,0,-0.434358665525882,10
30,300,-0.1406692454919325,-0.04973801625172651,0.051029968279236976,0.3884336084316801,1.090995366417476,445.14165721800236,turtle,cma_es,0,-0.434358665525882,10
31,310,-0.11544739472617582,-0.009217522942065237,0.07736622364862865,0.3875082525157835,1.0962841525201341,458.72531979599444,turtle,cma_es,0,-0.434358665525882,10
32,320,-0.321628890111719,-0.08674644505454046,0.10331087620352236,0.38671179658528726,1.1020501096611308,472.4365845930006,turtle,cma_es,0,-0.434358665525882,10
33,330,-0.10303837686890738,0.009210116896602649,0.06832540927626293,0.3858863053633596,1.1074759472022406,485.76573995899525,turtle,cma_es,0,-0.434358665525882,10
34,340,-0.12776842535479993,-0.008663028057763889,0.06318101788890006,0.38495862233034833,1.1127487574315484,502.9396963850013,turtle,cma_es,0,-0.434358665525882,10
35,350,-0.2675623474792861,-0.07991390213572096,0.09837983513508874,0.3839088048580167,1.1180340733609917,515.7138469719939,turtle,cma_es,0,-0.434358665525882,10
36,360,-0.5049902954254808,-0.06833458803022827,0.16328780561827708,0.38278474870747103,1.123076243342139,528.5291188370029,turtle,cma_es,0,-0.5049902954254808,10
37,370,-0.24463017948506316,-0.09447386158465498,0.08825146884794971,0.38160780176293274,1.1280076794437472,539.7379346870002,turtle,cma_es,0,-0.5049902954254808,10
38,380,-0.2308275017382888,-0.0949391569333046,0.08241715806317541,0.38043216228033955,1.1330407954623898,552.7918672939995,turtle,cma_es,0,-0.5049902954254808,10
39,390,-0.28289421694848116,-0.04410300282860628,0.12594665918820386,0.37949916756811747,1.1384533528775995,564.8417574350024,turtle,cma_es,0,-0.5049902954254808,10
40,400,-0.13181881368448245,-0.04052850005086652,0.06445699355430036,0.37836995103214327,1.143619109053772,579.2371800499968,turtle,cma_es,0,-0.5049902954254808,10
41,410,-0.21825750980240244,-0.0834013266442292,0.06785873156703234,0.37708661994202997,1.1486869904369785,591.8212751520041,turtle,cma_es,0,-0.5049902954254808,10
42,420,-0.10877544136973238,0.012816742724248886,0.06258622682830123,0.37587190826121186,1.153722382043575,604.1892973649956,turtle,cma_es,0,-0.5049902954254808,10
43,430,-0.41895411211930345,-0.1305135204233756,0.1246952790564907,0.3748806383368525,1.158754301156557,616.8029718149919,turtle,cma_es,0,-0.5049902954254808,10
44,440,-0.3079070327669209,-0.13454394662802685,0.09496890473227274,0.37404873996690136,1.1637300562377069,631.7086149379902,turtle,cma_es,0,-0.5049902954254808,10
45,450,-0.3664175419983371,-0.1358198975852302,0.14671797035186743,0.3734742009565907,1.168854691482283,644.8921121149906,turtle,cma_es,0,-0.5049902954254808,10
46,460,-0.43862959007878644,-0.13332247081441534,0.16795740804487705,0.37296810779624856,1.1742178752878252,659.6340790449904,turtle,cma_es,0,-0.5049902954254808,10
47,470,-0.37489911516042973,-0.18685438847734037,0.13202694825294525,0.3724571343909578,1.1794506570817669,673.3525788879924,turtle,cma_es,0,-0.5049902954254808,10
48,480,-0.4711425840042276,-0.1829887966604809,0.19291737585604912,0.37191282830339717,1.1846625480062865,686.7862950540002,turtle,cma_es,0,-0.5049902954254808,10
49,490,-0.4612281328609962,-0.2939568762629571,0.15172698190576803,0.3713747895404233,1.1900808050461607,701.2034536879946,turtle,cma_es,0,-0.5049902954254808,10
50,500,-0.4008229192388235,-0.1641555129886795,0.14631076402415644,0.371004932705416,1.1955755631907141,714.5479180190014,turtle,cma_es,0,-0.5049902954254808,10
51,510,-0.38695113280138926,-0.17189862885421608,0.14589168366080624,0.3704379117179909,1.2010705893444986,727.0176649139903,turtle,cma_es,0,-0.5049902954254808,10
52,520,-0.5282001249391675,-0.19139340993419118,0.16980049000629024,0.3698963912090733,1.2065147583513756,741.4804223079991,turtle,cma_es,0,-0.5282001249391675,10
53,530,-0.3427637332395719,-0.1291107696248984,0.17653717630416127,0.3693024791330398,1.2115669238180624,756.2153065460006,turtle,cma_es,0,-0.5282001249391675,10
54,540,-0.47278264172311335,-0.11653750632950555,0.14053937160834287,0.36871511710365473,1.2168542026249465,770.6379393719981,turtle,cma_es,0,-0.5282001249391675,10
55,550,-0.47042944816007815,-0.1610659638800171,0.17064912326187412,0.3682539754439496,1.2221535840200062,784.0190437139972,turtle,cma_es,0,-0.5282001249391675,10
56,560,-0.4223895987956947,-0.21615152192794315,0.1747827147593747,0.36787317535088704,1.2278209580473223,797.7230803699931,turtle,cma_es,0,-0.5282001249391675,10
57,570,-0.4112466209257972,-0.16353928701009196,0.15760661509304386,0.3675102443321964,1.2331817416438082,811.323409641991,turtle,cma_es,0,-0.5282001249391675,10
58,580,-0.31544062300290143,-0.1503919579977179,0.12903033566822686,0.36720291718245857,1.2382879534421078,825.0646924989996,turtle,cma_es,0,-0.5282001249391675,10
59,590,-0.4392991773239512,-0.19575034929579846,0.16807513064799723,0.36689495839964703,1.2436429672477827,835.6808577600023,turtle,cma_es,0,-0.5282001249391675,10
60,600,-0.40883747233872203,-0.21603938185318725,0.11280108380828528,0.3666744306473034,1.2490780112073798,848.0330786749983,turtle,cma_es,0,-0.5282001249391675,10
61,610,-0.43855887944530814,-0.1698985883789587,0.15640393654908413,0.36632027552255425,1.2545110842890372,859.6861373379943,turtle,cma_es,0,-0.5282001249391675,10
62,620,-0.3905262144862034,-0.14229523176269562,0.15200308698124754,0.3659486514476792,1.259802458526833,870.9733028030023,turtle,cma_es,0,-0.5282001249391675,10
63,630,-0.5502735176724576,-0.2753664344615574,0.1387687108087109,0.3655519297599247,1.2648258962539267,881.386366961,turtle,cma_es,0,-0.5502735176724576,10
64,640,-0.5386219677570647,-0.2099245351528233,0.18190536334620097,0.36503836979798326,1.2696956460357416,893.4681302209938,turtle,cma_es,0,-0.5502735176724576,10
65,650,-0.28537948809246494,-0.19617001589876432,0.08292288303689717,0.3646000988723348,1.274857061102367,903.6488944809971,turtle,cma_es,0,-0.5502735176724576,10
66,660,-0.4053372956941361,-0.17991307894815423,0.1397034264751731,0.3640645847542405,1.2797311713735522,913.2791170549899,turtle,cma_es,0,-0.5502735176724576,10
67,670,-0.40228114034823204,-0.1732550436603722,0.1290617816044554,0.36358728383290323,1.2843468881206341,924.4878407969954,turtle,cma_es,0,-0.5502735176724576,10
68,680,-0.41341403705690283,-0.2198749788645765,0.14287881473881558,0.3631905795474926,1.289290199663294,937.9321245079918,turtle,cma_es,0,-0.5502735176724576,10
69,690,-0.28168517782880986,-0.14035813115010526,0.08946590499672724,0.36273623671292743,1.294304262258497,949.4862140979967,turtle,cma_es,0,-0.5502735176724576,10
70,700,-0.5501519729131461,-0.2955509123103914,0.1740559224168293,0.36230211273127394,1.299088455980894,962.8603212949965,turtle,cma_es,0,-0.5502735176724576,10
71,710,-0.5740442389939187,-0.3571963559128751,0.17048581332194165,0.36168519020021406,1.3035695002648542,976.1596136790031,turtle,cma_es,0,-0.5740442389939187,10
72,720,-0.5212243297582875,-0.26851017681229783,0.1367850873108763,0.36096359882077805,1.3076853882375132,991.2990510899981,turtle,cma_es,0,-0.5740442389939187,10
73,730,-0.5043926400622185,-0.24192074876599792,0.19016580063471242,0.36030919918869353,1.3117748180110167,1005.5233114220027,turtle,cma_es,0,-0.5740442389939187,10
74,740,-0.4198071484131507,-0.1811856221355006,0.16194990983451923,0.3597788032357829,1.31580861467682,1018.0274166460003,turtle,cma_es,0,-0.5740442389939187,10
75,750,-0.3484495810269532,-0.21953201928939564,0.06731162271356766,0.35924573486801004,1.3201650972337973,1029.0124688569922,turtle,cma_es,0,-0.5740442389939187,10
76,760,-0.46153725268555945,-0.19840604042564447,0.12109938067314426,0.3588889713235751,1.3243988879611823,1041.0644756139955,turtle,cma_es,0,-0.5740442389939187,10
77,770,-0.4396195544392194,-0.2171243309109089,0.13625724249701726,0.35874763253202663,1.3289973983737828,1053.1325780070038,turtle,cma_es,0,-0.5740442389939187,10
78,780,-0.5156129141614709,-0.22351909891593236,0.1496045151079858,0.35853478896324803,1.3334804423837956,1065.5603267480037,turtle,cma_es,0,-0.5740442389939187,10
79,790,-0.455958993330853,-0.35969169269840523,0.10536405381043294,0.35815692600988397,1.3379533738893286,1077.484418742999,turtle,cma_es,0,-0.5740442389939187,10
80,800,-0.601954870604346,-0.28237512513404955,0.1642482830270658,0.35773729153794903,1.3424243990469253,1091.7416468320007,turtle,cma_es,0,-0.601954870604346,10
81,810,-0.5282814842671746,-0.2008681402254667,0.12073263168324327,0.3573877955749932,1.3466366323266747,1102.318605085995,turtle,cma_es,0,-0.601954870604346,10
82,820,-0.8626901045902589,-0.41151636878582715,0.22398201555388653,0.35730867387133347,1.35129591832933,1115.6590703249967,turtle,cma_es,0,-0.8626901045902589,10
83,830,-0.7255842833132968,-0.34569360395100296,0.21348002244412229,0.3570977452793311,1.3559687240590401,1128.0626970739977,turtle,cma_es,0,-0.8626901045902589,10
84,840,-0.939046821599093,-0.4039257833317803,0.22601685251184095,0.3567648205703703,1.3608200852849608,1142.5749034749897,turtle,cma_es,0,-0.939046821599093,10
85,850,-0.8403724229309315,-0.4112019610599025,0.20345927010405848,0.35648311559845736,1.3656531150535975,1154.736031855995,turtle,cma_es,0,-0.939046821599093,10
86,860,-0.7935455628083732,-0.3366060037563531,0.21315090824756652,0.35621255150238995,1.3703999179693505,1165.8778353429952,turtle,cma_es,0,-0.939046821599093,10
87,870,-0.8779637968556147,-0.566984369434534,0.2361064820912836,0.35592361597749184,1.374918090712908,1178.8595904519898,turtle,cma_es,0,-0.939046821599093,10
88,880,-0.714039029759892,-0.288338537361724,0.207866658351842,0.3555254044609454,1.3797718026586399,1189.2587002179935,turtle,cma_es,0,-0.939046821599093,10
89,890,-0.7719535801842401,-0.3799038987854423,0.22391636960002512,0.35490203185488073,1.3842119273528652,1201.1694156529993,turtle,cma_es,0,-0.939046821599093,10
90,900,-0.8189410892842819,-0.34504125982399153,0.2910624247918223,0.35435950974595765,1.3884547562052416,1215.8675915499916,turtle,cma_es,0,-0.939046821599093,10
91,910,-0.7884677596169531,-0.45472182225316626,0.18801804785050283,0.3537773276039925,1.3925138900234655,1230.5919391609932,turtle,cma_es,0,-0.939046821599093,10
92,920,-0.8571261351195014,-0.4257655879397819,0.22955954552461164,0.35336096122870214,1.396668058440616,1244.0002622350003,turtle,cma_es,0,-0.939046821599093,10
93,930,-0.7556711952904545,-0.39751164392105365,0.2159277588690195,0.35282646398633344,1.4004955616125878,1259.2004100199993,turtle,cma_es,0,-0.939046821599093,10
94,940,-0.9865749735893736,-0.489391280261931,0.32892412570136337,0.35236375726524505,1.4043369285621168,1267.56185657499,turtle,cma_es,0,-0.9865749735893736,10
95,950,-0.9324582026333301,-0.6350082240636367,0.15314261918486743,0.3520864634225439,1.4084977890385026,1280.6587655949988,turtle,cma_es,0,-0.9865749735893736,10
96,960,-0.9067624531945553,-0.6461568869292759,0.2351176115049477,0.35174237959182747,1.4123611949234471,1294.186162580998,turtle,cma_es,0,-0.9865749735893736,10
97,970,-0.9729104868757821,-0.6687464468810825,0.31438553162620136,0.3511289604823955,1.4160168852905413,1306.8032510729972,turtle,cma_es,0,-0.9865749735893736,10
98,980,-1.0036121552001553,-0.8293070154251518,0.13860291413557874,0.35061302092296004,1.4199424230447362,1317.4718338529929,turtle,cma_es,0,-1.0036121552001553,10
99,990,-0.9601603105011352,-0.6710534991372137,0.25855326827889263,0.3502471244048146,1.423794503842151,1331.5773239599948,turtle,cma_es,0,-1.0036121552001553,10
100,1000,-0.9801353431766975,-0.707823454524176,0.2205571170716845,0.3496738889451894,1.4274118943023828,1347.0811879379908,turtle,cma_es,0,-1.0036121552001553,10
101,1010,-0.8819299344127529,-0.6063742760580488,0.23258875824513817,0.3490204632624081,1.430912518398956,1359.8185444819974,turtle,cma_es,0,-1.0036121552001553,10
102,1020,-0.8582483747165126,-0.5806008672219922,0.2744366482533616,0.348449670084562,1.4344770752882912,1374.9028562079911,turtle,cma_es,0,-1.0036121552001553,10
103,1030,-0.9036128877838454,-0.7246522999401345,0.19765352901168626,0.3480686688274094,1.438520277800864,1385.7840645319957,turtle,cma_es,0,-1.0036121552001553,10
104,1040,-0.9787429365831981,-0.5956626663299799,0.22448051770491817,0.3476300639807419,1.442483541672716,1396.8001879840012,turtle,cma_es,0,-1.0036121552001553,10
105,1050,-0.8790695641731086,-0.4959349895932941,0.25909425540196107,0.3474166606839056,1.4471501138866005,1409.1589323829976,turtle,cma_es,0,-1.0036121552001553,10
106,1060,-0.9555965422604853,-0.5941716799094235,0.2881483319430235,0.34743959767407995,1.4518497711291998,1420.3932317199942,turtle,cma_es,0,-1.0036121552001553,10
107,1070,-0.9153911412888434,-0.6653672668726941,0.23183863130478377,0.34760690544499007,1.4567403621747812,1432.7492156099906,turtle,cma_es,0,-1.0036121552001553,10
108,1080,-0.9680905435676035,-0.7279508409050262,0.26803272190232846,0.3478014201424456,1.4614542814448288,1445.413524233998,turtle,cma_es,0,-1.0036121552001553,10
109,1090,-0.9350286623545747,-0.6561040616846412,0.27770991578780235,0.3481459884929542,1.4672204689127752,1457.8967285519902,turtle,cma_es,0,-1.0036121552001553,10
110,1100,-0.9296677173166916,-0.6578100427839584,0.3101010651870302,0.34848107641133996,1.4724701368105901,1471.7056583919912,turtle,cma_es,0,-1.0036121552001553,10
111,1110,-0.9267602935067627,-0.6138993775299495,0.2192572224090831,0.34877738091876587,1.4781462946304282,1487.293134861,turtle,cma_es,0,-1.0036121552001553,10
112,1120,-0.9346638746051745,-0.5535575760350668,0.31361788737287805,0.3491331340019183,1.4836738300841643,1501.7700826429937,turtle,cma_es,0,-1.0036121552001553,10
113,1130,-0.9032446732944166,-0.4316620571340716,0.3068297151254621,0.349426614019198,1.489105476695482,1514.8285946449905,turtle,cma_es,0,-1.0036121552001553,10
114,1140,-0.9593550620669813,-0.4188402601701792,0.3053447760730558,0.3498151417876355,1.4945052742544669,1527.142120435994,turtle,cma_es,0,-1.0036121552001553,10
115,1150,-0.891695470400701,-0.44866135535333973,0.32223018803101006,0.3501855023049892,1.4999138897191826,1539.3295379319898,turtle,cma_es,0,-1.0036121552001553,10
116,1160,-0.8145165488341384,-0.5107469990007998,0.18730302705656812,0.3504097149731541,1.5049675244018579,1554.175809925,turtle,cma_es,0,-1.0036121552001553,10
117,1170,-0.9498254811104072,-0.6275257974736127,0.2764507958339141,0.3507078851013026,1.5101677038947916,1565.6875588999974,turtle,cma_es,0,-1.0036121552001553,10
118,1180,-0.938832070357905,-0.40223663006990595,0.3212550835934061,0.3508405994805236,1.5152021433330034,1576.1409778239904,turtle,cma_es,0,-1.0036121552001553,10
119,1190,-0.9183240374732149,-0.6287087962266547,0.23948970386160198,0.351011837242613,1.5202838854641494,1587.9181062059943,turtle,cma_es,0,-1.0036121552001553,10
120,1200,-0.8405512956965051,-0.5365245243591568,0.2591487702054629,0.35122845373337735,1.5257587387693947,1603.2217248819943,turtle,cma_es,0,-1.0036121552001553,10
121,1210,-0.7074337913651911,-0.3380466177597222,0.21619533653166295,0.35165951522754746,1.532382800693381,1615.1432395159936,turtle,cma_es,0,-1.0036121552001553,10
122,1220,-0.9414573816663099,-0.45046343995023186,0.2885889593141929,0.35216608893980306,1.5381066580597018,1626.5444742539985,turtle,cma_es,0,-1.0036121552001553,10
123,1230,-0.9201287434121097,-0.40597563219341676,0.30641548748179165,0.35249252749679144,1.543515358101033,1639.392251147001,turtle,cma_es,0,-1.0036121552001553,10
124,1240,-0.9309615933999833,-0.6400599430916436,0.33744492224009437,0.3527068363740108,1.5489457966790405,1651.9821314889996,turtle,cma_es,0,-1.0036121552001553,10
125,1250,-0.945952142831695,-0.5798265611437458,0.28635418894612064,0.35314308436627473,1.554449587874481,1663.2497198130004,turtle,cma_es,0,-1.0036121552001553,10
126,1260,-0.7783411161629159,-0.33279635719141804,0.2673858396981628,0.3533341013064795,1.5597468166916137,1674.4966109919915,turtle,cma_es,0,-1.0036121552001553,10
127,1270,-0.9566072882741539,-0.7037627173180369,0.22491844779963752,0.3535628008879046,1.5646484139126315,1685.5341907410038,turtle,cma_es,0,-1.0036121552001553,10
128,1280,-1.040072508538378,-0.6726774275560385,0.2691788043792567,0.3537969052404574,1.5697072707077788,1696.8782139699906,turtle,cma_es,0,-1.040072508538378,10
129,1290,-0.9732903609843087,-0.48739216215476,0.291642865431262,0.35407968594322503,1.5746607710693576,1711.8143930270016,turtle,cma_es,0,-1.040072508538378,10
130,1300,-0.9403077045134083,-0.5472224425129293,0.2073707182516313,0.35454703926346737,1.5805627297523397,1723.4629030499927,turtle,cma_es,0,-1.040072508538378,10
131,1310,-0.9947845916881741,-0.7056347891837307,0.3112867652797226,0.3552970451467591,1.5867459913358677,1736.4376931080042,turtle,cma_es,0,-1.040072508538378,10
132,1320,-0.9945911612791862,-0.6865001661528963,0.2896546190195676,0.3558901262873998,1.5927925660707063,1750.4901078010007,turtle,cma_es,0,-1.040072508538378,10
133,1330,-1.049618022249339,-0.6938813899114131,0.251355290642887,0.35642948269274277,1.5991741158106128,1761.1476315039909,turtle,cma_es,0,-1.049618022249339,10
134,1340,-0.9716086068841285,-0.5882116864920057,0.313691565579609,0.35666367206572364,1.6053739658045352,1776.830315993997,turtle,cma_es,0,-1.049618022249339,10
135,1350,-0.9592313709498566,-0.8435466627238902,0.11165278206334678,0.3567115483352004,1.6113735893901084,1789.1730980059947,turtle,cma_es,0,-1.049618022249339,10
136,1360,-0.9839306110015213,-0.7651193433612515,0.2834245100412434,0.3565902681860879,1.6168572909782817,1798.4131740960001,turtle,cma_es,0,-1.049618022249339,10
137,1370,-1.023402454968939,-0.8260418097148117,0.1456955900840998,0.35648961631437737,1.6224938310783357,1814.978134452991,turtle,cma_es,0,-1.049618022249339,10
138,1380,-1.0710721658219962,-0.9317112300531505,0.15656267730081125,0.35649976800773003,1.6281023432984971,1828.7215740480024,turtle,cma_es,0,-1.0710721658219962,10
139,1390,-1.0649366577532247,-0.6931428681020421,0.2848715702003004,0.3566083374867007,1.634149668555778,1841.209066112002,turtle,cma_es,0,-1.0710721658219962,10
140,1400,-1.0263454974903645,-0.8321070203649932,0.18725957241004917,0.3567031415057355,1.6399450310122474,1854.5786241949972,turtle,cma_es,0,-1.0710721658219962,10
141,1410,-1.0064224280373804,-0.8214987348975431,0.15823952082794243,0.3566610058197566,1.6453680890804814,1864.1093091599905,turtle,cma_es,0,-1.0710721658219962,10
142,1420,-1.0484985763910952,-0.7064809628084328,0.2715213845431203,0.3568225223224385,1.6508243287210644,1878.5895639889932,turtle,cma_es,0,-1.0710721658219962,10
143,1430,-1.1676310622559694,-0.6635930222390476,0.3085248284126315,0.3568483695083943,1.6561055186224465,1893.1125891859992,turtle,cma_es,0,-1.1676310622559694,10
144,1440,-1.0572144469166957,-0.7704734619885504,0.3247070255130249,0.3566686724229746,1.6612123615396384,1909.2137726130022,turtle,cma_es,0,-1.1676310622559694,10
145,1450,-1.0240074227027982,-0.6683491674846875,0.2806524411686172,0.35635663135501944,1.666192374177367,1920.6193709869985,turtle,cma_es,0,-1.1676310622559694,10
146,1460,-0.9861392408055849,-0.5563925983513304,0.27759788882456254,0.35624939462232774,1.671709431572956,1931.147659602997,turtle,cma_es,0,-1.1676310622559694,10
147,1470,-1.099837387880589,-0.8256726293903665,0.2518482273556562,0.35608933476785976,1.6772280494589724,1945.4982564590027,turtle,cma_es,0,-1.1676310622559694,10
148,1480,-1.0106798864723805,-0.680974864569047,0.34475422802437583,0.3557903754651174,1.6823156546763371,1954.8294704540021,turtle,cma_es,0,-1.1676310622559694,10
149,1490,-1.053578848028212,-0.7963246510278215,0.27484273975814644,0.3553881598621366,1.687330728072741,1966.503227633002,turtle,cma_es,0,-1.1676310622559694,10
150,1500,-1.1327857916436024,-0.7866812373776801,0.2306626084068292,0.35510164886268086,1.6924183261643684,1978.2944109149976,turtle,cma_es,0,-1.1676310622559694,10
151,1510,-1.0155559903359004,-0.6762263559421129,0.2803787932231078,0.3548243480015766,1.6971156834791254,1989.8100478839915,turtle,cma_es,0,-1.1676310622559694,10
152,1520,-1.0190026277315134,-0.6576139687329787,0.3150945037899977,0.354564347309781,1.7014588525442942,2003.0737683009938,turtle,cma_es,0,-1.1676310622559694,10
153,1530,-1.1151792101108464,-0.8584627167769956,0.2618249777809741,0.35438542629871694,1.7056681322319802,2015.7781510049972,turtle,cma_es,0,-1.1676310622559694,10
154,1540,-1.1212893112537357,-0.9279021875959368,0.20690886861288915,0.3542628927555981,1.7103555666940264,2029.9824757259921,turtle,cma_es,0,-1.1676310622559694,10
155,1550,-1.118347459528601,-0.9259856453592799,0.22656644864487815,0.35406621374546865,1.7148815273144478,2039.3986057059956,turtle,cma_es,0,-1.1676310622559694,10
156,1560,-1.2215809551670276,-0.9153367141421785,0.30078287238389495,0.3537457827569823,1.7197177954139613,2049.7141278319905,turtle,cma_es,0,-1.2215809551670276,10
157,1570,-1.2256042792447408,-0.8089052361867642,0.3203500411885837,0.3535765219254317,1.7249065873931695,2061.9476659929933,turtle,cma_es,0,-1.2256042792447408,10
158,1580,-1.2245425819114795,-0.6240865429016835,0.38712461347536337,0.3535291426773856,1.7298550595675808,2072.3476010820013,turtle,cma_es,0,-1.2256042792447408,10
159,1590,-1.2113240755174868,-0.7701137213471837,0.42768024002404953,0.3530945101643529,1.7343183130009547,2090.167959982995,turtle,cma_es,0,-1.2256042792447408,10
160,1600,-1.208477322771575,-1.0238917976154414,0.20584414841423376,0.35279071497981573,1.7388220107126,2105.5730695319944,turtle,cma_es,0,-1.2256042792447408,10
161,1610,-1.1857081236045417,-0.8650866168973593,0.3332677871322556,0.35254453563333354,1.7435210253131463,2120.6542525319965,turtle,cma_es,0,-1.2256042792447408,10
162,1620,-1.147173787293701,-0.7708999393350664,0.31922817753581195,0.35225856724485566,1.7477071469095582,2133.149233684002,turtle,cma_es,0,-1.2256042792447408,10
163,1630,-1.1656649129931829,-0.8338269568857427,0.34233041129730774,0.351821231766896,1.7519026051778064,2146.7542700350023,turtle,cma_es,0,-1.2256042792447408,10
164,1640,-1.0854576930731943,-0.7697518839102245,0.2275295291014045,0.3512837748171519,1.7565704539227602,2159.2882063900033,turtle,cma_es,0,-1.2256042792447408,10
165,1650,-1.1798730905369395,-0.8588759744499578,0.2785161640190916,0.35073231275811506,1.7608685731160578,2171.9942921030015,turtle,cma_es,0,-1.2256042792447408,10
166,1660,-1.0998218083241893,-0.9132041379862607,0.19230813904355204,0.35019809906307625,1.7650122448471437,2185.296352460995,turtle,cma_es,0,-1.2256042792447408,10
167,1670,-1.078265472025655,-0.8263566468946149,0.2355426530858054,0.3495737407756506,1.768808584357442,2199.201710138994,turtle,cma_es,0,-1.2256042792447408,10
168,1680,-0.9880556329879786,-0.4262251028380832,0.38368932048135906,0.34883187521806125,1.7724189920996292,2210.95795151699,turtle,cma_es,0,-1.2256042792447408,10
169,1690,-1.1081845095301919,-0.6429321318497194,0.38148914965954367,0.3481686069278846,1.7772389909409294,2225.6771851889935,turtle,cma_es,0,-1.2256042792447408,10
170,1700,-1.1776534397429401,-0.8137664681512289,0.3164724019677367,0.34755361378056443,1.781353120556766,2235.990547252004,turtle,cma_es,0,-1.2256042792447408,10
171,1710,-1.0502835632971204,-0.7131247510180105,0.2670151685227554,0.3470651139279524,1.7856560086066866,2251.7865809420036,turtle,cma_es,0,-1.2256042792447408,10
172,1720,-1.074936501713796,-0.8293409900501038,0.235359315390955,0.34643440318604446,1.7897101753355757,2265.919522611992,turtle,cma_es,0,-1.2256042792447408,10
173,1730,-1.0947147477447476,-0.7222816969371565,0.3246827310226948,0.34596054863722026,1.794634970059923,2277.5887696099962,turtle,cma_es,0,-1.2256042792447408,10
174,1740,-1.0932687903169231,-0.8729271723344108,0.18785665272655158,0.34518729361629097,1.798844092486346,2287.849668062001,turtle,cma_es,0,-1.2256042792447408,10
175,1750,-1.1592185835002375,-0.8601135039252323,0.20027859669329415,0.34488930998169953,1.8033460429719477,2302.0741005409946,turtle,cma_es,0,-1.2256042792447408,10
176,1760,-1.1059427028852769,-0.8517765228255577,0.2693618979270467,0.3447142765031356,1.8076237240877566,2319.7909639599966,turtle,cma_es,0,-1.2256042792447408,10
177,1770,-1.0609039032295406,-0.9112430104354079,0.09521192879316752,0.34461234603885293,1.8119341200391628,2334.869368753003,turtle,cma_es,0,-1.2256042792447408,10
178,1780,-1.152543562701907,-0.9312060689241157,0.13986778153923005,0.34445289588457584,1.8161687235269102,2350.5330347499985,turtle,cma_es,0,-1.2256042792447408,10
179,1790,-1.2115522472458098,-0.9083482112875008,0.16607900956258717,0.34427549850009304,1.820426815371539,2365.077808244998,turtle,cma_es,0,-1.2256042792447408,10
180,1800,-1.1769143273716107,-0.8017170702623322,0.27302865930629155,0.3440822808443055,1.8245055467320197,2380.322827875003,turtle,cma_es,0,-1.2256042792447408,10
181,1810,-1.1430667226041553,-0.8211696113535105,0.30807200501621235,0.3439288296023399,1.8286505189856228,2396.3773470489978,turtle,cma_es,0,-1.2256042792447408,10
182,1820,-1.1018112597296401,-0.7167020192870663,0.3921306038875447,0.34369328743137145,1.8327233228229987,2411.3050858450006,turtle,cma_es,0,-1.2256042792447408,10
183,1830,-1.0422463793326777,-0.770652216752556,0.26862228103173824,0.3436013008802162,1.8367408738201692,2425.915531894003,turtle,cma_es,0,-1.2256042792447408,10
184,1840,-1.0270192241469438,-0.5911141515260724,0.3762300481905895,0.34339095100431005,1.841228332031096,2438.970802390002,turtle,cma_es,0,-1.2256042792447408,10
185,1850,-1.0536507575312024,-0.5800243571311471,0.39914855183198206,0.3430896433788105,1.8451970773205533,2453.0716825690033,turtle,cma_es,0,-1.2256042792447408,10
186,1860,-0.9694997589278822,-0.7928897576726328,0.23709018691637948,0.34270671335693953,1.8491022378610478,2467.0153238810017,turtle,cma_es,0,-1.2256042792447408,10
187,1870,-1.059135651618984,-0.8389337242181772,0.3057400735091639,0.3424386053360495,1.853199596700742,2480.0226060139976,turtle,cma_es,0,-1.2256042792447408,10
188,1880,-1.0465430484996805,-0.6988036867762911,0.39911884294964556,0.34206584421946146,1.8571279746374103,2495.5558201719978,turtle,cma_es,0,-1.2256042792447408,10
189,1890,-1.0680995600621381,-0.731287940354356,0.29992462394958913,0.34160796304602664,1.8605684371452347,2509.212188172998,turtle,cma_es,0,-1.2256042792447408,10
190,1900,-1.1204105148611143,-0.7649824233617999,0.3771923460404864,0.34131479577145346,1.8640803188867274,2521.878500949999,turtle,cma_es,0,-1.2256042792447408,10
191,1910,-0.978835264763954,-0.6956970316640261,0.35432931160232406,0.34099730519455546,1.8675424653577297,2534.6736083319993,turtle,cma_es,0,-1.2256042792447408,10
192,1920,-1.001375856851828,-0.7723271828098259,0.2577612394579977,0.3408224876447757,1.8709755268831656,2548.5004976950004,turtle,cma_es,0,-1.2256042792447408,10
193,1930,-1.0232089569163634,-0.7363503475464734,0.2848282719911524,0.3403723465147037,1.8743410082627863,2564.492311119,turtle,cma_es,0,-1.2256042792447408,10
194,1940,-0.9932186207334928,-0.7890293008367978,0.2950574852606071,0.3401165391691238,1.8777119877142696,2579.030657588999,turtle,cma_es,0,-1.2256042792447408,10
195,1950,-0.9952300531027163,-0.39106326627883503,0.36500346354408936,0.3400851515218807,1.8809753988141962,2590.8319895899913,turtle,cma_es,0,-1.2256042792447408,10
196,1960,-0.9948605225761646,-0.7309799112943932,0.3058926858750292,0.3399751160173686,1.8841640878666208,2601.947912140997,turtle,cma_es,0,-1.2256042792447408,10
197,1970,-1.0452931655046225,-0.7853222487299243,0.3022163913271756,0.3398170863368041,1.887018390172668,2615.4614909230004,turtle,cma_es,0,-1.2256042792447408,10
198,1980,-0.9719594611334248,-0.6496256921237458,0.29889127735313464,0.33956856927993717,1.8896947016294197,2629.763807227995,turtle,cma_es,0,-1.2256042792447408,10
199,1990,-1.082679635437895,-0.7689539932110938,0.22219402142426092,0.33914537355392865,1.8921620726049397,2644.3493183690007,turtle,cma_es,0,-1.2256042792447408,10
200,2000,-1.0373350893689741,-0.7868533308347906,0.28384080393839156,0.338541533674395,1.8948498590215161,2655.907471368002,turtle,cma_es,0,-1.2256042792447408,10
201,2010,-1.0905298553899136,-0.7903173972257123,0.3132570196657737,0.33783932078019935,1.8973089630515918,2669.3727870820003,turtle,cma_es,0,-1.2256042792447408,10
202,2020,-0.99564134931813,-0.7085101935147728,0.3689855263913042,0.3370881740451024,1.899554849995906,2685.6774785989983,turtle,cma_es,0,-1.2256042792447408,10
203,2030,-1.0830229820230066,-0.8393535693393286,0.30832130140823044,0.33627933227665263,1.9018425682934934,2698.3348241810017,turtle,cma_es,0,-1.2256042792447408,10
204,2040,-1.122744875693635,-0.8177495905041331,0.3002330663523498,0.3355109984835531,1.9037846628969866,2710.0693266259914,turtle,cma_es,0,-1.2256042792447408,10
205,2050,-1.066375551496221,-0.6865940403714009,0.3151717806135927,0.3346349255358335,1.905772778831503,2723.0720592080033,turtle,cma_es,0,-1.2256042792447408,10
206,2060,-1.0809660389908,-0.5840745119348034,0.35145443634339235,0.33376699822827055,1.907718729701417,2735.791455108003,turtle,cma_es,0,-1.2256042792447408,10
207,2070,-1.1260710483956924,-0.7499096040148006,0.314084378766958,0.332893572423734,1.9095935691968573,2748.853961699002,turtle,cma_es,0,-1.2256042792447408,10
208,2080,-1.0692793642930551,-0.8280695284119475,0.19885591627465943,0.33188275367431425,1.9113781984346292,2763.519565344992,turtle,cma_es,0,-1.2256042792447408,10
209,2090,-1.2051577326368923,-0.8940838710926243,0.24508601354180598,0.33078966817085315,1.9130303788484722,2776.3166156529915,turtle,cma_es,0,-1.2256042792447408,10
210,2100,-1.1791613296566963,-0.7997481672941265,0.3617921090085908,0.3297988663441994,1.9142884201990262,2789.879688506,turtle,cma_es,0,-1.2256042792447408,10
211,2110,-1.0665617864585748,-0.6787324022406608,0.30083008637350894,0.32886438304952653,1.9158904816340028,2800.640987769002,turtle,cma_es,0,-1.2256042792447408,10
212,2120,-1.085106011299401,-0.709600061015607,0.4072151830416962,0.3280378583470423,1.9173333329684188,2813.0082454639924,turtle,cma_es,0,-1.2256042792447408,10
213,2130,-1.243510840209355,-1.003502641458898,0.1444984596588103,0.32726320789843044,1.9186992979154127,2826.9355230179935,turtle,cma_es,0,-1.243510840209355,10
214,2140,-1.0759385710219673,-0.7480882408017709,0.3267670538721758,0.32634818289145756,1.919708515620984,2836.1134741809947,turtle,cma_es,0,-1.243510840209355,10
215,2150,-1.1832441155665405,-0.8659905923494218,0.30721464063811343,0.3256809647185521,1.920651982886281,2850.373612793992,turtle,cma_es,0,-1.243510840209355,10
216,2160,-1.2367857843846037,-0.6677010196466935,0.44487282192546257,0.3248385550949277,1.9215168229196598,2866.390387539999,turtle,cma_es,0,-1.243510840209355,10
217,2170,-1.269151613758483,-0.931386533732254,0.29660780082301236,0.3240473133235175,1.9224460409375448,2879.1251978200016,turtle,cma_es,0,-1.269151613758483,10
218,2180,-1.306450712534942,-0.9082316334278732,0.3735891379033712,0.32347842466962196,1.9234351819521498,2893.9235455320013,turtle,cma_es,0,-1.306450712534942,10
219,2190,-1.3329114169251266,-0.9925274439641021,0.30280483993463103,0.32288572702139523,1.9245444106644047,2908.4758043549955,turtle,cma_es,0,-1.3329114169251266,10
220,2200,-1.3593315465360734,-0.8320416840430067,0.35519608954868553,0.32224197774021135,1.925362108166244,2920.6740248799906,turtle,cma_es,0,-1.3593315465360734,10
221,2210,-1.2343718960656878,-0.7788692592715089,0.34998682542280835,0.321594774179672,1.9264567182836614,2934.6114540169947,turtle,cma_es,0,-1.3593315465360734,10
222,2220,-1.1170677918966083,-0.8913991309716096,0.25520508101362877,0.3211433060365357,1.9274436559253771,2949.7581785910006,turtle,cma_es,0,-1.3593315465360734,10
223,2230,-1.293463410113862,-0.8832088685199746,0.28375568399647716,0.3207195471325644,1.928599006008023,2964.3760483739898,turtle,cma_es,0,-1.3593315465360734,10
224,2240,-1.0924881128055954,-0.6192355943295061,0.3579425661190836,0.32033061791095085,1.9298163723494721,2978.0904288489983,turtle,cma_es,0,-1.3593315465360734,10
225,2250,-1.2492570989895917,-0.783364373681984,0.26333474943475293,0.31975859294158226,1.9312715054623006,2990.2250342899933,turtle,cma_es,0,-1.3593315465360734,10
226,2260,-1.3937636729453873,-1.0673471136862809,0.2567064607885458,0.3194705204575898,1.933080973689816,3000.6114034700004,turtle,cma_es,0,-1.3937636729453873,10
227,2270,-1.2713619181287354,-0.8626655964876628,0.3431394589063193,0.3191871874529418,1.9345654359426547,3017.014760192993,turtle,cma_es,0,-1.3937636729453873,10
228,2280,-1.4336392580261164,-1.0295248787410283,0.31453539386193735,0.31895627836417545,1.9363706071966191,3030.263354312003,turtle,cma_es,0,-1.4336392580261164,10
229,2290,-1.3496565660666482,-1.0893136175073361,0.18956342485179567,0.3188533081646053,1.9378374574188117,3043.577965603996,turtle,cma_es,0,-1.4336392580261164,10
230,2300,-1.3878965437578241,-1.1357071303473387,0.20416097268518021,0.318848210320659,1.9392390593966804,3053.0380679770024,turtle,cma_es,0,-1.4336392580261164,10
231,2310,-1.4465852951548666,-1.1543263781975033,0.23671392122666443,0.3188498286710734,1.9406928164195445,3067.8808790879993,turtle,cma_es,0,-1.4465852951548666,10
232,2320,-1.4343937176746318,-1.1742398375938965,0.25207519756484953,0.31881953653629447,1.9418885331885194,3079.202209434996,turtle,cma_es,0,-1.4465852951548666,10
233,2330,-1.427229215450132,-1.1044921728787174,0.37614575729863337,0.3188107904542236,1.9429067419064514,3090.0380639009963,turtle,cma_es,0,-1.4465852951548666,10
234,2340,-1.4446701076141295,-1.2023952948173107,0.16134422844724097,0.31888660350637155,1.9442208772609133,3103.8408860079944,turtle,cma_es,0,-1.4465852951548666,10
235,2350,-1.3816498740571337,-1.178178747632571,0.20962625740844343,0.31904328439804885,1.9452905746142797,3113.941856866004,turtle,cma_es,0,-1.4465852951548666,10
236,2360,-1.3436793077881282,-1.1784354255011606,0.11780755293613543,0.3192489142026989,1.9463455272229657,3126.589383454004,turtle,cma_es,0,-1.4465852951548666,10
237,2370,-1.3701221662428509,-0.9529269396868824,0.31749853172011727,0.3194471622773061,1.9476296368857406,3138.896776098991,turtle,cma_es,0,-1.4465852951548666,10
238,2380,-1.3162386838350226,-0.9109617946157652,0.4645639680177905,0.319819816234275,1.9491905480269147,3151.6536328079965,turtle,cma_es,0,-1.4465852951548666,10
239,2390,-1.292969311574871,-0.9808236148908389,0.2311481744626364,0.32019512484578433,1.9504838223017533,3164.813734174997,turtle,cma_es,0,-1.4465852951548666,10
240,2400,-1.357561536756294,-1.0786449287132513,0.28341415386518526,0.3205100989425763,1.9517365234286714,3179.441610558002,turtle,cma_es,0,-1.4465852951548666,10
241,2410,-1.411879933034708,-1.1443574382816013,0.3567835915028745,0.3208227358216442,1.953004636914932,3193.194639747002,turtle,cma_es,0,-1.4465852951548666,10
242,2420,-1.3758708236283033,-0.9852301869589815,0.34550724095391544,0.3209898492274654,1.9544967712415213,3207.83266379399,turtle,cma_es,0,-1.4465852951548666,10
243,2430,-1.373680885297813,-1.11386458416075,0.16779687705495064,0.3209986535009731,1.955983930012798,3221.832704868997,turtle,cma_es,0,-1.4465852951548666,10
244,2440,-1.3847380426620797,-0.9616812827815334,0.3353038168982698,0.32094738702252407,1.958322457648716,3232.8165304119902,turtle,cma_es,0,-1.4465852951548666,10
245,2450,-1.3758747751659044,-0.9394338269098075,0.4092675581682358,0.3207410087184038,1.9601389949079617,3247.533048611993,turtle,cma_es,0,-1.4465852951548666,10
246,2460,-1.376410741816657,-1.2520526266806074,0.13306472379090303,0.32071829050324485,1.9617493922868217,3260.139854313995,turtle,cma_es,0,-1.4465852951548666,10
247,2470,-1.4203895679003873,-0.8286751308143089,0.3544353426976477,0.3207558923465033,1.9632925610544782,3274.4502296930004,turtle,cma_es,0,-1.4465852951548666,10
248,2480,-1.3449889251617257,-1.0083644958610685,0.38359147482572836,0.3206870437246918,1.9647665745684646,3287.6554330999934,turtle,cma_es,0,-1.4465852951548666,10
249,2490,-1.4219072263251666,-0.7674450278411322,0.5610211796767718,0.320710280667413,1.9666139520206998,3298.1569746930036,turtle,cma_es,0,-1.4465852951548666,10
250,2500,-1.4227430785861852,-1.1238140573551394,0.38377310567565975,0.32088597650244555,1.9683006020562894,3306.9936106910027,turtle,cma_es,0,-1.4465852951548666,10
251,2510,-1.449029709904175,-0.8752145816413929,0.5463150069035425,0.3209493346707668,1.9698572139646036,3319.410846106999,turtle,cma_es,0,-1.449029709904175,10
252,2520,-1.4231004220319603,-0.8805775074395525,0.523468924465869,0.32101587216948124,1.9716945111353767,3336.4662025900034,turtle,cma_es,0,-1.449029709904175,10
253,2530,-1.391667126397505,-0.7264325540413407,0.44368692324080017,0.3210954397320481,1.9734141520386206,3351.127549561992,turtle,cma_es,0,-1.449029709904175,10
254,2540,-1.459673988352228,-1.1102322214487712,0.35623787862375045,0.3209539222923328,1.9751702410779048,3362.697771702995,turtle,cma_es,0,-1.459673988352228,10
255,2550,-1.4142475927799802,-1.1169214810082255,0.4361360900601433,0.32061334432051974,1.9767561835748602,3376.3134088679944,turtle,cma_es,0,-1.459673988352228,10
256,2560,-1.467679097868233,-1.2635778996503002,0.20038967582234415,0.3202859773246611,1.9781928541862344,3390.3574809339916,turtle,cma_es,0,-1.467679097868233,10
257,2570,-1.4393250952724985,-1.1206096752808938,0.44751817808810085,0.3200916517182019,1.979278625035495,3400.4746179529902,turtle,cma_es,0,-1.467679097868233,10
258,2580,-1.4045547734953177,-1.2886036163380843,0.08395454957279166,0.32015234125301234,1.9803973150067677,3413.6303860759945,turtle,cma_es,0,-1.467679097868233,10
259,2590,-1.4427870391483149,-0.8829080056002738,0.5025900198151481,0.3202080505044262,1.9817547712289625,3428.788470781001,turtle,cma_es,0,-1.467679097868233,10
260,2600,-1.4508206426739267,-0.9103701711783779,0.5003075317793059,0.3201178720195882,1.9828593050684586,3442.782383807993,turtle,cma_es,0,-1.467679097868233,10
261,2610,-1.437350605179751,-0.8177275575171759,0.47932520333419526,0.31989856816016043,1.9843182464861973,3455.066727169993,turtle,cma_es,0,-1.467679097868233,10
262,2620,-1.399150462209641,-0.9350803020900169,0.49540848296689793,0.3196643847999424,1.9855788504330827,3472.435431823993,turtle,cma_es,0,-1.467679097868233,10
263,2630,-1.4870784974271567,-1.0263380731566305,0.4239757397311269,0.319410064100133,1.9866865255386321,3483.8481971159927,turtle,cma_es,0,-1.4870784974271567,10
264,2640,-1.4119731583618904,-1.0510971723081082,0.36403244745962354,0.3189802280856551,1.9874742691070364,3497.297503515001,turtle,cma_es,0,-1.4870784974271567,10
265,2650,-1.3827269269887168,-1.1094047335394386,0.31415073356911655,0.31855100622026233,1.9881484449443012,3511.63070894299,turtle,cma_es,0,-1.4870784974271567,10
266,2660,-1.4193332013974471,-1.0972549736864767,0.20987066346105337,0.31820689198150476,1.9886317573930268,3525.232610990992,turtle,cma_es,0,-1.4870784974271567,10
267,2670,-1.3831340818060944,-1.0465109833032717,0.36058899424836066,0.3177045029351158,1.9891977942292745,3539.2242432839994,turtle,cma_es,0,-1.4870784974271567,10
268,2680,-1.4297759515337667,-0.9362711494489442,0.4638369031114687,0.3172410433140217,1.9898211679122002,3553.060240806997,turtle,cma_es,0,-1.4870784974271567,10
269,2690,-1.428888166623035,-1.049776860349077,0.33827063936548857,0.31704462340503875,1.9905670963513546,3567.2515951090027,turtle,cma_es,0,-1.4870784974271567,10
270,2700,-1.3465697559209442,-1.2119949845700848,0.1830244256800289,0.3168473893465291,1.991574577532911,3580.0626214779913,turtle,cma_es,0,-1.4870784974271567,10
271,2710,-1.3439046375012023,-1.0350988633242817,0.4086297270913429,0.31677416267442354,1.992368594487015,3594.3471259529906,turtle,cma_es,0,-1.4870784974271567,10
272,2720,-1.2988912815467542,-1.0590594113781342,0.24204650788694612,0.31665207689122227,1.9931534425972484,3608.811880827998,turtle,cma_es,0,-1.4870784974271567,10
273,2730,-1.2769179389261014,-1.0369243144398663,0.28141654382234194,0.31667715531013646,1.9939402366240886,3621.7279792469926,turtle,cma_es,0,-1.4870784974271567,10
274,2740,-1.3021848736054489,-0.950505994886562,0.3311480771184346,0.31679442998830226,1.9947813639285257,3632.566415567999,turtle,cma_es,0,-1.4870784974271567,10
275,2750,-1.34130428337728,-0.9677800465937295,0.32467520442902614,0.31698182897905597,1.9956387839197995,3645.77729222599,turtle,cma_es,0,-1.4870784974271567,10
276,2760,-1.2978953851694213,-1.0439198751731982,0.2259143034369614,0.3171587908395353,1.9965348322259093,3658.9496593119984,turtle,cma_es,0,-1.4870784974271567,10
277,2770,-1.373688685814093,-1.0170102564495047,0.3055303695035113,0.3172722338638121,1.9973521488457417,3674.1250781940034,turtle,cma_es,0,-1.4870784974271567,10
278,2780,-1.3780233423462933,-1.0754090180004723,0.29109678468853756,0.31739015285408223,1.9982985472123185,3688.485352331001,turtle,cma_es,0,-1.4870784974271567,10
279,2790,-1.3406942539326323,-1.1405274699122951,0.22346856448319072,0.3173106116236912,1.9990455022607414,3704.4720404639957,turtle,cma_es,0,-1.4870784974271567,10
280,2800,-1.3645228960752025,-1.030968950162445,0.24710123895308123,0.3171355057537252,1.9999155762440493,3717.3137097569997,turtle,cma_es,0,-1.4870784974271567,10
281,2810,-1.3541822566098434,-1.0166185550033635,0.38358947261280646,0.316927176210726,2.0006442417406722,3729.8885815190006,turtle,cma_es,0,-1.4870784974271567,10
282,2820,-1.4014136625751759,-1.1785271026283652,0.19878989984230042,0.3168474535390145,2.001538233691491,3742.640653868002,turtle,cma_es,0,-1.4870784974271567,10
283,2830,-1.4182647880061676,-1.1942553055263863,0.1152988530945273,0.3165186986365514,2.0025126506752544,3752.2107908949984,turtle,cma_es,0,-1.4870784974271567,10
284,2840,-1.3699132911548206,-1.2750863767891738,0.06036357427867132,0.31616804296142625,2.0033328446004393,3762.5252200940013,turtle,cma_es,0,-1.4870784974271567,10
285,2850,-1.4110808217314954,-1.291944059500516,0.1047586872327125,0.31582800730878063,2.004141726878509,3775.038142575999,turtle,cma_es,0,-1.4870784974271567,10
286,2860,-1.4535101059975535,-1.098382643439847,0.3058385060995976,0.31551686465428264,2.0049920721428816,3789.8072930569906,turtle,cma_es,0,-1.4870784974271567,10
287,2870,-1.3680478320058533,-1.1694008048797495,0.25512506676512275,0.3152942200966807,2.005853301237011,3800.6179353999905,turtle,cma_es,0,-1.4870784974271567,10
288,2880,-1.4193510253650308,-1.1098486369857525,0.2875074538819777,0.3152969764533725,2.006676355019776,3810.745008427999,turtle,cma_es,0,-1.4870784974271567,10
289,2890,-1.4392359080904127,-1.2544319690071912,0.2596733113992345,0.3153441688998374,2.007780770218921,3823.463550963992,turtle,cma_es,0,-1.4870784974271567,10
290,2900,-1.4175469841313317,-1.2057133504493325,0.38717264128967144,0.3154577484398447,2.0086304459094038,3833.5053609619936,turtle,cma_es,0,-1.4870784974271567,10
291,2910,-1.4737989830850804,-1.2142873189877474,0.21763992900147602,0.3155430208813917,2.0095668206226813,3844.0929440409964,turtle,cma_es,0,-1.4870784974271567,10
292,2920,-1.4532952856057157,-1.2510280820675381,0.19139788725939336,0.3152903861385919,2.010350577110352,3853.673070179997,turtle,cma_es,0,-1.4870784974271567,10
293,2930,-1.4290665953167867,-1.2094686460501358,0.22414156498453766,0.31491864511164636,2.010980819202075,3865.4308781360014,turtle,cma_es,0,-1.4870784974271567,10
294,2940,-1.4468528429157814,-1.2551246135655996,0.19313632714086082,0.3146451478826596,2.0114375519216146,3878.247885539997,turtle,cma_es,0,-1.4870784974271567,10
295,2950,-1.4298372749131527,-1.1664954626796247,0.2991563312146923,0.314352187026202,2.0119141063527217,3888.6102958929987,turtle,cma_es,0,-1.4870784974271567,10
296,2960,-1.4172586802704368,-1.0187999986484262,0.4585635440483026,0.31414052240127427,2.012295096122461,3899.162433652993,turtle,cma_es,0,-1.4870784974271567,10
297,2970,-1.4505602184575244,-1.2144097084182115,0.31389932625252187,0.31381100888241614,2.0127626715942424,3914.633773387992,turtle,cma_es,0,-1.4870784974271567,10
298,2980,-1.433447382678935,-1.306671102198886,0.13813218429134239,0.3136032469427395,2.0131958991142413,3927.4817337089917,turtle,cma_es,0,-1.4870784974271567,10
299,2990,-1.4589697149500127,-1.3110166337421056,0.1717568605989432,0.31351818695318023,2.013712835704852,3937.14074704799,turtle,cma_es,0,-1.4870784974271567,10
300,3000,-1.4652068209822318,-1.0585880136733823,0.36058000500128917,0.31354901363578175,2.014431906309494,3949.533589853003,turtle,cma_es,0,-1.4870784974271567,10
301,3010,-1.434410636151223,-1.3003941162847563,0.1117665039007939,0.3136979830052894,2.0154132422821753,3962.534213911,turtle,cma_es,0,-1.4870784974271567,10
302,3020,-1.4376213965290487,-1.3518221176100647,0.053956887134768455,0.31392040334967597,2.0164669942335687,3974.052367426004,turtle,cma_es,0,-1.4870784974271567,10
303,3030,-1.4362989739993441,-1.1449137184265445,0.4572829132423648,0.3140541804786327,2.017540070111367,3986.607938632995,turtle,cma_es,0,-1.4870784974271567,10
304,3040,-1.4345918667909583,-1.3126552996498024,0.16015488452515278,0.31415723026869813,2.018688925976988,4002.641058562993,turtle,cma_es,0,-1.4870784974271567,10
305,3050,-1.4802278139187681,-1.2971510906588046,0.2199536816561806,0.3142621266571387,2.0197034826865963,4013.1609728689946,turtle,cma_es,0,-1.4870784974271567,10
306,3060,-1.4215647043233872,-1.3066262762269463,0.11515172332713725,0.31432840813553076,2.0206071336961036,4028.7920172909944,turtle,cma_es,0,-1.4870784974271567,10
307,3070,-1.4379880087747061,-1.2092544613248921,0.27212981635842143,0.31447517025474503,2.021424712922756,4043.6639239310025,turtle,cma_es,0,-1.4870784974271567,10
308,3080,-1.4627016324382502,-1.2999893930940278,0.22097352421853766,0.31468969742711805,2.0221485602436333,4060.0591433049995,turtle,cma_es,0,-1.4870784974271567,10
309,3090,-1.467564721842776,-1.3443951199984994,0.0974697103490398,0.3149139092598267,2.0229927950661235,4074.0341985989944,turtle,cma_es,0,-1.4870784974271567,10
310,3100,-1.475593102331664,-1.31137443182593,0.24524211238671842,0.31491768916635243,2.023674991830598,4085.7290975649958,turtle,cma_es,0,-1.4870784974271567,10
311,3110,-1.4262035350602744,-1.2499413327588134,0.20936741482177826,0.3148576552866396,2.0242148613403574,4101.56658518099,turtle,cma_es,0,-1.4870784974271567,10
312,3120,-1.4697683443767406,-1.2507083164725823,0.24109376835629218,0.314770840035971,2.0248014558679612,4117.687538154001,turtle,cma_es,0,-1.4870784974271567,10
313,3130,-1.4916674241556205,-1.3223407013649786,0.1625041266415803,0.31469494775925927,2.0251523122947983,4132.352606439003,turtle,cma_es,0,-1.4916674241556205,10
314,3140,-1.438014195879382,-1.3161628871368625,0.1967732865509014,0.31450168788549876,2.0256498542983326,4148.553598639992,turtle,cma_es,0,-1.4916674241556205,10
315,3150,-1.43349767559583,-1.2586836323077342,0.19433323102431266,0.314154109888208,2.025873465695436,4163.170735719992,turtle,cma_es,0,-1.4916674241556205,10
316,3160,-1.456293959340372,-1.2324602484795015,0.2284809221439678,0.31376976777636095,2.0264423693453315,4174.918607530999,turtle,cma_es,0,-1.4916674241556205,10
317,3170,-1.4525115801238453,-1.3653725077640648,0.1457965349195384,0.31350482456255335,2.026549927888694,4189.416119554997,turtle,cma_es,0,-1.4916674241556205,10
318,3180,-1.431533770124311,-1.3168097936743284,0.14016564562815922,0.3133751702461465,2.026696542491305,4201.951884997994,turtle,cma_es,0,-1.4916674241556205,10
319,3190,-1.4306451667435622,-1.249148800250293,0.2988315838051077,0.31291490761965374,2.02674580577585,4213.545381071002,turtle,cma_es,0,-1.4916674241556205,10
320,3200,-1.4583763367897502,-1.0964988233104744,0.3672044012739402,0.31261575161071925,2.0269923331012834,4228.550650819991,turtle,cma_es,0,-1.4916674241556205,10
321,3210,-1.4688570937999836,-1.3311342766591179,0.12746757039793716,0.3120770542078032,2.0272200784881105,4244.915790544997,turtle,cma_es,0,-1.4916674241556205,10
322,3220,-1.4545248907028876,-1.302497659493358,0.18185529290852553,0.31159137231956585,2.0275784047231795,4257.559312238998,turtle,cma_es,0,-1.4916674241556205,10
323,3230,-1.3989844737413817,-1.3084833625019037,0.1151971818922708,0.31119091075534483,2.028069012456849,4269.382650265994,turtle,cma_es,0,-1.4916674241556205,10
324,3240,-1.4778230618744281,-1.2176660647323259,0.20498797281140027,0.3105705821490035,2.0282298776388066,4279.741470398003,turtle,cma_es,0,-1.4916674241556205,10
325,3250,-1.4654654502479465,-1.0978237509816875,0.30746956017028926,0.3097418554542041,2.028529292980678,4291.448422337999,turtle,cma_es,0,-1.4916674241556205,10
326,3260,-1.0609035867926568,-0.6453303284024183,0.26791261156237284,0.30888868113493306,2.028986317464253,4303.919578599991,turtle,cma_es,0,-1.4916674241556205,10
327,3270,-1.4045761321645642,-0.8205040871018351,0.44155106567920455,0.3080812812346091,2.029123110458469,4317.965500519,turtle,cma_es,0,-1.4916674241556205,10
328,3280,-1.4541533203740125,-1.061118934431482,0.4399074268245045,0.3074544055595536,2.029223315777514,4331.947248345998,turtle,cma_es,0,-1.4916674241556205,10
329,3290,-1.4252034947405585,-1.1862102242905312,0.3195090083387102,0.3069304629331369,2.029350906818142,4344.192417354992,turtle,cma_es,0,-1.4916674241556205,10
330,3300,-1.3760209022536687,-1.1578235106693984,0.16134065637237732,0.3063813684579885,2.0292599238066886,4355.269735905997,turtle,cma_es,0,-1.4916674241556205,10
331,3310,-1.3235058705157634,-1.0462380421658959,0.30713158935273027,0.3060329407243276,2.029536143867952,4367.859371640996,turtle,cma_es,0,-1.4916674241556205,10
332,3320,-1.46024886040584,-1.1131797267946737,0.3160371682074207,0.30569503001967,2.029593841539318,4380.465724195994,turtle,cma_es,0,-1.4916674241556205,10
333,3330,-1.4113254051153685,-1.074471457296588,0.35711029466823246,0.3054237192035057,2.02986185189147,4391.239854051004,turtle,cma_es,0,-1.4916674241556205,10
334,3340,-1.4026331279980155,-1.095921473670791,0.3028667800851793,0.30500574436849515,2.0303463151734777,4402.848847817004,turtle,cma_es,0,-1.4916674241556205,10
335,3350,-1.4671779497254258,-1.1179296134895482,0.31505943238952866,0.30478382207389243,2.0304860304864962,4414.804513063995,turtle,cma_es,0,-1.4916674241556205,10
336,3360,-1.3884268798801775,-1.0008586093177627,0.4202842131395814,0.30447395912169334,2.030454627435873,4429.6082573640015,turtle,cma_es,0,-1.4916674241556205,10
337,3370,-1.3198475579695037,-0.926711527570423,0.29362944520171197,0.3044091031198946,2.0305076334970504,4443.410839295,turtle,cma_es,0,-1.4916674241556205,10
338,3380,-1.4939176258048361,-1.0530420806428518,0.3608075787339428,0.30443214104878535,2.0306576302888537,4457.632664129997,turtle,cma_es,0,-1.4939176258048361,10
339,3390,-1.3870427675601888,-1.0065860002398095,0.3432736634148063,0.30448902618568435,2.0307573557386207,4471.405330519003,turtle,cma_es,0,-1.4939176258048361,10
340,3400,-1.451773195474063,-1.0278660730726914,0.36735370664957684,0.30449312086848884,2.0310040445558366,4483.431516113997,turtle,cma_es,0,-1.4939176258048361,10
341,3410,-1.4390984425302964,-1.0361140688236279,0.3080237886338995,0.30440708303601494,2.031419402465265,4493.563563311996,turtle,cma_es,0,-1.4939176258048361,10
342,3420,-1.3680394867000238,-1.1121791713851528,0.2274225581073394,0.3042389358100811,2.031693192059127,4510.1517646110005,turtle,cma_es,0,-1.4939176258048361,10
343,3430,-1.3856185079600438,-1.076167550943935,0.2484054451194433,0.3040500136744073,2.031796947757661,4524.108570957003,turtle,cma_es,0,-1.4939176258048361,10
344,3440,-1.0999621632889038,-0.7377724134850241,0.2921978687665653,0.30381055470674523,2.0319455951245424,4536.580587867997,turtle,cma_es,0,-1.4939176258048361,10
345,3450,-1.4073109206476744,-1.0865092069264375,0.24082512888129465,0.30374466393523797,2.0321708414092736,4549.5849689820025,turtle,cma_es,0,-1.4939176258048361,10
346,3460,-1.3987305738051612,-1.1390813683929228,0.21341199851849862,0.30357646951380063,2.0326103076329307,4559.574185981997,turtle,cma_es,0,-1.4939176258048361,10
347,3470,-1.388792595125202,-1.0714380761090763,0.31225615475917373,0.30328827362136773,2.0329069438887317,4572.319800986996,turtle,cma_es,0,-1.4939176258048361,10
348,3480,-1.469888785303766,-1.2008966763892306,0.16783401664687578,0.3030245572925272,2.033194110910394,4582.151578819001,turtle,cma_es,0,-1.4939176258048361,10
349,3490,-1.4513529531249416,-1.1824651897075698,0.21641854740555294,0.3028930504148612,2.03361342621853,4593.869812010002,turtle,cma_es,0,-1.4939176258048361,10
350,3500,-1.476597658267706,-1.1493766082737038,0.2227033343705917,0.30280399660090745,2.033815695021195,4608.042758108,turtle,cma_es,0,-1.4939176258048361,10
351,3510,-1.458180027103925,-1.2849591466083783,0.19031144365544025,0.3027781270583211,2.034250033018692,4623.538013569996,turtle,cma_es,0,-1.4939176258048361,10
352,3520,-1.426601862375822,-0.9950107154018761,0.46514943509618434,0.3026825405323725,2.034536872494412,4634.58728399199,turtle,cma_es,0,-1.4939176258048361,10
353,3530,-1.4768210149095697,-1.2455085294963486,0.2592027871240524,0.3026104490513559,2.034735781186368,4648.00982965999,turtle,cma_es,0,-1.4939176258048361,10
354,3540,-1.423154753659869,-1.1894819549568023,0.2215975630408433,0.3024867656298705,2.0349511295057248,4660.708315408992,turtle,cma_es,0,-1.4939176258048361,10
355,3550,-1.5517595141296354,-1.2294523624285578,0.26804141776737006,0.3023949207290151,2.035200961362046,4671.460886415996,turtle,cma_es,0,-1.5517595141296354,10
356,3560,-1.444817485016535,-1.213803351567217,0.3702252631832125,0.302178260880912,2.035406927859352,4684.774740883993,turtle,cma_es,0,-1.5517595141296354,10
357,3570,-1.3913218166850072,-1.2409046436900755,0.15497944129852498,0.3017838079883,2.0356505275954238,4697.428060706996,turtle,cma_es,0,-1.5517595141296354,10
358,3580,-1.451530843683619,-1.2787752029815114,0.19480113728552192,0.30134594985588603,2.0359370281133025,4708.008663382992,turtle,cma_es,0,-1.5517595141296354,10
359,3590,-1.4372870798903987,-1.23428528346567,0.1864103649999175,0.3009386012821682,2.0361570718842326,4718.943365927,turtle,cma_es,0,-1.5517595141296354,10
360,3600,-1.361461709381575,-1.2052151157204718,0.12619664879507123,0.3003206644330602,2.036304506040225,4735.890520346002,turtle,cma_es,0,-1.5517595141296354,10
361,3610,-1.3995147099955618,-1.096613589972738,0.27967464465859665,0.29985039242640615,2.0363793651256192,4748.733951535003,turtle,cma_es,0,-1.5517595141296354,10
362,3620,-1.385933790276697,-1.0941428439834955,0.29074665571624997,0.29935593479287265,2.0365078685396023,4761.75687633999,turtle,cma_es,0,-1.5517595141296354,10
363,3630,-1.4934710713016885,-1.214777595805429,0.2787989777686575,0.29891170077603213,2.036684682939251,4774.207763226994,turtle,cma_es,0,-1.5517595141296354,10
364,3640,-1.4410169189293427,-1.2579646187812088,0.2703019990134789,0.29832503916058406,2.036740411221553,4789.436018373992,turtle,cma_es,0,-1.5517595141296354,10
365,3650,-1.4536411988100006,-1.178774060633605,0.3710501457277522,0.29776608381942843,2.037001314885261,4800.859312590997,turtle,cma_es,0,-1.5517595141296354,10
366,3660,-1.4062736179206583,-1.091397339348952,0.3570713704058141,0.29719037267757703,2.037058495933724,4811.305756777001,turtle,cma_es,0,-1.5517595141296354,10
367,3670,-1.4270085791493967,-1.1682312042805285,0.2253975623098549,0.2966288945753437,2.0372131373818365,4824.127982299993,turtle,cma_es,0,-1.5517595141296354,10
368,3680,-1.4433470996837068,-1.1443748517297094,0.31486071819634776,0.29620474040817113,2.0372897119047666,4835.168212713994,turtle,cma_es,0,-1.5517595141296354,10
369,3690,-1.4276810144951053,-1.2276636593740409,0.2305800244751512,0.29570490739729316,2.03727718401693,4846.463364295996,turtle,cma_es,0,-1.5517595141296354,10
370,3700,-1.3773907864701158,-1.1261358019421261,0.3256299323039398,0.2952699147968322,2.0372030799966554,4862.221194772996,turtle,cma_es,0,-1.5517595141296354,10
371,3710,-1.4213678145339905,-1.2105033725146577,0.23897376539032247,0.29488254547568993,2.0374476762222895,4872.747405713002,turtle,cma_es,0,-1.5517595141296354,10
372,3720,-1.4589724484782574,-1.2173128971376372,0.3046641425518084,0.2945710249682629,2.0375277133364404,4886.415725441999,turtle,cma_es,0,-1.5517595141296354,10
373,3730,-1.4777310263393453,-1.3521130452152017,0.1281131479997352,0.29439718381141994,2.0376015896455604,4898.943179668,turtle,cma_es,0,-1.5517595141296354,10
374,3740,-1.391643987358659,-1.0449510932270392,0.4198721088180166,0.29409760497617604,2.0375311580661672,4910.300765895998,turtle,cma_es,0,-1.5517595141296354,10
375,3750,-1.3700451604477282,-1.142933656873021,0.25519642363406486,0.2937981928171309,2.037615322672106,4922.358108696004,turtle,cma_es,0,-1.5517595141296354,10
376,3760,-1.4687271200585128,-1.2551919254543242,0.37461047406606546,0.2936986529756421,2.038015013909666,4935.163961233004,turtle,cma_es,0,-1.5517595141296354,10
377,3770,-1.4023672025467224,-0.8812755526180567,0.4945505241672715,0.2934923677733877,2.038064569413812,4947.525432857001,turtle,cma_es,0,-1.5517595141296354,10
378,3780,-1.478700586500147,-1.1045301155307807,0.461309008132556,0.29329588698450293,2.0380017658375,4961.107189586997,turtle,cma_es,0,-1.5517595141296354,10
379,3790,-1.4702184068679847,-0.9901861208648508,0.492703901299892,0.29298332407341204,2.0380439255551916,4971.632524842993,turtle,cma_es,0,-1.5517595141296354,10
380,3800,-1.4406697202484606,-0.906479863627155,0.45181845718891556,0.29273957351212837,2.0379657199623833,4987.356599124003,turtle,cma_es,0,-1.5517595141296354,10
381,3810,-1.480496010882499,-1.186836093500294,0.3429372597530126,0.2922588164717023,2.037975374291988,4999.296677904,turtle,cma_es,0,-1.5517595141296354,10
382,3820,-1.3655835765599464,-1.1453474890702264,0.2961724667950705,0.29175441581477884,2.037994712596466,5010.209160580998,turtle,cma_es,0,-1.5517595141296354,10
383,3830,-1.4384806815357862,-0.947439967910946,0.4367828094921035,0.29130763389651376,2.038025072106935,5023.532816496998,turtle,cma_es,0,-1.5517595141296354,10
384,3840,-1.4694986888927746,-1.1536448186840491,0.34715911336357025,0.29087867072199247,2.038131282832147,5037.108658177996,turtle,cma_es,0,-1.5517595141296354,10
385,3850,-1.4328479545466353,-1.003642827254975,0.33014631202847605,0.2903173237624884,2.0382077614033958,5047.911080677994,turtle,cma_es,0,-1.5517595141296354,10
386,3860,-1.4786402414721982,-1.0336570254841089,0.33880978804807843,0.2897275874792975,2.038354634180699,5063.81651669,turtle,cma_es,0,-1.5517595141296354,10
387,3870,-1.4898032484864787,-1.0889379759254965,0.3860727642529424,0.28925694568979293,2.0384259305367167,5079.736084050994,turtle,cma_es,0,-1.5517595141296354,10
388,3880,-1.3829076263474578,-0.733836097520022,0.36241040829713606,0.2888482402329421,2.0384522840108534,5094.167755392991,turtle,cma_es,0,-1.5517595141296354,10
389,3890,-1.4777159274132146,-1.1009032852716505,0.3529994298663878,0.288616648335588,2.0384825452984243,5106.66611089099,turtle,cma_es,0,-1.5517595141296354,10
390,3900,-1.3833989376553921,-0.8420834049897266,0.4638279597335127,0.28852647286402827,2.0385419128087205,5119.018050379003,turtle,cma_es,0,-1.5517595141296354,10
391,3910,-1.4728404900033913,-1.1036096816082566,0.3547908681583921,0.28847885728912237,2.0386017955228994,5133.582961334003,turtle,cma_es,0,-1.5517595141296354,10
392,3920,-1.3672207014597229,-0.9705368804180651,0.4361575738134428,0.28844696190440666,2.0386080793199417,5148.439296355995,turtle,cma_es,0,-1.5517595141296354,10
393,3930,-1.4512735812304003,-1.0145776291952042,0.3936788416167359,0.2882394633754352,2.0385996417212175,5159.0887608109915,turtle,cma_es,0,-1.5517595141296354,10
394,3940,-1.4195621784998949,-0.8619804553220766,0.4930400189823798,0.28792467264454713,2.0385056851530003,5174.888429251994,turtle,cma_es,0,-1.5517595141296354,10
395,3950,-1.4341274464422753,-0.9723158566516428,0.4165546927927569,0.28756195140945917,2.0386760001301116,5187.905537059996,turtle,cma_es,0,-1.5517595141296354,10
396,3960,-1.423787649021099,-0.9881361427912022,0.3977767167118776,0.2872959071281938,2.038674922225217,5202.4894697059935,turtle,cma_es,0,-1.5517595141296354,10
397,3970,-1.4303969659269251,-1.181915726806046,0.2894316304916382,0.28702469456087354,2.0388927359957014,5215.861861311001,turtle,cma_es,0,-1.5517595141296354,10
398,3980,-1.448802688733462,-1.0495163201190405,0.36884171600413385,0.2868259630365537,2.0388743017173114,5228.408521819001,turtle,cma_es,0,-1.5517595141296354,10
399,3990,-1.1142481951015757,-0.6173217839319338,0.3697664773907109,0.2866802034683308,2.038901563190464,5241.124597813003,turtle,cma_es,0,-1.5517595141296354,10
400,4000,-1.3925037297662612,-1.0171417613579554,0.2822875850002033,0.2864594853627859,2.038916607681418,5257.4927770409995,turtle,cma_es,0,-1.5517595141296354,10
401,4010,-1.3291535232774976,-1.0097232608697748,0.21897266938686732,0.2861406753874951,2.038899576612919,5271.7179928839905,turtle,cma_es,0,-1.5517595141296354,10
402,4020,-1.3800400371701569,-1.1020454443688745,0.15151762632018417,0.2858146407581062,2.0389444201996123,5287.588885691002,turtle,cma_es,0,-1.5517595141296354,10
403,4030,-1.3668183011543107,-0.8333603942644029,0.40741164337708946,0.2855999596217087,2.039161074475004,5300.077145588002,turtle,cma_es,0,-1.5517595141296354,10
404,4040,-1.3955072693942236,-1.0987617479198941,0.22973740425135972,0.28534329632738914,2.039120481911032,5313.087922523991,turtle,cma_es,0,-1.5517595141296354,10
405,4050,-1.393186752226887,-1.0396859559521854,0.31122024003720683,0.2850760443252456,2.039067320092019,5325.786456661997,turtle,cma_es,0,-1.5517595141296354,10
406,4060,-1.4390061854239384,-0.811777552042356,0.4993367165785462,0.2845807681029992,2.03899452249576,5336.365541544001,turtle,cma_es,0,-1.5517595141296354,10
407,4070,-1.3736521338911976,-1.1835039053087928,0.2976435432748712,0.2841166172093715,2.0390366197865406,5350.038016901002,turtle,cma_es,0,-1.5517595141296354,10
408,4080,-1.3680071093363466,-1.273294394070567,0.10141293369173407,0.28380946104103927,2.0391165811768435,5360.701199072995,turtle,cma_es,0,-1.5517595141296354,10
409,4090,-1.3793386598207276,-1.2523668762678815,0.14764132700746896,0.2835455090233927,2.0391021827866034,5373.612924483998,turtle,cma_es,0,-1.5517595141296354,10
410,4100,-1.402242984190102,-1.243618568892596,0.16377395702309566,0.2832642690802235,2.0391582215370034,5385.512006720994,turtle,cma_es,0,-1.5517595141296354,10
411,4110,-1.463087935716457,-1.3464204273153595,0.10467693062891704,0.28311690220070673,2.0392421124879943,5397.393922047995,turtle,cma_es,0,-1.5517595141296354,10
412,4120,-1.4810276573440806,-1.120229417579008,0.4644350312775451,0.28307787393229605,2.0392492463852774,5408.859841102996,turtle,cma_es,0,-1.5517595141296354,10
413,4130,-1.473543241419116,-1.3885440066832788,0.07396861801666073,0.28293710285006285,2.039260773334747,5422.100092840992,turtle,cma_es,0,-1.5517595141296354,10
414,4140,-1.4755344104581756,-1.149636781069189,0.45392812231799906,0.28281310664162684,2.0398796250136977,5433.757363003999,turtle,cma_es,0,-1.5517595141296354,10
415,4150,-1.4871597379577475,-1.369557265859822,0.18761716602232595,0.2827889277935208,2.0401358844811694,5447.348840955994,turtle,cma_es,0,-1.5517595141296354,10
416,4160,-1.5168002879216642,-1.097728592369958,0.3856084589121857,0.28302958243533627,2.0403925072079687,5460.613080836003,turtle,cma_es,0,-1.5517595141296354,10
417,4170,-1.4829327397802174,-1.187410310446547,0.45012870163329693,0.28326795990930637,2.040616206084121,5472.4928330949915,turtle,cma_es,0,-1.5517595141296354,10
418,4180,-1.4526597572626008,-1.0641847155615765,0.37269472899606804,0.2836126587806465,2.040770775105936,5483.777470190995,turtle,cma_es,0,-1.5517595141296354,10
419,4190,-1.4337030996969684,-0.7777612708800854,0.5193095772300904,0.28379047384946665,2.040849391004137,5496.529408574992,turtle,cma_es,0,-1.5517595141296354,10
420,4200,-1.4977278721481646,-1.094751091294503,0.5077272522106708,0.28402834350605344,2.0408757071013373,5509.045742249,turtle,cma_es,0,-1.5517595141296354,10
421,4210,-1.461285476829639,-0.9620127525401617,0.5895902418479129,0.2842905562677279,2.040734292368108,5520.9072236520005,turtle,cma_es,0,-1.5517595141296354,10
422,4220,-1.5035560400110297,-1.1544905930259461,0.49079540118744747,0.2845399339987662,2.0407315022735304,5534.901257905003,turtle,cma_es,0,-1.5517595141296354,10
423,4230,-1.521158372570917,-1.2864371704985444,0.19558866861115304,0.2846409293679184,2.040771962914244,5551.071134268001,turtle,cma_es,0,-1.5517595141296354,10
424,4240,-1.4532076290737068,-1.1566430569891168,0.41789425384431317,0.2847947518222503,2.040863595847566,5566.230061053997,turtle,cma_es,0,-1.5517595141296354,10
425,4250,-1.460024573537484,-1.138788997785777,0.4507870214064206,0.2850505369143481,2.0410722278514593,5580.212040518003,turtle,cma_es,0,-1.5517595141296354,10
426,4260,-1.484876404940091,-1.2096793449023302,0.3178291007757753,0.2852342787274802,2.0410822528255603,5592.615725376003,turtle,cma_es,0,-1.5517595141296354,10
427,4270,-1.5056721671769155,-1.2241633134718302,0.38762390621833204,0.28544819681194394,2.0411340537508367,5606.306643814998,turtle,cma_es,0,-1.5517595141296354,10
428,4280,-1.543769084154592,-1.0949567985967723,0.4638957734431432,0.2855662266377456,2.0411023522549456,5620.554253096998,turtle,cma_es,0,-1.5517595141296354,10
429,4290,-1.4881819631055722,-1.4411930876031658,0.03246960215885908,0.2855650109681895,2.0411789140943957,5632.932749389001,turtle,cma_es,0,-1.5517595141296354,10
430,4300,-1.4987331804044484,-1.1891114600773864,0.30923596417908794,0.2856234857448211,2.041391364347547,5644.39179768,turtle,cma_es,0,-1.5517595141296354,10
431,4310,-1.5029342316050993,-1.3125920821557002,0.2645012382723452,0.28581353750607325,2.041563605893661,5656.207749252004,turtle,cma_es,0,-1.5517595141296354,10
432,4320,-1.4793427521122071,-1.1114658004038627,0.3701406826307916,0.286082539623087,2.0418897613640223,5667.9944659600005,turtle,cma_es,0,-1.5517595141296354,10
433,4330,-1.5069815483831261,-1.0572682295508795,0.4802023110909286,0.28625676537433487,2.0419083011049026,5679.841623489992,turtle,cma_es,0,-1.5517595141296354,10
434,4340,-1.4499966035105745,-0.806452329275514,0.5091970251802025,0.2863614923147784,2.0418007713292448,5697.118969736999,turtle,cma_es,0,-1.5517595141296354,10
435,4350,-1.428485795795929,-0.8473680562397249,0.37421549078779925,0.28653968052494494,2.0416767036643155,5709.574955249991,turtle,cma_es,0,-1.5517595141296354,10
436,4360,-1.4903498276729676,-1.1385244569581712,0.4128783956224623,0.2866827741087902,2.0416893103757943,5722.718489571998,turtle,cma_es,0,-1.5517595141296354,10
437,4370,-1.4909024748473252,-1.3404273904658848,0.15462640637965497,0.2867319787234094,2.041730825350189,5735.161589497991,turtle,cma_es,0,-1.5517595141296354,10
438,4380,-1.5149869580078112,-1.048774117431172,0.38799093343579333,0.2866701692538915,2.0417941121839105,5745.426445644,turtle,cma_es,0,-1.5517595141296354,10
439,4390,-1.431845300726354,-0.9047558130181965,0.3762088638231321,0.28660399482412535,2.0419255303688995,5755.388573233999,turtle,cma_es,0,-1.5517595141296354,10
440,4400,-1.4989000586886876,-1.151434649490122,0.3329224078365211,0.28640973805252384,2.0419049030551206,5767.249173856995,turtle,cma_es,0,-1.5517595141296354,10
441,4410,-1.4449283014842766,-1.0908588717337673,0.3985316961059155,0.2860963853415892,2.042034292023771,5780.041760163993,turtle,cma_es,0,-1.5517595141296354,10
442,4420,-1.4742297347584428,-1.2885460053113023,0.19440388072394948,0.2857227368644938,2.0420034002011453,5792.0587960580015,turtle,cma_es,0,-1.5517595141296354,10
443,4430,-1.4494294784127115,-1.2253379410042944,0.24213246266806396,0.28541988178537503,2.041973870460677,5805.361666358993,turtle,cma_es,0,-1.5517595141296354,10
444,4440,-1.4508978381399844,-1.0726041474031374,0.40429067209833036,0.2852606756241673,2.0420686714342065,5817.453741745994,turtle,cma_es,0,-1.5517595141296354,10
445,4450,-1.4990602573895329,-1.1045920687474573,0.4568133062257468,0.28499564453132453,2.0420947713381747,5830.722458311997,turtle,cma_es,0,-1.5517595141296354,10
446,4460,-1.4873460089501327,-1.3935313859046126,0.06433396383955302,0.28465643264057966,2.0421477127755594,5839.024547515,turtle,cma_es,0,-1.5517595141296354,10
447,4470,-1.4686179104895274,-1.0703707013164505,0.3829097896312699,0.2844005992875019,2.042240727828688,5849.963094117993,turtle,cma_es,0,-1.5517595141296354,10
448,4480,-1.508873502892138,-1.298825286074865,0.2468857725225717,0.28414497475580386,2.042208154718581,5862.898478677002,turtle,cma_es,0,-1.5517595141296354,10
449,4490,-1.46302037550843,-1.0649863890969922,0.4825377335984163,0.28382210710120415,2.0420953394612154,5876.472611436999,turtle,cma_es,0,-1.5517595141296354,10
450,4500,-1.4733258658435284,-1.3746662507358056,0.0707567578431853,0.28342821548113917,2.0421129752009772,5891.4157355869975,turtle,cma_es,0,-1.5517595141296354,10
451,4510,-1.4950488794793095,-1.3092716088933642,0.17392805896106334,0.2830041365091207,2.042116015431138,5904.896613749996,turtle,cma_es,0,-1.5517595141296354,10
452,4520,-1.3839276452911058,-1.0014716596229647,0.38668303474637866,0.2826453614541598,2.0421704522363595,5915.9992446069955,turtle,cma_es,0,-1.5517595141296354,10
453,4530,-1.4150822397838194,-0.9472071651236001,0.39966500426629004,0.282312459566829,2.042218120965353,5929.17384014999,turtle,cma_es,0,-1.5517595141296354,10
454,4540,-1.4149180354075606,-0.9102016858130153,0.42760168337885207,0.281901136629199,2.0422047376244192,5941.2034284669935,turtle,cma_es,0,-1.5517595141296354,10
455,4550,-1.4219144186687096,-1.1003119617477506,0.3134581966923411,0.2816230439382137,2.0421554386170313,5952.214109744993,turtle,cma_es,0,-1.5517595141296354,10
456,4560,-1.4977889580047092,-1.2891502677069535,0.2157836825285837,0.28121555785422764,2.042146829839784,5962.374145758993,turtle,cma_es,0,-1.5517595141296354,10
457,4570,-1.4470063711833667,-1.2312945985733863,0.18835273168445946,0.2809060873610178,2.042323783214422,5974.752577703999,turtle,cma_es,0,-1.5517595141296354,10
458,4580,-1.4678069961235227,-1.2253372673926033,0.17797606424964693,0.2804980157091373,2.042343074906664,5988.480408424992,turtle,cma_es,0,-1.5517595141296354,10
459,4590,-1.407513663840187,-1.2047813233627458,0.2428430767198131,0.2799935420093759,2.0422769740781006,5999.481795942993,turtle,cma_es,0,-1.5517595141296354,10
460,4600,-1.4238497898424445,-1.1570832190151765,0.3596013200541339,0.27954096107442905,2.042370022878094,6013.298035571992,turtle,cma_es,0,-1.5517595141296354,10
461,4610,-1.443367016355693,-1.1054905891910352,0.48461992734589204,0.27905107183021605,2.0424833461651404,6026.982200732004,turtle,cma_es,0,-1.5517595141296354,10
462,4620,-1.468157036939572,-1.127151117847561,0.4285676198484247,0.2787435970454295,2.0425279162745444,6041.622417944003,turtle,cma_es,0,-1.5517595141296354,10
463,4630,-1.3997187890078235,-0.913386014492296,0.40386551781388297,0.2785099405105232,2.042967340478394,6057.6260139700025,turtle,cma_es,0,-1.5517595141296354,10
464,4640,-1.456046880343182,-1.1320744829646632,0.35036351288976275,0.2782196842433518,2.043079069505526,6070.133852343992,turtle,cma_es,0,-1.5517595141296354,10
465,4650,-1.4716800258456955,-0.9392705559568967,0.5177741728269627,0.2780097845486395,2.043067311462582,6083.746527337993,turtle,cma_es,0,-1.5517595141296354,10
466,4660,-1.4952698174516952,-0.66228421455347,0.5418274002433809,0.2778021973880128,2.043138901890531,6097.387528078994,turtle,cma_es,0,-1.5517595141296354,10
467,4670,-1.4928513699392925,-1.2345556535698328,0.19385072049909108,0.2774861499348773,2.043215636881024,6111.363398596004,turtle,cma_es,0,-1.5517595141296354,10
468,4680,-1.4488820130057851,-1.1037334222569357,0.3967561247205911,0.2773389227097108,2.0431989680804548,6121.416017826996,turtle,cma_es,0,-1.5517595141296354,10
469,4690,-1.5108078828793632,-1.110320476218823,0.39486185124503453,0.2772089680036545,2.0432010890062395,6132.611666925994,turtle,cma_es,0,-1.5517595141296354,10
470,4700,-1.442268792549167,-1.1370129157435187,0.30335010557457587,0.2771221598231715,2.0432816783211742,6143.673476671,turtle,cma_es,0,-1.5517595141296354,10
471,4710,-1.4698707020088868,-1.1478939483910013,0.3655009893764706,0.27704512172746776,2.043444858258316,6156.977884652995,turtle,cma_es,0,-1.5517595141296354,10
472,4720,-1.4908168652373375,-1.1971043308713623,0.4029376066944262,0.27676920905008173,2.043438565293663,6168.654053254999,turtle,cma_es,0,-1.5517595141296354,10
473,4730,-1.4838389756066208,-1.2231966593304069,0.30954824587011043,0.2765896447981472,2.043574529931756,6178.308616326991,turtle,cma_es,0,-1.5517595141296354,10
474,4740,-1.471417344203089,-1.1232079089441394,0.3452348947667548,0.27649691060395876,2.0436043594030298,6188.095629479998,turtle,cma_es,0,-1.5517595141296354,10
475,4750,-1.4662462419165925,-1.244740408399273,0.31383525437372617,0.2764701615248823,2.0436309116549274,6199.018475962992,turtle,cma_es,0,-1.5517595141296354,10
476,4760,-1.4660839341086982,-1.0775079051291334,0.4272919254224486,0.276193394030044,2.0435830628648213,6213.094005844003,turtle,cma_es,0,-1.5517595141296354,10
477,4770,-1.498604914681886,-1.2016620942786564,0.40464548190407146,0.2757441604678338,2.043732912878948,6228.052632637991,turtle,cma_es,0,-1.5517595141296354,10
478,4780,-1.4840101006697557,-1.2997592783127412,0.24766357098636296,0.2753594628924812,2.0434631994088774,6240.774207433991,turtle,cma_es,0,-1.5517595141296354,10
479,4790,-1.451596723520387,-1.3792346082377995,0.09418775559567878,0.27504242812103147,2.0434679635778887,6255.998955435993,turtle,cma_es,0,-1.5517595141296354,10
480,4800,-1.457810715864654,-1.1430413259053054,0.3759998045458401,0.2748942881948048,2.0436271595225652,6266.930110877991,turtle,cma_es,0,-1.5517595141296354,10
481,4810,-1.4590764048219311,-1.3504907761049045,0.0905341575055291,0.2746122098412035,2.0439156090933586,6276.879526812001,turtle,cma_es,0,-1.5517595141296354,10
482,4820,-1.4804138533065112,-1.316300596311864,0.14314624425559433,0.2744359632526949,2.0438140692677997,6287.2649924180005,turtle,cma_es,0,-1.5517595141296354,10
483,4830,-1.451283266943853,-1.2786580464177466,0.21125123592912487,0.2741215077910222,2.0437278425372347,6298.4380550009955,turtle,cma_es,0,-1.5517595141296354,10
484,4840,-1.4383868226511227,-1.30442928980869,0.1402655056756914,0.2740282001438811,2.04383278923557,6312.898653896002,turtle,cma_es,0,-1.5517595141296354,10
485,4850,-1.4308329312609542,-1.2618223062614855,0.1190642401114743,0.2740209990894371,2.0439243706742847,6325.870111657001,turtle,cma_es,0,-1.5517595141296354,10
486,4860,-1.440290664444591,-1.2587300165717243,0.2319432219773588,0.2741286381928962,2.043874691452142,6339.096441218993,turtle,cma_es,0,-1.5517595141296354,10
487,4870,-1.4191821722498448,-1.10749557035425,0.3483757794151006,0.2744844280339799,2.0440915570750247,6350.805105482999,turtle,cma_es,0,-1.5517595141296354,10
488,4880,-1.4393378951285563,-1.2002760516755113,0.30082544816442863,0.27473828501101144,2.044102067363347,6365.710184128999,turtle,cma_es,0,-1.5517595141296354,10
489,4890,-1.4186743668400679,-1.058048740132924,0.4479050669384375,0.27503732849595236,2.0440430122063096,6380.616674560995,turtle,cma_es,0,-1.5517595141296354,10
490,4900,-1.437251281579008,-1.3419062914334565,0.08093941565102913,0.27533142345384937,2.044316793420418,6395.5972872529965,turtle,cma_es,0,-1.5517595141296354,10
491,4910,-1.4230519647550892,-0.9204553027807003,0.47682032635454624,0.2755512937122214,2.044405049149168,6406.758133783995,turtle,cma_es,0,-1.5517595141296354,10
492,4920,-1.3966872662330276,-1.2363175770803703,0.25844034901234675,0.27581386399454716,2.044619725481392,6418.276582794992,turtle,cma_es,0,-1.5517595141296354,10
493,4930,-1.433850798412009,-1.305447486823672,0.12157083094634638,0.2761508214178611,2.0446787199692165,6428.43758572299,turtle,cma_es,0,-1.5517595141296354,10
494,4940,-1.4982702485320338,-1.190207786749111,0.2373559698971792,0.27633034019418906,2.0444223209637142,6440.1198268180015,turtle,cma_es,0,-1.5517595141296354,10
495,4950,-1.374603254888143,-1.0032598118427232,0.3514539549592647,0.2764262948050742,2.0449846374399465,6453.383334270999,turtle,cma_es,0,-1.5517595141296354,10
496,4960,-1.3994107142349552,-1.162368220448087,0.1934254203433485,0.27649221463791956,2.045042173310758,6465.269469969993,turtle,cma_es,0,-1.5517595141296354,10
497,4970,-1.391052799777337,-1.2713957375641043,0.0974882242221796,0.27663906930249554,2.0451991628534363,6477.771239537993,turtle,cma_es,0,-1.5517595141296354,10
498,4980,-1.3995071846432081,-1.3389600633683898,0.04140716255800947,0.276747738842805,2.0453146290950883,6491.550019735994,turtle,cma_es,0,-1.5517595141296354,10
499,4990,-1.435046746234793,-1.2177990761983104,0.3987877514873954,0.2767426662831902,2.045432892756269,6505.232332607004,turtle,cma_es,0,-1.5517595141296354,10
500,5000,-1.4951455309540336,-1.2741804293688421,0.26855118418968527,0.276806063153916,2.045410894242849,6517.384186480995,turtle,cma_es,0,-1.5517595141296354,10
501,5010,-1.5469016915035567,-1.2407329653404044,0.27220879736229703,0.276724818193995,2.045530732050277,6530.581860213002,turtle,cma_es,0,-1.5517595141296354,10
502,5020,-1.5167242233070004,-1.1725616320161687,0.4756257854406728,0.2765490092489079,2.045811537313775,6540.741073325,turtle,cma_es,0,-1.5517595141296354,10
503,5030,-1.5101106759870602,-1.2390228420347424,0.36410492983350545,0.2765264073893927,2.04574480215006,6555.136297096004,turtle,cma_es,0,-1.5517595141296354,10
504,5040,-1.5108440622486157,-1.245641924427177,0.40366992554776343,0.2764414461999732,2.045844339971639,6567.42863179899,turtle,cma_es,0,-1.5517595141296354,10
505,5050,-1.5078657682202943,-1.4120091940415485,0.07694881163575501,0.27629671166507114,2.0460504931779417,6578.467569050001,turtle,cma_es,0,-1.5517595141296354,10
506,5060,-1.4941187565917229,-1.3648253051364096,0.17551240848343225,0.27621880068472265,2.046145413068306,6595.154274351997,turtle,cma_es,0,-1.5517595141296354,10
507,5070,-1.5217535485155373,-1.2729274687501226,0.21778240825641745,0.27607423780626184,2.046108697287596,6607.582906390991,turtle,cma_es,0,-1.5517595141296354,10
508,5080,-1.4822101028753938,-0.9291121092032497,0.5536586307868159,0.2757843361747731,2.046053427655106,6619.449925624998,turtle,cma_es,0,-1.5517595141296354,10
509,5090,-1.483481877779993,-0.8799754317523814,0.5632962948453974,0.27547581931190473,2.046010634272921,6633.293088847,turtle,cma_es,0,-1.5517595141296354,10
510,5100,-1.399681677829772,-1.2182150773329656,0.3790135010369522,0.2751762212269205,2.046125054414635,6643.106289671996,turtle,cma_es,0,-1.5517595141296354,10
511,5110,-1.473763861943275,-1.1701748840255433,0.2584517468990979,0.27495776916670156,2.0459924096551614,6654.465996679995,turtle,cma_es,0,-1.5517595141296354,10
512,5120,-1.4611797677663425,-1.197604438852331,0.39593340490301476,0.27483296991493167,2.0459990247581135,6668.665769555999,turtle,cma_es,0,-1.5517595141296354,10
513,5130,-1.4562135366117301,-0.978648409788622,0.516860417689564,0.27474132495071046,2.0464514237042986,6680.273665104003,turtle,cma_es,0,-1.5517595141296354,10
514,5140,-1.465941624299142,-1.0613507460121574,0.3602363789393398,0.2745586001101966,2.046495394574657,6693.958734293003,turtle,cma_es,0,-1.5517595141296354,10
515,5150,-1.4759011794825057,-1.1785132217681518,0.26840258200791295,0.2743701704033132,2.0470167482922426,6708.380721328998,turtle,cma_es,0,-1.5517595141296354,10
516,5160,-1.4835873639211696,-1.0524398047582926,0.4770972632203328,0.27416258827866186,2.0471279591717355,6720.47179357399,turtle,cma_es,0,-1.5517595141296354,10
517,5170,-1.476837211178764,-1.2556612077146496,0.2654724381335345,0.27393807065792763,2.0473266295762818,6730.991222411991,turtle,cma_es,0,-1.5517595141296354,10
518,5180,-1.469484159412656,-1.0638633148050922,0.5216839891641822,0.2738148654944979,2.0477443678431984,6740.615107395002,turtle,cma_es,0,-1.5517595141296354,10
519,5190,-1.5259407779319893,-1.036111084212478,0.5097772243167683,0.27358991003864747,2.0477937969012716,6751.538240681999,turtle,cma_es,0,-1.5517595141296354,10
520,5200,-1.4636321858784767,-1.1553356675069404,0.5349378283303324,0.2734248525941923,2.0478469254660943,6763.8567434419965,turtle,cma_es,0,-1.5517595141296354,10
521,5210,-1.4683989960564743,-1.237952926185511,0.36326840856302284,0.2732925288660269,2.0480114067309616,6778.887682209999,turtle,cma_es,0,-1.5517595141296354,10
522,5220,-1.4656454348350385,-1.2949442715749409,0.19327548364548783,0.2730674523163533,2.048112658406107,6793.288940215993,turtle,cma_es,0,-1.5517595141296354,10
523,5230,-1.4145818693799175,-1.1192861096990518,0.2006030715620036,0.27293634751008783,2.0480970948205006,6807.389902740004,turtle,cma_es,0,-1.5517595141296354,10
524,5240,-1.4349247387360489,-1.3104352436983178,0.12893266754814892,0.2728614010810645,2.048326440698723,6819.490110097991,turtle,cma_es,0,-1.5517595141296354,10
525,5250,-1.459698339121207,-1.0538223329462157,0.4274979551420611,0.2729839783063678,2.048437761620731,6832.683409013,turtle,cma_es,0,-1.5517595141296354,10
526,5260,-1.4700602690902773,-1.3765110384543096,0.09656399144645468,0.27310647186359116,2.0483914490145994,6845.072347102992,turtle,cma_es,0,-1.5517595141296354,10
527,5270,-1.4436074904406668,-1.1542014795072404,0.39082596247053625,0.2733062625325828,2.048401997286411,6854.637593538995,turtle,cma_es,0,-1.5517595141296354,10
528,5280,-1.462023853662176,-1.321439573768167,0.13751072907616987,0.2734964378490389,2.048546156654562,6866.300801022997,turtle,cma_es,0,-1.5517595141296354,10
529,5290,-1.4724807799375323,-1.3806157124317735,0.11160440054115925,0.27367367559052647,2.048595445552769,6877.336779710997,turtle,cma_es,0,-1.5517595141296354,10
530,5300,-1.486675587770363,-1.0604197185188386,0.5145475692329788,0.273822586641554,2.04875449391371,6890.895217172001,turtle,cma_es,0,-1.5517595141296354,10
531,5310,-1.5067547367687393,-0.9553506409210962,0.5428355465384214,0.2739264456850039,2.049079971554019,6903.667642611996,turtle,cma_es,0,-1.5517595141296354,10
532,5320,-1.438487395470938,-1.228573969789072,0.42037074570300786,0.2738899120793881,2.04872140040821,6913.806044855999,turtle,cma_es,0,-1.5517595141296354,10
533,5330,-1.4538243351027695,-1.2861913409271393,0.2474683777816632,0.2735467530618716,2.048771345738604,6926.626165366004,turtle,cma_es,0,-1.5517595141296354,10
534,5340,-1.444693761914606,-1.1837224418415466,0.3606577502903463,0.2733188727336395,2.048866155466244,6941.009122524993,turtle,cma_es,0,-1.5517595141296354,10
535,5350,-1.4565066872505694,-1.292266630133705,0.16430618632564034,0.27324850159922587,2.049136050283128,6951.983714524002,turtle,cma_es,0,-1.5517595141296354,10
536,5360,-1.449341187327354,-1.2203711864192226,0.30250270620866826,0.27327377898176836,2.0489208912472945,6961.746999005991,turtle,cma_es,0,-1.5517595141296354,10
537,5370,-1.4342979706558099,-1.2943288055305717,0.1169062295462356,0.27345749522819557,2.0492036986047597,6975.836567517996,turtle,cma_es,0,-1.5517595141296354,10
538,5380,-1.43636052947571,-1.1385277947569263,0.3750382758120746,0.273653588133284,2.049419712662764,6989.236039819996,turtle,cma_es,0,-1.5517595141296354,10
539,5390,-1.4520881508583035,-1.1552261019313974,0.29470896536039376,0.273759083867385,2.049593219555893,7003.116270222992,turtle,cma_es,0,-1.5517595141296354,10
540,5400,-1.4299075936716399,-1.20777838135688,0.3011650096595934,0.2739250637435281,2.0497773827023726,7016.557847510994,turtle,cma_es,0,-1.5517595141296354,10
541,5410,-1.4516960396178318,-1.1856483395638624,0.37641668633792713,0.27411330170626064,2.049968773641553,7027.70580420499,turtle,cma_es,0,-1.5517595141296354,10
542,5420,-1.4747139312236994,-1.2476264205984893,0.14703540199786885,0.274261442282025,2.0501930567533817,7040.411855005994,turtle,cma_es,0,-1.5517595141296354,10
543,5430,-1.4470287011543155,-1.2750670279343292,0.1572102443785719,0.27420284510080367,2.0504249391200275,7052.940210786997,turtle,cma_es,0,-1.5517595141296354,10
544,5440,-1.4136134953846966,-1.0420242973536737,0.3701586990326935,0.27421909673032335,2.050542488818322,7068.30935178799,turtle,cma_es,0,-1.5517595141296354,10
545,5450,-1.4561414477429713,-1.2357778250766045,0.18088039149435015,0.2741014601540277,2.0508490279244445,7084.391664088995,turtle,cma_es,0,-1.5517595141296354,10
546,5460,-1.4813843218705518,-1.2718116708214315,0.21705641834803469,0.2739092224171118,2.0510054537435285,7098.241308896002,turtle,cma_es,0,-1.5517595141296354,10
547,5470,-1.45648646372255,-1.2616872545755284,0.2945183657067406,0.2736095887460668,2.0513262866429742,7109.765711995991,turtle,cma_es,0,-1.5517595141296354,10
548,5480,-1.4977384863279353,-1.357426823084592,0.16063680047991968,0.2734693813662252,2.0515306391559256,7124.3682256019965,turtle,cma_es,0,-1.5517595141296354,10
549,5490,-1.4531169202385277,-1.3088708254202421,0.09352557357027064,0.2734373698799778,2.0517299793726744,7134.667809377002,turtle,cma_es,0,-1.5517595141296354,10
550,5500,-1.4561889996389903,-1.381234410948748,0.06527410134773558,0.27316626806027805,2.0519137267009757,7147.958478738001,turtle,cma_es,0,-1.5517595141296354,10
551,5510,-1.413692562830989,-1.2396607696679187,0.24335617254769298,0.2728593817298237,2.051942497730271,7162.200704570991,turtle,cma_es,0,-1.5517595141296354,10
552,5520,-1.4607060127233185,-1.1863731936422885,0.336606449431857,0.27259389097310976,2.0522155372786375,7177.098649496998,turtle,cma_es,0,-1.5517595141296354,10
553,5530,-1.468711395015827,-1.3475655166134661,0.10949904705816785,0.2723607814501063,2.0524653636642776,7188.49386409299,turtle,cma_es,0,-1.5517595141296354,10
554,5540,-1.4694629004375352,-0.9979348430074138,0.5038410932151004,0.2721601324188265,2.0527880354107504,7201.421886080992,turtle,cma_es,0,-1.5517595141296354,10
555,5550,-1.4591741292275824,-1.2809203905486188,0.12437845837056646,0.2718826543317882,2.0530381555713224,7213.352530360993,turtle,cma_es,0,-1.5517595141296354,10
556,5560,-1.4383011488755812,-1.2414028697741748,0.2256119042114456,0.2713878740152043,2.0534333424451185,7224.143019944997,turtle,cma_es,0,-1.5517595141296354,10
557,5570,-1.4547499435034386,-1.1981155701859685,0.36797970275591824,0.27076947832468623,2.053855123288919,7237.155187609998,turtle,cma_es,0,-1.5517595141296354,10
558,5580,-1.4580698944775774,-1.142753794051031,0.46089255169474574,0.2701385580424943,2.054270820140245,7252.053408534004,turtle,cma_es,0,-1.5517595141296354,10
559,5590,-1.4766845486695752,-1.3481833307079618,0.18894068462165575,0.2694883358909463,2.054850341774062,7265.199216699999,turtle,cma_es,0,-1.5517595141296354,10
560,5600,-1.4712922163932163,-1.4075709999102013,0.056526105925620164,0.2687422061269847,2.0553229414542487,7274.710298389997,turtle,cma_es,0,-1.5517595141296354,10
561,5610,-1.4618161673779966,-1.3903449284890363,0.0659888927420263,0.26816447426076395,2.055502422321297,7286.539852485992,turtle,cma_es,0,-1.5517595141296354,10
562,5620,-1.4601403386081948,-1.3405871655312454,0.22167387214687917,0.26751064783863093,2.0558618457385225,7300.054892514992,turtle,cma_es,0,-1.5517595141296354,10
563,5630,-1.4681019393160906,-1.4177718508170976,0.04813599952849157,0.2667867435439517,2.056124332156685,7315.62285105999,turtle,cma_es,0,-1.5517595141296354,10
564,5640,-1.4819422393403263,-1.3390278368746857,0.22602923381829934,0.2660965646180414,2.0564051540650437,7329.9448519699945,turtle,cma_es,0,-1.5517595141296354,10
565,5650,-1.4751436100588347,-1.3049020139574907,0.2071299364037204,0.26554648399983083,2.056577638709425,7342.391701036002,turtle,cma_es,0,-1.5517595141296354,10
566,5660,-1.5214349174543331,-1.4145376825433131,0.08208313773319306,0.26515362301296774,2.0571184264554856,7356.445278997999,turtle,cma_es,0,-1.5517595141296354,10
567,5670,-1.4661761019253712,-1.3961978555168497,0.05331250119156578,0.2646078849902638,2.0571943717721126,7368.981532021004,turtle,cma_es,0,-1.5517595141296354,10
568,5680,-1.5020950990939808,-1.4265403247489665,0.03887037201262051,0.2638967592610348,2.05759211902099,7379.034722814991,turtle,cma_es,0,-1.5517595141296354,10
569,5690,-1.4917394558054324,-1.343883224667928,0.14714443600423047,0.2630151276984044,2.057767181945299,7392.395059137998,turtle,cma_es,0,-1.5517595141296354,10
570,5700,-1.4691961322657727,-1.3924116881595068,0.05675529588296152,0.2619882787913637,2.0579694466522205,7408.927605125995,turtle,cma_es,0,-1.5517595141296354,10
571,5710,-1.4746013918471208,-1.3891527260950975,0.058885594380757994,0.26092881122624284,2.0580992558320417,7422.866844937991,turtle,cma_es,0,-1.5517595141296354,10
572,5720,-1.4598208855796022,-1.357494460056784,0.1441139467614238,0.25997959089134864,2.0582549016714276,7437.131838631991,turtle,cma_es,0,-1.5517595141296354,10
573,5730,-1.4684871447018004,-1.370362312654832,0.0678825779246444,0.2592792235960437,2.0584747459500345,7449.478508768996,turtle,cma_es,0,-1.5517595141296354,10
574,5740,-1.4582437527903371,-1.392408370267019,0.04969307050719009,0.2584104916805008,2.058643560926866,7462.103883114993,turtle,cma_es,0,-1.5517595141296354,10
575,5750,-1.511053493896899,-1.4372535276712006,0.034802709349391336,0.25768275679788016,2.0589258090427047,7475.907829720993,turtle,cma_es,0,-1.5517595141296354,10
576,5760,-1.469399427502096,-1.3858975462717278,0.07512609877534723,0.256809756183308,2.0590197161121364,7490.521331559998,turtle,cma_es,0,-1.5517595141296354,10
577,5770,-1.4631331699564454,-1.2648378579051736,0.3068218729060202,0.25598846390338437,2.0595093964245583,7503.646028902003,turtle,cma_es,0,-1.5517595141296354,10
578,5780,-1.4811201050068519,-1.1623904961386504,0.407219691096674,0.2552846480911804,2.0595250218799857,7515.795883982995,turtle,cma_es,0,-1.5517595141296354,10
579,5790,-1.4467051531886668,-1.3803579703023652,0.07314366247777346,0.2545938111010741,2.059750346053129,7526.081551105992,turtle,cma_es,0,-1.5517595141296354,10
580,5800,-1.4725481556829694,-1.2995120511125156,0.2514262920755511,0.25378851052482415,2.059755116149847,7536.608356864002,turtle,cma_es,0,-1.5517595141296354,10
581,5810,-1.4352836019437358,-1.1221784041559097,0.381854647738519,0.2531193042753755,2.059826126270276,7550.436446405991,turtle,cma_es,0,-1.5517595141296354,10
582,5820,-1.4378555523981982,-1.371884641043356,0.06187651572104403,0.2525332566196823,2.0597811400202564,7562.392476095003,turtle,cma_es,0,-1.5517595141296354,10
583,5830,-1.4424066499296693,-1.3763891146436251,0.06802903289814861,0.25207965852052633,2.059825177426078,7573.268843918995,turtle,cma_es,0,-1.5517595141296354,10
584,5840,-1.4903798172984848,-1.37166916943487,0.09522489952037531,0.2518767722798202,2.0599815640916104,7585.195995089001,turtle,cma_es,0,-1.5517595141296354,10
585,5850,-1.429070360867712,-1.3276322137143453,0.18383338393603893,0.2514696177992978,2.060033273066101,7599.126339379,turtle,cma_es,0,-1.5517595141296354,10
586,5860,-1.5078615977429326,-1.2855087777373757,0.2859988087730525,0.2510820273017385,2.0601477412035836,7614.502827075994,turtle,cma_es,0,-1.5517595141296354,10
587,5870,-1.466142606999382,-1.319808712115377,0.20064560510838778,0.2506254585857215,2.06022690147353,7625.408125984992,turtle,cma_es,0,-1.5517595141296354,10
588,5880,-1.4660161735769277,-1.3757965968150243,0.0651731182298744,0.25026483171713926,2.0603039883782657,7639.7185062859935,turtle,cma_es,0,-1.5517595141296354,10
589,5890,-1.5097406814320395,-1.309532126492377,0.334483306607056,0.24987725168467678,2.0602599826561234,7653.392454453991,turtle,cma_es,0,-1.5517595141296354,10
590,5900,-1.4960415256049808,-1.4227111742611982,0.04925282525712868,0.24944427425957996,2.0602758482968193,7667.87648882599,turtle,cma_es,0,-1.5517595141296354,10
591,5910,-1.4880660920868083,-1.2417480010413655,0.32667176777325574,0.24892020654440425,2.0601441601681842,7680.166547097993,turtle,cma_es,0,-1.5517595141296354,10
592,5920,-1.4848731678855485,-1.419792647835631,0.05595294099438656,0.24846596829603534,2.060456244221836,7695.257195551996,turtle,cma_es,0,-1.5517595141296354,10
593,5930,-1.5176705747267958,-1.4100933851398658,0.09215192368888696,0.24811768960938926,2.0605883933585836,7707.6995451129915,turtle,cma_es,0,-1.5517595141296354,10
594,5940,-1.5232793807194032,-1.2125656327343695,0.3153637486040415,0.2478131052796615,2.0606727968059504,7720.895586191997,turtle,cma_es,0,-1.5517595141296354,10
595,5950,-1.5150580479358116,-1.3729060817262038,0.1341094301879279,0.24764585403526454,2.060837482187766,7730.934464428996,turtle,cma_es,0,-1.5517595141296354,10
596,5960,-1.509568988279491,-1.3366935600781436,0.25986755751167895,0.24750995512973326,2.060864181374298,7743.680565256,turtle,cma_es,0,-1.5517595141296354,10
597,5970,-1.482386003983044,-1.4251939084928342,0.03278952809138217,0.247252497151508,2.060889135598705,7756.127042096996,turtle,cma_es,0,-1.5517595141296354,10
598,5980,-1.4761185083574437,-1.4279091983339298,0.02849771949644728,0.2470501427127595,2.0609442037172587,7769.2145048849925,turtle,cma_es,0,-1.5517595141296354,10
599,5990,-1.4952792055526043,-1.3355541327083629,0.29344851991184817,0.24688260948913646,2.0609401070367275,7784.385820120995,turtle,cma_es,0,-1.5517595141296354,10
600,6000,-1.4790960433737022,-1.4227603332045635,0.039165092446162904,0.24670374531581402,2.060919609182884,7797.209654719001,turtle,cma_es,0,-1.5517595141296354,10
601,6010,-1.5085305377259584,-1.4108803139085917,0.07990424120823268,0.2464257742299061,2.0611699023229115,7809.509034392991,turtle,cma_es,0,-1.5517595141296354,10
602,6020,-1.5155659019619439,-1.3183279744950096,0.380104759826903,0.24614045210134977,2.0613383941737995,7825.482030019004,turtle,cma_es,0,-1.5517595141296354,10
603,6030,-1.5662924179427167,-1.3694708558840927,0.1938106224913029,0.24581736508335092,2.0612280935157314,7839.083048105997,turtle,cma_es,0,-1.5662924179427167,10
604,6040,-1.4907700914908384,-1.4539951446119257,0.026667323520798973,0.24559573947084787,2.061315320419225,7851.295667968996,turtle,cma_es,0,-1.5662924179427167,10
605,6050,-1.4962441618696873,-1.0470682572609498,0.4525154032743462,0.24534386635660146,2.061356342605475,7863.256500135001,turtle,cma_es,0,-1.5662924179427167,10
606,6060,-1.488821889789163,-1.4078560898942694,0.08508633942883168,0.2448424289098577,2.0613839692199294,7873.768514012001,turtle,cma_es,0,-1.5662924179427167,10
607,6070,-1.5028928034672635,-1.428365674870602,0.04074685165144011,0.2443737811213535,2.0614608265093564,7889.140319325001,turtle,cma_es,0,-1.5662924179427167,10
608,6080,-1.472859141288044,-1.4376181184067467,0.02939436881850502,0.2437843074273377,2.0615008869486475,7904.900560308,turtle,cma_es,0,-1.5662924179427167,10
609,6090,-1.4707329054560354,-1.4041080441432343,0.04964324622583391,0.24322325324492605,2.0614077455145057,7921.379537232991,turtle,cma_es,0,-1.5662924179427167,10
610,6100,-1.5229131022296674,-1.3240047368919083,0.3320576087282215,0.24264079925217835,2.0615038973700606,7937.654057419,turtle,cma_es,0,-1.5662924179427167,10
611,6110,-1.4758476777727711,-1.4039224841362132,0.06692594146685671,0.24200211455182874,2.0616708071636616,7955.16020742699,turtle,cma_es,0,-1.5662924179427167,10
612,6120,-1.4502921755355844,-1.403235012240303,0.03450790522076695,0.24146559193973913,2.061603242417228,7971.237113522991,turtle,cma_es,0,-1.5662924179427167,10
613,6130,-1.4528746567381088,-1.3894884905393747,0.04709579791566927,0.2408997140993302,2.0614212965838337,7988.227863155,turtle,cma_es,0,-1.5662924179427167,10
614,6140,-1.4642100656138233,-1.4157467853542953,0.047524553308492645,0.24063063547093408,2.0614522759278295,8001.804843669001,turtle,cma_es,0,-1.5662924179427167,10
615,6150,-1.4796866509558289,-1.4079336981221322,0.03524009493097917,0.24036675254847295,2.0614211450774054,8017.627921421998,turtle,cma_es,0,-1.5662924179427167,10
616,6160,-1.489576439244452,-1.3854765127704884,0.11355032416857938,0.24018303505442243,2.0612997956125216,8031.705377079998,turtle,cma_es,0,-1.5662924179427167,10
617,6170,-1.468152143331892,-1.395390890880559,0.056943150243014835,0.2398803964426156,2.0610511659156114,8047.886154534994,turtle,cma_es,0,-1.5662924179427167,10
618,6180,-1.5277439962164312,-1.3446381674085588,0.24786041793441693,0.2398291770530979,2.06104878041796,8061.155167782999,turtle,cma_es,0,-1.5662924179427167,10
619,6190,-1.547296491880691,-1.3199299341855495,0.35124515823715313,0.2397199297154171,2.0609462541555774,8074.6707457199955,turtle,cma_es,0,-1.5662924179427167,10
620,6200,-1.494601599747594,-1.3353279132542646,0.34823837874613683,0.239727404561015,2.0610255244081417,8085.610792409992,turtle,cma_es,0,-1.5662924179427167,10
621,6210,-1.5241044567417052,-1.3546880810897084,0.2869468658977936,0.2397677675625416,2.061032394067873,8098.399807562004,turtle,cma_es,0,-1.5662924179427167,10
622,6220,-1.4981367910688013,-1.3787283772861632,0.1075695341040813,0.23988154097027062,2.0613387805193337,8111.810603866994,turtle,cma_es,0,-1.5662924179427167,10
623,6230,-1.4999296215254283,-1.424262268444386,0.05865048904507649,0.24000185955146372,2.0619730736534323,8126.6111310319975,turtle,cma_es,0,-1.5662924179427167,10
624,6240,-1.6026519855288912,-1.422775561172204,0.10497131036290581,0.24019271700979378,2.0620135092453693,8139.861961524002,turtle,cma_es,0,-1.6026519855288912,10
625,6250,-1.5435480722793882,-1.4380564719985183,0.06457349429301033,0.24041511585939185,2.062182821827464,8154.005634040994,turtle,cma_es,0,-1.6026519855288912,10
626,6260,-1.5748002781929253,-1.4394946618429296,0.0711351848054199,0.24073446619436328,2.062699603850604,8166.047393464993,turtle,cma_es,0,-1.6026519855288912,10
627,6270,-1.540690252271654,-1.382504912752919,0.3000540267448195,0.2408870863593488,2.06292540117856,8179.264551404995,turtle,cma_es,0,-1.6026519855288912,10
628,6280,-1.5378799462223096,-1.456922458794426,0.045306964746671514,0.24103172928537175,2.0630754477362374,8194.298486393993,turtle,cma_es,0,-1.6026519855288912,10
629,6290,-1.5601413800454225,-1.4054401774370973,0.07950482285436815,0.2411462237111553,2.0633153865012663,8206.818853966994,turtle,cma_es,0,-1.6026519855288912,10
630,6300,-1.5143888559532543,-1.422127650886311,0.059199374631778476,0.24127942304523708,2.0634238077787685,8223.002531961,turtle,cma_es,0,-1.6026519855288912,10
631,6310,-1.5626029656483942,-1.4461658779742466,0.10233403242546206,0.24134149791079104,2.0633455732553005,8237.592530872993,turtle,cma_es,0,-1.6026519855288912,10
632,6320,-1.582731262428842,-1.4733178789536414,0.05192127263109419,0.2414159315555484,2.063588898158762,8253.369587380002,turtle,cma_es,0,-1.6026519855288912,10
633,6330,-1.5418438017119076,-1.2787622194765587,0.403049222211826,0.24142330443838933,2.0636418683725863,8264.416914375004,turtle,cma_es,0,-1.6026519855288912,10
634,6340,-1.4824914023539408,-1.4251581325446836,0.04099225779500111,0.24140878618034178,2.0635862716650424,8277.179111288991,turtle,cma_es,0,-1.6026519855288912,10
635,6350,-1.5080609913769072,-1.3505521147913206,0.24162568460289033,0.2412927919011214,2.063717571447041,8288.759051924004,turtle,cma_es,0,-1.6026519855288912,10
636,6360,-1.563102675577671,-1.3461492763024847,0.24187742302605328,0.24111987001861634,2.063660679515021,8304.114039181994,turtle,cma_es,0,-1.6026519855288912,10
637,6370,-1.5346815410825938,-1.4046238461525578,0.1959284083045165,0.24096244665492525,2.0638795069129205,8318.591900721003,turtle,cma_es,0,-1.6026519855288912,10
638,6380,-1.541957242721442,-1.4425026936720684,0.06114009836633892,0.24089070327902884,2.064076132990399,8330.75619837,turtle,cma_es,0,-1.6026519855288912,10
639,6390,-1.4780926463160862,-1.4198423479228113,0.061724273620630855,0.24065618657575055,2.0640487687195477,8341.383141582992,turtle,cma_es,0,-1.6026519855288912,10
640,6400,-1.5569230617554952,-1.4534381446599247,0.05962490058450676,0.24043338875589912,2.0641301641438914,8352.302252606998,turtle,cma_es,0,-1.6026519855288912,10
641,6410,-1.4896362631368323,-1.4327022669298848,0.03858462890052304,0.24033074860151668,2.0641223647792883,8361.400065470996,turtle,cma_es,0,-1.6026519855288912,10
642,6420,-1.523352415453318,-1.4361657248224362,0.07368030974099041,0.24020991598295904,2.0641022733194108,8374.59795446899,turtle,cma_es,0,-1.6026519855288912,10
643,6430,-1.5022951442496373,-1.4147152339494196,0.06800873203247722,0.24002809901446961,2.0641016194578703,8386.437411085004,turtle,cma_es,0,-1.6026519855288912,10
644,6440,-1.4907438376785285,-1.3952034145919594,0.056231525475062126,0.23993208196292953,2.0640044941469284,8400.156932493002,turtle,cma_es,0,-1.6026519855288912,10
645,6450,-1.4511345388473424,-1.2144257677953614,0.3512044496286563,0.2398533805349811,2.0640318443998567,8412.978678097003,turtle,cma_es,0,-1.6026519855288912,10
646,6460,-1.5529287632288735,-1.4419429213613886,0.05063641160123972,0.23983530614048276,2.0639264776550164,8425.668928318002,turtle,cma_es,0,-1.6026519855288912,10
647,6470,-1.4970806863833586,-1.435626514322895,0.04147933516606458,0.23995444047851244,2.0639643478166403,8438.646569852004,turtle,cma_es,0,-1.6026519855288912,10
648,6480,-1.4927850305917403,-1.3580594614575439,0.25118677209462115,0.24006345537989995,2.0638344495402206,8452.050579627,turtle,cma_es,0,-1.6026519855288912,10
649,6490,-1.5066102611905547,-1.4080553578952382,0.14077845696128824,0.2401506331980391,2.0638536809050034,8462.178804451993,turtle,cma_es,0,-1.6026519855288912,10
650,6500,-1.5142990926496402,-1.2340619937313773,0.4017081793361124,0.2400672894756793,2.0638537788253006,8474.996315412995,turtle,cma_es,0,-1.6026519855288912,10
651,6510,-1.4741268640663217,-1.34338125536529,0.18140429556638887,0.24002342382283862,2.0639061326140964,8487.648317070998,turtle,cma_es,0,-1.6026519855288912,10
652,6520,-1.4995439237019665,-1.3173458939498304,0.34387586661372366,0.2400691050675311,2.0640193163599805,8501.770767862996,turtle,cma_es,0,-1.6026519855288912,10
653,6530,-1.5007083703756,-1.2514285253247501,0.3603420763121793,0.2401165134204374,2.0641040442569993,8512.686191125991,turtle,cma_es,0,-1.6026519855288912,10
654,6540,-1.516634885386594,-1.2092524056102856,0.3973993588429021,0.2401536168683081,2.0641481117453218,8527.550998865001,turtle,cma_es,0,-1.6026519855288912,10
655,6550,-1.5065264521032704,-1.2602617583976587,0.33631813005398215,0.24017508981721122,2.0642066319500803,8539.520611849992,turtle,cma_es,0,-1.6026519855288912,10
656,6560,-1.5035377691721958,-1.3026453768424933,0.2845260831819456,0.24031447666271694,2.0642425764625796,8553.68113693899,turtle,cma_es,0,-1.6026519855288912,10
657,6570,-1.5018283794135368,-1.4186521287653904,0.0649378442446691,0.24050634901806467,2.064323192727735,8566.867164501993,turtle,cma_es,0,-1.6026519855288912,10
658,6580,-1.489312470419054,-1.2700202914004763,0.35058992954878987,0.24062239899920748,2.064371355527352,8581.109441174995,turtle,cma_es,0,-1.6026519855288912,10
659,6590,-1.4749494953775182,-1.385002541085975,0.08337281660244449,0.24065998424819365,2.0644638276208127,8593.351964889996,turtle,cma_es,0,-1.6026519855288912,10
660,6600,-1.4591176431636796,-1.0005277877918772,0.4177994830551316,0.24066895907715233,2.064584259000636,8606.24463488099,turtle,cma_es,0,-1.6026519855288912,10
661,6610,-1.4978194971718963,-1.4179701563234606,0.05676601580184906,0.24066249708098988,2.0646666580073605,8618.118369474003,turtle,cma_es,0,-1.6026519855288912,10
662,6620,-1.4862680916835718,-1.4089491696702015,0.05216961523724762,0.2406765988756031,2.0646982661787443,8629.69811664999,turtle,cma_es,0,-1.6026519855288912,10
663,6630,-1.480684472455195,-1.4518497358163067,0.019706066678425997,0.24050006171954083,2.0647337042332645,8640.892156866,turtle,cma_es,0,-1.6026519855288912,10
664,6640,-1.4953377477792005,-1.3849033903516381,0.11442644887760683,0.24055275418203606,2.065048349842031,8653.781877693997,turtle,cma_es,0,-1.6026519855288912,10
665,6650,-1.5136616998128787,-1.3928160760343407,0.1158275787286645,0.24061356692123623,2.0651550200795814,8666.265769678997,turtle,cma_es,0,-1.6026519855288912,10
666,6660,-1.525310742729383,-1.3475890195653009,0.2661506137622684,0.24069779091696422,2.065168859233683,8679.416165068993,turtle,cma_es,0,-1.6026519855288912,10
667,6670,-1.5029859226717281,-1.38329985828015,0.11411576581844646,0.2407265702973477,2.0650948153170656,8693.166934791996,turtle,cma_es,0,-1.6026519855288912,10
668,6680,-1.519678086003256,-1.4134315550208236,0.06757596900571061,0.24074809349083207,2.065443198266157,8706.901626156003,turtle,cma_es,0,-1.6026519855288912,10
669,6690,-1.5299048705994576,-1.4579491325100775,0.05705808210077524,0.24074505739757163,2.0655220180243763,8719.800243539998,turtle,cma_es,0,-1.6026519855288912,10
670,6700,-1.4788825174277207,-1.3622525719875411,0.2054642589743979,0.24074396351307914,2.065643488187943,8734.836798852004,turtle,cma_es,0,-1.6026519855288912,10
671,6710,-1.5687721523524063,-1.394475748305526,0.2293580561236309,0.24074241746198993,2.0656560016052192,8749.112551857994,turtle,cma_es,0,-1.6026519855288912,10
672,6720,-1.4772020394779668,-1.298934924253474,0.28504981796733986,0.24054669153549377,2.0656617640799624,8763.392898883001,turtle,cma_es,0,-1.6026519855288912,10
673,6730,-1.4622319147659573,-1.113733519786353,0.3788120164710398,0.24035485784726715,2.065875831560778,8774.916084440003,turtle,cma_es,0,-1.6026519855288912,10
674,6740,-1.5243801677384408,-1.1688956080304176,0.34348898368142977,0.24006256908755957,2.065991631872239,8788.474889509002,turtle,cma_es,0,-1.6026519855288912,10
675,6750,-1.4925304872428065,-1.3011490955539315,0.2874363661293739,0.23966195960912304,2.0659566388914032,8800.47578849399,turtle,cma_es,0,-1.6026519855288912,10
676,6760,-1.5269752934079683,-1.4542190208939707,0.03130114452378349,0.23924269783323285,2.066000899093186,8811.671720794999,turtle,cma_es,0,-1.6026519855288912,10
677,6770,-1.515508423033591,-1.4535976135355253,0.03424007769741411,0.2388852154927916,2.06615827594087,8826.634910585999,turtle,cma_es,0,-1.6026519855288912,10
678,6780,-1.5215950359137302,-1.3504513932436328,0.31800843586370153,0.2386814162363697,2.0665541613113123,8837.756118466,turtle,cma_es,0,-1.6026519855288912,10
679,6790,-1.5634140894850344,-1.4559145152459063,0.05838644364684119,0.23842210903963615,2.066522140191166,8851.187811060998,turtle,cma_es,0,-1.6026519855288912,10
680,6800,-1.4970498880442147,-1.4276470506311423,0.04978253744662063,0.23820360300749316,2.0668857251699473,8864.061049066004,turtle,cma_es,0,-1.6026519855288912,10
681,6810,-1.4828013105538789,-1.450540453140019,0.030490885613919945,0.23803948371574138,2.0666639312205124,8875.699178205003,turtle,cma_es,0,-1.6026519855288912,10
682,6820,-1.5731674622514547,-1.4313314892005913,0.06627785259144373,0.23790798453412454,2.066511638750395,8891.865433575003,turtle,cma_es,0,-1.6026519855288912,10
683,6830,-1.5143085273292884,-1.4022225361866556,0.0634830639166907,0.2377151865312238,2.0665121536031466,8903.384124067,turtle,cma_es,0,-1.6026519855288912,10
684,6840,-1.5084902499786113,-1.4510713981363663,0.03838191216182626,0.23743351450431588,2.0666692358008434,8913.420412570995,turtle,cma_es,0,-1.6026519855288912,10
685,6850,-1.4735411128161537,-1.4267848119320814,0.04787584823364168,0.2370297899164581,2.066722002104989,8928.683788055001,turtle,cma_es,0,-1.6026519855288912,10
686,6860,-1.553091693480681,-1.4121023198119842,0.08247370414459365,0.2367175933548557,2.0666829618993656,8940.812820938998,turtle,cma_es,0,-1.6026519855288912,10
687,6870,-1.557206037420892,-1.4633818014085787,0.05066941475671308,0.23632115910049428,2.0667380075548376,8952.598483209993,turtle,cma_es,0,-1.6026519855288912,10
688,6880,-1.4996779577410813,-1.3568330075966544,0.19876036265643968,0.23568059859801485,2.066861437977855,8963.146939908998,turtle,cma_es,0,-1.6026519855288912,10
689,6890,-1.4809375060845857,-1.346567453744441,0.2735764539734521,0.2351952698014717,2.066748507480094,8977.159959511991,turtle,cma_es,0,-1.6026519855288912,10
690,6900,-1.5012247552691473,-1.4297769794804274,0.04188424866997944,0.23450489718376052,2.0667175105960776,8992.708076248004,turtle,cma_es,0,-1.6026519855288912,10
691,6910,-1.460241664656949,-1.4326704226151281,0.027168313035675927,0.23391413494101537,2.066684749366016,9006.686423270992,turtle,cma_es,0,-1.6026519855288912,10
692,6920,-1.511651737619406,-1.4178824902050153,0.0998921011463472,0.23330342916509403,2.066654562665469,9021.566187420001,turtle,cma_es,0,-1.6026519855288912,10
693,6930,-1.4914655155646654,-1.4188068521933577,0.06846620089577024,0.23272065572202644,2.0666582276782064,9033.912617105001,turtle,cma_es,0,-1.6026519855288912,10
694,6940,-1.5202509920783358,-1.4413778611029102,0.04171978012443811,0.23203837899386187,2.066819776102057,9047.95278252699,turtle,cma_es,0,-1.6026519855288912,10
695,6950,-1.5196431379597701,-1.3607640361537672,0.2508340737944075,0.23157739720983003,2.0669843881081964,9063.166367041995,turtle,cma_es,0,-1.6026519855288912,10
696,6960,-1.4696239339013646,-1.3602875310701266,0.10564230266477025,0.231164343841895,2.067046614318633,9072.714906979003,turtle,cma_es,0,-1.6026519855288912,10
697,6970,-1.5248237321917335,-1.3696452424390047,0.20659313902363508,0.23077865934292424,2.0676598045589762,9085.483903789995,turtle,cma_es,0,-1.6026519855288912,10
698,6980,-1.4602306149448054,-1.3963540323033914,0.06418151660551907,0.23042011534787324,2.0676837107112065,9098.528980742994,turtle,cma_es,0,-1.6026519855288912,10
699,6990,-1.5030174570729438,-1.4458590528002369,0.052932920417177134,0.23015141450370621,2.0677530121512997,9113.889397995998,turtle,cma_es,0,-1.6026519855288912,10
700,7000,-1.504247835337746,-1.4290123556807501,0.05928453418930115,0.2298707546136825,2.0678047636505257,9129.831131355997,turtle,cma_es,0,-1.6026519855288912,10
701,7010,-1.5283503243998462,-1.4636137519380135,0.04688220637187132,0.22967465292373554,2.067740042034111,9141.848449126992,turtle,cma_es,0,-1.6026519855288912,10
702,7020,-1.4885987894594406,-1.4192034712989572,0.050625085810527826,0.22939076082392232,2.067702594361698,9153.897997270993,turtle,cma_es,0,-1.6026519855288912,10
703,7030,-1.497368910153047,-1.270704997248392,0.24515248141908383,0.22902556380977487,2.06772717586582,9168.263580329003,turtle,cma_es,0,-1.6026519855288912,10
704,7040,-1.4851107719723178,-1.348361886285406,0.19567891794297468,0.22877215504242376,2.067806572590047,9183.223966227,turtle,cma_es,0,-1.6026519855288912,10
705,7050,-1.5276435109042303,-1.4327812472588732,0.07087092357205002,0.2284048717663524,2.0676793773477717,9199.207392982993,turtle,cma_es,0,-1.6026519855288912,10
706,7060,-1.5725946399497763,-1.3790215780774684,0.16498226446964984,0.22803651780597303,2.067553033784716,9214.503658146,turtle,cma_es,0,-1.6026519855288912,10
707,7070,-1.51944189499193,-1.3818521142666413,0.17570376404520982,0.22775012372633707,2.0676250366481863,9226.320789646998,turtle,cma_es,0,-1.6026519855288912,10
708,7080,-1.51575827552917,-1.4340400448086474,0.06538846144062439,0.22749580806179834,2.067595396337679,9237.703332592995,turtle,cma_es,0,-1.6026519855288912,10
709,7090,-1.544838333887153,-1.4278015543306495,0.05944727211578308,0.22725162848855654,2.0675324746465815,9247.85896297,turtle,cma_es,0,-1.6026519855288912,10
710,7100,-1.5734273960992473,-1.4300008674551317,0.11426755708058833,0.22703153425030692,2.0674747534078013,9261.77001218099,turtle,cma_es,0,-1.6026519855288912,10
711,7110,-1.4996020488111421,-1.3458192224083132,0.17666513771472608,0.22670753311233707,2.0674885441592834,9275.274588913002,turtle,cma_es,0,-1.6026519855288912,10
712,7120,-1.48760397174797,-1.1441759815249586,0.329090639830495,0.22642973135303518,2.067549704945834,9288.770147025993,turtle,cma_es,0,-1.6026519855288912,10
713,7130,-1.5309714924182556,-1.4157825962014077,0.15335891151743994,0.22611257280267158,2.0676839397212463,9301.236742922003,turtle,cma_es,0,-1.6026519855288912,10
714,7140,-1.5120806051239324,-1.4140508204474116,0.09763295543595679,0.22573683636797995,2.0679295156830713,9314.185167745993,turtle,cma_es,0,-1.6026519855288912,10
715,7150,-1.5870568319397185,-1.4830646059720693,0.06091463960473064,0.22536551426224233,2.0679237659460514,9327.528186854004,turtle,cma_es,0,-1.6026519855288912,10
716,7160,-1.5419383288748945,-1.435128763016479,0.07686272348149484,0.22516599639475243,2.068163802240977,9340.199614184996,turtle,cma_es,0,-1.6026519855288912,10
717,7170,-1.5819033898105044,-1.3579219043151203,0.26044347239719107,0.2248288364628849,2.0677544417564793,9353.572437640003,turtle,cma_es,0,-1.6026519855288912,10
718,7180,-1.5077637131220998,-1.436652293134118,0.057689850937783164,0.2246871791410546,2.067832820437684,9365.031970693992,turtle,cma_es,0,-1.6026519855288912,10
719,7190,-1.5443089370332466,-1.482275303748909,0.04665807091638578,0.22457292968316903,2.0678053460630514,9376.824479774994,turtle,cma_es,0,-1.6026519855288912,10
720,7200,-1.5211573922551818,-1.4534204030841376,0.031956261368983774,0.2245198284777742,2.068106403764163,9390.587829127995,turtle,cma_es,0,-1.6026519855288912,10
721,7210,-1.494835132129281,-1.3827159438087189,0.09639016623008591,0.22433957496797682,2.0681768032274617,9402.197601082997,turtle,cma_es,0,-1.6026519855288912,10
722,7220,-1.4967827294421747,-1.3590340534041492,0.11776067745606399,0.2241612251393502,2.0681045773394096,9415.167162322992,turtle,cma_es,0,-1.6026519855288912,10
723,7230,-1.5233339111059339,-1.430680663863286,0.0579900990084859,0.22408486494497937,2.068134096451712,9430.230174432,turtle,cma_es,0,-1.6026519855288912,10
724,7240,-1.4681192627397142,-1.2582919185407209,0.25068042324988066,0.2239722550324501,2.068063621055061,9442.423591024999,turtle,cma_es,0,-1.6026519855288912,10
725,7250,-1.558662682858495,-1.3772371014617164,0.18974942155851615,0.22388664419533566,2.0680220016874844,9456.788827306998,turtle,cma_es,0,-1.6026519855288912,10
726,7260,-1.544757835743801,-1.2789815821037132,0.3535066006921102,0.22379873608091042,2.0682402239513977,9469.07220394499,turtle,cma_es,0,-1.6026519855288912,10
727,7270,-1.5144156245102733,-1.4116460133179156,0.07210237229875903,0.22374689883323462,2.0683588645635504,9484.159179780996,turtle,cma_es,0,-1.6026519855288912,10
728,7280,-1.5020336957226874,-1.4234760717248047,0.05645681022468966,0.2237188366840822,2.0683455608888255,9497.181833255003,turtle,cma_es,0,-1.6026519855288912,10
729,7290,-1.5315051393030599,-1.379195493285481,0.09370209320685235,0.2237470527693549,2.068435782227347,9508.854410667002,turtle,cma_es,0,-1.6026519855288912,10
730,7300,-1.5863335721126335,-1.4585541013667207,0.06059914114808678,0.22368638144850947,2.068592843838472,9523.104502586997,turtle,cma_es,0,-1.6026519855288912,10
731,7310,-1.4455026268776132,-0.14918536732890103,3.3919144144683733,0.2237179218033261,2.0684983341892607,9533.092366646,turtle,cma_es,0,-1.6026519855288912,10
732,7320,-1.5018569800277026,-1.4131713268376493,0.05631924526458234,0.22382006479326008,2.0685075242627295,9543.288641509003,turtle,cma_es,0,-1.6026519855288912,10
733,7330,-1.5090166795110491,-1.4239150193696641,0.0984604346556097,0.2239195114565184,2.0686032919331288,9555.711609509992,turtle,cma_es,0,-1.6026519855288912,10
734,7340,-1.520911053126162,-1.359823025180854,0.2244893815683889,0.2239868332213818,2.068468721182444,9569.157549665993,turtle,cma_es,0,-1.6026519855288912,10
735,7350,-1.5106536854658215,-1.3712245332799353,0.20764155360496062,0.22387302800063846,2.068514651835602,9580.579399034003,turtle,cma_es,0,-1.6026519855288912,10
736,7360,-1.5162848274575067,-1.4464607206033,0.06556795412224427,0.2237752398912833,2.068510137890535,9594.532134756999,turtle,cma_es,0,-1.6026519855288912,10
737,7370,-1.56539457942287,-0.3087032113531615,3.4366404082298736,0.2237164186857111,2.068819319653625,9609.583736904999,turtle,cma_es,0,-1.6026519855288912,10
738,7380,-1.551661910407633,-1.4091879215250305,0.11744260510560585,0.22378817753800206,2.068962493371486,9623.278819120998,turtle,cma_es,0,-1.6026519855288912,10
739,7390,-1.544826172159687,-1.450350869877499,0.05196964733357042,0.2239064238064454,2.069190185293402,9637.069003529003,turtle,cma_es,0,-1.6026519855288912,10
740,7400,-1.5732496973930763,-1.464394136118295,0.051105411526812854,0.22419643624789193,2.0692406942648702,9649.46364551899,turtle,cma_es,0,-1.6026519855288912,10
741,7410,-1.4942128651084765,-1.4396117216892785,0.03971340103435097,0.2243417037296812,2.0692291672168053,9662.107756459998,turtle,cma_es,0,-1.6026519855288912,10
742,7420,-1.5067937998938827,-1.4330086724260624,0.05782551164442052,0.22452476790914047,2.0692631232104803,9676.669590760997,turtle,cma_es,0,-1.6026519855288912,10
743,7430,-1.5431282827951174,-1.4608290440497715,0.04986492783280607,0.2245902430279451,2.0692979777227363,9688.400053110003,turtle,cma_es,0,-1.6026519855288912,10
744,7440,-1.6102709915899576,-1.4107020197531972,0.11409822354655852,0.22458382602070373,2.069436785305429,9704.76117288899,turtle,cma_es,0,-1.6102709915899576,10
745,7450,-1.580002551580204,-1.425987519549101,0.07075172389772283,0.22450233891000465,2.069532995590702,9718.767139174,turtle,cma_es,0,-1.6102709915899576,10
746,7460,-1.5575128693841762,-1.3507364684075687,0.14195931275116672,0.22461203776168234,2.0698384618544625,9732.368952085002,turtle,cma_es,0,-1.6102709915899576,10
747,7470,-1.5250814746613948,-1.386398961107591,0.17623586015406728,0.22480885628759606,2.0699565465406087,9747.385163853003,turtle,cma_es,0,-1.6102709915899576,10
748,7480,-1.5113018179368902,-1.2276840696702809,0.2696160914743181,0.22503386251635263,2.069956222701354,9760.83281839799,turtle,cma_es,0,-1.6102709915899576,10
749,7490,-1.5493017225375088,-1.4209922709612486,0.06985622113053572,0.2252556544793821,2.070390316709653,9777.10588237,turtle,cma_es,0,-1.6102709915899576,10
750,7500,-1.5452861121175792,-1.4031595721455106,0.11669186531608951,0.22537606968666618,2.0707466450071483,9787.763550204996,turtle,cma_es,0,-1.6102709915899576,10
751,7510,-1.504556251978614,-1.4141626124124813,0.10704091127960266,0.22555555090410886,2.070825502405608,9805.207258659997,turtle,cma_es,0,-1.6102709915899576,10
752,7520,-1.5098878674151077,-1.4349028922095897,0.06613163055140335,0.22560379170881925,2.0711238275731003,9820.777922237,turtle,cma_es,0,-1.6102709915899576,10
753,7530,-1.5763913476016267,-1.4348915435654215,0.07745417928666433,0.22559552778604303,2.0714155899510267,9830.662068851001,turtle,cma_es,0,-1.6102709915899576,10
754,7540,-1.6158065957157408,-1.4261491155312336,0.07294541918318953,0.2254965437291686,2.0712777882808058,9843.844658881993,turtle,cma_es,0,-1.6158065957157408,10
755,7550,-1.5183655293142015,-1.413006895135387,0.06808912428707588,0.22528727843882018,2.071479029468692,9857.907657050993,turtle,cma_es,0,-1.6158065957157408,10
756,7560,-1.5016951525504858,-1.3771446575823167,0.11822689693552182,0.22507550951475808,2.07162209048616,9869.64193287499,turtle,cma_es,0,-1.6158065957157408,10
757,7570,-1.504772420296594,-1.4323203126228585,0.043933308338618866,0.225098737288091,2.07161703040812,9882.731873251993,turtle,cma_es,0,-1.6158065957157408,10
758,7580,-1.5183358757401058,-1.421347712693808,0.06816472914819004,0.22501332767974871,2.071706857050526,9894.740260125996,turtle,cma_es,0,-1.6158065957157408,10
759,7590,-1.5582048991100512,-1.4400641969933798,0.14353738696695006,0.22502883586850392,2.0719545422216634,9906.525161283003,turtle,cma_es,0,-1.6158065957157408,10
760,7600,-1.5297533321735477,-0.19265246630392382,3.402660646316626,0.22499429174630992,2.071969861664782,9919.033201828002,turtle,cma_es,0,-1.6158065957157408,10
761,7610,-1.4956844216127552,-0.09283816777967653,3.3770735195440755,0.22498532648173902,2.0719910116357703,9929.418065721999,turtle,cma_es,0,-1.6158065957157408,10
762,7620,-1.5464029885594428,-1.4440418854249493,0.07282148001502382,0.22493902066581295,2.072170532676281,9942.369252830991,turtle,cma_es,0,-1.6158065957157408,10
763,7630,-1.5529461545693586,-1.4093219779259196,0.16329806776857358,0.22496768217327406,2.0722806850032875,9955.553775134991,turtle,cma_es,0,-1.6158065957157408,10
764,7640,-1.473086754535684,-1.3912542053095198,0.10963547572928549,0.2249095813873223,2.0722126066901256,9970.788162269993,turtle,cma_es,0,-1.6158065957157408,10
765,7650,-1.5654428541131127,-1.399448066735711,0.1830211668358901,0.22489995934494827,2.0721228465703097,9984.061605968003,turtle,cma_es,0,-1.6158065957157408,10
766,7660,-1.5340391234604303,-1.383036608451475,0.12404355972750766,0.2248617805514112,2.072023069412976,9997.529781300997,turtle,cma_es,0,-1.6158065957157408,10
767,7670,-1.481990992346434,-1.354994920409181,0.1499952931390299,0.22490193500400726,2.072214721216226,10009.248246560994,turtle,cma_es,0,-1.6158065957157408,10
768,7680,-1.5100689671548153,-1.3354723614906563,0.2197160441639256,0.2250683386036955,2.0722393335814586,10022.274376843998,turtle,cma_es,0,-1.6158065957157408,10
769,7690,-1.5610339007156044,-1.399878697560305,0.1755203848501992,0.2251737538533584,2.072337701267386,10035.36110404499,turtle,cma_es,0,-1.6158065957157408,10
770,7700,-1.5528304126012022,-1.3202692977260266,0.30876332757315117,0.22531499455542234,2.07224462783474,10049.500039851991,turtle,cma_es,0,-1.6158065957157408,10
771,7710,-1.50271377191613,-1.2442230959746052,0.27995899517791845,0.22537692793300898,2.0722684559993167,10060.322505905991,turtle,cma_es,0,-1.6158065957157408,10
772,7720,-1.463261255691168,-1.3002548635695237,0.2574124388861086,0.22541366448825406,2.0723095784408883,10070.269190419,turtle,cma_es,0,-1.6158065957157408,10
773,7730,-1.5160146649790898,-1.444687459287378,0.0569636083717012,0.22556044145595922,2.0722624022021194,10083.861345564,turtle,cma_es,0,-1.6158065957157408,10
774,7740,-1.5198601744685245,-1.4221493955028142,0.0716846598502117,0.22572765983729629,2.072358161316935,10093.968583377995,turtle,cma_es,0,-1.6158065957157408,10
775,7750,-1.5234432436207577,-1.4263240148539944,0.07528106832702693,0.22580407087255744,2.0725738568643295,10104.253806580004,turtle,cma_es,0,-1.6158065957157408,10
776,7760,-1.5488400594052516,-1.449521224603732,0.05217046275548126,0.22576169332783805,2.0726419476761597,10120.060418056994,turtle,cma_es,0,-1.6158065957157408,10
777,7770,-1.5369591714076893,-1.3942774010100836,0.13969639364460523,0.22557354142890906,2.0726572448717757,10129.227235154991,turtle,cma_es,0,-1.6158065957157408,10
778,7780,-1.5040527129486216,-1.4315677294450873,0.05122307145709041,0.22543908369837032,2.072856701825837,10141.532132706998,turtle,cma_es,0,-1.6158065957157408,10
779,7790,-1.511809670891119,-1.4125284772051878,0.0821415629061857,0.22526509914319892,2.073178137892131,10153.825820712998,turtle,cma_es,0,-1.6158065957157408,10
780,7800,-1.578816576495571,-1.4189252413570286,0.1018693429415974,0.22523762725882773,2.0732880092073427,10164.118401981992,turtle,cma_es,0,-1.6158065957157408,10
781,7810,-1.497227463194104,-1.4481739532234452,0.04899214588135857,0.22518860857368087,2.0732320263371484,10174.90525979,turtle,cma_es,0,-1.6158065957157408,10
782,7820,-1.5024738429801143,-1.4485696923542857,0.04823147866523423,0.2251435874466189,2.0731906415209878,10184.192014146,turtle,cma_es,0,-1.6158065957157408,10
783,7830,-1.49879920009964,-1.4131924343072324,0.07263884207154721,0.22513050137935792,2.0731931037403832,10192.458595721997,turtle,cma_es,0,-1.6158065957157408,10
784,7840,-1.5479374040527851,-1.2522922481345335,0.3182171692589067,0.22509896824300388,2.0732050960229826,10199.841471826003,turtle,cma_es,0,-1.6158065957157408,10
785,7850,-1.4838777510895245,-1.2659049145607,0.3937303984577591,0.22499631691825817,2.0733554115350286,10208.446960200992,turtle,cma_es,0,-1.6158065957157408,10
786,7860,-1.5007076176548475,-1.4378353751826987,0.04608749477476519,0.2247787782625918,2.0733457365169996,10218.309509782004,turtle,cma_es,0,-1.6158065957157408,10
787,7870,-1.4602414760189282,-1.409622078230576,0.06278577755988535,0.22477360432492727,2.073375778024588,10229.373314065,turtle,cma_es,0,-1.6158065957157408,10
788,7880,-1.4824744070729263,-1.420272559438827,0.051713977045265425,0.22475688478880107,2.0735791705161506,10242.085883156004,turtle,cma_es,0,-1.6158065957157408,10
789,7890,-1.4448346522316857,-1.3652529415514914,0.08970599538704652,0.22471646909735282,2.073548826088572,10252.72669997299,turtle,cma_es,0,-1.6158065957157408,10
790,7900,-1.4945116078870528,-1.3634251113518228,0.11439333632071437,0.2246336417030654,2.0735758848275205,10261.916066527003,turtle,cma_es,0,-1.6158065957157408,10
791,7910,-1.466490716483456,-1.3794995902707683,0.09440853882486352,0.22453550993296723,2.073485895119012,10272.71322341499,turtle,cma_es,0,-1.6158065957157408,10
792,7920,-1.4898776384745043,-1.3251278037710417,0.20075227383555658,0.22431889471537003,2.073527742716162,10280.769161078992,turtle,cma_es,0,-1.6158065957157408,10
793,7930,-1.4962860572229975,-1.2895422796717795,0.3016073027201088,0.22416711156488392,2.073656946854274,10288.598709087993,turtle,cma_es,0,-1.6158065957157408,10
794,7940,-1.4600572257689368,-1.1921322445252662,0.499423396065911,0.22401565902492923,2.0735988887490038,10298.194908841004,turtle,cma_es,0,-1.6158065957157408,10
795,7950,-1.4536292744862926,-1.273289470995042,0.2810639236017832,0.2238381648577396,2.073521758363401,10308.386006956003,turtle,cma_es,0,-1.6158065957157408,10
796,7960,-1.4965610861484961,-1.103134674579292,0.5016334013935494,0.22352160620397543,2.073560403838074,10321.159454416993,turtle,cma_es,0,-1.6158065957157408,10
797,7970,-1.4882808860515446,-1.365336476826851,0.15042350757538123,0.22337271755722687,2.073585452467933,10328.916532215997,turtle,cma_es,0,-1.6158065957157408,10
798,7980,-1.445081014247454,-1.3103947720996973,0.21296224391470436,0.2232609578844215,2.074132431716713,10336.222058992003,turtle,cma_es,0,-1.6158065957157408,10
799,7990,-1.5213251474069915,-1.4441294988605509,0.03471166834523262,0.2232256169702727,2.0743148252484533,10344.445091617992,turtle,cma_es,0,-1.6158065957157408,10
800,8000,-1.5277151268224909,-1.2113059682673104,0.44174511267203603,0.22316413710084795,2.074607211625997,10351.153570687995,turtle,cma_es,0,-1.6158065957157408,10
1,10,-0.09364012875664596,-0.0016806607673025553,0.0567897537779721,0.4904289728755105,1.0059734973031509,8.44031595600245,turtle,cma_es,1,-0.09364012875664596,10
2,20,-0.1875739102091467,-0.04138192706027501,0.06844918695612097,0.482046121246947,1.007723413015288,18.27273385299486,turtle,cma_es,1,-0.1875739102091467,10
3,30,-0.42266319211920766,-0.06725320383590913,0.1490933231304061,0.4748442625085514,1.0082582450566375,27.345255117994384,turtle,cma_es,1,-0.42266319211920766,10
4,40,-0.1870082209719408,-0.00015864391595536985,0.08486477511515535,0.46845564216287533,1.009761351968739,38.42701704399951,turtle,cma_es,1,-0.42266319211920766,10
5,50,-0.21210747778591443,-0.034083606071891204,0.07368564326804751,0.46267773008478613,1.0112985855832535,50.05738824799482,turtle,cma_es,1,-0.42266319211920766,10
6,60,-0.1726713878797952,-0.008988451719447,0.0696308150234108,0.4574356772351694,1.0131932513118418,61.14462412700232,turtle,cma_es,1,-0.42266319211920766,10
7,70,-0.260946866639836,-0.07551816866901868,0.10082035860819495,0.45230816614422464,1.01515451862906,72.13844993000384,turtle,cma_es,1,-0.42266319211920766,10
8,80,-0.15901736187437354,0.021513814045757938,0.09545980807276605,0.4478026974203751,1.017339208028889,83.30026415300381,turtle,cma_es,1,-0.42266319211920766,10
9,90,-0.2898027686722813,-0.04432007716271027,0.11822476095904227,0.44339913014357246,1.019557690457872,98.36850787799631,turtle,cma_es,1,-0.42266319211920766,10
10,100,-0.404714124722938,-0.08393371356866738,0.14557084570453155,0.4389756714999058,1.0216819502226686,115.5463085139927,turtle,cma_es,1,-0.42266319211920766,10
11,110,-0.2325856592037141,-0.058103682716922476,0.07331350778299381,0.4347188289683863,1.023777064572157,129.12383209999825,turtle,cma_es,1,-0.42266319211920766,10
12,120,-0.2011888253938423,-0.01467872999688069,0.12571590872029015,0.4305052762777401,1.025930439886047,143.88907880899205,turtle,cma_es,1,-0.42266319211920766,10
13,130,-0.08442625481412946,-0.002937327972064985,0.05945781559617995,0.42665659051221344,1.0282005300165509,159.8120023849915,turtle,cma_es,1,-0.42266319211920766,10
14,140,-0.08629725709230573,-0.0016051919805244452,0.05865647532846846,0.4231475537724595,1.0305463803953447,177.9374882199918,turtle,cma_es,1,-0.42266319211920766,10
15,150,-0.10724406034478928,-0.008666220679728021,0.07862498951090872,0.4199565122710106,1.0334933788989962,193.1429637120018,turtle,cma_es,1,-0.42266319211920766,10
16,160,-0.3100991794151522,-0.06303748003103404,0.11557231137369399,0.4169157944901973,1.0364991050630714,208.48181327799102,turtle,cma_es,1,-0.42266319211920766,10
17,170,-0.4000879767792256,-0.07210917248202424,0.11791769840485675,0.4138999386371359,1.0394369217819805,227.45302807400003,turtle,cma_es,1,-0.42266319211920766,10
18,180,-0.07599338635345187,0.04006166377391409,0.0896868158327472,0.4112071891188706,1.0426135207946539,245.89689831600117,turtle,cma_es,1,-0.42266319211920766,10
19,190,-0.25907966247305136,-0.07947331898788504,0.06862925351778267,0.4086083248752605,1.0459251642597311,263.3910520799982,turtle,cma_es,1,-0.42266319211920766,10
20,200,-0.27397003002918474,-0.10098927971852474,0.1125717913736561,0.4060517710042334,1.0493664680943107,286.4601726690016,turtle,cma_es,1,-0.42266319211920766,10
21,210,-0.30993980145538913,-0.12473011279509168,0.10001714041805983,0.4037599230811328,1.0529583685066768,301.6361812489922,turtle,cma_es,1,-0.42266319211920766,10
22,220,-0.2626365558855257,-0.05817671065977725,0.12677190774797092,0.40172965096011515,1.0568817583119843,315.7357153310004,turtle,cma_es,1,-0.42266319211920766,10
23,230,-0.25357234423542074,-0.10134053088976262,0.14977080559725914,0.3997191624554269,1.0607232240420916,329.49917133699637,turtle,cma_es,1,-0.42266319211920766,10
24,240,-0.2641798798159396,-0.13264993050147736,0.09214964561186575,0.3981413917967914,1.065209445035489,343.97241215000395,turtle,cma_es,1,-0.42266319211920766,10
25,250,-0.3040648820019607,-0.09513397130157442,0.10354338677619193,0.39694724979269475,1.0701096512395176,360.0770745710033,turtle,cma_es,1,-0.42266319211920766,10
26,260,-0.24357162018523937,-0.12036787461762995,0.06632297924067361,0.39588704231023797,1.075383470293364,375.02789413099526,turtle,cma_es,1,-0.42266319211920766,10
27,270,-0.4825928645379767,-0.14967854541955844,0.13948225108589973,0.39492840806804314,1.080552604935366,391.3262021219998,turtle,cma_es,1,-0.4825928645379767,10
28,280,-0.22765623521604095,-0.09378499219867606,0.08027641198285819,0.3939603626501682,1.0856371473471778,404.77666161299567,turtle,cma_es,1,-0.4825928645379767,10
29,290,-0.21566246861631466,-0.11755708389115674,0.11112396596433814,0.3929826104596853,1.0908090567084399,419.64177196100354,turtle,cma_es,1,-0.4825928645379767,10
30,300,-0.2895277497272417,-0.09479630373515588,0.10344043415654254,0.39194492722920354,1.0958371337666835,434.5101622020011,turtle,cma_es,1,-0.4825928645379767,10
31,310,-0.31766278297327943,-0.14277125466359183,0.13703127377322874,0.3910940267949897,1.1009270641837334,448.0683804099972,turtle,cma_es,1,-0.4825928645379767,10
32,320,-0.6589181706631724,-0.22406033189525543,0.203658732250218,0.39000176145109955,1.1059017705214966,461.89865776999795,turtle,cma_es,1,-0.6589181706631724,10
33,330,-0.2807906907866764,-0.08506839941794837,0.1259893969098183,0.38903341813778236,1.1109774289994245,475.182783465003,turtle,cma_es,1,-0.6589181706631724,10
34,340,-0.5209811583544095,-0.3545260735346263,0.1876907391905168,0.3878229798744455,1.1156282406898577,492.8616254499939,turtle,cma_es,1,-0.6589181706631724,10
35,350,-0.34811666468851854,-0.14782705878574368,0.12868343103535698,0.38656096898874187,1.1201116628956271,506.3081373869936,turtle,cma_es,1,-0.6589181706631724,10
36,360,-0.505830282249315,-0.22606008496957103,0.12633887038165076,0.3853528948270819,1.1247544959500584,517.4237969259993,turtle,cma_es,1,-0.6589181706631724,10
37,370,-0.5084304567497622,-0.2747874470290149,0.19315551513779425,0.3843463117104632,1.1298322802503367,530.6377434909955,turtle,cma_es,1,-0.6589181706631724,10
38,380,-0.4243777231734116,-0.15931691251053212,0.18455593582587898,0.3833661321044013,1.1346751780449997,541.8801477359957,turtle,cma_es,1,-0.6589181706631724,10
39,390,-0.3524106875059472,-0.1638773498556521,0.12138398338951352,0.3822814183778544,1.1395363514865118,554.731521736001,turtle,cma_es,1,-0.6589181706631724,10
40,400,-0.6857830937954059,-0.27677875038592586,0.19161173706817036,0.38137459897786435,1.1445995298664058,568.947224471005,turtle,cma_es,1,-0.6857830937954059,10
41,410,-0.3856394566008978,-0.1381189980051678,0.15612106242009746,0.38036414641362765,1.1496507698757508,583.9099823610013,turtle,cma_es,1,-0.6857830937954059,10
42,420,-0.4874664639407449,-0.2504551070618213,0.18217203525214223,0.3791900666431135,1.154369441695655,595.493893751991,turtle,cma_es,1,-0.6857830937954059,10
43,430,-0.6107576552188254,-0.21189679683329884,0.21311456103369605,0.3780823080988671,1.1591301983178655,610.7178809280013,turtle,cma_es,1,-0.6857830937954059,10
44,440,-0.41524979672482853,-0.11402337665221633,0.15214057744700873,0.37687591282289534,1.163687656105369,623.6472851869912,turtle,cma_es,1,-0.6857830937954059,10
45,450,-0.26134790886248904,-0.08881741688913207,0.10469945368613223,0.3756320893182024,1.1680531977953375,635.5202471599914,turtle,cma_es,1,-0.6857830937954059,10
46,460,-0.478406544210749,-0.11855110529292637,0.17508610366832011,0.3743035356004204,1.1718938868374185,650.8133350179996,turtle,cma_es,1,-0.6857830937954059,10
47,470,-0.37658622915190687,-0.10062028771167073,0.13554511647665946,0.3729309949646586,1.1757962945316514,662.5718096850032,turtle,cma_es,1,-0.6857830937954059,10
48,480,-0.5929606214809375,-0.10982701664995434,0.19204280886975558,0.3716234033068849,1.1801338256435259,677.9762635259976,turtle,cma_es,1,-0.6857830937954059,10
49,490,-0.39648886302652464,-0.15296785399181143,0.1274696741255365,0.3703746433662068,1.184561777034966,688.307823576004,turtle,cma_es,1,-0.6857830937954059,10
50,500,-0.7740683528525683,-0.23625048065231874,0.23422374600866014,0.3692656599309888,1.189194055809769,701.6538758060051,turtle,cma_es,1,-0.7740683528525683,10
51,510,-0.6351424238628063,-0.33276444955346995,0.2056227237461834,0.3685501333327496,1.1942325943570866,716.4494741369999,turtle,cma_es,1,-0.7740683528525683,10
52,520,-0.6580569770274582,-0.35528839761511943,0.28329531221319765,0.36799702620436114,1.1995640108823011,729.0278340270015,turtle,cma_es,1,-0.7740683528525683,10
53,530,-0.6833398510660649,-0.3521541805887546,0.25980424656922807,0.3673268431505611,1.2046914176845578,745.6304560760036,turtle,cma_es,1,-0.7740683528525683,10
54,540,-0.7682117725080433,-0.2223004694041907,0.24531917523736904,0.3668707058333237,1.2103003695417833,758.2440439089987,turtle,cma_es,1,-0.7740683528525683,10
55,550,-0.700178459337387,-0.25951492397946885,0.27696449510671106,0.3664286811366192,1.215895325127998,771.0873964329949,turtle,cma_es,1,-0.7740683528525683,10
56,560,-0.8056185193645709,-0.4575204022570438,0.27518615100178123,0.3661904288033124,1.2218497433186284,784.5346987139928,turtle,cma_es,1,-0.8056185193645709,10
57,570,-0.8759000152530518,-0.5273835017196034,0.24065894257900028,0.3660399075911182,1.2278558412351963,797.152729983005,turtle,cma_es,1,-0.8759000152530518,10
58,580,-0.7230476977683704,-0.4846483113610608,0.20596918504827116,0.36586500390369986,1.233850131154026,808.1646330639924,turtle,cma_es,1,-0.8759000152530518,10
59,590,-0.9141851618447498,-0.4944480410169402,0.28482841096702377,0.3657152185056506,1.2399490402225102,818.4926210449921,turtle,cma_es,1,-0.9141851618447498,10
60,600,-0.6556645807933448,-0.3463571370072934,0.24543582138346554,0.3656190859412948,1.2459580945452309,834.8094980089954,turtle,cma_es,1,-0.9141851618447498,10
61,610,-0.734071743211798,-0.40506328987333085,0.21530333230896923,0.365758607022804,1.252137476496327,848.478236156996,turtle,cma_es,1,-0.9141851618447498,10
62,620,-0.9473633734337854,-0.497365489328912,0.29146502932545776,0.3656656982617628,1.2581726908763458,861.9089260159963,turtle,cma_es,1,-0.9473633734337854,10
63,630,-0.8351539631512255,-0.30293507136835884,0.2723653331673014,0.3651992281179704,1.2637642921089094,874.094309905995,turtle,cma_es,1,-0.9473633734337854,10
64,640,-0.7849550114807,-0.4465793314508481,0.27727867249046734,0.36458532465502963,1.268965855101019,885.9657076080039,turtle,cma_es,1,-0.9473633734337854,10
65,650,-0.8270006139382593,-0.41556324873256417,0.225992175295835,0.36417366387656386,1.2744061385600203,895.2397525650013,turtle,cma_es,1,-0.9473633734337854,10
66,660,-0.8453338204224137,-0.4878866693418167,0.25443798265012585,0.3637937137934038,1.2798616628177784,906.7210920039943,turtle,cma_es,1,-0.9473633734337854,10
67,670,-0.8437270795023055,-0.6472755210279466,0.205986845379603,0.36324509158214774,1.285168404481594,917.9341328839946,turtle,cma_es,1,-0.9473633734337854,10
68,680,-1.0134969612174762,-0.4977162697636862,0.3566987772077755,0.36260355953088735,1.2902941253212932,926.9126583619945,turtle,cma_es,1,-1.0134969612174762,10
69,690,-0.9082572140755847,-0.5656575565111792,0.30499728566368567,0.3620153216369459,1.295273229672975,939.0564031639951,turtle,cma_es,1,-1.0134969612174762,10
70,700,-1.0237271557417298,-0.6811652174536799,0.29254186417765066,0.3612776071480232,1.29983424386039,951.4041804430017,turtle,cma_es,1,-1.0237271557417298,10
71,710,-1.0218286581122538,-0.8399018947932972,0.11327456724116795,0.3605197877041901,1.3041980248462692,967.6083228819916,turtle,cma_es,1,-1.0237271557417298,10
72,720,-1.132259998747294,-0.6743765068454878,0.385855933574519,0.35979128790146647,1.3085398348783066,982.1228594679997,turtle,cma_es,1,-1.132259998747294,10
73,730,-1.2054452715000634,-0.9256900126762202,0.3114668947452222,0.35904212542621555,1.3127810288482529,995.0332843549986,turtle,cma_es,1,-1.2054452715000634,10
74,740,-0.9364838709873533,-0.164906417487589,0.2794103092422124,0.35845100108356254,1.3171630552510265,1009.6939530109958,turtle,cma_es,1,-1.2054452715000634,10
75,750,-1.2359536606571009,-0.7459413962336077,0.5117639969474203,0.35788260692069285,1.3215253711706652,1020.1273271950049,turtle,cma_es,1,-1.2359536606571009,10
76,760,-1.1073559514813276,-0.5164963755639418,0.3759750233155642,0.35758073336473467,1.326017415146076,1035.5472712240007,turtle,cma_es,1,-1.2359536606571009,10
77,770,-1.1727326498937964,-0.5657302347320805,0.4492002716874586,0.35716435008581937,1.3303254894299583,1054.271823365998,turtle,cma_es,1,-1.2359536606571009,10
78,780,-1.241248673024745,-0.45427285645866133,0.4523048630309509,0.3567550464759116,1.3348534415919782,1067.9790150049957,turtle,cma_es,1,-1.241248673024745,10
79,790,-0.858751792245589,-0.3405840462049959,0.37853135880129296,0.35622717213747795,1.3396032167740415,1081.633797293005,turtle,cma_es,1,-1.241248673024745,10
80,800,-1.1423052268418568,-0.6260091135473498,0.2803690210443123,0.35556989173273496,1.3440054867867741,1094.6697600059997,turtle,cma_es,1,-1.241248673024745,10
81,810,-1.1345524233055713,-0.5750882041671505,0.38398583205355497,0.35493268723987303,1.3486123692494203,1108.2502165070036,turtle,cma_es,1,-1.241248673024745,10
82,820,-1.0574654894788909,-0.5427242888104931,0.4000794371612222,0.3544509186274765,1.3536842222442014,1125.341900475003,turtle,cma_es,1,-1.241248673024745,10
83,830,-1.2422615231844727,-0.7577511498643236,0.46040665297992905,0.353762880646063,1.3584760736431742,1135.7197113150032,turtle,cma_es,1,-1.2422615231844727,10
84,840,-1.268259911508677,-0.5547165800387875,0.5169268226115139,0.3528398059535644,1.3629115418641375,1148.1298067460011,turtle,cma_es,1,-1.268259911508677,10
85,850,-1.2940192173500957,-0.6570714123986112,0.4658962664296523,0.35209706649317557,1.3674281950224902,1159.8644297239953,turtle,cma_es,1,-1.2940192173500957,10
86,860,-1.2742173098471872,-1.0166863733478562,0.26319369670062315,0.351250075918259,1.372002949313295,1171.222693333999,turtle,cma_es,1,-1.2940192173500957,10
87,870,-1.2439598851725329,-0.8080794542130214,0.49088284891697415,0.3505806691563152,1.3767283585642405,1186.2634353619942,turtle,cma_es,1,-1.2940192173500957,10
88,880,-1.2516258486417362,-0.7150313844175196,0.45638802431785797,0.34980382957211437,1.3813146456467686,1197.0642154980014,turtle,cma_es,1,-1.2940192173500957,10
89,890,-1.3301243323468706,-0.5943955163090793,0.41432730540921164,0.3491070833147929,1.3858393663904698,1209.9397264750005,turtle,cma_es,1,-1.3301243323468706,10
90,900,-1.1551309235463147,-0.4366083725582842,0.3275887723791044,0.34830093448090405,1.3902451811583971,1224.8119823640009,turtle,cma_es,1,-1.3301243323468706,10
91,910,-1.1446234346363306,-0.48566520075159947,0.4180454494974092,0.34728736024463414,1.3943167287802511,1240.9351488200045,turtle,cma_es,1,-1.3301243323468706,10
92,920,-0.9968251151086518,-0.6662610981733252,0.2555718200158409,0.3465024043548292,1.3985076894314208,1251.1821581679978,turtle,cma_es,1,-1.3301243323468706,10
93,930,-1.2397622741014738,-0.6539600561893992,0.3931334680707713,0.3457055351304236,1.4028386521791205,1265.043279436999,turtle,cma_es,1,-1.3301243323468706,10
94,940,-1.3373786170060207,-0.547495189572506,0.4314176110899829,0.3447637733706212,1.4069158434473163,1277.1286053639924,turtle,cma_es,1,-1.3373786170060207,10
95,950,-1.1368936593818564,-0.6045753875497184,0.3548053927583562,0.34401595333806195,1.4107282411925004,1291.7602614319912,turtle,cma_es,1,-1.3373786170060207,10
96,960,-1.0002706421874645,-0.6278107188410841,0.3318551852237692,0.34337025050688125,1.4146744588827374,1305.328784960002,turtle,cma_es,1,-1.3373786170060207,10
97,970,-1.2794208621786431,-0.7283060349122181,0.4224582281694755,0.3427864447554005,1.41893751859487,1317.4450205500034,turtle,cma_es,1,-1.3373786170060207,10
98,980,-1.121023192727499,-0.5782993518001422,0.3697942631524951,0.34227505328426255,1.4228512568172558,1331.6293188249983,turtle,cma_es,1,-1.3373786170060207,10
99,990,-1.160373204504455,-0.6260733985473124,0.4163688994509014,0.3418622164713164,1.4267226511459388,1343.107446302005,turtle,cma_es,1,-1.3373786170060207,10
100,1000,-1.1186617120249451,-0.651276688682269,0.21335861415596527,0.3416040591681386,1.430658507935756,1355.415917833001,turtle,cma_es,1,-1.3373786170060207,10
101,1010,-1.1236542176929776,-0.8274715335023434,0.23844061761887572,0.34153697005085354,1.4347338133353134,1366.8443285190006,turtle,cma_es,1,-1.3373786170060207,10
102,1020,-1.2780655803087049,-0.6547538431891418,0.4727892295008302,0.3413308922015745,1.4389474001469202,1383.1359660720045,turtle,cma_es,1,-1.3373786170060207,10
103,1030,-1.275654586901191,-0.8059093609855228,0.436384446155282,0.3414500352213351,1.443641082588749,1396.909968063992,turtle,cma_es,1,-1.3373786170060207,10
104,1040,-1.0030385978650047,-0.4780326023746818,0.3547177626993793,0.34155007662678893,1.4478912929876697,1413.358181078991,turtle,cma_es,1,-1.3373786170060207,10
105,1050,-1.1125699447330195,-0.6352917023368421,0.37532803350308497,0.34177775524051457,1.4525569590264698,1424.8284860290005,turtle,cma_es,1,-1.3373786170060207,10
106,1060,-1.3686634079164088,-0.8058092653046781,0.38027071628784653,0.34186221716134535,1.457131154595545,1437.0713492590003,turtle,cma_es,1,-1.3686634079164088,10
107,1070,-1.048414386254577,-0.5558711492309847,0.32352418185801957,0.3418296623227753,1.4617223336357972,1448.552561103992,turtle,cma_es,1,-1.3686634079164088,10
108,1080,-1.2649298658206876,-0.8782779573601431,0.31632164450475114,0.34204759725104744,1.4663964640666767,1460.2572777530004,turtle,cma_es,1,-1.3686634079164088,10
109,1090,-1.3864057215489263,-0.7591122388807218,0.4067861962983469,0.3425519321097315,1.4716062639741971,1472.7833229889948,turtle,cma_es,1,-1.3864057215489263,10
110,1100,-1.3720492934367927,-0.7075557429313705,0.4590681083559666,0.3433858854596852,1.4774106592418914,1483.9800054340012,turtle,cma_es,1,-1.3864057215489263,10
111,1110,-1.1406702994244782,-0.4445043195527883,0.4016884616930128,0.3442868550391618,1.4829204256875996,1497.1601872129977,turtle,cma_es,1,-1.3864057215489263,10
112,1120,-1.2123024449130444,-0.5636085839774854,0.42831861560141676,0.3451998115961601,1.4884759528259652,1510.7133266629971,turtle,cma_es,1,-1.3864057215489263,10
113,1130,-1.2216287554778331,-0.664451152654842,0.41220324052303187,0.3461218916632546,1.49372644596425,1526.9096248860005,turtle,cma_es,1,-1.3864057215489263,10
114,1140,-1.1886582872451479,-0.7178684077186794,0.3866855820194502,0.3468721075242247,1.4989717522310515,1540.4377422149992,turtle,cma_es,1,-1.3864057215489263,10
115,1150,-0.9359557306679793,-0.4548080131086256,0.37724055773412474,0.34764066809772354,1.5044173126741593,1552.5665595089959,turtle,cma_es,1,-1.3864057215489263,10
116,1160,-1.0870226085427088,-0.8147997379946272,0.28506857832788857,0.34840487253149655,1.5095665558812321,1568.0332869249978,turtle,cma_es,1,-1.3864057215489263,10
117,1170,-1.3119662908105703,-0.6167298855771703,0.39655037193820464,0.34916223632315113,1.514930606599208,1578.7971720839996,turtle,cma_es,1,-1.3864057215489263,10
118,1180,-1.173103515771615,-0.7811365073793654,0.28088645415064195,0.34981420558325343,1.5199520937409958,1590.4630845840002,turtle,cma_es,1,-1.3864057215489263,10
119,1190,-1.31688374138374,-0.5713936842728138,0.48919225131320854,0.350142212576816,1.5247454425947966,1603.1838312089967,turtle,cma_es,1,-1.3864057215489263,10
120,1200,-1.2308387259985203,-0.5893758004286014,0.3833072400593997,0.3503943390101507,1.529264130510723,1614.2634964649915,turtle,cma_es,1,-1.3864057215489263,10
121,1210,-1.2600092899221682,-0.7649265908561407,0.323911009733996,0.3507590061977855,1.5339311622130265,1627.910635576991,turtle,cma_es,1,-1.3864057215489263,10
122,1220,-1.3386754540636394,-0.7633692776596251,0.42163649353831495,0.35120513620013766,1.5384810406399954,1639.5913755229994,turtle,cma_es,1,-1.3864057215489263,10
123,1230,-1.3173537762096545,-0.6342978913117326,0.3684587352105942,0.3517414183579674,1.5435505000299345,1651.617245706002,turtle,cma_es,1,-1.3864057215489263,10
124,1240,-1.367230176155954,-0.8506644896470948,0.42306879839164546,0.3523672552619855,1.5490460775551564,1664.6414633340028,turtle,cma_es,1,-1.3864057215489263,10
125,1250,-1.127014894104292,-0.7570790693268745,0.4097825432959441,0.3529812070501498,1.5543292608117234,1675.6668595520023,turtle,cma_es,1,-1.3864057215489263,10
126,1260,-1.2973346930554923,-0.5819745115701276,0.3579441575175359,0.3535675872956708,1.5604695622226896,1690.4017596129997,turtle,cma_es,1,-1.3864057215489263,10
127,1270,-1.2410341648238372,-0.5139162457130154,0.47751636121418284,0.35397729182950066,1.5661282057610804,1705.9184739600023,turtle,cma_es,1,-1.3864057215489263,10
128,1280,-1.3762245762280267,-0.7038165022727304,0.431388827013916,0.3545306783709666,1.5715304827284748,1723.3719427070027,turtle,cma_es,1,-1.3864057215489263,10
129,1290,-1.235184672358975,-0.616635825376435,0.35288618872477334,0.35495380851708314,1.5767429284530983,1737.954790208998,turtle,cma_es,1,-1.3864057215489263,10
130,1300,-1.2793308649239306,-0.5764225432988102,0.47001372351450144,0.3552972249511771,1.5815635142338984,1750.0757107069949,turtle,cma_es,1,-1.3864057215489263,10
131,1310,-1.2923492510390773,-0.5786347364158424,0.4589678796280305,0.35568803114740105,1.5863514230670546,1765.8862748910033,turtle,cma_es,1,-1.3864057215489263,10
132,1320,-1.2940561900257048,-0.6265827150019254,0.5011556943053542,0.35584727791429477,1.590757532017259,1778.7696483829932,turtle,cma_es,1,-1.3864057215489263,10
133,1330,-1.314495163208603,-0.7319817109453034,0.45817192594445333,0.35608055606437705,1.5950543126829373,1792.044049093005,turtle,cma_es,1,-1.3864057215489263,10
134,1340,-0.7528356856691261,-0.2338074522917637,0.20877544121715336,0.3562836486522072,1.5993455254717253,1803.087729737992,turtle,cma_es,1,-1.3864057215489263,10
135,1350,-1.090757709468141,-0.34549517379139133,0.44935599930558173,0.3563417304230335,1.6033762804760059,1814.8864294529922,turtle,cma_es,1,-1.3864057215489263,10
136,1360,-1.3408298454428262,-0.9517133416957387,0.31037445398419333,0.35649695827101724,1.6068114816749,1828.925276473994,turtle,cma_es,1,-1.3864057215489263,10
137,1370,-1.292943260062339,-0.6299996372536374,0.38647382433732297,0.3566747904200225,1.6105493259920982,1842.6635879079986,turtle,cma_es,1,-1.3864057215489263,10
138,1380,-0.8951667809821959,-0.3941767915298933,0.28784731020340093,0.3567063701816971,1.6140549734794438,1853.152598731991,turtle,cma_es,1,-1.3864057215489263,10
139,1390,-0.7894271244538009,-0.3568141277520673,0.2163647723078003,0.3569142906322925,1.6176890242378983,1868.3349879430025,turtle,cma_es,1,-1.3864057215489263,10
140,1400,-1.0333803186916963,-0.4246586587888899,0.3947627327494482,0.35709698564099757,1.621098379859584,1882.3944581709948,turtle,cma_es,1,-1.3864057215489263,10
141,1410,-1.017811628261863,-0.4882598465641352,0.3717941711874173,0.3574200439505618,1.624774079907175,1897.6905008850008,turtle,cma_es,1,-1.3864057215489263,10
142,1420,-0.9893632048903402,-0.576743042686167,0.36401859754208493,0.3577074605304252,1.6282805795074529,1912.9675708190043,turtle,cma_es,1,-1.3864057215489263,10
143,1430,-1.0552540633290963,-0.5256799985488136,0.3460912315281092,0.35789959591547776,1.6322805329071026,1924.2814231619996,turtle,cma_es,1,-1.3864057215489263,10
144,1440,-1.114708571640925,-0.6891327153003005,0.27094096210255236,0.35801781236191976,1.635697710955048,1938.706842029991,turtle,cma_es,1,-1.3864057215489263,10
145,1450,-0.7885769815171955,-0.365173524480078,0.2851552242024499,0.35825959272977603,1.6392060933056707,1951.2170769149961,turtle,cma_es,1,-1.3864057215489263,10
146,1460,-0.8955341578946738,-0.3914514999950022,0.26494401937568646,0.3585294686137684,1.6427971504180459,1965.5557229349943,turtle,cma_es,1,-1.3864057215489263,10
147,1470,-0.9595941938185772,-0.6075450376021455,0.3404149595407194,0.3589590467743688,1.646940603075079,1975.135615637002,turtle,cma_es,1,-1.3864057215489263,10
148,1480,-0.9344600721519836,-0.4733598255954039,0.35185413710638946,0.35935384588299485,1.650727876029238,1987.8978444410022,turtle,cma_es,1,-1.3864057215489263,10
149,1490,-0.9873252395986993,-0.7223726275003,0.2692348742527979,0.3594432322637705,1.6542245417602728,2002.2921196880052,turtle,cma_es,1,-1.3864057215489263,10
150,1500,-0.9281103332664786,-0.5744470212831811,0.2828687407314342,0.3595458752011574,1.6579282262306319,2015.6446977279993,turtle,cma_es,1,-1.3864057215489263,10
151,1510,-1.2922193685607581,-0.6411259791320645,0.3813292529282828,0.3596784598562845,1.661597378652646,2029.2875518630026,turtle,cma_es,1,-1.3864057215489263,10
152,1520,-1.0409074692531863,-0.6538343692054152,0.35961339710887363,0.35982943350257446,1.6652503005662174,2044.1897631939937,turtle,cma_es,1,-1.3864057215489263,10
153,1530,-0.979026372965758,-0.5746891513436283,0.31127728017056555,0.36006726911585274,1.6690893547375312,2058.1136067469924,turtle,cma_es,1,-1.3864057215489263,10
154,1540,-0.9285809154637636,-0.7238283661422056,0.19565768080851473,0.36012174459691326,1.6725620973257525,2071.4858065029985,turtle,cma_es,1,-1.3864057215489263,10
155,1550,-0.9733792933011598,-0.5699630899647941,0.32510565697382043,0.35997874617939113,1.675705952160871,2082.6783160149935,turtle,cma_es,1,-1.3864057215489263,10
156,1560,-0.9843304420958194,-0.8105074327534012,0.182843700208627,0.35983189193362614,1.6790973089073533,2093.4566228289914,turtle,cma_es,1,-1.3864057215489263,10
157,1570,-0.9807603532876845,-0.7105756845421637,0.3213300598539538,0.3597913094775558,1.6828751606544448,2105.4870658610016,turtle,cma_es,1,-1.3864057215489263,10
158,1580,-1.0585710554984358,-0.7524360803344743,0.17272620616190773,0.3600473096685614,1.6867507806572188,2119.2474171649956,turtle,cma_es,1,-1.3864057215489263,10
159,1590,-1.0683567025651906,-0.716052740839243,0.3062558545844544,0.36021950652567764,1.6903792237737028,2134.069516835996,turtle,cma_es,1,-1.3864057215489263,10
160,1600,-1.025122670866832,-0.8074851971699033,0.1745850402020304,0.36015002356026554,1.6936954325936804,2150.049265333,turtle,cma_es,1,-1.3864057215489263,10
161,1610,-0.983378244874622,-0.6467323933072967,0.263215785480884,0.36006927592153765,1.6968792899226504,2164.1371155249944,turtle,cma_es,1,-1.3864057215489263,10
162,1620,-0.9850191583594787,-0.6972463103561892,0.2320906391881515,0.3601789785870604,1.700036429554872,2178.7738005120045,turtle,cma_es,1,-1.3864057215489263,10
163,1630,-0.9834162181758179,-0.8444597968236499,0.12487064743922958,0.36052024863458054,1.7031488702059698,2192.605549289001,turtle,cma_es,1,-1.3864057215489263,10
164,1640,-0.9911350450679768,-0.8002633036224445,0.25985350604979673,0.36095109657046076,1.706265680752676,2205.8114054659964,turtle,cma_es,1,-1.3864057215489263,10
165,1650,-0.9508876145577698,-0.7396858413282021,0.21993372404597952,0.36122289051369455,1.70905568443831,2217.0241156779957,turtle,cma_es,1,-1.3864057215489263,10
166,1660,-0.9909960473592161,-0.6913197788662856,0.26512053775840694,0.3617826174658298,1.7118509992488766,2229.312195327002,turtle,cma_es,1,-1.3864057215489263,10
167,1670,-0.9852512078145077,-0.5603679841633389,0.33488089103985463,0.36222982974456275,1.7144597991801596,2243.5670392850006,turtle,cma_es,1,-1.3864057215489263,10
168,1680,-0.9243030960010037,-0.6496602353793547,0.3248913806774968,0.36258322078143734,1.7168276717325504,2255.827672001993,turtle,cma_es,1,-1.3864057215489263,10
169,1690,-0.9440190536218322,-0.6592919395278104,0.27651001565890104,0.36290438748612736,1.7191114663220046,2271.6379339429986,turtle,cma_es,1,-1.3864057215489263,10
170,1700,-0.8859362191770144,-0.5017290143560839,0.35573287300730433,0.3631944064823666,1.721329226080337,2287.0661522500013,turtle,cma_es,1,-1.3864057215489263,10
171,1710,-0.9261409570769441,-0.7415996920866984,0.21410663061506233,0.36341153187082736,1.7236459698800988,2301.772116395994,turtle,cma_es,1,-1.3864057215489263,10
172,1720,-0.887430039043247,-0.5229001487730408,0.3004480845037904,0.3635549536850365,1.7257895086255346,2311.5036108299973,turtle,cma_es,1,-1.3864057215489263,10
173,1730,-0.982597476914381,-0.8756474335346145,0.06578517675220383,0.3638656350535678,1.7280553207424394,2326.3366477020027,turtle,cma_es,1,-1.3864057215489263,10
174,1740,-0.9178233366056814,-0.5367675627364882,0.31325165110186826,0.36393388294628903,1.7302848592496172,2338.574649918999,turtle,cma_es,1,-1.3864057215489263,10
175,1750,-0.9409138260769785,-0.8892204865305817,0.04772831618865156,0.36409214894144354,1.732725618295141,2349.362613214995,turtle,cma_es,1,-1.3864057215489263,10
176,1760,-0.9972600023612372,-0.6534385196091087,0.3187857014572338,0.3642694572204469,1.7351761109202979,2360.592899366995,turtle,cma_es,1,-1.3864057215489263,10
177,1770,-0.9710912274455961,-0.7168944827028673,0.2910402918498718,0.3643928217278974,1.737576146721313,2374.6634674149973,turtle,cma_es,1,-1.3864057215489263,10
178,1780,-0.9282170944426289,-0.828572827457781,0.07424422205101604,0.364713417210168,1.7403592109809627,2390.3333799440006,turtle,cma_es,1,-1.3864057215489263,10
179,1790,-0.9732162565642835,-0.7257865848668877,0.2812481599742641,0.3651391229245781,1.7432281740858853,2401.062016697004,turtle,cma_es,1,-1.3864057215489263,10
180,1800,-0.8367687736675338,-0.6309793169963844,0.21240367729483922,0.3654688145766324,1.7461201261497084,2412.453808673992,turtle,cma_es,1,-1.3864057215489263,10
181,1810,-0.9571036896961473,-0.6370294204692144,0.2917381643359174,0.36584442989774996,1.7490495494088354,2428.1619302649924,turtle,cma_es,1,-1.3864057215489263,10
182,1820,-0.9845564039020234,-0.7934483753277772,0.13975055346179047,0.3660754969760097,1.752128235688812,2442.268568774991,turtle,cma_es,1,-1.3864057215489263,10
183,1830,-0.9923369861972979,-0.651600243537407,0.2716406650188697,0.36628943632258393,1.7549006398559919,2457.387647729003,turtle,cma_es,1,-1.3864057215489263,10
184,1840,-0.9897212036041108,-0.6418010023489853,0.2852854260702259,0.36645026042581197,1.7577483053619314,2473.8546533949993,turtle,cma_es,1,-1.3864057215489263,10
185,1850,-0.9889128709010899,-0.7844428113322653,0.2521646050746159,0.36669789580974155,1.7608341706569188,2487.7200287960004,turtle,cma_es,1,-1.3864057215489263,10
186,1860,-1.004434848653906,-0.7124963317780454,0.2780363482107381,0.3668108136401661,1.7645826950628913,2498.9992310270027,turtle,cma_es,1,-1.3864057215489263,10
187,1870,-0.9614770510323352,-0.6075835636712734,0.3555420373339671,0.3666614808758338,1.768097223151495,2512.7568883710046,turtle,cma_es,1,-1.3864057215489263,10
188,1880,-0.972306639241193,-0.6894091084587413,0.30102210328338974,0.36641243007640983,1.7712194141373454,2528.931134058992,turtle,cma_es,1,-1.3864057215489263,10
189,1890,-1.0116344249698779,-0.705622998309517,0.3469100045009508,0.3661138495533025,1.7743647971945318,2543.029749014997,turtle,cma_es,1,-1.3864057215489263,10
190,1900,-1.040143862233088,-0.7528330810280306,0.2748248313234527,0.36585705828944115,1.7776361418809672,2557.382774672995,turtle,cma_es,1,-1.3864057215489263,10
191,1910,-1.048535294838346,-0.8405365960185458,0.1307911050395736,0.36543717552475913,1.7806628419682728,2570.8019244799943,turtle,cma_es,1,-1.3864057215489263,10
192,1920,-1.0030439451927986,-0.8161207228646206,0.24413096286121494,0.36494546222248886,1.7834834228674037,2583.619174548003,turtle,cma_es,1,-1.3864057215489263,10
193,1930,-0.9030943973189363,-0.4478164831009467,0.3138182823162791,0.3643353010238136,1.786111055509582,2599.415923909997,turtle,cma_es,1,-1.3864057215489263,10
194,1940,-0.9760389793415136,-0.8106183810630156,0.1552072859904381,0.36366039880954676,1.7886572522376758,2612.5216441179946,turtle,cma_es,1,-1.3864057215489263,10
195,1950,-0.9716717309297609,-0.6643430614351264,0.2824402395295589,0.36325880485588996,1.791043755487324,2623.897991195001,turtle,cma_es,1,-1.3864057215489263,10
196,1960,-0.9498776446892547,-0.7162673429393613,0.2893301815850943,0.36283545687032437,1.7935535619396452,2635.015241867004,turtle,cma_es,1,-1.3864057215489263,10
197,1970,-0.9834889107448452,-0.7628851903284859,0.2628263522829331,0.36241633865632455,1.7959716303026545,2648.023845661999,turtle,cma_es,1,-1.3864057215489263,10
198,1980,-0.9885327504294317,-0.7188081457046743,0.3358056228674545,0.3619106591210669,1.7983441793982884,2661.116599645,turtle,cma_es,1,-1.3864057215489263,10
199,1990,-1.0110813192952435,-0.6908157218448603,0.3127669846301597,0.36147864435587473,1.8010217455429987,2672.6216944140033,turtle,cma_es,1,-1.3864057215489263,10
200,2000,-1.0304390272709547,-0.7861148299105472,0.26188155743057906,0.3611033543481012,1.8035911136237657,2688.3364897769934,turtle,cma_es,1,-1.3864057215489263,10
201,2010,-0.935636143807808,-0.8018067092141091,0.09111953113609225,0.360759266800755,1.806050007205669,2697.2106739169976,turtle,cma_es,1,-1.3864057215489263,10
202,2020,-0.9414426690411677,-0.8389155797062496,0.0900887645705375,0.3604094428989006,1.808647355745236,2712.8925997100014,turtle,cma_es,1,-1.3864057215489263,10
203,2030,-0.9933187299236028,-0.8583123279200422,0.10262977341210813,0.3598248457151397,1.811078195119149,2724.067645617004,turtle,cma_es,1,-1.3864057215489263,10
204,2040,-0.9489536922131325,-0.6445675347623283,0.3047997798366776,0.35925604157054375,1.8133493747582212,2737.5956769579934,turtle,cma_es,1,-1.3864057215489263,10
205,2050,-0.9784191539184794,-0.8796449195519884,0.08321055346522353,0.35870334546394606,1.8155972967502296,2748.0162969469966,turtle,cma_es,1,-1.3864057215489263,10
206,2060,-0.998487125293642,-0.8621955836724069,0.11050977775569819,0.35809646486718355,1.8184065246684977,2760.420264733999,turtle,cma_es,1,-1.3864057215489263,10
207,2070,-0.9762311672437747,-0.8475692007147547,0.10773906417451627,0.3575434704019006,1.8207944193255723,2771.5375244860043,turtle,cma_es,1,-1.3864057215489263,10
208,2080,-0.9685615941269949,-0.6988632954276287,0.22468638795044693,0.3572197146774689,1.8231311100873173,2783.752677616998,turtle,cma_es,1,-1.3864057215489263,10
209,2090,-0.9803346959254569,-0.7307245040388782,0.23069836969536084,0.3566744433327454,1.8252778273360193,2795.696180796993,turtle,cma_es,1,-1.3864057215489263,10
210,2100,-1.0075696165972738,-0.8544460276222825,0.09649324729808371,0.35610411567656663,1.8272855508834904,2809.1698539520003,turtle,cma_es,1,-1.3864057215489263,10
211,2110,-1.033514255835712,-0.6450149300902187,0.3411120829085003,0.35562482061320067,1.8291256196239232,2822.5273705029977,turtle,cma_es,1,-1.3864057215489263,10
212,2120,-0.9221382331395782,-0.5758441151158797,0.2540593694474024,0.35512198865806077,1.8310015358194316,2838.9713362030016,turtle,cma_es,1,-1.3864057215489263,10
213,2130,-0.9832036576531351,-0.7872195830438462,0.18488980462689075,0.3545488948190229,1.8325153007920285,2852.0979744350043,turtle,cma_es,1,-1.3864057215489263,10
214,2140,-0.9897119595900836,-0.8368778898082706,0.11039821711324738,0.3538181081675068,1.8338300221771084,2862.166424786992,turtle,cma_es,1,-1.3864057215489263,10
215,2150,-1.0035113796304413,-0.5368769495156963,0.36094724319720295,0.35319404814606514,1.8351670720024962,2875.155010271992,turtle,cma_es,1,-1.3864057215489263,10
216,2160,-1.007731076701707,-0.655317201374474,0.3026532604242175,0.352494073596726,1.8363872072700862,2887.401841590996,turtle,cma_es,1,-1.3864057215489263,10
217,2170,-1.0457331068453009,-0.6623428988898097,0.30329497339979583,0.35190870309466155,1.8374676102785596,2899.250399879995,turtle,cma_es,1,-1.3864057215489263,10
218,2180,-0.9569327095092426,-0.4959497248525186,0.36523802952430057,0.3513104253328524,1.8386542272284332,2909.5134418929956,turtle,cma_es,1,-1.3864057215489263,10
219,2190,-1.018233316919317,-0.8938955571104497,0.10480743084012686,0.35067449573953585,1.839718779694419,2922.5110997729935,turtle,cma_es,1,-1.3864057215489263,10
220,2200,-0.9674864152467171,-0.6242003185588174,0.23024998674306,0.3500609097215493,1.8405506368011713,2934.587358304998,turtle,cma_es,1,-1.3864057215489263,10
221,2210,-1.0361392740716928,-0.6421989167792724,0.3539487739408346,0.3491598686600151,1.8413185005304886,2946.572768138998,turtle,cma_es,1,-1.3864057215489263,10
222,2220,-1.1261878891913701,-0.7764306943250573,0.27659210346219804,0.3482269772091018,1.8420164574886977,2962.4282539809938,turtle,cma_es,1,-1.3864057215489263,10
223,2230,-1.1076320756172935,-0.671764890395776,0.21708415343285822,0.3474365876898797,1.842655892207266,2975.631080086998,turtle,cma_es,1,-1.3864057215489263,10
224,2240,-0.9866144148386686,-0.5385960424266049,0.36201860874094005,0.3466669508837837,1.8432552413611345,2988.5952543689928,turtle,cma_es,1,-1.3864057215489263,10
225,2250,-1.0191807489560274,-0.8422943087871237,0.21271500799498191,0.3460334110926089,1.8438689916346782,3000.0877867249947,turtle,cma_es,1,-1.3864057215489263,10
226,2260,-1.034439996207281,-0.8236148426030692,0.23975623519305425,0.34563029885346336,1.844270007005139,3010.267809441997,turtle,cma_es,1,-1.3864057215489263,10
227,2270,-1.033093313162711,-0.785649820932572,0.2575382532250015,0.34537366894587657,1.8448515963520067,3026.7552895109984,turtle,cma_es,1,-1.3864057215489263,10
228,2280,-0.9857724460316053,-0.9283121993132696,0.05334124628313743,0.3452682721722477,1.8453145451879043,3040.6613496799982,turtle,cma_es,1,-1.3864057215489263,10
229,2290,-0.9758242307022247,-0.7756765084258074,0.33961659722634174,0.3448098137216968,1.8458053641034218,3054.2781873819913,turtle,cma_es,1,-1.3864057215489263,10
230,2300,-0.9970405693354296,-0.7525331301162248,0.2607468976680433,0.34447496637525526,1.8460511519086253,3065.957164063002,turtle,cma_es,1,-1.3864057215489263,10
231,2310,-1.0068284059456412,-0.7766589618955836,0.27607372915386647,0.34443148167233145,1.8463209809055168,3082.007445177005,turtle,cma_es,1,-1.3864057215489263,10
232,2320,-0.9617896106068162,-0.758554224905739,0.22767095269684004,0.34449326955951604,1.8464750796846892,3092.5668110789993,turtle,cma_es,1,-1.3864057215489263,10
233,2330,-1.0210787835307356,-0.8959119734729454,0.1396242979340043,0.344525707288959,1.846704039080629,3107.3592845759995,turtle,cma_es,1,-1.3864057215489263,10
234,2340,-1.0102222885595458,-0.5487311484288153,0.4795635309740426,0.34452950761858536,1.8471445880371393,3122.7456920319964,turtle,cma_es,1,-1.3864057215489263,10
235,2350,-0.9478861937157106,-0.6781073119528298,0.31999136087628316,0.3446932957344006,1.847445256036654,3135.5612083339947,turtle,cma_es,1,-1.3864057215489263,10
236,2360,-0.9522454865955803,-0.6407079877796141,0.3601182988358027,0.34486813897294955,1.8478289092777813,3148.670401690004,turtle,cma_es,1,-1.3864057215489263,10
237,2370,-1.0665589494449872,-0.7023920069729985,0.4174534719794075,0.34528392224688775,1.848275188394154,3161.2551914799988,turtle,cma_es,1,-1.3864057215489263,10
238,2380,-1.0717030167114778,-0.6779952923087119,0.42338581083393356,0.3454027014040931,1.8489705333165598,3173.0786363009975,turtle,cma_es,1,-1.3864057215489263,10
239,2390,-1.0438703219035057,-0.8524171218367205,0.23058816499823873,0.34549832752736526,1.8494499821799038,3187.0302117099927,turtle,cma_es,1,-1.3864057215489263,10
240,2400,-1.1163844814587778,-0.8351037380746001,0.24300493687661925,0.34561698414614217,1.8496859317456034,3197.9022542599996,turtle,cma_es,1,-1.3864057215489263,10
241,2410,-1.157089617757812,-0.7890951840626528,0.41758123476454695,0.34586096224609736,1.850093176157684,3209.9983505239943,turtle,cma_es,1,-1.3864057215489263,10
242,2420,-1.124952980167703,-0.580292397775276,0.3322777695536288,0.3459990319361848,1.8505273792686654,3224.1747352630045,turtle,cma_es,1,-1.3864057215489263,10
243,2430,-1.1843356751916119,-0.7514722503059749,0.4617424921453475,0.3462088565373988,1.8508996054322149,3236.9011248489987,turtle,cma_es,1,-1.3864057215489263,10
244,2440,-1.212475199040246,-0.8901710964990777,0.264276483840636,0.34634172028817867,1.8513644044430893,3251.751092987004,turtle,cma_es,1,-1.3864057215489263,10
245,2450,-1.203699464787082,-1.000779048410549,0.16897568503842955,0.34650617779884246,1.8524086251576783,3265.687316299998,turtle,cma_es,1,-1.3864057215489263,10
246,2460,-1.1362954958905682,-0.8537498396574484,0.18201083127745804,0.3467019789798074,1.8528487308131605,3278.040278825996,turtle,cma_es,1,-1.3864057215489263,10
247,2470,-1.236831451590338,-0.8586766135544547,0.3515095098102254,0.3468226716204614,1.853386027999831,3295.826748876003,turtle,cma_es,1,-1.3864057215489263,10
248,2480,-1.212624444185833,-0.8143151141984559,0.2757184390306765,0.346944330016656,1.8539995739815782,3310.122725123001,turtle,cma_es,1,-1.3864057215489263,10
249,2490,-1.1628085781537107,-0.9501799397852306,0.17077600531357937,0.34702939275627376,1.8546062029791908,3321.281221430996,turtle,cma_es,1,-1.3864057215489263,10
250,2500,-1.232626859220832,-0.9817442904133579,0.24544029973466483,0.3470483838264214,1.8551399030432831,3333.7164111780003,turtle,cma_es,1,-1.3864057215489263,10
251,2510,-1.281630049678772,-0.9240239267758416,0.24005370820983885,0.347185417349815,1.855718495898684,3348.656779069992,turtle,cma_es,1,-1.3864057215489263,10
252,2520,-1.2489586043368233,-0.8191419344678239,0.24879911206228633,0.34755374288558694,1.8564529090273099,3362.3094739689986,turtle,cma_es,1,-1.3864057215489263,10
253,2530,-1.2320095351436082,-1.0862663865080553,0.09330629556149814,0.34800449038002046,1.857084286697615,3376.0455954920035,turtle,cma_es,1,-1.3864057215489263,10
254,2540,-1.1799553822496263,-0.9079936903407717,0.28430389912449067,0.34864252090444464,1.857592229411521,3390.106893887001,turtle,cma_es,1,-1.3864057215489263,10
255,2550,-1.1876728500539695,-0.9915354353084467,0.21304644102778725,0.3492112313692774,1.858015265013639,3403.0217348709994,turtle,cma_es,1,-1.3864057215489263,10
256,2560,-1.2270918307761223,-0.887513257172672,0.34787822104980953,0.3498314854391739,1.8584303991426665,3414.744476658001,turtle,cma_es,1,-1.3864057215489263,10
257,2570,-1.2876301219424144,-0.8250972966589243,0.29160751149997993,0.3504385730852557,1.85887552616956,3429.2680937599944,turtle,cma_es,1,-1.3864057215489263,10
258,2580,-1.2049220628584534,-0.7209492832011994,0.3201504478243346,0.3510114519326683,1.8591813597623492,3442.1715045979945,turtle,cma_es,1,-1.3864057215489263,10
259,2590,-1.2329332694188553,-0.7372854075727858,0.4521192755153251,0.3514378689780502,1.8596801692765117,3456.500980566998,turtle,cma_es,1,-1.3864057215489263,10
260,2600,-1.1216441463268767,-0.7032163916338694,0.2774355755402042,0.3519683511598715,1.8603111240292471,3469.6132147140015,turtle,cma_es,1,-1.3864057215489263,10
261,2610,-1.2429230792858519,-0.8513343750983402,0.2831019806722757,0.3526142213703724,1.8606652862449433,3482.8160880389914,turtle,cma_es,1,-1.3864057215489263,10
262,2620,-1.164062330982106,-0.8668608482474681,0.3217841957510678,0.35310577545387506,1.860981303350573,3499.453958415994,turtle,cma_es,1,-1.3864057215489263,10
263,2630,-1.1948837968663177,-1.0628072937807684,0.13170554405049373,0.3535418116449344,1.861628141169668,3513.563218796,turtle,cma_es,1,-1.3864057215489263,10
264,2640,-1.2745050983648154,-1.018497861412657,0.32677435304063707,0.3540728638943391,1.8622390999004446,3529.3966091570037,turtle,cma_es,1,-1.3864057215489263,10
265,2650,-1.3150711312117611,-0.9920572322244011,0.3775179097538324,0.35465493544902016,1.8627202304734327,3540.5909913109936,turtle,cma_es,1,-1.3864057215489263,10
266,2660,-1.2494974189722825,-0.9961082471480995,0.1668574831296237,0.3554618747879737,1.8630664917534951,3556.130195110003,turtle,cma_es,1,-1.3864057215489263,10
267,2670,-1.2215524288286987,-1.0211659881645985,0.18582109853841924,0.35606189921834075,1.8634346879297754,3568.410422543995,turtle,cma_es,1,-1.3864057215489263,10
268,2680,-1.1568868271904256,-0.9390488090171111,0.23363009928431716,0.35678726542510203,1.8636586097521124,3581.346716371001,turtle,cma_es,1,-1.3864057215489263,10
269,2690,-1.2544285643942823,-0.8689031573087156,0.3811344353183249,0.3577748152661779,1.8640354563208574,3596.554135530998,turtle,cma_es,1,-1.3864057215489263,10
270,2700,-1.1957844544862821,-0.972867671087343,0.17547807617449301,0.35869479978110586,1.8643049121420296,3608.350763472001,turtle,cma_es,1,-1.3864057215489263,10
271,2710,-1.1654797119851814,-1.0028755474228468,0.19076519173582634,0.35959553492437696,1.8648862214989843,3622.1375452420034,turtle,cma_es,1,-1.3864057215489263,10
272,2720,-1.1973728755572974,-0.8932059475192373,0.3697303440220329,0.36047780473129837,1.8653660371531007,3638.5003941210016,turtle,cma_es,1,-1.3864057215489263,10
273,2730,-1.1904954600308066,-0.8890531498683696,0.3456575613891932,0.3612566614145583,1.8659177187079194,3653.665255496002,turtle,cma_es,1,-1.3864057215489263,10
274,2740,-1.2306434519765554,-0.8434484858796797,0.4166322657045437,0.36191959567503124,1.8663669547586992,3663.2968489579944,turtle,cma_es,1,-1.3864057215489263,10
275,2750,-1.1244397161696336,-0.7598692533319908,0.46011575799654075,0.36242324631119976,1.8668655427931742,3675.6552813409944,turtle,cma_es,1,-1.3864057215489263,10
276,2760,-1.229426664259571,-0.9203672683215313,0.32003090729167705,0.3630436223580594,1.8673898384630823,3685.713117765001,turtle,cma_es,1,-1.3864057215489263,10
277,2770,-1.228763677242565,-0.9593276660118335,0.2866703186751464,0.3635020630428941,1.8680076977147644,3699.929473369004,turtle,cma_es,1,-1.3864057215489263,10
278,2780,-1.198148299933786,-1.0275751426521127,0.1920182929823358,0.36382241420263606,1.8686513073473832,3714.1213023689925,turtle,cma_es,1,-1.3864057215489263,10
279,2790,-1.2679413926897816,-1.0962746887380233,0.13779187156562622,0.36424875229200565,1.8691945857500776,3727.886899268997,turtle,cma_es,1,-1.3864057215489263,10
280,2800,-1.2555266757236998,-0.9727865804629188,0.29508590963944115,0.36473872005571245,1.8699282888492,3740.7320639020036,turtle,cma_es,1,-1.3864057215489263,10
281,2810,-1.277829234581966,-1.0150234425690918,0.3394549532974462,0.36545615827153505,1.870701306762475,3756.9870271940017,turtle,cma_es,1,-1.3864057215489263,10
282,2820,-1.2337236203663418,-0.9667393582309586,0.26307502596513777,0.365887227131461,1.8715041475646628,3768.182189373998,turtle,cma_es,1,-1.3864057215489263,10
283,2830,-1.2371486123464912,-1.0012791519660296,0.25252653084087673,0.36638081636485326,1.872718987330368,3779.0681522469968,turtle,cma_es,1,-1.3864057215489263,10
284,2840,-1.2324199906237236,-0.846171351379985,0.4379173891352708,0.3667918634864028,1.873214795013827,3789.139972082994,turtle,cma_es,1,-1.3864057215489263,10
285,2850,-1.2671672959195597,-1.1157083232797578,0.13220000638159127,0.3672399163279451,1.8736629764535322,3802.1547367110034,turtle,cma_es,1,-1.3864057215489263,10
286,2860,-1.276458419611438,-0.9528577293088224,0.3867612051496286,0.3675641969267381,1.874105388724108,3813.9348287210014,turtle,cma_es,1,-1.3864057215489263,10
287,2870,-1.2943563865966796,-0.93491601787143,0.4364423024563787,0.36784130866049763,1.8747137702736703,3825.5093502770033,turtle,cma_es,1,-1.3864057215489263,10
288,2880,-1.3136909419549667,-1.0078288609444808,0.4393246412965818,0.36816085799179543,1.8754382219560217,3837.621148310005,turtle,cma_es,1,-1.3864057215489263,10
289,2890,-1.3259994742056183,-1.2058197003396043,0.14702406103938806,0.3684075604673791,1.876022999830123,3848.4539588909975,turtle,cma_es,1,-1.3864057215489263,10
290,2900,-1.3068312367898214,-0.939059227924807,0.40182230008249215,0.3682307756174658,1.876746984973894,3862.658922511997,turtle,cma_es,1,-1.3864057215489263,10
291,2910,-1.260958315448332,-0.982239449181631,0.3203856011515008,0.3679904782132643,1.8773085710193285,3877.1339696689975,turtle,cma_es,1,-1.3864057215489263,10
292,2920,-1.3031890363126104,-1.03615887317237,0.3312046181588151,0.3674746816246701,1.8781436468665813,3891.164835225005,turtle,cma_es,1,-1.3864057215489263,10
293,2930,-1.3073157608250225,-0.8772063576915217,0.5000830474082669,0.3669336467223824,1.8786469445383491,3902.624471289004,turtle,cma_es,1,-1.3864057215489263,10
294,2940,-1.2523436325022503,-1.1301626966237681,0.1255225411147659,0.36638137837679013,1.8792856799731503,3914.309619206004,turtle,cma_es,1,-1.3864057215489263,10
295,2950,-1.279126573295656,-0.8916389311678415,0.3864639920863656,0.36567861770165916,1.879913873240098,3930.6090405150026,turtle,cma_es,1,-1.3864057215489263,10
296,2960,-1.303428986732988,-0.843371615160577,0.45420264255835396,0.36514743884899675,1.8807185783306308,3944.2186501219985,turtle,cma_es,1,-1.3864057215489263,10
297,2970,-1.305967814069522,-0.9090784511930007,0.5600645509126625,0.36468455052560644,1.8814436790305207,3957.818799863002,turtle,cma_es,1,-1.3864057215489263,10
298,2980,-1.2605703397302142,-0.8332026456992407,0.42295064393354925,0.3644177678782321,1.8823096006735656,3969.5749790099944,turtle,cma_es,1,-1.3864057215489263,10
299,2990,-1.243354973254874,-0.8124329595830833,0.5549914893465848,0.3642857606566478,1.8835864173511168,3980.583978768991,turtle,cma_es,1,-1.3864057215489263,10
300,3000,-1.2245886486586093,-0.8394101627445331,0.37491471961370515,0.3642292523642194,1.8849258296657538,3993.932842950002,turtle,cma_es,1,-1.3864057215489263,10
301,3010,-1.2571226186966884,-0.9569950824302665,0.2913899129124954,0.36426781598225855,1.8861207858511424,4011.184809629005,turtle,cma_es,1,-1.3864057215489263,10
302,3020,-1.3036406165995649,-0.8608458568437662,0.4384564122751162,0.36417385407341785,1.8873622500138536,4027.3246750879916,turtle,cma_es,1,-1.3864057215489263,10
303,3030,-1.2499052843949743,-0.9555861121849855,0.31937837953054365,0.3641209769373556,1.888782911424412,4043.846902007994,turtle,cma_es,1,-1.3864057215489263,10
304,3040,-1.2774423748480377,-0.8541765332061655,0.3795608422067799,0.3640487247329769,1.8899477036604537,4061.796259512994,turtle,cma_es,1,-1.3864057215489263,10
305,3050,-1.2852763861048535,-1.0822012622972035,0.21423133507675035,0.36421005374827653,1.8909166805547817,4076.8331791389937,turtle,cma_es,1,-1.3864057215489263,10
306,3060,-1.272815793751544,-1.0460435215651147,0.22711986894208408,0.36411812646201547,1.8919536191999842,4094.7433042280027,turtle,cma_es,1,-1.3864057215489263,10
307,3070,-1.232212193280196,-0.8673689604731247,0.3895198327709348,0.3642234549190177,1.893016513927167,4107.676970783999,turtle,cma_es,1,-1.3864057215489263,10
308,3080,-1.2511150207902473,-1.0378096827956853,0.21371645598832803,0.36446617390545677,1.8940112880347528,4122.679717888997,turtle,cma_es,1,-1.3864057215489263,10
309,3090,-1.2536611413262868,-0.9025420652217637,0.42903416000618866,0.364622215202593,1.8949963912666785,4137.298924995994,turtle,cma_es,1,-1.3864057215489263,10
310,3100,-1.2577083830165936,-0.806786144623781,0.4603878507643653,0.3649545044419269,1.8963635844323294,4150.797257461993,turtle,cma_es,1,-1.3864057215489263,10
311,3110,-1.2300252606636102,-0.747414481368263,0.5049500970184296,0.36514567445201374,1.8975341484358499,4164.974377842998,turtle,cma_es,1,-1.3864057215489263,10
312,3120,-1.216191603029647,-1.0720056251999879,0.0984555311862281,0.3653913785369561,1.8985734236817027,4178.452770838005,turtle,cma_es,1,-1.3864057215489263,10
313,3130,-1.2749465996236982,-0.989245739935353,0.3567999247403822,0.3657397982495402,1.8996103709465886,4188.988921583994,turtle,cma_es,1,-1.3864057215489263,10
314,3140,-1.2828098224833822,-0.7853384803051766,0.5444213829948638,0.3660464193099971,1.9007552324022436,4200.326673592994,turtle,cma_es,1,-1.3864057215489263,10
315,3150,-1.235844425278092,-0.607372136363453,0.5419675663640489,0.36639131534490343,1.901779107021907,4215.592883196005,turtle,cma_es,1,-1.3864057215489263,10
316,3160,-1.2264499953348666,-0.7519357074736664,0.49022276950836935,0.3665614217546832,1.9030489205665035,4229.223595067,turtle,cma_es,1,-1.3864057215489263,10
317,3170,-1.2371221639566796,-0.9120006651739807,0.4626073760501624,0.36670792430753085,1.9044893519902026,4243.363247058005,turtle,cma_es,1,-1.3864057215489263,10
318,3180,-1.2030752602218318,-0.9144956143598275,0.2950957131993226,0.36659498590216555,1.9057411180110935,4254.888984852994,turtle,cma_es,1,-1.3864057215489263,10
319,3190,-1.2864043086814867,-1.1350851711054912,0.171481766565677,0.3664632804309533,1.9070132306224172,4265.219301502992,turtle,cma_es,1,-1.3864057215489263,10
320,3200,-1.2689131131426494,-0.968495672345966,0.507604255607927,0.36638440442719267,1.9083219883216715,4278.299846759997,turtle,cma_es,1,-1.3864057215489263,10
321,3210,-1.2482490494065956,-1.0380272060103874,0.32467366777252016,0.36617496593922594,1.9095867866834573,4290.606699399999,turtle,cma_es,1,-1.3864057215489263,10
322,3220,-1.2504888594331014,-0.9638538998504924,0.327129253991541,0.3656968149101658,1.9108887962269607,4303.258565929995,turtle,cma_es,1,-1.3864057215489263,10
323,3230,-1.2356329950739458,-1.0824112065471911,0.28424022444617125,0.3650242077695193,1.9124487809708846,4314.866573113992,turtle,cma_es,1,-1.3864057215489263,10
324,3240,-1.3056555109971617,-1.186319785264951,0.06116472787499866,0.36429024172643215,1.9138684946401863,4326.588411457997,turtle,cma_es,1,-1.3864057215489263,10
325,3250,-1.3661666655160696,-1.0523498723001938,0.3837562068477335,0.3635864619006009,1.9151792351059356,4340.669718003992,turtle,cma_es,1,-1.3864057215489263,10
326,3260,-1.31374615383809,-1.1629413070524712,0.19694849530138756,0.36293799347439526,1.9163147947036023,4355.1942524869955,turtle,cma_es,1,-1.3864057215489263,10
327,3270,-1.2857445501890954,-0.7674622635597123,0.46965505964650955,0.36256399827193664,1.9173068249455238,4366.450039467993,turtle,cma_es,1,-1.3864057215489263,10
328,3280,-1.3049601562474926,-1.2301954044592052,0.058628187970973154,0.36207372382705266,1.9182260060542962,4381.907097439995,turtle,cma_es,1,-1.3864057215489263,10
329,3290,-1.3022103847200706,-0.906394384364868,0.5302194822547524,0.3614046950533955,1.919249143370067,4393.361488101,turtle,cma_es,1,-1.3864057215489263,10
330,3300,-1.318584046804931,-0.809862782240496,0.4971061662623455,0.3606050484956066,1.9201879377744964,4407.614810824001,turtle,cma_es,1,-1.3864057215489263,10
331,3310,-1.347968775975037,-0.8897124422943066,0.4719001388793742,0.35992265512754973,1.9212121977544012,4420.106953309994,turtle,cma_es,1,-1.3864057215489263,10
332,3320,-1.3817051375736238,-1.179912282865119,0.24842223016027573,0.3592695568411106,1.9219931482080181,4433.738489295996,turtle,cma_es,1,-1.3864057215489263,10
333,3330,-1.3355955004963125,-1.2227994935247648,0.1328226105520707,0.3584566795623986,1.9228588728497265,4445.022972081992,turtle,cma_es,1,-1.3864057215489263,10
334,3340,-1.362467753535907,-0.8833045408135621,0.5515994611664866,0.3577432692977304,1.9238186689666614,4457.015519408,turtle,cma_es,1,-1.3864057215489263,10
335,3350,-1.3302923211469375,-0.9816983847148844,0.48273537861067467,0.35704659684798695,1.9247999059309173,4468.601391945995,turtle,cma_es,1,-1.3864057215489263,10
336,3360,-1.3191021116916763,-0.807438240324012,0.4968817564140015,0.3565824586592016,1.9257288416115694,4480.044666439004,turtle,cma_es,1,-1.3864057215489263,10
337,3370,-1.3482702247128442,-1.1226290492540076,0.38927558589946754,0.356220911900952,1.9265499038053615,4493.814490235993,turtle,cma_es,1,-1.3864057215489263,10
338,3380,-1.3559517332277302,-0.7875657516024412,0.4930942772960831,0.35580183987084585,1.9276241551737412,4507.029650764001,turtle,cma_es,1,-1.3864057215489263,10
339,3390,-1.2963370103218157,-1.018395701041206,0.3195138985859682,0.3553738112004644,1.9287064191056258,4519.186838327005,turtle,cma_es,1,-1.3864057215489263,10
340,3400,-1.2877766993389637,-0.9270947456418517,0.45871660602376013,0.3551068585324377,1.9297506132854112,4532.932696044998,turtle,cma_es,1,-1.3864057215489263,10
341,3410,-1.3228036211899674,-1.0777602428727695,0.35083791692272154,0.35495803170827467,1.9309054627125861,4545.003927369995,turtle,cma_es,1,-1.3864057215489263,10
342,3420,-1.3245205619568718,-1.1775514262307598,0.14519205761561563,0.3550140685985317,1.9321815316207922,4556.002233452004,turtle,cma_es,1,-1.3864057215489263,10
343,3430,-1.3220750616168155,-0.9315002210410604,0.44160158188120163,0.3549833957902437,1.9333573155128256,4571.480908541998,turtle,cma_es,1,-1.3864057215489263,10
344,3440,-1.328127044087661,-1.187251189884753,0.1688030340078178,0.35508968884619685,1.934503094298578,4583.090502651001,turtle,cma_es,1,-1.3864057215489263,10
345,3450,-1.3188300476378245,-1.0393521552137173,0.38058038610577305,0.35521664389558844,1.935771029274649,4597.560215024001,turtle,cma_es,1,-1.3864057215489263,10
346,3460,-1.3228486015624066,-1.062050724392305,0.3277112913257923,0.3552059105808543,1.9370799318979108,4612.005886183993,turtle,cma_es,1,-1.3864057215489263,10
347,3470,-1.3278844674604322,-1.2468281386470952,0.1385728221997968,0.35525332098203244,1.938602993539109,4623.448507783003,turtle,cma_es,1,-1.3864057215489263,10
348,3480,-1.335970570899046,-1.2681867176629193,0.07031833760765467,0.3553733335751758,1.9399914185395697,4635.958984664001,turtle,cma_es,1,-1.3864057215489263,10
349,3490,-1.360195439469928,-1.1874229745067546,0.21874486224678336,0.3553802399477263,1.9408267965061659,4649.426761481998,turtle,cma_es,1,-1.3864057215489263,10
350,3500,-1.3270537479548805,-1.0965406227380903,0.3455550449510189,0.3555403334698105,1.9418091871089629,4662.138676902003,turtle,cma_es,1,-1.3864057215489263,10
351,3510,-1.3343347811811226,-1.2499093452935626,0.11658388524351018,0.3555098516358906,1.9428981145894813,4678.231363115003,turtle,cma_es,1,-1.3864057215489263,10
352,3520,-1.3441887397470165,-1.1755642246721982,0.1823509443716752,0.3552306288245851,1.9438978591977119,4689.076966630993,turtle,cma_es,1,-1.3864057215489263,10
353,3530,-1.3549210626449186,-1.1162990211463388,0.32647595455238,0.3548349139826355,1.9448582046019887,4703.836082950991,turtle,cma_es,1,-1.3864057215489263,10
354,3540,-1.335220014904726,-1.2448950438290547,0.12686451443607183,0.35448119618809615,1.9457360483657888,4717.663228399993,turtle,cma_es,1,-1.3864057215489263,10
355,3550,-1.3426114351726905,-1.2607787012309426,0.08949372004301856,0.3541084506066563,1.9465846776456897,4732.677162688997,turtle,cma_es,1,-1.3864057215489263,10
356,3560,-1.3433434962517028,-1.1410257551639387,0.24736937121501026,0.35395140612858017,1.9478022529013275,4745.777225055994,turtle,cma_es,1,-1.3864057215489263,10
357,3570,-1.3734123154871138,-1.1816862814284825,0.2817011773037309,0.35370637756230755,1.9488347147861145,4758.439066118997,turtle,cma_es,1,-1.3864057215489263,10
358,3580,-1.344484104507269,-1.3020101175377063,0.045036805028676956,0.35346780512560144,1.9496117876320476,4774.896620332991,turtle,cma_es,1,-1.3864057215489263,10
359,3590,-1.3341465113906361,-1.1644747539458413,0.17920671123662923,0.35318911808743614,1.9506995892348005,4787.151047348991,turtle,cma_es,1,-1.3864057215489263,10
360,3600,-1.3760675816270345,-1.1470776136255023,0.33659121578267676,0.35277931093932496,1.9518360314139955,4799.950550698995,turtle,cma_es,1,-1.3864057215489263,10
361,3610,-1.3289196324588763,-1.0966167463986918,0.3928113376098978,0.3522623459967966,1.9525250731559085,4815.203423649,turtle,cma_es,1,-1.3864057215489263,10
362,3620,-1.3712638525703076,-1.1812339967741543,0.21161842130371686,0.3517202161088983,1.9531443496039835,4827.914333584995,turtle,cma_es,1,-1.3864057215489263,10
363,3630,-1.3605101954527283,-1.2005808610676578,0.3608870344341533,0.3511863537410831,1.9540027236450175,4839.889604868993,turtle,cma_es,1,-1.3864057215489263,10
364,3640,-1.3811496199414028,-1.1462340724537534,0.39502457482992354,0.35079357222452734,1.9547327421615368,4852.593046741997,turtle,cma_es,1,-1.3864057215489263,10
365,3650,-1.3698228252606386,-1.2437503921523478,0.19804864332342656,0.3504723238675903,1.9553345701619704,4864.654997177,turtle,cma_es,1,-1.3864057215489263,10
366,3660,-1.3781021863214837,-1.0779659547106395,0.4711252010853915,0.35023503080707813,1.9559106190417528,4877.3823531160015,turtle,cma_es,1,-1.3864057215489263,10
367,3670,-1.3534331217500801,-1.1809383314669124,0.3106138369534117,0.3500975209521391,1.9564589525798286,4892.286534731,turtle,cma_es,1,-1.3864057215489263,10
368,3680,-1.3807688513175487,-1.2197050660936095,0.2903156672637717,0.34999592626264336,1.9571347332615618,4906.737869368997,turtle,cma_es,1,-1.3864057215489263,10
369,3690,-1.3497880296869615,-0.9570361962859399,0.5211321180447215,0.34992653422622766,1.9579041852361647,4919.922682004995,turtle,cma_es,1,-1.3864057215489263,10
370,3700,-1.3958492838198273,-0.8804760158880793,0.4456205318647956,0.3502605752483481,1.9587347656421776,4936.012912300997,turtle,cma_es,1,-1.3958492838198273,10
371,3710,-1.3780979261955748,-0.7721063946399911,0.46254235613380684,0.35062393983191703,1.959434817935542,4949.367093499997,turtle,cma_es,1,-1.3958492838198273,10
372,3720,-1.3117366007055606,-0.9967427585460129,0.408741525646719,0.35082404150693236,1.9602273115783242,4961.244195113002,turtle,cma_es,1,-1.3958492838198273,10
373,3730,-1.346512988673056,-0.9270044078660209,0.4823437061371057,0.35073033351072197,1.9611096552423666,4979.059131832997,turtle,cma_es,1,-1.3958492838198273,10
374,3740,-1.3514802109084263,-0.720691133280869,0.509360374896788,0.3504984498934866,1.9619175284323154,4991.088800472993,turtle,cma_es,1,-1.3958492838198273,10
375,3750,-1.3452203437423575,-1.0953846061660193,0.3997767606239497,0.3502802772000305,1.9631390363618224,5003.780740225993,turtle,cma_es,1,-1.3958492838198273,10
376,3760,-1.4041138762222731,-1.2513633853224129,0.2525427158200374,0.34988270088199774,1.9638488254537427,5016.174689405001,turtle,cma_es,1,-1.4041138762222731,10
377,3770,-1.395755042852068,-1.1667820884099167,0.3803532632013997,0.34955743022152147,1.964651679638332,5031.218667944995,turtle,cma_es,1,-1.4041138762222731,10
378,3780,-1.3788446319568939,-1.2851689896260923,0.10817415746365143,0.34941808293459964,1.9652465392444187,5044.071893772998,turtle,cma_es,1,-1.4041138762222731,10
379,3790,-1.3582198187054075,-1.0595933407222797,0.504646597578829,0.34939664599331066,1.965576769901543,5060.901281928993,turtle,cma_es,1,-1.4041138762222731,10
380,3800,-1.3511183509840032,-1.0571750357136633,0.34953582636359126,0.34907433481534506,1.9661086888335446,5074.336820552999,turtle,cma_es,1,-1.4041138762222731,10
381,3810,-1.386158794266339,-1.001591162193683,0.3466035936258189,0.348792011845574,1.9664944294455144,5085.923455696,turtle,cma_es,1,-1.4041138762222731,10
382,3820,-1.3670025998452466,-0.9489173177194588,0.3408568962573191,0.34858185741073705,1.9668528187932837,5097.056131285004,turtle,cma_es,1,-1.4041138762222731,10
383,3830,-1.3390622917763748,-0.9357700829053066,0.46626883893610377,0.3482293637900089,1.96704888122788,5110.959176930992,turtle,cma_es,1,-1.4041138762222731,10
384,3840,-1.312423083829307,-1.0648554027590555,0.3487483067225975,0.34785868182883317,1.9674564901615528,5124.9438856049965,turtle,cma_es,1,-1.4041138762222731,10
385,3850,-1.3168774608207734,-1.0522574588511677,0.36354233971542704,0.34752478338105525,1.9674939927011141,5138.690184784995,turtle,cma_es,1,-1.4041138762222731,10
386,3860,-1.3350026162718063,-1.1976169408848754,0.17254187205914565,0.34713244387143266,1.967627054599449,5147.9102593839925,turtle,cma_es,1,-1.4041138762222731,10
387,3870,-1.3300029825530961,-1.2057445600848307,0.11882469997933753,0.34666698227879833,1.9677627373838356,5160.027529250001,turtle,cma_es,1,-1.4041138762222731,10
388,3880,-1.3174625971976255,-0.9605359233298195,0.41634682191941724,0.34614633782035986,1.967901504019448,5171.174851988995,turtle,cma_es,1,-1.4041138762222731,10
389,3890,-1.3296340840750434,-1.174997538939056,0.33506056988150895,0.3454895093201611,1.9680093133298333,5184.349640101005,turtle,cma_es,1,-1.4041138762222731,10
390,3900,-1.3232018010876443,-1.015869371994535,0.41725015001385335,0.3449710482114854,1.9682004865174836,5197.157311939998,turtle,cma_es,1,-1.4041138762222731,10
391,3910,-1.3258921482730344,-0.7317609200872207,0.5821641223948952,0.3445489950752488,1.9682630303836142,5209.559933953002,turtle,cma_es,1,-1.4041138762222731,10
392,3920,-1.3485831127989263,-0.7996887090321037,0.5587854238633216,0.3442014973684783,1.9683221268443905,5223.2746615539945,turtle,cma_es,1,-1.4041138762222731,10
393,3930,-1.3416217894247255,-1.1797691450476897,0.20544945928978608,0.34377514289082645,1.968403669911975,5235.796926377996,turtle,cma_es,1,-1.4041138762222731,10
394,3940,-1.3282323201112405,-0.8870841326016479,0.4704913179042165,0.3434524066169146,1.9684290911646871,5248.978250561995,turtle,cma_es,1,-1.4041138762222731,10
395,3950,-1.340708137127396,-1.0552388502295444,0.4696804775030438,0.3430426072180118,1.968644555670498,5261.724903037,turtle,cma_es,1,-1.4041138762222731,10
396,3960,-1.3048345272583717,-1.1048389310010291,0.20026656273292823,0.3427544412471926,1.9687759854854354,5271.928163003002,turtle,cma_es,1,-1.4041138762222731,10
397,3970,-1.327540738680156,-0.8822284083755474,0.5292318300431749,0.34267481937671873,1.9688915030063532,5283.296002667994,turtle,cma_es,1,-1.4041138762222731,10
398,3980,-1.3454817531469674,-1.1861709129710643,0.2293948824275952,0.342485507378725,1.9689282035560398,5298.237846475997,turtle,cma_es,1,-1.4041138762222731,10
399,3990,-1.3029800546958201,-0.9558578176199258,0.40816515852446694,0.3424035991811556,1.9693235125943933,5310.335489243997,turtle,cma_es,1,-1.4041138762222731,10
400,4000,-1.324933982566991,-0.8039560648522759,0.46780373218273547,0.34246994701092703,1.9692666131923116,5324.448786734996,turtle,cma_es,1,-1.4041138762222731,10
401,4010,-1.3345525799551616,-0.8579647890012982,0.4763392124334857,0.3426825952274645,1.9693600192801508,5338.685903395992,turtle,cma_es,1,-1.4041138762222731,10
402,4020,-1.2748443891483578,-0.7054366105804013,0.48682126809301307,0.34294598702159834,1.9696986658385192,5352.780959440992,turtle,cma_es,1,-1.4041138762222731,10
403,4030,-1.3402654867073043,-0.5099232557142688,0.508848861087992,0.34307048132541196,1.9698977614822955,5365.503900509997,turtle,cma_es,1,-1.4041138762222731,10
404,4040,-1.3812082268108012,-0.8909037531400964,0.4443328302314467,0.3431954132911489,1.9703203010816117,5376.253006457002,turtle,cma_es,1,-1.4041138762222731,10
405,4050,-1.3502658019428342,-0.9743478867915627,0.4581646285736242,0.34321566864790914,1.9706371959192834,5388.265542106004,turtle,cma_es,1,-1.4041138762222731,10
406,4060,-1.2977477206537076,-0.9792720782626378,0.3682219607591973,0.3432814019780819,1.971254622923954,5400.829931615997,turtle,cma_es,1,-1.4041138762222731,10
407,4070,-1.361434818389502,-1.1681898448853414,0.2609499412671022,0.34331535886321674,1.9716168414253195,5414.2261473109975,turtle,cma_es,1,-1.4041138762222731,10
408,4080,-1.3784672517008874,-1.1883949374751919,0.29806767815025614,0.343164372326867,1.9717746065563941,5428.234787704001,turtle,cma_es,1,-1.4041138762222731,10
409,4090,-1.3799605095707426,-1.1997983829748609,0.2700796463813811,0.3431647936688826,1.97208971639629,5442.5275491509965,turtle,cma_es,1,-1.4041138762222731,10
410,4100,-1.3524576026085997,-1.3166827552328222,0.02852697255699929,0.34326621065727814,1.9721948594319152,5453.342399607995,turtle,cma_es,1,-1.4041138762222731,10
411,4110,-1.3740781890804419,-1.2832790369797642,0.07578882667994183,0.3430615256073831,1.9721293460486633,5467.120610689992,turtle,cma_es,1,-1.4041138762222731,10
412,4120,-1.3585112827910555,-0.9834019163406984,0.451673729698073,0.342713116422929,1.9722606379624876,5480.940916206004,turtle,cma_es,1,-1.4041138762222731,10
413,4130,-1.3889926564778872,-1.2683853165254875,0.09312574935373175,0.3425139483830073,1.9726881745934133,5497.010002247,turtle,cma_es,1,-1.4041138762222731,10
414,4140,-1.36062464637412,-1.2207083962595071,0.14797594093570507,0.3425290156561501,1.972850588428361,5507.751297241994,turtle,cma_es,1,-1.4041138762222731,10
415,4150,-1.3392902573835102,-1.1648724978966274,0.3083890338643501,0.34258643791827104,1.973145659254406,5524.616274011991,turtle,cma_es,1,-1.4041138762222731,10
416,4160,-1.3439757431458714,-1.2504911150720424,0.13472211112300844,0.3426040487693348,1.9734339542210857,5537.762089784999,turtle,cma_es,1,-1.4041138762222731,10
417,4170,-1.3576264898895296,-1.2296658781883405,0.23734179205196673,0.34249365225811285,1.973656666850144,5551.2174400509975,turtle,cma_es,1,-1.4041138762222731,10
418,4180,-1.349333750940243,-1.1598541847230799,0.312024866819693,0.34232673121802537,1.9739822352544742,5563.746573329001,turtle,cma_es,1,-1.4041138762222731,10
419,4190,-1.3283801734070009,-1.1951649811964713,0.09610083428376871,0.34239541530275375,1.9743041295068484,5575.292488898995,turtle,cma_es,1,-1.4041138762222731,10
420,4200,-1.3370019985397894,-1.1856361461976,0.25522723386056306,0.3424369394507375,1.974824290682364,5587.276359301992,turtle,cma_es,1,-1.4041138762222731,10
421,4210,-1.33488644071653,-1.2273834535202117,0.14146531434350598,0.34232775525976056,1.9753780497280846,5599.0384429319965,turtle,cma_es,1,-1.4041138762222731,10
422,4220,-1.339813028827992,-1.008471364385642,0.3816732913756382,0.34220407195155156,1.9762932082217968,5610.309639978004,turtle,cma_es,1,-1.4041138762222731,10
423,4230,-1.31949276854957,-1.0339457117655295,0.3535490471050431,0.342165910142036,1.9770305879426133,5623.764599194998,turtle,cma_es,1,-1.4041138762222731,10
424,4240,-1.3679853773853425,-0.9211489577643415,0.4761455086345137,0.34210821584368195,1.9777976994724276,5636.943527459996,turtle,cma_es,1,-1.4041138762222731,10
425,4250,-1.323621330266083,-1.1300415394018004,0.3876191766117841,0.3419332471841757,1.9787885005001742,5651.265953344991,turtle,cma_es,1,-1.4041138762222731,10
426,4260,-1.3582021007251308,-1.1945259527119436,0.14465717861205835,0.3414724867143197,1.9795638173999726,5664.563804391,turtle,cma_es,1,-1.4041138762222731,10
427,4270,-1.3691198819982917,-1.1700470894803512,0.2376646296136919,0.3412005466597889,1.980370442280921,5678.927512377995,turtle,cma_es,1,-1.4041138762222731,10
428,4280,-1.3130833602592453,-0.7099479172248339,0.5199101023705628,0.3407818878079695,1.9808469754917608,5692.839939037993,turtle,cma_es,1,-1.4041138762222731,10
429,4290,-1.3372029509888934,-1.0129481405714378,0.3807510877381707,0.34008544393769846,1.9815231873641908,5704.815519037991,turtle,cma_es,1,-1.4041138762222731,10
430,4300,-1.316133008815581,-0.9887698534771594,0.3455647371042546,0.3395860008944265,1.982483599915028,5716.150109385999,turtle,cma_es,1,-1.4041138762222731,10
431,4310,-1.3454508351732066,-1.161304513464632,0.3561742605499543,0.3389640702819149,1.9836226217973065,5729.792969285991,turtle,cma_es,1,-1.4041138762222731,10
432,4320,-1.3236447542781997,-0.9893581314755423,0.39761820539623705,0.33842357157956643,1.9844923785439166,5747.222128534995,turtle,cma_es,1,-1.4041138762222731,10
433,4330,-1.345988430950845,-0.8897054638271857,0.5264993257622429,0.33804876935686295,1.985296683867238,5761.0818102399935,turtle,cma_es,1,-1.4041138762222731,10
434,4340,-1.3610783562536826,-1.113383386962632,0.38516295948247,0.337983284233908,1.9861387105018915,5774.474107086993,turtle,cma_es,1,-1.4041138762222731,10
435,4350,-1.4035502180668322,-0.8103913723198382,0.5792976819269011,0.3378811657952621,1.986856200385611,5784.995491466994,turtle,cma_es,1,-1.4041138762222731,10
436,4360,-1.3318290145723157,-1.0297245998375995,0.3901431044581839,0.3377198237467695,1.9876709488256283,5800.632793949,turtle,cma_es,1,-1.4041138762222731,10
437,4370,-1.3656611157304823,-1.1328421719048656,0.36815782266678954,0.33763971698494366,1.988237953299758,5813.402642233996,turtle,cma_es,1,-1.4041138762222731,10
438,4380,-1.3762791474440128,-1.1979455149815947,0.3657547385142541,0.3376242078998541,1.9889304934420151,5826.291637810995,turtle,cma_es,1,-1.4041138762222731,10
439,4390,-1.363978955119383,-0.9763833569932938,0.5005235939597296,0.33760591424448316,1.9895489357878644,5838.563910451005,turtle,cma_es,1,-1.4041138762222731,10
440,4400,-1.3747615094161745,-1.0007685789719392,0.43476335237526076,0.33771539410198703,1.9900956858883287,5854.968499986993,turtle,cma_es,1,-1.4041138762222731,10
441,4410,-1.3659168497433063,-1.308202442356583,0.04950082020526377,0.3377910404947783,1.9906783915442028,5868.1387325370015,turtle,cma_es,1,-1.4041138762222731,10
442,4420,-1.3557143180737175,-1.2603771816610123,0.10728279693796253,0.3377349594052128,1.991272372148782,5879.980185206994,turtle,cma_es,1,-1.4041138762222731,10
443,4430,-1.3671711865246445,-1.207699242827375,0.37359850902118813,0.3377628317897935,1.992134906335024,5894.052362496994,turtle,cma_es,1,-1.4041138762222731,10
444,4440,-1.374654209526672,-1.2178726395468487,0.25808856427660065,0.3377850753348251,1.9929861871279926,5905.223139063004,turtle,cma_es,1,-1.4041138762222731,10
445,4450,-1.402760539911732,-1.2073439022304826,0.28607901643644296,0.3377477112298283,1.9937546548500926,5918.447070424998,turtle,cma_es,1,-1.4041138762222731,10
446,4460,-1.3764296685824329,-1.0735719226063671,0.40474872230766845,0.3377391330352205,1.9945235002303767,5934.868668176001,turtle,cma_es,1,-1.4041138762222731,10
447,4470,-1.3996633063404644,-1.2844588821824297,0.09313010339759296,0.3375908050311057,1.9950502448659786,5949.890939887991,turtle,cma_es,1,-1.4041138762222731,10
448,4480,-1.3869823133588888,-1.0065033362497784,0.4658660662589543,0.3373639437729122,1.9959300914932678,5962.420567328998,turtle,cma_es,1,-1.4041138762222731,10
449,4490,-1.359674554846709,-1.1589010514916442,0.35120979165020016,0.3369269290654409,1.9965446534507596,5978.0748096669995,turtle,cma_es,1,-1.4041138762222731,10
450,4500,-1.3684306528011216,-1.1435843975244429,0.26344937706858246,0.33647840257716916,1.9971446580336092,5991.734681274,turtle,cma_es,1,-1.4041138762222731,10
451,4510,-1.3474704486461215,-1.0026312088458231,0.3804801417013084,0.3360591493252835,1.9979527932627272,6005.340521263992,turtle,cma_es,1,-1.4041138762222731,10
452,4520,-1.3940461401748134,-0.9494183822235488,0.43856332374204166,0.33578257363252817,1.9985158205884728,6017.799725794001,turtle,cma_es,1,-1.4041138762222731,10
453,4530,-1.342254281344312,-0.9439654595960689,0.4435395028131062,0.3353417782714756,1.9993252787495732,6029.556798196005,turtle,cma_es,1,-1.4041138762222731,10
454,4540,-1.3472796636164857,-1.2368903499130774,0.17483261386160903,0.3350819062879198,2.000186708024453,6045.546078803003,turtle,cma_es,1,-1.4041138762222731,10
455,4550,-1.3708686873821865,-0.9859948321294116,0.46635202567756157,0.3351630759460844,2.0010763632890654,6057.128263482999,turtle,cma_es,1,-1.4041138762222731,10
456,4560,-1.3566614184345598,-1.0096428472196177,0.4145594172348703,0.3352677660542447,2.002180645253875,6071.136028217996,turtle,cma_es,1,-1.4041138762222731,10
457,4570,-1.3644332528821934,-1.2678861014455016,0.07046889151348949,0.3353308020409164,2.0029062178252715,6086.099884638999,turtle,cma_es,1,-1.4041138762222731,10
458,4580,-1.3738404420874915,-1.0454863677371455,0.4057409563719259,0.3355075523327351,2.0037277580444797,6098.671488890992,turtle,cma_es,1,-1.4041138762222731,10
459,4590,-1.316899508367106,-1.033221157699216,0.3674304897384774,0.3358144742660524,2.0046587860416665,6111.015937969001,turtle,cma_es,1,-1.4041138762222731,10
460,4600,-1.379499625478247,-1.2066619885072978,0.23934417738667801,0.3359638733713145,2.005762942197002,6122.825318934003,turtle,cma_es,1,-1.4041138762222731,10
461,4610,-1.3658632745464354,-1.2015705441759317,0.3170464623725077,0.3359830658320829,2.0067578589602673,6137.612064096,turtle,cma_es,1,-1.4041138762222731,10
462,4620,-1.3483557085170146,-1.0182469367880818,0.3984358885041286,0.33599775133328025,2.0077914871228515,6150.591376664001,turtle,cma_es,1,-1.4041138762222731,10
463,4630,-1.3655694436352954,-1.0056315394266597,0.42237932400780764,0.3359031948958511,2.00865614741516,6164.765674455004,turtle,cma_es,1,-1.4041138762222731,10
464,4640,-1.3612990040899202,-1.2043244079840765,0.2332065468851447,0.335863661568726,2.0095553879516634,6177.387622732,turtle,cma_es,1,-1.4041138762222731,10
465,4650,-1.3577626300946672,-0.9747856342214807,0.4242416297178734,0.3359282029953299,2.010177618013163,6191.924407380997,turtle,cma_es,1,-1.4041138762222731,10
466,4660,-1.3361117816487642,-1.051683829476517,0.3728419634792864,0.336120391946399,2.0107938815037314,6204.207290870996,turtle,cma_es,1,-1.4041138762222731,10
467,4670,-1.3335363287077637,-0.5804618603919216,0.4983610130568677,0.33649599217152054,2.0114306164771043,6218.711416759004,turtle,cma_es,1,-1.4041138762222731,10
468,4680,-1.3526850387731546,-0.9407454750422714,0.4930179673011022,0.33671521729637394,2.012204768598937,6232.422294917997,turtle,cma_es,1,-1.4041138762222731,10
469,4690,-1.3630868701967271,-1.092456584440154,0.3045046088281097,0.33674313814551343,2.0129851598308437,6246.581877814999,turtle,cma_es,1,-1.4041138762222731,10
470,4700,-1.36458618931316,-1.143860989055246,0.37405303167642,0.3370144732099512,2.0141484666775655,6259.722216772003,turtle,cma_es,1,-1.4041138762222731,10
471,4710,-1.3690735133971232,-0.9362801732294994,0.3986610352223417,0.33728981603063213,2.0162950748930895,6275.121042583996,turtle,cma_es,1,-1.4041138762222731,10
472,4720,-1.3636012250567946,-1.0212658028199504,0.29994640478620743,0.3376784175565428,2.0180550890330804,6288.633119231992,turtle,cma_es,1,-1.4041138762222731,10
473,4730,-1.3508146795779448,-0.9335107579529659,0.4809740893135622,0.337928343283685,2.0194730351318433,6299.823246276996,turtle,cma_es,1,-1.4041138762222731,10
474,4740,-1.375299411881537,-1.2785914532923113,0.09189846168883055,0.33799276092557123,2.0208735829903257,6310.900337214,turtle,cma_es,1,-1.4041138762222731,10
475,4750,-1.337071389843742,-1.0618270051295355,0.29461134567267144,0.3380548153489158,2.0223579895860895,6325.283140066997,turtle,cma_es,1,-1.4041138762222731,10
476,4760,-1.33377660257658,-1.0920374493995866,0.35720454582366734,0.33791805584587303,2.0239995007641736,6337.6348024219915,turtle,cma_es,1,-1.4041138762222731,10
477,4770,-1.3915076571629514,-1.192068360931372,0.343735429679385,0.33774829663066014,2.0257567335559834,6350.112795120993,turtle,cma_es,1,-1.4041138762222731,10
478,4780,-1.375063560096618,-1.1865353464682387,0.2978737690640278,0.3377503176431812,2.027278832612672,6361.157190655998,turtle,cma_es,1,-1.4041138762222731,10
479,4790,-1.3644775999400958,-1.1193129366606474,0.3198471972364292,0.33761476100298066,2.0291008926713423,6374.837762142997,turtle,cma_es,1,-1.4041138762222731,10
480,4800,-1.3826189942433125,-1.2705917235772408,0.13667296058100853,0.3376775781053714,2.030878222446685,6388.8555738139985,turtle,cma_es,1,-1.4041138762222731,10
481,4810,-1.3549013217698898,-1.3112134474428263,0.05199199919328141,0.33769613085854133,2.0324622520310403,6401.956504981994,turtle,cma_es,1,-1.4041138762222731,10
482,4820,-1.3603896222807803,-0.924428492868849,0.39711140109293563,0.337754964640149,2.034848493870847,6414.484910361003,turtle,cma_es,1,-1.4041138762222731,10
483,4830,-1.3750217156738413,-1.14402686112926,0.3444126292140703,0.33765230596874046,2.036988470909548,6431.638029308,turtle,cma_es,1,-1.4041138762222731,10
484,4840,-1.379694330326383,-1.2530427439311977,0.08880672982637784,0.33738677711385395,2.039056802545377,6444.4074494550005,turtle,cma_es,1,-1.4041138762222731,10
485,4850,-1.3616131920780843,-1.099043752923628,0.38430810891712214,0.3372289547700371,2.0413034340065304,6458.339676096002,turtle,cma_es,1,-1.4041138762222731,10
486,4860,-1.3918013389193469,-1.3295082694533362,0.03447207389361615,0.3368241728957121,2.043511698445238,6469.908822295998,turtle,cma_es,1,-1.4041138762222731,10
487,4870,-1.3637394689022324,-1.234763043838162,0.14780193827193744,0.3364827232826517,2.045848341672074,6484.205196914001,turtle,cma_es,1,-1.4041138762222731,10
488,4880,-1.383081989201962,-1.2441514963037223,0.22242680896036535,0.3362518487663745,2.0480979567839688,6500.126018722993,turtle,cma_es,1,-1.4041138762222731,10
489,4890,-1.3953402559936432,-1.2955890752427461,0.10123173566238818,0.33605472936273983,2.050207728876679,6514.057008641001,turtle,cma_es,1,-1.4041138762222731,10
490,4900,-1.3842327482771948,-1.293414435305913,0.08581949925396701,0.33597658852380113,2.052907324898851,6524.642198809001,turtle,cma_es,1,-1.4041138762222731,10
491,4910,-1.3696046342775938,-1.026093366746912,0.38889112385208713,0.33588252901064053,2.0553485532679137,6538.720393062991,turtle,cma_es,1,-1.4041138762222731,10
492,4920,-1.3567496689802327,-1.2004355651170993,0.3321732569962654,0.3359670154286765,2.0578825201224484,6552.026357052993,turtle,cma_es,1,-1.4041138762222731,10
493,4930,-1.3684929112811082,-1.3031833713238041,0.0721360659136323,0.3358433544443623,2.060663292547628,6566.410070387996,turtle,cma_es,1,-1.4041138762222731,10
494,4940,-1.3596081173021748,-1.3124738903745672,0.052988408097894485,0.33591170679377313,2.0633267853209287,6579.667009415003,turtle,cma_es,1,-1.4041138762222731,10
495,4950,-1.3770599195568165,-1.2086806953791656,0.21807427213771136,0.33592350140692306,2.066012028499952,6593.660474037999,turtle,cma_es,1,-1.4041138762222731,10
496,4960,-1.3678948281550687,-1.272364641312396,0.12507132691558512,0.3360437600557096,2.0687394092885683,6605.615844214,turtle,cma_es,1,-1.4041138762222731,10
497,4970,-1.3639555362618268,-1.2737656125943817,0.09873760337072568,0.33619173040792233,2.071703023306676,6618.332731319999,turtle,cma_es,1,-1.4041138762222731,10
498,4980,-1.353043868099646,-1.1119128186831202,0.3279022670259737,0.3363174066775522,2.0743648899908194,6631.910725241003,turtle,cma_es,1,-1.4041138762222731,10
499,4990,-1.3541752368717477,-1.216094968297575,0.19675337036512502,0.33620895554746105,2.0767043911967082,6645.9367863389925,turtle,cma_es,1,-1.4041138762222731,10
500,5000,-1.3622486242130574,-1.1924448324643397,0.35652309367063,0.3360123272800682,2.078557909331133,6661.289115984997,turtle,cma_es,1,-1.4041138762222731,10
501,5010,-1.3655161219318899,-1.3110459153920806,0.05934615375294474,0.33587097775148783,2.0804365732362977,6675.907480537993,turtle,cma_es,1,-1.4041138762222731,10
502,5020,-1.3426820520808587,-1.2724523618348056,0.13176969052076845,0.3356928339716568,2.082220092081219,6686.604989494997,turtle,cma_es,1,-1.4041138762222731,10
503,5030,-1.3788804050718673,-1.1754362454389704,0.2994956624311713,0.33547413538649323,2.08409725870282,6698.602017026002,turtle,cma_es,1,-1.4041138762222731,10
504,5040,-1.350763514089392,-1.2486744279290387,0.11550105281982609,0.3354488483771017,2.0864388065129513,6710.698897162001,turtle,cma_es,1,-1.4041138762222731,10
505,5050,-1.3505959650528885,-1.1941150371332707,0.206855942405476,0.3354305089727868,2.089933361579027,6724.995746674991,turtle,cma_es,1,-1.4041138762222731,10
506,5060,-1.373332374005324,-1.2424513469387743,0.10580640093451106,0.3353104244159959,2.0925451051454433,6734.8282940770005,turtle,cma_es,1,-1.4041138762222731,10
507,5070,-1.378484769912884,-1.3034938974110666,0.07119393398621336,0.3352199348416347,2.095014035608393,6748.784146313992,turtle,cma_es,1,-1.4041138762222731,10
508,5080,-1.389392697080659,-1.213931040247811,0.17173070969671428,0.3351886921589009,2.0975397356412127,6764.738487099996,turtle,cma_es,1,-1.4041138762222731,10
509,5090,-1.3789363012786273,-1.268516135379733,0.09404439282693078,0.3350338501616999,2.0998780401157697,6778.131087023998,turtle,cma_es,1,-1.4041138762222731,10
510,5100,-1.3759348940007392,-1.3208470186746455,0.050627030784903625,0.33483034338924667,2.1021585713122493,6790.082573501,turtle,cma_es,1,-1.4041138762222731,10
511,5110,-1.3704055106132964,-1.2050270662561453,0.2641626722743867,0.3349186964422466,2.1043764201212216,6802.262760280995,turtle,cma_es,1,-1.4041138762222731,10
512,5120,-1.367337838351709,-1.3400644742746717,0.025425653713775125,0.3349263203866781,2.1065738526453672,6814.079324958002,turtle,cma_es,1,-1.4041138762222731,10
513,5130,-1.381443568206838,-1.2631037433151149,0.1634727530960427,0.334882334533305,2.1085273638236988,6829.445738775001,turtle,cma_es,1,-1.4041138762222731,10
514,5140,-1.3971874711369825,-1.03235995588973,0.3745172078135011,0.33489708316502315,2.1103316194677633,6842.865187806994,turtle,cma_es,1,-1.4041138762222731,10
515,5150,-1.3624752752968643,-1.2486965371314325,0.12913879563708344,0.3347521254575168,2.11183101687841,6856.062395079003,turtle,cma_es,1,-1.4041138762222731,10
516,5160,-1.3686471398041702,-1.248470984121336,0.2321463733845008,0.3346203510413628,2.113437066187985,6871.157362062004,turtle,cma_es,1,-1.4041138762222731,10
517,5170,-1.36573854801612,-1.1925493228968311,0.28858740334668304,0.33426375208075876,2.1148817154644273,6882.339195994995,turtle,cma_es,1,-1.4041138762222731,10
518,5180,-1.3710960774291303,-1.0953161281219557,0.42877586424798864,0.333733721597459,2.1162924682085253,6897.923096080005,turtle,cma_es,1,-1.4041138762222731,10
519,5190,-1.3997184601947819,-1.3285560088907105,0.06233026301017625,0.3335282773135831,2.117844531388545,6912.812116749003,turtle,cma_es,1,-1.4041138762222731,10
520,5200,-1.4068894314305913,-1.2604610520385833,0.2624550512594711,0.3331638748806684,2.1195117092414058,6926.460903706,turtle,cma_es,1,-1.4068894314305913,10
521,5210,-1.3676577538021633,-1.1933509162133735,0.29645394374520234,0.33262040713058,2.12099995758423,6937.707139124002,turtle,cma_es,1,-1.4068894314305913,10
522,5220,-1.3471116214627488,-1.1772063006309725,0.18718731958994428,0.3320023967343533,2.1225675049568067,6949.631749098,turtle,cma_es,1,-1.4068894314305913,10
523,5230,-1.3640053502959173,-1.0569656994029224,0.4223841455434018,0.3313394757636693,2.123927761562866,6965.682044649002,turtle,cma_es,1,-1.4068894314305913,10
524,5240,-1.366264208848257,-1.0794812780140792,0.4430695230761372,0.33078762477583096,2.1254784550566077,6980.104018188998,turtle,cma_es,1,-1.4068894314305913,10
525,5250,-1.3877085751257132,-1.3163270682971344,0.059866859731267846,0.3303482576790911,2.1267848886982286,6992.652542769996,turtle,cma_es,1,-1.4068894314305913,10
526,5260,-1.3835366433453924,-1.0448945989895833,0.428976458906121,0.3298179611864161,2.1278598072135835,7002.808483155997,turtle,cma_es,1,-1.4068894314305913,10
527,5270,-1.3807539212705962,-0.9321859550715412,0.502757519266013,0.32924437492788716,2.1291918855352825,7017.790828883997,turtle,cma_es,1,-1.4068894314305913,10
528,5280,-1.3686597548032786,-1.0445859164229123,0.3921468243394159,0.3287525646973898,2.130368909992277,7030.178319243991,turtle,cma_es,1,-1.4068894314305913,10
529,5290,-1.3862288414635087,-1.1871120159367299,0.27463102341159484,0.32821005785743074,2.131549077096602,7043.047322341998,turtle,cma_es,1,-1.4068894314305913,10
530,5300,-1.3858833558214805,-1.0294719250465745,0.43027790218935136,0.32770539453149056,2.13261670204253,7055.985225539,turtle,cma_es,1,-1.4068894314305913,10
531,5310,-1.384703641171087,-1.0658198565470047,0.3897456394049066,0.3270461152280497,2.1335311801817216,7070.961714618999,turtle,cma_es,1,-1.4068894314305913,10
532,5320,-1.395478799517738,-1.2425487068981653,0.19690198984101764,0.3263075221527105,2.1346826824240677,7082.495666089992,turtle,cma_es,1,-1.4068894314305913,10
533,5330,-1.3701000236932677,-1.1767263467791858,0.3024123354088375,0.32552889794616424,2.135431032425665,7097.478571200001,turtle,cma_es,1,-1.4068894314305913,10
534,5340,-1.3899898182253727,-1.3327686082493666,0.04016312018004928,0.3249709419996077,2.1362728788416883,7111.789257929995,turtle,cma_es,1,-1.4068894314305913,10
535,5350,-1.3715492305287835,-1.1309545046082086,0.3810722413118823,0.3243946291983916,2.1369874487884895,7128.137737726996,turtle,cma_es,1,-1.4068894314305913,10
536,5360,-1.3681351465230769,-1.3398666611306769,0.022030999808627938,0.3237437323760072,2.137539091325912,7140.858602905995,turtle,cma_es,1,-1.4068894314305913,10
537,5370,-1.4007408678253341,-1.3035453344960755,0.07898679998947362,0.32293602714962266,2.138060062627044,7151.995084619994,turtle,cma_es,1,-1.4068894314305913,10
538,5380,-1.3922796977718255,-1.268371098872145,0.1626329845024174,0.32224415352838737,2.138781935473155,7164.226453259005,turtle,cma_es,1,-1.4068894314305913,10
539,5390,-1.3841986275883658,-1.1637485637482885,0.3826974423067836,0.3214702573837248,2.1398209961714243,7176.216933296004,turtle,cma_es,1,-1.4068894314305913,10
540,5400,-1.3626489208321013,-0.8658491635466936,0.5187855691272231,0.3208222752970725,2.1405142159873174,7191.300933723993,turtle,cma_es,1,-1.4068894314305913,10
541,5410,-1.3824762464078937,-1.2222163559009254,0.305791370907135,0.3201364384180931,2.14156949491176,7204.071425832997,turtle,cma_es,1,-1.4068894314305913,10
542,5420,-1.3929563767691882,-1.2543021573004007,0.23004521811897854,0.31958168555829425,2.142226961894569,7216.492567672991,turtle,cma_es,1,-1.4068894314305913,10
543,5430,-1.3813767397217722,-1.2213411334215167,0.3141744887350219,0.3189198788125437,2.1429596923147107,7230.890042469997,turtle,cma_es,1,-1.4068894314305913,10
544,5440,-1.3544696497626818,-1.1257161814721415,0.21127240013768553,0.3183487481436016,2.143542161775888,7242.865597876997,turtle,cma_es,1,-1.4068894314305913,10
545,5450,-1.3758822411895082,-1.1630234289765506,0.3221740463649072,0.3178917583317574,2.1442963185763824,7257.428885257992,turtle,cma_es,1,-1.4068894314305913,10
546,5460,-1.35852476671334,-1.0511489889309946,0.31846773242355053,0.3173046174217717,2.144901450610763,7268.586885194993,turtle,cma_es,1,-1.4068894314305913,10
547,5470,-1.3915700169941374,-1.1950793899835799,0.25951410481919746,0.3166585235861123,2.1455208355008906,7283.798564366996,turtle,cma_es,1,-1.4068894314305913,10
548,5480,-1.3561821300665269,-1.1295817793706138,0.21744191325298987,0.31603967720696396,2.1462460394591854,7296.647181637993,turtle,cma_es,1,-1.4068894314305913,10
549,5490,-1.372239676848797,-1.208447812468863,0.2705548819700098,0.3153867493379964,2.14728254710284,7308.499398457003,turtle,cma_es,1,-1.4068894314305913,10
550,5500,-1.3965392853064618,-0.9601549477804842,0.4633772373279898,0.31452467592808053,2.1482219865106913,7318.702757808991,turtle,cma_es,1,-1.4068894314305913,10
551,5510,-1.3755531508391536,-1.3073179051118486,0.09796120337368758,0.31384937687387837,2.1493206062507495,7332.472017095002,turtle,cma_es,1,-1.4068894314305913,10
552,5520,-1.371833959164789,-1.0545966118394818,0.2645888221575197,0.31330333072805167,2.150672939226659,7343.525035401995,turtle,cma_es,1,-1.4068894314305913,10
553,5530,-1.3939327224438847,-1.2524681060477139,0.19785770962524393,0.31286542801814476,2.152164694060976,7354.036443317003,turtle,cma_es,1,-1.4068894314305913,10
554,5540,-1.3463212219317873,-1.0572060083575063,0.39175054041405644,0.31244860466559893,2.1533751019959233,7366.797685254001,turtle,cma_es,1,-1.4068894314305913,10
555,5550,-1.4043241897185341,-0.899766333705476,0.489975682728786,0.3119958181624859,2.1545292047419187,7377.1860862439935,turtle,cma_es,1,-1.4068894314305913,10
556,5560,-1.3708098924608816,-1.1997942348559507,0.21629301548736904,0.3116472740642114,2.1560106186403187,7389.245538880001,turtle,cma_es,1,-1.4068894314305913,10
557,5570,-1.4088236614034777,-1.2216721216993378,0.17963152152455725,0.31147065449903377,2.1572329067005924,7402.125080311991,turtle,cma_es,1,-1.4088236614034777,10
558,5580,-1.3805267135186305,-1.2057232825018567,0.25119018459593373,0.3111943433476143,2.158402557033083,7415.249185733002,turtle,cma_es,1,-1.4088236614034777,10
559,5590,-1.4016631417252068,-1.1977641201801066,0.3256819804462818,0.31103964022072145,2.1592502570474927,7427.698600226999,turtle,cma_es,1,-1.4088236614034777,10
560,5600,-1.3743598322082313,-1.2840486248093719,0.1290800283465022,0.3108706625334344,2.160199527004463,7439.943460151,turtle,cma_es,1,-1.4088236614034777,10
561,5610,-1.3782430738520937,-1.1773481168545774,0.33166727523997175,0.31054742969426724,2.161156925578438,7453.249759162994,turtle,cma_es,1,-1.4088236614034777,10
562,5620,-1.36859984495152,-1.1041960032914235,0.369493332018446,0.31007345794742297,2.162167436806171,7467.622898414993,turtle,cma_es,1,-1.4088236614034777,10
563,5630,-1.3929473077328431,-1.2439444689592623,0.09176878583410607,0.30971598363272945,2.1633308280529477,7478.613055791997,turtle,cma_es,1,-1.4088236614034777,10
564,5640,-1.37016442182074,-1.2788999444996179,0.10034175412032657,0.3092503911642665,2.164209023721524,7488.675737073994,turtle,cma_es,1,-1.4088236614034777,10
565,5650,-1.377409684719992,-1.3294508558509892,0.04210171062692804,0.30859534195658905,2.165060982333087,7499.164918244991,turtle,cma_es,1,-1.4088236614034777,10
566,5660,-1.3628276067898568,-1.2141002476219742,0.20084988289260416,0.30799193334349523,2.1655772609204775,7511.262913942992,turtle,cma_es,1,-1.4088236614034777,10
567,5670,-1.35288510272842,-1.166726778272094,0.314611653816944,0.3076354400068626,2.166111270012347,7524.6825937910035,turtle,cma_es,1,-1.4088236614034777,10
568,5680,-1.388949456749125,-1.1689354893892312,0.3056708955647515,0.3075602737821901,2.1666767944305345,7538.154380423992,turtle,cma_es,1,-1.4088236614034777,10
569,5690,-1.3913512936296355,-1.3381482952313177,0.04156836405788749,0.30748835741425223,2.1673289506976716,7550.520033081004,turtle,cma_es,1,-1.4088236614034777,10
570,5700,-1.394549395066269,-1.2640291523590659,0.1868702798863509,0.30743285571919676,2.16799369100215,7564.917072552998,turtle,cma_es,1,-1.4088236614034777,10
571,5710,-1.363466906455395,-1.007935829223241,0.4243661959963785,0.30732184375117455,2.1684566578715097,7578.9256610869925,turtle,cma_es,1,-1.4088236614034777,10
572,5720,-1.3761597435245907,-1.348242647965198,0.020773408902146864,0.3072702069716942,2.169064068183404,7591.206939287993,turtle,cma_es,1,-1.4088236614034777,10
573,5730,-1.3707209659231605,-1.2768246350965171,0.14384335470279266,0.3072938945354935,2.1697399345670987,7603.489948361996,turtle,cma_es,1,-1.4088236614034777,10
574,5740,-1.3583499659770055,-1.3203079647986897,0.0433898341681214,0.3073362451297336,2.1701593140701814,7617.959476390999,turtle,cma_es,1,-1.4088236614034777,10
575,5750,-1.3566467391965835,-1.3003730004964589,0.07949021950467969,0.30742825610620705,2.1706642274233996,7630.596228469003,turtle,cma_es,1,-1.4088236614034777,10
576,5760,-1.35702935306856,-1.217843569953248,0.10738164515250835,0.30754438217649305,2.1711187731927275,7643.341736522998,turtle,cma_es,1,-1.4088236614034777,10
577,5770,-1.391485065945866,-1.2928029907350482,0.11847272119040964,0.30760602476003585,2.1716636214335256,7657.6231986119965,turtle,cma_es,1,-1.4088236614034777,10
578,5780,-1.3667369008006327,-1.2440898552002282,0.29179402768559076,0.3077340686303019,2.172201550444439,7668.822797154004,turtle,cma_es,1,-1.4088236614034777,10
579,5790,-1.3734622205540292,-1.0614522283233978,0.4076727497978921,0.30794880709793376,2.1726817773604785,7682.3346915260045,turtle,cma_es,1,-1.4088236614034777,10
580,5800,-1.3801508264517537,-1.1200731883602917,0.38356176609003045,0.308189321032398,2.1736785021503557,7698.078094451004,turtle,cma_es,1,-1.4088236614034777,10
581,5810,-1.4054510555158934,-1.2720645293439705,0.1704122154020257,0.3085460698747114,2.1744487273148803,7713.219339739997,turtle,cma_es,1,-1.4088236614034777,10
582,5820,-1.3872374569040993,-1.3426184731955029,0.02595582340525941,0.3089009021034653,2.1750710604977335,7723.290391404997,turtle,cma_es,1,-1.4088236614034777,10
583,5830,-1.3943134180823558,-1.2294076662871405,0.3869111144457336,0.30921276289551974,2.1755826026595693,7735.990229446994,turtle,cma_es,1,-1.4088236614034777,10
584,5840,-1.3703315151287159,-1.1288772769416364,0.4113001711576431,0.30961424161622214,2.1760383216146226,7748.259391928994,turtle,cma_es,1,-1.4088236614034777,10
585,5850,-1.3749364305227276,-1.291286166164624,0.09145820412848282,0.3100838214945587,2.17651002208898,7762.302655620995,turtle,cma_es,1,-1.4088236614034777,10
586,5860,-1.384917945148481,-0.9478660485191304,0.5711322033141734,0.3105121540850742,2.177002538309274,7775.077875100003,turtle,cma_es,1,-1.4088236614034777,10
587,5870,-1.3626399598832162,-1.17367591827417,0.29077165369015573,0.3109212688879749,2.1774548178374284,7786.380097328991,turtle,cma_es,1,-1.4088236614034777,10
588,5880,-1.3707777296993795,-1.327017953503868,0.042030577342778416,0.3112292880987042,2.1777320552180326,7798.071656482993,turtle,cma_es,1,-1.4088236614034777,10
589,5890,-1.3764899642337758,-1.2548425400122347,0.2243344358684349,0.3114892666466699,2.1783296745078617,7810.860444581995,turtle,cma_es,1,-1.4088236614034777,10
590,5900,-1.3849095928008808,-1.235313167213226,0.25910186377309774,0.31156426870311854,2.178926007764614,7820.604036429999,turtle,cma_es,1,-1.4088236614034777,10
591,5910,-1.3620450152239938,-1.3227342746970971,0.024392185553136072,0.3116897623477661,2.17922011339671,7833.050651564001,turtle,cma_es,1,-1.4088236614034777,10
592,5920,-1.382202407631759,-1.299655824055798,0.1110596592147455,0.31168817504905655,2.1795912745877537,7846.9331359049975,turtle,cma_es,1,-1.4088236614034777,10
593,5930,-1.3953309066498152,-1.0121294638461207,0.526054769627535,0.3115042181903783,2.179829124044678,7863.398810700994,turtle,cma_es,1,-1.4088236614034777,10
594,5940,-1.3686205469359622,-1.268247678621631,0.1152057685863123,0.31131607688543556,2.1800241638932167,7880.373391250003,turtle,cma_es,1,-1.4088236614034777,10
595,5950,-1.3879698573817247,-1.2686426763939145,0.1603515768401903,0.31098761346446085,2.1802571436068114,7892.060131167993,turtle,cma_es,1,-1.4088236614034777,10
596,5960,-1.3732424094580802,-1.0897908067698712,0.5091631390218477,0.3105080603086028,2.180695970831224,7907.2890147989965,turtle,cma_es,1,-1.4088236614034777,10
597,5970,-1.3547959116348869,-1.191258660824006,0.14611267982116372,0.3102433235263881,2.1809494871875645,7919.149917012997,turtle,cma_es,1,-1.4088236614034777,10
598,5980,-1.3705681929671334,-1.279213271227587,0.08447475451375054,0.31003540887223346,2.181522382297589,7933.502240952992,turtle,cma_es,1,-1.4088236614034777,10
599,5990,-1.3931901287250898,-1.2608488707271839,0.18718159602074405,0.3096816812612568,2.1816734985774913,7947.383984522996,turtle,cma_es,1,-1.4088236614034777,10
600,6000,-1.3781799774296664,-1.0987744136155988,0.4498975730108166,0.30931916824305566,2.182482777467229,7965.357620576004,turtle,cma_es,1,-1.4088236614034777,10
601,6010,-1.3980116745076812,-1.351007258789613,0.03653685651349941,0.3089711472468658,2.183630580866645,7979.651467167001,turtle,cma_es,1,-1.4088236614034777,10
602,6020,-1.3964478248849135,-1.2127041528541564,0.15175021730221155,0.308407751645363,2.184837134792223,7994.4571296409995,turtle,cma_es,1,-1.4088236614034777,10
603,6030,-1.3802167416841344,-1.1100782587990494,0.4291929459381031,0.3080353621507404,2.1858675491251733,8009.847943308996,turtle,cma_es,1,-1.4088236614034777,10
604,6040,-1.3611833877702715,-1.0648374377374918,0.49177818294478853,0.3076888985292936,2.1869119455795003,8025.0070413130015,turtle,cma_es,1,-1.4088236614034777,10
605,6050,-1.3855045794714034,-1.232700600124624,0.21922997363630348,0.3073613250754484,2.1881258591331796,8041.463844722995,turtle,cma_es,1,-1.4088236614034777,10
606,6060,-1.3344246732309628,-1.1269941801793055,0.20787593640579105,0.30713546841171047,2.1893216279550725,8054.233711845998,turtle,cma_es,1,-1.4088236614034777,10
607,6070,-1.372732387747984,-1.0077782913955722,0.3506327658893973,0.30680087288578156,2.190365887533219,8070.572156171998,turtle,cma_es,1,-1.4088236614034777,10
608,6080,-1.3682342444038538,-0.6326335733147367,0.3747917926377541,0.30659876567491884,2.1915508918062416,8086.435007045991,turtle,cma_es,1,-1.4088236614034777,10
609,6090,-1.3349226222765243,-0.9372074305888354,0.31602244204871716,0.3064125769512822,2.1927262992132586,8100.481798515,turtle,cma_es,1,-1.4088236614034777,10
610,6100,-1.3626931660343669,-1.1394745751046624,0.22649619383827024,0.306246123908613,2.1939748495657176,8113.402569019003,turtle,cma_es,1,-1.4088236614034777,10
611,6110,-1.3994198133752942,-1.1444108871398873,0.3034551530153983,0.3061163652245137,2.1953872487459423,8123.737278109998,turtle,cma_es,1,-1.4088236614034777,10
612,6120,-1.3835966283422536,-1.2816387556285407,0.11856763542555898,0.30593212747601,2.1967154030424947,8137.032301205996,turtle,cma_es,1,-1.4088236614034777,10
613,6130,-1.3878642559012215,-1.2211684038347232,0.1780240938898268,0.3059148927003162,2.198221979789671,8148.455608349002,turtle,cma_es,1,-1.4088236614034777,10
614,6140,-1.373130226941865,-1.3237962954113058,0.060634247528555944,0.30592097922265377,2.199603210013036,8163.242262831991,turtle,cma_es,1,-1.4088236614034777,10
615,6150,-1.3556971394064137,-1.113485538298331,0.28367599613547817,0.3058829102670007,2.200974736499728,8175.1126609939965,turtle,cma_es,1,-1.4088236614034777,10
616,6160,-1.3680103592236534,-1.1993271131299206,0.2564725277290579,0.305879970264741,2.2023864968830758,8188.189893556992,turtle,cma_es,1,-1.4088236614034777,10
617,6170,-1.3667200531311083,-1.2131237916660529,0.17679724849494868,0.30592785871826267,2.203749305248761,8203.723160517999,turtle,cma_es,1,-1.4088236614034777,10
618,6180,-1.372686088736402,-1.0043884328144543,0.40657843142416167,0.30597500061595767,2.2054930920044336,8215.887725402004,turtle,cma_es,1,-1.4088236614034777,10
619,6190,-1.3719259197965377,-1.191227801990674,0.2615329701598336,0.3060128519044907,2.207197548035517,8229.931918534,turtle,cma_es,1,-1.4088236614034777,10
620,6200,-1.3748524215268239,-1.2577477341751404,0.0822402600726412,0.3060642889414012,2.209286596058823,8239.965324839999,turtle,cma_es,1,-1.4088236614034777,10
621,6210,-1.3672772853455397,-1.1611761725339647,0.3581387576439202,0.30605727123667553,2.210797265432119,8253.511305292996,turtle,cma_es,1,-1.4088236614034777,10
622,6220,-1.3652008862720528,-1.292053569431022,0.06827320849199654,0.30599735762095104,2.2128585797394735,8267.733013942998,turtle,cma_es,1,-1.4088236614034777,10
623,6230,-1.3714891648803906,-1.234616416356515,0.12069907664469236,0.30598061072748084,2.2147131189781284,8280.345724565996,turtle,cma_es,1,-1.4088236614034777,10
624,6240,-1.373732648061548,-1.1475562991387283,0.38921862294644716,0.30587335418064227,2.2163225725497298,8293.027890486002,turtle,cma_es,1,-1.4088236614034777,10
625,6250,-1.4248981312525366,-1.3295600122963287,0.05425722329875311,0.30587036096405706,2.2180192516570973,8308.985927855,turtle,cma_es,1,-1.4248981312525366,10
626,6260,-1.394119781755685,-1.2674865079378086,0.13382978503154766,0.3057600723326013,2.219897278430415,8322.167934465993,turtle,cma_es,1,-1.4248981312525366,10
627,6270,-1.3716922258409783,-1.2978073338771192,0.12305362297608925,0.3056096887217162,2.2217839842689813,8334.160056687004,turtle,cma_es,1,-1.4248981312525366,10
628,6280,-1.3418397478472652,-1.1113161533936609,0.22576673092364352,0.3056123845235701,2.223600554818757,8349.734155835991,turtle,cma_es,1,-1.4248981312525366,10
629,6290,-1.3771827922589424,-1.0182023069383828,0.3307971040783849,0.3056242212627272,2.2254095927754696,8366.072537165994,turtle,cma_es,1,-1.4248981312525366,10
630,6300,-1.3629252817403579,-1.2137538980472677,0.19136885064684783,0.30551405058450803,2.22740685987955,8379.075905316,turtle,cma_es,1,-1.4248981312525366,10
631,6310,-1.3790397348304664,-1.066496631236086,0.3674655325882271,0.30530285730827855,2.2291030720113647,8393.695580325992,turtle,cma_es,1,-1.4248981312525366,10
632,6320,-1.3874824492385187,-1.0922919436599714,0.25032161790999824,0.3052628490633415,2.2309011763595334,8408.821248520995,turtle,cma_es,1,-1.4248981312525366,10
633,6330,-1.3907567526518712,-1.1804569348741112,0.26311023376628095,0.3052229514870693,2.2324629144461725,8422.406144911001,turtle,cma_es,1,-1.4248981312525366,10
634,6340,-1.3682895600866267,-1.1920683252081734,0.16367865643106283,0.305184589250925,2.2345750087674747,8434.403996815003,turtle,cma_es,1,-1.4248981312525366,10
635,6350,-1.3392742184295994,-1.1271549971456754,0.3568142991492021,0.3050647217594831,2.236307773898975,8446.512868730002,turtle,cma_es,1,-1.4248981312525366,10
636,6360,-1.378713043455499,-1.0697954042702693,0.41765424512209287,0.3049004778247281,2.2378902362109176,8462.46164843699,turtle,cma_es,1,-1.4248981312525366,10
637,6370,-1.3607630254167482,-1.0560051727088324,0.22398172750003514,0.30470963707689064,2.239503947522661,8475.441310505004,turtle,cma_es,1,-1.4248981312525366,10
638,6380,-1.3550868663201028,-1.3036713533191897,0.05950603464464696,0.30458310728079796,2.241601131483143,8486.841536028995,turtle,cma_es,1,-1.4248981312525366,10
639,6390,-1.3762975144212275,-1.3457160741152294,0.019350772029596074,0.30437269506390735,2.2434441324917906,8500.764213721995,turtle,cma_es,1,-1.4248981312525366,10
640,6400,-1.366783138928425,-1.276531840708889,0.11326837923067859,0.304054251313272,2.245240790578918,8511.710135369998,turtle,cma_es,1,-1.4248981312525366,10
641,6410,-1.3963993419924563,-1.320457933766955,0.07342879664462466,0.3037551898496148,2.247017932667781,8526.266265279992,turtle,cma_es,1,-1.4248981312525366,10
642,6420,-1.3826221609258482,-1.2288065758188724,0.36850672054930383,0.3033254968696067,2.2485940714315173,8538.311413589996,turtle,cma_es,1,-1.4248981312525366,10
643,6430,-1.343439131548334,-1.2721326505921886,0.10267296034301508,0.302808688437313,2.2504326954078184,8550.598094414992,turtle,cma_es,1,-1.4248981312525366,10
644,6440,-1.3662767139498468,-1.2380672779624216,0.18097064193055384,0.3021728347768217,2.2517388892922074,8565.208819463995,turtle,cma_es,1,-1.4248981312525366,10
645,6450,-1.3673873106093435,-1.320121429020054,0.05003933122166281,0.3016105993338016,2.2528172073837838,8579.404321458002,turtle,cma_es,1,-1.4248981312525366,10
646,6460,-1.3698275225036527,-0.8254960102333063,0.4716783820261032,0.3008387419618637,2.2537120981644416,8593.136978633003,turtle,cma_es,1,-1.4248981312525366,10
647,6470,-1.4068385004484494,-1.2366733983868543,0.23533028160996475,0.30005685586687514,2.2546108910364344,8604.12845647399,turtle,cma_es,1,-1.4248981312525366,10
648,6480,-1.3647310403224244,-1.295738263118052,0.06436232127783911,0.2992927315651806,2.2554026069698976,8617.389759001991,turtle,cma_es,1,-1.4248981312525366,10
649,6490,-1.3632010538060246,-1.2975937361867533,0.10551539277129257,0.29864872133719306,2.25587639836154,8631.611417442997,turtle,cma_es,1,-1.4248981312525366,10
650,6500,-1.4160811188167592,-1.3044584733179154,0.1149555514207709,0.2978408696381449,2.2564988388821683,8646.454351601991,turtle,cma_es,1,-1.4248981312525366,10
651,6510,-1.376058800641137,-1.1567476354241921,0.377606353811062,0.2973469562397995,2.2570926855048206,8662.906733773998,turtle,cma_es,1,-1.4248981312525366,10
652,6520,-1.3855834455776286,-0.9983474665775107,0.4805547932950846,0.29669584622676304,2.2574070628001155,8677.789396412001,turtle,cma_es,1,-1.4248981312525366,10
653,6530,-1.3967870916602871,-1.3141843922047551,0.06681077916009946,0.2960099692731005,2.25774551628159,8689.991423483996,turtle,cma_es,1,-1.4248981312525366,10
654,6540,-1.3659444895473012,-1.1240164248745983,0.2809387006837041,0.2956176072673281,2.2584177153838763,8704.274744379,turtle,cma_es,1,-1.4248981312525366,10
655,6550,-1.357259637301878,-1.0509248322153026,0.39072378687482007,0.2951511200556117,2.2593000871489495,8716.134026979998,turtle,cma_es,1,-1.4248981312525366,10
656,6560,-1.4046845708069426,-1.1723912278750412,0.21241181062728554,0.29502977417581727,2.2599497917228417,8726.644206319004,turtle,cma_es,1,-1.4248981312525366,10
657,6570,-1.3550299837978121,-0.9713724753784566,0.32840051825221667,0.2947930436940921,2.260441723230733,8737.485492862004,turtle,cma_es,1,-1.4248981312525366,10
658,6580,-1.3991416378984551,-1.08734539013184,0.21084348701914118,0.29460993792980944,2.260885213443464,8751.249793605995,turtle,cma_es,1,-1.4248981312525366,10
659,6590,-1.3778361417711764,-1.1197619422492449,0.26957987950475804,0.2943771182609966,2.2613564910813597,8762.860454987996,turtle,cma_es,1,-1.4248981312525366,10
660,6600,-1.383611871170359,-1.254722515905107,0.15681709398558025,0.29425283812592606,2.2617810883347134,8778.297953318994,turtle,cma_es,1,-1.4248981312525366,10
661,6610,-1.3754635187245245,-1.1948322142607177,0.23940188816205135,0.2939673516353014,2.2623512702029482,8790.01525417999,turtle,cma_es,1,-1.4248981312525366,10
662,6620,-1.3842403293869197,-1.1452949553548462,0.28404824967386066,0.29370522619767925,2.2629298179752566,8803.277225704995,turtle,cma_es,1,-1.4248981312525366,10
663,6630,-1.369036606690769,-1.1780473229575754,0.3177473271614862,0.2934645909004323,2.263248776127337,8816.765747629994,turtle,cma_es,1,-1.4248981312525366,10
664,6640,-1.4143475641426875,-1.285224501634322,0.1317828800369969,0.2932461111845755,2.263802002997776,8831.719935040994,turtle,cma_es,1,-1.4248981312525366,10
665,6650,-1.3898763061380688,-1.1103508856506181,0.4055250258450261,0.2929536478274369,2.2644134070280457,8845.865377641996,turtle,cma_es,1,-1.4248981312525366,10
666,6660,-1.4013612258908301,-1.2665651623585734,0.14265055757973052,0.2926042452014021,2.264836826762581,8858.287633101994,turtle,cma_es,1,-1.4248981312525366,10
667,6670,-1.3785016119988365,-0.9794230292825512,0.46257810516455,0.29223537284622214,2.2650957976227337,8872.599923465998,turtle,cma_es,1,-1.4248981312525366,10
668,6680,-1.3734800117596704,-0.9189789166929095,0.4833697751915402,0.29190164511981476,2.2654134280063576,8887.338834798997,turtle,cma_es,1,-1.4248981312525366,10
669,6690,-1.3685092354727537,-1.0671992220949942,0.3796295265114461,0.29160085922317186,2.265630457280999,8899.866014204992,turtle,cma_es,1,-1.4248981312525366,10
670,6700,-1.4003828309506305,-1.109460137131387,0.38858521338241847,0.29135014954980554,2.2658519096921785,8911.667670255993,turtle,cma_es,1,-1.4248981312525366,10
671,6710,-1.3646085986523584,-1.2837214889770834,0.09751371275406263,0.291010945824126,2.2662555542448444,8924.094228849994,turtle,cma_es,1,-1.4248981312525366,10
672,6720,-1.389739838251141,-1.2775050271176036,0.12931515999241527,0.29054624918254085,2.266603015603951,8935.069020907991,turtle,cma_es,1,-1.4248981312525366,10
673,6730,-1.3751851397662334,-1.2135733444475019,0.3824645555406914,0.29004868102594755,2.2671648129434883,8948.235129890993,turtle,cma_es,1,-1.4248981312525366,10
674,6740,-1.3899542589151936,-1.1674377992469565,0.3733090756586653,0.28944385796973027,2.2675964506820687,8963.055286645991,turtle,cma_es,1,-1.4248981312525366,10
675,6750,-1.4017174536204298,-1.1858062934455926,0.3940950735727967,0.28865090505986857,2.2679564587763346,8976.876330273997,turtle,cma_es,1,-1.4248981312525366,10
676,6760,-1.4161587607183845,-1.193842584038298,0.3481388344604365,0.2877741638081749,2.2680646094977743,8989.983466892998,turtle,cma_es,1,-1.4248981312525366,10
677,6770,-1.4040503442339576,-1.1069605252421373,0.4037417447733698,0.2869538806388422,2.2681494196501486,9001.874472904994,turtle,cma_es,1,-1.4248981312525366,10
678,6780,-1.4089069399594925,-1.1354670469564152,0.38045367567343896,0.2860668305193717,2.268391323558147,9017.247761863997,turtle,cma_es,1,-1.4248981312525366,10
679,6790,-1.3780488738277308,-1.3350665915268507,0.033574819480590205,0.28528981545872745,2.2683743644168017,9029.079062231991,turtle,cma_es,1,-1.4248981312525366,10
680,6800,-1.413580896591446,-1.3582539001155884,0.046538324794757883,0.2846039546781861,2.2686577328468864,9041.401445854004,turtle,cma_es,1,-1.4248981312525366,10
681,6810,-1.426342353840953,-1.1301520604956594,0.42306620180937254,0.28389070972643227,2.2687581123788636,9057.247406854003,turtle,cma_es,1,-1.426342353840953,10
682,6820,-1.4085890068010016,-1.2122620849872991,0.21669844897873594,0.28318634514381347,2.268838943295738,9069.995859692004,turtle,cma_es,1,-1.426342353840953,10
683,6830,-1.3916620509397823,-1.2683207560129304,0.14212601845454337,0.28251235704758393,2.2689973574418305,9081.872157859994,turtle,cma_es,1,-1.426342353840953,10
684,6840,-1.4025016410454372,-1.32888317549102,0.04844737989829404,0.28179491858110345,2.2689023108492354,9094.224924377995,turtle,cma_es,1,-1.426342353840953,10
685,6850,-1.4052738370408981,-1.1424967943469513,0.24669480714505845,0.2812593170781283,2.2689632746632853,9105.685769142001,turtle,cma_es,1,-1.426342353840953,10
686,6860,-1.3948451131967028,-1.3113266335041616,0.11287779700795306,0.28075882619211423,2.2690225037632494,9118.080323670001,turtle,cma_es,1,-1.426342353840953,10
687,6870,-1.354595095291506,-1.2909787186032609,0.06490832831245472,0.280249995599789,2.2693872160986452,9129.194785328,turtle,cma_es,1,-1.426342353840953,10
688,6880,-1.4129321947755562,-1.289778925047903,0.09705106327499592,0.27980720440030243,2.269491814087295,9140.281259989002,turtle,cma_es,1,-1.426342353840953,10
689,6890,-1.3858473933192794,-1.3429363226616324,0.041061684556140426,0.27947789435093046,2.2693999671466862,9153.934542909992,turtle,cma_es,1,-1.426342353840953,10
690,6900,-1.3773247804776485,-1.2053478491453684,0.38150410806734314,0.27911999291032846,2.2694813441287964,9166.858286660005,turtle,cma_es,1,-1.426342353840953,10
691,6910,-1.3689947604829094,-1.3310084113543694,0.038014222241502964,0.27897029968388426,2.2694133269100143,9178.659338608995,turtle,cma_es,1,-1.426342353840953,10
692,6920,-1.386595387437377,-1.3329043797444102,0.06234609556834867,0.2788230943964925,2.2691999602252846,9189.441546485003,turtle,cma_es,1,-1.426342353840953,10
693,6930,-1.4125606671839286,-1.0506191993267202,0.4389254180648635,0.27881971697201885,2.269209427522487,9203.496344749,turtle,cma_es,1,-1.426342353840953,10
694,6940,-1.3851243847013244,-0.7313893783337027,0.5707034966374284,0.2787144503107485,2.269177926995699,9213.351269680003,turtle,cma_es,1,-1.426342353840953,10
695,6950,-1.3738110836156228,-1.1803792715864652,0.3737279046955962,0.2787570210736658,2.269086816249416,9229.230536304996,turtle,cma_es,1,-1.426342353840953,10
696,6960,-1.372312435405421,-1.3106000544614713,0.04797346864749455,0.2787129092651018,2.269117231953293,9239.613963108,turtle,cma_es,1,-1.426342353840953,10
697,6970,-1.3701191682687197,-1.2028863506805698,0.3856004286128308,0.27839067123316313,2.269085020850945,9253.489422699,turtle,cma_es,1,-1.426342353840953,10
698,6980,-1.3947853391770462,-1.1942426166954974,0.39058608544913537,0.27818814689475824,2.2692745021467933,9264.628958425994,turtle,cma_es,1,-1.426342353840953,10
699,6990,-1.4136694301566823,-1.250990339161612,0.30195253319021553,0.2779521291740197,2.2691529149363316,9278.378339823,turtle,cma_es,1,-1.426342353840953,10
700,7000,-1.4075113812435216,-1.3430239646820836,0.06423220634517778,0.2777091876043024,2.2694017275595986,9292.314215071005,turtle,cma_es,1,-1.426342353840953,10
701,7010,-1.3833849709678523,-1.2048246384227759,0.17184485044674683,0.27757706174205643,2.2693586375884838,9305.727953277994,turtle,cma_es,1,-1.426342353840953,10
702,7020,-1.3920859716073197,-1.3363627944280616,0.06213990698560828,0.2776095359698464,2.2694438552430696,9319.554451225995,turtle,cma_es,1,-1.426342353840953,10
703,7030,-1.3908225469382103,-1.3025822140293148,0.09483508932095083,0.27775690798953184,2.2695720114351197,9332.989366722992,turtle,cma_es,1,-1.426342353840953,10
704,7040,-1.3945831553519596,-1.3480408042607164,0.04519409576363056,0.278022252335253,2.2698831118037655,9347.479196746994,turtle,cma_es,1,-1.426342353840953,10
705,7050,-1.3915335502459873,-1.2623266303468332,0.1431922762961505,0.2782233752824383,2.2699691059732365,9359.637565896992,turtle,cma_es,1,-1.426342353840953,10
706,7060,-1.4109084603470654,-1.2775192610963306,0.1806013781920528,0.2784273449795315,2.269985119393388,9373.065093502999,turtle,cma_es,1,-1.426342353840953,10
707,7070,-1.4084860506372276,-1.1872420267054147,0.40224841867159294,0.2785952346872612,2.2700916044249726,9386.325086326993,turtle,cma_es,1,-1.426342353840953,10
708,7080,-1.387678910683797,-1.0689966750589543,0.4994581045590919,0.2787492762982913,2.2700718002939686,9399.509766856994,turtle,cma_es,1,-1.426342353840953,10
709,7090,-1.426132021858817,-1.2603842208619345,0.2781607857905779,0.2788757069256804,2.2701075956998955,9411.265509057004,turtle,cma_es,1,-1.426342353840953,10
710,7100,-1.3894495664555544,-1.34200054698821,0.02563087755604979,0.27892186511079825,2.2702315951405545,9421.463332562998,turtle,cma_es,1,-1.426342353840953,10
711,7110,-1.3930199904645084,-1.3378115942101183,0.04461498319446212,0.27890847758286474,2.2701867359547525,9436.228742371997,turtle,cma_es,1,-1.426342353840953,10
712,7120,-1.409071277371468,-1.1764283700714135,0.3887840094141089,0.27876618407944453,2.2703072917869127,9447.094481116,turtle,cma_es,1,-1.426342353840953,10
713,7130,-1.4039684155049983,-1.3566716687591867,0.023869744693992657,0.27874668397295094,2.2703092579861774,9460.034372839,turtle,cma_es,1,-1.426342353840953,10
714,7140,-1.4003285473334675,-1.2439387750996276,0.2067951872209324,0.2786908331779383,2.2701972599431057,9472.586254580005,turtle,cma_es,1,-1.426342353840953,10
715,7150,-1.3918461957592898,-1.3391527608428078,0.036469110199605845,0.27858891990715107,2.27017649268121,9486.553833771002,turtle,cma_es,1,-1.426342353840953,10
716,7160,-1.4020500338811814,-1.364445658737046,0.019647232207936977,0.2784496867975026,2.2700620203525403,9498.354820492998,turtle,cma_es,1,-1.426342353840953,10
717,7170,-1.3724209197556192,-1.3465171797989655,0.015936634199906204,0.2783360357038573,2.269976924972672,9510.650618145999,turtle,cma_es,1,-1.426342353840953,10
718,7180,-1.3989363025753638,-1.3408549726692034,0.08386565399918662,0.27829634499981065,2.2698876254779816,9524.912136614003,turtle,cma_es,1,-1.426342353840953,10
719,7190,-1.3944676061113261,-1.2886592040383396,0.10311732829047471,0.27824716443401853,2.2699935357013437,9539.410933541993,turtle,cma_es,1,-1.426342353840953,10
720,7200,-1.3762729889722838,-1.2392491142047755,0.3015457347783924,0.27802807694774084,2.2698891199645947,9553.046806194994,turtle,cma_es,1,-1.426342353840953,10
721,7210,-1.3765962565100294,-1.2987129220977924,0.06546491198048128,0.27790245557725934,2.269727116309228,9563.208329981993,turtle,cma_es,1,-1.426342353840953,10
722,7220,-1.3912733728103381,-1.043956850854316,0.4894630649987457,0.2778539117348324,2.2695792824831864,9578.364127244,turtle,cma_es,1,-1.426342353840953,10
723,7230,-1.3811645590770567,-1.322670420521078,0.06901451868580125,0.27778671751548323,2.269614587054814,9590.768907510996,turtle,cma_es,1,-1.426342353840953,10
724,7240,-1.3538598805141575,-1.223203834516454,0.13401401885365874,0.27768888875045994,2.2697423794868095,9601.245432466996,turtle,cma_es,1,-1.426342353840953,10
725,7250,-1.3928205754538965,-1.2228190194214856,0.27482849204289383,0.2776135990786119,2.2697263841385285,9614.576112529001,turtle,cma_es,1,-1.426342353840953,10
726,7260,-1.3833287518762454,-1.3185316982227786,0.06915823419558961,0.277508841323432,2.269986812532798,9628.720400847,turtle,cma_es,1,-1.426342353840953,10
727,7270,-1.3875872119584978,-1.30167889277303,0.1565927326293751,0.2773593435721711,2.270243004703139,9644.090043292992,turtle,cma_es,1,-1.426342353840953,10
728,7280,-1.4134965458416753,-1.2938909652745796,0.13811923171264384,0.277288260863483,2.2700522826191136,9657.531792762995,turtle,cma_es,1,-1.426342353840953,10
729,7290,-1.412992339971047,-1.3482450507647588,0.029980798859381888,0.27718780410395377,2.2704652389360414,9670.468167147992,turtle,cma_es,1,-1.426342353840953,10
730,7300,-1.3949584093598233,-1.3667006862458717,0.017126745649089246,0.2769853917953508,2.2705871127947166,9684.817328770005,turtle,cma_es,1,-1.426342353840953,10
731,7310,-1.412674095508688,-1.262384636851348,0.29159253020985093,0.2768793857031399,2.2709040040081185,9697.385040723995,turtle,cma_es,1,-1.426342353840953,10
732,7320,-1.3885588741136266,-1.1270014692910624,0.3473266606548263,0.27676101431293154,2.2716396772331304,9711.271304353999,turtle,cma_es,1,-1.426342353840953,10
733,7330,-1.4025822208054786,-1.35854298575959,0.03218637304911291,0.2765746952700127,2.2718422723173735,9725.562958975992,turtle,cma_es,1,-1.426342353840953,10
734,7340,-1.421358459020401,-1.2149765964919503,0.3423945645679279,0.2764843676255623,2.272068021263833,9738.941013243995,turtle,cma_es,1,-1.426342353840953,10
735,7350,-1.4172594622711507,-1.370577848771968,0.025289195647996966,0.2763578659091916,2.2724780274859473,9750.711935236992,turtle,cma_es,1,-1.426342353840953,10
736,7360,-1.3910330618052091,-1.193007212516682,0.2561307905776865,0.2760906593245157,2.2728931462277493,9761.832171057991,turtle,cma_es,1,-1.426342353840953,10
737,7370,-1.3698483023435077,-1.186472993286463,0.27993429335883635,0.2760212472711141,2.273205714041616,9771.355873462002,turtle,cma_es,1,-1.426342353840953,10
738,7380,-1.3543384653661876,-1.3063902995549828,0.045986115243445674,0.27608068852746104,2.273396170767287,9786.362838403002,turtle,cma_es,1,-1.426342353840953,10
739,7390,-1.3665470071501895,-1.2215955913670997,0.2611241573938801,0.276303195212499,2.27352638638816,9798.330967898,turtle,cma_es,1,-1.426342353840953,10
740,7400,-1.3731178020478199,-1.289305567472254,0.10224717906009478,0.2762908534041647,2.273796353522775,9811.013639651996,turtle,cma_es,1,-1.426342353840953,10
741,7410,-1.389372257531451,-1.288137794733365,0.10075338953856605,0.27609204596361575,2.2745596042127807,9820.626648177,turtle,cma_es,1,-1.426342353840953,10
742,7420,-1.3521246706260168,-1.146579936641554,0.3174347579697567,0.27579466104618905,2.2746779649498063,9832.567008062004,turtle,cma_es,1,-1.426342353840953,10
743,7430,-1.3882914279179355,-1.080493128168361,0.3882531430461727,0.27544209650170126,2.274758669292613,9847.988023400001,turtle,cma_es,1,-1.426342353840953,10
744,7440,-1.4095175251796341,-1.3138864653102484,0.08975482281459835,0.2751991421878329,2.274816192351897,9861.162181584994,turtle,cma_es,1,-1.426342353840953,10
745,7450,-1.410972125867965,-1.3439956771109536,0.042503677852152796,0.2749677836819117,2.2748581686271154,9874.981210675003,turtle,cma_es,1,-1.426342353840953,10
746,7460,-1.375839988938627,-1.1003492755174538,0.4458315198491466,0.27463788502282244,2.2748471275050157,9886.317045639997,turtle,cma_es,1,-1.426342353840953,10
747,7470,-1.4265495345575356,-1.2311482543445806,0.2950702105108155,0.2741608390004651,2.274844728562635,9898.629972064999,turtle,cma_es,1,-1.4265495345575356,10
748,7480,-1.3915935032039517,-1.3428004076857782,0.037417685761753194,0.27360973538346184,2.2750449138427804,9912.059427013999,turtle,cma_es,1,-1.4265495345575356,10
749,7490,-1.3960434390703238,-1.199108958137016,0.3269313841123513,0.2730565693260182,2.274913496538642,9925.440854329005,turtle,cma_es,1,-1.4265495345575356,10
750,7500,-1.3643502126062366,-1.2025652747297044,0.28163242550545187,0.2723671975107967,2.275273628474241,9937.929797607998,turtle,cma_es,1,-1.4265495345575356,10
751,7510,-1.377341138131671,-1.3223666211056817,0.04654859453240886,0.2718440979153649,2.275654767607738,9953.182836983004,turtle,cma_es,1,-1.4265495345575356,10
752,7520,-1.3980436091250263,-1.0723991943297484,0.5053484434416049,0.2714047623479385,2.275782455965507,9968.194251402005,turtle,cma_es,1,-1.4265495345575356,10
753,7530,-1.426282144269762,-1.220900379042161,0.3909913150413646,0.27084337807403835,2.275820989645254,9980.360338608996,turtle,cma_es,1,-1.4265495345575356,10
754,7540,-1.4084850653550118,-1.338271844366949,0.05225623756368903,0.2703751564168309,2.275942114980786,9993.502315078993,turtle,cma_es,1,-1.4265495345575356,10
755,7550,-1.3893952766402649,-1.2780153261212122,0.09105579905173083,0.2699286354751488,2.27618105460522,10008.031157801,turtle,cma_es,1,-1.4265495345575356,10
756,7560,-1.385620736605956,-1.2592084720530337,0.09772170034416623,0.2694762321964605,2.2764569581241703,10020.649045679995,turtle,cma_es,1,-1.4265495345575356,10
757,7570,-1.4346367714532873,-1.060997752676766,0.5023431077374673,0.26912006231983976,2.2764814560770814,10032.540196827002,turtle,cma_es,1,-1.4346367714532873,10
758,7580,-1.3948153466918924,-0.8346709499754453,0.5788540403352506,0.26868417834853864,2.276619639322699,10047.180234417,turtle,cma_es,1,-1.4346367714532873,10
759,7590,-1.387674684043776,-1.1985332865812954,0.3860457931858907,0.2683717438469455,2.2768929252100105,10058.848405045996,turtle,cma_es,1,-1.4346367714532873,10
760,7600,-1.418814801107521,-1.1126607267274289,0.4869466014370651,0.26828370445858535,2.277583154929066,10071.567524065002,turtle,cma_es,1,-1.4346367714532873,10
761,7610,-1.402767561287905,-1.3527974635907074,0.058644850556221845,0.2683917293293776,2.2781329422876637,10084.059413865994,turtle,cma_es,1,-1.4346367714532873,10
762,7620,-1.4266229078936403,-1.2400986472670614,0.38303532116788147,0.26853906276349215,2.2786905770977923,10096.116191829991,turtle,cma_es,1,-1.4346367714532873,10
763,7630,-1.4148091077981313,-0.7283040179522041,0.6231463965602086,0.26867034928054734,2.2791877865657555,10108.897797136,turtle,cma_es,1,-1.4346367714532873,10
764,7640,-1.4378635142256355,-1.3660230760943022,0.03954855667272967,0.2689218550925087,2.2798227127721433,10119.386827126,turtle,cma_es,1,-1.4378635142256355,10
765,7650,-1.4225658164265846,-1.2920340137551627,0.14525579857077892,0.26923931447665533,2.280272367630355,10131.947244868003,turtle,cma_es,1,-1.4378635142256355,10
766,7660,-1.3855624637795945,-1.1727260643525184,0.3326453593144506,0.269587433320907,2.28049700469824,10143.119125672994,turtle,cma_es,1,-1.4378635142256355,10
767,7670,-1.3934554040080611,-0.9530330944015457,0.5837785974900752,0.2698500147317947,2.2808897881508114,10156.080348406991,turtle,cma_es,1,-1.4378635142256355,10
768,7680,-1.3732136151813696,-1.1911082489446652,0.283200676022643,0.2700790039693363,2.28110944102307,10164.612943223998,turtle,cma_es,1,-1.4378635142256355,10
769,7690,-1.3869706611736499,-1.340039881250678,0.046294012041763026,0.2702267855575965,2.2813778340795006,10172.791285504005,turtle,cma_es,1,-1.4378635142256355,10
770,7700,-1.410685564832228,-1.0292728935791935,0.43724094039482786,0.2702113862039882,2.2816763673728286,10182.216093855997,turtle,cma_es,1,-1.4378635142256355,10
771,7710,-1.4028267328287507,-1.3401501273747332,0.0717106867383708,0.27017671543547506,2.281790279638655,10194.942756969001,turtle,cma_es,1,-1.4378635142256355,10
772,7720,-1.4060728298695562,-1.1963708938995699,0.3206015870235635,0.2702752604363845,2.282043955701446,10202.824474487992,turtle,cma_es,1,-1.4378635142256355,10
773,7730,-1.4005171559156926,-1.264410983910384,0.25872768257000894,0.27022605760762614,2.282216453983511,10210.126359816,turtle,cma_es,1,-1.4378635142256355,10
774,7740,-1.394155441860554,-1.1557888084769288,0.3984379304579024,0.27031083348044777,2.2826818753261375,10219.730577191993,turtle,cma_es,1,-1.4378635142256355,10
775,7750,-1.4216821852801225,-1.2558683451112873,0.24440999073566883,0.27030294856090775,2.2831580465170704,10230.223988607002,turtle,cma_es,1,-1.4378635142256355,10
776,7760,-1.428057993783236,-1.0386342620967466,0.4522848139465833,0.27028151599031397,2.2833843255589374,10240.304263569997,turtle,cma_es,1,-1.4378635142256355,10
777,7770,-1.4133084228376784,-1.3593991549366116,0.03987375532655458,0.2703086040301529,2.2835635603027655,10251.591855908991,turtle,cma_es,1,-1.4378635142256355,10
778,7780,-1.400316818790082,-1.3519100165420395,0.03156340576735418,0.27026523758283905,2.2836024347643606,10261.274019513003,turtle,cma_es,1,-1.4378635142256355,10
779,7790,-1.4060889309948665,-1.255205607833966,0.29023877581744884,0.27021301946714643,2.283686270981393,10270.258436350996,turtle,cma_es,1,-1.4378635142256355,10
780,7800,-1.395928741515422,-1.3329632558278153,0.0351306920504142,0.27012408264095594,2.2836915788911303,10282.579828162998,turtle,cma_es,1,-1.4378635142256355,10
781,7810,-1.4091535085568685,-1.334336576140976,0.09428809846482661,0.26975885326621224,2.2838724066365708,10293.537073329993,turtle,cma_es,1,-1.4378635142256355,10
782,7820,-1.417825544344324,-1.1300009415692285,0.4557985742269789,0.2694506316681613,2.2843303125289043,10308.614061676999,turtle,cma_es,1,-1.4378635142256355,10
783,7830,-1.3973017017403278,-1.2282552335682397,0.39074652869879495,0.2693170260788787,2.28460452725933,10318.643433773992,turtle,cma_es,1,-1.4378635142256355,10
784,7840,-1.4005994007945572,-1.0530693978410093,0.4036282465742052,0.269378845462047,2.2848750912579026,10327.454645160004,turtle,cma_es,1,-1.4378635142256355,10
785,7850,-1.4343529898526421,-1.113812502517007,0.3523262904532135,0.26940800611658244,2.2852312518028612,10334.927827141,turtle,cma_es,1,-1.4378635142256355,10
786,7860,-1.4220474186030794,-1.17777295977366,0.37792397011407697,0.2694564328091796,2.2855788696169976,10342.539752024997,turtle,cma_es,1,-1.4378635142256355,10
787,7870,-1.411166408130236,-1.2630720777824704,0.2907426293344581,0.26944574354565193,2.2858529606498528,10353.032770289996,turtle,cma_es,1,-1.4378635142256355,10
788,7880,-1.4182623462411446,-1.3691810218977063,0.029118407279448085,0.26966655926533817,2.2862117571364653,10359.334732948002,turtle,cma_es,1,-1.4378635142256355,10
789,7890,-1.4178933604763655,-1.3818452701655137,0.02033115289713993,0.26984371305504135,2.28638399563136,10365.336857542003,turtle,cma_es,1,-1.4378635142256355,10
790,7900,-1.3863860723186674,-1.3700587753754774,0.011447364592373232,0.26986981980647873,2.2865051915259693,10371.449598010993,turtle,cma_es,1,-1.4378635142256355,10
791,7910,-1.4230600394278348,-1.3813900469586542,0.021968164079093015,0.26974745495739266,2.286587318954928,10377.750091423994,turtle,cma_es,1,-1.4378635142256355,10
792,7920,-1.4048254683929322,-1.3724637711107928,0.023641676736489686,0.269723223432644,2.286974982185051,10383.321798239995,turtle,cma_es,1,-1.4378635142256355,10
793,7930,-1.428944970183494,-1.3839427920364233,0.04142045634087276,0.26980024111487305,2.28702516719477,10387.922604610998,turtle,cma_es,1,-1.4378635142256355,10
794,7940,-1.4033757856907174,-1.3639505708229114,0.03582216500456832,0.2698724840833883,2.2870224690966925,10392.422543791996,turtle,cma_es,1,-1.4378635142256355,10
795,7950,-1.4153152665028346,-1.3715213134560131,0.04368443797874565,0.270040079071583,2.2876556723041923,10396.935842015999,turtle,cma_es,1,-1.4378635142256355,10
796,7960,-1.4116655672491794,-1.3294067713828475,0.06836944227937558,0.27039839422306405,2.287942470682427,10401.443942907004,turtle,cma_es,1,-1.4378635142256355,10
797,7970,-1.4287767826292654,-1.2241395760597396,0.3396461954023056,0.27057606311734733,2.2879710248973577,10405.944042827003,turtle,cma_es,1,-1.4378635142256355,10
798,7980,-1.3941618585997748,-1.3254430528415673,0.09441900123735844,0.27069207932684175,2.287901651097189,10410.521772907,turtle,cma_es,1,-1.4378635142256355,10
799,7990,-1.4279188419722022,-1.3879019276942177,0.04318642790540826,0.2708069396333608,2.2879042278745634,10414.980552669003,turtle,cma_es,1,-1.4378635142256355,10
800,8000,-1.4049746063357667,-1.2939124117172713,0.24236243301218782,0.27105986391999115,2.2880650410721404,10419.644169936,turtle,cma_es,1,-1.4378635142256355,10
1,10,-0.12549441062154543,0.009271054148838864,0.1032132072076724,0.4904472720899887,1.006838786589988,8.282983600001899,turtle,ipop_cma_es,0,-0.12549441062154543,10
2,20,-0.14461076397843886,-0.022265999200043574,0.05521186646257203,0.48215108293532827,1.0072314954339676,18.18755216500722,turtle,ipop_cma_es,0,-0.14461076397843886,10
3,30,-0.13571463416546248,0.019707432238094392,0.13399714382530178,0.47468741344648946,1.0077448799248985,31.216065738000907,turtle,ipop_cma_es,0,-0.14461076397843886,10
4,40,-0.1815947709573873,-0.03953722343733608,0.10125432303295376,0.4680389407320777,1.008631336844658,42.839788772005704,turtle,ipop_cma_es,0,-0.1815947709573873,10
5,50,-0.12499272420924079,0.006768343127014909,0.0895818786901802,0.4621911808247457,1.010731418286374,54.693470583006274,turtle,ipop_cma_es,0,-0.1815947709573873,10
6,60,-0.045117405246440256,0.019515796333033908,0.050261343225356615,0.45685179559060735,1.0126708518551744,62.7258917230065,turtle,ipop_cma_es,0,-0.1815947709573873,10
7,70,-0.1569473209145098,-0.028091095395204758,0.08092725979820486,0.45197917513930613,1.0149086549873256,73.75423162399966,turtle,ipop_cma_es,0,-0.1815947709573873,10
8,80,-0.08441069615940133,-0.010433304294959988,0.050896619478279864,0.44764327914309954,1.017567010831651,90.33469109999714,turtle,ipop_cma_es,0,-0.1815947709573873,10
9,90,-0.22143094198345192,0.9670176610736542,3.012868287093447,0.44350878654991366,1.0201364264402277,106.27415114600444,turtle,ipop_cma_es,0,-0.22143094198345192,10
10,100,-0.1718607338942313,-0.0091899466436824,0.1423643352800091,0.4397194856003629,1.0228757073111858,119.35498963200371,turtle,ipop_cma_es,0,-0.22143094198345192,10
11,110,-0.16272867684418113,-0.028938993209205767,0.06035215045167571,0.4358843802451171,1.0256707117388741,136.59985081100604,turtle,ipop_cma_es,0,-0.22143094198345192,10
12,120,-0.22805088049866828,-0.055233457915105255,0.06968907220954546,0.43228785021032845,1.0284745058251197,156.66794774700247,turtle,ipop_cma_es,0,-0.22805088049866828,10
13,130,-0.3117198412606541,-0.06903998521474852,0.08632128977851738,0.4287351246474749,1.0313238392555983,171.50788463500794,turtle,ipop_cma_es,0,-0.3117198412606541,10
14,140,-0.34556875448238333,-0.08025748281059197,0.10985610868046072,0.42517591339270316,1.034013301296299,189.23563733600895,turtle,ipop_cma_es,0,-0.34556875448238333,10
15,150,-0.05958277615422514,-0.013730199471700111,0.037427941134392996,0.4217838566069011,1.0367179408204716,210.29069136500766,turtle,ipop_cma_es,0,-0.34556875448238333,10
16,160,-0.07472253381573601,-0.0036328977829669816,0.053239141563626975,0.418385827981191,1.0394035024385004,229.84760511400236,turtle,ipop_cma_es,0,-0.34556875448238333,10
17,170,-0.12080790170388234,-0.03863470737959487,0.056919804579469165,0.41520076388711397,1.042314563405868,249.68526008800836,turtle,ipop_cma_es,0,-0.34556875448238333,10
18,180,-0.05934252481681224,-0.0047206011495417146,0.032377125301037264,0.41215289562583146,1.045213710514831,269.50465792299656,turtle,ipop_cma_es,0,-0.34556875448238333,10
19,190,-0.08489797318861125,-0.0013625309086343408,0.04593011645498003,0.4091895528417957,1.048053712492533,288.0880618000083,turtle,ipop_cma_es,0,-0.34556875448238333,10
20,200,-0.08762632752075561,-0.032352669324661854,0.03439206462900241,0.40654316575675553,1.0513418489515676,307.44641633600986,turtle,ipop_cma_es,0,-0.34556875448238333,10
21,210,-0.434358665525882,-0.043226610376088104,0.15564033831734955,0.4039229275781624,1.0544519973101214,324.00273504400684,turtle,ipop_cma_es,0,-0.434358665525882,10
22,220,-0.3031207785963046,-0.08246954497941142,0.131597082260045,0.4015303072632388,1.0576095795138698,336.25567210500594,turtle,ipop_cma_es,0,-0.434358665525882,10
23,230,-0.21745401403823372,-0.061125557482123935,0.07516439474825971,0.3991447790660373,1.060766333892956,348.4750481790106,turtle,ipop_cma_es,0,-0.434358665525882,10
24,240,-0.06272206116620183,0.02856578626876134,0.07894436584159335,0.39700703285168154,1.0643386843575826,362.8106140410091,turtle,ipop_cma_es,0,-0.434358665525882,10
25,250,-0.2277827764349638,-0.06033175946613918,0.09822013082661955,0.395078587888761,1.0681331711247521,378.9643285130005,turtle,ipop_cma_es,0,-0.434358665525882,10
26,260,-0.05779053627504904,-0.0025447840250621746,0.05878880721321957,0.39331137040329656,1.0718741480764065,395.05385326400574,turtle,ipop_cma_es,0,-0.434358665525882,10
27,270,-0.24414394680599472,0.012611304665925794,0.11691732247165781,0.3918007103155935,1.0759170370304507,410.5629346210044,turtle,ipop_cma_es,0,-0.434358665525882,10
28,280,-0.11355444935193848,-0.02447071060520418,0.055548290187893826,0.3907645958747647,1.0810373922710284,422.1518509150046,turtle,ipop_cma_es,0,-0.434358665525882,10
29,290,-0.17887470793302196,-0.042095080244489755,0.07152113046860775,0.38957410514238044,1.085914636999611,434.59825834899675,turtle,ipop_cma_es,0,-0.434358665525882,10
30,300,-0.1406692454919325,-0.04973801625172651,0.051029968279236976,0.3884336084316801,1.090995366417476,445.87089376900985,turtle,ipop_cma_es,0,-0.434358665525882,10
31,310,-0.11544739472617582,-0.009217522942065237,0.07736622364862865,0.3875082525157835,1.0962841525201341,461.31100813200464,turtle,ipop_cma_es,0,-0.434358665525882,10
32,320,-0.321628890111719,-0.08674644505454046,0.10331087620352236,0.38671179658528726,1.1020501096611308,476.36934180700337,turtle,ipop_cma_es,0,-0.434358665525882,10
33,330,-0.10303837686890738,0.009210116896602649,0.06832540927626293,0.3858863053633596,1.1074759472022406,487.57115140600945,turtle,ipop_cma_es,0,-0.434358665525882,10
34,340,-0.12776842535479993,-0.008663028057763889,0.06318101788890006,0.38495862233034833,1.1127487574315484,497.79810369201005,turtle,ipop_cma_es,0,-0.434358665525882,10
35,350,-0.2675623474792861,-0.07991390213572096,0.09837983513508874,0.3839088048580167,1.1180340733609917,510.2177913120104,turtle,ipop_cma_es,0,-0.434358665525882,10
36,360,-0.5049902954254808,-0.06833458803022827,0.16328780561827708,0.38278474870747103,1.123076243342139,522.4405610899994,turtle,ipop_cma_es,0,-0.5049902954254808,10
37,370,-0.24463017948506316,-0.09447386158465498,0.08825146884794971,0.38160780176293274,1.1280076794437472,533.105576506001,turtle,ipop_cma_es,0,-0.5049902954254808,10
38,380,-0.2308275017382888,-0.0949391569333046,0.08241715806317541,0.38043216228033955,1.1330407954623898,545.0356456060108,turtle,ipop_cma_es,0,-0.5049902954254808,10
39,390,-0.28289421694848116,-0.04410300282860628,0.12594665918820386,0.37949916756811747,1.1384533528775995,558.3991207869985,turtle,ipop_cma_es,0,-0.5049902954254808,10
40,400,-0.13181881368448245,-0.04052850005086652,0.06445699355430036,0.37836995103214327,1.143619109053772,569.619772666003,turtle,ipop_cma_es,0,-0.5049902954254808,10
41,410,-0.21825750980240244,-0.0834013266442292,0.06785873156703234,0.37708661994202997,1.1486869904369785,583.0118767480017,turtle,ipop_cma_es,0,-0.5049902954254808,10
42,420,-0.10877544136973238,0.012816742724248886,0.06258622682830123,0.37587190826121186,1.153722382043575,597.1872667090065,turtle,ipop_cma_es,0,-0.5049902954254808,10
43,430,-0.41895411211930345,-0.1305135204233756,0.1246952790564907,0.3748806383368525,1.158754301156557,612.4484526510059,turtle,ipop_cma_es,0,-0.5049902954254808,10
44,440,-0.3079070327669209,-0.13454394662802685,0.09496890473227274,0.37404873996690136,1.1637300562377069,625.8954817850026,turtle,ipop_cma_es,0,-0.5049902954254808,10
45,450,-0.3664175419983371,-0.1358198975852302,0.14671797035186743,0.3734742009565907,1.168854691482283,637.648971490009,turtle,ipop_cma_es,0,-0.5049902954254808,10
46,460,-0.43862959007878644,-0.13332247081441534,0.16795740804487705,0.37296810779624856,1.1742178752878252,648.3375465470017,turtle,ipop_cma_es,0,-0.5049902954254808,10
47,470,-0.37489911516042973,-0.18685438847734037,0.13202694825294525,0.3724571343909578,1.1794506570817669,661.2749339880102,turtle,ipop_cma_es,0,-0.5049902954254808,10
48,480,-0.4711425840042276,-0.1829887966604809,0.19291737585604912,0.37191282830339717,1.1846625480062865,674.3202957190078,turtle,ipop_cma_es,0,-0.5049902954254808,10
49,490,-0.4612281328609962,-0.2939568762629571,0.15172698190576803,0.3713747895404233,1.1900808050461607,688.3030453500105,turtle,ipop_cma_es,0,-0.5049902954254808,10
50,500,-0.4008229192388235,-0.1641555129886795,0.14631076402415644,0.371004932705416,1.1955755631907141,701.6062200500019,turtle,ipop_cma_es,0,-0.5049902954254808,10
51,510,-0.38695113280138926,-0.17189862885421608,0.14589168366080624,0.3704379117179909,1.2010705893444986,715.847923830006,turtle,ipop_cma_es,0,-0.5049902954254808,10
52,520,-0.5282001249391675,-0.19139340993419118,0.16980049000629024,0.3698963912090733,1.2065147583513756,729.4796270040097,turtle,ipop_cma_es,0,-0.5282001249391675,10
53,530,-0.3427637332395719,-0.1291107696248984,0.17653717630416127,0.3693024791330398,1.2115669238180624,741.5802270120039,turtle,ipop_cma_es,0,-0.5282001249391675,10
54,540,-0.47278264172311335,-0.11653750632950555,0.14053937160834287,0.36871511710365473,1.2168542026249465,751.6476047430042,turtle,ipop_cma_es,0,-0.5282001249391675,10
55,550,-0.47042944816007815,-0.1610659638800171,0.17064912326187412,0.3682539754439496,1.2221535840200062,767.3038010270102,turtle,ipop_cma_es,0,-0.5282001249391675,10
56,560,-0.4223895987956947,-0.21615152192794315,0.1747827147593747,0.36787317535088704,1.2278209580473223,781.6941377519979,turtle,ipop_cma_es,0,-0.5282001249391675,10
57,570,-0.4112466209257972,-0.16353928701009196,0.15760661509304386,0.3675102443321964,1.2331817416438082,792.2571321400028,turtle,ipop_cma_es,0,-0.5282001249391675,10
58,580,-0.31544062300290143,-0.1503919579977179,0.12903033566822686,0.36720291718245857,1.2382879534421078,808.7296209869965,turtle,ipop_cma_es,0,-0.5282001249391675,10
59,590,-0.4392991773239512,-0.19575034929579846,0.16807513064799723,0.36689495839964703,1.2436429672477827,822.1654875200038,turtle,ipop_cma_es,0,-0.5282001249391675,10
60,600,-0.40883747233872203,-0.21603938185318725,0.11280108380828528,0.3666744306473034,1.2490780112073798,837.3939144309988,turtle,ipop_cma_es,0,-0.5282001249391675,10
61,610,-0.43855887944530814,-0.1698985883789587,0.15640393654908413,0.36632027552255425,1.2545110842890372,850.0361018109979,turtle,ipop_cma_es,0,-0.5282001249391675,10
62,620,-0.3905262144862034,-0.14229523176269562,0.15200308698124754,0.3659486514476792,1.259802458526833,865.5620180660044,turtle,ipop_cma_es,0,-0.5282001249391675,10
63,630,-0.5502735176724576,-0.2753664344615574,0.1387687108087109,0.3655519297599247,1.2648258962539267,877.0718979100056,turtle,ipop_cma_es,0,-0.5502735176724576,10
64,640,-0.5386219677570647,-0.2099245351528233,0.18190536334620097,0.36503836979798326,1.2696956460357416,889.8642376350035,turtle,ipop_cma_es,0,-0.5502735176724576,10
65,650,-0.28537948809246494,-0.19617001589876432,0.08292288303689717,0.3646000988723348,1.274857061102367,901.1095812170097,turtle,ipop_cma_es,0,-0.5502735176724576,10
66,660,-0.4053372956941361,-0.17991307894815423,0.1397034264751731,0.3640645847542405,1.2797311713735522,910.6655255160003,turtle,ipop_cma_es,0,-0.5502735176724576,10
67,670,-0.40228114034823204,-0.1732550436603722,0.1290617816044554,0.36358728383290323,1.2843468881206341,923.2171798510099,turtle,ipop_cma_es,0,-0.5502735176724576,10
68,680,-0.41341403705690283,-0.2198749788645765,0.14287881473881558,0.3631905795474926,1.289290199663294,936.8385118930019,turtle,ipop_cma_es,0,-0.5502735176724576,10
69,690,-0.28168517782880986,-0.14035813115010526,0.08946590499672724,0.36273623671292743,1.294304262258497,951.3308621110045,turtle,ipop_cma_es,0,-0.5502735176724576,10
70,700,-0.5501519729131461,-0.2955509123103914,0.1740559224168293,0.36230211273127394,1.299088455980894,961.0819293800014,turtle,ipop_cma_es,0,-0.5502735176724576,10
71,710,-0.5740442389939187,-0.3571963559128751,0.17048581332194165,0.36168519020021406,1.3035695002648542,973.5525909069984,turtle,ipop_cma_es,0,-0.5740442389939187,10
72,720,-0.5212243297582875,-0.26851017681229783,0.1367850873108763,0.36096359882077805,1.3076853882375132,988.6938196389965,turtle,ipop_cma_es,0,-0.5740442389939187,10
73,730,-0.5043926400622185,-0.24192074876599792,0.19016580063471242,0.36030919918869353,1.3117748180110167,1002.357041841009,turtle,ipop_cma_es,0,-0.5740442389939187,10
74,740,-0.4198071484131507,-0.1811856221355006,0.16194990983451923,0.3597788032357829,1.31580861467682,1018.8747412590019,turtle,ipop_cma_es,0,-0.5740442389939187,10
75,750,-0.3484495810269532,-0.21953201928939564,0.06731162271356766,0.35924573486801004,1.3201650972337973,1030.7343072600052,turtle,ipop_cma_es,0,-0.5740442389939187,10
76,760,-0.46153725268555945,-0.19840604042564447,0.12109938067314426,0.3588889713235751,1.3243988879611823,1045.2651122820098,turtle,ipop_cma_es,0,-0.5740442389939187,10
77,770,-0.4396195544392194,-0.2171243309109089,0.13625724249701726,0.35874763253202663,1.3289973983737828,1060.2245794460032,turtle,ipop_cma_es,0,-0.5740442389939187,10
78,780,-0.5156129141614709,-0.22351909891593236,0.1496045151079858,0.35853478896324803,1.3334804423837956,1074.1576223020093,turtle,ipop_cma_es,0,-0.5740442389939187,10
79,790,-0.455958993330853,-0.35969169269840523,0.10536405381043294,0.35815692600988397,1.3379533738893286,1086.7990878900018,turtle,ipop_cma_es,0,-0.5740442389939187,10
80,800,-0.601954870604346,-0.28237512513404955,0.1642482830270658,0.35773729153794903,1.3424243990469253,1098.5160405630013,turtle,ipop_cma_es,0,-0.601954870604346,10
81,810,-0.5282814842671746,-0.2008681402254667,0.12073263168324327,0.3573877955749932,1.3466366323266747,1109.8330075620033,turtle,ipop_cma_es,0,-0.601954870604346,10
82,820,-0.8626901045902589,-0.41151636878582715,0.22398201555388653,0.35730867387133347,1.35129591832933,1122.6688586930104,turtle,ipop_cma_es,0,-0.8626901045902589,10
83,830,-0.7255842833132968,-0.34569360395100296,0.21348002244412229,0.3570977452793311,1.3559687240590401,1137.2431637749978,turtle,ipop_cma_es,0,-0.8626901045902589,10
84,840,-0.939046821599093,-0.4039257833317803,0.22601685251184095,0.3567648205703703,1.3608200852849608,1150.372967635005,turtle,ipop_cma_es,0,-0.939046821599093,10
85,850,-0.8403724229309315,-0.4112019610599025,0.20345927010405848,0.35648311559845736,1.3656531150535975,1162.3100131410029,turtle,ipop_cma_es,0,-0.939046821599093,10
86,860,-0.7935455628083732,-0.3366060037563531,0.21315090824756652,0.35621255150238995,1.3703999179693505,1175.6929151410004,turtle,ipop_cma_es,0,-0.939046821599093,10
87,870,-0.8779637968556147,-0.566984369434534,0.2361064820912836,0.35592361597749184,1.374918090712908,1190.9759464990057,turtle,ipop_cma_es,0,-0.939046821599093,10
88,880,-0.714039029759892,-0.288338537361724,0.207866658351842,0.3555254044609454,1.3797718026586399,1206.4643544069986,turtle,ipop_cma_es,0,-0.939046821599093,10
89,890,-0.7719535801842401,-0.3799038987854423,0.22391636960002512,0.35490203185488073,1.3842119273528652,1220.1451800470095,turtle,ipop_cma_es,0,-0.939046821599093,10
90,900,-0.8189410892842819,-0.34504125982399153,0.2910624247918223,0.35435950974595765,1.3884547562052416,1233.5038666670007,turtle,ipop_cma_es,0,-0.939046821599093,10
91,910,-0.7884677596169531,-0.45472182225316626,0.18801804785050283,0.3537773276039925,1.3925138900234655,1247.730269039006,turtle,ipop_cma_es,0,-0.939046821599093,10
92,920,-0.8571261351195014,-0.4257655879397819,0.22955954552461164,0.35336096122870214,1.396668058440616,1260.4550637049979,turtle,ipop_cma_es,0,-0.939046821599093,10
93,930,-0.7556711952904545,-0.39751164392105365,0.2159277588690195,0.35282646398633344,1.4004955616125878,1272.321753627999,turtle,ipop_cma_es,0,-0.939046821599093,10
94,940,-0.9865749735893736,-0.489391280261931,0.32892412570136337,0.35236375726524505,1.4043369285621168,1286.5339872540062,turtle,ipop_cma_es,0,-0.9865749735893736,10
95,950,-0.9324582026333301,-0.6350082240636367,0.15314261918486743,0.3520864634225439,1.4084977890385026,1302.524943411001,turtle,ipop_cma_es,0,-0.9865749735893736,10
96,960,-0.9067624531945553,-0.6461568869292759,0.2351176115049477,0.35174237959182747,1.4123611949234471,1315.0227541360073,turtle,ipop_cma_es,0,-0.9865749735893736,10
97,970,-0.9729104868757821,-0.6687464468810825,0.31438553162620136,0.3511289604823955,1.4160168852905413,1329.3208750640042,turtle,ipop_cma_es,0,-0.9865749735893736,10
98,980,-1.0036121552001553,-0.8293070154251518,0.13860291413557874,0.35061302092296004,1.4199424230447362,1341.816369868,turtle,ipop_cma_es,0,-1.0036121552001553,10
99,990,-0.9601603105011352,-0.6710534991372137,0.25855326827889263,0.3502471244048146,1.423794503842151,1357.094796866004,turtle,ipop_cma_es,0,-1.0036121552001553,10
100,1000,-0.9801353431766975,-0.707823454524176,0.2205571170716845,0.3496738889451894,1.4274118943023828,1367.8489217550086,turtle,ipop_cma_es,0,-1.0036121552001553,10
101,1010,-0.8819299344127529,-0.6063742760580488,0.23258875824513817,0.3490204632624081,1.430912518398956,1379.466704106002,turtle,ipop_cma_es,0,-1.0036121552001553,10
102,1020,-0.8582483747165126,-0.5806008672219922,0.2744366482533616,0.348449670084562,1.4344770752882912,1391.6160587120103,turtle,ipop_cma_es,0,-1.0036121552001553,10
103,1030,-0.9036128877838454,-0.7246522999401345,0.19765352901168626,0.3480686688274094,1.438520277800864,1402.9713752060052,turtle,ipop_cma_es,0,-1.0036121552001553,10
104,1040,-0.9787429365831981,-0.5956626663299799,0.22448051770491817,0.3476300639807419,1.442483541672716,1417.4815479050012,turtle,ipop_cma_es,0,-1.0036121552001553,10
105,1050,-0.8790695641731086,-0.4959349895932941,0.25909425540196107,0.3474166606839056,1.4471501138866005,1429.0715786130022,turtle,ipop_cma_es,0,-1.0036121552001553,10
106,1060,-0.9555965422604853,-0.5941716799094235,0.2881483319430235,0.34743959767407995,1.4518497711291998,1441.512428482005,turtle,ipop_cma_es,0,-1.0036121552001553,10
107,1070,-0.9153911412888434,-0.6653672668726941,0.23183863130478377,0.34760690544499007,1.4567403621747812,1453.6522626460064,turtle,ipop_cma_es,0,-1.0036121552001553,10
108,1080,-0.9680905435676035,-0.7279508409050262,0.26803272190232846,0.3478014201424456,1.4614542814448288,1467.9156653870014,turtle,ipop_cma_es,0,-1.0036121552001553,10
109,1090,-0.9350286623545747,-0.6561040616846412,0.27770991578780235,0.3481459884929542,1.4672204689127752,1483.73535928801,turtle,ipop_cma_es,0,-1.0036121552001553,10
110,1100,-0.9296677173166916,-0.6578100427839584,0.3101010651870302,0.34848107641133996,1.4724701368105901,1498.0859600660042,turtle,ipop_cma_es,0,-1.0036121552001553,10
111,1110,-0.9267602935067627,-0.6138993775299495,0.2192572224090831,0.34877738091876587,1.4781462946304282,1513.2684807839978,turtle,ipop_cma_es,0,-1.0036121552001553,10
112,1120,-0.9346638746051745,-0.5535575760350668,0.31361788737287805,0.3491331340019183,1.4836738300841643,1527.4729377750045,turtle,ipop_cma_es,0,-1.0036121552001553,10
113,1130,-0.9032446732944166,-0.4316620571340716,0.3068297151254621,0.349426614019198,1.489105476695482,1543.5937764130067,turtle,ipop_cma_es,0,-1.0036121552001553,10
114,1140,-0.9593550620669813,-0.4188402601701792,0.3053447760730558,0.3498151417876355,1.4945052742544669,1554.3232891939988,turtle,ipop_cma_es,0,-1.0036121552001553,10
115,1150,-0.891695470400701,-0.44866135535333973,0.32223018803101006,0.3501855023049892,1.4999138897191826,1565.4011252500059,turtle,ipop_cma_es,0,-1.0036121552001553,10
116,1160,-0.8145165488341384,-0.5107469990007998,0.18730302705656812,0.3504097149731541,1.5049675244018579,1578.3849284440075,turtle,ipop_cma_es,0,-1.0036121552001553,10
117,1170,-0.9498254811104072,-0.6275257974736127,0.2764507958339141,0.3507078851013026,1.5101677038947916,1589.0003098040033,turtle,ipop_cma_es,0,-1.0036121552001553,10
118,1180,-0.938832070357905,-0.40223663006990595,0.3212550835934061,0.3508405994805236,1.5152021433330034,1602.0120745580061,turtle,ipop_cma_es,0,-1.0036121552001553,10
119,1190,-0.9183240374732149,-0.6287087962266547,0.23948970386160198,0.351011837242613,1.5202838854641494,1616.2588720299973,turtle,ipop_cma_es,0,-1.0036121552001553,10
120,1200,-0.8405512956965051,-0.5365245243591568,0.2591487702054629,0.35122845373337735,1.5257587387693947,1628.8038397040073,turtle,ipop_cma_es,0,-1.0036121552001553,10
121,1210,-0.7074337913651911,-0.3380466177597222,0.21619533653166295,0.35165951522754746,1.532382800693381,1643.9025388419977,turtle,ipop_cma_es,0,-1.0036121552001553,10
122,1220,-0.9414573816663099,-0.45046343995023186,0.2885889593141929,0.35216608893980306,1.5381066580597018,1656.4343277709995,turtle,ipop_cma_es,0,-1.0036121552001553,10
123,1230,-0.9201287434121097,-0.40597563219341676,0.30641548748179165,0.35249252749679144,1.543515358101033,1671.8131703600084,turtle,ipop_cma_es,0,-1.0036121552001553,10
124,1250,-0.2720423190415797,0.0049943816395665586,0.08211665532645195,0.48633237501683363,1.0112429176897866,1701.5832209509972,turtle,ipop_cma_es,0,-1.0036121552001553,20
125,1270,-0.12947663848026014,0.042579340619372186,0.07712399884023234,0.4750039956696844,1.012826604194324,1727.3812355170085,turtle,ipop_cma_es,0,-1.0036121552001553,20
126,1290,-0.28289358839804457,-0.0199631019842915,0.08994917226655423,0.46563279543950536,1.013573446622118,1753.9879917350045,turtle,ipop_cma_es,0,-1.0036121552001553,20
127,1310,-0.07135853989903929,0.5165849622733498,2.176910849259723,0.457281828940084,1.0146322471472975,1779.5849415819976,turtle,ipop_cma_es,0,-1.0036121552001553,20
128,1330,-0.1916175415544208,0.030050416888403753,0.1408610240627691,0.4496558573931319,1.0155414094342898,1807.4691289159964,turtle,ipop_cma_es,0,-1.0036121552001553,20
129,1350,-0.3211322373792376,0.026779834640278555,0.11796242537227222,0.4428648125515941,1.0171776954297396,1829.171128914997,turtle,ipop_cma_es,0,-1.0036121552001553,20
130,1370,-0.15768395612949426,-0.015104607960464733,0.08394973010365109,0.436343863514979,1.0179712274355173,1856.2608900080086,turtle,ipop_cma_es,0,-1.0036121552001553,20
131,1390,-0.21652417567873883,0.006637452112843478,0.11677905035179303,0.43051917267024037,1.0189818520670755,1885.1318806820054,turtle,ipop_cma_es,0,-1.0036121552001553,20
132,1410,-0.16045080196017292,0.008216767548851544,0.07638871792558605,0.4251810366345732,1.020574455874612,1912.0528675039968,turtle,ipop_cma_es,0,-1.0036121552001553,20
133,1430,-0.2137672347411037,-0.002529294123762993,0.07247060599418169,0.42051172638297213,1.0227597505329493,1937.5991117770027,turtle,ipop_cma_es,0,-1.0036121552001553,20
134,1450,-0.20828532879511563,-0.004656936409766344,0.1278722556268587,0.41638732802749445,1.0250731021588575,1959.9161989840068,turtle,ipop_cma_es,0,-1.0036121552001553,20
135,1470,-0.1698360811069648,-0.01089599231418803,0.11009863552589291,0.41238066900145054,1.028259251938004,1980.7150862889976,turtle,ipop_cma_es,0,-1.0036121552001553,20
136,1490,-0.14822770758776205,-0.02156870887903959,0.09716144048930055,0.40912442713302216,1.03082165022568,2003.9916363660013,turtle,ipop_cma_es,0,-1.0036121552001553,20
137,1510,-0.16816811603266846,-0.051923179638489844,0.0861062014995828,0.4063024786413124,1.0338630791689303,2031.2669196540082,turtle,ipop_cma_es,0,-1.0036121552001553,20
138,1530,-0.19805513566465827,-0.051785886468346656,0.07498485534096647,0.4035952008911225,1.0369174028209058,2058.6543573410017,turtle,ipop_cma_es,0,-1.0036121552001553,20
139,1550,-0.23270433166512472,-0.05245542899183109,0.18859636204927974,0.40099188957628856,1.0402087061948235,2082.571224116007,turtle,ipop_cma_es,0,-1.0036121552001553,20
140,1570,-0.28395141602204443,-0.11602718399337149,0.09901398903132212,0.3987653978547845,1.0435800290853439,2108.633046848001,turtle,ipop_cma_es,0,-1.0036121552001553,20
141,1590,-0.29808383990391096,-0.1343336253551244,0.08009664922633679,0.3964329780823846,1.047085268662795,2131.4798070929974,turtle,ipop_cma_es,0,-1.0036121552001553,20
142,1610,-0.30831544254229026,-0.07897199272875347,0.136797356378641,0.3941560108670074,1.0508249049794387,2151.882098222006,turtle,ipop_cma_es,0,-1.0036121552001553,20
143,1630,-0.4465114793107938,-0.07069563286320193,0.1425140838800119,0.39221007018811577,1.0548403741631964,2176.9131347950024,turtle,ipop_cma_es,0,-1.0036121552001553,20
144,1650,-0.2727901350262103,-0.04465382477797082,0.15555922555485652,0.3910373111344829,1.0591630454929868,2200.1331409679988,turtle,ipop_cma_es,0,-1.0036121552001553,20
145,1670,-0.28764740501213204,-0.11475916536451543,0.0995286868256063,0.3902062889811994,1.063362418480316,2224.107622347001,turtle,ipop_cma_es,0,-1.0036121552001553,20
146,1690,-0.28142022494498065,-0.13688255564791668,0.08548143292136007,0.3891838386142262,1.0674197457693289,2249.8238209310075,turtle,ipop_cma_es,0,-1.0036121552001553,20
147,1710,-0.19623700411800815,-0.11592228292069025,0.057722436645819365,0.3880752673088544,1.0716570498495366,2274.7731365880027,turtle,ipop_cma_es,0,-1.0036121552001553,20
148,1730,-0.29947977618108634,-0.11871600657441776,0.1233491336306599,0.38675413917197826,1.0758255824716936,2299.018014629997,turtle,ipop_cma_es,0,-1.0036121552001553,20
149,1750,-0.3277198154573364,-0.11161398313075122,0.13850533654388386,0.38583914702353095,1.079842902876885,2326.5398178660107,turtle,ipop_cma_es,0,-1.0036121552001553,20
150,1770,-0.25622602684815554,-0.09529838104701796,0.10260435880344089,0.38490310702826924,1.0840167523912005,2347.882790074,turtle,ipop_cma_es,0,-1.0036121552001553,20
151,1790,-0.3007538514373973,-0.11240670040682992,0.12176172047024696,0.38367957772532074,1.0881359883101192,2373.6452267040004,turtle,ipop_cma_es,0,-1.0036121552001553,20
152,1810,-0.4286076200156552,-0.11488519600884403,0.16839327880419722,0.3822890697057487,1.0920527018615223,2398.4620923070033,turtle,ipop_cma_es,0,-1.0036121552001553,20
153,1830,-0.316305507433313,-0.10769597233962584,0.09444155595894016,0.38106287588946003,1.0963314269369528,2424.8892898070044,turtle,ipop_cma_es,0,-1.0036121552001553,20
154,1850,-0.33156053606843905,-0.13894183010800734,0.1128338489993323,0.38009944425965286,1.1008722290324513,2448.285114783008,turtle,ipop_cma_es,0,-1.0036121552001553,20
155,1870,-0.2872133454233827,-0.04659227821430485,0.13554528050744422,0.37942921710554817,1.105410218843351,2468.755979367008,turtle,ipop_cma_es,0,-1.0036121552001553,20
156,1890,-0.3029336043623747,-0.07379586845112684,0.10014719195062462,0.3785729955023913,1.1101408397332475,2489.342274472001,turtle,ipop_cma_es,0,-1.0036121552001553,20
157,1910,-0.3057788106841235,-0.09405027888403823,0.08613798609268859,0.376974473311177,1.114690011841239,2512.8126896080066,turtle,ipop_cma_es,0,-1.0036121552001553,20
158,1930,-0.32292002396487884,-0.1580024437226431,0.10920654651839055,0.37532773559765525,1.1189223821125744,2538.4822528970108,turtle,ipop_cma_es,0,-1.0036121552001553,20
159,1950,-0.505772105575911,-0.15517269592152633,0.12976645287099312,0.3743347953730867,1.1233882771593982,2557.8885812200024,turtle,ipop_cma_es,0,-1.0036121552001553,20
160,1970,-0.33730708950331234,-0.10492648594264664,0.12534289284907715,0.3733370058738705,1.1278187709969993,2578.1026526220085,turtle,ipop_cma_es,0,-1.0036121552001553,20
161,1990,-0.3353716605172288,-0.13160018690429806,0.12877628706542735,0.3723822910935343,1.1321920883511922,2600.617901812002,turtle,ipop_cma_es,0,-1.0036121552001553,20
162,2010,-0.3529314688435541,-0.1487579463499203,0.12509296892083388,0.3717290468300272,1.136768746034935,2624.8589713690017,turtle,ipop_cma_es,0,-1.0036121552001553,20
163,2030,-0.5561987797642223,-0.1450151863302883,0.20546114538774488,0.3713371555614596,1.1414025153123335,2648.599722813,turtle,ipop_cma_es,0,-1.0036121552001553,20
164,2050,-0.4438399460931537,-0.13360306203768677,0.20307778510807414,0.3709650021376238,1.1459991029328302,2675.2596886980027,turtle,ipop_cma_es,0,-1.0036121552001553,20
165,2070,-0.4133459798796917,-0.1435457288651551,0.16982766210306074,0.37102996036580627,1.151736231794697,2702.4032710019965,turtle,ipop_cma_es,0,-1.0036121552001553,20
166,2090,-0.7995224032154677,-0.24408722743647168,0.19228333314525642,0.3713108152806363,1.157184792849219,2728.7248635050055,turtle,ipop_cma_es,0,-1.0036121552001553,20
167,2110,-0.5326798870344627,-0.19583090906024908,0.19685999352041528,0.37154621572863566,1.1627407050894583,2751.485356421006,turtle,ipop_cma_es,0,-1.0036121552001553,20
168,2130,-0.5004815390150243,-0.23333020341330862,0.16537636116985974,0.37172556755480246,1.168605023848716,2778.1094971580023,turtle,ipop_cma_es,0,-1.0036121552001553,20
169,2150,-0.5135172551289839,-0.20536619685680307,0.15725307307317907,0.3718346903920264,1.174409361227474,2798.019194585999,turtle,ipop_cma_es,0,-1.0036121552001553,20
170,2170,-0.5095238267804403,-0.13204980887882273,0.16792075148836622,0.3718362153069233,1.1798947164023479,2822.1728788150067,turtle,ipop_cma_es,0,-1.0036121552001553,20
171,2190,-0.5636669657426809,-0.15094682008006174,0.14640134932059223,0.37169188354819543,1.1853808864418856,2844.10233229601,turtle,ipop_cma_es,0,-1.0036121552001553,20
172,2210,-0.7039867872034753,-0.1526813081921503,0.17747794196042843,0.37194156404241113,1.1913588961019042,2865.668421096998,turtle,ipop_cma_es,0,-1.0036121552001553,20
173,2230,-0.8378260884272937,-0.1670584002732991,0.23423433734186094,0.37254087068505337,1.1977585964578015,2893.3164817560028,turtle,ipop_cma_es,0,-1.0036121552001553,20
174,2250,-0.8589409012356573,-0.2054019299700391,0.23001642474181275,0.37333716577315773,1.2045357235783167,2917.2294295309985,turtle,ipop_cma_es,0,-1.0036121552001553,20
175,2270,-0.5268427270750138,-0.14114723147977282,0.17748933116774301,0.3735027373212542,1.2111094484643314,2942.196934321997,turtle,ipop_cma_es,0,-1.0036121552001553,20
176,2290,-0.6995068034906353,-0.22391016862821916,0.20449950605402603,0.37339501393934726,1.2167621620227926,2967.261901097998,turtle,ipop_cma_es,0,-1.0036121552001553,20
177,2310,-0.8404236089497559,-0.3125497033878295,0.24113417131556772,0.37303187423920187,1.2225503162823892,2990.412454053003,turtle,ipop_cma_es,0,-1.0036121552001553,20
178,2330,-0.9747355953107135,-0.2671738530960321,0.29454719308186744,0.3727546031802208,1.2281344829841483,3013.0187618269993,turtle,ipop_cma_es,0,-1.0036121552001553,20
179,2350,-0.7557404347013543,-0.26541113497202196,0.2864392520133345,0.3724954379562829,1.2340431470590072,3033.1545949830033,turtle,ipop_cma_es,0,-1.0036121552001553,20
180,2370,-0.549468532749847,-0.17732494332591492,0.21855512381265418,0.37212639269260983,1.2393623357304036,3058.1125238789973,turtle,ipop_cma_es,0,-1.0036121552001553,20
181,2390,-0.7643486223255556,-0.17396702845625453,0.22298378619381812,0.3714969794712871,1.2444787323487412,3080.4169242479984,turtle,ipop_cma_es,0,-1.0036121552001553,20
182,2410,-0.8316731146348104,-0.2226727825564628,0.23572476296376674,0.37097493730859016,1.2494633369373045,3105.0208322800027,turtle,ipop_cma_es,0,-1.0036121552001553,20
183,2430,-0.7434955130945751,-0.38791972969185107,0.2265791072552903,0.3705609407708056,1.254583400604411,3126.6805343200103,turtle,ipop_cma_es,0,-1.0036121552001553,20
184,2450,-0.7047278032405293,-0.27074409179540376,0.2253914588868006,0.3695480435154444,1.259358079998269,3150.5023077750084,turtle,ipop_cma_es,0,-1.0036121552001553,20
185,2470,-0.7191340659325824,-0.4070815025718476,0.22161812826122906,0.3686888115641725,1.264026596103403,3173.541081485004,turtle,ipop_cma_es,0,-1.0036121552001553,20
186,2490,-0.8178019116217996,-0.42041497254504945,0.29216740691142096,0.368443415872459,1.2695943122260767,3193.5096857470053,turtle,ipop_cma_es,0,-1.0036121552001553,20
187,2510,-0.8731753875842898,-0.40800481955625284,0.26139797931781317,0.36858854910421984,1.2750990060874006,3216.237828368001,turtle,ipop_cma_es,0,-1.0036121552001553,20
188,2530,-0.8522053731499675,-0.4695918216755416,0.2626373020518224,0.3686205042593647,1.280693159856887,3238.473520574,turtle,ipop_cma_es,0,-1.0036121552001553,20
189,2550,-0.8148062225547443,-0.4472279921319302,0.24503133946817113,0.3689163255552227,1.285831093320128,3264.036347417001,turtle,ipop_cma_es,0,-1.0036121552001553,20
190,2570,-0.9202015005789432,-0.41959710292136787,0.24216454005005814,0.36923207507709577,1.2915016347726085,3285.453135527001,turtle,ipop_cma_es,0,-1.0036121552001553,20
191,2590,-0.6963076832258155,-0.3697804087204032,0.2450382203908083,0.36979491316088725,1.297118022237142,3308.2939487780095,turtle,ipop_cma_es,0,-1.0036121552001553,20
192,2610,-0.7497697477065293,-0.252591803904456,0.2660724225923909,0.3702125716723613,1.3028556460529812,3329.102456105,turtle,ipop_cma_es,0,-1.0036121552001553,20
193,2630,-0.6840886809589346,-0.19569580631587544,0.2580961068214571,0.37040475316447,1.3081304264808618,3347.9595756120107,turtle,ipop_cma_es,0,-1.0036121552001553,20
194,2650,-0.6406729223164032,-0.2303768570061123,0.20407718972967384,0.3709429370784143,1.3134546940736582,3370.318323569998,turtle,ipop_cma_es,0,-1.0036121552001553,20
195,2670,-0.5848367236955703,-0.23157489664584668,0.17731919321103218,0.37114546374331264,1.3186997826952438,3391.3963011239975,turtle,ipop_cma_es,0,-1.0036121552001553,20
196,2690,-0.90294574207417,-0.34658866232024743,0.25885029547103633,0.37117479669305375,1.3241219941132822,3415.0245034880063,turtle,ipop_cma_es,0,-1.0036121552001553,20
197,2710,-0.5568676598605871,-0.2482578802689223,0.20607783035568839,0.3710172523803127,1.3294255203721594,3439.2218119150057,turtle,ipop_cma_es,0,-1.0036121552001553,20
198,2730,-0.7952466423669717,-0.37550672349867736,0.20146970494142658,0.37095811958155045,1.3345922953464429,3466.616604210998,turtle,ipop_cma_es,0,-1.0036121552001553,20
199,2750,-0.7277049102395434,-0.484328663185443,0.1650885234480301,0.3712077607711193,1.3397956385390872,3488.7517127460014,turtle,ipop_cma_es,0,-1.0036121552001553,20
200,2770,-0.7210654142243484,-0.36255773804500013,0.28673968219704804,0.3714922513204657,1.345132640347963,3511.1576679510035,turtle,ipop_cma_es,0,-1.0036121552001553,20
201,2790,-0.7531874459212897,-0.42350384770004945,0.2482628822254834,0.37152460792061703,1.3504155023791138,3534.7339029990108,turtle,ipop_cma_es,0,-1.0036121552001553,20
202,2810,-0.7083373668700759,-0.38692489939103963,0.22144009947650373,0.3715867142681908,1.3551479902283614,3553.9534757479996,turtle,ipop_cma_es,0,-1.0036121552001553,20
203,2830,-0.9624633735092454,-0.3977209177122419,0.28851971685363914,0.3712591821346992,1.3596430423206176,3578.443937475997,turtle,ipop_cma_es,0,-1.0036121552001553,20
204,2870,-0.35779502969534693,0.22555821537146076,1.5691755427713086,0.4817721031859925,1.017028602406114,3634.216124547005,turtle,ipop_cma_es,0,-1.0036121552001553,40
205,2910,-0.36825401011079606,0.24137620220128236,1.5660256737367282,0.4680990729915917,1.0194950821823692,3688.047687957005,turtle,ipop_cma_es,0,-1.0036121552001553,40
206,2950,-0.310734552170306,-0.035450717323255755,0.09228254473945546,0.4575559278591178,1.021277981312464,3745.1173409449984,turtle,ipop_cma_es,0,-1.0036121552001553,40
207,2990,-0.21193767101525207,-0.05344813771421721,0.07987230876791995,0.4485493578293769,1.0231754072320165,3798.101790276007,turtle,ipop_cma_es,0,-1.0036121552001553,40
208,3030,-0.22609684158521315,0.23551523968442556,1.5671762138614151,0.44093862225264974,1.024867881652156,3858.3115510780044,turtle,ipop_cma_es,0,-1.0036121552001553,40
209,3070,-0.6199344289193478,-0.08827496190348809,0.16866719762674598,0.4343996417031093,1.0264844936586088,3915.326391900002,turtle,ipop_cma_es,0,-1.0036121552001553,40
210,3110,-0.4771361468145514,-0.1153177847411883,0.15518792910871196,0.42994785080081316,1.029109938999721,3965.111807554,turtle,ipop_cma_es,0,-1.0036121552001553,40
211,3150,-1.2381591131763887,-0.1935666214184517,0.25069810559216954,0.42748651264339627,1.032581854517026,4016.0783751700073,turtle,ipop_cma_es,0,-1.2381591131763887,40
212,3190,-0.4616470477605148,-0.10506515144462933,0.14148996933188956,0.4263837079518064,1.0367985439692111,4071.7011690150102,turtle,ipop_cma_es,0,-1.2381591131763887,40
213,3230,-0.5419916186911413,-0.10559272741145234,0.15706125239352667,0.4251670205775358,1.0408609926724877,4131.267389546003,turtle,ipop_cma_es,0,-1.2381591131763887,40
214,3270,-0.6413944913038145,-0.18339656846057248,0.2128301478828381,0.4231772296290595,1.0446276227514382,4176.737267029006,turtle,ipop_cma_es,0,-1.2381591131763887,40
215,3310,-0.5838415820627851,-0.13686911443763666,0.17416082566732136,0.4213025373202333,1.0485209194508225,4227.746397199997,turtle,ipop_cma_es,0,-1.2381591131763887,40
216,3350,-0.6791845796875355,-0.2452562132660881,0.17016439624567328,0.4193969875487094,1.0519843372317847,4279.872869744009,turtle,ipop_cma_es,0,-1.2381591131763887,40
217,3390,-1.069599122769425,-0.14440933221658483,0.22761640505026853,0.41816299141423796,1.0565966164745504,4333.701175841008,turtle,ipop_cma_es,0,-1.2381591131763887,40
218,3430,-0.7412210463792324,-0.20958377222547564,0.22548008290697658,0.418509597069843,1.0620570566305718,4386.651174821003,turtle,ipop_cma_es,0,-1.2381591131763887,40
219,3470,-0.7396981901428532,-0.2938691553973502,0.202588255944139,0.4188464976548196,1.0672180846798551,4437.096324259997,turtle,ipop_cma_es,0,-1.2381591131763887,40
220,3510,-0.6276033892417816,-0.23011728282261262,0.16843095145094858,0.4178903181212492,1.072128800362358,4491.761850766008,turtle,ipop_cma_es,0,-1.2381591131763887,40
221,3550,-0.8029866790899165,-0.2751958243763758,0.2772404064021679,0.4174122226611011,1.0773130580499204,4539.932907957002,turtle,ipop_cma_es,0,-1.2381591131763887,40
222,3590,-0.8687620962222748,-0.20660732492216322,0.27079385062613587,0.41691910550240324,1.0821169877473082,4588.353035053005,turtle,ipop_cma_es,0,-1.2381591131763887,40
223,3630,-0.7297085833226351,-0.2717568182718671,0.2511220231343686,0.4170707941243699,1.087767486625453,4638.850534514,turtle,ipop_cma_es,0,-1.2381591131763887,40
224,3670,-0.9130780950858988,-0.24485603540970935,0.2683351166467517,0.41670776328980824,1.0928495857471952,4686.3026053040085,turtle,ipop_cma_es,0,-1.2381591131763887,40
225,3710,-1.1354755910224732,-0.3211738424333409,0.26393736376929283,0.4162031298449952,1.0980572582949475,4731.231890117007,turtle,ipop_cma_es,0,-1.2381591131763887,40
226,3750,-0.9130127288950325,-0.3148654575265648,0.2364577333530105,0.4145175417816922,1.1034623296532586,4784.999944422001,turtle,ipop_cma_es,0,-1.2381591131763887,40
227,3790,-0.9969695984739682,-0.34219520445772295,0.2760234919335259,0.4135720753692451,1.1090218553757942,4836.268329573999,turtle,ipop_cma_es,0,-1.2381591131763887,40
228,3830,-0.9889472562509898,-0.31449177083249696,0.3178391768163986,0.4135603709602905,1.1146458770520256,4883.550061656002,turtle,ipop_cma_es,0,-1.2381591131763887,40
229,3870,-0.7832288060479033,-0.2964345502646609,0.22211298116773948,0.41366603618878384,1.120312083300736,4936.630920501004,turtle,ipop_cma_es,0,-1.2381591131763887,40
230,3910,-1.0013798807012568,-0.40982609985076335,0.2909689059646107,0.4142926266312476,1.1263755749254005,4980.638883929001,turtle,ipop_cma_es,0,-1.2381591131763887,40
231,3950,-1.1958445182826125,-0.48028592305529666,0.29466201704521294,0.41453162150265965,1.1321744294978098,5031.648587026997,turtle,ipop_cma_es,0,-1.2381591131763887,40
232,3990,-1.044631304656809,-0.38497568955688716,0.2779736619933074,0.41539388143781736,1.138272511950851,5082.457749718,turtle,ipop_cma_es,0,-1.2381591131763887,40
233,4030,-0.9372405461058522,-0.4507848678780936,0.3053962095197181,0.4152543977645774,1.144106268465444,5131.3228640200105,turtle,ipop_cma_es,0,-1.2381591131763887,40
234,4070,-1.1169935532145834,-0.39521642354014164,0.3297548712907166,0.41465698745883856,1.1500094766484246,5186.141516443007,turtle,ipop_cma_es,0,-1.2381591131763887,40
235,4110,-1.0765801081912292,-0.4023351909694724,0.3432314559163162,0.4136703358711831,1.155584935046276,5237.222033739003,turtle,ipop_cma_es,0,-1.2381591131763887,40
236,4150,-1.2806957432384731,-0.4052965219557853,0.3640017651168695,0.4120367618435827,1.1610763242626905,5285.926933748007,turtle,ipop_cma_es,0,-1.2806957432384731,40
237,4190,-0.8928202917279107,-0.40285534714767407,0.2756450785141006,0.4110399159480542,1.1664385493843774,5336.691907138011,turtle,ipop_cma_es,0,-1.2806957432384731,40
238,4230,-1.0813937332179444,-0.4830717502009554,0.2952694598756897,0.4104469997813374,1.1724988742304794,5388.930708958011,turtle,ipop_cma_es,0,-1.2806957432384731,40
239,4270,-1.1186021711602239,-0.48996463277219443,0.28958786032961964,0.40992865389399225,1.1785541174284548,5440.873680728997,turtle,ipop_cma_es,0,-1.2806957432384731,40
240,4310,-1.1837433092229563,-0.6146555499887303,0.3524815141893254,0.410119002087433,1.1846806153324536,5489.972426433,turtle,ipop_cma_es,0,-1.2806957432384731,40
241,4350,-1.3138435425655786,-0.6640035014817334,0.33731451786036476,0.4111522364210778,1.1905201002680088,5543.870197993005,turtle,ipop_cma_es,0,-1.3138435425655786,40
242,4390,-1.2007861783616907,-0.6286219625561108,0.35640500515350454,0.41175846600023547,1.1964062331877396,5598.4211538880045,turtle,ipop_cma_es,0,-1.3138435425655786,40
243,4430,-1.3340081685966014,-0.5639473796307906,0.332422928181723,0.4125696899067673,1.2031306387556315,5646.16918874401,turtle,ipop_cma_es,0,-1.3340081685966014,40
244,4470,-1.2623014546993065,-0.6387398016641406,0.34929074230762586,0.41365712610495875,1.209299277897942,5691.2562318560085,turtle,ipop_cma_es,0,-1.3340081685966014,40
245,4510,-1.3688793622376751,-0.613681459252158,0.3599263574880475,0.41414396274065335,1.215353936052423,5739.342880829005,turtle,ipop_cma_es,0,-1.3688793622376751,40
246,4550,-1.2313689924857751,-0.6240569573645651,0.3547848428673434,0.41427479727557026,1.2214272866608245,5789.697240007008,turtle,ipop_cma_es,0,-1.3688793622376751,40
247,4590,-1.193340445812149,-0.664086645869839,0.3346544209029916,0.41331133968787087,1.2274179224185882,5842.447955545998,turtle,ipop_cma_es,0,-1.3688793622376751,40
248,4630,-1.2851975186523106,-0.6829782954832172,0.3230874616633316,0.4138404001438789,1.2339409787951048,5890.804036492002,turtle,ipop_cma_es,0,-1.3688793622376751,40
249,4670,-1.2800988971458809,-0.6531267801221544,0.3472083201757556,0.41376830682284893,1.2399517947648475,5929.374809517001,turtle,ipop_cma_es,0,-1.3688793622376751,40
250,4710,-1.3905786339554336,-0.7071827737492857,0.41372498444737055,0.41382832168403977,1.2459880499484164,5978.7036778470065,turtle,ipop_cma_es,0,-1.3905786339554336,40
251,4750,-1.263025741150349,-0.6992681309756363,0.2902977693464097,0.41454599383200097,1.2529889219945145,6029.408702957007,turtle,ipop_cma_es,0,-1.3905786339554336,40
252,4790,-1.3841957507247313,-0.7346909475949115,0.3630449295812115,0.4153161941544443,1.259382798432743,6068.741509141997,turtle,ipop_cma_es,0,-1.3905786339554336,40
253,4830,-1.2777248233311918,-0.822190425913837,0.31369142629949803,0.4164078429331084,1.2662826312847886,6122.843178809999,turtle,ipop_cma_es,0,-1.3905786339554336,40
254,4870,-1.3452063880909337,-0.7196453368262296,0.39773071486705036,0.4169639968107497,1.2732374316785422,6179.1426162380085,turtle,ipop_cma_es,0,-1.3905786339554336,40
255,4910,-1.3211446811972296,-0.6956091945753802,0.3940696238121633,0.4171085459206852,1.2805084901033945,6234.358569150005,turtle,ipop_cma_es,0,-1.3905786339554336,40
256,4950,-1.464515453399411,-0.8271963391454669,0.3576260563385061,0.4170730873288875,1.2875125528845761,6288.901955308,turtle,ipop_cma_es,0,-1.464515453399411,40
257,4990,-1.4406410393000497,-0.9176400411055265,0.3202521600255088,0.4178731955657273,1.2949733134157493,6340.226251676999,turtle,ipop_cma_es,0,-1.464515453399411,40
258,5030,-1.3772302281272202,-0.9077233027691569,0.42072530277734266,0.4197811878430461,1.3025448344941697,6387.1337339890015,turtle,ipop_cma_es,0,-1.464515453399411,40
259,5070,-1.397792227793011,-0.9051049351452898,0.36336263283647324,0.42177724161033103,1.3107960736097455,6432.722098015001,turtle,ipop_cma_es,0,-1.464515453399411,40
260,5110,-1.4212771888457345,-1.0049719772532217,0.3147469327017093,0.4237063036449513,1.3190513925445044,6480.478899832,turtle,ipop_cma_es,0,-1.464515453399411,40
261,5150,-1.4423863054756145,-0.9350158303073879,0.3344467853223932,0.42499088563531684,1.3276333903152677,6532.1937629349995,turtle,ipop_cma_es,0,-1.464515453399411,40
262,5190,-1.4745166137025976,-0.8012147765127864,0.47024129722144714,0.4278063654619223,1.33781897969209,6579.399142941998,turtle,ipop_cma_es,0,-1.4745166137025976,40
263,5230,-1.4167385089415223,-1.0597705867570095,0.26388009251877065,0.43009195213702167,1.3472820853264957,6624.920133802007,turtle,ipop_cma_es,0,-1.4745166137025976,40
264,5270,-1.3990596437763498,-0.9505810744599785,0.3210750088945416,0.4318463257164377,1.3560368447488957,6671.314714975,turtle,ipop_cma_es,0,-1.4745166137025976,40
265,5310,-1.4630321661821464,-1.0109889227184479,0.30904230494870377,0.4331194080156266,1.3657729331617612,6718.160721157998,turtle,ipop_cma_es,0,-1.4745166137025976,40
266,5350,-1.4561794897339215,-0.994124404197664,0.31162958698428167,0.4353008277096536,1.3744101406801248,6767.065579966002,turtle,ipop_cma_es,0,-1.4745166137025976,40
267,5390,-1.4140863043827325,-1.047698472570957,0.3012265348685077,0.437178025900992,1.3832465507341438,6811.829781339999,turtle,ipop_cma_es,0,-1.4745166137025976,40
268,5430,-1.4554643828974632,-1.0759812411630203,0.2442614559374543,0.43837313172458253,1.3922762869662242,6857.403224380003,turtle,ipop_cma_es,0,-1.4745166137025976,40
269,5470,-1.4517347132476246,-1.0600332087262476,0.2612905912789037,0.4385330536280764,1.4002648375007534,6906.451837052009,turtle,ipop_cma_es,0,-1.4745166137025976,40
270,5510,-1.3949112007687008,-0.8949807858502391,0.36461277573136247,0.43882206067714546,1.4076019203060797,6952.9392040620005,turtle,ipop_cma_es,0,-1.4745166137025976,40
271,5550,-1.4885508448612983,-1.046408738183255,0.32061907872774936,0.4391174758304705,1.4147836974585355,6995.166829865004,turtle,ipop_cma_es,0,-1.4885508448612983,40
272,5590,-1.4512336483596364,-0.997333986589673,0.3439801174246753,0.43972637348893606,1.4213743621108492,7044.5011402360105,turtle,ipop_cma_es,0,-1.4885508448612983,40
273,5630,-1.5208223914141934,-1.0386607119704951,0.3506705827271192,0.43996686840733074,1.4288528931107347,7085.060209798001,turtle,ipop_cma_es,0,-1.5208223914141934,40
274,5670,-1.4806303967660783,-0.6202887481120825,1.7402380653166936,0.43917280005468246,1.4366818298860597,7135.771090536,turtle,ipop_cma_es,0,-1.5208223914141934,40
275,5710,-1.4366615104244982,-0.960411895090861,0.33517472506927715,0.4377116307183722,1.4435807469359048,7184.739780579999,turtle,ipop_cma_es,0,-1.5208223914141934,40
276,5750,-1.428488392263243,-0.908081495970702,0.36032805191652284,0.4354352785358111,1.4509810785439328,7226.265006868998,turtle,ipop_cma_es,0,-1.5208223914141934,40
277,5790,-1.4464610215823743,-0.9288633811325233,0.46321969043884775,0.4337586021962535,1.4577862786865985,7273.210368928005,turtle,ipop_cma_es,0,-1.5208223914141934,40
278,5830,-1.3970910216584604,-1.060736887900903,0.29210109826894554,0.43224620988208323,1.4654768184030482,7320.160004694,turtle,ipop_cma_es,0,-1.5208223914141934,40
279,5870,-1.461035508908381,-1.0035012113888058,0.3611536261843232,0.4301616271119355,1.4731548129039664,7366.243730260001,turtle,ipop_cma_es,0,-1.5208223914141934,40
280,5910,-1.4023035357946254,-1.0486999588012806,0.37614527900662365,0.4280726106893962,1.4799021248923945,7411.762897722001,turtle,ipop_cma_es,0,-1.5208223914141934,40
281,5950,-1.4377796732375483,-0.9671847682679087,0.44997675016582206,0.4256196562971147,1.4866820454336318,7460.305852297999,turtle,ipop_cma_es,0,-1.5208223914141934,40
282,5990,-1.4423226776602478,-1.0313889117228598,0.35391785195116804,0.423432664828256,1.4939075186019948,7512.208804004011,turtle,ipop_cma_es,0,-1.5208223914141934,40
283,6030,-1.4614142203347784,-1.0322241033271509,0.3619929522480443,0.42202512377779866,1.5006088622427216,7562.189102179007,turtle,ipop_cma_es,0,-1.5208223914141934,40
284,6070,-1.4451392301905726,-1.1427174140528122,0.2388667597264999,0.4206948459626344,1.50753972479734,7609.782792940008,turtle,ipop_cma_es,0,-1.5208223914141934,40
285,6110,-1.44760186978763,-1.0666937860255057,0.3719506554755525,0.4199459138665114,1.5142366215741123,7660.232149766001,turtle,ipop_cma_es,0,-1.5208223914141934,40
286,6150,-1.4473662956227065,-0.9980652072053129,0.4309669737820305,0.4197603066446384,1.521575006356228,7708.539286933999,turtle,ipop_cma_es,0,-1.5208223914141934,40
287,6190,-1.4289707563783942,-0.9222508152990173,0.37861781654640336,0.4200105299559055,1.5288694073723856,7758.505142944006,turtle,ipop_cma_es,0,-1.5208223914141934,40
288,6230,-1.4241183481534216,-1.085165918517779,0.3490868373939628,0.4205239686735341,1.5355739937370445,7808.470387648005,turtle,ipop_cma_es,0,-1.5208223914141934,40
289,6270,-1.4448711770414135,-1.005284140065363,0.3594019008845277,0.421047610327285,1.5440302371192383,7852.97418826801,turtle,ipop_cma_es,0,-1.5208223914141934,40
290,6310,-1.4331436979843382,-1.0464175444310027,0.3028133846254094,0.4211044073251724,1.5509462784208876,7905.024321885998,turtle,ipop_cma_es,0,-1.5208223914141934,40
291,6350,-1.494858148327003,-1.1496402882686756,0.3335552289714415,0.42096608574443173,1.5581537164543537,7956.816169811005,turtle,ipop_cma_es,0,-1.5208223914141934,40
292,6390,-1.4849143049136408,-1.1135239397364878,0.3559561793693536,0.4202991238271457,1.5648961010735267,8014.708424873999,turtle,ipop_cma_es,0,-1.5208223914141934,40
293,6430,-1.461182744136294,-1.0637332408790736,0.37249935325574085,0.4187081856705147,1.5708653292260168,8071.370611696009,turtle,ipop_cma_es,0,-1.5208223914141934,40
294,6470,-1.476032503085781,-1.014972542408366,0.3739781764624631,0.4168625971334161,1.577844656582414,8120.7548804929975,turtle,ipop_cma_es,0,-1.5208223914141934,40
295,6510,-1.468594267469042,-1.1320533204498706,0.31292409704070717,0.41442356451966145,1.5844115501120395,8169.087179173002,turtle,ipop_cma_es,0,-1.5208223914141934,40
296,6550,-1.4148965458149583,-1.1936258284887977,0.22081506526713138,0.41157552660109487,1.5906505058584863,8220.06382041001,turtle,ipop_cma_es,0,-1.5208223914141934,40
297,6590,-1.4889481173306391,-1.2724069896353498,0.1691677321665069,0.4088003660859808,1.5963714718048319,8268.614120530008,turtle,ipop_cma_es,0,-1.5208223914141934,40
298,6630,-1.4425808714846626,-1.1682128612558664,0.28552106478043027,0.40645001605449016,1.6023685246941342,8310.490774068006,turtle,ipop_cma_es,0,-1.5208223914141934,40
299,6710,-0.35324450802368457,0.1132909249584986,1.1149229567223944,0.47461353490180247,1.0237079507940523,8420.785274991009,turtle,ipop_cma_es,0,-1.5208223914141934,80
300,6790,-0.4353580917469708,0.236057028465596,1.566783077826884,0.45627430885805764,1.0249993301112401,8527.208081557998,turtle,ipop_cma_es,0,-1.5208223914141934,80
301,6870,-0.47228544100458425,0.19409874118385,1.5735872016403758,0.44208228615660444,1.0256586075884395,8630.468618883999,turtle,ipop_cma_es,0,-1.5208223914141934,80
302,6950,-0.31770935099687936,0.2151362976381601,1.5689585295911874,0.4341607070232172,1.02886809988842,8733.835351896007,turtle,ipop_cma_es,0,-1.5208223914141934,80
303,7030,-0.5468894445371113,-0.040016325849284426,0.12564932897530826,0.42871557195217364,1.030584838758307,8834.714891594005,turtle,ipop_cma_es,0,-1.5208223914141934,80
304,7110,-0.5212612347430188,-0.0697207259711289,0.11775860595953888,0.4231000460111336,1.033232162240621,8942.908310501007,turtle,ipop_cma_es,0,-1.5208223914141934,80
305,7190,-0.5820508693849566,0.025052729675263553,1.1334531227437938,0.4204680251352697,1.035994637904544,9043.362543940006,turtle,ipop_cma_es,0,-1.5208223914141934,80
306,7270,-0.6125036612236805,-0.11008644170519077,0.14764850032060392,0.4184017126132591,1.038812458975554,9147.71888871101,turtle,ipop_cma_es,0,-1.5208223914141934,80
307,7350,-0.7076088829353937,-0.15795243501201583,0.16295654911892843,0.4153588486040134,1.0409860050023043,9241.742478913002,turtle,ipop_cma_es,0,-1.5208223914141934,80
308,7430,-0.5540909148306197,-0.1325205967907718,0.16588772183675893,0.41322978772556046,1.0432047323402251,9341.017638357996,turtle,ipop_cma_es,0,-1.5208223914141934,80
309,7510,-0.6613541136768442,-0.158929206893284,0.17883766621596686,0.41290489298712685,1.0464981959828237,9436.043610092005,turtle,ipop_cma_es,0,-1.5208223914141934,80
310,7590,-0.6408559870280621,-0.1507460472070453,0.16791207210290804,0.4125918066549301,1.0506837711449202,9538.934615185004,turtle,ipop_cma_es,0,-1.5208223914141934,80
311,7670,-0.571172459720076,-0.17827364086456468,0.15373663967449658,0.4107904589367784,1.054347412239325,9638.790859275003,turtle,ipop_cma_es,0,-1.5208223914141934,80
312,7750,-0.5596052145007988,-0.16737322033128493,0.18117318064497978,0.41042606971542767,1.0579004452623093,9733.484680870999,turtle,ipop_cma_es,0,-1.5208223914141934,80
313,7830,-0.6895254687204027,-0.20005847728691598,0.15324601297852516,0.407736999086934,1.0623950664995816,9832.495286545003,turtle,ipop_cma_es,0,-1.5208223914141934,80
314,7910,-0.6223372552033837,-0.06142428379928895,1.1462991950038037,0.4058489515547809,1.0671568725883809,9939.591674088006,turtle,ipop_cma_es,0,-1.5208223914141934,80
315,7990,-0.5558575315471606,-0.17104495543654935,0.1603105477215168,0.4059471637005362,1.0726031049022875,10040.360629233008,turtle,ipop_cma_es,0,-1.5208223914141934,80
1,10,-0.09364012875664596,-0.0016806607673025553,0.0567897537779721,0.4904289728755105,1.0059734973031509,7.803164926008321,turtle,ipop_cma_es,1,-0.09364012875664596,10
2,20,-0.1875739102091467,-0.04138192706027501,0.06844918695612097,0.482046121246947,1.007723413015288,18.98432590100856,turtle,ipop_cma_es,1,-0.1875739102091467,10
3,30,-0.42266319211920766,-0.06725320383590913,0.1490933231304061,0.4748442625085514,1.0082582450566375,30.543634494009893,turtle,ipop_cma_es,1,-0.42266319211920766,10
4,40,-0.1870082209719408,-0.00015864391595536985,0.08486477511515535,0.46845564216287533,1.009761351968739,41.53874802601058,turtle,ipop_cma_es,1,-0.42266319211920766,10
5,50,-0.21210747778591443,-0.034083606071891204,0.07368564326804751,0.46267773008478613,1.0112985855832535,53.647190696006874,turtle,ipop_cma_es,1,-0.42266319211920766,10
6,60,-0.1726713878797952,-0.008988451719447,0.0696308150234108,0.4574356772351694,1.0131932513118418,65.46605196100427,turtle,ipop_cma_es,1,-0.42266319211920766,10
7,70,-0.260946866639836,-0.07551816866901868,0.10082035860819495,0.45230816614422464,1.01515451862906,75.7688265270117,turtle,ipop_cma_es,1,-0.42266319211920766,10
8,80,-0.15901736187437354,0.021513814045757938,0.09545980807276605,0.4478026974203751,1.017339208028889,85.84634578401165,turtle,ipop_cma_es,1,-0.42266319211920766,10
9,90,-0.2898027686722813,-0.04432007716271027,0.11822476095904227,0.44339913014357246,1.019557690457872,101.12738787800481,turtle,ipop_cma_es,1,-0.42266319211920766,10
10,100,-0.404714124722938,-0.08393371356866738,0.14557084570453155,0.4389756714999058,1.0216819502226686,114.42456089900224,turtle,ipop_cma_es,1,-0.42266319211920766,10
11,110,-0.2325856592037141,-0.058103682716922476,0.07331350778299381,0.4347188289683863,1.023777064572157,134.54204192900215,turtle,ipop_cma_es,1,-0.42266319211920766,10
12,120,-0.2011888253938423,-0.01467872999688069,0.12571590872029015,0.4305052762777401,1.025930439886047,150.94207191400346,turtle,ipop_cma_es,1,-0.42266319211920766,10
13,130,-0.08442625481412946,-0.002937327972064985,0.05945781559617995,0.42665659051221344,1.0282005300165509,168.36129116000666,turtle,ipop_cma_es,1,-0.42266319211920766,10
14,140,-0.08629725709230573,-0.0016051919805244452,0.05865647532846846,0.4231475537724595,1.0305463803953447,184.9967235970107,turtle,ipop_cma_es,1,-0.42266319211920766,10
15,150,-0.10724406034478928,-0.008666220679728021,0.07862498951090872,0.4199565122710106,1.0334933788989962,204.13529909400677,turtle,ipop_cma_es,1,-0.42266319211920766,10
16,160,-0.3100991794151522,-0.06303748003103404,0.11557231137369399,0.4169157944901973,1.0364991050630714,222.45225175800442,turtle,ipop_cma_es,1,-0.42266319211920766,10
17,170,-0.4000879767792256,-0.07210917248202424,0.11791769840485675,0.4138999386371359,1.0394369217819805,240.34344536199933,turtle,ipop_cma_es,1,-0.42266319211920766,10
18,180,-0.07599338635345187,0.04006166377391409,0.0896868158327472,0.4112071891188706,1.0426135207946539,258.18169062600646,turtle,ipop_cma_es,1,-0.42266319211920766,10
19,190,-0.25907966247305136,-0.07947331898788504,0.06862925351778267,0.4086083248752605,1.0459251642597311,274.0244061350095,turtle,ipop_cma_es,1,-0.42266319211920766,10
20,200,-0.27397003002918474,-0.10098927971852474,0.1125717913736561,0.4060517710042334,1.0493664680943107,292.58590019500116,turtle,ipop_cma_es,1,-0.42266319211920766,10
21,210,-0.30993980145538913,-0.12473011279509168,0.10001714041805983,0.4037599230811328,1.0529583685066768,306.87414899600844,turtle,ipop_cma_es,1,-0.42266319211920766,10
22,220,-0.2626365558855257,-0.05817671065977725,0.12677190774797092,0.40172965096011515,1.0568817583119843,320.87460020500293,turtle,ipop_cma_es,1,-0.42266319211920766,10
23,230,-0.25357234423542074,-0.10134053088976262,0.14977080559725914,0.3997191624554269,1.0607232240420916,338.0318304300017,turtle,ipop_cma_es,1,-0.42266319211920766,10
24,240,-0.2641798798159396,-0.13264993050147736,0.09214964561186575,0.3981413917967914,1.065209445035489,352.1648321200046,turtle,ipop_cma_es,1,-0.42266319211920766,10
25,250,-0.3040648820019607,-0.09513397130157442,0.10354338677619193,0.39694724979269475,1.0701096512395176,367.56531366400304,turtle,ipop_cma_es,1,-0.42266319211920766,10
26,260,-0.24357162018523937,-0.12036787461762995,0.06632297924067361,0.39588704231023797,1.075383470293364,379.1772217370017,turtle,ipop_cma_es,1,-0.42266319211920766,10
27,270,-0.4825928645379767,-0.14967854541955844,0.13948225108589973,0.39492840806804314,1.080552604935366,393.58635057500214,turtle,ipop_cma_es,1,-0.4825928645379767,10
28,280,-0.22765623521604095,-0.09378499219867606,0.08027641198285819,0.3939603626501682,1.0856371473471778,414.72006630100077,turtle,ipop_cma_es,1,-0.4825928645379767,10
29,290,-0.21566246861631466,-0.11755708389115674,0.11112396596433814,0.3929826104596853,1.0908090567084399,431.8316587110021,turtle,ipop_cma_es,1,-0.4825928645379767,10
30,300,-0.2895277497272417,-0.09479630373515588,0.10344043415654254,0.39194492722920354,1.0958371337666835,449.44937101400865,turtle,ipop_cma_es,1,-0.4825928645379767,10
31,310,-0.31766278297327943,-0.14277125466359183,0.13703127377322874,0.3910940267949897,1.1009270641837334,465.60869253700366,turtle,ipop_cma_es,1,-0.4825928645379767,10
32,320,-0.6589181706631724,-0.22406033189525543,0.203658732250218,0.39000176145109955,1.1059017705214966,481.6339441599994,turtle,ipop_cma_es,1,-0.6589181706631724,10
33,330,-0.2807906907866764,-0.08506839941794837,0.1259893969098183,0.38903341813778236,1.1109774289994245,494.2227728880098,turtle,ipop_cma_es,1,-0.6589181706631724,10
34,340,-0.5209811583544095,-0.3545260735346263,0.1876907391905168,0.3878229798744455,1.1156282406898577,507.6529735540098,turtle,ipop_cma_es,1,-0.6589181706631724,10
35,350,-0.34811666468851854,-0.14782705878574368,0.12868343103535698,0.38656096898874187,1.1201116628956271,521.3889152300108,turtle,ipop_cma_es,1,-0.6589181706631724,10
36,360,-0.505830282249315,-0.22606008496957103,0.12633887038165076,0.3853528948270819,1.1247544959500584,534.6282058570068,turtle,ipop_cma_es,1,-0.6589181706631724,10
37,370,-0.5084304567497622,-0.2747874470290149,0.19315551513779425,0.3843463117104632,1.1298322802503367,546.1420342120109,turtle,ipop_cma_es,1,-0.6589181706631724,10
38,380,-0.4243777231734116,-0.15931691251053212,0.18455593582587898,0.3833661321044013,1.1346751780449997,556.3883039840002,turtle,ipop_cma_es,1,-0.6589181706631724,10
39,390,-0.3524106875059472,-0.1638773498556521,0.12138398338951352,0.3822814183778544,1.1395363514865118,573.7310684950062,turtle,ipop_cma_es,1,-0.6589181706631724,10
40,400,-0.6857830937954059,-0.27677875038592586,0.19161173706817036,0.38137459897786435,1.1445995298664058,585.0368748430046,turtle,ipop_cma_es,1,-0.6857830937954059,10
41,410,-0.3856394566008978,-0.1381189980051678,0.15612106242009746,0.38036414641362765,1.1496507698757508,599.8622772410017,turtle,ipop_cma_es,1,-0.6857830937954059,10
42,420,-0.4874664639407449,-0.2504551070618213,0.18217203525214223,0.3791900666431135,1.154369441695655,614.8987971960014,turtle,ipop_cma_es,1,-0.6857830937954059,10
43,430,-0.6107576552188254,-0.21189679683329884,0.21311456103369605,0.3780823080988671,1.1591301983178655,630.8510972040094,turtle,ipop_cma_es,1,-0.6857830937954059,10
44,440,-0.41524979672482853,-0.11402337665221633,0.15214057744700873,0.37687591282289534,1.163687656105369,646.1875034289988,turtle,ipop_cma_es,1,-0.6857830937954059,10
45,450,-0.26134790886248904,-0.08881741688913207,0.10469945368613223,0.3756320893182024,1.1680531977953375,658.5566626820073,turtle,ipop_cma_es,1,-0.6857830937954059,10
46,460,-0.478406544210749,-0.11855110529292637,0.17508610366832011,0.3743035356004204,1.1718938868374185,668.873331595998,turtle,ipop_cma_es,1,-0.6857830937954059,10
47,470,-0.37658622915190687,-0.10062028771167073,0.13554511647665946,0.3729309949646586,1.1757962945316514,681.4648191880115,turtle,ipop_cma_es,1,-0.6857830937954059,10
48,480,-0.5929606214809375,-0.10982701664995434,0.19204280886975558,0.3716234033068849,1.1801338256435259,694.4105601129995,turtle,ipop_cma_es,1,-0.6857830937954059,10
49,490,-0.39648886302652464,-0.15296785399181143,0.1274696741255365,0.3703746433662068,1.184561777034966,708.1080209710053,turtle,ipop_cma_es,1,-0.6857830937954059,10
50,500,-0.7740683528525683,-0.23625048065231874,0.23422374600866014,0.3692656599309888,1.189194055809769,719.890624407999,turtle,ipop_cma_es,1,-0.7740683528525683,10
51,510,-0.6351424238628063,-0.33276444955346995,0.2056227237461834,0.3685501333327496,1.1942325943570866,730.839663716004,turtle,ipop_cma_es,1,-0.7740683528525683,10
52,520,-0.6580569770274582,-0.35528839761511943,0.28329531221319765,0.36799702620436114,1.1995640108823011,743.708393110006,turtle,ipop_cma_es,1,-0.7740683528525683,10
53,530,-0.6833398510660649,-0.3521541805887546,0.25980424656922807,0.3673268431505611,1.2046914176845578,756.864125742999,turtle,ipop_cma_es,1,-0.7740683528525683,10
54,540,-0.7682117725080433,-0.2223004694041907,0.24531917523736904,0.3668707058333237,1.2103003695417833,767.8467198959988,turtle,ipop_cma_es,1,-0.7740683528525683,10
55,550,-0.700178459337387,-0.25951492397946885,0.27696449510671106,0.3664286811366192,1.215895325127998,780.8456992120045,turtle,ipop_cma_es,1,-0.7740683528525683,10
56,560,-0.8056185193645709,-0.4575204022570438,0.27518615100178123,0.3661904288033124,1.2218497433186284,795.37408934001,turtle,ipop_cma_es,1,-0.8056185193645709,10
57,570,-0.8759000152530518,-0.5273835017196034,0.24065894257900028,0.3660399075911182,1.2278558412351963,808.7318087610038,turtle,ipop_cma_es,1,-0.8759000152530518,10
58,580,-0.7230476977683704,-0.4846483113610608,0.20596918504827116,0.36586500390369986,1.233850131154026,822.2700324890029,turtle,ipop_cma_es,1,-0.8759000152530518,10
59,590,-0.9141851618447498,-0.4944480410169402,0.28482841096702377,0.3657152185056506,1.2399490402225102,835.5975060019991,turtle,ipop_cma_es,1,-0.9141851618447498,10
60,600,-0.6556645807933448,-0.3463571370072934,0.24543582138346554,0.3656190859412948,1.2459580945452309,852.8036914570112,turtle,ipop_cma_es,1,-0.9141851618447498,10
61,610,-0.734071743211798,-0.40506328987333085,0.21530333230896923,0.365758607022804,1.252137476496327,865.243399125,turtle,ipop_cma_es,1,-0.9141851618447498,10
62,620,-0.9473633734337854,-0.497365489328912,0.29146502932545776,0.3656656982617628,1.2581726908763458,877.9926387150044,turtle,ipop_cma_es,1,-0.9473633734337854,10
63,630,-0.8351539631512255,-0.30293507136835884,0.2723653331673014,0.3651992281179704,1.2637642921089094,890.5540717080003,turtle,ipop_cma_es,1,-0.9473633734337854,10
64,640,-0.7849550114807,-0.4465793314508481,0.27727867249046734,0.36458532465502963,1.268965855101019,902.6205773289985,turtle,ipop_cma_es,1,-0.9473633734337854,10
65,650,-0.8270006139382593,-0.41556324873256417,0.225992175295835,0.36417366387656386,1.2744061385600203,914.5481932080002,turtle,ipop_cma_es,1,-0.9473633734337854,10
66,660,-0.8453338204224137,-0.4878866693418167,0.25443798265012585,0.3637937137934038,1.2798616628177784,929.9792008229997,turtle,ipop_cma_es,1,-0.9473633734337854,10
67,670,-0.8437270795023055,-0.6472755210279466,0.205986845379603,0.36324509158214774,1.285168404481594,943.5262344910007,turtle,ipop_cma_es,1,-0.9473633734337854,10
68,680,-1.0134969612174762,-0.4977162697636862,0.3566987772077755,0.36260355953088735,1.2902941253212932,957.7333247640054,turtle,ipop_cma_es,1,-1.0134969612174762,10
69,690,-0.9082572140755847,-0.5656575565111792,0.30499728566368567,0.3620153216369459,1.295273229672975,968.653611310001,turtle,ipop_cma_es,1,-1.0134969612174762,10
70,700,-1.0237271557417298,-0.6811652174536799,0.29254186417765066,0.3612776071480232,1.29983424386039,983.2059813870001,turtle,ipop_cma_es,1,-1.0237271557417298,10
71,710,-1.0218286581122538,-0.8399018947932972,0.11327456724116795,0.3605197877041901,1.3041980248462692,996.1913415849995,turtle,ipop_cma_es,1,-1.0237271557417298,10
72,720,-1.132259998747294,-0.6743765068454878,0.385855933574519,0.35979128790146647,1.3085398348783066,1007.7857556540112,turtle,ipop_cma_es,1,-1.132259998747294,10
73,730,-1.2054452715000634,-0.9256900126762202,0.3114668947452222,0.35904212542621555,1.3127810288482529,1021.4625889320014,turtle,ipop_cma_es,1,-1.2054452715000634,10
74,740,-0.9364838709873533,-0.164906417487589,0.2794103092422124,0.35845100108356254,1.3171630552510265,1037.9448754260084,turtle,ipop_cma_es,1,-1.2054452715000634,10
75,750,-1.2492891228414322,-0.7468149689819072,0.5127336224552937,0.35788260692069285,1.3215253711706652,1049.2999680440116,turtle,ipop_cma_es,1,-1.2492891228414322,10
76,760,-1.1073559514813276,-0.5164963755639418,0.3759750233155642,0.35758073336473467,1.326017415146076,1064.9382449270051,turtle,ipop_cma_es,1,-1.2492891228414322,10
77,770,-1.1727326498937964,-0.5657302347320805,0.4492002716874586,0.35716435008581937,1.3303254894299583,1078.3243890640006,turtle,ipop_cma_es,1,-1.2492891228414322,10
78,780,-1.2403970046733184,-0.4541876896235187,0.4521567271673551,0.3567550464759116,1.3348534415919782,1093.1308080150047,turtle,ipop_cma_es,1,-1.2492891228414322,10
79,790,-0.858751792245589,-0.3405840462049959,0.37853135880129296,0.35622717213747795,1.3396032167740415,1107.7331222540088,turtle,ipop_cma_es,1,-1.2492891228414322,10
80,800,-1.1423052268418568,-0.6260091135473498,0.2803690210443123,0.35556989173273496,1.3440054867867741,1120.2681323050056,turtle,ipop_cma_es,1,-1.2492891228414322,10
81,810,-1.1345524233055713,-0.5750882041671505,0.38398583205355497,0.35493268723987303,1.3486123692494203,1135.0397506430018,turtle,ipop_cma_es,1,-1.2492891228414322,10
82,820,-1.0574654894788909,-0.5427242888104931,0.4000794371612222,0.3544509186274765,1.3536842222442014,1151.5377408990025,turtle,ipop_cma_es,1,-1.2492891228414322,10
83,830,-1.256891887070048,-0.7609092112527769,0.4642175016440315,0.3538357993753038,1.358352017378135,1166.4951442780002,turtle,ipop_cma_es,1,-1.256891887070048,10
84,840,-1.3059083172787318,-0.7309944981524337,0.45767262596932806,0.353117583555353,1.362863922156051,1179.6165894330043,turtle,ipop_cma_es,1,-1.3059083172787318,10
85,850,-1.2659993744570501,-0.6246256481264321,0.4673834303994805,0.3524764130122402,1.3673244687632842,1190.012728036003,turtle,ipop_cma_es,1,-1.3059083172787318,10
86,860,-1.2132642997497074,-0.7144955353844903,0.4703926396919713,0.351743134310408,1.3716153056708023,1206.8168220610096,turtle,ipop_cma_es,1,-1.3059083172787318,10
87,870,-1.2936474332873598,-0.9975572273163399,0.2850503011386861,0.35134071934990513,1.3761077383445883,1217.8365214080113,turtle,ipop_cma_es,1,-1.3059083172787318,10
88,880,-1.1820265957003118,-0.4439645096442824,0.45213020846111934,0.3509270849245718,1.3806227014351193,1230.7891673400009,turtle,ipop_cma_es,1,-1.3059083172787318,10
89,890,-1.3077414068605204,-0.6065178248773225,0.5275031691846895,0.35043632958872306,1.3851349046112755,1242.770070450002,turtle,ipop_cma_es,1,-1.3077414068605204,10
90,900,-1.3341759730481906,-0.6673896876012122,0.48764369477074043,0.3501011422884317,1.3901525798230827,1255.875899991006,turtle,ipop_cma_es,1,-1.3341759730481906,10
91,910,-1.1912970206636126,-0.3129302973345731,0.4804878428155423,0.3496902468601469,1.3949078870237925,1273.932839273999,turtle,ipop_cma_es,1,-1.3341759730481906,10
92,920,-1.3011765043964054,-0.6472785472799403,0.5493954936341396,0.34947518749640943,1.3997129952093692,1283.0515426000056,turtle,ipop_cma_es,1,-1.3341759730481906,10
93,930,-1.1776000600315024,-0.41460907232923383,0.47486553438075774,0.3494023503964952,1.4047306979336358,1300.3769044740038,turtle,ipop_cma_es,1,-1.3341759730481906,10
94,940,-1.3180088779667578,-0.5575318870013451,0.5760288042066797,0.3493277928925904,1.409728648219879,1315.5025880710018,turtle,ipop_cma_es,1,-1.3341759730481906,10
95,950,-1.1515613167247016,-0.3107969281699554,0.40518366285681645,0.34904080316955866,1.4146005186002804,1330.0581462499977,turtle,ipop_cma_es,1,-1.3341759730481906,10
96,960,-1.2533387564652276,-0.6507021889111743,0.4441502417669063,0.3486022038611117,1.4192560554361524,1341.0496955240087,turtle,ipop_cma_es,1,-1.3341759730481906,10
97,970,-1.3290965451765269,-0.6765321747729753,0.5034178833958636,0.3478438098306481,1.4236072950313268,1353.2499273819994,turtle,ipop_cma_es,1,-1.3341759730481906,10
98,980,-1.2780623931128927,-0.7369621373740964,0.5436214751905579,0.347270167994826,1.4276858175288845,1364.8504154160037,turtle,ipop_cma_es,1,-1.3341759730481906,10
99,990,-1.304352565895499,-0.47295593350307524,0.5165697499126701,0.3468488072117659,1.4317567081620597,1377.2819095650048,turtle,ipop_cma_es,1,-1.3341759730481906,10
100,1000,-1.2022185007471107,-0.49291065904287584,0.42121070455672943,0.3464609718825279,1.4358388198817502,1391.867190555,turtle,ipop_cma_es,1,-1.3341759730481906,10
101,1010,-1.0518698737379566,-0.3085496655853193,0.37897166531722515,0.3458277235767367,1.4400598883773965,1405.755054099005,turtle,ipop_cma_es,1,-1.3341759730481906,10
102,1020,-0.5709306629893494,-0.1476995828622342,0.18713587748568256,0.34483626860243666,1.4440526225851182,1420.3863262030063,turtle,ipop_cma_es,1,-1.3341759730481906,10
103,1030,-1.2880030632429103,-0.5720960416541171,0.4370964027710716,0.34398731301117347,1.4478440487277404,1435.1356830880104,turtle,ipop_cma_es,1,-1.3341759730481906,10
104,1040,-1.2378305119440816,-0.43220954090557184,0.3775528076572434,0.3432679316742582,1.4516580397877346,1447.498174391003,turtle,ipop_cma_es,1,-1.3341759730481906,10
105,1050,-1.2133242329933163,-0.7657610484755224,0.3736629175728158,0.34262108205588415,1.4554420521670142,1459.953141281003,turtle,ipop_cma_es,1,-1.3341759730481906,10
106,1060,-1.1237662046200674,-0.7688266808850466,0.30705239532241785,0.3419545011818765,1.459122519778459,1475.2325213690056,turtle,ipop_cma_es,1,-1.3341759730481906,10
107,1070,-1.2436731586956187,-0.8956724834564312,0.38772478221680956,0.3411013533707436,1.4626801001138394,1490.6063531060063,turtle,ipop_cma_es,1,-1.3341759730481906,10
108,1080,-1.1454708243994176,-0.6276230865540652,0.44904797532395346,0.3401565401958229,1.4660234054562307,1499.9302547520056,turtle,ipop_cma_es,1,-1.3341759730481906,10
109,1090,-1.159763761519617,-0.5401562498919187,0.42109019936170045,0.3393819623352053,1.4696253428601713,1512.171744598003,turtle,ipop_cma_es,1,-1.3341759730481906,10
110,1100,-1.2822242059530335,-0.4111984661989537,0.34789942467162804,0.33863214796194835,1.473188204702926,1524.3693864660017,turtle,ipop_cma_es,1,-1.3341759730481906,10
111,1110,-1.1997112654966466,-0.4187709814640136,0.3773635933306947,0.33776837374820096,1.4765306413756554,1537.330150462003,turtle,ipop_cma_es,1,-1.3341759730481906,10
112,1120,-1.0568317215051772,-0.3069389424945176,0.3428344956502661,0.336863134033806,1.4797836774896607,1551.7482944600051,turtle,ipop_cma_es,1,-1.3341759730481906,10
113,1130,-1.0702629915023119,-0.48299180317377477,0.3371837356703308,0.33586873589678234,1.4827872019671833,1565.538945334003,turtle,ipop_cma_es,1,-1.3341759730481906,10
114,1140,-1.0651308187002675,-0.48684139814459987,0.32274439701351704,0.3351887461184586,1.4865097743568327,1581.724136706005,turtle,ipop_cma_es,1,-1.3341759730481906,10
115,1150,-0.916817847787879,-0.36287903890321427,0.31958777659903204,0.33447305041756287,1.4899455921210563,1597.6575469259988,turtle,ipop_cma_es,1,-1.3341759730481906,10
116,1170,-0.13519398233703406,-0.009670198324519496,0.06345091878785972,0.4867197449672132,1.0106537271002354,1626.3115217570012,turtle,ipop_cma_es,1,-1.3341759730481906,20
117,1190,-0.1955583369168954,0.9935804249011924,3.0030145306720843,0.4756557357974559,1.01156304444053,1655.5678251869977,turtle,ipop_cma_es,1,-1.3341759730481906,20
118,1210,-0.3120333926030483,-0.08431056060355786,0.10259905905911883,0.4662023367248272,1.012663510761137,1684.1433256520104,turtle,ipop_cma_es,1,-1.3341759730481906,20
119,1230,-0.446947040179694,-0.10241290441858072,0.13361649166504608,0.45830171375553236,1.0135757253922542,1706.650422703009,turtle,ipop_cma_es,1,-1.3341759730481906,20
120,1250,-0.40023409645363284,-0.11959601495225089,0.13995332382376294,0.45172944093214845,1.0167165639339177,1730.7166584220104,turtle,ipop_cma_es,1,-1.3341759730481906,20
121,1270,-0.527280232792152,-0.08448481957058673,0.15130942022342017,0.4463487597776767,1.019353729728976,1755.928897026999,turtle,ipop_cma_es,1,-1.3341759730481906,20
122,1290,-0.4021175563969468,-0.07176393875804599,0.11651637040464405,0.4416772872127548,1.021949623900975,1779.5935823129985,turtle,ipop_cma_es,1,-1.3341759730481906,20
123,1310,-0.43215599265115134,-0.05043500486569239,0.12192022203769345,0.437114034078776,1.0246558539167787,1812.4020431430108,turtle,ipop_cma_es,1,-1.3341759730481906,20
124,1330,-0.17646680997922548,-0.062368141698293654,0.08219197854049105,0.4332737827993049,1.0277672470684043,1843.6209122420114,turtle,ipop_cma_es,1,-1.3341759730481906,20
125,1350,-0.24348036751036695,-0.04899615184898369,0.09361665503341811,0.42985000487903613,1.030803041153233,1869.535927859004,turtle,ipop_cma_es,1,-1.3341759730481906,20
126,1370,-0.6747773709914222,-0.10468718051092338,0.1570621870057018,0.4269807532354628,1.0343509851432544,1889.3546158880054,turtle,ipop_cma_es,1,-1.3341759730481906,20
127,1390,-0.27481483295153897,-0.058780344105695104,0.0995314974757641,0.4241540409844322,1.0377284941483509,1907.942428526003,turtle,ipop_cma_es,1,-1.3341759730481906,20
128,1410,-0.3151868656422012,-0.04963028419556683,0.10356222986434699,0.4213700082265515,1.0410366849073887,1936.5826229689992,turtle,ipop_cma_es,1,-1.3341759730481906,20
129,1430,-0.2720976255045908,-0.10377643634864327,0.0857526458574923,0.4190175961387544,1.0453316398368253,1962.1894161730015,turtle,ipop_cma_es,1,-1.3341759730481906,20
130,1450,-0.2752825560975909,0.43036628917117703,2.197063045712936,0.41715008117438784,1.0497070067679033,1987.4943023740052,turtle,ipop_cma_es,1,-1.3341759730481906,20
131,1470,-0.37458409131038106,-0.11479357706673947,0.11263992558935122,0.4152288891428923,1.0537464062451718,2016.650525570003,turtle,ipop_cma_es,1,-1.3341759730481906,20
132,1490,-0.4096284644021999,-0.08484321061589184,0.12590738024342593,0.41347353167826756,1.0576783227192057,2042.799739285998,turtle,ipop_cma_es,1,-1.3341759730481906,20
133,1510,-0.355614080594596,-0.12369323904443248,0.10958042775867005,0.4123171361031079,1.06199872115487,2068.8612167870015,turtle,ipop_cma_es,1,-1.3341759730481906,20
134,1530,-0.33134864843677736,-0.12837863113784423,0.08652888773111894,0.41137965600813775,1.0665193025920958,2094.624339209011,turtle,ipop_cma_es,1,-1.3341759730481906,20
135,1550,-0.48318181399379245,-0.13967078777668926,0.1354974931118319,0.4107928530378737,1.071370071538213,2119.799211076999,turtle,ipop_cma_es,1,-1.3341759730481906,20
136,1570,-0.5417066070538539,-0.25026598073760153,0.17413304662893378,0.4109117123875477,1.076955403929706,2145.4162139289983,turtle,ipop_cma_es,1,-1.3341759730481906,20
137,1590,-0.7141978188392573,-0.15360900443448516,0.19151455268888007,0.41076398033674993,1.0822823710323948,2172.594554567011,turtle,ipop_cma_es,1,-1.3341759730481906,20
138,1610,-0.48158068848777447,-0.12258511785251561,0.14436171921338195,0.4112117598319751,1.0879360557363646,2198.3227483299997,turtle,ipop_cma_es,1,-1.3341759730481906,20
139,1630,-0.44218690077834744,-0.19122557414926974,0.13707073227188493,0.41140412763265694,1.093690674565031,2225.978096081002,turtle,ipop_cma_es,1,-1.3341759730481906,20
140,1650,-0.546478592387392,-0.1997765152024072,0.1663311451798024,0.41127822050972296,1.0994559318143413,2252.915672872012,turtle,ipop_cma_es,1,-1.3341759730481906,20
141,1670,-0.49886899588686795,-0.19950758788039372,0.13849849144912404,0.4110711363092513,1.1053022536593868,2276.786121691999,turtle,ipop_cma_es,1,-1.3341759730481906,20
142,1690,-0.7812587429495919,-0.21245500162283587,0.17022484838356203,0.41095224345210446,1.1110749134677558,2303.5040749000036,turtle,ipop_cma_es,1,-1.3341759730481906,20
143,1710,-0.406807164669873,-0.1425255891611481,0.10444873868935889,0.41083807348851514,1.1167662546082586,2323.9430801240087,turtle,ipop_cma_es,1,-1.3341759730481906,20
144,1730,-0.7864943534939135,-0.2068395127407722,0.19289147506894905,0.4108125865164807,1.1225287984210528,2354.46987670401,turtle,ipop_cma_es,1,-1.3341759730481906,20
145,1750,-0.7651707942241996,-0.2533313442228712,0.23443071886848094,0.4109218856821069,1.1284488864399953,2380.3476344450028,turtle,ipop_cma_es,1,-1.3341759730481906,20
146,1770,-0.7624162189741668,-0.3924594892048031,0.2117239608286479,0.41075267509281305,1.1343577830830416,2406.586778708006,turtle,ipop_cma_es,1,-1.3341759730481906,20
147,1790,-0.6672732483955919,-0.25297156224706374,0.19434490502076082,0.4109231013555997,1.1401986775172317,2434.0780513290083,turtle,ipop_cma_es,1,-1.3341759730481906,20
148,1810,-0.7205741619133033,-0.2854991643460462,0.22460758410886558,0.4110192994798701,1.1458674893892966,2459.1465078269975,turtle,ipop_cma_es,1,-1.3341759730481906,20
149,1830,-0.7880042142919859,-0.2709276567989997,0.2630377317022882,0.4108059095187215,1.1516057519225171,2483.443506915006,turtle,ipop_cma_es,1,-1.3341759730481906,20
150,1850,-0.7261549703097998,-0.3293294091114426,0.24572726352369925,0.410680462893016,1.1573383826127364,2508.3707958560117,turtle,ipop_cma_es,1,-1.3341759730481906,20
151,1870,-0.710905087599409,-0.18144139158321454,0.18553835084094678,0.4102387101802655,1.1628690684028817,2530.4323944790085,turtle,ipop_cma_es,1,-1.3341759730481906,20
152,1890,-0.7253364131901279,-0.1661809879439482,0.27691505445646547,0.4098240133794483,1.168351119741953,2557.9390427920007,turtle,ipop_cma_es,1,-1.3341759730481906,20
153,1910,-0.6701786432156842,-0.2251525651188763,0.23000563939610666,0.40945466027092753,1.174217834957529,2583.814213759004,turtle,ipop_cma_es,1,-1.3341759730481906,20
154,1930,-0.8609117552137873,-0.18977410883602955,0.25091245986583516,0.4094416932478263,1.1805196933677953,2610.198388937002,turtle,ipop_cma_es,1,-1.3341759730481906,20
155,1950,-0.7839508039395371,-0.2713493658908596,0.27618773664309526,0.4095762900103516,1.1869060126791608,2634.4028675620066,turtle,ipop_cma_es,1,-1.3341759730481906,20
156,1970,-0.8090423044512844,-0.2651981191714977,0.2774302533527791,0.40948950595644934,1.1933465371129404,2659.2847750260116,turtle,ipop_cma_es,1,-1.3341759730481906,20
157,1990,-0.7827956091702859,-0.3074398933520676,0.23321263211307325,0.40927659077821454,1.1996451570443791,2681.0389398900006,turtle,ipop_cma_es,1,-1.3341759730481906,20
158,2010,-0.7533736803625208,-0.29253992940553786,0.2543808881731304,0.409190644806365,1.2056549989896852,2705.559331825003,turtle,ipop_cma_es,1,-1.3341759730481906,20
159,2030,-0.7636496576389371,-0.3775002908170949,0.1833770897163627,0.4093008065429922,1.211751361179311,2726.2112196500093,turtle,ipop_cma_es,1,-1.3341759730481906,20
160,2050,-0.8263828654687666,-0.4166247918493805,0.25319077863568623,0.41010522296541174,1.2188579856908803,2754.5108556199993,turtle,ipop_cma_es,1,-1.3341759730481906,20
161,2070,-0.6833725668137767,-0.25317111400342773,0.2796094262753886,0.4108733923274704,1.225560581937224,2781.365856136006,turtle,ipop_cma_es,1,-1.3341759730481906,20
162,2090,-0.8549894031661944,-0.3534803853630083,0.2623287253968805,0.4112922921176889,1.23192013803343,2812.1129967450106,turtle,ipop_cma_es,1,-1.3341759730481906,20
163,2110,-0.8020457604735682,-0.3124257671145868,0.2545305858537521,0.4117745386077373,1.2386768614051693,2836.5077276869997,turtle,ipop_cma_es,1,-1.3341759730481906,20
164,2130,-0.8566208607934973,-0.44768631588599633,0.28253651577188965,0.4121157640045502,1.2449856373591826,2861.2962585120113,turtle,ipop_cma_es,1,-1.3341759730481906,20
165,2150,-0.7856277169221038,-0.4392841477444221,0.23936519272529466,0.4125171613752531,1.251198012172932,2887.0659663380065,turtle,ipop_cma_es,1,-1.3341759730481906,20
166,2170,-0.7402931891213997,-0.30745380184541116,0.23096819650563208,0.41253202221976093,1.2571521002504753,2915.585887965004,turtle,ipop_cma_es,1,-1.3341759730481906,20
167,2190,-0.8912996101214308,-0.475816775610561,0.29270927567241434,0.41238927536756315,1.2628098749342487,2943.994358688011,turtle,ipop_cma_es,1,-1.3341759730481906,20
168,2210,-0.7738572884568926,-0.40402857572269707,0.2974908819911628,0.41221535718331237,1.2685009854294031,2966.7399109510006,turtle,ipop_cma_es,1,-1.3341759730481906,20
169,2230,-0.7704518328434062,-0.39553430275142554,0.25371790311354586,0.41225857692669005,1.2743555979141572,2995.1953242230084,turtle,ipop_cma_es,1,-1.3341759730481906,20
170,2250,-0.8897631182607828,-0.47299219231045375,0.30637766604383676,0.4118330837559206,1.2798527672887434,3020.6674206730095,turtle,ipop_cma_es,1,-1.3341759730481906,20
171,2270,-0.8957749624321032,-0.3232436659246422,0.27519997658768014,0.41197241059897294,1.2853396643703698,3053.4567072440113,turtle,ipop_cma_es,1,-1.3341759730481906,20
172,2290,-1.0606997930501736,-0.33562965666037126,0.265742785320435,0.4121713933015319,1.2911561908567362,3079.3708744239993,turtle,ipop_cma_es,1,-1.3341759730481906,20
173,2310,-0.8565814907411706,-0.3477114413438935,0.28231854650602395,0.41236137307269183,1.2974664931742323,3107.2819623230025,turtle,ipop_cma_es,1,-1.3341759730481906,20
174,2330,-1.132505863740092,-0.5145119196991894,0.3263234466474176,0.4127768864381694,1.3035084763038978,3132.0598113000015,turtle,ipop_cma_es,1,-1.3341759730481906,20
175,2350,-0.8123684755802341,-0.3098144957797593,0.255917856594148,0.4131112824143925,1.3102626373262651,3155.0663533960033,turtle,ipop_cma_es,1,-1.3341759730481906,20
176,2370,-0.746823962346876,-0.43387774165501514,0.23178847001070788,0.4135502028249962,1.316939307844081,3181.5369037290075,turtle,ipop_cma_es,1,-1.3341759730481906,20
177,2390,-0.8187580683735387,-0.4482446406866167,0.28572391918308576,0.4141486937650428,1.3231455953343931,3207.062246490008,turtle,ipop_cma_es,1,-1.3341759730481906,20
178,2410,-0.9113933370919618,-0.5105373354387899,0.25724368748611887,0.41464848748185923,1.3295741896735294,3233.119734754,turtle,ipop_cma_es,1,-1.3341759730481906,20
179,2430,-0.6951363336575893,-0.3875296374404571,0.21115132788821112,0.4156556598632615,1.335845323637316,3256.164907202008,turtle,ipop_cma_es,1,-1.3341759730481906,20
180,2450,-0.8519457085860642,-0.41725119679891504,0.23551357348959182,0.41657976667471425,1.3421511804733717,3280.0499509290094,turtle,ipop_cma_es,1,-1.3341759730481906,20
181,2470,-0.9058568876904562,-0.37699991916164316,0.2411709098060362,0.4175185848979759,1.3481119719234083,3305.395731998011,turtle,ipop_cma_es,1,-1.3341759730481906,20
182,2490,-0.917616087178466,-0.4262054940621646,0.3012342321047906,0.418760444351981,1.3545451042654382,3334.950424896,turtle,ipop_cma_es,1,-1.3341759730481906,20
183,2510,-0.8870682830339023,-0.46619438088131676,0.2715518694598895,0.42000278047120515,1.360981112824721,3361.0697747899976,turtle,ipop_cma_es,1,-1.3341759730481906,20
184,2530,-0.8104426015314514,-0.4705482435549043,0.25993196178902567,0.42127325578829494,1.3675239901890586,3385.565916372012,turtle,ipop_cma_es,1,-1.3341759730481906,20
185,2550,-0.8351164271415934,-0.4164930403330276,0.23896607643893852,0.4226248553707934,1.3742786935548257,3409.6813535350084,turtle,ipop_cma_es,1,-1.3341759730481906,20
186,2570,-0.8967088435426014,-0.4783157420721912,0.29452473299169324,0.4240658584067975,1.380852205772906,3433.20596334101,turtle,ipop_cma_es,1,-1.3341759730481906,20
187,2590,-1.1187915974855205,-0.5836827204066266,0.32234555770337325,0.4253964119718766,1.387517568846825,3453.455075719001,turtle,ipop_cma_es,1,-1.3341759730481906,20
188,2610,-0.9163305749404591,-0.473132788006585,0.291649065678945,0.4267783837566056,1.394087928678771,3478.8858040210034,turtle,ipop_cma_es,1,-1.3341759730481906,20
189,2630,-0.9745440575558835,-0.4780574993248507,0.3326717443661258,0.4280330187702196,1.4003309583785082,3506.636145944998,turtle,ipop_cma_es,1,-1.3341759730481906,20
190,2650,-1.0604922575747633,-0.5400492057092657,0.31451567224582083,0.4283944868886821,1.4065369613733656,3531.7307877730054,turtle,ipop_cma_es,1,-1.3341759730481906,20
191,2670,-1.02290801850625,-0.5294481664605406,0.29020027321373015,0.42878234618066213,1.4126426614006726,3555.896950153008,turtle,ipop_cma_es,1,-1.3341759730481906,20
192,2690,-1.117801978503639,-0.6291607204397816,0.2326396005307096,0.4290004996914503,1.4183794904091802,3581.076927337999,turtle,ipop_cma_es,1,-1.3341759730481906,20
193,2710,-0.9566173046218953,-0.44581800203371563,0.24860645429590308,0.428616261006301,1.4239435323243268,3604.030884827007,turtle,ipop_cma_es,1,-1.3341759730481906,20
194,2730,-1.058170932405516,-0.6128707053012927,0.31171412781569,0.4284207132400045,1.4294685454325216,3623.883998739999,turtle,ipop_cma_es,1,-1.3341759730481906,20
195,2750,-0.9854336543004125,-0.3836750488217348,0.2915299353402913,0.42831155111203023,1.4351820588073423,3644.3661879030115,turtle,ipop_cma_es,1,-1.3341759730481906,20
196,2770,-0.9238269735669133,-0.5358929722481075,0.25825051827202167,0.42843328565229505,1.440917486386771,3666.345443653001,turtle,ipop_cma_es,1,-1.3341759730481906,20
197,2790,-1.0592930409448185,-0.5536920992073607,0.3502056751390949,0.4285762197425525,1.4461288834331678,3692.4661032300064,turtle,ipop_cma_es,1,-1.3341759730481906,20
198,2810,-1.0562188016846399,-0.5950590769719266,0.35812403958980055,0.42862512051946705,1.4510222035779352,3719.2437571990013,turtle,ipop_cma_es,1,-1.3341759730481906,20
199,2830,-1.1118099473572975,-0.5752198041505892,0.31939502920833407,0.4287573692715074,1.455880341860053,3744.64383287901,turtle,ipop_cma_es,1,-1.3341759730481906,20
200,2870,-0.5384372791298127,-0.029677353063991108,0.14699735653715737,0.4817593955608737,1.020026058115488,3797.6577458530082,turtle,ipop_cma_es,1,-1.3341759730481906,40
201,2910,-0.5620781316923233,-0.013063182847840337,0.13731618375831534,0.46871910498840486,1.0228382432433216,3850.1668737240107,turtle,ipop_cma_es,1,-1.3341759730481906,40
202,2950,-0.4020405912061529,-0.011814311726705884,0.14516867792231875,0.45883745247922997,1.0241473939142498,3895.8728731349984,turtle,ipop_cma_es,1,-1.3341759730481906,40
203,2990,-0.31813987060650817,-0.029284119101876293,0.10384068287809634,0.450886447723884,1.025283988367832,3948.6511823820038,turtle,ipop_cma_es,1,-1.3341759730481906,40
204,3030,-0.5404590324095251,-0.04185395062774551,0.12734639981142085,0.44559306484865446,1.0271733514447559,4002.773566372998,turtle,ipop_cma_es,1,-1.3341759730481906,40
205,3070,-0.30355499700059063,-0.08025641186212337,0.0737225077996139,0.4392384128915732,1.0290717939306169,4064.5219368990074,turtle,ipop_cma_es,1,-1.3341759730481906,40
206,3110,-0.4651502973775523,-0.051338764065664975,0.152263640873806,0.4335607750790667,1.0306333531142349,4120.566899251004,turtle,ipop_cma_es,1,-1.3341759730481906,40
207,3150,-0.4175941211641385,-0.06410056125795176,0.11538725578528862,0.4284304018117924,1.03252630636982,4169.64622511201,turtle,ipop_cma_es,1,-1.3341759730481906,40
208,3190,-0.6688133783300616,-0.12056883990040061,0.14998519807792776,0.423868669743935,1.0347723005441045,4217.819926477998,turtle,ipop_cma_es,1,-1.3341759730481906,40
209,3230,-0.38964694548064926,-0.08327070715128189,0.11410127452099841,0.4197598411503689,1.0367432074599585,4265.108784244003,turtle,ipop_cma_es,1,-1.3341759730481906,40
210,3270,-0.32179535906811285,-0.09489798338493996,0.11545451545183616,0.41623187494849334,1.0395542904598654,4313.936967073998,turtle,ipop_cma_es,1,-1.3341759730481906,40
211,3310,-0.5688399319716488,-0.10803414119989896,0.2038505725339372,0.4140323969587887,1.042419239033077,4366.254816024011,turtle,ipop_cma_es,1,-1.3341759730481906,40
212,3350,-0.512408542961083,-0.1340827796945896,0.17002066546313124,0.41156293830909246,1.044641735588595,4415.172908798006,turtle,ipop_cma_es,1,-1.3341759730481906,40
213,3390,-0.5024128652787088,-0.19171367376331128,0.17753075843533134,0.4096454557009502,1.046916636003507,4459.197571245008,turtle,ipop_cma_es,1,-1.3341759730481906,40
214,3430,-0.5386040421549598,-0.16228456579698963,0.17807281033379585,0.4087888086126117,1.0505448438412461,4515.008309589,turtle,ipop_cma_es,1,-1.3341759730481906,40
215,3470,-0.7243264026285114,-0.20496335782960062,0.2062728373915048,0.40830662797279377,1.054118044122326,4566.636340588011,turtle,ipop_cma_es,1,-1.3341759730481906,40
216,3510,-0.6588168771235123,-0.2530031556843369,0.21330249398708495,0.40908560961288926,1.0584931180409785,4621.217132821999,turtle,ipop_cma_es,1,-1.3341759730481906,40
217,3550,-0.7089286275093629,-0.18880540482215546,0.20175262400564736,0.41019372435970347,1.0633554104619707,4673.015009317998,turtle,ipop_cma_es,1,-1.3341759730481906,40
218,3590,-0.7779660150018772,-0.27756698314677475,0.23108819480536752,0.41172221458272074,1.0685408515889145,4721.858803274008,turtle,ipop_cma_es,1,-1.3341759730481906,40
219,3630,-0.7257680590747881,-0.2004785480888497,0.2153337724822925,0.41323065086176547,1.0737593212618415,4766.863112796011,turtle,ipop_cma_es,1,-1.3341759730481906,40
220,3670,-0.727132583793848,-0.2944037270776538,0.23504090719481763,0.41481632087315595,1.079488609410558,4814.518796526012,turtle,ipop_cma_es,1,-1.3341759730481906,40
221,3710,-0.8564853095868923,-0.2703336123668339,0.2431402658614526,0.41532228308137953,1.0847602028336583,4863.371996385002,turtle,ipop_cma_es,1,-1.3341759730481906,40
222,3750,-0.679871567533703,-0.273025752088727,0.2311907043998967,0.41597618301026923,1.089936586557194,4917.415173547008,turtle,ipop_cma_es,1,-1.3341759730481906,40
223,3790,-0.7862338718201753,-0.30218619264487484,0.24729232015153546,0.4173309921828293,1.0960760045401936,4972.581092009001,turtle,ipop_cma_es,1,-1.3341759730481906,40
224,3830,-0.7839718608231641,-0.2960566237125054,0.23463787918848011,0.4199222701194403,1.1019975515788312,5017.341935104007,turtle,ipop_cma_es,1,-1.3341759730481906,40
225,3870,-0.8368171344458659,-0.3351897272543886,0.22059706383496688,0.42342965633498564,1.108322945528811,5064.412454299003,turtle,ipop_cma_es,1,-1.3341759730481906,40
226,3910,-0.7651277718869123,-0.3137477563252336,0.23762379540850373,0.42684198334930706,1.1150760155244903,5113.683176477003,turtle,ipop_cma_es,1,-1.3341759730481906,40
227,3950,-0.9623741786796076,-0.30164877085715097,0.25864877663393915,0.4297667462092841,1.1220530134488946,5161.336945162999,turtle,ipop_cma_es,1,-1.3341759730481906,40
228,3990,-1.094892954286201,-0.2738728951140417,0.2940858680204964,0.4317670843547211,1.1285457571428898,5210.503590706998,turtle,ipop_cma_es,1,-1.3341759730481906,40
229,4030,-0.8498626051189699,-0.28383277099444976,0.2981691710871713,0.4336405647932527,1.1349328058349797,5260.906184799998,turtle,ipop_cma_es,1,-1.3341759730481906,40
230,4070,-1.0416996444358677,-0.39913924199853734,0.289772981849857,0.43663938427403304,1.1421685430409723,5309.713621080999,turtle,ipop_cma_es,1,-1.3341759730481906,40
231,4110,-0.9429168176478999,-0.3724365562262763,0.2743355291882035,0.43984820312393125,1.1500964813893522,5361.848206257011,turtle,ipop_cma_es,1,-1.3341759730481906,40
232,4150,-0.9967376385687539,-0.3660863839811201,0.2816244781184375,0.4425396064290717,1.1571008986945808,5411.8354584240005,turtle,ipop_cma_es,1,-1.3341759730481906,40
233,4190,-1.0199885079296003,-0.3799507158312435,0.2708212636247185,0.44617614474905126,1.1649120074163952,5460.965532403003,turtle,ipop_cma_es,1,-1.3341759730481906,40
234,4230,-0.8609301887796885,-0.5085189401773059,0.2508567574621417,0.448691098358922,1.1728856326459367,5506.232634587999,turtle,ipop_cma_es,1,-1.3341759730481906,40
235,4270,-0.7866109630803946,-0.34882913508622754,0.2578673613355823,0.4503345587690512,1.1799201031181827,5548.409823663998,turtle,ipop_cma_es,1,-1.3341759730481906,40
236,4310,-0.8359825672760648,-0.4388460235761505,0.2597121018966287,0.4514263278035191,1.1868616458570311,5595.313473850008,turtle,ipop_cma_es,1,-1.3341759730481906,40
237,4350,-0.9866532802424262,-0.4375774213754002,0.3054377815916326,0.4517986203500172,1.1930579527355916,5641.362995538002,turtle,ipop_cma_es,1,-1.3341759730481906,40
238,4390,-0.6949065032669814,-0.3336754535922963,0.28041833881425704,0.4507662581555772,1.1988376565666554,5691.769750243009,turtle,ipop_cma_es,1,-1.3341759730481906,40
239,4430,-0.8583083693178315,-0.3599962439919924,0.3033490769230906,0.4505625779380233,1.20523816637941,5740.344304864004,turtle,ipop_cma_es,1,-1.3341759730481906,40
240,4470,-0.7416691248826055,-0.372937356179182,0.2765432516792402,0.44924841492892104,1.2111546980969081,5793.0630931510095,turtle,ipop_cma_es,1,-1.3341759730481906,40
241,4510,-0.8138928011096862,-0.4235154674553364,0.22212603163125083,0.4491093650951743,1.2172346605973183,5842.330635494,turtle,ipop_cma_es,1,-1.3341759730481906,40
242,4550,-0.7954194967736514,-0.44667477212802764,0.2551751939003694,0.4481946008111645,1.2233236746102034,5890.118487157,turtle,ipop_cma_es,1,-1.3341759730481906,40
243,4590,-0.8903037726561474,-0.4855361855601574,0.29684479979600015,0.44627654400006117,1.229195457829197,5943.220510272004,turtle,ipop_cma_es,1,-1.3341759730481906,40
244,4630,-0.7960545151332035,-0.45827210432072996,0.2596864291845137,0.44424078209647927,1.2345168949916538,5988.516658444001,turtle,ipop_cma_es,1,-1.3341759730481906,40
245,4670,-0.8148034330448448,-0.4996304657667478,0.24436648222471294,0.44276647762261756,1.2402447761236983,6032.823755878999,turtle,ipop_cma_es,1,-1.3341759730481906,40
246,4710,-0.8497444652102173,-0.5372533006575827,0.2439229476257131,0.44216280650813156,1.2454963056387174,6079.393931470011,turtle,ipop_cma_es,1,-1.3341759730481906,40
247,4750,-0.8072364552225482,-0.5171688921318083,0.26037939452961234,0.4426923531640249,1.250953610348943,6129.082164174004,turtle,ipop_cma_es,1,-1.3341759730481906,40
248,4790,-0.8210883254313002,-0.5107666195875631,0.2718870746637129,0.4432999572561172,1.2562318719771546,6173.598271577008,turtle,ipop_cma_es,1,-1.3341759730481906,40
249,4830,-0.906971010804269,-0.5354634108830671,0.24334418599775692,0.44441906013236926,1.26168971448235,6217.770415855004,turtle,ipop_cma_es,1,-1.3341759730481906,40
250,4870,-0.8739547408243133,-0.5482561863852429,0.2760416737178658,0.4447748226231852,1.2675839771488657,6268.7219349600055,turtle,ipop_cma_es,1,-1.3341759730481906,40
251,4910,-0.9765387472782558,-0.47537510599840527,0.2780293519410748,0.4458490768624663,1.2729584408549792,6317.160284326004,turtle,ipop_cma_es,1,-1.3341759730481906,40
252,4950,-0.8865332560767705,-0.4847187984556995,0.28418146668986166,0.4461371805132796,1.278742517389226,6365.57510969101,turtle,ipop_cma_es,1,-1.3341759730481906,40
253,4990,-0.9153173685626701,-0.5633864024811331,0.2557131499621133,0.44725625199591523,1.284945092372607,6410.0038084800035,turtle,ipop_cma_es,1,-1.3341759730481906,40
254,5070,-0.3063764427396505,-0.0036758002703513593,0.08508899752428035,0.4729175392511377,1.0210779410339228,6507.716148548003,turtle,ipop_cma_es,1,-1.3341759730481906,80
255,5150,-0.5832714619662651,0.0003161933995207367,0.11916101734679822,0.45453888550637456,1.0229536240516102,6616.690285148012,turtle,ipop_cma_es,1,-1.3341759730481906,80
256,5230,-0.35609016974610963,0.016927838502191917,0.10509298831734251,0.44103938209896043,1.0296503789606393,6722.964786907003,turtle,ipop_cma_es,1,-1.3341759730481906,80
257,5310,-0.3820145892310487,-0.020258855272232423,0.10203753139962932,0.4303655574914851,1.031993339350516,6827.977479312001,turtle,ipop_cma_es,1,-1.3341759730481906,80
258,5390,-0.2950287117729111,-0.04737364538186225,0.0910075002606081,0.4211047452725882,1.033158566363488,6940.441808596006,turtle,ipop_cma_es,1,-1.3341759730481906,80
259,5470,-0.4354505356748728,-0.024921828135242276,0.118541706460027,0.41362973437683,1.0344253512821153,7049.407703025005,turtle,ipop_cma_es,1,-1.3341759730481906,80
260,5550,-0.38109116502042895,-0.0420999436457777,0.10348750383948623,0.40648328335054823,1.035630724577437,7151.409726741011,turtle,ipop_cma_es,1,-1.3341759730481906,80
261,5630,-0.35374812173621084,-0.039179654776509955,0.09645203074424054,0.40227064327054435,1.0375188213734483,7263.504644522007,turtle,ipop_cma_es,1,-1.3341759730481906,80
262,5710,-0.411892707383684,-0.0675624040522446,0.10380775706822869,0.4018984786461678,1.04062521678672,7370.74787061401,turtle,ipop_cma_es,1,-1.3341759730481906,80
263,5790,-0.6004165319678485,-0.07366125079606059,0.14509636764347061,0.4006475601885652,1.0436014376189258,7473.813838440998,turtle,ipop_cma_es,1,-1.3341759730481906,80
264,5870,-0.49111897236501,-0.07842865531730328,0.14896416516535912,0.40167026598838784,1.0474976039574333,7578.159721286007,turtle,ipop_cma_es,1,-1.3341759730481906,80
265,5950,-0.3214277311286393,-0.014831023787870934,0.11545939240959693,0.4004342585165688,1.0515946919735333,7676.6339207260025,turtle,ipop_cma_es,1,-1.3341759730481906,80
266,6030,-0.587177226029941,-0.07961613757295312,0.13348122463590698,0.39794837842547115,1.0552753665105465,7776.851066244009,turtle,ipop_cma_es,1,-1.3341759730481906,80
267,6110,-0.41473977934701534,-0.0655158213202713,0.13026682864864458,0.39573975254844423,1.0586694599984114,7888.868332798011,turtle,ipop_cma_es,1,-1.3341759730481906,80
268,6190,-0.6736739475540459,-0.11279975374717632,0.16226698813629112,0.39381682251702466,1.0628654364610144,8005.795841482002,turtle,ipop_cma_es,1,-1.3341759730481906,80
269,6270,-0.4699323556295907,-0.09578208757298472,0.15217081722929013,0.3934076455080878,1.066851785045194,8104.3583277770085,turtle,ipop_cma_es,1,-1.3341759730481906,80
270,6350,-0.48633017421351443,-0.10649588938841678,0.16467224851828516,0.3951026285487778,1.0720227035369618,8198.711311470004,turtle,ipop_cma_es,1,-1.3341759730481906,80
271,6430,-0.5752788340523365,-0.1466560548543057,0.1699873127716798,0.39679173846802474,1.0765518019454094,8295.508808473998,turtle,ipop_cma_es,1,-1.3341759730481906,80
272,6510,-0.6790589827080815,-0.148431127317874,0.1814391075561826,0.3994838069050302,1.0812241260698074,8387.312758514003,turtle,ipop_cma_es,1,-1.3341759730481906,80
273,6590,-0.581456679087232,-0.1510560821414066,0.17654413224329937,0.402895430221177,1.0864163701571004,8497.611782191001,turtle,ipop_cma_es,1,-1.3341759730481906,80
274,6670,-0.6923717381340442,-0.23289326667971527,0.2113691470611833,0.4054404696288288,1.090932806385994,8598.976097849998,turtle,ipop_cma_es,1,-1.3341759730481906,80
275,6750,-0.6891775857620166,-0.22071141102267805,0.18256833358055696,0.40818179438615515,1.0959326515266843,8697.257321497003,turtle,ipop_cma_es,1,-1.3341759730481906,80
276,6830,-0.7803915866864717,-0.26877989572825,0.1942936086720996,0.40984052498133167,1.1009817235643873,8797.136070288005,turtle,ipop_cma_es,1,-1.3341759730481906,80
277,6910,-0.8795937531857252,-0.24097836225192465,0.21567182016260572,0.4107216606408119,1.1059383569044279,8890.267893001,turtle,ipop_cma_es,1,-1.3341759730481906,80
278,6990,-0.7670733223251229,-0.26501503764907786,0.18532013277241724,0.41311037602414324,1.1110517512330371,8984.353020511,turtle,ipop_cma_es,1,-1.3341759730481906,80
279,7070,-0.7435094239526263,-0.2679844653795726,0.22136349936997807,0.41497483395280543,1.1158215740826944,9082.255165976007,turtle,ipop_cma_es,1,-1.3341759730481906,80
280,7150,-0.7075368385916496,-0.28797415116550995,0.22938341427455192,0.41699365848719294,1.1215771306393723,9181.118239239004,turtle,ipop_cma_es,1,-1.3341759730481906,80
281,7230,-0.9121118879050538,-0.2916596908474388,0.23083920963375648,0.4201912997080246,1.1271146868137079,9281.960598261998,turtle,ipop_cma_es,1,-1.3341759730481906,80
282,7310,-0.8592517033785487,-0.3657416109583404,0.23987959028831937,0.4252198185758351,1.134419182414212,9370.928100607998,turtle,ipop_cma_es,1,-1.3341759730481906,80
283,7390,-0.9668979661382338,-0.29819625253075416,0.24910755893014142,0.42934834007683464,1.1409353544117122,9468.680516818,turtle,ipop_cma_es,1,-1.3341759730481906,80
284,7470,-1.0742632113351887,-0.4487821266092231,0.2578267863845971,0.43547891333752403,1.1476958683484,9564.587846518,turtle,ipop_cma_es,1,-1.3341759730481906,80
285,7550,-0.9488288407743184,-0.4129017833229172,0.25362540668520606,0.4406898603238169,1.154271398817949,9664.972786615006,turtle,ipop_cma_es,1,-1.3341759730481906,80
286,7630,-1.0887038952864998,-0.33878738578110956,0.260455660548792,0.44429247275455147,1.160999076356115,9762.288591510005,turtle,ipop_cma_es,1,-1.3341759730481906,80
287,7710,-1.031086281651974,-0.40318716004494004,0.2690239256284743,0.4466973077210434,1.1677038576630183,9860.461063472001,turtle,ipop_cma_es,1,-1.3341759730481906,80
288,7790,-1.0016962881670457,-0.37463585903927854,0.2702224478612191,0.44675659813557,1.1743868952652479,9952.86815345801,turtle,ipop_cma_es,1,-1.3341759730481906,80
289,7870,-0.9247764349647198,-0.3778032860197732,0.2629861966097004,0.44621786854923695,1.1815906947234653,10050.454491686003,turtle,ipop_cma_es,1,-1.3341759730481906,80
290,7950,-0.9240148884834003,-0.4329089437481056,0.27467752171702586,0.4445467542540625,1.1881491255599537,10139.544469427012,turtle,ipop_cma_es,1,-1.3341759730481906,80
1,10,-0.12549441062154543,0.009271054148838864,0.1032132072076724,0.5,1.0,6.810914793997654,turtle,random_search,0,-0.12549441062154543,10
2,20,-0.3091842109283114,0.058074988347661186,0.25151927452839495,0.5,1.0,18.724156607000623,turtle,random_search,0,-0.3091842109283114,10
3,30,-0.1485279239520061,-0.0017766353469782282,0.0794886474824847,0.5,1.0,31.31408168199414,turtle,random_search,0,-0.3091842109283114,10
4,40,-0.09404468208427552,0.002850469538428868,0.07442211082472326,0.5,1.0,41.42144392699993,turtle,random_search,0,-0.3091842109283114,10
5,50,-0.0993791071862189,-0.03334708344486374,0.05211992939263803,0.5,1.0,52.73670311400201,turtle,random_search,0,-0.3091842109283114,10
6,60,-0.4055812462450161,-0.03017543252050192,0.16839120190935683,0.5,1.0,64.31945191998966,turtle,random_search,0,-0.4055812462450161,10
7,70,-0.2838889338996555,-0.029734124752723367,0.1563657302928939,0.5,1.0,74.15601227499428,turtle,random_search,0,-0.4055812462450161,10
8,80,-0.08442222721894588,-0.005776093878852162,0.06552527812539428,0.5,1.0,86.4899719459936,turtle,random_search,0,-0.4055812462450161,10
9,90,-0.22999792594383717,-0.05554675542080663,0.09838079732702301,0.5,1.0,101.06971462100046,turtle,random_search,0,-0.4055812462450161,10
10,100,-0.16297168232259462,0.05654833478481969,0.11424497939800549,0.5,1.0,117.41563150199363,turtle,random_search,0,-0.4055812462450161,10
11,110,-0.2863666770826594,-0.018417857072604172,0.1450332709755778,0.5,1.0,133.69359663699288,turtle,random_search,0,-0.4055812462450161,10
12,120,-0.24416396752779246,0.010028066725622332,0.17193919422994955,0.5,1.0,150.04468714099494,turtle,random_search,0,-0.4055812462450161,10
13,130,-0.40577248153070844,-0.05466920352955675,0.13212923372474508,0.5,1.0,165.9795416709967,turtle,random_search,0,-0.40577248153070844,10
14,140,-0.3750775007907565,-0.03979556308538923,0.1767713437256248,0.5,1.0,183.24931801098865,turtle,random_search,0,-0.40577248153070844,10
15,150,-0.22043920023990893,-0.011511318350067778,0.1122940215860034,0.5,1.0,201.11657180899056,turtle,random_search,0,-0.40577248153070844,10
16,160,-0.24465887951250487,-0.04815383126421935,0.10216763756157453,0.5,1.0,213.16566353700182,turtle,random_search,0,-0.40577248153070844,10
17,170,-0.06645107007066375,0.005621259689217162,0.049797344563908795,0.5,1.0,226.884802984001,turtle,random_search,0,-0.40577248153070844,10
18,180,-0.20157640962744416,-0.03948790200023371,0.07102245371860409,0.5,1.0,243.17121989600128,turtle,random_search,0,-0.40577248153070844,10
19,190,-0.07506540045895704,0.01494145390971564,0.09457045251295637,0.5,1.0,258.08209059199726,turtle,random_search,0,-0.40577248153070844,10
20,200,-0.10737815249504212,0.018239747308764008,0.07779853158379203,0.5,1.0,277.78190590300073,turtle,random_search,0,-0.40577248153070844,10
21,210,-0.014396787405535072,0.0651918804043202,0.057089856038461076,0.5,1.0,293.77864543099713,turtle,random_search,0,-0.40577248153070844,10
22,220,-0.006832805481730375,0.04216577147016372,0.0341725017032482,0.5,1.0,304.31748597699334,turtle,random_search,0,-0.40577248153070844,10
23,230,-0.09565467732920219,-0.031259957170903976,0.037684690485959876,0.5,1.0,322.28031215499504,turtle,random_search,0,-0.40577248153070844,10
24,240,-0.24875988394181192,-0.044513201524181055,0.08804994745427819,0.5,1.0,340.10818831399956,turtle,random_search,0,-0.40577248153070844,10
25,250,-0.10847124587200074,0.035403109763322324,0.09237473993447293,0.5,1.0,353.50317705799534,turtle,random_search,0,-0.40577248153070844,10
26,260,-0.06037956794265309,0.03921769133893047,0.05732130120632887,0.5,1.0,368.02735864400165,turtle,random_search,0,-0.40577248153070844,10
27,270,-0.07623478870653244,0.026581801490911782,0.08853226388630758,0.5,1.0,382.7260568779893,turtle,random_search,0,-0.40577248153070844,10
28,280,-0.12214703623016199,0.010434643841984937,0.07666613784240754,0.5,1.0,395.0212690359913,turtle,random_search,0,-0.40577248153070844,10
29,290,-0.048891269479520716,0.05015952980303604,0.10971527292566254,0.5,1.0,407.8970659609913,turtle,random_search,0,-0.40577248153070844,10
30,300,-0.06845101017275379,0.019211582072042432,0.07308882910037597,0.5,1.0,422.6426860799984,turtle,random_search,0,-0.40577248153070844,10
31,310,-0.30035925201601543,-0.02204501835789081,0.14264353596403137,0.5,1.0,435.5558266809967,turtle,random_search,0,-0.40577248153070844,10
32,320,-0.21395907895462418,0.012604005528282513,0.11917104787361896,0.5,1.0,450.4888701309974,turtle,random_search,0,-0.40577248153070844,10
33,330,-0.0863008440405375,0.01141801772283486,0.0575644202810105,0.5,1.0,464.80875965199084,turtle,random_search,0,-0.40577248153070844,10
34,340,-0.2894070810954954,-0.014903832129655913,0.11363596825662908,0.5,1.0,477.27443064399995,turtle,random_search,0,-0.40577248153070844,10
35,350,-0.07366734150129606,0.00926254451324473,0.04236852943376928,0.5,1.0,491.5055453649984,turtle,random_search,0,-0.40577248153070844,10
36,360,-0.054125453149426406,0.0084267158755174,0.04111122648612752,0.5,1.0,505.2453994339885,turtle,random_search,0,-0.40577248153070844,10
37,370,-0.3385939872767434,-0.03610173937580256,0.1505186172584869,0.5,1.0,518.8941248129995,turtle,random_search,0,-0.40577248153070844,10
38,380,-0.27694242747318576,0.003222293749304761,0.1323055391910527,0.5,1.0,528.5750182810007,turtle,random_search,0,-0.40577248153070844,10
39,390,-0.5140898454151221,-0.05529648637378246,0.24218173371952387,0.5,1.0,543.2051890059956,turtle,random_search,0,-0.5140898454151221,10
40,400,-0.07218656475153384,-0.00768451023739587,0.05612178553845764,0.5,1.0,553.4896008849901,turtle,random_search,0,-0.5140898454151221,10
41,410,-0.1698690454714722,0.013306623725534284,0.10600367679580901,0.5,1.0,568.184616804996,turtle,random_search,0,-0.5140898454151221,10
42,420,-0.15155121380822312,0.005510764931420109,0.0780577811510708,0.5,1.0,579.6995260149997,turtle,random_search,0,-0.5140898454151221,10
43,430,-0.14258556620738005,0.009034289552324016,0.077661084326688,0.5,1.0,593.5753034029913,turtle,random_search,0,-0.5140898454151221,10
44,440,-0.22642103400848335,-0.0050812683401729505,0.09963903453170658,0.5,1.0,608.1770678059984,turtle,random_search,0,-0.5140898454151221,10
45,450,-0.2126322625011019,-0.010601185089438126,0.1385645116133393,0.5,1.0,621.9457319689973,turtle,random_search,0,-0.5140898454151221,10
46,460,-0.07320051559400653,0.001338008821358816,0.05067315070732689,0.5,1.0,635.2080219420022,turtle,random_search,0,-0.5140898454151221,10
47,470,-0.10519268713549312,0.008735329347383126,0.05885075738562229,0.5,1.0,646.331885075997,turtle,random_search,0,-0.5140898454151221,10
48,480,-0.20433158998808132,-0.03152039045236652,0.1390081540040279,0.5,1.0,657.8158467009926,turtle,random_search,0,-0.5140898454151221,10
49,490,-0.09487353919884178,0.06772758508438485,0.13520078397900268,0.5,1.0,674.2201444279926,turtle,random_search,0,-0.5140898454151221,10
50,500,-0.17372806912061822,0.07977564489406826,0.19256763246733755,0.5,1.0,688.0503994679893,turtle,random_search,0,-0.5140898454151221,10
51,510,-0.2871347219322615,-0.002856837720801586,0.11409248188576779,0.5,1.0,701.3075262819912,turtle,random_search,0,-0.5140898454151221,10
52,520,-0.05824291220406774,0.0668091144720175,0.07937911498162882,0.5,1.0,713.7622824400023,turtle,random_search,0,-0.5140898454151221,10
53,530,-0.2493869285647392,-0.03890445453739098,0.09784804586095096,0.5,1.0,727.9451961349987,turtle,random_search,0,-0.5140898454151221,10
54,540,-0.18888931623511684,0.012800368115554229,0.090540796221104,0.5,1.0,737.5641434569989,turtle,random_search,0,-0.5140898454151221,10
55,550,-0.08205408951307369,-0.028044469371594972,0.04208188987348811,0.5,1.0,750.7471581239952,turtle,random_search,0,-0.5140898454151221,10
56,560,-0.05989630942095836,-0.016772662197385914,0.022239357093224835,0.5,1.0,765.8512006189994,turtle,random_search,0,-0.5140898454151221,10
57,570,-0.10926043682998987,0.04166654502162999,0.09194183315981579,0.5,1.0,778.9661656509998,turtle,random_search,0,-0.5140898454151221,10
58,580,-0.18611840793235945,-0.036055462534884966,0.07943592021453344,0.5,1.0,789.7511763410002,turtle,random_search,0,-0.5140898454151221,10
59,590,-0.3588979747572738,-0.024838567340675154,0.12350353020447391,0.5,1.0,803.8730502889957,turtle,random_search,0,-0.5140898454151221,10
60,600,-0.33890790687318617,-0.03676484890288778,0.15945360580447426,0.5,1.0,819.6054687930009,turtle,random_search,0,-0.5140898454151221,10
61,610,-0.14292942148845,-0.02398818083115417,0.06780365357308756,0.5,1.0,831.902044781993,turtle,random_search,0,-0.5140898454151221,10
62,620,-0.31678754110950624,-0.051750492516399224,0.12575579762877903,0.5,1.0,844.9830491469911,turtle,random_search,0,-0.5140898454151221,10
63,630,-0.024198153264363143,0.03257647798778116,0.047252974960538936,0.5,1.0,856.303187144993,turtle,random_search,0,-0.5140898454151221,10
64,640,-0.11308186811032961,-0.002088450873333869,0.0742352284182646,0.5,1.0,871.1237937549886,turtle,random_search,0,-0.5140898454151221,10
65,650,-0.2568613941006346,-0.018235462888073782,0.10247776418276003,0.5,1.0,883.2624034079927,turtle,random_search,0,-0.5140898454151221,10
66,660,-0.10585947406105412,0.04397706850246932,0.08773569805843846,0.5,1.0,893.6283957900014,turtle,random_search,0,-0.5140898454151221,10
67,670,-0.18313267606115957,-0.00019808000641452495,0.08909956449491731,0.5,1.0,901.8168175600003,turtle,random_search,0,-0.5140898454151221,10
68,680,-0.07035235743305002,0.0020823008396790854,0.05720442855051847,0.5,1.0,914.5685184299946,turtle,random_search,0,-0.5140898454151221,10
69,690,-0.07455607622145699,0.008266007272153786,0.04989528343703867,0.5,1.0,929.1384516789985,turtle,random_search,0,-0.5140898454151221,10
70,700,-0.054407465499223484,0.02978515009125866,0.04934975729822404,0.5,1.0,942.0782218199893,turtle,random_search,0,-0.5140898454151221,10
71,710,-0.06197268258229194,0.020429518928304004,0.05541932006759571,0.5,1.0,957.2701887619914,turtle,random_search,0,-0.5140898454151221,10
72,720,-0.21305151216447005,0.006128140438431106,0.11058731681377908,0.5,1.0,971.4104218529974,turtle,random_search,0,-0.5140898454151221,10
73,730,-0.3261245496993226,0.0033041003759621823,0.17341604126475393,0.5,1.0,982.2739250360028,turtle,random_search,0,-0.5140898454151221,10
74,740,-0.0797411703719737,0.03238001820652423,0.0918223247013402,0.5,1.0,995.2597825099947,turtle,random_search,0,-0.5140898454151221,10
75,750,-0.16664804933590904,-0.022711307011016847,0.0941452944555543,0.5,1.0,1007.4235401949991,turtle,random_search,0,-0.5140898454151221,10
76,760,-0.1704667670615878,0.046161391603799465,0.11368981907670045,0.5,1.0,1021.2516030929983,turtle,random_search,0,-0.5140898454151221,10
77,770,-0.21275607303476374,-0.0002550638341109135,0.09090519658099785,0.5,1.0,1033.7082111109921,turtle,random_search,0,-0.5140898454151221,10
78,780,-0.04846022917291837,0.037931636099237664,0.07184786019400646,0.5,1.0,1043.4570589020004,turtle,random_search,0,-0.5140898454151221,10
79,790,-0.1711534529383485,-0.01720940560996471,0.06467841083500629,0.5,1.0,1055.1011467229982,turtle,random_search,0,-0.5140898454151221,10
80,800,-0.07333619549148196,0.032603896193950724,0.10366307377159588,0.5,1.0,1067.9402880979906,turtle,random_search,0,-0.5140898454151221,10
81,810,-0.22315891258462006,-0.02096647087552759,0.1087017881443403,0.5,1.0,1079.1236842999933,turtle,random_search,0,-0.5140898454151221,10
82,820,-0.12501735115378487,-0.005266596981416694,0.062301325316779566,0.5,1.0,1094.8449192069966,turtle,random_search,0,-0.5140898454151221,10
83,830,-0.34544247953868634,-0.07882632278083283,0.11184774662715466,0.5,1.0,1107.7544835519948,turtle,random_search,0,-0.5140898454151221,10
84,840,-0.06746876950584735,0.01525741071196567,0.05293792850883279,0.5,1.0,1121.7224504569895,turtle,random_search,0,-0.5140898454151221,10
85,850,-0.0740331308420874,0.021718584911216608,0.061862609627790145,0.5,1.0,1134.6998209309968,turtle,random_search,0,-0.5140898454151221,10
86,860,-0.3633893208520167,-0.013228756233212824,0.13042742283639788,0.5,1.0,1144.0056628769962,turtle,random_search,0,-0.5140898454151221,10
87,870,-0.14273956002980626,-0.01362471680776114,0.07815407894993331,0.5,1.0,1157.4408428559982,turtle,random_search,0,-0.5140898454151221,10
88,880,-0.1055832419360927,-0.006111234897234574,0.08419887968059306,0.5,1.0,1171.6922594439966,turtle,random_search,0,-0.5140898454151221,10
89,890,-0.14474300475194202,0.014116724150444071,0.11944182315814007,0.5,1.0,1186.1620247190003,turtle,random_search,0,-0.5140898454151221,10
90,900,-0.08498041920302146,-0.019608561875405515,0.032001254651080495,0.5,1.0,1199.074933675991,turtle,random_search,0,-0.5140898454151221,10
91,910,-0.24997782423732318,0.9723305347732353,3.010336081234918,0.5,1.0,1208.9038757949893,turtle,random_search,0,-0.5140898454151221,10
92,920,-0.09649242674048608,-0.0028924130096664945,0.06502324643092013,0.5,1.0,1223.1715897129907,turtle,random_search,0,-0.5140898454151221,10
93,930,-0.131566337455566,0.01959208427592527,0.11256825269830699,0.5,1.0,1235.440828189996,turtle,random_search,0,-0.5140898454151221,10
94,940,-0.1881751479328475,0.01981826709865677,0.08741823601882283,0.5,1.0,1248.101287515994,turtle,random_search,0,-0.5140898454151221,10
95,950,-0.6573633329244268,-0.07661350497241468,0.21933030351568011,0.5,1.0,1262.5752855819883,turtle,random_search,0,-0.6573633329244268,10
96,960,-0.18301015480509353,-0.057521906703404915,0.07602566287463926,0.5,1.0,1278.4628685779899,turtle,random_search,0,-0.6573633329244268,10
97,970,-0.034467713351471474,0.03816553992007075,0.04958528544415888,0.5,1.0,1289.5169134799944,turtle,random_search,0,-0.6573633329244268,10
98,980,-0.4053541767409472,-0.041548946368360616,0.149801531361204,0.5,1.0,1300.9663695579948,turtle,random_search,0,-0.6573633329244268,10
99,990,-0.18532458965783238,0.005252929423571829,0.07717052688040639,0.5,1.0,1315.986746294002,turtle,random_search,0,-0.6573633329244268,10
100,1000,-0.11730132924791903,0.02226791396583776,0.07290096597987067,0.5,1.0,1327.2369393609988,turtle,random_search,0,-0.6573633329244268,10
101,1010,-0.051219030955471645,0.016703757794405406,0.08362676380470396,0.5,1.0,1340.6881760370015,turtle,random_search,0,-0.6573633329244268,10
102,1020,-0.1505666936933432,-0.015086364750340841,0.08672498086402552,0.5,1.0,1357.8082232349989,turtle,random_search,0,-0.6573633329244268,10
103,1030,-0.10737040730670078,0.03788784339449789,0.08853719087129026,0.5,1.0,1371.6009824349894,turtle,random_search,0,-0.6573633329244268,10
104,1040,-0.07423322362012907,0.05516535742315547,0.09483561913525435,0.5,1.0,1383.1240123379976,turtle,random_search,0,-0.6573633329244268,10
105,1050,-0.26073670527266124,-0.013436984528108908,0.12562191070850243,0.5,1.0,1397.0779164809937,turtle,random_search,0,-0.6573633329244268,10
106,1060,-0.13611770391134392,0.000978848135884114,0.0792890158209891,0.5,1.0,1408.5157437659946,turtle,random_search,0,-0.6573633329244268,10
107,1070,-0.1139420575530048,0.004038380980844547,0.051553903638461934,0.5,1.0,1423.1726299339934,turtle,random_search,0,-0.6573633329244268,10
108,1080,-0.0988342086104037,0.02337038369280302,0.0632465836035091,0.5,1.0,1438.7094875829935,turtle,random_search,0,-0.6573633329244268,10
109,1090,-0.08997704872743117,-0.00372157016718484,0.0763515531757932,0.5,1.0,1455.0674888270005,turtle,random_search,0,-0.6573633329244268,10
110,1100,-0.054832969271658705,0.008818918081797822,0.0405875638582363,0.5,1.0,1465.6527486679988,turtle,random_search,0,-0.6573633329244268,10
111,1110,-0.2625480774277875,-0.07250407312346985,0.09912013484526094,0.5,1.0,1478.641820232995,turtle,random_search,0,-0.6573633329244268,10
112,1120,-0.07991103099286967,0.00024986174687251505,0.051749897724047894,0.5,1.0,1489.0947799419955,turtle,random_search,0,-0.6573633329244268,10
113,1130,-0.052394220234827316,0.046349325020091835,0.06483345874396876,0.5,1.0,1504.2981255969935,turtle,random_search,0,-0.6573633329244268,10
114,1140,-0.03734501852873162,0.03673399814964009,0.05296810557676642,0.5,1.0,1518.0340743659908,turtle,random_search,0,-0.6573633329244268,10
115,1150,-0.11707021815343843,0.022497357397092622,0.05814061992774034,0.5,1.0,1532.0775922419998,turtle,random_search,0,-0.6573633329244268,10
116,1160,-0.09830996703772144,-0.018164162797881644,0.05131628341175098,0.5,1.0,1547.3624514769908,turtle,random_search,0,-0.6573633329244268,10
117,1170,-0.14868767218279455,0.009531721407548589,0.09895558659071524,0.5,1.0,1561.246009740993,turtle,random_search,0,-0.6573633329244268,10
118,1180,-0.09223687488758348,0.0019475950912899442,0.06904040897224399,0.5,1.0,1575.3625935109885,turtle,random_search,0,-0.6573633329244268,10
119,1190,-0.051477926021701315,0.028618331584988076,0.07863694888198311,0.5,1.0,1590.1371544959984,turtle,random_search,0,-0.6573633329244268,10
120,1200,-0.13185456452270117,-0.008988506027731536,0.06445767852483472,0.5,1.0,1602.1274691949948,turtle,random_search,0,-0.6573633329244268,10
121,1210,-0.11553060534766857,-0.019406236113073395,0.059323434558504674,0.5,1.0,1614.9681915679976,turtle,random_search,0,-0.6573633329244268,10
122,1220,-0.16860111100081188,-0.043445186751224794,0.08032351830402151,0.5,1.0,1626.0365791369986,turtle,random_search,0,-0.6573633329244268,10
123,1230,-0.0372570090383908,0.02590766167025187,0.05766365473856385,0.5,1.0,1640.2703784549958,turtle,random_search,0,-0.6573633329244268,10
124,1240,-0.15745780853641111,0.00009490166698196134,0.06625824650975111,0.5,1.0,1649.9386459789966,turtle,random_search,0,-0.6573633329244268,10
125,1250,-0.1104611945578231,-0.005081432639064421,0.03939191922238626,0.5,1.0,1666.506868312994,turtle,random_search,0,-0.6573633329244268,10
126,1260,-0.0928361641100457,0.0069289691706440944,0.07174208088118839,0.5,1.0,1679.0426210659934,turtle,random_search,0,-0.6573633329244268,10
127,1270,-0.21412888728814128,1.0207076704489861,2.9962242647761466,0.5,1.0,1691.0729885439941,turtle,random_search,0,-0.6573633329244268,10
128,1280,-0.1287021080623516,0.009130308396352404,0.08666362894346369,0.5,1.0,1701.058428764998,turtle,random_search,0,-0.6573633329244268,10
129,1290,-0.031427095464779065,1.0245505973778046,2.9921556683972104,0.5,1.0,1714.64497768,turtle,random_search,0,-0.6573633329244268,10
130,1300,-0.038555436219817274,0.03733812317432443,0.06628117485129435,0.5,1.0,1723.7439172369923,turtle,random_search,0,-0.6573633329244268,10
131,1310,-0.09051652936326171,-0.014505381905271264,0.04927428479835604,0.5,1.0,1735.5287202789914,turtle,random_search,0,-0.6573633329244268,10
132,1320,-0.09816289572445047,0.011398766988284948,0.052908103038772344,0.5,1.0,1749.1920261499909,turtle,random_search,0,-0.6573633329244268,10
133,1330,-0.1741714071051197,0.014099466452063503,0.08645311282704353,0.5,1.0,1763.676423486002,turtle,random_search,0,-0.6573633329244268,10
134,1340,-0.19039879911953683,0.003661517643549228,0.0968530383369657,0.5,1.0,1776.306870868997,turtle,random_search,0,-0.6573633329244268,10
135,1350,-0.052598284556785835,0.026894714579975786,0.04771361814297378,0.5,1.0,1789.450885343991,turtle,random_search,0,-0.6573633329244268,10
136,1360,-0.0873508561708567,0.01703646184121883,0.07461389146674571,0.5,1.0,1803.2580175389885,turtle,random_search,0,-0.6573633329244268,10
137,1370,-0.20623349044880523,-0.04101154958990376,0.11348168402423923,0.5,1.0,1818.9733968899964,turtle,random_search,0,-0.6573633329244268,10
138,1380,-0.22018850770595666,-0.024176712717320116,0.11666277141198705,0.5,1.0,1830.2698954499938,turtle,random_search,0,-0.6573633329244268,10
139,1390,-0.2659295796639647,-0.01758307989865484,0.11380287782835685,0.5,1.0,1845.598621747995,turtle,random_search,0,-0.6573633329244268,10
140,1400,-0.20103648576152455,-0.02845466723727048,0.10608803317044309,0.5,1.0,1858.8283972609934,turtle,random_search,0,-0.6573633329244268,10
141,1410,-0.07126971975505825,0.004352910367912877,0.06097314335675019,0.5,1.0,1871.5833420159906,turtle,random_search,0,-0.6573633329244268,10
142,1420,-0.283196780195734,-0.04713612071322206,0.16566049648704745,0.5,1.0,1885.9290415939904,turtle,random_search,0,-0.6573633329244268,10
143,1430,-0.11022210002033095,-0.016284827345599506,0.039768230835556855,0.5,1.0,1898.6394639219943,turtle,random_search,0,-0.6573633329244268,10
144,1440,-0.2986327259306769,0.9611358731955632,3.0145526132451255,0.5,1.0,1913.4615503690002,turtle,random_search,0,-0.6573633329244268,10
145,1450,-0.11213057734824972,0.005643769836603063,0.09044706474589442,0.5,1.0,1929.768624335993,turtle,random_search,0,-0.6573633329244268,10
146,1460,-0.09041244889809796,0.01269999096579113,0.055902203284303176,0.5,1.0,1941.8120697379927,turtle,random_search,0,-0.6573633329244268,10
147,1470,-0.08328626931527783,0.002428763115046628,0.058868591180355874,0.5,1.0,1953.271279209992,turtle,random_search,0,-0.6573633329244268,10
148,1480,-0.1787183382154227,0.031069990570421525,0.10654266007812083,0.5,1.0,1962.891625903998,turtle,random_search,0,-0.6573633329244268,10
149,1490,-0.11107068274308318,0.0060693743107393065,0.06186240433770459,0.5,1.0,1972.7543030239904,turtle,random_search,0,-0.6573633329244268,10
150,1500,-0.030086583638370357,0.02675009193521376,0.043112078611540046,0.5,1.0,1984.7099434260017,turtle,random_search,0,-0.6573633329244268,10
151,1510,-0.18576466230805888,-0.005681208816639671,0.08653111699880557,0.5,1.0,1999.1052697080013,turtle,random_search,0,-0.6573633329244268,10
152,1520,-0.3672006653654645,-0.07299882845230724,0.12415829519001877,0.5,1.0,2013.3096410149883,turtle,random_search,0,-0.6573633329244268,10
153,1530,-0.11271117972084177,-0.011477936610537665,0.06654810881055039,0.5,1.0,2025.8165257889923,turtle,random_search,0,-0.6573633329244268,10
154,1540,-0.1402119670867794,-0.019506006186800207,0.06388134546607359,0.5,1.0,2038.1922745549964,turtle,random_search,0,-0.6573633329244268,10
155,1550,-0.38829126811644077,-0.05366965113683202,0.13707650043527544,0.5,1.0,2051.966497431,turtle,random_search,0,-0.6573633329244268,10
156,1560,-0.1678561989913172,-0.00647003786054876,0.09941117698225332,0.5,1.0,2065.0199748250016,turtle,random_search,0,-0.6573633329244268,10
157,1570,-0.17143763158775638,-0.027198694989675774,0.06800172621763051,0.5,1.0,2078.215000311,turtle,random_search,0,-0.6573633329244268,10
158,1580,-0.3444347995714736,-0.07830312644890638,0.16250371905923142,0.5,1.0,2093.9092778959894,turtle,random_search,0,-0.6573633329244268,10
159,1590,-0.33919877280835475,-0.017642506379867216,0.12859562631175164,0.5,1.0,2106.7364580329886,turtle,random_search,0,-0.6573633329244268,10
160,1600,-0.2627994758465597,-0.033949994516540724,0.09860618219525293,0.5,1.0,2120.8907319919963,turtle,random_search,0,-0.6573633329244268,10
161,1610,-0.25586514813098393,-0.025640071631286964,0.12313687606356684,0.5,1.0,2136.81344406899,turtle,random_search,0,-0.6573633329244268,10
162,1620,-0.17557969108007043,-0.021298805995700665,0.07987947318155594,0.5,1.0,2148.633049445998,turtle,random_search,0,-0.6573633329244268,10
163,1630,-0.39495955878208466,-0.05223648259471494,0.12410448841227238,0.5,1.0,2161.0392850149947,turtle,random_search,0,-0.6573633329244268,10
164,1640,-0.08474058018957109,-0.014550028658293001,0.03285444053322857,0.5,1.0,2172.090774857992,turtle,random_search,0,-0.6573633329244268,10
165,1650,-0.07167401964047038,0.030293306244009964,0.11159320681633447,0.5,1.0,2188.497553245994,turtle,random_search,0,-0.6573633329244268,10
166,1660,-0.13279627912593117,0.026453846840515816,0.07626109886493124,0.5,1.0,2202.477059797995,turtle,random_search,0,-0.6573633329244268,10
167,1670,-0.04675212492494207,0.012473179780239629,0.05412659493768905,0.5,1.0,2218.8748012259894,turtle,random_search,0,-0.6573633329244268,10
168,1680,-0.08572818276488281,0.03430330940304414,0.12276344691819933,0.5,1.0,2233.0274659989955,turtle,random_search,0,-0.6573633329244268,10
169,1690,-0.12044719358550093,0.015756187003140455,0.06512829413455712,0.5,1.0,2245.665948401991,turtle,random_search,0,-0.6573633329244268,10
170,1700,-0.114405927445282,0.00004269707760160557,0.07763866970188432,0.5,1.0,2260.018905584002,turtle,random_search,0,-0.6573633329244268,10
171,1710,-0.06036567766239376,0.03667645388390746,0.14103627148153086,0.5,1.0,2270.553361825994,turtle,random_search,0,-0.6573633329244268,10
172,1720,-0.3076517329808848,-0.06031668577244007,0.12845795498382145,0.5,1.0,2285.958563110995,turtle,random_search,0,-0.6573633329244268,10
173,1730,-0.5028015188792461,-0.02870751235198412,0.17769745838612058,0.5,1.0,2298.654400416999,turtle,random_search,0,-0.6573633329244268,10
174,1740,-0.29803250367661605,-0.02375286394455891,0.1303807764596664,0.5,1.0,2313.096710840997,turtle,random_search,0,-0.6573633329244268,10
175,1750,-0.22829919364003182,-0.03802202619711377,0.09691431351054504,0.5,1.0,2324.7214818499924,turtle,random_search,0,-0.6573633329244268,10
176,1760,-0.2540182492923586,-0.03397013976499626,0.09027553113198439,0.5,1.0,2338.0000118710013,turtle,random_search,0,-0.6573633329244268,10
177,1770,-0.08212931731787343,0.025794451502685157,0.07643905264976819,0.5,1.0,2350.9857481809886,turtle,random_search,0,-0.6573633329244268,10
178,1780,-0.0442947444574715,0.04201307445252933,0.06670076401409493,0.5,1.0,2364.3824343779997,turtle,random_search,0,-0.6573633329244268,10
179,1790,-0.16985881478323694,-0.014583983752107432,0.06794123758848328,0.5,1.0,2377.3332450469898,turtle,random_search,0,-0.6573633329244268,10
180,1800,-0.07627111768320027,-0.00922021166740672,0.047518084266392695,0.5,1.0,2385.8140726959973,turtle,random_search,0,-0.6573633329244268,10
181,1810,-0.20207338147029574,-0.02702495605058077,0.1221194858499594,0.5,1.0,2399.63255779499,turtle,random_search,0,-0.6573633329244268,10
182,1820,-0.2652803081036703,-0.023778182644310066,0.10501873873003978,0.5,1.0,2412.9050488950015,turtle,random_search,0,-0.6573633329244268,10
183,1830,-0.2989216468647715,-0.02041868740503352,0.10026317630397975,0.5,1.0,2423.2178090769885,turtle,random_search,0,-0.6573633329244268,10
184,1840,-0.25446397788212405,-0.05852581991155983,0.08006947569652954,0.5,1.0,2437.163495014989,turtle,random_search,0,-0.6573633329244268,10
185,1850,-0.21641322416724407,0.035240928424263095,0.12512319136958172,0.5,1.0,2448.1393215989956,turtle,random_search,0,-0.6573633329244268,10
186,1860,-0.23406659978707367,0.009184979136520699,0.11688121637785034,0.5,1.0,2461.335460464994,turtle,random_search,0,-0.6573633329244268,10
187,1870,-0.34299590657372026,-0.019497564449966108,0.15991109016329585,0.5,1.0,2474.6236968820012,turtle,random_search,0,-0.6573633329244268,10
188,1880,-0.14572311523472958,0.044808165569585424,0.13619158046521038,0.5,1.0,2488.1753863959893,turtle,random_search,0,-0.6573633329244268,10
189,1890,-0.37449545012672303,-0.03836056732975566,0.16631920903698133,0.5,1.0,2501.870763269995,turtle,random_search,0,-0.6573633329244268,10
190,1900,-0.19384866192291028,-0.034056534709175065,0.09400846458460077,0.5,1.0,2513.782775806001,turtle,random_search,0,-0.6573633329244268,10
191,1910,-0.0994790520911275,0.015515835031499493,0.06175419520237238,0.5,1.0,2526.7677447799942,turtle,random_search,0,-0.6573633329244268,10
192,1920,-0.06327082010164808,0.005279434332982458,0.042065459143078375,0.5,1.0,2541.7425341569906,turtle,random_search,0,-0.6573633329244268,10
193,1930,-0.032564177161402696,0.04282557419972814,0.09467926902627322,0.5,1.0,2552.576017334999,turtle,random_search,0,-0.6573633329244268,10
194,1940,-0.3205778043886758,-0.02441014635355474,0.11983307798730194,0.5,1.0,2567.819854054993,turtle,random_search,0,-0.6573633329244268,10
195,1950,-0.2017680251662659,0.007181616394704981,0.07995066974614799,0.5,1.0,2582.383644183996,turtle,random_search,0,-0.6573633329244268,10
196,1960,-0.1432435173006148,-0.01110752922835836,0.08737031207495745,0.5,1.0,2596.2069624939904,turtle,random_search,0,-0.6573633329244268,10
197,1970,-0.244004298814251,-0.024883725374383214,0.08707998603150298,0.5,1.0,2610.1774938710005,turtle,random_search,0,-0.6573633329244268,10
198,1980,-0.06952102330965548,0.012121556012960255,0.08954525091200946,0.5,1.0,2622.1402040959947,turtle,random_search,0,-0.6573633329244268,10
199,1990,-0.040897260516181255,0.07419626648965191,0.08614548359670354,0.5,1.0,2635.3209168489993,turtle,random_search,0,-0.6573633329244268,10
200,2000,-0.11137043831557492,0.011122388607396871,0.07376787742372348,0.5,1.0,2645.320239613997,turtle,random_search,0,-0.6573633329244268,10
201,2010,-0.09110939162710796,0.008709822729000649,0.0645236410318181,0.5,1.0,2658.763299137994,turtle,random_search,0,-0.6573633329244268,10
202,2020,-0.11121391820833004,0.008167227806551835,0.10605244772006876,0.5,1.0,2673.224866493998,turtle,random_search,0,-0.6573633329244268,10
203,2030,-0.1258266377465329,-0.012651862159867733,0.045418485426460056,0.5,1.0,2685.1154632219987,turtle,random_search,0,-0.6573633329244268,10
204,2040,-0.1750603244455844,-0.04853683775013096,0.05011096939894882,0.5,1.0,2698.7273288799915,turtle,random_search,0,-0.6573633329244268,10
205,2050,-0.0626147169471416,0.02461279226097961,0.0846857219419961,0.5,1.0,2713.1606917239988,turtle,random_search,0,-0.6573633329244268,10
206,2060,-0.044933941114980946,0.03216817144929367,0.0481723294633949,0.5,1.0,2727.976243218989,turtle,random_search,0,-0.6573633329244268,10
207,2070,-0.2541551550669503,-0.02627156876910295,0.11278118763385009,0.5,1.0,2739.9772833239986,turtle,random_search,0,-0.6573633329244268,10
208,2080,-0.7582118091297927,-0.07003630558614571,0.25215819036863196,0.5,1.0,2755.042906920993,turtle,random_search,0,-0.7582118091297927,10
209,2090,-0.2921624765543225,-0.08262425168977172,0.10078532956826251,0.5,1.0,2770.3997165899927,turtle,random_search,0,-0.7582118091297927,10
210,2100,-0.24293344668022954,-0.03753418490027114,0.09599219953390305,0.5,1.0,2781.1532752349885,turtle,random_search,0,-0.7582118091297927,10
211,2110,-0.0913917976052554,0.0008088048670375159,0.05356886550962398,0.5,1.0,2794.9965166829934,turtle,random_search,0,-0.7582118091297927,10
212,2120,-0.26000614978098113,-0.010039536386141279,0.11581300808156052,0.5,1.0,2807.8901815019926,turtle,random_search,0,-0.7582118091297927,10
213,2130,-0.019499364561515797,0.029016891137283986,0.07315200699473125,0.5,1.0,2821.270782986001,turtle,random_search,0,-0.7582118091297927,10
214,2140,-0.1056929167918561,-0.030209840592910188,0.03433304306971413,0.5,1.0,2834.95380752199,turtle,random_search,0,-0.7582118091297927,10
215,2150,-0.10644868738944613,0.012573583339018146,0.054650938582342,0.5,1.0,2847.965457632992,turtle,random_search,0,-0.7582118091297927,10
216,2160,-0.19130617276731154,-0.013707037979500037,0.09953387831913471,0.5,1.0,2863.357458036,turtle,random_search,0,-0.7582118091297927,10
217,2170,-0.11874759995305961,-0.0005213534928157238,0.07234661161474282,0.5,1.0,2877.0363017359923,turtle,random_search,0,-0.7582118091297927,10
218,2180,-0.0903236124263378,0.012019145836072553,0.0815111353177592,0.5,1.0,2887.6780211079895,turtle,random_search,0,-0.7582118091297927,10
219,2190,-0.1274373586800328,-0.03505629832903665,0.051526820130821424,0.5,1.0,2900.5351687479997,turtle,random_search,0,-0.7582118091297927,10
220,2200,-0.24276907537884096,-0.046975885546373775,0.10833123667968657,0.5,1.0,2909.7632497659943,turtle,random_search,0,-0.7582118091297927,10
221,2210,-0.14582974727752696,-0.011129954843314227,0.09758251250723418,0.5,1.0,2922.179317738992,turtle,random_search,0,-0.7582118091297927,10
222,2220,-0.0021997318181501413,0.05145344885888026,0.033774702587087965,0.5,1.0,2933.215053521999,turtle,random_search,0,-0.7582118091297927,10
223,2230,-0.14490182975958188,-0.003676957594773622,0.09000533995176478,0.5,1.0,2946.5163677870005,turtle,random_search,0,-0.7582118091297927,10
224,2240,-0.09410907502543697,0.06700820105362153,0.14438010950697858,0.5,1.0,2957.5987702509883,turtle,random_search,0,-0.7582118091297927,10
225,2250,-0.20618404004795732,-0.04278326328032929,0.08275095578859987,0.5,1.0,2969.1270243030012,turtle,random_search,0,-0.7582118091297927,10
226,2260,-0.19854948390777682,-0.010145753413074842,0.09912556361841128,0.5,1.0,2982.4477536119957,turtle,random_search,0,-0.7582118091297927,10
227,2270,-0.20556972898403547,0.008285933300537795,0.10666060232573484,0.5,1.0,2997.2638552259887,turtle,random_search,0,-0.7582118091297927,10
228,2280,-0.18392090985144893,-0.0025304959187057996,0.09757142948020628,0.5,1.0,3012.180785117991,turtle,random_search,0,-0.7582118091297927,10
229,2290,-0.185952886929031,-0.04741025946025852,0.06320817687179882,0.5,1.0,3026.8268017090013,turtle,random_search,0,-0.7582118091297927,10
230,2300,-0.11245170081079792,-0.024370265964535776,0.04460280338987144,0.5,1.0,3041.462858187995,turtle,random_search,0,-0.7582118091297927,10
231,2310,-0.11707238833595746,-0.008603143794949197,0.055602413077672344,0.5,1.0,3052.423346024996,turtle,random_search,0,-0.7582118091297927,10
232,2320,-0.11817594137387744,-0.015063898121851872,0.05981062298086995,0.5,1.0,3064.9186761399906,turtle,random_search,0,-0.7582118091297927,10
233,2330,-0.0661404764339375,-0.023149209375059866,0.02956096600475935,0.5,1.0,3077.39607847399,turtle,random_search,0,-0.7582118091297927,10
234,2340,-0.04549294750505162,0.018830022668852475,0.05701874043154804,0.5,1.0,3090.237782215001,turtle,random_search,0,-0.7582118091297927,10
235,2350,-0.07497189430530948,0.05391919086132191,0.10656862044505733,0.5,1.0,3101.8087433600012,turtle,random_search,0,-0.7582118091297927,10
236,2360,-0.1422277476545073,0.0020802806496377003,0.07399951206751527,0.5,1.0,3115.3248048090027,turtle,random_search,0,-0.7582118091297927,10
237,2370,-0.22258397552398712,-0.02282443399612948,0.08830516309256219,0.5,1.0,3129.012642838992,turtle,random_search,0,-0.7582118091297927,10
238,2380,-0.1792529507702607,-0.01030019053349509,0.06438753020279246,0.5,1.0,3142.946313263994,turtle,random_search,0,-0.7582118091297927,10
239,2390,-0.023379086069134303,0.05490063543447619,0.07360107379296892,0.5,1.0,3156.9880511309893,turtle,random_search,0,-0.7582118091297927,10
240,2400,-0.3989685685227107,-0.05811733159711494,0.14032908210892497,0.5,1.0,3173.585197679,turtle,random_search,0,-0.7582118091297927,10
241,2410,-0.11753006433726476,0.019830213940698282,0.0676416133696989,0.5,1.0,3188.6252360979997,turtle,random_search,0,-0.7582118091297927,10
242,2420,-0.06756697828563851,0.027704575317590584,0.07791294841536107,0.5,1.0,3202.612790767991,turtle,random_search,0,-0.7582118091297927,10
243,2430,-0.14251099490352104,0.015475226249509522,0.09107659273121951,0.5,1.0,3215.1607879069925,turtle,random_search,0,-0.7582118091297927,10
244,2440,-0.06401654685810154,0.019814342259908812,0.06832500890806474,0.5,1.0,3230.374511967995,turtle,random_search,0,-0.7582118091297927,10
245,2450,-0.09066010361340293,-0.004724517946581042,0.06195944437023108,0.5,1.0,3243.5941282279964,turtle,random_search,0,-0.7582118091297927,10
246,2460,-0.05754127370755224,0.010789569812277388,0.0576207396788515,0.5,1.0,3255.6683771399985,turtle,random_search,0,-0.7582118091297927,10
247,2470,-0.24110106321615632,-0.04357892608861995,0.0902042344279119,0.5,1.0,3268.2166296579962,turtle,random_search,0,-0.7582118091297927,10
248,2480,-0.13062919678256524,-0.02269844490078876,0.05690044148593926,0.5,1.0,3282.1177823420003,turtle,random_search,0,-0.7582118091297927,10
249,2490,-0.08585462643561659,-0.007435383062143775,0.05343007086031975,0.5,1.0,3295.6301924489962,turtle,random_search,0,-0.7582118091297927,10
250,2500,-0.09173699854476514,-0.0014736584476920278,0.06503589645034115,0.5,1.0,3307.2255311329936,turtle,random_search,0,-0.7582118091297927,10
251,2510,-0.33760483066924607,-0.025201114539891288,0.14281574732249258,0.5,1.0,3320.17446237299,turtle,random_search,0,-0.7582118091297927,10
252,2520,-0.2747653528198377,-0.047916490631202444,0.10844988213453766,0.5,1.0,3333.1730184139888,turtle,random_search,0,-0.7582118091297927,10
253,2530,-0.1878814974839953,0.03785084376027026,0.13001474538286226,0.5,1.0,3346.454698992995,turtle,random_search,0,-0.7582118091297927,10
254,2540,-0.25477012791667697,-0.02084152216825208,0.09114544925189592,0.5,1.0,3359.894319398998,turtle,random_search,0,-0.7582118091297927,10
255,2550,-0.03143444453854016,0.0282968641935728,0.05386102060141821,0.5,1.0,3370.9503184170026,turtle,random_search,0,-0.7582118091297927,10
256,2560,-0.07530566609613576,0.10139099465088411,0.15114176695183376,0.5,1.0,3384.3277410360024,turtle,random_search,0,-0.7582118091297927,10
257,2570,-0.10220778320435908,-0.011423391046765374,0.0701308911098393,0.5,1.0,3400.0556352799904,turtle,random_search,0,-0.7582118091297927,10
258,2580,-0.2435405639033661,-0.05831802674251021,0.09821134781413682,0.5,1.0,3416.3003803819884,turtle,random_search,0,-0.7582118091297927,10
259,2590,-0.24219609981945922,-0.02207852494152629,0.10508896465065669,0.5,1.0,3429.3467067259917,turtle,random_search,0,-0.7582118091297927,10
260,2600,-0.12815184163555315,0.0321868288644052,0.1103563857681976,0.5,1.0,3445.889163660002,turtle,random_search,0,-0.7582118091297927,10
261,2610,-0.0852395941533084,0.027145117856109825,0.08014271538895663,0.5,1.0,3457.7004951769923,turtle,random_search,0,-0.7582118091297927,10
262,2620,-0.05832190738955223,0.004093413377562349,0.03848156169769361,0.5,1.0,3467.896268511002,turtle,random_search,0,-0.7582118091297927,10
263,2630,-0.5746222027817192,-0.05406123151798958,0.2350408669044985,0.5,1.0,3483.9830948460003,turtle,random_search,0,-0.7582118091297927,10
264,2640,-0.3264978186920908,-0.012027780348399464,0.16263863434398032,0.5,1.0,3496.4022705819953,turtle,random_search,0,-0.7582118091297927,10
265,2650,-0.157479534903616,-0.01612113190935043,0.1028705091363807,0.5,1.0,3507.763206345,turtle,random_search,0,-0.7582118091297927,10
266,2660,-0.07081990558160989,0.030653472954308113,0.05785483686159653,0.5,1.0,3519.02968947099,turtle,random_search,0,-0.7582118091297927,10
267,2670,-0.3193583090838823,-0.024266552751499228,0.12024093285531154,0.5,1.0,3533.3109949599893,turtle,random_search,0,-0.7582118091297927,10
268,2680,-0.11181043140019753,0.02407260950984593,0.08946030158746049,0.5,1.0,3548.5053071360016,turtle,random_search,0,-0.7582118091297927,10
269,2690,-0.17066171752613712,0.007105711047332974,0.1132769447329545,0.5,1.0,3561.5830611089914,turtle,random_search,0,-0.7582118091297927,10
270,2700,-0.2273744546399552,0.008454449521023477,0.12627943283360255,0.5,1.0,3571.378945835997,turtle,random_search,0,-0.7582118091297927,10
271,2710,-0.10307926188578431,0.03133855510325301,0.08323045020498558,0.5,1.0,3585.706230347001,turtle,random_search,0,-0.7582118091297927,10
272,2720,-0.1668584394902881,-0.012814124456929843,0.0873988351457789,0.5,1.0,3599.8931639599905,turtle,random_search,0,-0.7582118091297927,10
273,2730,-0.2785802752427209,-0.026730170694578524,0.16598551289022803,0.5,1.0,3611.3899825919943,turtle,random_search,0,-0.7582118091297927,10
274,2740,-0.24062832034613102,-0.013698030721698017,0.10097400301010898,0.5,1.0,3624.868701104002,turtle,random_search,0,-0.7582118091297927,10
275,2750,-0.134086904758556,-0.02017817610388466,0.06527180048810723,0.5,1.0,3639.5064149149985,turtle,random_search,0,-0.7582118091297927,10
276,2760,-0.1022344950337537,0.005472446291667943,0.0528702982284245,0.5,1.0,3651.7621709219966,turtle,random_search,0,-0.7582118091297927,10
277,2770,-0.08309475920513609,-0.016606492849116083,0.04626090859130736,0.5,1.0,3666.534189318001,turtle,random_search,0,-0.7582118091297927,10
278,2780,-0.02339972935511181,0.05943986570596875,0.08563945010056127,0.5,1.0,3677.188059093998,turtle,random_search,0,-0.7582118091297927,10
279,2790,-0.14885614375922263,0.001054077809220466,0.09166417049225282,0.5,1.0,3691.126094991996,turtle,random_search,0,-0.7582118091297927,10
280,2800,-0.22431306862306322,0.010136869572817364,0.10691134420795115,0.5,1.0,3700.813636852996,turtle,random_search,0,-0.7582118091297927,10
281,2810,-0.26803185593020906,-0.048907444873499274,0.08822579167854776,0.5,1.0,3710.023800545998,turtle,random_search,0,-0.7582118091297927,10
282,2820,-0.08662014403073748,0.004351719483297334,0.05880149512755713,0.5,1.0,3721.266575372996,turtle,random_search,0,-0.7582118091297927,10
283,2830,-0.08897706619237766,-0.01006718698295712,0.04347759683038067,0.5,1.0,3734.355297749993,turtle,random_search,0,-0.7582118091297927,10
284,2840,-0.0782985108848866,0.013880328412933896,0.06713035876489128,0.5,1.0,3744.599313355997,turtle,random_search,0,-0.7582118091297927,10
285,2850,-0.09334767110333164,0.01772128644123141,0.09457802013413394,0.5,1.0,3757.052773517993,turtle,random_search,0,-0.7582118091297927,10
286,2860,-0.1503505565104577,0.029273807321613176,0.09097024383323375,0.5,1.0,3771.2816180559894,turtle,random_search,0,-0.7582118091297927,10
287,2870,-0.07813475330026609,0.02302284595955042,0.07296574510562708,0.5,1.0,3783.5258611089957,turtle,random_search,0,-0.7582118091297927,10
288,2880,-0.17775602762785514,0.008476684526770662,0.09071587807953055,0.5,1.0,3798.5999101459893,turtle,random_search,0,-0.7582118091297927,10
289,2890,-0.11594971886827032,0.03500096949821048,0.12141028552058684,0.5,1.0,3809.0155418009963,turtle,random_search,0,-0.7582118091297927,10
290,2900,-0.08641638257273954,-0.002138786183205088,0.07048865661292975,0.5,1.0,3823.7935586059903,turtle,random_search,0,-0.7582118091297927,10
291,2910,-0.21231474005831785,0.007001168967415516,0.10404572602492838,0.5,1.0,3835.5367307689885,turtle,random_search,0,-0.7582118091297927,10
292,2920,-0.027702824953808047,0.04866415158461566,0.053008596083105035,0.5,1.0,3850.8353151929914,turtle,random_search,0,-0.7582118091297927,10
293,2930,-0.2447001953925234,-0.04019329476897715,0.09563749614064501,0.5,1.0,3864.2646809649887,turtle,random_search,0,-0.7582118091297927,10
294,2940,-0.07048670344892738,0.03131767214821304,0.10943694913077819,0.5,1.0,3879.888713813998,turtle,random_search,0,-0.7582118091297927,10
295,2950,-0.08884163065216644,-0.004843348971026273,0.054806854064839025,0.5,1.0,3892.7955745679938,turtle,random_search,0,-0.7582118091297927,10
296,2960,-0.07140517291356652,-0.0028474091362713063,0.05161155134089157,0.5,1.0,3905.0822202439886,turtle,random_search,0,-0.7582118091297927,10
297,2970,-0.21403146783515048,-0.02187149605753138,0.07364833521188983,0.5,1.0,3917.115458528002,turtle,random_search,0,-0.7582118091297927,10
298,2980,-0.0922049612149829,-0.01468331402124221,0.05275845039606971,0.5,1.0,3930.9856540710025,turtle,random_search,0,-0.7582118091297927,10
299,2990,-0.1697229005855867,0.005754870416734103,0.0746271888743932,0.5,1.0,3941.564405248995,turtle,random_search,0,-0.7582118091297927,10
300,3000,-0.23348739887112036,-0.03986637214741062,0.07494395635191117,0.5,1.0,3955.6370849660016,turtle,random_search,0,-0.7582118091297927,10
301,3010,-0.38898256358458383,-0.02107470485724052,0.14388778915189254,0.5,1.0,3969.918244512999,turtle,random_search,0,-0.7582118091297927,10
302,3020,-0.05942050984846592,0.014749235230683411,0.05650374074434834,0.5,1.0,3984.274033759997,turtle,random_search,0,-0.7582118091297927,10
303,3030,-0.09046145535957262,0.003936868798748172,0.04983821745975355,0.5,1.0,3998.9799671459914,turtle,random_search,0,-0.7582118091297927,10
304,3040,-0.07039777597163699,0.009247734807042819,0.0846291059717668,0.5,1.0,4011.5036753820023,turtle,random_search,0,-0.7582118091297927,10
305,3050,-0.1688364757437837,0.01694491360157686,0.09638492842272499,0.5,1.0,4025.33826937899,turtle,random_search,0,-0.7582118091297927,10
306,3060,-0.18080177270795694,-0.0035212578912214632,0.09069912346505249,0.5,1.0,4039.7753880809905,turtle,random_search,0,-0.7582118091297927,10
307,3070,-0.14674660209209822,0.048490754096734,0.15784851382871257,0.5,1.0,4054.011542808992,turtle,random_search,0,-0.7582118091297927,10
308,3080,-0.1524326055436127,-0.027365140875700432,0.05731504064400568,0.5,1.0,4065.276792919991,turtle,random_search,0,-0.7582118091297927,10
309,3090,-0.0607090027793431,0.026417855899693254,0.10148041474841467,0.5,1.0,4080.868446812994,turtle,random_search,0,-0.7582118091297927,10
310,3100,-0.27558775256710444,0.008182372695652695,0.10700203605217921,0.5,1.0,4096.854471216997,turtle,random_search,0,-0.7582118091297927,10
311,3110,-0.12772557825510322,-0.020451471393849997,0.09061609328621532,0.5,1.0,4112.688613838996,turtle,random_search,0,-0.7582118091297927,10
312,3120,-0.4588398142923191,-0.08156482240726248,0.1509684667818445,0.5,1.0,4129.569567658997,turtle,random_search,0,-0.7582118091297927,10
313,3130,-0.3769628278167767,-0.04914481350473423,0.1547509004446381,0.5,1.0,4144.806836692995,turtle,random_search,0,-0.7582118091297927,10
314,3140,-0.10100840008610046,-0.009571258964143148,0.05976603154884344,0.5,1.0,4159.584020536,turtle,random_search,0,-0.7582118091297927,10
315,3150,-0.15062410579181496,-0.046753561210437854,0.05457634673964678,0.5,1.0,4173.067765920001,turtle,random_search,0,-0.7582118091297927,10
316,3160,-0.2158687499917269,0.013447531568335336,0.1257633813618283,0.5,1.0,4186.691856070989,turtle,random_search,0,-0.7582118091297927,10
317,3170,-0.15898538526283534,0.0042679701526871835,0.07213539247808481,0.5,1.0,4201.811755628994,turtle,random_search,0,-0.7582118091297927,10
318,3180,-0.1989993223141484,-0.011660845370204776,0.09960792842782878,0.5,1.0,4216.151743160997,turtle,random_search,0,-0.7582118091297927,10
319,3190,-0.11113970751954039,-0.002213645435240963,0.11117846089011771,0.5,1.0,4229.102886059991,turtle,random_search,0,-0.7582118091297927,10
320,3200,-0.4160435661922577,-0.04352473608766942,0.16325615393960533,0.5,1.0,4242.931489584997,turtle,random_search,0,-0.7582118091297927,10
321,3210,-0.06270611642652657,0.01760871364993024,0.03665722404865803,0.5,1.0,4254.0184209979925,turtle,random_search,0,-0.7582118091297927,10
322,3220,-0.07419503576912323,0.004809278093589419,0.04405305974556009,0.5,1.0,4268.334968016992,turtle,random_search,0,-0.7582118091297927,10
323,3230,-0.135431797067886,0.06328174540338569,0.10884170256269642,0.5,1.0,4282.1804679199995,turtle,random_search,0,-0.7582118091297927,10
324,3240,-0.26296141079384405,-0.03942571091593265,0.09781166091605914,0.5,1.0,4293.73811961399,turtle,random_search,0,-0.7582118091297927,10
325,3250,-0.16470581977468424,-0.05394185107159499,0.05951558651459701,0.5,1.0,4306.999957216991,turtle,random_search,0,-0.7582118091297927,10
326,3260,-0.11240343141921016,0.018161044189271093,0.09504704639065836,0.5,1.0,4320.584937036998,turtle,random_search,0,-0.7582118091297927,10
327,3270,-0.35140294136928585,-0.07132562424083747,0.1317305588451474,0.5,1.0,4331.901134089989,turtle,random_search,0,-0.7582118091297927,10
328,3280,-0.08358756867467587,0.04479058129334694,0.09564068577122495,0.5,1.0,4343.756123283994,turtle,random_search,0,-0.7582118091297927,10
329,3290,-0.18994772181998432,0.07219596969454596,0.1288252806109823,0.5,1.0,4353.309260183989,turtle,random_search,0,-0.7582118091297927,10
330,3300,-0.054765010490753774,0.04691995573250143,0.06588795161815356,0.5,1.0,4366.6734010559885,turtle,random_search,0,-0.7582118091297927,10
331,3310,-0.1944795131837127,-0.011569205032485642,0.0862566207293232,0.5,1.0,4383.739634582991,turtle,random_search,0,-0.7582118091297927,10
332,3320,-0.14777508498029235,-0.0017851666377043606,0.06823695054929095,0.5,1.0,4398.865406113997,turtle,random_search,0,-0.7582118091297927,10
333,3330,-0.23041611324772227,-0.08306249155406845,0.10440218809916098,0.5,1.0,4412.711980521999,turtle,random_search,0,-0.7582118091297927,10
334,3340,-0.04781263112715983,0.021316320080773554,0.053552478557834036,0.5,1.0,4426.6866845879995,turtle,random_search,0,-0.7582118091297927,10
335,3350,-0.37007571158661623,-0.019413891334753595,0.1534346306983983,0.5,1.0,4440.1745054269995,turtle,random_search,0,-0.7582118091297927,10
336,3360,-0.1823566209187657,-0.015720156443450685,0.1022938080862644,0.5,1.0,4452.072399764991,turtle,random_search,0,-0.7582118091297927,10
337,3370,-0.16621971142054282,-0.034181633728621465,0.07108565853922914,0.5,1.0,4465.911281182998,turtle,random_search,0,-0.7582118091297927,10
338,3380,-0.10715894634105094,-0.01338120683722357,0.0593470968859798,0.5,1.0,4476.822579556989,turtle,random_search,0,-0.7582118091297927,10
339,3390,-0.14310439621738613,0.019407935256446063,0.0971611663721679,0.5,1.0,4489.761701152995,turtle,random_search,0,-0.7582118091297927,10
340,3400,-0.15079974221669268,-0.03200035628824418,0.05962583137550462,0.5,1.0,4503.4352834599995,turtle,random_search,0,-0.7582118091297927,10
341,3410,-0.17057727752239593,-0.016533473308598536,0.10860746111465931,0.5,1.0,4514.545586574997,turtle,random_search,0,-0.7582118091297927,10
342,3420,-0.255519784703127,0.02862589852734798,0.15145805007342272,0.5,1.0,4525.606885799993,turtle,random_search,0,-0.7582118091297927,10
343,3430,-0.10343958504905792,-0.006492936008622508,0.08354775179770198,0.5,1.0,4539.13511506599,turtle,random_search,0,-0.7582118091297927,10
344,3440,-0.2260809241817201,-0.03384026972714969,0.08651836126441001,0.5,1.0,4554.676954197988,turtle,random_search,0,-0.7582118091297927,10
345,3450,-0.08243114531387352,0.0017189649635424686,0.05071661230846726,0.5,1.0,4569.089132749999,turtle,random_search,0,-0.7582118091297927,10
346,3460,-0.07058755125759131,0.0005784241415881297,0.062362970903291265,0.5,1.0,4585.458319639991,turtle,random_search,0,-0.7582118091297927,10
347,3470,-0.3747974039725568,-0.03181822269475036,0.16314899507667294,0.5,1.0,4597.124807186992,turtle,random_search,0,-0.7582118091297927,10
348,3480,-0.13847489201790086,0.002853559790616167,0.09930701898667654,0.5,1.0,4607.797908818,turtle,random_search,0,-0.7582118091297927,10
349,3490,-0.03300167792130981,0.04473166087969087,0.08705863701963369,0.5,1.0,4619.083961939003,turtle,random_search,0,-0.7582118091297927,10
350,3500,-0.0976026430969883,-0.019891123846709036,0.06142700873446219,0.5,1.0,4632.222127376997,turtle,random_search,0,-0.7582118091297927,10
351,3510,-0.10291194280876148,0.012893195157621041,0.08432902597887612,0.5,1.0,4642.325558477998,turtle,random_search,0,-0.7582118091297927,10
352,3520,-0.05553438306067893,0.0440918257481834,0.07904192703826138,0.5,1.0,4656.341537474,turtle,random_search,0,-0.7582118091297927,10
353,3530,-0.08631695930688199,0.015241393920251412,0.04843544010113411,0.5,1.0,4671.465473880002,turtle,random_search,0,-0.7582118091297927,10
354,3540,-0.2600356805609092,0.014349116680851282,0.15676170568736614,0.5,1.0,4680.774756464001,turtle,random_search,0,-0.7582118091297927,10
355,3550,-0.10807897453847826,0.010525528170342824,0.06687720522684142,0.5,1.0,4695.374587040991,turtle,random_search,0,-0.7582118091297927,10
356,3560,-0.20173595414069911,-0.03805245592606203,0.0774762904558765,0.5,1.0,4708.557241837989,turtle,random_search,0,-0.7582118091297927,10
357,3570,-0.11700917723732829,-0.021185465446184625,0.048497982098801774,0.5,1.0,4722.832267741993,turtle,random_search,0,-0.7582118091297927,10
358,3580,-0.2146089705758074,0.036050672049343827,0.12077336198462398,0.5,1.0,4735.859593614994,turtle,random_search,0,-0.7582118091297927,10
359,3590,-0.13400200255714,-0.014772016952174472,0.05474988932681883,0.5,1.0,4748.343547698998,turtle,random_search,0,-0.7582118091297927,10
360,3600,-0.3029552150554906,0.00920382591737603,0.18836273734334133,0.5,1.0,4762.9523368419905,turtle,random_search,0,-0.7582118091297927,10
361,3610,-0.12256886195235417,0.019577776280258252,0.08288807028578135,0.5,1.0,4777.452762760993,turtle,random_search,0,-0.7582118091297927,10
362,3620,-0.03493981931176293,0.04790770467986567,0.08947603759980975,0.5,1.0,4789.085340304999,turtle,random_search,0,-0.7582118091297927,10
363,3630,-0.07476773493740119,-0.00013628806170427055,0.05256161640477758,0.5,1.0,4803.630787054994,turtle,random_search,0,-0.7582118091297927,10
364,3640,-0.1674652289999985,-0.0020184529773672466,0.07114734855128987,0.5,1.0,4815.743851299994,turtle,random_search,0,-0.7582118091297927,10
365,3650,-0.08812577232821184,0.03130252062842835,0.0837941978489704,0.5,1.0,4827.783648868994,turtle,random_search,0,-0.7582118091297927,10
366,3660,-0.15342512708847966,-0.015794899553407404,0.06426737346432075,0.5,1.0,4839.802907135992,turtle,random_search,0,-0.7582118091297927,10
367,3670,-0.26578455418471236,-0.05675208947729349,0.08913469141314,0.5,1.0,4854.348641824996,turtle,random_search,0,-0.7582118091297927,10
368,3680,-0.052214728429276214,-0.002421511594300085,0.04714202784597014,0.5,1.0,4864.1288727229985,turtle,random_search,0,-0.7582118091297927,10
369,3690,-0.1874621554259921,0.991085917689486,3.005388665604363,0.5,1.0,4879.820402461992,turtle,random_search,0,-0.7582118091297927,10
370,3700,-0.26067265408927653,-0.04372683994918267,0.09071642730291317,0.5,1.0,4889.938393624994,turtle,random_search,0,-0.7582118091297927,10
371,3710,-0.11285697157268171,0.011225175957711376,0.06966940157402976,0.5,1.0,4901.627459812997,turtle,random_search,0,-0.7582118091297927,10
372,3720,-0.16883966813855356,-0.03936320229001922,0.07352381275121482,0.5,1.0,4913.050807312,turtle,random_search,0,-0.7582118091297927,10
373,3730,-0.16596025749019994,-0.049369110487506786,0.07852354251756101,0.5,1.0,4926.675758073994,turtle,random_search,0,-0.7582118091297927,10
374,3740,-0.14322634598449113,0.013046394376172277,0.08333414366816788,0.5,1.0,4937.069891560997,turtle,random_search,0,-0.7582118091297927,10
375,3750,-0.2445313755100793,0.008108145896647656,0.12277376338728721,0.5,1.0,4950.103759942998,turtle,random_search,0,-0.7582118091297927,10
376,3760,-0.16652884187540806,-0.021517270662694266,0.07918564531509766,0.5,1.0,4964.731760998999,turtle,random_search,0,-0.7582118091297927,10
377,3770,-0.19835067494880132,-0.021017411686283082,0.086239780321487,0.5,1.0,4978.768872037996,turtle,random_search,0,-0.7582118091297927,10
378,3780,-0.2763618966797301,0.9585100223569878,3.015458133569566,0.5,1.0,4992.4191116719885,turtle,random_search,0,-0.7582118091297927,10
379,3790,-0.30366902659817274,-0.03239534087711906,0.12496458953685181,0.5,1.0,5006.358541733993,turtle,random_search,0,-0.7582118091297927,10
380,3800,-0.15043628887476235,0.01994788451588043,0.07499916435507137,0.5,1.0,5020.033248155989,turtle,random_search,0,-0.7582118091297927,10
381,3810,-0.105019333020957,0.018565527646087786,0.08943099975559343,0.5,1.0,5032.909823488997,turtle,random_search,0,-0.7582118091297927,10
382,3820,-0.19674934428248747,0.06420829194293667,0.139894776338325,0.5,1.0,5045.161348180991,turtle,random_search,0,-0.7582118091297927,10
383,3830,-0.22027358273571984,0.02780792376275896,0.11294729426426238,0.5,1.0,5058.63907911499,turtle,random_search,0,-0.7582118091297927,10
384,3840,-0.05512641929019413,0.011047712198348058,0.06191174416139077,0.5,1.0,5074.419948672992,turtle,random_search,0,-0.7582118091297927,10
385,3850,-0.19852206068988743,0.052061737766772254,0.12255228499152356,0.5,1.0,5089.162818463999,turtle,random_search,0,-0.7582118091297927,10
386,3860,-0.12203836933913248,0.02498274645618013,0.07553543026958219,0.5,1.0,5102.601116035003,turtle,random_search,0,-0.7582118091297927,10
387,3870,-0.10246179941205469,-0.012719738084454502,0.043616496815690985,0.5,1.0,5118.127904904992,turtle,random_search,0,-0.7582118091297927,10
388,3880,-0.11358998361398864,-0.012606475721165555,0.08109896492167064,0.5,1.0,5133.306842638995,turtle,random_search,0,-0.7582118091297927,10
389,3890,-0.05512267434343965,0.04236674076801537,0.05709163877773339,0.5,1.0,5146.713511260998,turtle,random_search,0,-0.7582118091297927,10
390,3900,-0.19816555843107153,-0.03726256454168038,0.08751745247216453,0.5,1.0,5158.577796277998,turtle,random_search,0,-0.7582118091297927,10
391,3910,-0.09491294992672561,0.00973190253663061,0.12253351443029038,0.5,1.0,5169.7785380709975,turtle,random_search,0,-0.7582118091297927,10
392,3920,-0.09956918234676948,0.0093074683049851,0.08476308289689644,0.5,1.0,5181.675808697997,turtle,random_search,0,-0.7582118091297927,10
393,3930,-0.34428288546078356,-0.03057167338793363,0.1364998649019511,0.5,1.0,5196.671691498996,turtle,random_search,0,-0.7582118091297927,10
394,3940,-0.07093472995620065,0.047287484797033395,0.10875241729946086,0.5,1.0,5207.518904785989,turtle,random_search,0,-0.7582118091297927,10
395,3950,-0.2975863840914137,-0.049203917982155156,0.09520627992102815,0.5,1.0,5222.219617663999,turtle,random_search,0,-0.7582118091297927,10
396,3960,-0.08597012833369533,0.018177172968779853,0.045448637344884045,0.5,1.0,5234.899536561003,turtle,random_search,0,-0.7582118091297927,10
397,3970,-0.08405689345601619,0.027713100430865723,0.10237893896483155,0.5,1.0,5245.475817212995,turtle,random_search,0,-0.7582118091297927,10
398,3980,-0.02994843157403082,0.03299363221056391,0.045516106765077335,0.5,1.0,5257.632532752003,turtle,random_search,0,-0.7582118091297927,10
399,3990,-0.052271850611963266,0.02926713769333249,0.07593493812247878,0.5,1.0,5270.822761477,turtle,random_search,0,-0.7582118091297927,10
400,4000,-0.1420889025786023,-0.010132978798312653,0.07749177720966134,0.5,1.0,5281.634492144993,turtle,random_search,0,-0.7582118091297927,10
401,4010,-0.12417166981903804,0.021186325437914367,0.08427348791065765,0.5,1.0,5295.6265991089895,turtle,random_search,0,-0.7582118091297927,10
402,4020,-0.36944461492853176,-0.056346398550602306,0.1392551772401921,0.5,1.0,5307.920567409994,turtle,random_search,0,-0.7582118091297927,10
403,4030,-0.11106512206377328,0.04434458361294515,0.1045836110173658,0.5,1.0,5320.609264907995,turtle,random_search,0,-0.7582118091297927,10
404,4040,-0.07058577170993363,-0.02515724211896666,0.03308215358708352,0.5,1.0,5333.623915767996,turtle,random_search,0,-0.7582118091297927,10
405,4050,-0.129206462576815,-0.003528072916480429,0.09259805441372397,0.5,1.0,5345.724868695994,turtle,random_search,0,-0.7582118091297927,10
406,4060,-0.08148919771324081,0.02116394069894607,0.07444839285852599,0.5,1.0,5356.458150567996,turtle,random_search,0,-0.7582118091297927,10
407,4070,-0.28038565524695525,-0.02207038744044416,0.10486343320149404,0.5,1.0,5369.328164217994,turtle,random_search,0,-0.7582118091297927,10
408,4080,-0.1253515574386217,0.017926538196329743,0.08675656347964271,0.5,1.0,5383.979502410002,turtle,random_search,0,-0.7582118091297927,10
409,4090,-0.06699457403737785,0.010612053983079229,0.05182712648302426,0.5,1.0,5399.257983873002,turtle,random_search,0,-0.7582118091297927,10
410,4100,-0.256202451348428,-0.045548932302475184,0.09717659789819989,0.5,1.0,5410.882567417997,turtle,random_search,0,-0.7582118091297927,10
411,4110,-0.22765753197570504,-0.011577829542085461,0.1273032426774578,0.5,1.0,5423.487682938998,turtle,random_search,0,-0.7582118091297927,10
412,4120,-0.28881463172098787,-0.02663728700459709,0.09920419900722378,0.5,1.0,5437.390325640998,turtle,random_search,0,-0.7582118091297927,10
413,4130,-0.24954593278038928,-0.01089569284421863,0.09513208263581556,0.5,1.0,5449.994501588997,turtle,random_search,0,-0.7582118091297927,10
414,4140,-0.21350208093071465,-0.014019613445564261,0.09333542774323017,0.5,1.0,5464.161033188997,turtle,random_search,0,-0.7582118091297927,10
415,4150,-0.15200063274219033,0.011273536052557986,0.08050550573176853,0.5,1.0,5479.167694529999,turtle,random_search,0,-0.7582118091297927,10
416,4160,-0.06870979224768092,0.024687370920586725,0.05918681881130061,0.5,1.0,5491.967905990998,turtle,random_search,0,-0.7582118091297927,10
417,4170,-0.07832700645885637,0.016923940310518228,0.06929275024732258,0.5,1.0,5505.615221767992,turtle,random_search,0,-0.7582118091297927,10
418,4180,-0.181335113745825,-0.004810749184135687,0.07428238740598105,0.5,1.0,5516.771365555993,turtle,random_search,0,-0.7582118091297927,10
419,4190,-0.10021494776030693,-0.026832509566466455,0.053769728221746665,0.5,1.0,5529.00346303999,turtle,random_search,0,-0.7582118091297927,10
420,4200,-0.385188872662396,-0.06762123483796438,0.1236889047263088,0.5,1.0,5542.505802725995,turtle,random_search,0,-0.7582118091297927,10
421,4210,-0.21860555877767318,-0.005253835440340815,0.09422643676841864,0.5,1.0,5552.6833502719965,turtle,random_search,0,-0.7582118091297927,10
422,4220,-0.3075193616076133,-0.030103627869177797,0.09992460237353902,0.5,1.0,5564.018421578003,turtle,random_search,0,-0.7582118091297927,10
423,4230,-0.13722469858263953,0.006102064091914805,0.07610593466427988,0.5,1.0,5578.907254623002,turtle,random_search,0,-0.7582118091297927,10
424,4240,-0.2353831394561059,-0.015381258080401316,0.12524303034494993,0.5,1.0,5588.260994655997,turtle,random_search,0,-0.7582118091297927,10
425,4250,-0.05514194608986056,0.022481445667994215,0.055305976122799284,0.5,1.0,5600.034610738992,turtle,random_search,0,-0.7582118091297927,10
426,4260,-0.08512948687832456,0.009125877972021357,0.05657713901795254,0.5,1.0,5612.435165613992,turtle,random_search,0,-0.7582118091297927,10
427,4270,-0.013515779148823626,0.03472568949365531,0.04676177750905113,0.5,1.0,5626.878491173993,turtle,random_search,0,-0.7582118091297927,10
428,4280,-0.05859976416466761,0.046965328877719426,0.082142540205306,0.5,1.0,5639.622934635001,turtle,random_search,0,-0.7582118091297927,10
429,4290,-0.07852719271616326,0.05176003338815249,0.11164417440793657,0.5,1.0,5652.733402626996,turtle,random_search,0,-0.7582118091297927,10
430,4300,-0.0897679624263068,0.03253225138988665,0.05728609946395481,0.5,1.0,5668.4590622370015,turtle,random_search,0,-0.7582118091297927,10
431,4310,-0.10073510699239563,0.012221504424689921,0.061155487403321794,0.5,1.0,5681.169324338,turtle,random_search,0,-0.7582118091297927,10
432,4320,-0.09813281961615417,-0.009225428493781518,0.09623582727885603,0.5,1.0,5697.073952295992,turtle,random_search,0,-0.7582118091297927,10
433,4330,-0.09368087538903325,0.02136188044529641,0.08622577984003939,0.5,1.0,5709.039487205999,turtle,random_search,0,-0.7582118091297927,10
434,4340,-0.19312889437221603,-0.022420438041531553,0.0830738069266269,0.5,1.0,5718.887955918995,turtle,random_search,0,-0.7582118091297927,10
435,4350,-0.08227407297860623,0.010374842184522937,0.07348380725038485,0.5,1.0,5733.179383494993,turtle,random_search,0,-0.7582118091297927,10
436,4360,-0.07977717840747012,0.002278922928619753,0.03871047323872619,0.5,1.0,5744.311976397003,turtle,random_search,0,-0.7582118091297927,10
437,4370,-0.22883199413203315,-0.05033912185645377,0.10870316925706465,0.5,1.0,5756.847773362999,turtle,random_search,0,-0.7582118091297927,10
438,4380,-0.13958257573754196,-0.00984458343473582,0.0669689043465042,0.5,1.0,5764.971329506996,turtle,random_search,0,-0.7582118091297927,10
439,4390,-0.023277864070488263,0.039613949690899555,0.04093721795908636,0.5,1.0,5779.059575120002,turtle,random_search,0,-0.7582118091297927,10
440,4400,-0.2487007986179144,-0.02994007181081946,0.09086296140124935,0.5,1.0,5795.542675037999,turtle,random_search,0,-0.7582118091297927,10
441,4410,-0.07182776853734296,0.009192107857452659,0.060239829897988546,0.5,1.0,5809.9608684999985,turtle,random_search,0,-0.7582118091297927,10
442,4420,-0.043129104501841375,0.05229450272545284,0.08358248448852348,0.5,1.0,5821.011471491001,turtle,random_search,0,-0.7582118091297927,10
443,4430,-0.22623683990632681,0.01678308630444798,0.10186093738949514,0.5,1.0,5835.437007742992,turtle,random_search,0,-0.7582118091297927,10
444,4440,-0.032345047017023454,0.07102661739166986,0.08160234881061974,0.5,1.0,5848.252418593998,turtle,random_search,0,-0.7582118091297927,10
445,4450,0.011407136479149038,0.06404653895698234,0.05152844816992542,0.5,1.0,5858.7509564889915,turtle,random_search,0,-0.7582118091297927,10
446,4460,-0.2419614698095609,0.007192341958247006,0.1258776621741582,0.5,1.0,5871.357979658991,turtle,random_search,0,-0.7582118091297927,10
447,4470,-0.11970589797306985,-0.009236927802812822,0.05731939390857836,0.5,1.0,5884.496761272996,turtle,random_search,0,-0.7582118091297927,10
448,4480,-0.24707746276485842,-0.023567681861601207,0.12551166961028712,0.5,1.0,5895.968407234992,turtle,random_search,0,-0.7582118091297927,10
449,4490,-0.16368897692986017,-0.005590003954436451,0.08834384383669074,0.5,1.0,5909.595654292993,turtle,random_search,0,-0.7582118091297927,10
450,4500,-0.14332450193727286,0.0021230527796825883,0.06503237207786776,0.5,1.0,5922.640920805003,turtle,random_search,0,-0.7582118091297927,10
451,4510,-0.10242282168094441,-0.0034353501190759416,0.0822528455222822,0.5,1.0,5936.644529183992,turtle,random_search,0,-0.7582118091297927,10
452,4520,-0.24292406701082125,0.02966686110608885,0.1169802725249876,0.5,1.0,5948.4427289759915,turtle,random_search,0,-0.7582118091297927,10
453,4530,-0.6882596296775221,-0.09256991809839628,0.2034164608730585,0.5,1.0,5959.780056474992,turtle,random_search,0,-0.7582118091297927,10
454,4540,-0.09366824837605581,-0.007180892069831302,0.04344909768609409,0.5,1.0,5973.272293556001,turtle,random_search,0,-0.7582118091297927,10
455,4550,-0.18488717154034795,0.006714641535691878,0.08950794421757717,0.5,1.0,5986.213946567994,turtle,random_search,0,-0.7582118091297927,10
456,4560,-0.2301166157047989,0.9802400580375454,3.0079346989956823,0.5,1.0,6001.855599410992,turtle,random_search,0,-0.7582118091297927,10
457,4570,-0.08952266777419471,0.009510749743142987,0.06394378597185049,0.5,1.0,6015.572957900993,turtle,random_search,0,-0.7582118091297927,10
458,4580,-0.10716295157430977,-0.0036078833647638755,0.052072212449560076,0.5,1.0,6028.48931715099,turtle,random_search,0,-0.7582118091297927,10
459,4590,-0.23224181552923095,-0.03787840085074521,0.1084777668509198,0.5,1.0,6039.799849732997,turtle,random_search,0,-0.7582118091297927,10
460,4600,-0.25146777149102295,0.004918375304685885,0.13954732244715062,0.5,1.0,6052.626811145994,turtle,random_search,0,-0.7582118091297927,10
461,4610,-0.11379897916922133,-0.017700687644027102,0.0709960240299866,0.5,1.0,6065.469012547997,turtle,random_search,0,-0.7582118091297927,10
462,4620,-0.2492483046078453,-0.05226167961237023,0.08614428935137734,0.5,1.0,6077.454934766996,turtle,random_search,0,-0.7582118091297927,10
463,4630,-0.2590221537591555,0.9955147035807489,3.003310861054107,0.5,1.0,6091.392261959991,turtle,random_search,0,-0.7582118091297927,10
464,4640,-0.06214979854464442,0.018267197564732295,0.08185496479890739,0.5,1.0,6103.389022208998,turtle,random_search,0,-0.7582118091297927,10
465,4650,-0.13659496144660377,-0.012855537189798927,0.07396356224359381,0.5,1.0,6118.268289861997,turtle,random_search,0,-0.7582118091297927,10
466,4660,-0.03151323854566268,0.05028017152461626,0.10309124772220671,0.5,1.0,6128.834474295989,turtle,random_search,0,-0.7582118091297927,10
467,4670,-0.3382395772553197,-0.06988069051887127,0.11966601111074877,0.5,1.0,6142.068444292992,turtle,random_search,0,-0.7582118091297927,10
468,4680,-0.047372268113596405,0.03461454953040164,0.03621241522620334,0.5,1.0,6152.380390709994,turtle,random_search,0,-0.7582118091297927,10
469,4690,-0.09130220580299842,-0.010523244059207394,0.05315792125581081,0.5,1.0,6165.50382049699,turtle,random_search,0,-0.7582118091297927,10
470,4700,-0.235026059154678,-0.04828494921885076,0.10849632467823292,0.5,1.0,6180.995215566989,turtle,random_search,0,-0.7582118091297927,10
471,4710,-0.2636779815941166,-0.02519534311692011,0.11161448880165326,0.5,1.0,6196.207924846996,turtle,random_search,0,-0.7582118091297927,10
472,4720,-0.22208241395748285,0.004508158043681298,0.09141527256063303,0.5,1.0,6211.1073506709945,turtle,random_search,0,-0.7582118091297927,10
473,4730,-0.21274132527876155,-0.007168993582811911,0.09374610363135069,0.5,1.0,6223.085782971,turtle,random_search,0,-0.7582118091297927,10
474,4740,-0.33215318817544937,0.9423300452879037,3.0226939947173936,0.5,1.0,6235.463471975992,turtle,random_search,0,-0.7582118091297927,10
475,4750,-0.13066311565638333,-0.002335823473795351,0.07502184874814012,0.5,1.0,6246.185050989996,turtle,random_search,0,-0.7582118091297927,10
476,4760,-0.043117489663983655,0.0291771510598303,0.07038933638537935,0.5,1.0,6257.767886832997,turtle,random_search,0,-0.7582118091297927,10
477,4770,-0.01070829435191989,0.06212679526862628,0.04946048363039878,0.5,1.0,6267.232647776997,turtle,random_search,0,-0.7582118091297927,10
478,4780,-0.11469417728804654,0.03283855596120446,0.09013267991056167,0.5,1.0,6277.487330236996,turtle,random_search,0,-0.7582118091297927,10
479,4790,-0.08737463565438208,0.014953718701342478,0.050511202416401835,0.5,1.0,6291.504597275998,turtle,random_search,0,-0.7582118091297927,10
480,4800,-0.06310129187059044,0.023036078502501934,0.055424792830128675,0.5,1.0,6305.448008423002,turtle,random_search,0,-0.7582118091297927,10
481,4810,-0.10549886694960087,0.004926917479542592,0.0582427377868879,0.5,1.0,6319.307533504994,turtle,random_search,0,-0.7582118091297927,10
482,4820,-0.14521753547945515,-0.028532558265046682,0.06925198156455926,0.5,1.0,6332.669939531988,turtle,random_search,0,-0.7582118091297927,10
483,4830,-0.06090364173032636,0.008673089304018689,0.05224390328827092,0.5,1.0,6347.215354935994,turtle,random_search,0,-0.7582118091297927,10
484,4840,-0.1145921431676884,-0.013681956674374707,0.04820619103027473,0.5,1.0,6360.188411629002,turtle,random_search,0,-0.7582118091297927,10
485,4850,-0.1303075033255725,-0.007495348068248475,0.08882023567026522,0.5,1.0,6373.56786884999,turtle,random_search,0,-0.7582118091297927,10
486,4860,-0.13819859761765674,-0.022744446293801346,0.04523373822506113,0.5,1.0,6385.294157294993,turtle,random_search,0,-0.7582118091297927,10
487,4870,-0.07441765893082941,0.030663812216974583,0.10297549509261658,0.5,1.0,6399.809931502998,turtle,random_search,0,-0.7582118091297927,10
488,4880,-0.11176634325953394,0.01267114884495948,0.0850019456410987,0.5,1.0,6416.754578369,turtle,random_search,0,-0.7582118091297927,10
489,4890,-0.0852021623021253,0.04594730214206706,0.11651650160854003,0.5,1.0,6430.152727989,turtle,random_search,0,-0.7582118091297927,10
490,4900,-0.08086151047996282,0.02207385366322807,0.0595037650121902,0.5,1.0,6442.514930959995,turtle,random_search,0,-0.7582118091297927,10
491,4910,-0.20726433308280257,-0.006990534577508445,0.08873458686211073,0.5,1.0,6455.40116827999,turtle,random_search,0,-0.7582118091297927,10
492,4920,-0.18956955118698993,1.0109114393664953,2.999140234775801,0.5,1.0,6467.793946642996,turtle,random_search,0,-0.7582118091297927,10
493,4930,-0.44629726297180383,-0.0360947987441433,0.14914638746870768,0.5,1.0,6481.261455376996,turtle,random_search,0,-0.7582118091297927,10
494,4940,-0.14598462308416327,0.06042344818795211,0.12739778099700122,0.5,1.0,6492.940246016995,turtle,random_search,0,-0.7582118091297927,10
495,4950,-0.03627776520605419,0.037099789560161335,0.05420823765856283,0.5,1.0,6505.770705285002,turtle,random_search,0,-0.7582118091297927,10
496,4960,-0.31252638480054795,0.001029676912334132,0.13658303558957,0.5,1.0,6521.232717275998,turtle,random_search,0,-0.7582118091297927,10
497,4970,-0.04231929602450624,0.04045106892896797,0.0647727608484509,0.5,1.0,6531.783128712996,turtle,random_search,0,-0.7582118091297927,10
498,4980,-0.22687896262359253,0.005037521903981368,0.09637381256247521,0.5,1.0,6549.420516593993,turtle,random_search,0,-0.7582118091297927,10
499,4990,-0.17967212120813958,-0.01748282527804248,0.08285815263158731,0.5,1.0,6560.4093341510015,turtle,random_search,0,-0.7582118091297927,10
500,5000,-0.16370473074567293,0.021612016258653544,0.08308007314841015,0.5,1.0,6576.0104341459955,turtle,random_search,0,-0.7582118091297927,10
501,5010,-0.2028427178130725,-0.022362161607835596,0.09100277408644196,0.5,1.0,6587.823637750989,turtle,random_search,0,-0.7582118091297927,10
502,5020,-0.07448239171998328,0.043069460441904274,0.08818948493786696,0.5,1.0,6600.61655503299,turtle,random_search,0,-0.7582118091297927,10
503,5030,-0.219774826811574,-0.005563167527645163,0.09766799019516936,0.5,1.0,6613.202383986994,turtle,random_search,0,-0.7582118091297927,10
504,5040,-0.14484407859563664,0.05761410020237427,0.1265564747915629,0.5,1.0,6625.979899207989,turtle,random_search,0,-0.7582118091297927,10
505,5050,-0.17537176964527212,-0.000037636673108387696,0.07613463938770618,0.5,1.0,6640.184164115999,turtle,random_search,0,-0.7582118091297927,10
506,5060,-0.10048039217154958,0.0530217003850761,0.16223831118978246,0.5,1.0,6656.081937662995,turtle,random_search,0,-0.7582118091297927,10
507,5070,-0.05153929321649109,0.044430974174595496,0.07557572178052856,0.5,1.0,6666.881345993999,turtle,random_search,0,-0.7582118091297927,10
508,5080,-0.0728232214462583,0.010692107488892332,0.04741308798048934,0.5,1.0,6683.299983363002,turtle,random_search,0,-0.7582118091297927,10
509,5090,-0.17134243141997985,0.00005497538514651623,0.0869691515383404,0.5,1.0,6698.375307163995,turtle,random_search,0,-0.7582118091297927,10
510,5100,-0.08273074549325976,0.030175758865684178,0.07071845139107483,0.5,1.0,6710.732704677997,turtle,random_search,0,-0.7582118091297927,10
511,5110,-0.13780333064258876,-0.029111991292359994,0.07686705991065522,0.5,1.0,6726.580028564,turtle,random_search,0,-0.7582118091297927,10
512,5120,-0.28174103101567116,-0.03381920520880719,0.10106908338572457,0.5,1.0,6743.688562704992,turtle,random_search,0,-0.7582118091297927,10
513,5130,-0.03944255090904836,0.03942443811575682,0.061681434296405074,0.5,1.0,6756.501355190994,turtle,random_search,0,-0.7582118091297927,10
514,5140,-0.2460322242076325,-0.04909688870714328,0.08061151148637692,0.5,1.0,6772.017749694991,turtle,random_search,0,-0.7582118091297927,10
515,5150,-0.5034207740605581,-0.0870496849521099,0.1886443930952702,0.5,1.0,6788.339883961002,turtle,random_search,0,-0.7582118091297927,10
516,5160,-0.1598896405504222,-0.0036328934548988554,0.09093181997951166,0.5,1.0,6801.983978347998,turtle,random_search,0,-0.7582118091297927,10
517,5170,-0.08788757970593508,0.03267477626193251,0.06545416086640977,0.5,1.0,6813.935491445998,turtle,random_search,0,-0.7582118091297927,10
518,5180,-0.16234276664011738,0.05749234340660818,0.09903791264047575,0.5,1.0,6827.73363668799,turtle,random_search,0,-0.7582118091297927,10
519,5190,-0.05343593141324998,0.020269766059649186,0.039835856481507996,0.5,1.0,6840.496413692992,turtle,random_search,0,-0.7582118091297927,10
520,5200,-0.2598185560020072,-0.015489708738074181,0.11277974704024775,0.5,1.0,6855.966365039989,turtle,random_search,0,-0.7582118091297927,10
521,5210,-0.30106988745845076,-0.0500818453486799,0.11123335492971764,0.5,1.0,6867.541665803001,turtle,random_search,0,-0.7582118091297927,10
522,5220,-0.08875806497267469,-0.015231180774799125,0.04323551035270735,0.5,1.0,6880.964286014001,turtle,random_search,0,-0.7582118091297927,10
523,5230,-0.04258473424663123,0.05526773090707353,0.06165682715067248,0.5,1.0,6894.454560907994,turtle,random_search,0,-0.7582118091297927,10
524,5240,-0.2276043599601234,0.027079468499479554,0.15887593886126017,0.5,1.0,6906.231803546994,turtle,random_search,0,-0.7582118091297927,10
525,5250,-0.16435894371208626,0.03212062728477694,0.09309211065080533,0.5,1.0,6916.729378422999,turtle,random_search,0,-0.7582118091297927,10
526,5260,-0.12452705015047538,-0.014907069190634026,0.055639723359732225,0.5,1.0,6929.466997128999,turtle,random_search,0,-0.7582118091297927,10
527,5270,-0.1526766200440557,-0.024477081674375078,0.08648939893679909,0.5,1.0,6943.620190306989,turtle,random_search,0,-0.7582118091297927,10
528,5280,-0.1263865073802286,-0.01737009277842816,0.05723987338483911,0.5,1.0,6954.951303459995,turtle,random_search,0,-0.7582118091297927,10
529,5290,-0.12934108909580466,-0.028923861978856012,0.040881739637822385,0.5,1.0,6965.863887637999,turtle,random_search,0,-0.7582118091297927,10
530,5300,-0.16864886802386092,-0.015048989518836287,0.06299349481900327,0.5,1.0,6979.065909769997,turtle,random_search,0,-0.7582118091297927,10
531,5310,-0.2639935504994817,-0.03450109912670287,0.09867951705777746,0.5,1.0,6991.225154882995,turtle,random_search,0,-0.7582118091297927,10
532,5320,-0.09419191012515338,-0.013580676011035474,0.0564722819384887,0.5,1.0,7006.047390052001,turtle,random_search,0,-0.7582118091297927,10
533,5330,-0.3081534151589471,-0.01063265515151839,0.11684509693353794,0.5,1.0,7018.47399925199,turtle,random_search,0,-0.7582118091297927,10
534,5340,-0.08110087648530673,0.03183999876176511,0.0998605922694187,0.5,1.0,7031.241759015989,turtle,random_search,0,-0.7582118091297927,10
535,5350,-0.15276320137303667,-0.022280491067152575,0.10035608899065887,0.5,1.0,7045.209514133996,turtle,random_search,0,-0.7582118091297927,10
536,5360,-0.0962823369188035,-0.016772510198541913,0.05944512355976875,0.5,1.0,7060.124458156992,turtle,random_search,0,-0.7582118091297927,10
537,5370,-0.2497056567505247,-0.023641018813369285,0.08502037029180264,0.5,1.0,7074.953976203993,turtle,random_search,0,-0.7582118091297927,10
538,5380,-0.2011272284586747,0.019051884091892644,0.11413134198730393,0.5,1.0,7085.990217457991,turtle,random_search,0,-0.7582118091297927,10
539,5390,-0.19578057627511836,-0.039720509106347814,0.07690884746645213,0.5,1.0,7095.591263330993,turtle,random_search,0,-0.7582118091297927,10
540,5400,-0.16558661185772028,-0.013936765445823517,0.08039224709135205,0.5,1.0,7108.935446621996,turtle,random_search,0,-0.7582118091297927,10
541,5410,-0.17051234063843967,0.009983449835496927,0.1012429676325353,0.5,1.0,7119.487679833997,turtle,random_search,0,-0.7582118091297927,10
542,5420,-0.07297637171192761,0.0015340185057817202,0.051397665388888285,0.5,1.0,7132.041647652994,turtle,random_search,0,-0.7582118091297927,10
543,5430,-0.10904495208057963,0.9813204812903621,3.0066548014535264,0.5,1.0,7143.605819129996,turtle,random_search,0,-0.7582118091297927,10
544,5440,-0.49352499112621473,-0.08834892637048038,0.15852558788089013,0.5,1.0,7157.234707380994,turtle,random_search,0,-0.7582118091297927,10
545,5450,-0.26573984370797454,-0.024605372410666782,0.1116978744848502,0.5,1.0,7170.797816803999,turtle,random_search,0,-0.7582118091297927,10
546,5460,-0.021924676342021776,0.03488342343404342,0.04800435283543722,0.5,1.0,7182.609434471,turtle,random_search,0,-0.7582118091297927,10
547,5470,-0.16719058243915708,-0.028084583441221157,0.0736592277117733,0.5,1.0,7194.772918893999,turtle,random_search,0,-0.7582118091297927,10
548,5480,-0.11499296487053012,0.07364079286785916,0.14625082553577312,0.5,1.0,7207.627321587002,turtle,random_search,0,-0.7582118091297927,10
549,5490,-0.27824026179062145,0.014327588974689043,0.12342322542121995,0.5,1.0,7220.592272879992,turtle,random_search,0,-0.7582118091297927,10
550,5500,-0.12864947319135922,0.05604229182091878,0.10873559635605931,0.5,1.0,7235.094466794995,turtle,random_search,0,-0.7582118091297927,10
551,5510,-0.22423453905072854,-0.04615069510559859,0.09037247866426623,0.5,1.0,7248.627248502002,turtle,random_search,0,-0.7582118091297927,10
552,5520,-0.10820354950754396,-0.0018642388877772476,0.05783032304300916,0.5,1.0,7260.653413145992,turtle,random_search,0,-0.7582118091297927,10
553,5530,-0.3396986108154296,-0.04861103541506902,0.10944348126890571,0.5,1.0,7275.460798396001,turtle,random_search,0,-0.7582118091297927,10
554,5540,-0.5410690607917168,-0.05581112429472954,0.17414333213395047,0.5,1.0,7287.015778080997,turtle,random_search,0,-0.7582118091297927,10
555,5550,-0.2276752903642265,-0.025663709786850307,0.09026229436363865,0.5,1.0,7297.116494040994,turtle,random_search,0,-0.7582118091297927,10
556,5560,-0.03680667208952659,0.01896262605231298,0.04129546254813892,0.5,1.0,7310.493070080993,turtle,random_search,0,-0.7582118091297927,10
557,5570,-0.08537369784362792,0.08884878941837168,0.16310333588194978,0.5,1.0,7323.367346583997,turtle,random_search,0,-0.7582118091297927,10
558,5580,-0.21723983578671024,-0.025178953866931142,0.07756726370890184,0.5,1.0,7334.5336629599915,turtle,random_search,0,-0.7582118091297927,10
559,5590,-0.1669362032437931,0.0230928188655553,0.10708038199243185,0.5,1.0,7349.135144043001,turtle,random_search,0,-0.7582118091297927,10
560,5600,-0.07792309403941644,-0.01924791511274986,0.033998714152820034,0.5,1.0,7363.457705174995,turtle,random_search,0,-0.7582118091297927,10
561,5610,-0.030733095424853474,0.03763353831218837,0.07057307205588556,0.5,1.0,7379.899772627003,turtle,random_search,0,-0.7582118091297927,10
562,5620,-0.11894448619205189,0.03563966022433869,0.07881397636309515,0.5,1.0,7394.823872370995,turtle,random_search,0,-0.7582118091297927,10
563,5630,-0.06717267832156182,0.03536113398192997,0.04504027815278431,0.5,1.0,7406.896006515992,turtle,random_search,0,-0.7582118091297927,10
564,5640,-0.07975186993906647,0.00004589856529655378,0.04909203435887729,0.5,1.0,7420.195461593001,turtle,random_search,0,-0.7582118091297927,10
565,5650,-0.22664124315048007,0.00798281098643967,0.1020931169995788,0.5,1.0,7434.428974284994,turtle,random_search,0,-0.7582118091297927,10
566,5660,-0.04913429418651294,0.02755906667681938,0.04585328003172778,0.5,1.0,7444.8940752179915,turtle,random_search,0,-0.7582118091297927,10
567,5670,-0.1329209560897704,0.013666860378358603,0.10506580182370485,0.5,1.0,7456.178855633989,turtle,random_search,0,-0.7582118091297927,10
568,5680,-0.09375316310286408,-0.014635604792330347,0.05128846013624286,0.5,1.0,7469.099295213993,turtle,random_search,0,-0.7582118091297927,10
569,5690,-0.1171898879571085,0.01943932759025291,0.07141851734965662,0.5,1.0,7482.219854404,turtle,random_search,0,-0.7582118091297927,10
570,5700,-0.1231344597922801,0.004983142934203854,0.10259703230047587,0.5,1.0,7494.989398234,turtle,random_search,0,-0.7582118091297927,10
571,5710,-0.19085476465108808,-0.013778757610012704,0.0833768737724519,0.5,1.0,7507.7645651269995,turtle,random_search,0,-0.7582118091297927,10
572,5720,-0.11386263339316827,-0.0035292170783860046,0.06707361978774526,0.5,1.0,7518.482934326996,turtle,random_search,0,-0.7582118091297927,10
573,5730,-0.10102990155081759,-0.014221854589866823,0.04778900911800913,0.5,1.0,7532.330129130991,turtle,random_search,0,-0.7582118091297927,10
574,5740,-0.12997549982154855,0.014691444327590553,0.13051278453270826,0.5,1.0,7546.669613348,turtle,random_search,0,-0.7582118091297927,10
575,5750,-0.20620059886571696,-0.015604472284752901,0.0944796686725348,0.5,1.0,7561.110696033997,turtle,random_search,0,-0.7582118091297927,10
576,5760,-0.14264929495384937,0.009521773004480583,0.10447669913300517,0.5,1.0,7572.47380848699,turtle,random_search,0,-0.7582118091297927,10
577,5770,-0.0711620580222414,-0.010509760186509265,0.05929640623082017,0.5,1.0,7584.031832390989,turtle,random_search,0,-0.7582118091297927,10
578,5780,-0.04862463970701558,0.03460707144473263,0.0906251297482164,0.5,1.0,7597.5102974559995,turtle,random_search,0,-0.7582118091297927,10
579,5790,-0.05324173600430093,0.028993010409444242,0.08581323614844452,0.5,1.0,7609.03488115799,turtle,random_search,0,-0.7582118091297927,10
580,5800,-0.11228719450308233,-0.01304872617865147,0.04968125611715937,0.5,1.0,7621.011292793002,turtle,random_search,0,-0.7582118091297927,10
581,5810,-0.1050140393191441,-0.012083520924337777,0.05545802929659963,0.5,1.0,7634.14444571799,turtle,random_search,0,-0.7582118091297927,10
582,5820,-0.20044659961090616,-0.053704443011816407,0.08831570054460915,0.5,1.0,7649.505771677999,turtle,random_search,0,-0.7582118091297927,10
583,5830,-0.11820951690747972,0.03299703454489036,0.09393668040653365,0.5,1.0,7663.7416720559995,turtle,random_search,0,-0.7582118091297927,10
584,5840,-0.19390995506537845,-0.03573559838560305,0.06128560970912091,0.5,1.0,7678.693999466996,turtle,random_search,0,-0.7582118091297927,10
585,5850,-0.08130762625229337,0.0012939679453489283,0.045290254420777845,0.5,1.0,7689.6346756089915,turtle,random_search,0,-0.7582118091297927,10
586,5860,-0.0986176533048031,0.01041184164870712,0.07941830761059201,0.5,1.0,7699.886108648992,turtle,random_search,0,-0.7582118091297927,10
587,5870,-0.10529993811380223,0.017110850204423222,0.10823288733956234,0.5,1.0,7711.969326318998,turtle,random_search,0,-0.7582118091297927,10
588,5880,-0.11472278244965128,1.0489749265084636,2.9878243373342306,0.5,1.0,7725.8715151389915,turtle,random_search,0,-0.7582118091297927,10
589,5890,-0.13762612806677854,-0.025377716948599183,0.09623635882977122,0.5,1.0,7738.167614359991,turtle,random_search,0,-0.7582118091297927,10
590,5900,-0.33179760166914996,-0.0444954850337572,0.15667612449561225,0.5,1.0,7754.056431787991,turtle,random_search,0,-0.7582118091297927,10
591,5910,-0.2991868652279228,-0.0466752172371316,0.10010066006906335,0.5,1.0,7768.8553978199925,turtle,random_search,0,-0.7582118091297927,10
592,5920,-0.219904904734336,-0.02868097672582186,0.09308832253577692,0.5,1.0,7780.1279823499935,turtle,random_search,0,-0.7582118091297927,10
593,5930,-0.11361244759379563,-0.02649432214848213,0.05409489885469963,0.5,1.0,7791.979248172996,turtle,random_search,0,-0.7582118091297927,10
594,5940,-0.06391583737406936,0.04626962924841038,0.10190933316783449,0.5,1.0,7808.1121935679985,turtle,random_search,0,-0.7582118091297927,10
595,5950,-0.23293375845166775,-0.022386658205660038,0.08538284088194616,0.5,1.0,7821.633362790002,turtle,random_search,0,-0.7582118091297927,10
596,5960,-0.047596295340397,0.02456957612477826,0.05720897544033674,0.5,1.0,7836.724379623993,turtle,random_search,0,-0.7582118091297927,10
597,5970,-0.07468053808399056,-0.00316230156854731,0.03672148935932328,0.5,1.0,7848.694859256997,turtle,random_search,0,-0.7582118091297927,10
598,5980,-0.13284589284233306,-0.014093805883747024,0.06922356719437163,0.5,1.0,7864.208366672989,turtle,random_search,0,-0.7582118091297927,10
599,5990,-0.06806354613389853,0.03177986356452491,0.07847443790260542,0.5,1.0,7876.586763849991,turtle,random_search,0,-0.7582118091297927,10
600,6000,-0.16461846478414266,-0.029580207310176652,0.08610569655752778,0.5,1.0,7889.759865321001,turtle,random_search,0,-0.7582118091297927,10
601,6010,-0.08093571459979021,0.01274425898695446,0.07123512550811667,0.5,1.0,7903.881862041002,turtle,random_search,0,-0.7582118091297927,10
602,6020,-0.07147294826478756,0.058573968395740736,0.08335729816224521,0.5,1.0,7918.219089099992,turtle,random_search,0,-0.7582118091297927,10
603,6030,-0.03881078174066577,0.058281669494851404,0.07383432535658141,0.5,1.0,7934.658181519,turtle,random_search,0,-0.7582118091297927,10
604,6040,-0.13321448409868974,-0.008004451179101934,0.09432177073458686,0.5,1.0,7946.043807602997,turtle,random_search,0,-0.7582118091297927,10
605,6050,-0.10909571796170603,0.026197766931739162,0.10315356825415765,0.5,1.0,7958.356287989998,turtle,random_search,0,-0.7582118091297927,10
606,6060,-0.32272219761797327,-0.010899186788797888,0.12075631882195023,0.5,1.0,7972.750944047002,turtle,random_search,0,-0.7582118091297927,10
607,6070,-0.24509397576323355,-0.05613588609594489,0.09362119064631819,0.5,1.0,7985.000052217001,turtle,random_search,0,-0.7582118091297927,10
608,6080,-0.4625774785994654,-0.07298982444587968,0.1371487461099763,0.5,1.0,8003.07734362199,turtle,random_search,0,-0.7582118091297927,10
609,6090,-0.07985068569329812,-0.0014441609647872333,0.08430761539851249,0.5,1.0,8018.7797548239905,turtle,random_search,0,-0.7582118091297927,10
610,6100,-0.13907819312011505,0.0167082799286689,0.102769833954151,0.5,1.0,8033.8120727159985,turtle,random_search,0,-0.7582118091297927,10
611,6110,-0.15453437182762997,-0.010694337889196959,0.07872910879571542,0.5,1.0,8046.87398276999,turtle,random_search,0,-0.7582118091297927,10
612,6120,-0.3101282786929165,-0.08049868176950917,0.08685913116225095,0.5,1.0,8061.246526076997,turtle,random_search,0,-0.7582118091297927,10
613,6130,-0.13657279219640994,0.017002226745284864,0.09381283725378223,0.5,1.0,8075.047705094999,turtle,random_search,0,-0.7582118091297927,10
614,6140,-0.2006540053086283,-0.039639706220849114,0.08090565103903176,0.5,1.0,8089.472752599002,turtle,random_search,0,-0.7582118091297927,10
615,6150,-0.44837563423371307,-0.03666410001681068,0.14358255926212352,0.5,1.0,8103.030918010001,turtle,random_search,0,-0.7582118091297927,10
616,6160,-0.11308850986695695,0.015925486725751448,0.07269344250832613,0.5,1.0,8117.52701777,turtle,random_search,0,-0.7582118091297927,10
617,6170,-0.17569332250210667,-0.00872686239899707,0.08477821036787661,0.5,1.0,8129.986402251001,turtle,random_search,0,-0.7582118091297927,10
618,6180,-0.11639708616833211,1.0218824006004383,2.9942453834226437,0.5,1.0,8143.817901439994,turtle,random_search,0,-0.7582118091297927,10
619,6190,-0.2188376461617274,-0.029949501637474805,0.06956203629891948,0.5,1.0,8154.337344300002,turtle,random_search,0,-0.7582118091297927,10
620,6200,-0.08760669129475573,-0.004420161156858704,0.05639845387960331,0.5,1.0,8170.627063997992,turtle,random_search,0,-0.7582118091297927,10
621,6210,-0.12779972282670382,-0.030582789987479053,0.07686091286270075,0.5,1.0,8182.128237553989,turtle,random_search,0,-0.7582118091297927,10
622,6220,-0.07593609179463989,-0.005517144876973834,0.056387700365403685,0.5,1.0,8195.392834553,turtle,random_search,0,-0.7582118091297927,10
623,6230,-0.09890154917220695,0.015337991605225022,0.06094331180884925,0.5,1.0,8209.850895387994,turtle,random_search,0,-0.7582118091297927,10
624,6240,-0.061187810117034225,0.03627678503004343,0.07658728747742946,0.5,1.0,8221.585444104,turtle,random_search,0,-0.7582118091297927,10
625,6250,-0.09254942207927908,0.018887706135012384,0.08912532784899786,0.5,1.0,8232.193044859989,turtle,random_search,0,-0.7582118091297927,10
626,6260,-0.03728842498313245,0.011716520646230766,0.045164288789837345,0.5,1.0,8245.62092650999,turtle,random_search,0,-0.7582118091297927,10
627,6270,-0.11650173964226607,0.015077695365669542,0.056424215285179914,0.5,1.0,8260.532278977,turtle,random_search,0,-0.7582118091297927,10
628,6280,-0.27615215049229835,-0.059888972769000584,0.12078859977328293,0.5,1.0,8273.001802113999,turtle,random_search,0,-0.7582118091297927,10
629,6290,-0.19597250918852183,-0.03217511064694811,0.07156322706239876,0.5,1.0,8284.478621916001,turtle,random_search,0,-0.7582118091297927,10
630,6300,-0.09863110665079589,0.01248344040252558,0.07311039390913499,0.5,1.0,8298.395860192002,turtle,random_search,0,-0.7582118091297927,10
631,6310,-0.06146068051773579,0.031872688375983935,0.07937786207057941,0.5,1.0,8311.276672370994,turtle,random_search,0,-0.7582118091297927,10
632,6320,-0.05683850965388615,-0.0016180519158599082,0.04106315016410694,0.5,1.0,8326.556669418002,turtle,random_search,0,-0.7582118091297927,10
633,6330,-0.1415394777915413,-0.004578603271349557,0.08183251583545363,0.5,1.0,8337.304531838003,turtle,random_search,0,-0.7582118091297927,10
634,6340,-0.0991403398817372,0.014873956135170641,0.06334062861127232,0.5,1.0,8346.277719045,turtle,random_search,0,-0.7582118091297927,10
635,6350,-0.15629872720748317,-0.017460067227678434,0.06566226733880808,0.5,1.0,8361.045547736998,turtle,random_search,0,-0.7582118091297927,10
636,6360,-0.05274302845346668,1.015995062786456,2.994921682984285,0.5,1.0,8373.680563393995,turtle,random_search,0,-0.7582118091297927,10
637,6370,-0.31099291980193033,-0.05445360086733837,0.11956937560968038,0.5,1.0,8385.185856830998,turtle,random_search,0,-0.7582118091297927,10
638,6380,-0.1757721907758949,0.004205721246634653,0.08145204517461396,0.5,1.0,8397.355624482996,turtle,random_search,0,-0.7582118091297927,10
639,6390,-0.20793794480211236,1.0069144780327366,2.9987369114875038,0.5,1.0,8407.25287426199,turtle,random_search,0,-0.7582118091297927,10
640,6400,-0.1091433668767845,-0.008629014510602318,0.047760395607399274,0.5,1.0,8421.872764643995,turtle,random_search,0,-0.7582118091297927,10
641,6410,-0.15817637373800864,-0.02159405259117122,0.0869338682544538,0.5,1.0,8434.080271140992,turtle,random_search,0,-0.7582118091297927,10
642,6420,-0.3682431761546807,-0.07366387506717782,0.14169601628069267,0.5,1.0,8447.883875233994,turtle,random_search,0,-0.7582118091297927,10
643,6430,-0.07680243865561742,0.0590212891820527,0.17629512890984955,0.5,1.0,8459.24302193799,turtle,random_search,0,-0.7582118091297927,10
644,6440,-0.18128446922564656,-0.03552786974591919,0.06366721301190419,0.5,1.0,8470.114158094002,turtle,random_search,0,-0.7582118091297927,10
645,6450,-0.2459138789864319,-0.055294591726114194,0.08905903810864595,0.5,1.0,8483.078843873998,turtle,random_search,0,-0.7582118091297927,10
646,6460,-0.0784268078957675,0.005911439192394674,0.06898907814339733,0.5,1.0,8498.983292578996,turtle,random_search,0,-0.7582118091297927,10
647,6470,-0.10129407868719831,0.005526660465730337,0.08246959230673874,0.5,1.0,8513.894486954,turtle,random_search,0,-0.7582118091297927,10
648,6480,-0.09641097190065828,0.019582085423887997,0.10533544821175164,0.5,1.0,8527.776976387002,turtle,random_search,0,-0.7582118091297927,10
649,6490,-0.06812112221979305,0.02317481715675953,0.08543704328082437,0.5,1.0,8541.300716354992,turtle,random_search,0,-0.7582118091297927,10
650,6500,-0.2458328676715409,-0.00983641911226929,0.14135307716800602,0.5,1.0,8550.985264805,turtle,random_search,0,-0.7582118091297927,10
651,6510,-0.5109021729680441,-0.09695337084770861,0.14407460557279236,0.5,1.0,8565.028155704,turtle,random_search,0,-0.7582118091297927,10
652,6520,-0.08756160827458714,0.022333238067052542,0.06610262261649734,0.5,1.0,8576.088555975002,turtle,random_search,0,-0.7582118091297927,10
653,6530,-0.4937692722188993,-0.04075189445406622,0.15673112681921614,0.5,1.0,8589.183312643,turtle,random_search,0,-0.7582118091297927,10
654,6540,-0.19565265976973123,0.012348859082715435,0.08899198638148526,0.5,1.0,8602.457976256002,turtle,random_search,0,-0.7582118091297927,10
655,6550,-0.16446978313233895,0.0046794523944324595,0.09883271385890467,0.5,1.0,8613.956468707998,turtle,random_search,0,-0.7582118091297927,10
656,6560,-0.29720672299585704,-0.02221778973463513,0.13742560397297135,0.5,1.0,8626.23070521999,turtle,random_search,0,-0.7582118091297927,10
657,6570,-0.022453852049316936,0.04585372682536768,0.05031934113455625,0.5,1.0,8640.890616167992,turtle,random_search,0,-0.7582118091297927,10
658,6580,-0.09872442011504745,0.016310979725728637,0.1062109694799698,0.5,1.0,8651.541514687997,turtle,random_search,0,-0.7582118091297927,10
659,6590,-0.08061982545567492,0.03724281141997761,0.06311293257089282,0.5,1.0,8664.353739519996,turtle,random_search,0,-0.7582118091297927,10
660,6600,-0.18462660598036695,-0.008736445501052969,0.08858480810967945,0.5,1.0,8678.234156127,turtle,random_search,0,-0.7582118091297927,10
661,6610,-0.1803252708460672,-0.05233439993272171,0.06932639489562245,0.5,1.0,8691.259475147002,turtle,random_search,0,-0.7582118091297927,10
662,6620,-0.3391710521890676,-0.03918799406191207,0.10997925947635318,0.5,1.0,8703.222479553995,turtle,random_search,0,-0.7582118091297927,10
663,6630,-0.041851799335486106,0.026365666083429763,0.0945911377650976,0.5,1.0,8716.845492880995,turtle,random_search,0,-0.7582118091297927,10
664,6640,-0.11830098189926375,-0.01331090106153665,0.06572477775232187,0.5,1.0,8730.951746474995,turtle,random_search,0,-0.7582118091297927,10
665,6650,-0.08867232194131969,0.034791767625939586,0.06441680916961973,0.5,1.0,8742.273719452001,turtle,random_search,0,-0.7582118091297927,10
666,6660,-0.05459472892781658,0.030533769025898393,0.043346943375018224,0.5,1.0,8754.162331836997,turtle,random_search,0,-0.7582118091297927,10
667,6670,-0.27129861296295843,-0.008207150780127303,0.10027388266136517,0.5,1.0,8766.368638449989,turtle,random_search,0,-0.7582118091297927,10
668,6680,-0.065676481063913,0.03837974158363551,0.07300429589360131,0.5,1.0,8776.48847440099,turtle,random_search,0,-0.7582118091297927,10
669,6690,-0.07311952003248479,0.019092747265319863,0.05016347626427543,0.5,1.0,8793.052365001,turtle,random_search,0,-0.7582118091297927,10
670,6700,-0.028486947049367828,0.12109393849299979,0.1792164403412047,0.5,1.0,8808.211829736989,turtle,random_search,0,-0.7582118091297927,10
671,6710,-0.2331846588164579,-0.032327776109494,0.08076572085287279,0.5,1.0,8820.55601514499,turtle,random_search,0,-0.7582118091297927,10
672,6720,-0.24390307775138265,-0.017709108685080376,0.11943504513864014,0.5,1.0,8833.254021728993,turtle,random_search,0,-0.7582118091297927,10
673,6730,-0.20559733868884944,-0.03644039100528964,0.08552848594874889,0.5,1.0,8847.327024144994,turtle,random_search,0,-0.7582118091297927,10
674,6740,-0.09107122220587094,-0.011778108268550459,0.05537845498921003,0.5,1.0,8859.672665193997,turtle,random_search,0,-0.7582118091297927,10
675,6750,-0.10597170704013603,0.004023397845454735,0.040446416318043264,0.5,1.0,8871.557865117997,turtle,random_search,0,-0.7582118091297927,10
676,6760,-0.16660544181286774,-0.00915033661636242,0.07942445092186284,0.5,1.0,8884.397610724001,turtle,random_search,0,-0.7582118091297927,10
677,6770,-0.1630015581280979,-0.0359548436948419,0.063946869155301,0.5,1.0,8896.735814297994,turtle,random_search,0,-0.7582118091297927,10
678,6780,-0.14765130885397326,0.0009595513749239615,0.07222572963908257,0.5,1.0,8909.619321577993,turtle,random_search,0,-0.7582118091297927,10
679,6790,-0.13785349478979025,-0.025713019988230102,0.06762420921210892,0.5,1.0,8923.881484358993,turtle,random_search,0,-0.7582118091297927,10
680,6800,-0.24873853717966732,-0.03585956707515212,0.1064566503937005,0.5,1.0,8939.604829520002,turtle,random_search,0,-0.7582118091297927,10
681,6810,-0.10858694952771586,-0.016394576387847692,0.05063582017161533,0.5,1.0,8953.184207822997,turtle,random_search,0,-0.7582118091297927,10
682,6820,-0.18272000278909317,-0.00866478002110389,0.11044008306334369,0.5,1.0,8967.899278605997,turtle,random_search,0,-0.7582118091297927,10
683,6830,-0.20178824029268405,-0.01615306700632848,0.08944838445972121,0.5,1.0,8981.735622401,turtle,random_search,0,-0.7582118091297927,10
684,6840,-0.09465202922306926,0.043012989845072444,0.11582333447925053,0.5,1.0,8992.823337429989,turtle,random_search,0,-0.7582118091297927,10
685,6850,-0.08423536465107428,-0.00709083769132306,0.048766786581183316,0.5,1.0,9005.541703135998,turtle,random_search,0,-0.7582118091297927,10
686,6860,-0.12704432405147692,0.015184656902927163,0.10236379456282459,0.5,1.0,9015.498598631995,turtle,random_search,0,-0.7582118091297927,10
687,6870,-0.2492641557110966,-0.07750013620972895,0.08579922531426187,0.5,1.0,9030.455289594,turtle,random_search,0,-0.7582118091297927,10
688,6880,-0.3552920542380189,-0.05142563372578488,0.13072658853425062,0.5,1.0,9042.577359356,turtle,random_search,0,-0.7582118091297927,10
689,6890,-0.20673228605777982,-0.024775642182805323,0.08321089075441694,0.5,1.0,9055.09276288499,turtle,random_search,0,-0.7582118091297927,10
690,6900,-0.09244032134968005,-0.02603110935284301,0.05109983114966129,0.5,1.0,9069.04377868399,turtle,random_search,0,-0.7582118091297927,10
691,6910,-0.2708424157012086,0.012966858119447266,0.14505435114125814,0.5,1.0,9084.565864885997,turtle,random_search,0,-0.7582118091297927,10
692,6920,-0.12500037250988338,-0.0181527482915536,0.07245567162609434,0.5,1.0,9101.25849835499,turtle,random_search,0,-0.7582118091297927,10
693,6930,-0.11305269100664717,0.0009528791427085182,0.07682368309412627,0.5,1.0,9111.696574155998,turtle,random_search,0,-0.7582118091297927,10
694,6940,-0.1827680249307324,0.005176221731964503,0.08817426734530491,0.5,1.0,9125.29885461599,turtle,random_search,0,-0.7582118091297927,10
695,6950,-0.11257153075432313,0.04343034212060948,0.12368172252544375,0.5,1.0,9135.647969525002,turtle,random_search,0,-0.7582118091297927,10
696,6960,-0.1434051068377693,0.006989547993023315,0.08885924733768687,0.5,1.0,9147.019834510997,turtle,random_search,0,-0.7582118091297927,10
697,6970,-0.12166071669784806,0.030940971267386264,0.07127159276248278,0.5,1.0,9158.620549938001,turtle,random_search,0,-0.7582118091297927,10
698,6980,-0.16776975797025262,-0.01621686822463504,0.07976986395465221,0.5,1.0,9171.517221836999,turtle,random_search,0,-0.7582118091297927,10
699,6990,-0.21019284219467327,-0.020687312421034408,0.08567942383134498,0.5,1.0,9184.942324139993,turtle,random_search,0,-0.7582118091297927,10
700,7000,-0.19332133603152535,0.016121324504885237,0.12769161104808024,0.5,1.0,9197.624064518997,turtle,random_search,0,-0.7582118091297927,10
701,7010,-0.0675424760283958,0.034052115416343384,0.07857569905515725,0.5,1.0,9209.155061430996,turtle,random_search,0,-0.7582118091297927,10
702,7020,-0.15629003151508147,0.9767534665338783,3.008588026788685,0.5,1.0,9222.978888977988,turtle,random_search,0,-0.7582118091297927,10
703,7030,-0.11805956917598515,1.025298898334415,2.99389506539533,0.5,1.0,9237.21515180399,turtle,random_search,0,-0.7582118091297927,10
704,7040,-0.14807441161698787,-0.013945359032814953,0.058978744765965284,0.5,1.0,9252.082244450998,turtle,random_search,0,-0.7582118091297927,10
705,7050,-0.07398565617650465,0.01301157776275419,0.07655858276104625,0.5,1.0,9266.750962752994,turtle,random_search,0,-0.7582118091297927,10
706,7060,-0.3276891180695305,0.9520230245843033,3.019220338161985,0.5,1.0,9277.398370534997,turtle,random_search,0,-0.7582118091297927,10
707,7070,0.009181589158324677,0.07761533402134617,0.07298537346028262,0.5,1.0,9292.092976012995,turtle,random_search,0,-0.7582118091297927,10
708,7080,-0.17151099741676212,-0.03304549481351584,0.07398797370252379,0.5,1.0,9304.204306104002,turtle,random_search,0,-0.7582118091297927,10
709,7090,-0.08334602760621035,0.022485482179774596,0.06881793399045412,0.5,1.0,9319.091829098994,turtle,random_search,0,-0.7582118091297927,10
710,7100,-0.28231020482582103,0.019355736441006143,0.12521507726762596,0.5,1.0,9334.536529398989,turtle,random_search,0,-0.7582118091297927,10
711,7110,-0.049807816987192055,0.03894179373904576,0.07020535600437851,0.5,1.0,9349.45103479299,turtle,random_search,0,-0.7582118091297927,10
712,7120,-0.0863152275048833,-0.013104555080596736,0.040280335532072005,0.5,1.0,9364.261288876995,turtle,random_search,0,-0.7582118091297927,10
713,7130,-0.2382028293167826,-0.01565216605821913,0.0958585912484807,0.5,1.0,9375.37723688499,turtle,random_search,0,-0.7582118091297927,10
714,7140,-0.2013631310002406,0.028390758306076604,0.1494462185378285,0.5,1.0,9388.796667638991,turtle,random_search,0,-0.7582118091297927,10
715,7150,-0.33794001301979115,-0.020263581730025227,0.12322558406886032,0.5,1.0,9402.054291351,turtle,random_search,0,-0.7582118091297927,10
716,7160,-0.22975848129963783,0.06588444919369722,0.13349700873582526,0.5,1.0,9415.043577691002,turtle,random_search,0,-0.7582118091297927,10
717,7170,-0.28783590628635825,-0.016201780144920443,0.14907489644101257,0.5,1.0,9427.132428055993,turtle,random_search,0,-0.7582118091297927,10
718,7180,-0.2288144341109719,-0.022040803543790854,0.07779376720638612,0.5,1.0,9440.699668396002,turtle,random_search,0,-0.7582118091297927,10
719,7190,-0.07946876752737797,0.02749583699401681,0.06515835826049564,0.5,1.0,9455.406507816995,turtle,random_search,0,-0.7582118091297927,10
720,7200,-0.06573226627155915,0.011451212100264918,0.046901400198373626,0.5,1.0,9468.497139123996,turtle,random_search,0,-0.7582118091297927,10
721,7210,-0.029293203095005715,0.029144773024122817,0.06024992796010836,0.5,1.0,9481.581610409994,turtle,random_search,0,-0.7582118091297927,10
722,7220,-0.047443651975307866,0.007723645122135992,0.05960959132130826,0.5,1.0,9493.437621642996,turtle,random_search,0,-0.7582118091297927,10
723,7230,-0.062095902291212646,0.01627287203614065,0.06950178566760883,0.5,1.0,9506.187029825,turtle,random_search,0,-0.7582118091297927,10
724,7240,-0.3710614059182218,-0.03919850571812402,0.12392721100125038,0.5,1.0,9519.479228370998,turtle,random_search,0,-0.7582118091297927,10
725,7250,-0.1533213269578697,0.010948399377945162,0.07336370052712446,0.5,1.0,9530.80406754199,turtle,random_search,0,-0.7582118091297927,10
726,7260,-0.07098391694561457,0.02234276937539583,0.060424313708398396,0.5,1.0,9544.394355978002,turtle,random_search,0,-0.7582118091297927,10
727,7270,-0.10888438378642284,0.0158107054528565,0.09656081877779298,0.5,1.0,9555.975596877994,turtle,random_search,0,-0.7582118091297927,10
728,7280,-0.09731648360686318,-0.024788923776767734,0.070187434158223,0.5,1.0,9568.31860166599,turtle,random_search,0,-0.7582118091297927,10
729,7290,-0.13045958565410753,-0.01304805822010291,0.07513996520086626,0.5,1.0,9582.839531696998,turtle,random_search,0,-0.7582118091297927,10
730,7300,-0.06709959335020432,0.037326489230679535,0.09711265072010682,0.5,1.0,9598.44194676599,turtle,random_search,0,-0.7582118091297927,10
731,7310,-0.3837446043539341,-0.06328353034719951,0.11984231814950438,0.5,1.0,9609.912852415,turtle,random_search,0,-0.7582118091297927,10
732,7320,-0.14996174313496624,0.01061555892004975,0.08946894970726882,0.5,1.0,9621.64348105299,turtle,random_search,0,-0.7582118091297927,10
733,7330,-0.09932841559236305,0.0026076225886006556,0.07674019594077577,0.5,1.0,9633.338758608996,turtle,random_search,0,-0.7582118091297927,10
734,7340,-0.29020144624727884,0.9541623172073059,3.0167764470306055,0.5,1.0,9643.25095632099,turtle,random_search,0,-0.7582118091297927,10
735,7350,-0.21197195097523558,-0.02344056193591859,0.10627204722023674,0.5,1.0,9656.652854347994,turtle,random_search,0,-0.7582118091297927,10
736,7360,-0.06923022406076917,-0.006840024497477781,0.062249754841152555,0.5,1.0,9670.422677576993,turtle,random_search,0,-0.7582118091297927,10
737,7370,-0.37828858524953457,-0.029578250320653865,0.12842027397954223,0.5,1.0,9683.672526522001,turtle,random_search,0,-0.7582118091297927,10
738,7380,-0.18371675227520345,-0.04331732284285463,0.08779183634965977,0.5,1.0,9696.23395154599,turtle,random_search,0,-0.7582118091297927,10
739,7390,-0.18234363388500885,-0.006284662123105011,0.08861030112581603,0.5,1.0,9709.654321784998,turtle,random_search,0,-0.7582118091297927,10
740,7400,-0.23771589669057303,-0.024918069995472615,0.09722300378754285,0.5,1.0,9720.110872064994,turtle,random_search,0,-0.7582118091297927,10
741,7410,-0.13685891862017652,0.017950265121229325,0.07575011131568016,0.5,1.0,9730.435127706995,turtle,random_search,0,-0.7582118091297927,10
742,7420,-0.11876907230978517,0.015091188532271893,0.12144081241493483,0.5,1.0,9742.420503429996,turtle,random_search,0,-0.7582118091297927,10
743,7430,-0.3139932819307427,-0.08251681287740889,0.11104760436490768,0.5,1.0,9755.275511578002,turtle,random_search,0,-0.7582118091297927,10
744,7440,-0.18573947626808973,-0.009170191873269395,0.09825202102828896,0.5,1.0,9767.268733314995,turtle,random_search,0,-0.7582118091297927,10
745,7450,-0.17229548596572375,0.0327474364797685,0.11630696510907032,0.5,1.0,9778.251998053995,turtle,random_search,0,-0.7582118091297927,10
746,7460,-0.12742469920394406,0.0428548588577982,0.0912164863263285,0.5,1.0,9790.383545395991,turtle,random_search,0,-0.7582118091297927,10
747,7470,-0.06173723962402633,1.0915082468849218,2.973615271846573,0.5,1.0,9803.602712610998,turtle,random_search,0,-0.7582118091297927,10
748,7480,-0.08882936280644316,0.007602678241044547,0.049518638526270226,0.5,1.0,9818.024682225994,turtle,random_search,0,-0.7582118091297927,10
749,7490,-0.3923805588319169,-0.10397126531075251,0.13215949566797683,0.5,1.0,9833.436727647,turtle,random_search,0,-0.7582118091297927,10
750,7500,-0.09240673496608576,-0.002424350139948661,0.052182789930728835,0.5,1.0,9844.428722818993,turtle,random_search,0,-0.7582118091297927,10
751,7510,-0.1490871558685587,0.015562533506508736,0.111367997677966,0.5,1.0,9857.228777940996,turtle,random_search,0,-0.7582118091297927,10
752,7520,-0.3776722521107052,-0.017163082362243197,0.13392674262678095,0.5,1.0,9869.849837842994,turtle,random_search,0,-0.7582118091297927,10
753,7530,-0.06056637745546656,0.011654017332879274,0.07290352858454606,0.5,1.0,9881.670848637994,turtle,random_search,0,-0.7582118091297927,10
754,7540,-0.19272096442122955,0.056300992683775954,0.19770936290617708,0.5,1.0,9895.326952511998,turtle,random_search,0,-0.7582118091297927,10
755,7550,-0.11577524330013933,0.05583623765302077,0.1270667482921253,0.5,1.0,9908.430321565,turtle,random_search,0,-0.7582118091297927,10
756,7560,-0.09124765957338798,0.014936054850949176,0.08228637455096548,0.5,1.0,9922.263409483,turtle,random_search,0,-0.7582118091297927,10
757,7570,-0.0634622151801878,0.0008929445140138271,0.05668406031255795,0.5,1.0,9936.001236375989,turtle,random_search,0,-0.7582118091297927,10
758,7580,-0.4434306192693054,-0.07757837026477929,0.15149296810498716,0.5,1.0,9948.358248967997,turtle,random_search,0,-0.7582118091297927,10
759,7590,-0.4022939746880665,-0.07735345273569942,0.16131393435731628,0.5,1.0,9961.885517404997,turtle,random_search,0,-0.7582118091297927,10
760,7600,-0.08436268283474924,0.02610203774342281,0.06091620810049586,0.5,1.0,9974.62959500699,turtle,random_search,0,-0.7582118091297927,10
761,7610,-0.1039364898783166,0.00037274422913444736,0.04912540558815341,0.5,1.0,9985.810667343001,turtle,random_search,0,-0.7582118091297927,10
762,7620,-0.12365212886099286,0.011256213188814267,0.08172066017307912,0.5,1.0,9998.05107478,turtle,random_search,0,-0.7582118091297927,10
763,7630,-0.12430316267389063,0.02486698935768361,0.06631658399353628,0.5,1.0,10011.60521889999,turtle,random_search,0,-0.7582118091297927,10
764,7640,-0.28934596335213314,-0.040798267536759705,0.0932582939961309,0.5,1.0,10025.289140018998,turtle,random_search,0,-0.7582118091297927,10
765,7650,-0.2994552381200215,-0.05113320931685798,0.11114074099274393,0.5,1.0,10037.669013538994,turtle,random_search,0,-0.7582118091297927,10
766,7660,-0.2814334698048384,-0.040689665747293005,0.1028108516392846,0.5,1.0,10048.157569374991,turtle,random_search,0,-0.7582118091297927,10
767,7670,-0.08374704251085241,0.034305506354635806,0.06265569584816866,0.5,1.0,10060.985546682,turtle,random_search,0,-0.7582118091297927,10
768,7680,-0.14428500820343526,0.0641873490916148,0.1623046460989097,0.5,1.0,10069.514648177996,turtle,random_search,0,-0.7582118091297927,10
769,7690,-0.20574773445377215,0.009650461451670367,0.08763038327530737,0.5,1.0,10080.408907053003,turtle,random_search,0,-0.7582118091297927,10
770,7700,-0.1737452718859167,0.010057774005385855,0.09632516122274305,0.5,1.0,10089.20480046999,turtle,random_search,0,-0.7582118091297927,10
771,7710,-0.08154119035674157,0.010780108217868633,0.050769916261703386,0.5,1.0,10099.790936569989,turtle,random_search,0,-0.7582118091297927,10
772,7720,-0.313216103524101,-0.014899818780362218,0.11506495886393707,0.5,1.0,10110.104736362991,turtle,random_search,0,-0.7582118091297927,10
773,7730,-0.1773879175112807,-0.012499200730750549,0.07711668192073395,0.5,1.0,10121.188325626994,turtle,random_search,0,-0.7582118091297927,10
774,7740,-0.17185890122309289,0.02418709022934662,0.1028066281733623,0.5,1.0,10132.879913558994,turtle,random_search,0,-0.7582118091297927,10
775,7750,-0.08480709632843375,0.01279032602927046,0.11024560004819746,0.5,1.0,10144.116354846003,turtle,random_search,0,-0.7582118091297927,10
776,7760,-0.09792744491131966,0.0013091526323821157,0.06028347894156741,0.5,1.0,10151.849751978996,turtle,random_search,0,-0.7582118091297927,10
777,7770,-0.18225697178903388,0.01623971034211129,0.10234369552981225,0.5,1.0,10163.803726493003,turtle,random_search,0,-0.7582118091297927,10
778,7780,-0.07717002269274698,0.037870075487564846,0.10500032373534972,0.5,1.0,10172.859331247993,turtle,random_search,0,-0.7582118091297927,10
779,7790,-0.2643464677574485,-0.007388058857776247,0.12126106121530815,0.5,1.0,10182.251339615992,turtle,random_search,0,-0.7582118091297927,10
780,7800,-0.05801859842942925,0.026999078617067872,0.0581863639808158,0.5,1.0,10194.14208469099,turtle,random_search,0,-0.7582118091297927,10
781,7810,-0.1688682497884617,-0.02888913282029968,0.08005299531222315,0.5,1.0,10206.28031652399,turtle,random_search,0,-0.7582118091297927,10
782,7820,-0.12245214891714973,-0.013526724459156725,0.07007051080109707,0.5,1.0,10218.080818136994,turtle,random_search,0,-0.7582118091297927,10
783,7830,-0.1218027591716675,0.06490682185167759,0.153884677075996,0.5,1.0,10227.976910899,turtle,random_search,0,-0.7582118091297927,10
784,7840,-0.2011954229425985,0.002363340031998273,0.13640925193577308,0.5,1.0,10236.632718132998,turtle,random_search,0,-0.7582118091297927,10
785,7850,-0.06547950904960675,0.0113832749424712,0.07358097979987213,0.5,1.0,10245.297258334991,turtle,random_search,0,-0.7582118091297927,10
786,7860,-0.24295400882123452,-0.01823354635991361,0.13242000189394126,0.5,1.0,10255.581305589993,turtle,random_search,0,-0.7582118091297927,10
787,7870,-0.0856123205678232,0.010055211762237181,0.05732246340652439,0.5,1.0,10266.614470232002,turtle,random_search,0,-0.7582118091297927,10
788,7880,-0.2142404965780269,-0.045132973592905044,0.08259632783267146,0.5,1.0,10277.432865127994,turtle,random_search,0,-0.7582118091297927,10
789,7890,-0.09216960482309222,0.04021337015432591,0.10241341260974107,0.5,1.0,10291.376410446988,turtle,random_search,0,-0.7582118091297927,10
790,7900,-0.13400174583654145,-0.014848004431351125,0.060636609939369084,0.5,1.0,10301.772978751993,turtle,random_search,0,-0.7582118091297927,10
791,7910,-0.15720530610038086,-0.008811611394362906,0.0864705966922418,0.5,1.0,10309.504761260992,turtle,random_search,0,-0.7582118091297927,10
792,7920,-0.09934342982330246,0.0031995174934377423,0.06557306293238065,0.5,1.0,10318.520911207,turtle,random_search,0,-0.7582118091297927,10
793,7930,-0.06822574331741471,0.03769077585073175,0.05062503645690973,0.5,1.0,10327.594614285,turtle,random_search,0,-0.7582118091297927,10
794,7940,-0.07046251038715567,0.0020855576958633826,0.05104428237648517,0.5,1.0,10338.731962734993,turtle,random_search,0,-0.7582118091297927,10
795,7950,-0.26053123969315095,0.0033348085334290014,0.1370812405748929,0.5,1.0,10346.255892333997,turtle,random_search,0,-0.7582118091297927,10
796,7960,-0.031157663022101545,0.02797426491616193,0.0486916765484405,0.5,1.0,10354.834434441,turtle,random_search,0,-0.7582118091297927,10
797,7970,-0.2854801856215978,-0.03534395095740521,0.11483563689417244,0.5,1.0,10361.197947809997,turtle,random_search,0,-0.7582118091297927,10
798,7980,-0.06985878281059499,0.07085875670093511,0.11243519177786984,0.5,1.0,10367.584270367995,turtle,random_search,0,-0.7582118091297927,10
799,7990,-0.05946361073624207,0.030204719763588093,0.053921123410934364,0.5,1.0,10373.996441333002,turtle,random_search,0,-0.7582118091297927,10
800,8000,-0.08508289479680098,0.02733774879937716,0.06481265377325662,0.5,1.0,10380.374192643998,turtle,random_search,0,-0.7582118091297927,10
1,10,-0.09364012875664596,-0.0016806607673025553,0.0567897537779721,0.5,1.0,8.201791211002273,turtle,random_search,1,-0.09364012875664596,10
2,20,-0.12017367887399555,-0.01810637579347931,0.08248092995751065,0.5,1.0,17.645286893006414,turtle,random_search,1,-0.12017367887399555,10
3,30,-0.028060082883447635,0.0541177978535277,0.06334941376073096,0.5,1.0,30.05084248899948,turtle,random_search,1,-0.12017367887399555,10
4,40,-0.1043756807783387,0.010624073704617132,0.06605065590402666,0.5,1.0,40.116892664009356,turtle,random_search,1,-0.12017367887399555,10
5,50,-0.1631014295612072,0.04937829399975531,0.11087316531816073,0.5,1.0,50.1728287779988,turtle,random_search,1,-0.1631014295612072,10
6,60,-0.09406215416023045,-0.011273449653784873,0.06010478236494816,0.5,1.0,61.52617919900513,turtle,random_search,1,-0.1631014295612072,10
7,70,-0.2045427196351186,-0.057733345789772274,0.08485317734684343,0.5,1.0,73.12739960801264,turtle,random_search,1,-0.2045427196351186,10
8,80,-0.08855403319670074,0.02693026261605702,0.054646792810585855,0.5,1.0,86.19551413100271,turtle,random_search,1,-0.2045427196351186,10
9,90,-0.08992517917713716,0.028270478611392046,0.09587728119793858,0.5,1.0,101.64688291400671,turtle,random_search,1,-0.2045427196351186,10
10,100,-0.051932774116719926,0.013113039231945756,0.05291224082817297,0.5,1.0,118.90908762501203,turtle,random_search,1,-0.2045427196351186,10
11,110,-0.07632978263241696,0.004400670378728311,0.0489646557627507,0.5,1.0,135.6959406120004,turtle,random_search,1,-0.2045427196351186,10
12,120,-0.08664174272746816,0.02358252909773757,0.053168955356048105,0.5,1.0,149.51514167600544,turtle,random_search,1,-0.2045427196351186,10
13,130,-0.09554926141450437,-0.006542453809860227,0.0620881654547,0.5,1.0,162.53891497100994,turtle,random_search,1,-0.2045427196351186,10
14,140,-0.1280132743532052,0.024132549601639398,0.07853828866494318,0.5,1.0,177.51369294599863,turtle,random_search,1,-0.2045427196351186,10
15,150,-0.3334956282568431,-0.08521776565006212,0.13948988522494163,0.5,1.0,198.6514479200123,turtle,random_search,1,-0.3334956282568431,10
16,160,-0.09305518141225555,-0.0014335928651359354,0.047784207419633754,0.5,1.0,213.30663634400116,turtle,random_search,1,-0.3334956282568431,10
17,170,-0.20866876144008373,0.005754725052568244,0.08535550440971612,0.5,1.0,228.49858340600622,turtle,random_search,1,-0.3334956282568431,10
18,180,-0.2591849867704088,0.018132657097187012,0.11328842971493436,0.5,1.0,244.73859221400926,turtle,random_search,1,-0.3334956282568431,10
19,190,-0.09939746605228983,0.046837051407546945,0.12403111996482505,0.5,1.0,261.1640307380003,turtle,random_search,1,-0.3334956282568431,10
20,200,-0.09259373540321025,0.006756628570634415,0.058838782615366486,0.5,1.0,276.16992915399896,turtle,random_search,1,-0.3334956282568431,10
21,210,-0.27535244082212973,0.013372396161634992,0.1615879848072,0.5,1.0,292.1117807300034,turtle,random_search,1,-0.3334956282568431,10
22,220,0.011696088485441791,0.07841362689625794,0.07859921323962646,0.5,1.0,304.33904762200837,turtle,random_search,1,-0.3334956282568431,10
23,230,-0.08739043589835838,0.049086671695540304,0.08922222484337514,0.5,1.0,319.87587661000725,turtle,random_search,1,-0.3334956282568431,10
24,240,-0.213472358579617,-0.0004870210428906674,0.11076283568235651,0.5,1.0,332.7429319549992,turtle,random_search,1,-0.3334956282568431,10
25,250,-0.10559956194574394,0.048293441692156505,0.14431748169270636,0.5,1.0,349.38505262001127,turtle,random_search,1,-0.3334956282568431,10
26,260,-0.14096464923340246,-0.004503656447781434,0.07959232984409702,0.5,1.0,365.1959098869993,turtle,random_search,1,-0.3334956282568431,10
27,270,-0.0738879292537451,0.01889486079767675,0.08954909268350807,0.5,1.0,377.2480218080018,turtle,random_search,1,-0.3334956282568431,10
28,280,-0.18426284403695625,-0.024336350865562028,0.12336370716869592,0.5,1.0,392.73085751000326,turtle,random_search,1,-0.3334956282568431,10
29,290,-0.12206270472631875,0.026680605351317777,0.06391991246743677,0.5,1.0,408.3284010110074,turtle,random_search,1,-0.3334956282568431,10
30,300,-0.1283571727925379,-0.019837190700685257,0.06350437846455145,0.5,1.0,423.9903927760024,turtle,random_search,1,-0.3334956282568431,10
31,310,-0.0709643041503547,0.037803398467635765,0.08420414195233143,0.5,1.0,434.83643817101256,turtle,random_search,1,-0.3334956282568431,10
32,320,-0.11964427457289695,0.023828637129112363,0.09755396479765933,0.5,1.0,449.39658676100953,turtle,random_search,1,-0.3334956282568431,10
33,330,-0.4203011150068461,-0.046136960517510775,0.13389186466702932,0.5,1.0,463.4701263330062,turtle,random_search,1,-0.4203011150068461,10
34,340,-0.028948320292173868,0.019779801336612925,0.06182486878874176,0.5,1.0,476.9985451370012,turtle,random_search,1,-0.4203011150068461,10
35,350,-0.24679475465217582,-0.03127949609705505,0.08363059969942699,0.5,1.0,490.65764856401074,turtle,random_search,1,-0.4203011150068461,10
36,360,-0.08392738480143969,0.00553713516794474,0.042887467283546955,0.5,1.0,502.719037199,turtle,random_search,1,-0.4203011150068461,10
37,370,-0.02858082084986968,0.014217232076841047,0.0426281027857669,0.5,1.0,513.730609819002,turtle,random_search,1,-0.4203011150068461,10
38,380,-0.20808485234077345,0.008897115071909757,0.08092631460615876,0.5,1.0,521.3666616400005,turtle,random_search,1,-0.4203011150068461,10
39,390,-0.10469301177506196,0.02458686025947836,0.07554770700372414,0.5,1.0,528.8873935790034,turtle,random_search,1,-0.4203011150068461,10
40,400,-0.19129033373263393,0.005175657068211414,0.09896773128868754,0.5,1.0,538.940980452011,turtle,random_search,1,-0.4203011150068461,10
41,410,-0.12186250672339138,-0.012325887222246923,0.06635916398029255,0.5,1.0,549.3663134040107,turtle,random_search,1,-0.4203011150068461,10
42,420,-0.16700070549924728,-0.008088796197155457,0.08130127781526558,0.5,1.0,560.3865680070012,turtle,random_search,1,-0.4203011150068461,10
43,430,-0.12014909435026944,-0.04303687291941198,0.057136381330277035,0.5,1.0,574.5077003000042,turtle,random_search,1,-0.4203011150068461,10
44,440,-0.07906651981967627,0.01724437564103498,0.05590531026138495,0.5,1.0,591.1942645430099,turtle,random_search,1,-0.4203011150068461,10
45,450,-0.37687818296873754,-0.02871783672056578,0.13992219074368004,0.5,1.0,603.5276011009992,turtle,random_search,1,-0.4203011150068461,10
46,460,-0.04013674867762518,0.03035832454308105,0.05283217768815896,0.5,1.0,614.5856008800038,turtle,random_search,1,-0.4203011150068461,10
47,470,-0.17314444299594012,-0.008996076501664608,0.1406441552415061,0.5,1.0,627.0945925620035,turtle,random_search,1,-0.4203011150068461,10
48,480,-0.1642350114091462,-0.007329371685252717,0.07597891584369197,0.5,1.0,641.4252095160045,turtle,random_search,1,-0.4203011150068461,10
49,490,-0.2814993946707922,-0.038251553589871354,0.09372322703376537,0.5,1.0,654.6849351490091,turtle,random_search,1,-0.4203011150068461,10
50,500,-0.15274190921885467,0.011552035325731768,0.08864203150607083,0.5,1.0,667.0058145710063,turtle,random_search,1,-0.4203011150068461,10
51,510,-0.07164997765943415,-0.017562484232675413,0.034212190905177534,0.5,1.0,677.6744566390116,turtle,random_search,1,-0.4203011150068461,10
52,520,-0.12876901218336023,-0.009182862613036668,0.05637997916591762,0.5,1.0,692.7994544420071,turtle,random_search,1,-0.4203011150068461,10
53,530,-0.22304144194939113,-0.03535791752454189,0.099756317043566,0.5,1.0,704.7433676770015,turtle,random_search,1,-0.4203011150068461,10
54,540,-0.21398575430066824,-0.023027471665156174,0.09133924473362358,0.5,1.0,718.6027190130117,turtle,random_search,1,-0.4203011150068461,10
55,550,-0.14336339569569923,0.001420936795878358,0.0817611611693372,0.5,1.0,734.5242149000114,turtle,random_search,1,-0.4203011150068461,10
56,560,-0.244762773733874,-0.0003036729922691883,0.10757409320048875,0.5,1.0,748.2140482640098,turtle,random_search,1,-0.4203011150068461,10
57,570,-0.17774048120442743,-0.032718574001321964,0.07179367071703409,0.5,1.0,760.1692146370042,turtle,random_search,1,-0.4203011150068461,10
58,580,-0.03337417160974265,0.0298676078945622,0.06717425399849747,0.5,1.0,773.2882452910126,turtle,random_search,1,-0.4203011150068461,10
59,590,-0.1377282388794896,0.0007885951898609633,0.07617304453398684,0.5,1.0,785.9844492100092,turtle,random_search,1,-0.4203011150068461,10
60,600,-0.14382852811200486,0.01415788880950899,0.0848120211487858,0.5,1.0,800.411939276004,turtle,random_search,1,-0.4203011150068461,10
61,610,-0.11525315599082209,-0.02827194646964761,0.06624122567127917,0.5,1.0,811.4428473690059,turtle,random_search,1,-0.4203011150068461,10
62,620,-0.17667450211341862,0.033729717772640555,0.11183021075889729,0.5,1.0,821.4598266329995,turtle,random_search,1,-0.4203011150068461,10
63,630,-0.3981354833209094,-0.05174526235149566,0.13879626033112805,0.5,1.0,833.4596090600098,turtle,random_search,1,-0.4203011150068461,10
64,640,-0.11576969580815533,-0.012007766510569428,0.06383735211617735,0.5,1.0,845.5810921590019,turtle,random_search,1,-0.4203011150068461,10
65,650,-0.15506172800839657,-0.01841419455820814,0.06673558160609729,0.5,1.0,859.3836088899989,turtle,random_search,1,-0.4203011150068461,10
66,660,-0.07609350295094774,0.029082469369460195,0.08349704284822414,0.5,1.0,871.2327549800102,turtle,random_search,1,-0.4203011150068461,10
67,670,-0.20571984884545103,-0.03615152808545892,0.08588480167101102,0.5,1.0,879.4351919309993,turtle,random_search,1,-0.4203011150068461,10
68,680,-0.1409478287705479,0.008477584189530063,0.07153905804327926,0.5,1.0,889.9686391200084,turtle,random_search,1,-0.4203011150068461,10
69,690,-0.06626669271197994,0.028179812122606583,0.10486471168659149,0.5,1.0,903.9771157460054,turtle,random_search,1,-0.4203011150068461,10
70,700,-0.05569222678589192,0.040010131319284346,0.11549437836418965,0.5,1.0,914.4953589840006,turtle,random_search,1,-0.4203011150068461,10
71,710,-0.21338315261017105,-0.030052589678735586,0.06902388479990124,0.5,1.0,931.5730483930092,turtle,random_search,1,-0.4203011150068461,10
72,720,-0.061519928118142,0.017575739021414804,0.06853540546477369,0.5,1.0,943.492337802003,turtle,random_search,1,-0.4203011150068461,10
73,730,-0.040711576850601006,-0.0075491477799364045,0.024314801418278565,0.5,1.0,956.8239275939995,turtle,random_search,1,-0.4203011150068461,10
74,740,-0.1923368789488471,-0.025239627984156333,0.06610816689175887,0.5,1.0,970.2138477039989,turtle,random_search,1,-0.4203011150068461,10
75,750,-0.1775655277457302,-0.004973770619013251,0.10391505590841944,0.5,1.0,982.2796291640116,turtle,random_search,1,-0.4203011150068461,10
76,760,-0.10746096263378746,0.02709893734663993,0.09304182471088986,0.5,1.0,993.0109445859998,turtle,random_search,1,-0.4203011150068461,10
77,770,-0.13127260844282507,0.00192536878707692,0.09276826568399146,0.5,1.0,1007.1077877580101,turtle,random_search,1,-0.4203011150068461,10
78,780,-0.1287824762892429,-0.010128432945578147,0.051964396281808746,0.5,1.0,1021.9302540089993,turtle,random_search,1,-0.4203011150068461,10
79,790,-0.07335709961018022,0.04181339603334031,0.07369338071733739,0.5,1.0,1036.2727359580022,turtle,random_search,1,-0.4203011150068461,10
80,800,-0.338171576766781,-0.0638048984232185,0.1466419703696899,0.5,1.0,1048.6389836750022,turtle,random_search,1,-0.4203011150068461,10
81,810,-0.07771688173295299,-0.002968877158412919,0.0636630276714975,0.5,1.0,1060.0602319520112,turtle,random_search,1,-0.4203011150068461,10
82,820,-0.12213414967086234,0.07996437888925971,0.23183672183606813,0.5,1.0,1073.5962474810076,turtle,random_search,1,-0.4203011150068461,10
83,830,-0.2597875908250433,0.0034291208110026616,0.09500059596852309,0.5,1.0,1083.950026311999,turtle,random_search,1,-0.4203011150068461,10
84,840,-0.09889125127229015,0.02443339838857419,0.06725302149351671,0.5,1.0,1095.9274084490025,turtle,random_search,1,-0.4203011150068461,10
85,850,-0.04708647250321896,0.03545699721577709,0.06900250759595396,0.5,1.0,1111.5206954730093,turtle,random_search,1,-0.4203011150068461,10
86,860,-0.07711380518782196,0.012105399000566397,0.03737061184367714,0.5,1.0,1120.3611709940014,turtle,random_search,1,-0.4203011150068461,10
87,870,-0.05265442442104007,0.013356078768713964,0.054386720411616095,0.5,1.0,1134.7020993100014,turtle,random_search,1,-0.4203011150068461,10
88,880,-0.055306273837802955,0.045174828028935556,0.07712467647187944,0.5,1.0,1148.1627688300068,turtle,random_search,1,-0.4203011150068461,10
89,890,-0.06921034673173576,0.007332074425157131,0.04852289221347732,0.5,1.0,1162.2673352590064,turtle,random_search,1,-0.4203011150068461,10
90,900,-0.1355781155289062,0.07350713237310362,0.13222217324396476,0.5,1.0,1174.0727231100027,turtle,random_search,1,-0.4203011150068461,10
91,910,-0.09028471454081011,-0.0034689879756304443,0.05940193816621643,0.5,1.0,1187.7370031989994,turtle,random_search,1,-0.4203011150068461,10
92,920,-0.27749125426285826,-0.041778140686830764,0.11759564668238888,0.5,1.0,1201.7877773080108,turtle,random_search,1,-0.4203011150068461,10
93,930,-0.22634486381749852,0.000845785519124842,0.09919599128716997,0.5,1.0,1214.1427178580052,turtle,random_search,1,-0.4203011150068461,10
94,940,-0.1282034673899206,-0.024464236691347452,0.0580581233399805,0.5,1.0,1225.2921160110127,turtle,random_search,1,-0.4203011150068461,10
95,950,-0.1595715433252236,-0.02567967682700383,0.08689760195406311,0.5,1.0,1237.4654765480082,turtle,random_search,1,-0.4203011150068461,10
96,960,-0.17391752699442264,-0.017831062608854253,0.08056334135241633,0.5,1.0,1248.3686591830046,turtle,random_search,1,-0.4203011150068461,10
97,970,-0.07850208543025605,-0.0034395901860254873,0.04216207867672576,0.5,1.0,1262.3577867580025,turtle,random_search,1,-0.4203011150068461,10
98,980,-0.18697080013759404,-0.011693429786244635,0.06564959210651018,0.5,1.0,1275.4657675080089,turtle,random_search,1,-0.4203011150068461,10
99,990,-0.17917575464753277,-0.008617105723425222,0.11073851543945058,0.5,1.0,1287.582870052007,turtle,random_search,1,-0.4203011150068461,10
100,1000,-0.2629068981063849,-0.03863415279971001,0.08333744864081327,0.5,1.0,1298.565744462001,turtle,random_search,1,-0.4203011150068461,10
101,1010,-0.11436735213266935,0.025294259126778497,0.08320531055808131,0.5,1.0,1311.0004056250036,turtle,random_search,1,-0.4203011150068461,10
102,1020,-0.07772143816755239,0.03171396992866349,0.07371612055984128,0.5,1.0,1323.6648107960063,turtle,random_search,1,-0.4203011150068461,10
103,1030,-0.015246457160508875,0.05907962762499306,0.07894755815632624,0.5,1.0,1337.131963140011,turtle,random_search,1,-0.4203011150068461,10
104,1040,-0.10674399979857174,0.006113556232415629,0.07157584545521924,0.5,1.0,1348.5248824709997,turtle,random_search,1,-0.4203011150068461,10
105,1050,-0.2212084441985338,0.002574667365053962,0.0885193487665577,0.5,1.0,1362.5508822560078,turtle,random_search,1,-0.4203011150068461,10
106,1060,-0.05809918237174738,0.030310667982203922,0.07650373309252774,0.5,1.0,1377.8328389080125,turtle,random_search,1,-0.4203011150068461,10
107,1070,-0.20497687929564368,-0.042128890906564284,0.10260238625780739,0.5,1.0,1392.1298427959991,turtle,random_search,1,-0.4203011150068461,10
108,1080,-0.16640484987130755,-0.027467595049874217,0.0865654613986016,0.5,1.0,1405.4791403560084,turtle,random_search,1,-0.4203011150068461,10
109,1090,-0.2768587378082996,-0.004660234661637741,0.11391896865520508,0.5,1.0,1418.3023220970063,turtle,random_search,1,-0.4203011150068461,10
110,1100,-0.106091564217345,0.02405784131671762,0.07094567110259792,0.5,1.0,1431.7130042080098,turtle,random_search,1,-0.4203011150068461,10
111,1110,-0.07735881585421911,0.016397388703731242,0.05155096292339204,0.5,1.0,1445.456853472002,turtle,random_search,1,-0.4203011150068461,10
112,1120,-0.1449512323855453,-0.016477028944696846,0.07540533062707366,0.5,1.0,1461.2431070160092,turtle,random_search,1,-0.4203011150068461,10
113,1130,-0.18041735374275625,-0.006806600648291106,0.07614663218126991,0.5,1.0,1471.7346748080017,turtle,random_search,1,-0.4203011150068461,10
114,1140,-0.07069143524705357,0.04952317555454462,0.08918818154639965,0.5,1.0,1483.1598455909989,turtle,random_search,1,-0.4203011150068461,10
115,1150,-0.17636826641803616,0.0008663331344685333,0.09808042450934128,0.5,1.0,1494.2960767170007,turtle,random_search,1,-0.4203011150068461,10
116,1160,-0.004690670775009842,0.045268883818743076,0.05019751791517279,0.5,1.0,1508.3922612790047,turtle,random_search,1,-0.4203011150068461,10
117,1170,-0.14244482542762338,-0.013431936008679823,0.05819482488363998,0.5,1.0,1518.8192665360111,turtle,random_search,1,-0.4203011150068461,10
118,1180,-0.08220085394301435,0.021703702723925567,0.06931262362575165,0.5,1.0,1531.7816228310112,turtle,random_search,1,-0.4203011150068461,10
119,1190,-0.06340916732787427,0.06947447127006959,0.0994919249583528,0.5,1.0,1542.2264831830107,turtle,random_search,1,-0.4203011150068461,10
120,1200,-0.1418344047239346,0.022356436566632797,0.08925335069381178,0.5,1.0,1556.5202408379992,turtle,random_search,1,-0.4203011150068461,10
121,1210,-0.04644555699880559,0.06332079788913791,0.12340184370216066,0.5,1.0,1571.0571343320044,turtle,random_search,1,-0.4203011150068461,10
122,1220,-0.1479862270261707,0.011961905442176058,0.06351496989521473,0.5,1.0,1585.125105487008,turtle,random_search,1,-0.4203011150068461,10
123,1230,-0.06699112554554976,1.0078599267724229,2.997906113858264,0.5,1.0,1597.747141825006,turtle,random_search,1,-0.4203011150068461,10
124,1240,-0.10189185114793275,0.015488487880997059,0.10738494498144846,0.5,1.0,1610.948098534005,turtle,random_search,1,-0.4203011150068461,10
125,1250,-0.07288082704196874,1.0550873008195851,2.98990088634329,0.5,1.0,1626.8106729360006,turtle,random_search,1,-0.4203011150068461,10
126,1260,-0.11835021692773928,-0.009609137256013246,0.06385870177736307,0.5,1.0,1639.9771584140108,turtle,random_search,1,-0.4203011150068461,10
127,1270,-0.023224190532157074,0.03052248587658184,0.05101989393095667,0.5,1.0,1654.4499425960094,turtle,random_search,1,-0.4203011150068461,10
128,1280,-0.1941568247966785,-0.0470014142857921,0.07057853211661355,0.5,1.0,1667.7199617250008,turtle,random_search,1,-0.4203011150068461,10
129,1290,-0.06909812888938305,0.03648684848379391,0.06710741277974752,0.5,1.0,1681.6630503650085,turtle,random_search,1,-0.4203011150068461,10
130,1300,-0.12899020171537323,0.012734240066439018,0.06653034235947337,0.5,1.0,1695.190401844011,turtle,random_search,1,-0.4203011150068461,10
131,1310,-0.2695331782275634,-0.011491318754123282,0.10678023753748926,0.5,1.0,1708.7282164960052,turtle,random_search,1,-0.4203011150068461,10
132,1320,-0.036926288459028456,0.03927990346019623,0.06680324230332803,0.5,1.0,1721.4770113080012,turtle,random_search,1,-0.4203011150068461,10
133,1330,-0.19663373111509586,-0.03713498643597903,0.07276906132765751,0.5,1.0,1738.3995414210076,turtle,random_search,1,-0.4203011150068461,10
134,1340,-0.12594961114003755,0.01929695306659456,0.07626753248320096,0.5,1.0,1747.1836683520087,turtle,random_search,1,-0.4203011150068461,10
135,1350,-0.2125686302195957,-0.03615536904235776,0.09068086464142378,0.5,1.0,1762.9060436900036,turtle,random_search,1,-0.4203011150068461,10
136,1360,-0.1631709768680869,-0.010114704625447769,0.08985275449617981,0.5,1.0,1775.7186721710023,turtle,random_search,1,-0.4203011150068461,10
137,1370,-0.063363457754674,0.02048001591660258,0.05278497844639183,0.5,1.0,1786.9709006320045,turtle,random_search,1,-0.4203011150068461,10
138,1380,-0.06522844581247167,0.01322002428794855,0.05416479546934616,0.5,1.0,1800.9680955570075,turtle,random_search,1,-0.4203011150068461,10
139,1390,-0.16430503919322081,-0.02146377109687352,0.1009152477495131,0.5,1.0,1810.804819270008,turtle,random_search,1,-0.4203011150068461,10
140,1400,-0.034906556579580084,0.023612358637120058,0.03867112712793575,0.5,1.0,1820.7145991380094,turtle,random_search,1,-0.4203011150068461,10
141,1410,-0.0837703602646016,0.023757748439279247,0.06588984633282556,0.5,1.0,1834.3767274130078,turtle,random_search,1,-0.4203011150068461,10
142,1420,-0.2683755362909004,-0.017735193075640775,0.10780580104183361,0.5,1.0,1845.8095778670104,turtle,random_search,1,-0.4203011150068461,10
143,1430,-0.218107343561317,0.007589118478441214,0.10941226339424151,0.5,1.0,1861.941041818005,turtle,random_search,1,-0.4203011150068461,10
144,1440,-0.34337910316661446,-0.06083304384517385,0.11025438345977646,0.5,1.0,1875.7478284740064,turtle,random_search,1,-0.4203011150068461,10
145,1450,-0.09550106444625506,-0.01145052794435264,0.037604790368924515,0.5,1.0,1888.8386878760066,turtle,random_search,1,-0.4203011150068461,10
146,1460,-0.06457195102097568,-0.0020069813022622006,0.05956917563359608,0.5,1.0,1903.3936337230116,turtle,random_search,1,-0.4203011150068461,10
147,1470,-0.1000441265308396,0.012579310487940986,0.0510753842360779,0.5,1.0,1917.0037472580007,turtle,random_search,1,-0.4203011150068461,10
148,1480,-0.3556073539476232,-0.0663061704734604,0.11474678255959118,0.5,1.0,1932.394776598012,turtle,random_search,1,-0.4203011150068461,10
149,1490,-0.08632816254888098,0.0027843752346563555,0.06034709236959019,0.5,1.0,1946.8076654000033,turtle,random_search,1,-0.4203011150068461,10
150,1500,-0.05651560179687021,-0.015548501511502888,0.029891907282526727,0.5,1.0,1955.5361558200093,turtle,random_search,1,-0.4203011150068461,10
151,1510,-0.14137613010068417,-0.037428916442246066,0.06723862829471186,0.5,1.0,1966.9272756550054,turtle,random_search,1,-0.4203011150068461,10
152,1520,-0.24691004909980308,-0.025308279105890376,0.08277283211985949,0.5,1.0,1979.928652720002,turtle,random_search,1,-0.4203011150068461,10
153,1530,-0.08814885604849731,-0.051150272781494,0.035004337626506954,0.5,1.0,1992.0558381900046,turtle,random_search,1,-0.4203011150068461,10
154,1540,-0.2191404742845533,0.005047538414193031,0.16771187593127937,0.5,1.0,2003.4939437249996,turtle,random_search,1,-0.4203011150068461,10
155,1550,-0.14872881006119876,0.017398365037915565,0.11508081687286868,0.5,1.0,2015.7138996540016,turtle,random_search,1,-0.4203011150068461,10
156,1560,-0.18780833871579006,-0.026648837821530335,0.08849956785246398,0.5,1.0,2028.4386987620092,turtle,random_search,1,-0.4203011150068461,10
157,1570,-0.3636880496097268,-0.04761000838420646,0.13724659953186807,0.5,1.0,2045.0875443570112,turtle,random_search,1,-0.4203011150068461,10
158,1580,-0.42384319329656517,-0.007876796271397701,0.14006764900366292,0.5,1.0,2060.5809481970064,turtle,random_search,1,-0.42384319329656517,10
159,1590,-0.12070970245702917,0.005783125411871115,0.06308641034783252,0.5,1.0,2072.115580291007,turtle,random_search,1,-0.42384319329656517,10
160,1600,-0.10039076793913715,0.00547656766080884,0.06186478849990428,0.5,1.0,2086.3605649780075,turtle,random_search,1,-0.42384319329656517,10
161,1610,-0.2485281103515593,-0.04201475150924834,0.08687753275368382,0.5,1.0,2095.699087907007,turtle,random_search,1,-0.42384319329656517,10
162,1620,-0.13608534288780838,-0.00367288373875132,0.0803889202070428,0.5,1.0,2107.082728170004,turtle,random_search,1,-0.42384319329656517,10
163,1630,-0.05195593241641472,0.003903252295787052,0.04137931809835881,0.5,1.0,2118.748967216001,turtle,random_search,1,-0.42384319329656517,10
164,1640,-0.0846719763767858,0.049831220536992404,0.09306662304632447,0.5,1.0,2130.288088971007,turtle,random_search,1,-0.42384319329656517,10
165,1650,-0.17446614130852467,0.0075447581998704825,0.07166882698671324,0.5,1.0,2144.794214325011,turtle,random_search,1,-0.42384319329656517,10
166,1660,-0.31144583228667244,-0.015357055945229802,0.11799584083710114,0.5,1.0,2160.3886115710047,turtle,random_search,1,-0.42384319329656517,10
167,1670,-0.046024475663894115,0.042846023748265606,0.06974761110234945,0.5,1.0,2173.2614292930084,turtle,random_search,1,-0.42384319329656517,10
168,1680,-0.23670484029736283,-0.012147360499770877,0.12056847632459052,0.5,1.0,2186.1539079130016,turtle,random_search,1,-0.42384319329656517,10
169,1690,-0.1739026645634052,0.04181320295673059,0.10437769084531084,0.5,1.0,2195.743240380005,turtle,random_search,1,-0.42384319329656517,10
170,1700,-0.08683102374725227,0.012523478956832434,0.08708402911719865,0.5,1.0,2210.2293650810025,turtle,random_search,1,-0.42384319329656517,10
171,1710,-0.07296246056497324,0.017169838332978315,0.05682434085040336,0.5,1.0,2222.678425618011,turtle,random_search,1,-0.42384319329656517,10
172,1720,-0.1900502697949582,-0.03696630010718156,0.08693013572691276,0.5,1.0,2235.4394984700048,turtle,random_search,1,-0.42384319329656517,10
173,1730,-0.20994228916449398,-0.005319796284549571,0.0980681143039325,0.5,1.0,2247.10614390501,turtle,random_search,1,-0.42384319329656517,10
174,1740,-0.06320580857638447,0.007383280211652021,0.04523415750584525,0.5,1.0,2259.8340729620104,turtle,random_search,1,-0.42384319329656517,10
175,1750,-0.21611867792598716,-0.0037912532391326083,0.12443915339933494,0.5,1.0,2275.025805464,turtle,random_search,1,-0.42384319329656517,10
176,1760,-0.2529791777697863,-0.021739945232782977,0.1275359402509701,0.5,1.0,2287.331557689002,turtle,random_search,1,-0.42384319329656517,10
177,1770,-0.2629244066427754,-0.04882784048645714,0.08591516687136513,0.5,1.0,2298.543846313012,turtle,random_search,1,-0.42384319329656517,10
178,1780,-0.18891031641086453,0.04865963658075527,0.13599023632067872,0.5,1.0,2314.4667010980047,turtle,random_search,1,-0.42384319329656517,10
179,1790,-0.11162493614749636,0.005178840066579582,0.06953503006394625,0.5,1.0,2327.146246936012,turtle,random_search,1,-0.42384319329656517,10
180,1800,-0.2500698170829585,-0.09291754999155488,0.1152961432739643,0.5,1.0,2339.494859960003,turtle,random_search,1,-0.42384319329656517,10
181,1810,-0.0837939749847969,0.04148890918771615,0.08170617469772455,0.5,1.0,2353.9871941910096,turtle,random_search,1,-0.42384319329656517,10
182,1820,-0.0974219831648977,0.008391524296927955,0.08662468339278144,0.5,1.0,2365.0345676740108,turtle,random_search,1,-0.42384319329656517,10
183,1830,-0.1452511944602053,-0.012388619237618137,0.061351347235298816,0.5,1.0,2377.627912918004,turtle,random_search,1,-0.42384319329656517,10
184,1840,-0.20267188176557482,-0.01139707306185267,0.09194354484069583,0.5,1.0,2391.2519713250076,turtle,random_search,1,-0.42384319329656517,10
185,1850,-0.1692602094204556,1.009495522061929,2.998171421405021,0.5,1.0,2402.717820225007,turtle,random_search,1,-0.42384319329656517,10
186,1860,-0.0503193383673084,0.0235360424812197,0.0529026776113683,0.5,1.0,2414.2417946409987,turtle,random_search,1,-0.42384319329656517,10
187,1870,-0.07092144208304951,-0.007357037836546798,0.04775071885907171,0.5,1.0,2425.3886552890035,turtle,random_search,1,-0.42384319329656517,10
188,1880,-0.18247077942750778,-0.014182924835901112,0.09117996439184156,0.5,1.0,2437.701902079003,turtle,random_search,1,-0.42384319329656517,10
189,1890,-0.17545773171927959,0.0015137903562836286,0.08216131024386152,0.5,1.0,2451.325781467007,turtle,random_search,1,-0.42384319329656517,10
190,1900,-0.07576044290126571,0.005529374944792398,0.04091116098637958,0.5,1.0,2466.8484664190037,turtle,random_search,1,-0.42384319329656517,10
191,1910,-0.03385701257460738,0.037122569524423187,0.04969822516991953,0.5,1.0,2482.086663225011,turtle,random_search,1,-0.42384319329656517,10
192,1920,-0.22552237193457803,0.04482501029384922,0.14501435706421978,0.5,1.0,2494.3876593840105,turtle,random_search,1,-0.42384319329656517,10
193,1930,-0.13607008331929915,-0.017617453633640333,0.05625240618261924,0.5,1.0,2509.289280817,turtle,random_search,1,-0.42384319329656517,10
194,1940,-0.07202953414839719,0.012703730834079163,0.0778789764482226,0.5,1.0,2524.17482485401,turtle,random_search,1,-0.42384319329656517,10
195,1950,-0.11427189302651364,-0.0029477057331903644,0.06768698923602212,0.5,1.0,2537.5806228160072,turtle,random_search,1,-0.42384319329656517,10
196,1960,-0.05764324015615596,0.010192610156138038,0.05148195917922814,0.5,1.0,2553.853609812999,turtle,random_search,1,-0.42384319329656517,10
197,1970,-0.18097625023083097,-0.007598084849886532,0.0644617758836445,0.5,1.0,2565.5529242050106,turtle,random_search,1,-0.42384319329656517,10
198,1980,-0.3564329270167397,-0.013203980690418327,0.20776133443346423,0.5,1.0,2578.2133679370017,turtle,random_search,1,-0.42384319329656517,10
199,1990,-0.052668160327367985,0.05005862702852557,0.07838573168961442,0.5,1.0,2590.7976785300125,turtle,random_search,1,-0.42384319329656517,10
200,2000,-0.10949658491047742,-0.0024453178861479686,0.08246110747682378,0.5,1.0,2599.898386156012,turtle,random_search,1,-0.42384319329656517,10
201,2010,-0.20537520513928875,-0.01790675419702161,0.09173021006454289,0.5,1.0,2613.0650413900003,turtle,random_search,1,-0.42384319329656517,10
202,2020,-0.09906538934477904,-0.0028634689760524525,0.06124128530830071,0.5,1.0,2627.345946526999,turtle,random_search,1,-0.42384319329656517,10
203,2030,-0.2960220040111725,-0.01610249305231779,0.11298980360368271,0.5,1.0,2642.863312967005,turtle,random_search,1,-0.42384319329656517,10
204,2040,-0.11519707534505308,-0.0055595956926040024,0.08902301980669246,0.5,1.0,2657.6415671990108,turtle,random_search,1,-0.42384319329656517,10
205,2050,-0.11024883742274305,0.004548561564532339,0.10067319467106729,0.5,1.0,2668.803626596011,turtle,random_search,1,-0.42384319329656517,10
206,2060,-0.12891479951620788,-0.011548143699654557,0.07374376134625936,0.5,1.0,2680.0581557810074,turtle,random_search,1,-0.42384319329656517,10
207,2070,-0.17216026384801086,-0.020293893596735925,0.07457841965023522,0.5,1.0,2690.3922320210113,turtle,random_search,1,-0.42384319329656517,10
208,2080,-0.16689008228720414,-0.041172316404338896,0.06349232956763744,0.5,1.0,2704.3294132410083,turtle,random_search,1,-0.42384319329656517,10
209,2090,-0.07739472472992048,-0.01455970619001148,0.045381994308867586,0.5,1.0,2719.15294457,turtle,random_search,1,-0.42384319329656517,10
210,2100,-0.1956238289765988,-0.04818196853822769,0.06687045387521413,0.5,1.0,2732.1075957580033,turtle,random_search,1,-0.42384319329656517,10
211,2110,-0.19781093623443624,-0.02380817557602839,0.074133183653111,0.5,1.0,2745.22194315301,turtle,random_search,1,-0.42384319329656517,10
212,2120,-0.0988586624438037,0.0034655864145302752,0.06002896865764022,0.5,1.0,2758.3244218170003,turtle,random_search,1,-0.42384319329656517,10
213,2130,-0.08610222900682896,0.015284474469750009,0.06309191982600657,0.5,1.0,2769.203045217,turtle,random_search,1,-0.42384319329656517,10
214,2140,-0.10235222981411773,-0.015962292920279175,0.06955856371482162,0.5,1.0,2782.9833939320088,turtle,random_search,1,-0.42384319329656517,10
215,2150,-0.11342825473711304,0.008910179341654612,0.05924068252044124,0.5,1.0,2795.9242711380066,turtle,random_search,1,-0.42384319329656517,10
216,2160,-0.10873208055159012,0.007762303617069666,0.05864166363480349,0.5,1.0,2807.5493372390047,turtle,random_search,1,-0.42384319329656517,10
217,2170,-0.025025584970477688,0.04044671021345296,0.04213805612195531,0.5,1.0,2821.491551954008,turtle,random_search,1,-0.42384319329656517,10
218,2180,-0.10330457162684858,-0.018246185430468298,0.053042643198269616,0.5,1.0,2834.9565897450084,turtle,random_search,1,-0.42384319329656517,10
219,2190,-0.1159781787052463,0.039352727521883235,0.09688088920946578,0.5,1.0,2848.071515904012,turtle,random_search,1,-0.42384319329656517,10
220,2200,-0.15514905326869055,0.01963029743608633,0.08918239296757233,0.5,1.0,2863.2845316250023,turtle,random_search,1,-0.42384319329656517,10
221,2210,-0.4934156278042776,-0.055510617863626786,0.16759877085126246,0.5,1.0,2878.77579385601,turtle,random_search,1,-0.4934156278042776,10
222,2220,-0.12332616653548634,-0.004434011541345662,0.08884272000296749,0.5,1.0,2891.9608695019997,turtle,random_search,1,-0.4934156278042776,10
223,2230,-0.02654846643053954,0.042301610871675964,0.0478802681939135,0.5,1.0,2905.64588703301,turtle,random_search,1,-0.4934156278042776,10
224,2240,-0.4289804679966318,-0.05401091946402099,0.15152157156000065,0.5,1.0,2920.5869593120005,turtle,random_search,1,-0.4934156278042776,10
225,2250,-0.10273935067728246,0.06958212446492862,0.13462534617115868,0.5,1.0,2933.6788777620095,turtle,random_search,1,-0.4934156278042776,10
226,2260,-0.28637827382124126,-0.012172905509585696,0.10259779269830303,0.5,1.0,2947.0618073130026,turtle,random_search,1,-0.4934156278042776,10
227,2270,-0.1113799949277885,-0.024206500833542588,0.044761757632098866,0.5,1.0,2959.039133561004,turtle,random_search,1,-0.4934156278042776,10
228,2280,-0.11056482699201542,0.014391003072240593,0.08432934763228711,0.5,1.0,2971.996125249003,turtle,random_search,1,-0.4934156278042776,10
229,2290,-0.06487364574326104,0.00005916100082625775,0.039688271101418156,0.5,1.0,2985.6427319460054,turtle,random_search,1,-0.4934156278042776,10
230,2300,-0.2971667782719134,0.009783376529274346,0.14435035669055926,0.5,1.0,3000.468868659009,turtle,random_search,1,-0.4934156278042776,10
231,2310,-0.2056707403750231,0.00004822627231400034,0.1405592976698432,0.5,1.0,3012.8258590230107,turtle,random_search,1,-0.4934156278042776,10
232,2320,-0.2691294072261847,-0.020029401063132203,0.10066948489354033,0.5,1.0,3022.7402741609985,turtle,random_search,1,-0.4934156278042776,10
233,2330,-0.1644295758433989,-0.04821653478640746,0.07588061339684758,0.5,1.0,3036.114524404009,turtle,random_search,1,-0.4934156278042776,10
234,2340,-0.2476905271820815,-0.024389801504723696,0.14401423896073792,0.5,1.0,3046.9395564190054,turtle,random_search,1,-0.4934156278042776,10
235,2350,-0.11203860128933751,0.030966108317436358,0.14636084845443773,0.5,1.0,3060.2234131690057,turtle,random_search,1,-0.4934156278042776,10
236,2360,-0.3097548199948319,-0.029614990856591028,0.12035236851644047,0.5,1.0,3074.238257061006,turtle,random_search,1,-0.4934156278042776,10
237,2370,-0.06163976471696042,0.04586301863925017,0.14220567726510439,0.5,1.0,3088.990049060012,turtle,random_search,1,-0.4934156278042776,10
238,2380,-0.5553931092083344,-0.03774256101331064,0.20463680323817485,0.5,1.0,3105.2800803790014,turtle,random_search,1,-0.5553931092083344,10
239,2390,-0.11454669642523818,0.999305995485775,3.00062499033658,0.5,1.0,3118.375841044006,turtle,random_search,1,-0.5553931092083344,10
240,2400,-0.24221684147175981,0.9980574565858626,3.0021643803506795,0.5,1.0,3132.388652125999,turtle,random_search,1,-0.5553931092083344,10
241,2410,-0.1563195209921613,0.003767385821761149,0.10435699025536999,0.5,1.0,3147.2927893300075,turtle,random_search,1,-0.5553931092083344,10
242,2420,-0.2196545984740661,-0.04141292192136259,0.08967799086378986,0.5,1.0,3159.9145601680066,turtle,random_search,1,-0.5553931092083344,10
243,2430,-0.07044884214609137,0.027902610885753364,0.05257068986385011,0.5,1.0,3170.6191630390094,turtle,random_search,1,-0.5553931092083344,10
244,2440,-0.08777722506911978,1.022239576855319,2.993859583723408,0.5,1.0,3184.430581165012,turtle,random_search,1,-0.5553931092083344,10
245,2450,-0.2777359677544924,-0.0016369686805106198,0.11409323855356042,0.5,1.0,3196.234830255009,turtle,random_search,1,-0.5553931092083344,10
246,2460,-0.18638781065153864,0.0007692487798485637,0.10940237194982425,0.5,1.0,3208.8999897230096,turtle,random_search,1,-0.5553931092083344,10
247,2470,-0.1301159434972643,0.009925083680211166,0.06156462988740956,0.5,1.0,3220.851517660005,turtle,random_search,1,-0.5553931092083344,10
248,2480,-0.0551459865228372,0.032460343010442025,0.041617370155880476,0.5,1.0,3234.287900282012,turtle,random_search,1,-0.5553931092083344,10
249,2490,-0.1758160693306543,0.0012377939337968157,0.09143551019593765,0.5,1.0,3246.2099920470064,turtle,random_search,1,-0.5553931092083344,10
250,2500,-0.2212864625316815,-0.04412774560027053,0.09231959705569068,0.5,1.0,3259.091574487,turtle,random_search,1,-0.5553931092083344,10
251,2510,-0.14079407264971788,-0.0021973542426243498,0.0825986000569508,0.5,1.0,3272.87482723601,turtle,random_search,1,-0.5553931092083344,10
252,2520,-0.08454562215309558,0.03094277070871119,0.09366998041528003,0.5,1.0,3286.975874135009,turtle,random_search,1,-0.5553931092083344,10
253,2530,-0.1351947098954973,0.005881092915233932,0.08525161017898542,0.5,1.0,3301.966179163006,turtle,random_search,1,-0.5553931092083344,10
254,2540,-0.3675307049468053,0.007881013004558124,0.1493845279748387,0.5,1.0,3317.512064006005,turtle,random_search,1,-0.5553931092083344,10
255,2550,-0.22533561155087067,-0.02348905465534825,0.08456295003819436,0.5,1.0,3331.1067908500117,turtle,random_search,1,-0.5553931092083344,10
256,2560,-0.06473551228064967,0.019862211938147745,0.05238506451974225,0.5,1.0,3345.4404800480115,turtle,random_search,1,-0.5553931092083344,10
257,2570,-0.08357564829614272,0.04213850811212474,0.15981337396777393,0.5,1.0,3357.088901315001,turtle,random_search,1,-0.5553931092083344,10
258,2580,-0.10627910462733148,0.051456097622628594,0.1255510586527294,0.5,1.0,3372.8761980530107,turtle,random_search,1,-0.5553931092083344,10
259,2590,-0.06499754570127703,1.0013512355768832,2.9998937958940095,0.5,1.0,3385.6592575930117,turtle,random_search,1,-0.5553931092083344,10
260,2600,-0.03651597697395115,0.015144709795241695,0.04095616199690029,0.5,1.0,3398.8996087370033,turtle,random_search,1,-0.5553931092083344,10
261,2610,-0.0255765728266395,0.038451901257559574,0.04998035392413495,0.5,1.0,3410.778602227001,turtle,random_search,1,-0.5553931092083344,10
262,2620,-0.207146919718892,-0.010071385967440083,0.07419212271978952,0.5,1.0,3422.0594454290112,turtle,random_search,1,-0.5553931092083344,10
263,2630,-0.22547068759328592,-0.03370346203290815,0.08433984042570955,0.5,1.0,3433.4292311450117,turtle,random_search,1,-0.5553931092083344,10
264,2640,-0.13272251983110017,-0.008001209693690114,0.0675264659759853,0.5,1.0,3446.3363227340014,turtle,random_search,1,-0.5553931092083344,10
265,2650,-0.13922865486351288,1.0045919269239136,2.999098930511084,0.5,1.0,3458.7047711640043,turtle,random_search,1,-0.5553931092083344,10
266,2660,-0.1622572411365839,-0.001960944304705681,0.0913448969725822,0.5,1.0,3470.4133973420103,turtle,random_search,1,-0.5553931092083344,10
267,2670,-0.11029804982846958,0.03756564332846217,0.1063290823625899,0.5,1.0,3480.728986742004,turtle,random_search,1,-0.5553931092083344,10
268,2680,-0.11100196408074581,-0.02420736780642425,0.06007312233347525,0.5,1.0,3492.3826231260027,turtle,random_search,1,-0.5553931092083344,10
269,2690,-0.30252112126990216,-0.0029144466958491043,0.11365752983635326,0.5,1.0,3505.687745386007,turtle,random_search,1,-0.5553931092083344,10
270,2700,-0.3433347882775033,-0.0514762616167018,0.1072269705949067,0.5,1.0,3517.2138285170076,turtle,random_search,1,-0.5553931092083344,10
271,2710,-0.18314211060340924,-0.025072312907422935,0.09629980737769953,0.5,1.0,3528.8237305920047,turtle,random_search,1,-0.5553931092083344,10
272,2720,-0.1672096835937502,-0.0007031583682357123,0.10138987455633304,0.5,1.0,3542.9225105810037,turtle,random_search,1,-0.5553931092083344,10
273,2730,-0.38031839860585404,0.02142304897962095,0.1637842650275982,0.5,1.0,3557.604273320001,turtle,random_search,1,-0.5553931092083344,10
274,2740,-0.03488568144883342,0.025874633924159073,0.04979534174351806,0.5,1.0,3570.9827108760073,turtle,random_search,1,-0.5553931092083344,10
275,2750,-0.31829123951406046,-0.04103644057706637,0.1303113373574491,0.5,1.0,3584.4471895110037,turtle,random_search,1,-0.5553931092083344,10
276,2760,-0.33401232447575424,-0.00616777526175225,0.1503493770947687,0.5,1.0,3594.0477768710116,turtle,random_search,1,-0.5553931092083344,10
277,2770,-0.122434264333811,-0.013969721365526233,0.06054227613414996,0.5,1.0,3605.2851924190036,turtle,random_search,1,-0.5553931092083344,10
278,2780,-0.16631777430045247,0.006263152228543944,0.07650125694577445,0.5,1.0,3619.7860368039983,turtle,random_search,1,-0.5553931092083344,10
279,2790,-0.3069859258930263,-0.024119419816636966,0.12179069158466105,0.5,1.0,3634.8248517860047,turtle,random_search,1,-0.5553931092083344,10
280,2800,-0.2518809977216918,0.03217008192692612,0.13328887351441535,0.5,1.0,3649.2414686720003,turtle,random_search,1,-0.5553931092083344,10
281,2810,-0.14959516365896164,0.019010210387072048,0.08356724511673139,0.5,1.0,3659.667858882007,turtle,random_search,1,-0.5553931092083344,10
282,2820,-0.2184895252356398,0.011098470621305267,0.13967670335854673,0.5,1.0,3673.805767228012,turtle,random_search,1,-0.5553931092083344,10
283,2830,-0.07505077074016864,0.015076518315687437,0.05410067048323212,0.5,1.0,3686.681924014003,turtle,random_search,1,-0.5553931092083344,10
284,2840,-0.05725650269741411,0.0009903794239616737,0.028683236581078894,0.5,1.0,3699.2855577770097,turtle,random_search,1,-0.5553931092083344,10
285,2850,-0.2290050381279869,-0.00014942171906993096,0.13016749722919524,0.5,1.0,3711.6080296510045,turtle,random_search,1,-0.5553931092083344,10
286,2860,-0.10054524302173373,0.030101404134425903,0.06351010479037765,0.5,1.0,3723.3916841590108,turtle,random_search,1,-0.5553931092083344,10
287,2870,-0.09614923861949709,-0.02685781508915861,0.06025010042680609,0.5,1.0,3736.5713066669996,turtle,random_search,1,-0.5553931092083344,10
288,2880,-0.08509704743855284,0.005962062950794156,0.04677124858272594,0.5,1.0,3751.1715493049996,turtle,random_search,1,-0.5553931092083344,10
289,2890,-0.4735601756573242,-0.06312191005729373,0.1428057953835156,0.5,1.0,3763.8750463809993,turtle,random_search,1,-0.5553931092083344,10
290,2900,-0.04022317238901074,0.03855354283282812,0.1030241637569301,0.5,1.0,3776.8376629440027,turtle,random_search,1,-0.5553931092083344,10
291,2910,-0.25716958743022644,-0.07031338998984742,0.08439272461928092,0.5,1.0,3792.332577185007,turtle,random_search,1,-0.5553931092083344,10
292,2920,-0.1837858456489858,-0.02812845321847286,0.07887221355713932,0.5,1.0,3805.8409804440016,turtle,random_search,1,-0.5553931092083344,10
293,2930,-0.34397909931148796,-0.015423170997787316,0.13593220755904217,0.5,1.0,3818.9759790440003,turtle,random_search,1,-0.5553931092083344,10
294,2940,-0.12604651641388287,-0.005810835897154476,0.09238761362717601,0.5,1.0,3834.502290799006,turtle,random_search,1,-0.5553931092083344,10
295,2950,-0.18800860243303763,-0.0028376413170065895,0.09446113162996769,0.5,1.0,3847.515679406002,turtle,random_search,1,-0.5553931092083344,10
296,2960,-0.12575167814550792,0.009989594583368611,0.06743560128509446,0.5,1.0,3861.16846411601,turtle,random_search,1,-0.5553931092083344,10
297,2970,-0.19909157598209326,-0.0022360810673942135,0.10195929437235018,0.5,1.0,3874.7991360440064,turtle,random_search,1,-0.5553931092083344,10
298,2980,-0.14671453528839518,-0.0019277525310144484,0.05142505140917207,0.5,1.0,3888.007401434006,turtle,random_search,1,-0.5553931092083344,10
299,2990,-0.06728116644445148,0.007149731752693178,0.05031595486833152,0.5,1.0,3903.0416997830034,turtle,random_search,1,-0.5553931092083344,10
300,3000,-0.04334533013170727,0.04645761060034603,0.09643029519221756,0.5,1.0,3915.208371054003,turtle,random_search,1,-0.5553931092083344,10
301,3010,-0.11250706661415144,-0.03115556225538434,0.06247625998376169,0.5,1.0,3925.747340724003,turtle,random_search,1,-0.5553931092083344,10
302,3020,-0.12430158563808646,0.0033938837937308895,0.05986603501105008,0.5,1.0,3939.324274680999,turtle,random_search,1,-0.5553931092083344,10
303,3030,-0.17298807506096736,-0.02321499767243722,0.07193905100679467,0.5,1.0,3951.9019106920023,turtle,random_search,1,-0.5553931092083344,10
304,3040,-0.04224256610463506,0.007158080147486601,0.04219034378649029,0.5,1.0,3965.1434642000095,turtle,random_search,1,-0.5553931092083344,10
305,3050,-0.1531480138549215,0.0054428941765887195,0.14223320094306016,0.5,1.0,3977.1651319200028,turtle,random_search,1,-0.5553931092083344,10
306,3060,-0.568281072785056,-0.042293724409000075,0.20835698625646573,0.5,1.0,3989.28177434401,turtle,random_search,1,-0.568281072785056,10
307,3070,-0.2610229003936313,-0.028389653624920807,0.10793179055103203,0.5,1.0,4006.1285006180115,turtle,random_search,1,-0.568281072785056,10
308,3080,-0.30613309369965247,-0.013146775417997336,0.1475069528213736,0.5,1.0,4022.8242353800015,turtle,random_search,1,-0.568281072785056,10
309,3090,-0.10612945434817433,-0.018022056948218613,0.04989914350880276,0.5,1.0,4035.5248627780093,turtle,random_search,1,-0.568281072785056,10
310,3100,-0.057197118129061586,0.06511576710044568,0.09196326610285963,0.5,1.0,4049.629774986999,turtle,random_search,1,-0.568281072785056,10
311,3110,-0.11632172636145732,0.029414409473709834,0.08346029258655951,0.5,1.0,4064.368593156003,turtle,random_search,1,-0.568281072785056,10
312,3120,-0.10251300404191088,0.001248489995302915,0.05981070641280929,0.5,1.0,4081.3211946240044,turtle,random_search,1,-0.568281072785056,10
313,3130,-0.029745021646697012,0.00829315988245618,0.029867626625255942,0.5,1.0,4095.8206916430063,turtle,random_search,1,-0.568281072785056,10
314,3140,-0.13098065617989274,0.0071508888799824534,0.09805223331443129,0.5,1.0,4110.00395188501,turtle,random_search,1,-0.568281072785056,10
315,3150,-0.1023376939889813,-0.0044188403527084755,0.07179427416804876,0.5,1.0,4123.882971605999,turtle,random_search,1,-0.568281072785056,10
316,3160,-0.20566384467029764,0.007164400521947734,0.08913950124796856,0.5,1.0,4138.81996627101,turtle,random_search,1,-0.568281072785056,10
317,3170,-0.100056498735559,-0.016503490346717165,0.051194778591345254,0.5,1.0,4153.139176484008,turtle,random_search,1,-0.568281072785056,10
318,3180,-0.04550957619074936,0.014031174086170228,0.04503012170178345,0.5,1.0,4169.489739912999,turtle,random_search,1,-0.568281072785056,10
319,3190,-0.3947834447036458,-0.06350410580851965,0.11810351943544983,0.5,1.0,4184.265589807008,turtle,random_search,1,-0.568281072785056,10
320,3200,-0.13325600697206408,-0.0054487127911641235,0.07807022737745793,0.5,1.0,4198.930178409006,turtle,random_search,1,-0.568281072785056,10
321,3210,-0.2919092199681206,-0.04499396184471749,0.10109292601339914,0.5,1.0,4209.134990397011,turtle,random_search,1,-0.568281072785056,10
322,3220,-0.19528368748109148,0.03916361327320868,0.19196766777461546,0.5,1.0,4222.785705301008,turtle,random_search,1,-0.568281072785056,10
323,3230,-0.14928150073234114,0.0008332067673327614,0.07929847168333459,0.5,1.0,4235.535227116008,turtle,random_search,1,-0.568281072785056,10
324,3240,-0.36491890402865845,-0.028361723462490218,0.12617292819255035,0.5,1.0,4247.357738513005,turtle,random_search,1,-0.568281072785056,10
325,3250,-0.11013726691682191,-0.025990114337020653,0.05883373956119108,0.5,1.0,4261.132764856011,turtle,random_search,1,-0.568281072785056,10
326,3260,-0.09067218781672004,-0.01883761346538613,0.04161861419928909,0.5,1.0,4274.554792202005,turtle,random_search,1,-0.568281072785056,10
327,3270,-0.23924633077594226,-0.0006830753582448779,0.09815872299381678,0.5,1.0,4287.72567424101,turtle,random_search,1,-0.568281072785056,10
328,3280,-0.08145065363963155,0.034207670331728134,0.0637667884648789,0.5,1.0,4302.896027848008,turtle,random_search,1,-0.568281072785056,10
329,3290,-0.0769843176210756,-0.00006433401756575919,0.04934729980849632,0.5,1.0,4317.654667367009,turtle,random_search,1,-0.568281072785056,10
330,3300,-0.2250926133211113,-0.03472763212517584,0.08864467207246077,0.5,1.0,4330.769783784999,turtle,random_search,1,-0.568281072785056,10
331,3310,-0.13457178113453327,0.00039993714356088004,0.0776069214352831,0.5,1.0,4342.0155660910095,turtle,random_search,1,-0.568281072785056,10
332,3320,-0.14310779865155787,0.020393430237601252,0.11649873823705532,0.5,1.0,4355.150142958999,turtle,random_search,1,-0.568281072785056,10
333,3330,-0.05564307041696992,0.0056514349790018235,0.03953834271915961,0.5,1.0,4368.342771366006,turtle,random_search,1,-0.568281072785056,10
334,3340,-0.04376356423595418,0.05060425553975838,0.06586387852453168,0.5,1.0,4377.713319605013,turtle,random_search,1,-0.568281072785056,10
335,3350,-0.11048200578612821,-0.00033212468106871287,0.060959325404863964,0.5,1.0,4389.059119010009,turtle,random_search,1,-0.568281072785056,10
336,3360,-0.24735862609360204,-0.05493916018644329,0.07499827810771072,0.5,1.0,4403.342436409002,turtle,random_search,1,-0.568281072785056,10
337,3370,-0.29349194374270926,-0.0674182455200393,0.0922893301642392,0.5,1.0,4418.84368929801,turtle,random_search,1,-0.568281072785056,10
338,3380,-0.2267162906472162,-0.006640749636403598,0.07881317837092114,0.5,1.0,4430.929081031005,turtle,random_search,1,-0.568281072785056,10
339,3390,-0.34449186854176705,-0.07142343955129613,0.15287151633103788,0.5,1.0,4445.436411694012,turtle,random_search,1,-0.568281072785056,10
340,3400,-0.237977785912598,-0.04450223464937579,0.11840636538401043,0.5,1.0,4459.807706556006,turtle,random_search,1,-0.568281072785056,10
341,3410,-0.062278946113536904,0.0543574025767322,0.06773397269486027,0.5,1.0,4474.874002953002,turtle,random_search,1,-0.568281072785056,10
342,3420,-0.09374595997886459,0.023099759651214226,0.06552610306939018,0.5,1.0,4488.290074138,turtle,random_search,1,-0.568281072785056,10
343,3430,-0.3362016475173961,-0.014595773286356195,0.1375580553850834,0.5,1.0,4499.464896321006,turtle,random_search,1,-0.568281072785056,10
344,3440,-0.08985732776115807,0.008939784915550319,0.0644979275518365,0.5,1.0,4511.425585527002,turtle,random_search,1,-0.568281072785056,10
345,3450,-0.08701137555738914,-0.028141533431999564,0.030825298224661974,0.5,1.0,4522.179557099007,turtle,random_search,1,-0.568281072785056,10
346,3460,-0.3284832704040541,-0.045599012622096334,0.12357512373137879,0.5,1.0,4535.00656852001,turtle,random_search,1,-0.568281072785056,10
347,3470,-0.24694871990605893,-0.004805795449148142,0.1656688309337841,0.5,1.0,4547.3888595280005,turtle,random_search,1,-0.568281072785056,10
348,3480,-0.11403883354316235,0.00604512195814193,0.07391862034112624,0.5,1.0,4561.049012381001,turtle,random_search,1,-0.568281072785056,10
349,3490,-0.16819981720016486,0.020717755563156092,0.12420290348662841,0.5,1.0,4573.8529061029985,turtle,random_search,1,-0.568281072785056,10
350,3500,-0.18513311842573543,-0.029916826229327852,0.06841336300380578,0.5,1.0,4586.831588645,turtle,random_search,1,-0.568281072785056,10
351,3510,-0.22942685107947014,0.00779595170953149,0.12663188293224265,0.5,1.0,4600.634903134007,turtle,random_search,1,-0.568281072785056,10
352,3520,-0.08187017314296074,2.0104754624432006,3.994919481898391,0.5,1.0,4613.349917015003,turtle,random_search,1,-0.568281072785056,10
353,3530,-0.08537991382581733,-0.024431610556034933,0.03877881707299719,0.5,1.0,4625.461649543009,turtle,random_search,1,-0.568281072785056,10
354,3540,-0.3860501518625048,-0.02757358413555524,0.17244468593241596,0.5,1.0,4637.673697863007,turtle,random_search,1,-0.568281072785056,10
355,3550,-0.1519368822974787,0.020430460598736565,0.0793529308748071,0.5,1.0,4653.233345699002,turtle,random_search,1,-0.568281072785056,10
356,3560,-0.17470254117234152,-0.01014750830636757,0.08524322630279633,0.5,1.0,4663.361425597002,turtle,random_search,1,-0.568281072785056,10
357,3570,-0.23350029428283037,-0.08206266293096576,0.07816233778474065,0.5,1.0,4677.027025423013,turtle,random_search,1,-0.568281072785056,10
358,3580,-0.17994355505310988,0.00873484415989525,0.06868711833808942,0.5,1.0,4689.176478517009,turtle,random_search,1,-0.568281072785056,10
359,3590,-0.04826463686419569,0.0321698101695989,0.07039513095401687,0.5,1.0,4703.215043923003,turtle,random_search,1,-0.568281072785056,10
360,3600,-0.1193805240380339,0.015161565902476238,0.06979953436595672,0.5,1.0,4717.959330051002,turtle,random_search,1,-0.568281072785056,10
361,3610,-0.4252606531663199,-0.046056106117830974,0.14625571792269834,0.5,1.0,4728.230009153005,turtle,random_search,1,-0.568281072785056,10
362,3620,-0.1423683093519026,-0.024066164157063773,0.0991131345207915,0.5,1.0,4740.541555166012,turtle,random_search,1,-0.568281072785056,10
363,3630,-0.17467233803080084,0.03887237946053048,0.11911892576469789,0.5,1.0,4752.378708329008,turtle,random_search,1,-0.568281072785056,10
364,3640,-0.12706233909465503,-0.016257380723856584,0.050949131926324116,0.5,1.0,4765.390582007007,turtle,random_search,1,-0.568281072785056,10
365,3650,-0.2508725209995397,0.010582697571215771,0.11069994845617366,0.5,1.0,4776.999970426012,turtle,random_search,1,-0.568281072785056,10
366,3660,-0.2772639980247069,-0.031680008162222696,0.11246538525583807,0.5,1.0,4786.609777172998,turtle,random_search,1,-0.568281072785056,10
367,3670,-0.10601201508484248,0.029267958409224627,0.09147355295746319,0.5,1.0,4798.593677438999,turtle,random_search,1,-0.568281072785056,10
368,3680,-0.2355986759353481,0.012547419414401784,0.10440898233949256,0.5,1.0,4811.599780233009,turtle,random_search,1,-0.568281072785056,10
369,3690,-0.14602959721029674,1.0004378248327996,3.000805041398734,0.5,1.0,4824.717480536012,turtle,random_search,1,-0.568281072785056,10
370,3700,-0.1366576697961035,-0.008760518303577759,0.05527290787163307,0.5,1.0,4840.828454848001,turtle,random_search,1,-0.568281072785056,10
371,3710,-0.034373499348463454,0.05217978204834628,0.0572361477860097,0.5,1.0,4854.687772808,turtle,random_search,1,-0.568281072785056,10
372,3720,-0.20498945802854163,-0.02581941442424096,0.06895167675552269,0.5,1.0,4869.2664687450015,turtle,random_search,1,-0.568281072785056,10
373,3730,-0.09551335953306417,-0.005184145691261399,0.034780479012203026,0.5,1.0,4882.108566818002,turtle,random_search,1,-0.568281072785056,10
374,3740,-0.37921250693469855,0.005186411477626951,0.14727233561528097,0.5,1.0,4895.639046941011,turtle,random_search,1,-0.568281072785056,10
375,3750,-0.04667018880688012,0.06057622874521984,0.07327938201244179,0.5,1.0,4907.73800456601,turtle,random_search,1,-0.568281072785056,10
376,3760,-0.23160545974953362,-0.05734754675149532,0.11752237897859494,0.5,1.0,4920.521867378004,turtle,random_search,1,-0.568281072785056,10
377,3770,-0.17091256170558555,0.0420644316989776,0.08956629344338413,0.5,1.0,4932.475857712008,turtle,random_search,1,-0.568281072785056,10
378,3780,-0.09805083742930787,0.040226644720337566,0.07718622571891769,0.5,1.0,4946.241935872007,turtle,random_search,1,-0.568281072785056,10
379,3790,-0.1333980929448222,-0.010739369404913912,0.07260216759702048,0.5,1.0,4958.530278359001,turtle,random_search,1,-0.568281072785056,10
380,3800,-0.20434222970417348,-0.007089982555610508,0.10278888614118842,0.5,1.0,4971.564165078002,turtle,random_search,1,-0.568281072785056,10
381,3810,-0.09316289343916395,-0.017961708112600405,0.057505608056051656,0.5,1.0,4981.952081206007,turtle,random_search,1,-0.568281072785056,10
382,3820,-0.1564879476367409,-0.0050627372603353924,0.08375781442352782,0.5,1.0,4993.690110781012,turtle,random_search,1,-0.568281072785056,10
383,3830,-0.04327209423246536,0.04057331497106782,0.07328465834463041,0.5,1.0,5006.756110821007,turtle,random_search,1,-0.568281072785056,10
384,3840,-0.049495539157482504,0.014945061765820089,0.03178040693968815,0.5,1.0,5020.077023155012,turtle,random_search,1,-0.568281072785056,10
385,3850,-0.323191623382062,-0.025266488364525497,0.10838075849643887,0.5,1.0,5032.091217607012,turtle,random_search,1,-0.568281072785056,10
386,3860,-0.12504786179314742,0.9838938497108053,3.005771893034144,0.5,1.0,5042.2656148800015,turtle,random_search,1,-0.568281072785056,10
387,3870,-0.1936163241548572,-0.008412850057587828,0.10392092634241921,0.5,1.0,5053.402726654007,turtle,random_search,1,-0.568281072785056,10
388,3880,-0.1459269464831623,0.006702575762634222,0.09995696308567631,0.5,1.0,5064.967100343012,turtle,random_search,1,-0.568281072785056,10
389,3890,-0.1245761707739792,-0.029211748361650258,0.04560439626828669,0.5,1.0,5075.499735620004,turtle,random_search,1,-0.568281072785056,10
390,3900,-0.23575830050447077,-0.012248879248505328,0.12181370456579473,0.5,1.0,5087.2388257830025,turtle,random_search,1,-0.568281072785056,10
391,3910,-0.06456707341119472,0.03302921895769577,0.07846154441710038,0.5,1.0,5099.27049113001,turtle,random_search,1,-0.568281072785056,10
392,3920,-0.051410017446754885,-0.0008219589981340647,0.047649281003450714,0.5,1.0,5110.595711959002,turtle,random_search,1,-0.568281072785056,10
393,3930,-0.08894174586108328,0.06680427031085409,0.08898599598207059,0.5,1.0,5124.42147310701,turtle,random_search,1,-0.568281072785056,10
394,3940,-0.17318121269909081,0.0001301437734140265,0.09814553747381918,0.5,1.0,5135.204212075012,turtle,random_search,1,-0.568281072785056,10
395,3950,-0.27390880593675426,-0.037969306338600364,0.09227560898069805,0.5,1.0,5149.943283257002,turtle,random_search,1,-0.568281072785056,10
396,3960,-0.43452807775098634,-0.06039528335468249,0.14090856655019524,0.5,1.0,5160.75016314401,turtle,random_search,1,-0.568281072785056,10
397,3970,-0.2340071193381048,-0.02866809811854054,0.12140691874434857,0.5,1.0,5173.86396264701,turtle,random_search,1,-0.568281072785056,10
398,3980,-0.07922753005017213,0.029055764849136346,0.08927574825206293,0.5,1.0,5186.337705515005,turtle,random_search,1,-0.568281072785056,10
399,3990,-0.2197686842343316,0.0223187295457433,0.12097468939658561,0.5,1.0,5198.305423670012,turtle,random_search,1,-0.568281072785056,10
400,4000,-0.38441251312820857,-0.019643552168056022,0.17985108418610005,0.5,1.0,5211.645812344999,turtle,random_search,1,-0.568281072785056,10
401,4010,-0.14612534077069927,0.05926881004754305,0.08361081783400469,0.5,1.0,5224.032546956005,turtle,random_search,1,-0.568281072785056,10
402,4020,-0.28740138962983064,-0.06683167811952746,0.10307881387150872,0.5,1.0,5238.640556504004,turtle,random_search,1,-0.568281072785056,10
403,4030,-0.13538752485494232,-0.01818088460711209,0.051867754875531136,0.5,1.0,5251.011619634999,turtle,random_search,1,-0.568281072785056,10
404,4040,-0.15769963762531347,0.006237873597591736,0.06895770203751289,0.5,1.0,5264.224099184008,turtle,random_search,1,-0.568281072785056,10
405,4050,-0.1814933368485745,0.9808478197074766,3.0073081753623234,0.5,1.0,5275.706381248005,turtle,random_search,1,-0.568281072785056,10
406,4060,-0.06312830340971498,0.044883781813615985,0.08226250659683598,0.5,1.0,5288.482271032,turtle,random_search,1,-0.568281072785056,10
407,4070,-0.14404795910261914,0.00966574895060015,0.1031472844448464,0.5,1.0,5301.568784032002,turtle,random_search,1,-0.568281072785056,10
408,4080,-0.13665865762952745,0.027394186447693158,0.09413631057437573,0.5,1.0,5313.455004535004,turtle,random_search,1,-0.568281072785056,10
409,4090,-0.12363851038957474,-0.005045566944939584,0.0543912914998025,0.5,1.0,5327.304926492012,turtle,random_search,1,-0.568281072785056,10
410,4100,-0.23678043680619787,-0.03311137587092432,0.0984701933420065,0.5,1.0,5340.784880789011,turtle,random_search,1,-0.568281072785056,10
411,4110,-0.08414671769261428,0.03152472721533624,0.09622500332443308,0.5,1.0,5351.74666909501,turtle,random_search,1,-0.568281072785056,10
412,4120,-0.11538153616680535,0.0010171856932714718,0.05978839129237445,0.5,1.0,5366.794332939011,turtle,random_search,1,-0.568281072785056,10
413,4130,-0.11697733359447948,-0.039806438349559235,0.05111089134744216,0.5,1.0,5379.596111638006,turtle,random_search,1,-0.568281072785056,10
414,4140,-0.38077562980084956,-0.03902416157134932,0.12316533198806358,0.5,1.0,5394.152802142999,turtle,random_search,1,-0.568281072785056,10
415,4150,-0.20355587073778114,-0.04105012965146093,0.07855243009774499,0.5,1.0,5408.348852641007,turtle,random_search,1,-0.568281072785056,10
416,4160,-0.055808446140146906,-0.010688819702287944,0.02790811033674936,0.5,1.0,5419.96294687,turtle,random_search,1,-0.568281072785056,10
417,4170,-0.05716083820791695,0.05443316549223285,0.0657495938883885,0.5,1.0,5431.820482296011,turtle,random_search,1,-0.568281072785056,10
418,4180,-0.22343341853233856,-0.026724964850716314,0.07760515443795007,0.5,1.0,5443.537191907002,turtle,random_search,1,-0.568281072785056,10
419,4190,-0.17954794719708023,0.9596244189788935,3.014657145551029,0.5,1.0,5460.4470761150005,turtle,random_search,1,-0.568281072785056,10
420,4200,-0.36385746513911865,-0.045828800826328384,0.1270630304118339,0.5,1.0,5472.540904314999,turtle,random_search,1,-0.568281072785056,10
421,4210,-0.10571232280591136,0.029021927715091777,0.1183345646255425,0.5,1.0,5484.763868301001,turtle,random_search,1,-0.568281072785056,10
422,4220,-0.3662214965651369,-0.041467294694470615,0.11739129312286531,0.5,1.0,5495.7113383660035,turtle,random_search,1,-0.568281072785056,10
423,4230,-0.29701571198963617,-0.044707180573827984,0.10185315738607718,0.5,1.0,5511.347689538001,turtle,random_search,1,-0.568281072785056,10
424,4240,-0.16672120556716408,-0.01716284813625535,0.07720188254145766,0.5,1.0,5521.79377833601,turtle,random_search,1,-0.568281072785056,10
425,4250,-0.20645495096202016,-0.004336433992063871,0.12366321427345182,0.5,1.0,5535.8497851550055,turtle,random_search,1,-0.568281072785056,10
426,4260,-0.06482219157964586,-0.01684543492106405,0.030471347123289524,0.5,1.0,5549.243742164006,turtle,random_search,1,-0.568281072785056,10
427,4270,-0.0647101686098015,-0.0025095948475949647,0.046411407237198395,0.5,1.0,5564.449572926009,turtle,random_search,1,-0.568281072785056,10
428,4280,-0.08097484453174353,0.03257512114746719,0.06887261251611713,0.5,1.0,5577.762375266,turtle,random_search,1,-0.568281072785056,10
429,4290,-0.17366719022333488,-0.004186154596419201,0.08526020518721975,0.5,1.0,5590.727521145003,turtle,random_search,1,-0.568281072785056,10
430,4300,-0.1712703349338245,0.004721404766108961,0.11089625644881781,0.5,1.0,5604.298176789001,turtle,random_search,1,-0.568281072785056,10
431,4310,-0.04720575016348327,0.018153809897072735,0.04337338121955345,0.5,1.0,5616.505196740007,turtle,random_search,1,-0.568281072785056,10
432,4320,-0.11238765957836705,0.010659553238748653,0.08038740259946052,0.5,1.0,5628.681078735011,turtle,random_search,1,-0.568281072785056,10
433,4330,-0.2299157816465014,-0.04138353648152258,0.08719390395319704,0.5,1.0,5641.72337457801,turtle,random_search,1,-0.568281072785056,10
434,4340,-0.08271719672979749,0.005339239549946395,0.0587954742065189,0.5,1.0,5655.946189662005,turtle,random_search,1,-0.568281072785056,10
435,4350,-0.18316566011697333,-0.03773047132685825,0.07875351342002598,0.5,1.0,5667.068990624,turtle,random_search,1,-0.568281072785056,10
436,4360,-0.221210968497898,-0.02159890552194339,0.08692748869369435,0.5,1.0,5677.461758071004,turtle,random_search,1,-0.568281072785056,10
437,4370,-0.1542308705210056,0.011710123896168679,0.11236650479006978,0.5,1.0,5690.218186817001,turtle,random_search,1,-0.568281072785056,10
438,4380,-0.2085924026137933,-0.019854918353870765,0.11690846500403047,0.5,1.0,5701.956398963011,turtle,random_search,1,-0.568281072785056,10
439,4390,-0.47805424706913335,-0.05764688021948396,0.15588742814980971,0.5,1.0,5716.6087029730115,turtle,random_search,1,-0.568281072785056,10
440,4400,-0.13897711382181033,-0.01656983616194383,0.06649622024131557,0.5,1.0,5731.033251907007,turtle,random_search,1,-0.568281072785056,10
441,4410,-0.25398235619101417,-0.047083712326183046,0.1269806549893581,0.5,1.0,5744.103224184,turtle,random_search,1,-0.568281072785056,10
442,4420,-0.1365068090820234,0.030479925634920947,0.09649891797000965,0.5,1.0,5760.546601332011,turtle,random_search,1,-0.568281072785056,10
443,4430,-0.44919524059711513,-0.041268571003303924,0.16336217207960133,0.5,1.0,5772.814965197002,turtle,random_search,1,-0.568281072785056,10
444,4440,-0.5407784417697723,-0.07050974390613556,0.18442111888648774,0.5,1.0,5786.455771566005,turtle,random_search,1,-0.568281072785056,10
445,4450,-0.1529317793636551,-0.03918908415794746,0.05955648527500091,0.5,1.0,5796.566796177009,turtle,random_search,1,-0.568281072785056,10
446,4460,-0.24225283800373987,-0.0035590166968940905,0.1252576767702408,0.5,1.0,5807.936579898,turtle,random_search,1,-0.568281072785056,10
447,4470,-0.19109265455305557,0.02439794130272288,0.11653876094846027,0.5,1.0,5820.913392981005,turtle,random_search,1,-0.568281072785056,10
448,4480,-0.15926059820153604,-0.01420680311429372,0.0899456048762931,0.5,1.0,5834.191172350998,turtle,random_search,1,-0.568281072785056,10
449,4490,-0.30289772738000664,-0.052398416136462164,0.1368321839005188,0.5,1.0,5847.509869227011,turtle,random_search,1,-0.568281072785056,10
450,4500,-0.13491303519559583,0.053479654849029945,0.17218258946401566,0.5,1.0,5858.995125436006,turtle,random_search,1,-0.568281072785056,10
451,4510,-0.196604687659657,0.006646852443154039,0.08795905535970197,0.5,1.0,5871.424765628006,turtle,random_search,1,-0.568281072785056,10
452,4520,-0.0951605037189518,0.015060822479532998,0.07228686956991369,0.5,1.0,5885.65853625501,turtle,random_search,1,-0.568281072785056,10
453,4530,-0.03606118759707222,0.02435832952325736,0.06920699205635833,0.5,1.0,5899.545971176005,turtle,random_search,1,-0.568281072785056,10
454,4540,-0.05697827244848863,0.0032090189384819112,0.03478167092836531,0.5,1.0,5915.428941601,turtle,random_search,1,-0.568281072785056,10
455,4550,-0.31597160878970065,-0.01950694064602505,0.1208126050882828,0.5,1.0,5928.17826463301,turtle,random_search,1,-0.568281072785056,10
456,4560,-0.23143752105746174,0.008349980742842877,0.15476405405061855,0.5,1.0,5940.363319328011,turtle,random_search,1,-0.568281072785056,10
457,4570,-0.22105609534823056,-0.038728615877311155,0.09122334193012857,0.5,1.0,5953.0778450060025,turtle,random_search,1,-0.568281072785056,10
458,4580,-0.16912207926447564,0.003932088745183471,0.14995160797572898,0.5,1.0,5966.41488142201,turtle,random_search,1,-0.568281072785056,10
459,4590,-0.08020405195687275,0.01393363322613217,0.06339509792511258,0.5,1.0,5977.528680658012,turtle,random_search,1,-0.568281072785056,10
460,4600,-0.09110014576495917,0.03889897499175836,0.0699307092982396,0.5,1.0,5995.127599080006,turtle,random_search,1,-0.568281072785056,10
461,4610,-0.09900924059232441,0.035089504757161015,0.09455856602352089,0.5,1.0,6006.528588015004,turtle,random_search,1,-0.568281072785056,10
462,4620,-0.23658886447164562,-0.013433971724403904,0.10267273548118912,0.5,1.0,6018.857725590002,turtle,random_search,1,-0.568281072785056,10
463,4630,-0.06625137646640322,0.008949243389507977,0.054633468414444955,0.5,1.0,6029.199132599009,turtle,random_search,1,-0.568281072785056,10
464,4640,-0.4402577181676266,-0.05030423732923879,0.14362974629248584,0.5,1.0,6041.972616706,turtle,random_search,1,-0.568281072785056,10
465,4650,-0.08280992268544374,0.000895537098777588,0.057000229724216984,0.5,1.0,6056.936575590007,turtle,random_search,1,-0.568281072785056,10
466,4660,-0.4238250966787094,-0.06257727574655761,0.13888742589491904,0.5,1.0,6072.950553736009,turtle,random_search,1,-0.568281072785056,10
467,4670,-0.09536520233249668,0.023303490501508862,0.05400919819368897,0.5,1.0,6083.056266972009,turtle,random_search,1,-0.568281072785056,10
468,4680,-0.1466036731355702,0.03236138598049321,0.09292358248186054,0.5,1.0,6093.101938181004,turtle,random_search,1,-0.568281072785056,10
469,4690,-0.2605772839552474,-0.026783600357879234,0.11059914802022554,0.5,1.0,6104.646393604009,turtle,random_search,1,-0.568281072785056,10
470,4700,-0.11729358357856157,0.046536230571430436,0.1291036740356266,0.5,1.0,6116.9567431410105,turtle,random_search,1,-0.568281072785056,10
471,4710,-0.29289040505397157,-0.0541158904916216,0.09695835317085413,0.5,1.0,6131.018398239001,turtle,random_search,1,-0.568281072785056,10
472,4720,-0.05345738160547242,0.014089350902340847,0.06331083931452652,0.5,1.0,6145.38862647301,turtle,random_search,1,-0.568281072785056,10
473,4730,-0.3227566198339753,0.0068889617274651375,0.11587757289087923,0.5,1.0,6156.631637675004,turtle,random_search,1,-0.568281072785056,10
474,4740,-0.09099679915818992,-0.006996997396499083,0.042277856389414024,0.5,1.0,6170.941285190012,turtle,random_search,1,-0.568281072785056,10
475,4750,-0.12133813201976373,-0.000058075289997017165,0.05932927964896739,0.5,1.0,6183.221877282005,turtle,random_search,1,-0.568281072785056,10
476,4760,-0.30245105734749966,-0.03872800654262791,0.11789631969576658,0.5,1.0,6196.521715802999,turtle,random_search,1,-0.568281072785056,10
477,4770,-0.05051858087266137,0.040256997426876585,0.04485608440252053,0.5,1.0,6208.841507910009,turtle,random_search,1,-0.568281072785056,10
478,4780,-0.06480395392249072,0.004714200546204328,0.03416214653364322,0.5,1.0,6219.1625346100045,turtle,random_search,1,-0.568281072785056,10
479,4790,-0.2550307851591329,-0.049035875973284425,0.08807821901166422,0.5,1.0,6229.876513654002,turtle,random_search,1,-0.568281072785056,10
480,4800,-0.08780249942747975,0.011656270388452138,0.08353008444692257,0.5,1.0,6241.613142243004,turtle,random_search,1,-0.568281072785056,10
481,4810,-0.1556195469323134,0.005336623282151365,0.08145530351324322,0.5,1.0,6254.515532853999,turtle,random_search,1,-0.568281072785056,10
482,4820,-0.2227929660147172,-0.016247707310439806,0.1117884075337436,0.5,1.0,6267.08362307401,turtle,random_search,1,-0.568281072785056,10
483,4830,-0.13230646295347004,-0.009654755657264591,0.06715997306114935,0.5,1.0,6281.299684837999,turtle,random_search,1,-0.568281072785056,10
484,4840,-0.03344078794062533,0.030491508634433905,0.05130237955802969,0.5,1.0,6296.1361179040105,turtle,random_search,1,-0.568281072785056,10
485,4850,-0.25341112697514045,-0.023027787930509636,0.12742906518997313,0.5,1.0,6306.816111715001,turtle,random_search,1,-0.568281072785056,10
486,4860,-0.19290382978713705,-0.03644843273529954,0.0755810551504389,0.5,1.0,6319.585477727,turtle,random_search,1,-0.568281072785056,10
487,4870,-0.1314814817532417,-0.0177401348591812,0.057934210205920586,0.5,1.0,6331.016662711001,turtle,random_search,1,-0.568281072785056,10
488,4880,-0.10874956726496521,0.03921721407178724,0.17089443640835164,0.5,1.0,6344.647658242,turtle,random_search,1,-0.568281072785056,10
489,4890,-0.20058232819842292,-0.038960219471445526,0.06773338986772674,0.5,1.0,6358.258997834011,turtle,random_search,1,-0.568281072785056,10
490,4900,-0.2796564101728647,-0.009140860454263766,0.10783359522626704,0.5,1.0,6370.535755744,turtle,random_search,1,-0.568281072785056,10
491,4910,-0.1597719262974282,-0.0383799995522498,0.061984282036771844,0.5,1.0,6381.874595162008,turtle,random_search,1,-0.568281072785056,10
492,4920,-0.13743565439543737,0.008259436133699793,0.0671971607164361,0.5,1.0,6395.277888065,turtle,random_search,1,-0.568281072785056,10
493,4930,-0.06124693436193418,0.01952885953302088,0.041871457115123564,0.5,1.0,6409.988219040999,turtle,random_search,1,-0.568281072785056,10
494,4940,-0.3772557948999786,-0.025340651229813195,0.1660436739590499,0.5,1.0,6422.669109285998,turtle,random_search,1,-0.568281072785056,10
495,4950,-0.2084610949804251,-0.026892175611895032,0.09987357078723232,0.5,1.0,6436.151789324009,turtle,random_search,1,-0.568281072785056,10
496,4960,-0.11969064990882394,0.0029831547066807573,0.05933739000910105,0.5,1.0,6451.54692790001,turtle,random_search,1,-0.568281072785056,10
497,4970,-0.14997568951616902,0.03096119844843148,0.12263596993094139,0.5,1.0,6465.680078100006,turtle,random_search,1,-0.568281072785056,10
498,4980,-0.05963116440147154,0.00021325594047247876,0.03783111893273433,0.5,1.0,6477.807843326009,turtle,random_search,1,-0.568281072785056,10
499,4990,-0.09468093266373057,0.02598040852831396,0.06739075207908311,0.5,1.0,6489.662347869002,turtle,random_search,1,-0.568281072785056,10
500,5000,-0.03962922640913202,0.011062087033697576,0.048170147267735386,0.5,1.0,6500.824898022998,turtle,random_search,1,-0.568281072785056,10
501,5010,-0.10321755359000218,-0.02383373757205982,0.05448502631509356,0.5,1.0,6510.229763006006,turtle,random_search,1,-0.568281072785056,10
502,5020,-0.6115406105399988,-0.05566921015699995,0.2042286758789234,0.5,1.0,6521.461431747011,turtle,random_search,1,-0.6115406105399988,10
503,5030,-0.20595350843786697,-0.04785864468760988,0.08252455925731629,0.5,1.0,6536.587886556008,turtle,random_search,1,-0.6115406105399988,10
504,5040,-0.04280981925564564,0.035183652355795215,0.059630243713569585,0.5,1.0,6548.1088140659995,turtle,random_search,1,-0.6115406105399988,10
505,5050,-0.06902052280900417,-0.010287590163763839,0.0481060246575459,0.5,1.0,6558.894745193,turtle,random_search,1,-0.6115406105399988,10
506,5060,-0.19490756632504258,-0.01929856488846573,0.10423489924859779,0.5,1.0,6571.081213275,turtle,random_search,1,-0.6115406105399988,10
507,5070,-0.06847759926991692,0.016755649246108728,0.06370358806453294,0.5,1.0,6586.338749679999,turtle,random_search,1,-0.6115406105399988,10
508,5080,-0.021101488023020032,0.03434388865635505,0.06298346711175473,0.5,1.0,6599.703284207004,turtle,random_search,1,-0.6115406105399988,10
509,5090,-0.0867025224462985,0.062156231404158914,0.09482245358670896,0.5,1.0,6611.989995615004,turtle,random_search,1,-0.6115406105399988,10
510,5100,-0.1939605940799174,0.017683301996570755,0.07566967894361781,0.5,1.0,6623.266778869001,turtle,random_search,1,-0.6115406105399988,10
511,5110,-0.19077915891092267,0.015506790513181467,0.10686401671991416,0.5,1.0,6634.454779625012,turtle,random_search,1,-0.6115406105399988,10
512,5120,-0.2726984016545053,0.004010322667906863,0.09911454965541092,0.5,1.0,6645.306424020004,turtle,random_search,1,-0.6115406105399988,10
513,5130,-0.1857079259684049,-0.0293089137547633,0.08499370413280319,0.5,1.0,6657.632115051005,turtle,random_search,1,-0.6115406105399988,10
514,5140,-0.13971116138223483,0.014711646306185067,0.08578874152055647,0.5,1.0,6668.424081496007,turtle,random_search,1,-0.6115406105399988,10
515,5150,-0.13129004133737965,0.010742022797112139,0.06890633142888951,0.5,1.0,6678.125007441005,turtle,random_search,1,-0.6115406105399988,10
516,5160,-0.0553248193577609,0.04756714604387744,0.08748201846583965,0.5,1.0,6691.380853391005,turtle,random_search,1,-0.6115406105399988,10
517,5170,-0.2165762675639611,-0.02222444102661818,0.07950265041800797,0.5,1.0,6705.083255033998,turtle,random_search,1,-0.6115406105399988,10
518,5180,-0.03001968331556437,0.00767612873660779,0.03512628266334675,0.5,1.0,6717.664542968007,turtle,random_search,1,-0.6115406105399988,10
519,5190,-0.15220160372356073,-0.01567642093746908,0.08863814145411117,0.5,1.0,6734.009732216,turtle,random_search,1,-0.6115406105399988,10
520,5200,-0.24812041020129705,-0.029765237295840484,0.11110179491724687,0.5,1.0,6744.709175398006,turtle,random_search,1,-0.6115406105399988,10
521,5210,-0.11876293801222637,-0.0421720954195048,0.06120587360235715,0.5,1.0,6756.825198145001,turtle,random_search,1,-0.6115406105399988,10
522,5220,-0.21524943720586087,-0.010022554816243544,0.09849224166866186,0.5,1.0,6766.962149759012,turtle,random_search,1,-0.6115406105399988,10
523,5230,-0.5215228362448192,-0.0332690725702367,0.1835190960926084,0.5,1.0,6778.031612259001,turtle,random_search,1,-0.6115406105399988,10
524,5240,-0.10809552693342184,-0.0009630291593643925,0.0537937125354138,0.5,1.0,6790.905281090003,turtle,random_search,1,-0.6115406105399988,10
525,5250,-0.09708301065740699,0.020465375746845725,0.06935071085956998,0.5,1.0,6803.130671840001,turtle,random_search,1,-0.6115406105399988,10
526,5260,-0.1587222917738389,0.02067117312196496,0.09400338017070123,0.5,1.0,6815.966816389002,turtle,random_search,1,-0.6115406105399988,10
527,5270,-0.10525865559245062,-0.0018877370610817402,0.0613318651487961,0.5,1.0,6826.418060242999,turtle,random_search,1,-0.6115406105399988,10
528,5280,-0.0954785128298079,0.01494790384327418,0.08733849283709721,0.5,1.0,6838.513218944005,turtle,random_search,1,-0.6115406105399988,10
529,5290,-0.02526879166520235,0.006982572963821543,0.029008819171958602,0.5,1.0,6851.687236805999,turtle,random_search,1,-0.6115406105399988,10
530,5300,-0.1557225567384295,-0.013498430670074769,0.13967642186806153,0.5,1.0,6866.4533220560115,turtle,random_search,1,-0.6115406105399988,10
531,5310,-0.07779166225077194,0.006091108986864047,0.05732075069739839,0.5,1.0,6878.926625963009,turtle,random_search,1,-0.6115406105399988,10
532,5320,-0.08810492726807162,-0.00016939472449486458,0.06082275224230756,0.5,1.0,6890.198230794005,turtle,random_search,1,-0.6115406105399988,10
533,5330,-0.08217945950302319,-0.0014096749503734074,0.04186962958450444,0.5,1.0,6903.497066607,turtle,random_search,1,-0.6115406105399988,10
534,5340,-0.0968343091145707,0.007364604972921018,0.07294122173413742,0.5,1.0,6916.392425168,turtle,random_search,1,-0.6115406105399988,10
535,5350,-0.126272129396388,0.023562946483977408,0.0922456352584442,0.5,1.0,6929.765545604008,turtle,random_search,1,-0.6115406105399988,10
536,5360,-0.20231930930398967,-0.0214286649565814,0.16101993393545475,0.5,1.0,6943.113521497013,turtle,random_search,1,-0.6115406105399988,10
537,5370,-0.15298138768334368,0.016108466121092756,0.08084523857810536,0.5,1.0,6959.104673899012,turtle,random_search,1,-0.6115406105399988,10
538,5380,-0.19963573420021063,-0.012477247394835,0.10897856011981034,0.5,1.0,6973.739803981007,turtle,random_search,1,-0.6115406105399988,10
539,5390,-0.19912863786520152,-0.008267481481959927,0.09633341719521352,0.5,1.0,6988.559218891009,turtle,random_search,1,-0.6115406105399988,10
540,5400,-0.1375581508557575,-0.0033792441002151287,0.0721685022166394,0.5,1.0,7003.376005608006,turtle,random_search,1,-0.6115406105399988,10
541,5410,-0.12015425399824142,0.010414214394706623,0.08660380657456511,0.5,1.0,7014.084722099011,turtle,random_search,1,-0.6115406105399988,10
542,5420,-0.10844141999699985,0.021076764253541214,0.06148960103318774,0.5,1.0,7027.328624903006,turtle,random_search,1,-0.6115406105399988,10
543,5430,-0.2074406742784518,-0.06486790775533909,0.08287979791249254,0.5,1.0,7040.369311556002,turtle,random_search,1,-0.6115406105399988,10
544,5440,-0.1840241486034362,-0.03025771205174612,0.07412649670146612,0.5,1.0,7054.401349263004,turtle,random_search,1,-0.6115406105399988,10
545,5450,-0.15808563194380643,-0.02452462299369209,0.07939747785910263,0.5,1.0,7065.713423605004,turtle,random_search,1,-0.6115406105399988,10
546,5460,-0.3321265587291755,-0.07553754895126268,0.1391219609429332,0.5,1.0,7076.483480522002,turtle,random_search,1,-0.6115406105399988,10
547,5470,-0.3260426424190177,0.02447142676563132,0.1777140473344083,0.5,1.0,7092.309874044004,turtle,random_search,1,-0.6115406105399988,10
548,5480,-0.11987617940239836,0.013349187693719067,0.0636919116939725,0.5,1.0,7103.716260843008,turtle,random_search,1,-0.6115406105399988,10
549,5490,-0.19963074172633455,-0.02911994996407179,0.10208508799540233,0.5,1.0,7114.7842329630075,turtle,random_search,1,-0.6115406105399988,10
550,5500,-0.22153612017268465,-0.03837039263249089,0.07015357302980883,0.5,1.0,7127.633103386004,turtle,random_search,1,-0.6115406105399988,10
551,5510,-0.41994370818802285,-0.06507718766161999,0.16223379515010852,0.5,1.0,7143.674772810002,turtle,random_search,1,-0.6115406105399988,10
552,5520,-0.21463955148704894,-0.009828933537528428,0.10997654789480951,0.5,1.0,7158.944103892005,turtle,random_search,1,-0.6115406105399988,10
553,5530,-0.14099833538648365,-0.02242051427587821,0.06724277856737088,0.5,1.0,7171.30675311001,turtle,random_search,1,-0.6115406105399988,10
554,5540,-0.08558571372376367,-0.017526140780441946,0.03451396679660119,0.5,1.0,7186.037608564002,turtle,random_search,1,-0.6115406105399988,10
555,5550,-0.19468241554839327,-0.012487350487855143,0.07195647992882825,0.5,1.0,7198.5692200019985,turtle,random_search,1,-0.6115406105399988,10
556,5560,-0.02438823974671056,0.027852994613307924,0.05209067144406904,0.5,1.0,7210.527394297009,turtle,random_search,1,-0.6115406105399988,10
557,5570,-0.24246678863382964,-0.0167408385472811,0.11999378177310979,0.5,1.0,7223.532514828999,turtle,random_search,1,-0.6115406105399988,10
558,5580,-0.23507955405484626,-0.030041862492878924,0.09673020423152341,0.5,1.0,7236.564033332004,turtle,random_search,1,-0.6115406105399988,10
559,5590,-0.2865415075090416,-0.005083702684024249,0.1260092736212774,0.5,1.0,7249.328742686004,turtle,random_search,1,-0.6115406105399988,10
560,5600,-0.18443810009778083,0.045255171440531504,0.14073798602664983,0.5,1.0,7260.967335573005,turtle,random_search,1,-0.6115406105399988,10
561,5610,-0.30990238411115456,-0.037885148357034736,0.09584966182270713,0.5,1.0,7272.971900350007,turtle,random_search,1,-0.6115406105399988,10
562,5620,-0.3444819249012516,-0.040165017299466046,0.14894976365414794,0.5,1.0,7286.647734288999,turtle,random_search,1,-0.6115406105399988,10
563,5630,-0.10500280476744361,0.0012840660620803135,0.05908880318364808,0.5,1.0,7299.920860568003,turtle,random_search,1,-0.6115406105399988,10
564,5640,-0.24640063644025822,0.06345387915796037,0.13234230457026616,0.5,1.0,7315.3885733360075,turtle,random_search,1,-0.6115406105399988,10
565,5650,-0.09452087371076612,-0.014211676435642496,0.06059334447107392,0.5,1.0,7327.963835978007,turtle,random_search,1,-0.6115406105399988,10
566,5660,-0.07062156264913355,0.0716658047171208,0.0855435761038718,0.5,1.0,7342.057288473006,turtle,random_search,1,-0.6115406105399988,10
567,5670,-0.06993331603491093,0.059237827641453224,0.1688888560218978,0.5,1.0,7354.827269908012,turtle,random_search,1,-0.6115406105399988,10
568,5680,-0.28125414769125534,-0.03708265803859634,0.12228755670657594,0.5,1.0,7368.462178672009,turtle,random_search,1,-0.6115406105399988,10
569,5690,-0.05099812277979687,0.08342076023518522,0.12317249498553348,0.5,1.0,7382.426804658011,turtle,random_search,1,-0.6115406105399988,10
570,5700,-0.10055760095729571,0.034277998382828925,0.07536407217413295,0.5,1.0,7392.649397530011,turtle,random_search,1,-0.6115406105399988,10
571,5710,-0.10417387377707055,-0.006993323933418516,0.08874893408888551,0.5,1.0,7403.924879519007,turtle,random_search,1,-0.6115406105399988,10
572,5720,-0.1416861269641423,0.016939197963724874,0.07264204264720638,0.5,1.0,7418.505641349009,turtle,random_search,1,-0.6115406105399988,10
573,5730,-0.1952795413795272,0.013024188110437328,0.12802783333508963,0.5,1.0,7429.722673082011,turtle,random_search,1,-0.6115406105399988,10
574,5740,-0.2094921017244893,0.9772436660302611,3.0087139716152542,0.5,1.0,7445.275508984007,turtle,random_search,1,-0.6115406105399988,10
575,5750,-0.23423729595247256,-0.011887875105208412,0.08657930983147398,0.5,1.0,7460.045071336004,turtle,random_search,1,-0.6115406105399988,10
576,5760,-0.24648968302223295,-0.019128931068095677,0.10641909009427297,0.5,1.0,7475.126148424009,turtle,random_search,1,-0.6115406105399988,10
577,5770,-0.13925136650945547,0.011482270039842212,0.0797076965513407,0.5,1.0,7490.169660551008,turtle,random_search,1,-0.6115406105399988,10
578,5780,-0.20982919119278165,-0.003556318923874269,0.10017469315277949,0.5,1.0,7505.378756045,turtle,random_search,1,-0.6115406105399988,10
579,5790,-0.012484221106256577,0.04424990065506469,0.05532423221197566,0.5,1.0,7519.270100685011,turtle,random_search,1,-0.6115406105399988,10
580,5800,-0.13979678494578973,-0.028712347938718442,0.0747578684039501,0.5,1.0,7530.28941036301,turtle,random_search,1,-0.6115406105399988,10
581,5810,-0.25964263706242097,-0.03684241163603286,0.09655749693893606,0.5,1.0,7543.009585404012,turtle,random_search,1,-0.6115406105399988,10
582,5820,-0.16818676416415101,1.0141180934611316,2.9977712909084424,0.5,1.0,7555.2032634880015,turtle,random_search,1,-0.6115406105399988,10
583,5830,-0.012089206152241516,1.0451561931417852,2.9856647046196603,0.5,1.0,7569.894311119002,turtle,random_search,1,-0.6115406105399988,10
584,5840,-0.08370153704725958,0.006176386989112092,0.06839061665552038,0.5,1.0,7582.554630109007,turtle,random_search,1,-0.6115406105399988,10
585,5850,-0.125510701890585,-0.02805287879022824,0.05407272040827635,0.5,1.0,7597.041321305005,turtle,random_search,1,-0.6115406105399988,10
586,5860,-0.012638288159651623,0.04653753657605595,0.04743620203587295,0.5,1.0,7610.495450037008,turtle,random_search,1,-0.6115406105399988,10
587,5870,-0.07321090880624581,0.027479353955566575,0.052863974264194154,0.5,1.0,7621.645549337001,turtle,random_search,1,-0.6115406105399988,10
588,5880,-0.07360562658751313,-0.00235514050077974,0.033332523340199705,0.5,1.0,7635.529146916,turtle,random_search,1,-0.6115406105399988,10
589,5890,-0.3223237251969824,-0.05518753204845321,0.1238888683579347,0.5,1.0,7646.412586687002,turtle,random_search,1,-0.6115406105399988,10
590,5900,-0.362551781394143,-0.02036617144198134,0.12500618674682246,0.5,1.0,7659.948966030002,turtle,random_search,1,-0.6115406105399988,10
591,5910,-0.0555592397852287,0.01598276057670267,0.06177462155322139,0.5,1.0,7673.87620133601,turtle,random_search,1,-0.6115406105399988,10
592,5920,-0.1270726408426892,0.01778537379872196,0.11267668976455221,0.5,1.0,7687.370129732008,turtle,random_search,1,-0.6115406105399988,10
593,5930,-0.0578768480423868,-0.004382516622392796,0.04408509814409215,0.5,1.0,7700.347863898001,turtle,random_search,1,-0.6115406105399988,10
594,5940,-0.17128424075132376,-0.008604467922398662,0.07814854986189979,0.5,1.0,7714.300723666005,turtle,random_search,1,-0.6115406105399988,10
595,5950,-0.029868256611277566,0.043756469746419044,0.05691172003105925,0.5,1.0,7729.418167044001,turtle,random_search,1,-0.6115406105399988,10
596,5960,-0.14869966941258816,-0.02960633824994403,0.04927767762624445,0.5,1.0,7742.508670327006,turtle,random_search,1,-0.6115406105399988,10
597,5970,-0.3555668470020974,-0.05400878657171972,0.12326319983655468,0.5,1.0,7753.707238618008,turtle,random_search,1,-0.6115406105399988,10
598,5980,-0.13940187931049852,-0.025735992157037747,0.0577937223033399,0.5,1.0,7765.633190343011,turtle,random_search,1,-0.6115406105399988,10
599,5990,-0.05244108258588387,0.05357682888457997,0.0692284229108367,0.5,1.0,7777.49644801901,turtle,random_search,1,-0.6115406105399988,10
600,6000,-0.22226406283492484,-0.019482984984060092,0.12064513010295436,0.5,1.0,7790.577646597012,turtle,random_search,1,-0.6115406105399988,10
601,6010,-0.05532864660174308,0.0449693710204782,0.055968411577788764,0.5,1.0,7799.48613716301,turtle,random_search,1,-0.6115406105399988,10
602,6020,-0.12600806724516733,0.0038799965905782054,0.07679070078547492,0.5,1.0,7812.712798898006,turtle,random_search,1,-0.6115406105399988,10
603,6030,-0.43938939745081385,0.9595305094284223,3.016817110110923,0.5,1.0,7823.3239905260125,turtle,random_search,1,-0.6115406105399988,10
604,6040,-0.23386850793231861,-0.002344538985240785,0.09070569878239927,0.5,1.0,7836.070165755009,turtle,random_search,1,-0.6115406105399988,10
605,6050,-0.06336768680698324,0.047231725670261945,0.0746952058875198,0.5,1.0,7848.221523165004,turtle,random_search,1,-0.6115406105399988,10
606,6060,-0.07975012618970734,-0.00613322109286818,0.05867031452449096,0.5,1.0,7863.523968301,turtle,random_search,1,-0.6115406105399988,10
607,6070,-0.06308141149345925,0.017766526667840222,0.07555265214223071,0.5,1.0,7874.496133313005,turtle,random_search,1,-0.6115406105399988,10
608,6080,-0.14099534231506805,0.024972273391625423,0.08855413224731765,0.5,1.0,7882.659401910001,turtle,random_search,1,-0.6115406105399988,10
609,6090,-0.20217365180209868,-0.007821617821391147,0.0791344471499094,0.5,1.0,7892.640810014011,turtle,random_search,1,-0.6115406105399988,10
610,6100,-0.07385472673688387,0.02076251559869995,0.07354409555284028,0.5,1.0,7904.575354818007,turtle,random_search,1,-0.6115406105399988,10
611,6110,-0.028258693061113505,0.04089733559322602,0.05831894346595595,0.5,1.0,7920.2046953610115,turtle,random_search,1,-0.6115406105399988,10
612,6120,-0.23677686055489477,-0.01251778905907992,0.12327836225187298,0.5,1.0,7933.065062296999,turtle,random_search,1,-0.6115406105399988,10
613,6130,-0.0773218610886568,-0.003047664139541606,0.050171814910303245,0.5,1.0,7951.245703949011,turtle,random_search,1,-0.6115406105399988,10
614,6140,-0.23377996748818308,-0.029387840594499438,0.09776580311327002,0.5,1.0,7965.320689486005,turtle,random_search,1,-0.6115406105399988,10
615,6150,-0.13710904431756799,0.04722310065649715,0.13021636329751018,0.5,1.0,7979.045061800003,turtle,random_search,1,-0.6115406105399988,10
616,6160,-0.16926019337713427,0.016201751289603283,0.11354647782789855,0.5,1.0,7991.012096494,turtle,random_search,1,-0.6115406105399988,10
617,6170,-0.1733972268495343,-0.028701097730721693,0.07746879387072526,0.5,1.0,8007.937609020009,turtle,random_search,1,-0.6115406105399988,10
618,6180,-0.022571290204891348,0.05241362846118251,0.09161797016185597,0.5,1.0,8022.596034419999,turtle,random_search,1,-0.6115406105399988,10
619,6190,-0.1499095973859701,0.03418835954006507,0.08009659382514314,0.5,1.0,8036.263134095003,turtle,random_search,1,-0.6115406105399988,10
620,6200,-0.10559345017935318,-0.00783175331564081,0.058401736879741165,0.5,1.0,8050.454739982,turtle,random_search,1,-0.6115406105399988,10
621,6210,-0.04482784050448707,0.03169908662574787,0.06115555862274525,0.5,1.0,8062.633628271011,turtle,random_search,1,-0.6115406105399988,10
622,6220,-0.11914380783484901,-0.01909656456691362,0.054871200429788484,0.5,1.0,8076.896468633,turtle,random_search,1,-0.6115406105399988,10
623,6230,-0.30062302060391044,-0.01944736384828367,0.12858337019814542,0.5,1.0,8088.679537613003,turtle,random_search,1,-0.6115406105399988,10
624,6240,-0.5203224887821429,-0.06587111415223176,0.18090165231009592,0.5,1.0,8102.533715561003,turtle,random_search,1,-0.6115406105399988,10
625,6250,-0.10944811695430356,0.023859738880729252,0.06175248119764257,0.5,1.0,8114.313499027005,turtle,random_search,1,-0.6115406105399988,10
626,6260,-0.10458391390210142,0.01881402181770122,0.06262124581849635,0.5,1.0,8126.186817325011,turtle,random_search,1,-0.6115406105399988,10
627,6270,-0.11300450915574434,0.014549766169975786,0.07184186233615646,0.5,1.0,8139.837266424001,turtle,random_search,1,-0.6115406105399988,10
628,6280,-0.32814405451582207,0.9968933501361356,3.003167674204761,0.5,1.0,8154.124640163005,turtle,random_search,1,-0.6115406105399988,10
629,6290,-0.07089270087662403,0.015307048521049093,0.07312191370147968,0.5,1.0,8167.1257124859985,turtle,random_search,1,-0.6115406105399988,10
630,6300,-0.2218186884250981,-0.05924532767042745,0.10666815137843892,0.5,1.0,8181.581361796008,turtle,random_search,1,-0.6115406105399988,10
631,6310,-0.08134190409332209,-0.00963675220991327,0.054002761247496846,0.5,1.0,8194.017801843002,turtle,random_search,1,-0.6115406105399988,10
632,6320,-0.25184995811452193,-0.018139683745024816,0.10453742292255028,0.5,1.0,8206.68319874801,turtle,random_search,1,-0.6115406105399988,10
633,6330,-0.101106553741098,0.9974679537834318,3.00180737403634,0.5,1.0,8217.399662270007,turtle,random_search,1,-0.6115406105399988,10
634,6340,-0.1197371580673865,-0.025221476294688294,0.050566462517071975,0.5,1.0,8230.638827415009,turtle,random_search,1,-0.6115406105399988,10
635,6350,-0.3553395839535023,-0.01248150862790034,0.14259054448645894,0.5,1.0,8245.885898184002,turtle,random_search,1,-0.6115406105399988,10
636,6360,-0.17150104699509683,-0.02605162046356657,0.08750629007511239,0.5,1.0,8258.066770246005,turtle,random_search,1,-0.6115406105399988,10
637,6370,-0.07018724083805328,0.04693713389409426,0.10091332462296823,0.5,1.0,8274.480277679002,turtle,random_search,1,-0.6115406105399988,10
638,6380,-0.04101555079173025,0.10811678273600193,0.12723501496813652,0.5,1.0,8288.770866959007,turtle,random_search,1,-0.6115406105399988,10
639,6390,-0.07488021483530716,1.0120968267651143,2.996543120515605,0.5,1.0,8304.809062514003,turtle,random_search,1,-0.6115406105399988,10
640,6400,-0.46131760157401214,-0.04366277068201185,0.17189712691459502,0.5,1.0,8315.646310305005,turtle,random_search,1,-0.6115406105399988,10
641,6410,-0.025103512205365774,0.06152512493804343,0.07146477610835163,0.5,1.0,8326.286319881008,turtle,random_search,1,-0.6115406105399988,10
642,6420,-0.07729572465580947,0.0033006434061594093,0.056244883922819185,0.5,1.0,8344.297200852001,turtle,random_search,1,-0.6115406105399988,10
643,6430,-0.1442881021731317,-0.02879119627894795,0.06577273126764635,0.5,1.0,8360.010067727999,turtle,random_search,1,-0.6115406105399988,10
644,6440,-0.09922346366398394,-0.01667371770289199,0.047821975163109855,0.5,1.0,8373.800397172003,turtle,random_search,1,-0.6115406105399988,10
645,6450,-0.14977475376493476,0.06035833108788653,0.1601462785190776,0.5,1.0,8390.979802949005,turtle,random_search,1,-0.6115406105399988,10
646,6460,-0.17348402171240895,-0.019076377816067948,0.06866786835609551,0.5,1.0,8404.850828144,turtle,random_search,1,-0.6115406105399988,10
647,6470,-0.1337444660066751,0.018627719209612703,0.10191536299363133,0.5,1.0,8416.588866899008,turtle,random_search,1,-0.6115406105399988,10
648,6480,-0.23726334923047876,-0.06061895516099876,0.07105786153096445,0.5,1.0,8428.156043244002,turtle,random_search,1,-0.6115406105399988,10
649,6490,-0.14587763088624417,-0.0017995296074585277,0.08089684599260771,0.5,1.0,8438.47686000001,turtle,random_search,1,-0.6115406105399988,10
650,6500,-0.5354600211293246,-0.06135989719800259,0.18182541778065378,0.5,1.0,8453.064683140008,turtle,random_search,1,-0.6115406105399988,10
651,6510,-0.3684920326646015,0.006208008130989384,0.14956972063359902,0.5,1.0,8465.55688345,turtle,random_search,1,-0.6115406105399988,10
652,6520,-0.2282086017258802,-0.04138372935217989,0.07580234595383242,0.5,1.0,8476.411686591004,turtle,random_search,1,-0.6115406105399988,10
653,6530,-0.16579011320858328,-0.03448877454711337,0.05559010234638792,0.5,1.0,8488.61414044301,turtle,random_search,1,-0.6115406105399988,10
654,6540,-0.23007388255053307,-0.009134180796042113,0.08239528021490065,0.5,1.0,8497.963768582005,turtle,random_search,1,-0.6115406105399988,10
655,6550,-0.21411020439308093,-0.004479629003573659,0.12299414122856278,0.5,1.0,8513.68314982501,turtle,random_search,1,-0.6115406105399988,10
656,6560,-0.07386424376684708,0.05440769910789926,0.09685577320740875,0.5,1.0,8524.952059763003,turtle,random_search,1,-0.6115406105399988,10
657,6570,-0.17084288349807863,-0.019938951413602978,0.07586018132978264,0.5,1.0,8536.806233346011,turtle,random_search,1,-0.6115406105399988,10
658,6580,-0.22774725486705627,-0.04361014573079869,0.08464510838581801,0.5,1.0,8548.770391933998,turtle,random_search,1,-0.6115406105399988,10
659,6590,-0.13505974398331677,0.0383038011592796,0.10709318107063207,0.5,1.0,8559.868219480006,turtle,random_search,1,-0.6115406105399988,10
660,6600,-0.28090748687908373,0.0023082150524508017,0.1279489447460258,0.5,1.0,8571.569490360009,turtle,random_search,1,-0.6115406105399988,10
661,6610,-0.16986195228053624,-0.012488661751518037,0.07040171633210163,0.5,1.0,8586.698032784,turtle,random_search,1,-0.6115406105399988,10
662,6620,-0.05076403764952353,0.005686749490863896,0.04435563801875177,0.5,1.0,8599.292271217011,turtle,random_search,1,-0.6115406105399988,10
663,6630,-0.021607910502191352,0.045905862465681936,0.052505308297236625,0.5,1.0,8614.160906878009,turtle,random_search,1,-0.6115406105399988,10
664,6640,-0.1429717102711212,0.02252808553791965,0.17636697013542954,0.5,1.0,8626.493135187004,turtle,random_search,1,-0.6115406105399988,10
665,6650,-0.22501039771032794,-0.011963260545474252,0.07976518085600251,0.5,1.0,8639.559956553,turtle,random_search,1,-0.6115406105399988,10
666,6660,-0.28852773215551686,-0.05120209129149726,0.12963108002091087,0.5,1.0,8654.787922635005,turtle,random_search,1,-0.6115406105399988,10
667,6670,-0.291732439230282,-0.02237908705314968,0.11583333754429137,0.5,1.0,8666.040108975008,turtle,random_search,1,-0.6115406105399988,10
668,6680,-0.2279954711440375,-0.05715831440433607,0.0947278108285022,0.5,1.0,8678.934812985011,turtle,random_search,1,-0.6115406105399988,10
669,6690,-0.1782755501586779,-0.05243454356701065,0.06627618836295376,0.5,1.0,8691.336432242999,turtle,random_search,1,-0.6115406105399988,10
670,6700,-0.19238659636417665,-0.009529946389224086,0.10813353069816639,0.5,1.0,8702.347069199008,turtle,random_search,1,-0.6115406105399988,10
671,6710,-0.1345415772317189,0.02609772802058945,0.10254931603908661,0.5,1.0,8716.213879604999,turtle,random_search,1,-0.6115406105399988,10
672,6720,-0.10058471571811012,1.0178115165514945,2.9947570334813642,0.5,1.0,8731.103607884012,turtle,random_search,1,-0.6115406105399988,10
673,6730,-0.12571618103266857,0.009082481977874757,0.09145805356749193,0.5,1.0,8745.292719729012,turtle,random_search,1,-0.6115406105399988,10
674,6740,-0.1850330852297173,-0.05950847246916906,0.07561359820961237,0.5,1.0,8756.609852937007,turtle,random_search,1,-0.6115406105399988,10
675,6750,-0.06987054972548457,0.07719379424853016,0.13839883737691686,0.5,1.0,8771.653571217,turtle,random_search,1,-0.6115406105399988,10
676,6760,-0.1167098368667121,0.0189483870046816,0.07325325315180416,0.5,1.0,8785.15940540201,turtle,random_search,1,-0.6115406105399988,10
677,6770,-0.2625319334812657,-0.0029720886625355545,0.09991676306566438,0.5,1.0,8795.827133466999,turtle,random_search,1,-0.6115406105399988,10
678,6780,-0.14805547461003066,-0.0042432043985960455,0.07792211998586807,0.5,1.0,8809.546121138002,turtle,random_search,1,-0.6115406105399988,10
679,6790,-0.10258536111010486,0.02772621862195468,0.07639583684903961,0.5,1.0,8822.686656345002,turtle,random_search,1,-0.6115406105399988,10
680,6800,-0.08801589479381189,-0.007424908036819211,0.05283936459653254,0.5,1.0,8837.511747994009,turtle,random_search,1,-0.6115406105399988,10
681,6810,-0.5995565449190439,-0.06094638384485087,0.1841288348554802,0.5,1.0,8851.959447956004,turtle,random_search,1,-0.6115406105399988,10
682,6820,-0.12158660940695754,0.006242415163561344,0.06340784206338422,0.5,1.0,8867.86727208001,turtle,random_search,1,-0.6115406105399988,10
683,6830,-0.06462950900728437,0.011716581148946581,0.08457984049884962,0.5,1.0,8881.005570540001,turtle,random_search,1,-0.6115406105399988,10
684,6840,-0.31321677496802725,-0.03641407377974426,0.15270965274279713,0.5,1.0,8892.449062559012,turtle,random_search,1,-0.6115406105399988,10
685,6850,-0.1070205436704228,-0.01637571792461303,0.050677539600941554,0.5,1.0,8909.602989303006,turtle,random_search,1,-0.6115406105399988,10
686,6860,-0.13577795200548604,-0.010613690416643973,0.05911183488905815,0.5,1.0,8922.725198872999,turtle,random_search,1,-0.6115406105399988,10
687,6870,-0.09087515823671488,0.010407404110151664,0.05205213768202904,0.5,1.0,8935.783707031005,turtle,random_search,1,-0.6115406105399988,10
688,6880,-0.07793501865605634,0.004168415760786725,0.05434165043520851,0.5,1.0,8948.60240726301,turtle,random_search,1,-0.6115406105399988,10
689,6890,-0.12468005015725403,0.01757782534151824,0.06207796619570041,0.5,1.0,8963.301707822,turtle,random_search,1,-0.6115406105399988,10
690,6900,-0.07748679773696665,-0.02400180243154937,0.038339941871019,0.5,1.0,8976.759205951006,turtle,random_search,1,-0.6115406105399988,10
691,6910,-0.09576736477234515,-0.002476187557384346,0.09219800799752821,0.5,1.0,8989.303999821,turtle,random_search,1,-0.6115406105399988,10
692,6920,-0.10855575881475144,0.018905182216437222,0.0647070580074153,0.5,1.0,9002.188010401005,turtle,random_search,1,-0.6115406105399988,10
693,6930,-0.34472407324355636,-0.03165044442742522,0.11260669146151728,0.5,1.0,9014.145224158012,turtle,random_search,1,-0.6115406105399988,10
694,6940,-0.13837168738342598,0.03222745831321774,0.07691967560437042,0.5,1.0,9027.25538521001,turtle,random_search,1,-0.6115406105399988,10
695,6950,-0.12821437833241145,-0.006726728039721674,0.0908466123039794,0.5,1.0,9038.578023708003,turtle,random_search,1,-0.6115406105399988,10
696,6960,-0.12207211712783383,0.03848381540775554,0.09580042270766334,0.5,1.0,9050.587960463003,turtle,random_search,1,-0.6115406105399988,10
697,6970,-0.31929531885502627,-0.07454250572041979,0.1283358323550248,0.5,1.0,9061.110753755012,turtle,random_search,1,-0.6115406105399988,10
698,6980,-0.07917448621496259,1.0325330704575382,2.990628788754382,0.5,1.0,9073.493438916004,turtle,random_search,1,-0.6115406105399988,10
699,6990,-0.0897929200659604,0.018365291811139706,0.06424193702777059,0.5,1.0,9088.315612357008,turtle,random_search,1,-0.6115406105399988,10
700,7000,-0.12461359267096483,0.04158268280899611,0.12799554595947604,0.5,1.0,9101.348038610013,turtle,random_search,1,-0.6115406105399988,10
701,7010,-0.16856443441694857,0.010710734496255281,0.10034001759752471,0.5,1.0,9114.926587506008,turtle,random_search,1,-0.6115406105399988,10
702,7020,-0.12044174425743392,-0.0232486059298588,0.06064789400879173,0.5,1.0,9129.404802003002,turtle,random_search,1,-0.6115406105399988,10
703,7030,-0.073111255909315,0.021404943313989122,0.05950490553779083,0.5,1.0,9145.549338010998,turtle,random_search,1,-0.6115406105399988,10
704,7040,-0.1423825293452019,0.016578013690609784,0.07777316825167747,0.5,1.0,9158.308752745012,turtle,random_search,1,-0.6115406105399988,10
705,7050,-0.15239933449911902,0.02594964585045183,0.0951789672701417,0.5,1.0,9170.699941267012,turtle,random_search,1,-0.6115406105399988,10
706,7060,-0.2197848800755935,-0.025953040214962985,0.08299408164841679,0.5,1.0,9181.518525824009,turtle,random_search,1,-0.6115406105399988,10
707,7070,-0.17490428152617543,0.006580790327137809,0.09439190380998227,0.5,1.0,9195.255825330009,turtle,random_search,1,-0.6115406105399988,10
708,7080,-0.14441541453732132,-0.0560462793738143,0.05682616292101355,0.5,1.0,9210.836447353999,turtle,random_search,1,-0.6115406105399988,10
709,7090,-0.18764557962033823,1.0173403165514594,2.9974740489211276,0.5,1.0,9222.838168392002,turtle,random_search,1,-0.6115406105399988,10
710,7100,-0.15345927062131803,-0.0332673258644733,0.08823667689535339,0.5,1.0,9239.112949676011,turtle,random_search,1,-0.6115406105399988,10
711,7110,-0.15085060332673716,-0.04049141251178172,0.07501374604534893,0.5,1.0,9253.611353162007,turtle,random_search,1,-0.6115406105399988,10
712,7120,-0.2113977019862716,-0.03408642808766915,0.06456489750676644,0.5,1.0,9262.662792510004,turtle,random_search,1,-0.6115406105399988,10
713,7130,-0.2673910708713274,-0.03609047269201193,0.09129178762621312,0.5,1.0,9274.498335244003,turtle,random_search,1,-0.6115406105399988,10
714,7140,-0.3455211167960748,-0.021666694348013226,0.12461913552293696,0.5,1.0,9287.150732201,turtle,random_search,1,-0.6115406105399988,10
715,7150,-0.18755529264737625,0.012500772729737975,0.0808382324813643,0.5,1.0,9300.182853952007,turtle,random_search,1,-0.6115406105399988,10
716,7160,-0.37750753472339227,-0.0040103656945857935,0.1502479646302183,0.5,1.0,9311.919915259,turtle,random_search,1,-0.6115406105399988,10
717,7170,-0.1999538690713747,0.007154256765768796,0.09410074400226959,0.5,1.0,9325.830017574,turtle,random_search,1,-0.6115406105399988,10
718,7180,-0.21092963138565857,0.015608367318251304,0.09615515645200327,0.5,1.0,9338.230899913004,turtle,random_search,1,-0.6115406105399988,10
719,7190,-0.36343460535072936,-0.05299519543108024,0.1196490472989101,0.5,1.0,9349.072535461004,turtle,random_search,1,-0.6115406105399988,10
720,7200,-0.1525982811325699,0.0212447146718465,0.07538608173904952,0.5,1.0,9362.538724095008,turtle,random_search,1,-0.6115406105399988,10
721,7210,-0.06993726369547826,0.010394706118573094,0.06966701313308205,0.5,1.0,9379.165392019,turtle,random_search,1,-0.6115406105399988,10
722,7220,-0.23504480020041907,-0.006426717427969653,0.11043083988116507,0.5,1.0,9393.81485111,turtle,random_search,1,-0.6115406105399988,10
723,7230,-0.07366954252730906,0.009223909933600805,0.047515424076392906,0.5,1.0,9407.878132323007,turtle,random_search,1,-0.6115406105399988,10
724,7240,-0.06126458477735319,0.017122597888410418,0.054055923620945516,0.5,1.0,9421.726430571012,turtle,random_search,1,-0.6115406105399988,10
725,7250,-0.27791767608960694,0.007274464942759895,0.10626766287166267,0.5,1.0,9431.913084678003,turtle,random_search,1,-0.6115406105399988,10
726,7260,-0.18697635414846214,-0.01292768854897668,0.07969578551373137,0.5,1.0,9444.282006976006,turtle,random_search,1,-0.6115406105399988,10
727,7270,-0.16568356395548722,-0.013466853216224007,0.0797458946533599,0.5,1.0,9456.978349373006,turtle,random_search,1,-0.6115406105399988,10
728,7280,-0.3543478119053436,0.002518504884979578,0.12985328910926347,0.5,1.0,9471.334525868006,turtle,random_search,1,-0.6115406105399988,10
729,7290,-0.0755243180049412,0.010901200768962482,0.06706952401224237,0.5,1.0,9482.38749465601,turtle,random_search,1,-0.6115406105399988,10
730,7300,-0.06690934381223812,0.02271527692388169,0.0616417378512714,0.5,1.0,9496.774217068,turtle,random_search,1,-0.6115406105399988,10
731,7310,-0.1467037997319549,0.0076043370539229825,0.06444290844158525,0.5,1.0,9508.511849916002,turtle,random_search,1,-0.6115406105399988,10
732,7320,-0.20188369249709925,-0.01941502349627111,0.10440763832133394,0.5,1.0,9521.766835456001,turtle,random_search,1,-0.6115406105399988,10
733,7330,-0.15932309774506148,0.006285079201091915,0.12927182044404276,0.5,1.0,9535.307733269,turtle,random_search,1,-0.6115406105399988,10
734,7340,-0.2130023339482081,-0.06110579685031938,0.11083512595577596,0.5,1.0,9549.870631451005,turtle,random_search,1,-0.6115406105399988,10
735,7350,-0.17857534910940132,-0.03699496901145212,0.07042003573812426,0.5,1.0,9562.11197091201,turtle,random_search,1,-0.6115406105399988,10
736,7360,-0.10742038255953457,0.012411048027298666,0.07016229136520452,0.5,1.0,9576.196049653008,turtle,random_search,1,-0.6115406105399988,10
737,7370,-0.1377405534204037,-0.013060197025933995,0.07875312397989198,0.5,1.0,9588.83193882501,turtle,random_search,1,-0.6115406105399988,10
738,7380,-0.047773116061265775,-0.0005670955454356808,0.03137874625788017,0.5,1.0,9600.344398613,turtle,random_search,1,-0.6115406105399988,10
739,7390,-0.16990240589225092,-0.02310001159736359,0.07362509048518218,0.5,1.0,9611.180886587012,turtle,random_search,1,-0.6115406105399988,10
740,7400,-0.11884433506984493,-0.009514869681027794,0.06332094730007795,0.5,1.0,9623.131601511006,turtle,random_search,1,-0.6115406105399988,10
741,7410,-0.049358906459381124,0.054276974438921675,0.063488381579385,0.5,1.0,9637.613120606009,turtle,random_search,1,-0.6115406105399988,10
742,7420,-0.031296071301126105,0.028077521280948314,0.027179266063478737,0.5,1.0,9649.433115439999,turtle,random_search,1,-0.6115406105399988,10
743,7430,-0.1581298703722771,0.006324977509516749,0.09452722137947195,0.5,1.0,9664.432182662,turtle,random_search,1,-0.6115406105399988,10
744,7440,-0.14941777402114376,-0.006989904212190812,0.09174218820544293,0.5,1.0,9678.086243986007,turtle,random_search,1,-0.6115406105399988,10
745,7450,-0.21659816073871418,-0.04725943591474761,0.06777962678325199,0.5,1.0,9688.11583601401,turtle,random_search,1,-0.6115406105399988,10
746,7460,-0.09470678940355004,-0.0019187494445753294,0.0598657148895508,0.5,1.0,9698.584612628008,turtle,random_search,1,-0.6115406105399988,10
747,7470,-0.15890367972816932,0.03296887782330025,0.0899654597405885,0.5,1.0,9712.344039813004,turtle,random_search,1,-0.6115406105399988,10
748,7480,-0.0458304984589093,0.02633739572252063,0.05021640301601885,0.5,1.0,9726.709817714,turtle,random_search,1,-0.6115406105399988,10
749,7490,-0.1458646977242406,0.009248198310717371,0.06597362559251184,0.5,1.0,9740.601820949,turtle,random_search,1,-0.6115406105399988,10
750,7500,-0.020759004628946087,0.045033009710256346,0.05061570617485105,0.5,1.0,9753.794914537008,turtle,random_search,1,-0.6115406105399988,10
751,7510,-0.10922922959919301,0.0054804016249882185,0.08159664508205397,0.5,1.0,9768.327471803,turtle,random_search,1,-0.6115406105399988,10
752,7520,-0.21069081508321208,-0.011021727501954803,0.08090696131145005,0.5,1.0,9780.849228243009,turtle,random_search,1,-0.6115406105399988,10
753,7530,-0.18596934920818775,-0.061406360106521875,0.058302871138519306,0.5,1.0,9792.273980002006,turtle,random_search,1,-0.6115406105399988,10
754,7540,-0.23127798398741195,0.0356510270131654,0.1391695498178447,0.5,1.0,9802.858094768002,turtle,random_search,1,-0.6115406105399988,10
755,7550,-0.19565391647797892,-0.019541366629718216,0.07632255423928154,0.5,1.0,9818.232169992,turtle,random_search,1,-0.6115406105399988,10
756,7560,-0.280059950854322,0.0028482278727019585,0.12186058226251317,0.5,1.0,9833.175612268999,turtle,random_search,1,-0.6115406105399988,10
757,7570,-0.2504416873964841,-0.024430526178482827,0.09269309124414955,0.5,1.0,9846.016917336005,turtle,random_search,1,-0.6115406105399988,10
758,7580,-0.08766131942650368,-0.015529383329015633,0.05947731756215839,0.5,1.0,9858.25215030201,turtle,random_search,1,-0.6115406105399988,10
759,7590,-0.03672421220804711,0.015194819329197973,0.04102977318586843,0.5,1.0,9870.545203713002,turtle,random_search,1,-0.6115406105399988,10
760,7600,-0.11287583880975394,0.014708324154329855,0.08297732009723705,0.5,1.0,9881.350417159003,turtle,random_search,1,-0.6115406105399988,10
761,7610,-0.12055119707008188,-0.0029500465508936814,0.0957248543750833,0.5,1.0,9894.165579796012,turtle,random_search,1,-0.6115406105399988,10
762,7620,-0.16151618775202703,-0.02565975931360436,0.07547931372778788,0.5,1.0,9905.798617403008,turtle,random_search,1,-0.6115406105399988,10
763,7630,-0.10085153083475173,0.015666556110191365,0.07887603304285476,0.5,1.0,9918.323818516,turtle,random_search,1,-0.6115406105399988,10
764,7640,-0.1748086577296748,0.02384951468668186,0.09491085835027316,0.5,1.0,9932.382061170007,turtle,random_search,1,-0.6115406105399988,10
765,7650,-0.0899044458983509,-0.01944808143171999,0.0635712406412123,0.5,1.0,9947.972529480001,turtle,random_search,1,-0.6115406105399988,10
766,7660,-0.13324222878466063,0.0052326052379220835,0.0753097272800102,0.5,1.0,9957.259603371,turtle,random_search,1,-0.6115406105399988,10
767,7670,-0.05085896777762944,0.024839227282458687,0.08700194511867401,0.5,1.0,9970.812720985006,turtle,random_search,1,-0.6115406105399988,10
768,7680,-0.11591727639019656,-0.01370062419131859,0.08261075268986613,0.5,1.0,9983.679441159999,turtle,random_search,1,-0.6115406105399988,10
769,7690,-0.03570709010563622,0.000949805812276594,0.035102464925589064,0.5,1.0,9995.86075699501,turtle,random_search,1,-0.6115406105399988,10
770,7700,-0.1940556034020755,-0.03226621123646023,0.08397210154809125,0.5,1.0,10007.551805887008,turtle,random_search,1,-0.6115406105399988,10
771,7710,-0.15095489138733242,0.020350581092805787,0.0809820936377908,0.5,1.0,10019.412850917011,turtle,random_search,1,-0.6115406105399988,10
772,7720,-0.27264504940478496,-0.024414142588742305,0.12130312392383405,0.5,1.0,10032.236795706005,turtle,random_search,1,-0.6115406105399988,10
773,7730,-0.17966903798678224,-0.020643107821886452,0.09093142399747192,0.5,1.0,10044.998604948007,turtle,random_search,1,-0.6115406105399988,10
774,7740,-0.05008645310847726,0.009484365470438494,0.05110777687009001,0.5,1.0,10055.636748300007,turtle,random_search,1,-0.6115406105399988,10
775,7750,-0.03691075661861376,0.019929664469241447,0.03312880933292015,0.5,1.0,10068.841100491001,turtle,random_search,1,-0.6115406105399988,10
776,7760,-0.14973943845564186,-0.0075636913702521015,0.07720479783208979,0.5,1.0,10081.705377713006,turtle,random_search,1,-0.6115406105399988,10
777,7770,-0.08093237435633416,-0.010224609043866018,0.04355779370381422,0.5,1.0,10095.538399363999,turtle,random_search,1,-0.6115406105399988,10
778,7780,-0.31413156974399215,-0.052324705245818226,0.12691180958793954,0.5,1.0,10106.75502602401,turtle,random_search,1,-0.6115406105399988,10
779,7790,-0.15518531787220535,-0.04406289070898985,0.09204923363123692,0.5,1.0,10115.715619134004,turtle,random_search,1,-0.6115406105399988,10
780,7800,-0.11812201902878794,-0.020213702232655527,0.05624595483459438,0.5,1.0,10127.07850360901,turtle,random_search,1,-0.6115406105399988,10
781,7810,-0.29829988839876975,-0.03822173026282849,0.11380964164667805,0.5,1.0,10136.029599150002,turtle,random_search,1,-0.6115406105399988,10
782,7820,-0.20742053166466778,-0.028637806117402763,0.0998947532148877,0.5,1.0,10147.135198977005,turtle,random_search,1,-0.6115406105399988,10
783,7830,-0.27168611443635715,-0.011158446446268577,0.10173959747736734,0.5,1.0,10155.238541520011,turtle,random_search,1,-0.6115406105399988,10
784,7840,-0.16556521559204818,-0.0110054457314547,0.08914301301977079,0.5,1.0,10165.3286085,turtle,random_search,1,-0.6115406105399988,10
785,7850,-0.14721235492045714,-0.019088973815598466,0.08080635232904029,0.5,1.0,10179.43004560101,turtle,random_search,1,-0.6115406105399988,10
786,7860,-0.5046890223424745,-0.0377780904050856,0.16648734994281567,0.5,1.0,10188.330480248012,turtle,random_search,1,-0.6115406105399988,10
787,7870,-0.07830416052428468,-0.006492736076570793,0.06846565190075148,0.5,1.0,10199.047232697005,turtle,random_search,1,-0.6115406105399988,10
788,7880,-0.4365960942458553,-0.06109993292275915,0.18803434062988456,0.5,1.0,10211.333066986,turtle,random_search,1,-0.6115406105399988,10
789,7890,-0.11369751364477398,0.006631145881456657,0.062085631565779315,0.5,1.0,10221.927000451004,turtle,random_search,1,-0.6115406105399988,10
790,7900,-0.21120213756234119,-0.022760010776790997,0.08853341538323299,0.5,1.0,10230.485591898003,turtle,random_search,1,-0.6115406105399988,10
791,7910,-0.17514462701711153,-0.0381541253416219,0.06729112336845967,0.5,1.0,10239.071180612009,turtle,random_search,1,-0.6115406105399988,10
792,7920,-0.11875833980587824,0.009450310203885781,0.057327543503638625,0.5,1.0,10247.92703005101,turtle,random_search,1,-0.6115406105399988,10
793,7930,-0.18353210186512658,-0.009396025399176278,0.0729786750810275,0.5,1.0,10259.70607639401,turtle,random_search,1,-0.6115406105399988,10
794,7940,-0.17552329873112704,1.0110085089858576,2.9977448197841343,0.5,1.0,10268.325219849008,turtle,random_search,1,-0.6115406105399988,10
795,7950,-0.1690004887480363,0.004836494426377768,0.10719325681087079,0.5,1.0,10277.691673905007,turtle,random_search,1,-0.6115406105399988,10
796,7960,-0.1290132876850274,0.010708083789984623,0.07165438777883279,0.5,1.0,10285.830979564009,turtle,random_search,1,-0.6115406105399988,10
797,7970,-0.08482408507689154,0.020528430641609495,0.06918179373005377,0.5,1.0,10295.559649862,turtle,random_search,1,-0.6115406105399988,10
798,7980,-0.032360405141028004,0.043944765549372364,0.08912511866623264,0.5,1.0,10304.45744397401,turtle,random_search,1,-0.6115406105399988,10
799,7990,-0.2998184468943679,0.9612622843878708,3.0169667595026577,0.5,1.0,10312.727202658003,turtle,random_search,1,-0.6115406105399988,10
800,8000,-0.24132916323944986,-0.07752544159917303,0.09575094692858636,0.5,1.0,10323.303916286008,turtle,random_search,1,-0.6115406105399988,10
