generation,evals_used,best_fitness,mean_fitness,std_fitness,sigma,condition_number,wall_time_s
1,10,-0.25613112285807826,0.03447160192508676,0.14631457703882067,0.5,1.0,14.706679832888767
2,20,-0.11132468986246558,-0.001566453648287336,0.07696387784872169,0.5,1.0,28.99478895799257
3,30,-0.23516162235022176,-0.0450627726459313,0.09539424855062463,0.5,1.0,43.69319558306597
4,40,-0.2852707551895204,-0.031332056684828656,0.12734530471955552,0.5,1.0,58.34198583289981
5,50,-0.08884818118201387,0.008673128223781301,0.0603001019264208,0.5,1.0,72.80499266600236
6,60,-0.09207233884644506,0.018385031552903275,0.07493062838673377,0.5,1.0,88.26045499998145
7,70,-0.04303814629406233,0.013874603618028303,0.03947949922205269,0.5,1.0,102.89254262507893
8,80,-0.1433468915935503,0.9607623200885118,3.013634395866795,0.5,1.0,118.37155025009997
9,90,-0.07437937049002219,-0.006459561379383328,0.04724801211973438,0.5,1.0,134.14758824999444
10,100,-0.17395942490875704,-0.03464807619297785,0.0812787159651798,0.5,1.0,149.05378279089928
11,110,-0.6042358891824238,-0.04589218192947042,0.2003075021749252,0.5,1.0,164.74764804099686
12,120,-0.2282527115598576,-0.031251325850320734,0.11501937049104406,0.5,1.0,179.64899179106578
13,130,-0.389358600188757,-0.05593762232873525,0.1206724330305828,0.5,1.0,194.51949079101905
14,140,-0.11618402829701857,0.05515045567452992,0.1106883184007848,0.5,1.0,209.7934118330013
15,150,-0.15656750179873757,-0.020715788340242104,0.06827808489029732,0.5,1.0,224.86190208303742
16,160,-0.15770098448704495,0.02960990781891759,0.10499946970253676,0.5,1.0,239.42219362501055
17,170,-0.1258583929443846,-0.029456315559331526,0.05940296248409978,0.5,1.0,254.92886666604318
18,180,-0.3376176021501873,-0.02200191902038524,0.1375722910881337,0.5,1.0,270.24945554090664
19,190,-0.3796481769247899,-0.07608484781667153,0.11149103277989209,0.5,1.0,284.1920551250223
20,200,-0.06134042771313197,-0.0053706949789768645,0.03523029427643124,0.5,1.0,298.4316588330548
21,210,-0.08435925542555722,-0.018009215261912282,0.051950613884327486,0.5,1.0,313.71003387495875
22,220,-0.30865600906549684,-0.05083727853065465,0.10009110591916018,0.5,1.0,327.87751891603693
23,230,-0.13495793146086932,-0.02322721062924904,0.053545563257168034,0.5,1.0,342.9425506659318
24,240,-0.10410623503883087,0.00441870708211729,0.08123046077245785,0.5,1.0,357.7818681660574
25,250,-0.2328917769458707,-0.0393549951736305,0.09118215310240924,0.5,1.0,371.42419008305296
26,260,-0.07524992064558944,1.01139666484812,2.997138416215705,0.5,1.0,385.8602079579141
27,270,-0.26506237462404414,-0.04717923302032414,0.10627144512657505,0.5,1.0,400.6700684579555
28,280,-0.0722702257636767,-0.0011737159001823372,0.04612077652272439,0.5,1.0,415.6838641250506
29,290,-0.07953614227772832,-0.003209593010327261,0.07227305749827923,0.5,1.0,430.6404726249166
30,300,-0.09163578796327965,-0.014588474347243441,0.04289043381474596,0.5,1.0,445.9627712909132
31,310,-0.14493602129979166,-0.030905547352964025,0.06568498962178652,0.5,1.0,461.2672447080258
32,320,-0.2580486277786793,-0.013763808586579973,0.10003146570315681,0.5,1.0,476.24023550003767
33,330,-0.5629283596169996,-0.0023840977885719815,0.22342509559391768,0.5,1.0,491.13642720808275
34,340,-0.17000482601431433,-0.000674332541151923,0.13547966093185632,0.5,1.0,506.084285791032
35,350,-0.15221849424311884,0.04714604886934284,0.10124421977201879,0.5,1.0,520.8934589999262
36,360,-0.04533661186765592,0.036507111383656546,0.07551223337428695,0.5,1.0,535.7255763330031
37,370,-0.1734207759174602,-0.02988368599428757,0.09763689760373628,0.5,1.0,550.566802791087
38,380,-0.251562434812044,-0.008694145876241777,0.10850538745704436,0.5,1.0,564.8023122081067
39,390,-0.1561694307032644,0.004032773374441856,0.08029316106781598,0.5,1.0,579.8397372080944
40,400,-0.2210712368980321,-0.012286656435119702,0.11981582240385723,0.5,1.0,594.6093417080119
41,410,-0.10317362391297813,0.02262161553126969,0.07450434289996681,0.5,1.0,609.3652264580596
42,420,-0.1264225393000178,0.040351225446476666,0.10664497223080914,0.5,1.0,623.9211657498963
43,430,-0.30155870870647394,-0.06462937977611594,0.08995809816154778,0.5,1.0,638.5675785411149
44,440,-0.1100691424901381,0.0020935077673886584,0.10387132239095885,0.5,1.0,653.4020144999959
45,450,-0.09217417880267575,-0.00017826320192044777,0.07327856426205388,0.5,1.0,668.4925719581079
46,460,-0.318459189605103,-0.030702572153972162,0.12720761513087667,0.5,1.0,683.4563084160909
47,470,-0.11112598526017692,0.020880404357972983,0.07789207829654247,0.5,1.0,698.5828647499438
48,480,-0.151651302510726,0.004123009361263819,0.10331306073285709,0.5,1.0,713.9642956659663
49,490,-0.12315012135108816,0.0036709326843431533,0.09907323850300434,0.5,1.0,728.6982845000457
50,500,-0.19630013264419421,-0.02317711849735371,0.09368726942105442,0.5,1.0,744.1122155410703
51,510,-0.31931090349379687,-0.03281261094676111,0.15055154615239977,0.5,1.0,758.2302729159128
52,520,-0.3687217875141764,-0.06509477152064144,0.16186661682276396,0.5,1.0,773.5690970830619
53,530,-0.25114171608965563,-0.05363975003003487,0.1193852814974772,0.5,1.0,788.5639945410658
54,540,-0.3151125549488283,-0.0345580263124158,0.11311059313345376,0.5,1.0,803.3107909159735
55,550,-0.09994480577191744,0.030729882563095147,0.08201777519389188,0.5,1.0,817.8230854161084
56,560,-0.05123230168622506,0.04488801824957474,0.07849004562186114,0.5,1.0,832.4382211249322
57,570,-0.09885486393262877,-0.030857520228915015,0.06561642797518197,0.5,1.0,847.3377863750793
58,580,-0.08713874355249995,0.9756462636317542,3.0084818750504336,0.5,1.0,862.5835008749273
59,590,-0.042449941841583794,0.09025808389572151,0.16108066813063038,0.5,1.0,877.5498988330364
60,600,-0.22461096355404742,-0.052943976261218495,0.08242074160423822,0.5,1.0,892.8194593330845
61,610,-0.37992348172590695,-0.10292720625987917,0.12322615017955574,0.5,1.0,907.0946955410764
62,620,-0.29612824242079494,-0.03927084344552423,0.0934103303980003,0.5,1.0,921.9704094580375
63,630,-0.29269560907436,-0.0806455696611537,0.09829395224804195,0.5,1.0,936.8661170830019
64,640,-0.12045073702237108,0.016737517966852876,0.11952269818791182,0.5,1.0,951.9909359579906
65,650,-0.25371125469630584,-0.04568974944720807,0.11364603877388128,0.5,1.0,966.3799962908961
66,660,-0.1515606985435447,-0.019503563815496606,0.07046941207086987,0.5,1.0,980.8396699998993
67,670,-0.12612732994399956,-0.024205596730691427,0.07216961756518483,0.5,1.0,996.1422881660983
68,680,-0.04547801046354838,0.016048467674256096,0.05598271985026041,0.5,1.0,1009.7748876248952
69,690,-0.19194802694207436,-0.04562890281799285,0.08202397751275421,0.5,1.0,1022.7410518329125
70,700,-0.054458364118301184,0.012714798535932204,0.0601579696982409,0.5,1.0,1035.951902416069
71,710,-0.1481296794501663,0.00037880313229212705,0.08055834471916441,0.5,1.0,1048.964266166091
72,720,-0.10478871685818802,0.03849628890450037,0.10360561465325738,0.5,1.0,1061.210939124925
73,730,-0.12523639129808029,-0.020065326709889676,0.05613933779700826,0.5,1.0,1073.7835826249793
74,740,-0.08619065864181064,0.000342578678595995,0.07662233674598692,0.5,1.0,1086.4516104580835
75,750,-0.09435536263937916,0.020271476135519873,0.05936302249326031,0.5,1.0,1099.4837660000194
76,760,-0.03113111542398528,0.033270336250043456,0.05876752694703693,0.5,1.0,1112.3526035000104
77,770,-0.44076050806104217,-0.028560829346237514,0.14497874323008367,0.5,1.0,1124.789437332889
78,780,-0.19230671738278726,-0.03456443396326545,0.06654933779975505,0.5,1.0,1137.8972967499867
79,790,-0.1293555452981776,-0.016523408650491865,0.05015190415636611,0.5,1.0,1150.7019579159096
80,800,-0.12598875095450346,-0.014443533160875521,0.050449338154851295,0.5,1.0,1163.5708575409371
81,810,-0.4961117327397151,-0.023743243647989232,0.18099207704047182,0.5,1.0,1176.6329386250582
82,820,-0.1404786666948663,-0.029327837302439087,0.05959262423362604,0.5,1.0,1189.146470833104
83,830,-0.4044409284043091,-0.024114478532115412,0.13246567472321735,0.5,1.0,1202.1686165831052
84,840,-0.2142084696651816,-0.02347261562369498,0.10459478588337445,0.5,1.0,1215.5992953749374
85,850,-0.20954037646307544,-0.024794716334626533,0.10747841523648934,0.5,1.0,1228.0583714579698
86,860,-0.26919787470292444,-0.06668932756818151,0.15388106641084248,0.5,1.0,1240.7413966250606
87,870,-0.27658009191540334,-0.04670157292448307,0.13010982187613587,0.5,1.0,1253.7556246661115
88,880,-0.002400014220880209,0.03157681621986672,0.03855359786097826,0.5,1.0,1267.151455833111
89,890,-0.07401576245941044,0.029217362474708963,0.07982006420475934,0.5,1.0,1279.7609439580701
90,900,-0.17366151833313204,-0.02192472582014098,0.07437746571243146,0.5,1.0,1292.4449675409123
91,910,-0.23933868191771523,-0.043481542832140715,0.08894814140342269,0.5,1.0,1304.913310874952
92,920,-0.29039491701081044,-0.05066629079107008,0.10597060635097161,0.5,1.0,1317.5709999159444
93,930,-0.19080988412726718,-0.013334199415835534,0.09578803694528569,0.5,1.0,1330.3059347080998
94,940,-0.19601029078947985,-0.02637416062846345,0.07597023121860443,0.5,1.0,1343.6144877080806
95,950,-0.09230171612655269,0.008089766663943898,0.06859894982029978,0.5,1.0,1356.0328716658987
96,960,-0.07954276081783718,0.006709673021859786,0.05649063786240645,0.5,1.0,1368.517184541095
97,970,-0.10631204589328647,0.011444987861040801,0.06368394550496671,0.5,1.0,1382.076132999966
98,980,-0.08884939797689295,-0.0020476922305362245,0.06727927510578145,0.5,1.0,1394.6254139998928
99,990,-0.17020611705823718,0.04420488644867922,0.11776743933011644,0.5,1.0,1407.3479035410564
100,1000,-0.3072198369894723,-0.030455192919028828,0.13193084186476095,0.5,1.0,1419.7917399159633
101,1010,-0.09019053368316943,0.002978564905147163,0.05391339156578894,0.5,1.0,1432.8694384999108
102,1020,-0.2794484807166526,-0.008049681716154744,0.11242445464354399,0.5,1.0,1446.004765208112
103,1030,-0.3857957158902927,-0.06422518349330746,0.12175341172671185,0.5,1.0,1459.0115938750096
104,1040,-0.10737440726712144,-0.02251216950767203,0.043679968642072076,0.5,1.0,1472.0303302078974
105,1050,-0.12955634460712862,-0.03012798874217353,0.05628476229790523,0.5,1.0,1484.9846574999392
106,1060,-0.1682088013439209,0.020326840223503152,0.15834361948609493,0.5,1.0,1497.962531457888
107,1070,-0.12588443628141377,-0.011130193188207382,0.07439295763590566,0.5,1.0,1510.8177532081027
108,1080,-0.2480230693915102,-0.021119972540704524,0.0975731332042389,0.5,1.0,1524.0152587909251
109,1090,-0.2935321061149079,-0.04404956127646838,0.1252837308417047,0.5,1.0,1537.003746750066
110,1100,-0.21400629364579782,-0.03998055721175371,0.08283000589565075,0.5,1.0,1549.5904023749754
111,1110,-0.13738537832435238,0.009472327343025898,0.07866270745638786,0.5,1.0,1562.708507708041
112,1120,-0.23701537554790608,-0.040575008850770186,0.08742923955387016,0.5,1.0,1575.3437697079498
113,1130,-0.05825237909627656,-0.011080217027638551,0.03468487644656205,0.5,1.0,1588.833512708079
114,1140,-0.042192522881182803,0.01767624096202347,0.05218838825419085,0.5,1.0,1601.7761840000749
115,1150,-0.34755675664351227,-0.0833970945331517,0.11297441234757667,0.5,1.0,1614.7485187079292
116,1160,-0.10423781081911798,0.018442467073634995,0.04958155144128267,0.5,1.0,1628.1421428329777
117,1170,-0.17102413122394822,-0.013766763284764404,0.07036022093332599,0.5,1.0,1641.3703692080453
118,1180,-0.10405243435503397,0.012042371111732564,0.05709920968381195,0.5,1.0,1654.158721457934
119,1190,-0.18174446577012393,0.013441698370306643,0.10311387147612243,0.5,1.0,1666.9840905410238
120,1200,-0.06077107022947015,0.015430255338675725,0.06924216202186903,0.5,1.0,1680.2046162909828
121,1210,-0.23755830306964665,-0.011168752860370912,0.10091900873763518,0.5,1.0,1692.996267083101
122,1220,-0.12688932826049992,-0.012360327686674388,0.07414189175034035,0.5,1.0,1705.700992750004
123,1230,-0.21636082785034816,-0.022622149549253123,0.07730527041359438,0.5,1.0,1718.9093275829218
124,1240,-0.13672990023201148,0.016190442996028585,0.14051020843988277,0.5,1.0,1732.1534110000357
125,1250,-0.1646400419019276,0.016705834089849603,0.10054402776826113,0.5,1.0,1744.979322124971
126,1260,-0.371527176688776,0.8984430949265185,3.0375674904834304,0.5,1.0,1758.0063176660333
127,1270,-0.1189286460585759,-0.0100809547053208,0.06992369197864307,0.5,1.0,1771.5735013328958
128,1280,-0.28652978455974587,-0.06524598823218639,0.1235398976380602,0.5,1.0,1784.4890703749843
129,1290,-0.05333387829999037,0.007068574271756845,0.04683266404906739,0.5,1.0,1797.6090237910394
130,1300,-0.26450223029148034,-0.05576282155611016,0.08947810908523533,0.5,1.0,1810.0142292079981
131,1310,-0.1582576162808902,-0.0006763775973366748,0.09393817805408369,0.5,1.0,1822.8772628330626
132,1320,-0.2895434523769218,0.007315404828458582,0.11749231170673789,0.5,1.0,1835.7530515410472
133,1330,-0.22369626123993136,-0.015338695342798126,0.09931570643190428,0.5,1.0,1849.0761293750256
134,1340,-0.0927000290125628,0.015309757781074396,0.06902174956434218,0.5,1.0,1862.0208322079852
135,1350,-0.42543001287103444,-0.044745506406508276,0.13643861399192478,0.5,1.0,1874.7076195830014
136,1360,-0.2619392469574491,-0.046220448565409814,0.10016003345471525,0.5,1.0,1887.9961633749772
137,1370,-0.06048051685715361,-0.007666604105542518,0.043607359726582,0.5,1.0,1900.8647629579064
138,1380,-0.07183054520397025,0.004219951904266761,0.05313413477293942,0.5,1.0,1913.7883455411065
139,1390,-0.10639976904900639,-0.01192390819471063,0.06276933077863034,0.5,1.0,1927.2982899160124
140,1400,-0.045538821863197576,0.025763412776442517,0.06970128634419667,0.5,1.0,1939.9558310830034
141,1410,-0.04713445370097524,0.024645312287442156,0.05522016044050325,0.5,1.0,1953.6381271251012
142,1420,-0.33809829211945,-0.036216456961187846,0.12759898906418352,0.5,1.0,1967.449353208067
143,1430,-0.4754452484402316,-0.10466170930115828,0.1395275781034635,0.5,1.0,1980.581794250058
144,1440,-0.1612461551696418,-0.012163300470156369,0.10743682385258338,0.5,1.0,1993.6191164581105
145,1450,-0.2702978944542904,-0.055405831468597365,0.09845682284401917,0.5,1.0,2006.7916132500395
146,1460,-0.5263166152723286,-0.09885857529136768,0.15640854824141087,0.5,1.0,2019.5513967080042
147,1470,-0.3252583402881468,-0.05261154854704042,0.10349582667997359,0.5,1.0,2032.4802868750412
148,1480,-0.03998267644325004,0.04157914249081758,0.056673850438116326,0.5,1.0,2045.1427209160756
149,1490,-0.06602319819229585,0.03470124521011684,0.06897853580170975,0.5,1.0,2058.1491426660214
150,1500,-0.1492197131236921,0.0284889643765319,0.08781745413181151,0.5,1.0,2071.241161165992
151,1510,-0.1621657178067668,0.0035418001662254283,0.07821496755476569,0.5,1.0,2084.8130116660614
152,1520,-0.08345885281340326,0.02171298016144565,0.058754539444727825,0.5,1.0,2097.832030208083
153,1530,-0.1023150581361234,-0.0023119698272446422,0.08985713180281237,0.5,1.0,2110.4780364579055
154,1540,-0.12422657605466725,-0.03611047943616565,0.057454333887737415,0.5,1.0,2123.272116540931
155,1550,-0.22137175301284095,-0.005081179590305495,0.10286919947880178,0.5,1.0,2136.672854250064
156,1560,-0.06391529311741095,0.005429686931091382,0.04602263850557721,0.5,1.0,2149.5549587910064
157,1570,-0.256999958601245,0.012546573521679339,0.11020397385221795,0.5,1.0,2162.633910208009
158,1580,-0.28391937575587,-0.015508713228948423,0.12318284599754833,0.5,1.0,2175.2575440409128
159,1590,-0.10354460842244073,0.03255164507911727,0.08062704257027906,0.5,1.0,2187.823768750066
160,1600,-0.32550650324211006,-0.09019470577164199,0.12511743490089156,0.5,1.0,2200.5112965409644
161,1610,-0.0749754514807286,-0.012538689672323855,0.036045267630231394,0.5,1.0,2213.165443040896
162,1620,-0.22588110213334112,-0.004717808438303539,0.08236802572647849,0.5,1.0,2226.142668541055
163,1630,-0.13147528843650136,0.016359283219686292,0.07981147272880655,0.5,1.0,2238.9572379160672
164,1640,-0.06760703020766279,0.007978186957524346,0.046320745011309394,0.5,1.0,2251.657108000014
165,1650,-0.14492625098899836,-0.023109285511358824,0.060677010535081614,0.5,1.0,2264.5720094579738
166,1660,-0.27339792502322524,-0.04553279357586426,0.09817556537439762,0.5,1.0,2277.595282708062
167,1670,-0.06155401260168247,0.027655052845669204,0.0742437117924186,0.5,1.0,2290.8567808750086
168,1680,-0.25504660724379935,-0.010977283178265828,0.0964002800136405,0.5,1.0,2303.518803624902
169,1690,-0.1419222689822499,0.0015437413729972426,0.06413701492904571,0.5,1.0,2316.877884082962
170,1700,-0.13649890768518436,1.9950299544631167,4.003017977542771,0.5,1.0,2329.5667774160393
171,1710,-0.18203240372339735,-0.028898126650148105,0.0768346201479609,0.5,1.0,2342.873216040898
172,1720,-0.05947599128834735,0.006680635219677456,0.03674276390812411,0.5,1.0,2355.6587967909873
173,1730,-0.24480034990718647,0.028876662253875817,0.20881788877020893,0.5,1.0,2368.0790784580167
174,1740,-0.2865470697361463,-0.016883532932044875,0.0962393533272409,0.5,1.0,2380.7056189160794
175,1750,-0.11526450551350553,-0.005651966212787763,0.05978146795904317,0.5,1.0,2393.3338808331173
176,1760,-0.15555919630685544,-0.022742553830011315,0.05496095581762074,0.5,1.0,2406.54607608309
177,1770,-0.15299930479231794,-0.0407431318171648,0.05718969529109905,0.5,1.0,2419.3149890410714
178,1780,-0.22217976246593185,-0.019211518048115737,0.08070867650229228,0.5,1.0,2432.370405707974
179,1790,-0.11200179291069823,-0.002627201719483008,0.052207722042932635,0.5,1.0,2446.1752909580246
180,1800,-0.074002897247742,0.03184656457757988,0.07294752441380982,0.5,1.0,2458.372395416023
181,1810,-0.3046833144246044,0.01697266973916811,0.1277048067859099,0.5,1.0,2471.223741291091
182,1820,-0.06923211312208011,0.011760452525440002,0.05737173340858262,0.5,1.0,2483.8326973330695
183,1830,-0.14973916791675457,0.031403786661625424,0.11699725867019065,0.5,1.0,2496.7618947909214
184,1840,-0.4046876979671179,-0.037002366080023205,0.14307966924984378,0.5,1.0,2509.4621251660865
185,1850,-0.20672692035424767,-0.0011863792463377542,0.08007820773529693,0.5,1.0,2521.9794337500352
186,1860,-0.24898919390568341,-0.029639588836205898,0.09295727995927529,0.5,1.0,2534.944367374992
187,1870,-0.17300370216781857,-0.015907789855625864,0.09663199552799191,0.5,1.0,2547.9480064159725
188,1880,-0.14725399891465418,-0.033089948198831286,0.088741257661419,0.5,1.0,2560.824496832909
189,1890,-0.14047717087232314,-0.03424008856932357,0.07343651207261817,0.5,1.0,2573.921412582975
190,1900,-0.2686341741057783,-0.030814530089597537,0.10108710890470274,0.5,1.0,2586.6492957079317
191,1910,-0.10608819949099058,-0.01004071841872003,0.058141305616527944,0.5,1.0,2600.8907079161145
192,1920,-0.12153777870765925,0.0029320402983556092,0.0669320028372614,0.5,1.0,2614.700891291024
193,1930,-0.16878877093744293,-0.015617375204604045,0.06953209998095261,0.5,1.0,2628.332524624886
194,1940,-0.0844209039895869,0.03494710431663668,0.07164924781071426,0.5,1.0,2642.0445466251113
195,1950,-0.09961150836586796,-0.0037018786346989076,0.05695160509324663,0.5,1.0,2655.8572404999286
196,1960,-0.17499727865113535,-0.04561007622402515,0.08230331705468855,0.5,1.0,2669.279460082995
197,1970,-0.30668275249787325,0.005034621667846207,0.1375951842866144,0.5,1.0,2681.9480718330014
198,1980,-0.18204377965594976,0.010350714738232547,0.0837187972721405,0.5,1.0,2694.8612230829895
199,1990,-0.11382285022636829,0.014685643625981636,0.13214483120998566,0.5,1.0,2708.064441666007
200,2000,-0.1970152121918023,-0.031382682138702836,0.08633539115534956,0.5,1.0,2720.8881827080622
201,2010,-0.13685875614933618,-0.019393608439866573,0.045930124532609584,0.5,1.0,2733.6486197079066
202,2020,-0.20056014341317674,-0.02638026288107307,0.07968460155834123,0.5,1.0,2746.2250046660192
203,2030,-0.18592781440477069,0.018106256249667572,0.0940325408123073,0.5,1.0,2758.59774429095
204,2040,-0.19617408749236187,-0.009034801845481333,0.10519233330975954,0.5,1.0,2770.995050499914
205,2050,-0.1470267968390475,-0.003496191338008181,0.06809310520475362,0.5,1.0,2784.0894598749
206,2060,-0.09900569923580527,-0.006385468380132408,0.0937095526039187,0.5,1.0,2796.8467248750385
207,2070,-0.10449783002636703,0.060471862582213196,0.14042556755393226,0.5,1.0,2809.511561708059
208,2080,-0.49063804714539483,-0.0586112011035139,0.15590087397781127,0.5,1.0,2822.0919115829747
209,2090,-0.042684619804979285,0.023778892747373083,0.05244517452233101,0.5,1.0,2835.4346908750013
210,2100,-0.14280883929318922,-0.042925677670324444,0.056922012148552505,0.5,1.0,2848.7189281249885
211,2110,-0.2328550217734504,-0.0008403753056525076,0.09998253408180985,0.5,1.0,2861.3832714159507
212,2120,-0.05665882405749034,0.04219738413002929,0.07652014481007702,0.5,1.0,2874.4264501249418
213,2130,-0.0940497762756376,-0.019626840920476153,0.05068619828308811,0.5,1.0,2887.826135708019
214,2140,-0.21827605604372913,-0.016355345308007686,0.08459567582559929,0.5,1.0,2900.7555852080695
215,2150,-0.2162823698110259,-0.013699840308541322,0.11113925141266572,0.5,1.0,2913.7512476660777
216,2160,-0.11205892522470062,-0.0072995698284456624,0.09855962046814457,0.5,1.0,2926.3710019579157
217,2170,-0.35186240404992564,-0.06557579882105716,0.13609292263555078,0.5,1.0,2939.0738832079805
218,2180,-0.07610709724220044,0.014868921643815192,0.03957896929170236,0.5,1.0,2952.4294786660466
219,2190,-0.20354061242859434,-0.0002514237218014692,0.08144271875058141,0.5,1.0,2965.3971307079773
220,2200,-0.13450646565082103,-0.0325186058336084,0.05920692189788336,0.5,1.0,2977.98813116597
221,2210,-0.3124757157758351,-0.01237756562768295,0.13647015791840877,0.5,1.0,2991.0578572500963
222,2220,-0.19229535153565536,0.024513139500211344,0.09672542704568576,0.5,1.0,3004.3988222500775
223,2230,-0.13319085589656243,-0.00409237195638088,0.10817239069322966,0.5,1.0,3017.299691458
224,2240,-0.06763439132447235,0.03726411550398714,0.1076056350714942,0.5,1.0,3030.442853125045
225,2250,-0.2503413756090227,-0.052838074247323966,0.08046045661602308,0.5,1.0,3043.646839250112
226,2260,-0.28271385003899585,-0.036095482330527326,0.10705298059392299,0.5,1.0,3056.779234040994
227,2270,-0.23023064047796282,-0.0072680091239218925,0.09256616176204208,0.5,1.0,3069.508806958096
228,2280,-0.1172667933355136,-0.00308149404009308,0.06500749493884338,0.5,1.0,3082.7901010829955
229,2290,-0.12418796226308704,-0.031487079586583366,0.056676454918602105,0.5,1.0,3095.40967158298
230,2300,-0.41356830069114636,-0.0435558143546948,0.13687492750000113,0.5,1.0,3107.998165083118
231,2310,-0.13096503584287955,-0.015230485994892273,0.06349208414587922,0.5,1.0,3121.4969071659725
232,2320,-0.13205947647689786,-0.017768755720477182,0.06786754824845656,0.5,1.0,3134.538632458076
233,2330,-0.05321555299024894,0.021852586449121515,0.047553447287992025,0.5,1.0,3148.162843582919
234,2340,-0.20833451874764464,-0.03350373429591826,0.08690011834139862,0.5,1.0,3160.684692166047
235,2350,-0.2522684505821058,-0.04219553666985458,0.10038332075035997,0.5,1.0,3173.475636374904
236,2360,-0.0942648294344206,0.994976089717662,3.001968940579339,0.5,1.0,3186.2526200409047
237,2370,-0.08581363499281824,0.008993163541585858,0.06425541150490022,0.5,1.0,3198.638976874994
238,2380,-0.14670705159249842,-0.0257239983101349,0.07682075255171625,0.5,1.0,3211.481152165914
239,2390,-0.11307682324358037,0.008436073676517797,0.07569722391888195,0.5,1.0,3224.2927627500612
240,2400,-0.1665071336248527,-0.021731138121767746,0.07797150934237364,0.5,1.0,3237.362308999989
241,2410,-0.10768186917817335,0.015640428732135715,0.06431904868368898,0.5,1.0,3250.154690250056
242,2420,-0.07613066241246003,0.010375280570499435,0.05185616611150439,0.5,1.0,3263.7788448750507
243,2430,-0.09290365733126382,0.010437470078474042,0.07115429092741278,0.5,1.0,3276.3250353750773
244,2440,-0.04797009987951384,0.9969785654098636,3.0012316193397686,0.5,1.0,3288.982450790936
245,2450,-0.23804441875348648,-0.01760297686377772,0.10105180788634244,0.5,1.0,3301.721508332994
246,2460,-0.19015319921269924,-0.034385906078814886,0.07277586344046276,0.5,1.0,3314.546513499925
247,2470,-0.26780915134755556,-0.0602439265645585,0.12031570193225509,0.5,1.0,3327.2329154158942
248,2480,-0.057357853993002195,0.03777464828183552,0.09233905500255418,0.5,1.0,3340.4525679999497
249,2490,-0.16875296624441471,-0.03229519738626019,0.05766442454226633,0.5,1.0,3352.875983082922
250,2500,-0.11254055269706154,0.0025285406192271155,0.060991383127036794,0.5,1.0,3366.466320540989
251,2510,-0.07020124331084698,0.012325217580188674,0.05371022576727948,0.5,1.0,3379.5309738330543
252,2520,-0.3014274891638973,-0.002236602879519811,0.1139499201795079,0.5,1.0,3392.6698211249895
253,2530,-0.34442448452085106,-0.04893027201643916,0.11868497255233568,0.5,1.0,3405.995345625095
254,2540,-0.4005896549628556,-0.010684882261639217,0.14196774917859725,0.5,1.0,3418.631983875064
255,2550,-0.19453895152132716,0.009784340471165897,0.1365985520945514,0.5,1.0,3431.5011325411033
256,2560,-0.26224367490333655,-0.0030368258574504205,0.11798728495507972,0.5,1.0,3445.1199789159
257,2570,-0.2705169866681816,-0.031279196208279014,0.09857255962043027,0.5,1.0,3458.1268879999407
258,2580,-0.1639530288670743,-0.004782064594472235,0.08612220487702095,0.5,1.0,3471.2372780831065
259,2590,-0.14402481325695238,0.9862871688311075,3.0051984716651003,0.5,1.0,3484.0119735829066
260,2600,-0.1695478259586931,-0.01813942510453854,0.06643166198861794,0.5,1.0,3497.1944421660155
261,2610,-0.13867947158824823,0.023890062006699075,0.07410231347579396,0.5,1.0,3510.8611518749967
262,2620,-0.17956695211242124,-0.022045151750459447,0.120616038081237,0.5,1.0,3523.483000915963
263,2630,-0.11315867753057862,0.005726106140045673,0.05557386464488223,0.5,1.0,3536.7224277500063
264,2640,-0.27494184543345934,-0.0019261946638292394,0.13597377395194912,0.5,1.0,3549.099034791114
265,2650,-0.4258236930190691,-0.0671818298549848,0.16971700973095288,0.5,1.0,3562.492380666081
266,2660,-0.19098498554276322,-0.03078221161417849,0.06923642246234649,0.5,1.0,3575.6534223330673
267,2670,-0.12141227281000955,0.02470599634279873,0.09991777808670337,0.5,1.0,3588.319338625064
268,2680,-0.24264499214443713,-0.012606447081439053,0.08836994544099637,0.5,1.0,3601.2583815830294
269,2690,-0.15646411404857563,-0.03973339266763416,0.07615048336681947,0.5,1.0,3613.534876916092
270,2700,-0.15089554619576262,0.019019498472842056,0.09477280119566084,0.5,1.0,3626.7636065001134
271,2710,-0.056785079546425976,0.04440364507751129,0.11508760706229829,0.5,1.0,3639.849385166075
272,2720,-0.2036786631900922,-0.02881951452583369,0.0963430357251622,0.5,1.0,3653.1880095829256
273,2730,-0.0685687391680716,0.01698664361213025,0.04580461366256798,0.5,1.0,3666.8360754160676
274,2740,-0.16199318880602664,-0.0031805632705177445,0.1072807239861309,0.5,1.0,3680.3278496249113
275,2750,-0.12327297521328795,0.013343601946475658,0.06347133090840526,0.5,1.0,3693.413604707923
276,2760,-0.2556876614229555,-0.0033855045526973273,0.10754618668161388,0.5,1.0,3705.8058074160945
277,2770,-0.2638216915431597,-0.06318645223307887,0.13732800921421412,0.5,1.0,3718.3178412499838
278,2780,-0.2573312985526197,-0.060272292525178364,0.10781946843579902,0.5,1.0,3731.2626025830396
279,2790,-0.21182759364454196,-0.013679415232718827,0.09063594309859256,0.5,1.0,3744.7296966249123
280,2800,-0.20518300305335302,-0.03812284440534377,0.08771708469605369,0.5,1.0,3757.487392500043
281,2810,-0.12202425622233282,-0.010369582669209265,0.054538867343747306,0.5,1.0,3770.422975457972
282,2820,-0.023035620225391185,0.057156920838303815,0.0786600461858299,0.5,1.0,3783.721855582902
283,2830,-0.13419104495313228,0.03284439111346664,0.11494652431299851,0.5,1.0,3796.6718772910535
284,2840,-0.07192476281898408,0.05292412496906831,0.13140892597129092,0.5,1.0,3810.2605669579934
285,2850,-0.18258721069252815,-0.023731589257953534,0.07522254152232732,0.5,1.0,3822.6091557079926
286,2860,-0.10964819622493227,-0.003125816832669326,0.06676518105333829,0.5,1.0,3836.0567970830016
287,2870,-0.17665189841257867,-0.030990481656925882,0.052682108167736864,0.5,1.0,3848.867245415924
288,2880,-0.569250119018883,-0.06322161485004445,0.17331962417611535,0.5,1.0,3862.073121750029
289,2890,-0.21327874065251162,-0.06724788044725907,0.07168671030964198,0.5,1.0,3874.7535140831023
290,2900,-0.2536051494948879,-0.03375363596751706,0.12911891581669896,0.5,1.0,3887.333239374915
291,2910,-0.21335995503414118,-0.047370420176869654,0.0901144010759894,0.5,1.0,3899.779732707888
292,2920,-0.20654244299217606,-0.007243421424993101,0.11699284771330819,0.5,1.0,3912.9119634160306
293,2930,-0.08222222914529542,0.02772359528136308,0.06012003661368525,0.5,1.0,3926.1653203330934
294,2940,-0.618301796498856,-0.13248474301134117,0.20868707505261433,0.5,1.0,3939.088615000015
295,2950,-0.11600705105969844,0.017194822257236543,0.06118842035152911,0.5,1.0,3952.0288034579717
296,2960,-0.3387616551364552,-0.05932881027430472,0.11042147713008124,0.5,1.0,3964.5390392499976
297,2970,-0.16090912517723233,-0.015378879692593017,0.07947395277800001,0.5,1.0,3977.2804479580373
298,2980,-0.03512120406058461,0.023255993362577953,0.03750703758743705,0.5,1.0,3991.0368291249033
299,2990,-0.24483656632861361,-0.02429123222734919,0.10277475467452722,0.5,1.0,4004.0060205829795
300,3000,-0.23188176087228918,-0.02077501140489959,0.09511779412517433,0.5,1.0,4016.660462874919
301,3010,-0.10589279816512942,-0.018233130058829605,0.06595578146386315,0.5,1.0,4029.4018265409395
302,3020,-0.13786789330291427,-0.028957628778368515,0.057461529061455636,0.5,1.0,4041.9730790830217
303,3030,-0.2644312026532729,-0.02806205910415347,0.12145116544278509,0.5,1.0,4054.466538333101
304,3040,-0.3856326306394804,-0.027353845573691516,0.1608621627760703,0.5,1.0,4067.6064052078873
305,3050,-0.13553494447702974,-0.017264062462659612,0.07053902582678115,0.5,1.0,4080.6334536659997
306,3060,-0.37858271690275824,-0.03921697700315816,0.14058293661740104,0.5,1.0,4093.4548661250155
307,3070,-0.133352056432404,-0.0038754069121452518,0.09489533583715982,0.5,1.0,4107.3155165410135
308,3080,-0.13008129351219466,-0.026640732793684042,0.06161501846647449,0.5,1.0,4120.229138457915
309,3090,-0.16470577205789105,-0.029366904803201255,0.08274104100638358,0.5,1.0,4133.062059208052
310,3100,-0.3976418286621728,-0.04503139789345969,0.13314811699061474,0.5,1.0,4146.192593500018
311,3110,-0.034886547087952025,0.019732844022717,0.03520889623865008,0.5,1.0,4159.036822333001
312,3120,-0.1471618790685678,-0.013564807793897949,0.09063287372367913,0.5,1.0,4172.211742332904
313,3130,-0.1350195985917333,-0.03858775343279284,0.051181339439637076,0.5,1.0,4184.984587207902
314,3140,-0.06774495749259835,0.008781659056179336,0.04342494410822291,0.5,1.0,4198.000398332952
315,3150,-0.09613327883502354,0.018090895976767295,0.05876065029327924,0.5,1.0,4210.747843415942
316,3160,-0.226274544633025,-0.03892354135013774,0.08777286031126502,0.5,1.0,4223.097974875011
317,3170,-0.05377454529461456,0.01708624604886948,0.05537466179390142,0.5,1.0,4235.844415915897
318,3180,-0.07179023007863705,0.046254530973576104,0.07297111396283451,0.5,1.0,4249.298637791071
319,3190,-0.18676326422943035,0.022184194783655454,0.1306155450749092,0.5,1.0,4262.2425606660545
320,3200,-0.35444253972990225,-0.04331755034871545,0.13372184537956205,0.5,1.0,4275.658211041009
321,3210,-0.05123326452662447,0.0018604318756830552,0.031260341511833725,0.5,1.0,4288.127244875068
322,3220,-0.20531976828610699,0.0008742574294664073,0.10625345059693733,0.5,1.0,4301.393611958018
323,3230,-0.2468209994601125,-0.01063761153271825,0.12204397454357431,0.5,1.0,4313.956687208032
324,3240,-0.16745845528349612,-0.006983188815312058,0.08489425845389696,0.5,1.0,4326.9123906660825
325,3250,-0.0952079005047688,0.003703013092793306,0.04891656822596755,0.5,1.0,4339.818450750085
326,3260,-0.018407738360235903,0.051723022775956376,0.06820502840640562,0.5,1.0,4352.778888040921
327,3270,-0.08759695191686934,0.03407804779588162,0.06693849144325312,0.5,1.0,4365.433309500106
328,3280,-0.09078580472877906,0.02097245899364042,0.07098045360618295,0.5,1.0,4378.408529333072
329,3290,-0.06415216492460107,0.020830414201451576,0.08195456717841515,0.5,1.0,4391.448356749956
330,3300,-0.21368324012920414,-0.026924186605985768,0.09220659196288845,0.5,1.0,4404.749647707911
331,3310,-0.2137245249966533,0.025924971254222395,0.13968417544525746,0.5,1.0,4417.176292082993
332,3320,-0.062003528844865485,0.029782370705770056,0.06349421019599409,0.5,1.0,4430.100772124948
333,3330,-0.07855000387341171,-0.0024264478060493032,0.04016412642398548,0.5,1.0,4443.582055832958
334,3340,-0.24184245259684722,-0.047474898267806334,0.12040007110847288,0.5,1.0,4456.307981000049
335,3350,-0.11255539685233806,-0.008487926843326754,0.057491576829478225,0.5,1.0,4469.739771832945
336,3360,-0.18357607456964153,-0.018478300402559267,0.06349774590915719,0.5,1.0,4482.980700874934
337,3370,-0.19213563376892928,-0.038019438703986184,0.07985318151160704,0.5,1.0,4495.871106791077
338,3380,-0.08357888757871912,0.013539434801481232,0.0643792842594288,0.5,1.0,4508.915802458068
339,3390,-0.09766666650559408,0.008598377041128914,0.07156018725344393,0.5,1.0,4521.859477708116
340,3400,-0.007979437159560732,0.031285378535673126,0.04347273241770597,0.5,1.0,4534.934854540974
341,3410,-0.0381225666765479,0.02860602127263725,0.05208349157660589,0.5,1.0,4548.26875583292
342,3420,-0.18504960724331543,-0.020031458182322482,0.09876531672525517,0.5,1.0,4560.91988954111
343,3430,-0.1543350168990134,0.06644257100039619,0.1445429237914055,0.5,1.0,4573.35006575007
344,3440,-0.07645067664979699,0.01873696761411443,0.05855661157154352,0.5,1.0,4586.006095291115
345,3450,-0.18279420183764827,0.02886061281705583,0.08409257813374692,0.5,1.0,4598.343981124926
346,3460,-0.10934546572953874,-0.011961839113411176,0.04764265544339205,0.5,1.0,4610.734358333051
347,3470,-0.2256643953501971,0.03403538795415066,0.13038716163798286,0.5,1.0,4623.421616582898
348,3480,-0.0918970047977945,0.032760533315631335,0.07830451342609461,0.5,1.0,4635.927088540979
349,3490,-0.06429833184568956,0.034789750283146945,0.07714039809197173,0.5,1.0,4649.759973458014
350,3500,-0.37191610251343654,-0.054493515760648495,0.11912287341861003,0.5,1.0,4662.587078375043
351,3510,-0.1091791957152104,0.004430423872926336,0.07463725890662247,0.5,1.0,4675.685113790911
352,3520,-0.16850920662728086,-0.009290225487409565,0.0802005963668296,0.5,1.0,4688.393871374894
353,3530,-0.1508893599150758,-0.011585144839110838,0.08103354202724704,0.5,1.0,4701.282985165948
354,3540,-0.2619293021931073,-0.04526870762488402,0.10311662700488758,0.5,1.0,4714.282519750064
355,3550,-0.19320935632498504,-0.025582151537100462,0.08745123121340927,0.5,1.0,4727.073702875059
356,3560,-0.06300671171680694,0.01943329743245421,0.07648301902271956,0.5,1.0,4740.390335249947
357,3570,-0.07994828721248126,0.0018076382117291345,0.040442082352221485,0.5,1.0,4753.495327041019
358,3580,-0.1797785930629079,-0.03509246494311791,0.06336032232316229,0.5,1.0,4766.695302915992
359,3590,-0.2950605934851893,-0.03904820649240248,0.10941563863341341,0.5,1.0,4779.609087415971
360,3600,-0.11926882115835191,0.031521854874593115,0.07885094668182417,0.5,1.0,4792.322270124918
361,3610,-0.1247162679567353,-0.021596614902497,0.10697667608555014,0.5,1.0,4804.963332833024
362,3620,-0.07940904485022138,0.027084387838171065,0.08554352189864757,0.5,1.0,4818.283197415993
363,3630,-0.1409261913120119,0.006665515033801928,0.08129427206607218,0.5,1.0,4831.098284624983
364,3640,-0.16489765272622225,-0.05261536302803434,0.05960186052197554,0.5,1.0,4844.078367708018
365,3650,-0.20179988329097398,-0.060066176250280545,0.08294711015303084,0.5,1.0,4856.927205540938
366,3660,-0.07115653576266912,0.024952151550113034,0.06738108666456295,0.5,1.0,4869.59670779109
367,3670,-0.1806795021019676,-0.010956025194612095,0.10403563308388991,0.5,1.0,4882.960292750038
368,3680,-0.23830942290977664,-0.022869931518242924,0.10265374757398683,0.5,1.0,4895.760324750096
369,3690,-0.3303733920645824,-0.03740503950323637,0.15677565669789312,0.5,1.0,4908.723542999942
370,3700,-0.21993645733080136,-0.01529795333156141,0.08295573149005296,0.5,1.0,4921.817220166093
371,3710,-0.11020253296951932,0.0183812489676888,0.14142906490259988,0.5,1.0,4934.156955125043
372,3720,-0.08329113325793358,-0.021959445742741758,0.032799832394506144,0.5,1.0,4947.381742832949
373,3730,-0.19031256204179314,-0.03285330677810601,0.07027569400403669,0.5,1.0,4960.216394749936
374,3740,-0.3076131846515482,-0.018237988430264807,0.1126438176519034,0.5,1.0,4973.272027000086
375,3750,-0.1514082999010551,-0.049456657180486016,0.06485926376392906,0.5,1.0,4986.213097458007
376,3760,-0.11964591676386238,-0.005323348438180453,0.07291874880840842,0.5,1.0,4999.054266249994
377,3770,-0.16296689828707844,-0.011724142378124202,0.07776654169168996,0.5,1.0,5011.623165833065
378,3780,-0.08052099267348023,0.011300185307114675,0.04995798330392105,0.5,1.0,5024.839155208087
379,3790,-0.2706936407438878,-0.02559494661752355,0.09509865166301122,0.5,1.0,5037.878861333011
380,3800,-0.09658459416049858,-0.0019013630984114904,0.06213235846285317,0.5,1.0,5050.632637332892
381,3810,-0.09479045189931767,0.013091243568224087,0.07571960135497197,0.5,1.0,5064.026393207954
382,3820,-0.1428261731058047,0.0023348862306381336,0.09509129295091817,0.5,1.0,5077.2204829161055
383,3830,-0.07204880580841522,0.06161223290185207,0.12813793328681936,0.5,1.0,5090.424635624979
384,3840,-0.07808730737323355,0.0008792712892835119,0.061557493334533475,0.5,1.0,5103.404697291087
385,3850,-0.12121737595459336,-0.015179334209084771,0.05824490679206687,0.5,1.0,5115.939551624935
386,3860,-0.17325440267399106,0.045519992151437094,0.09022459746999409,0.5,1.0,5129.064387500053
387,3870,-0.2548587716079407,-0.03275290248287188,0.12257291065232512,0.5,1.0,5141.9500992079265
388,3880,-0.21031107467852728,-0.007974938149737376,0.11341801062243242,0.5,1.0,5154.2432572909165
389,3890,-0.203445545737293,0.00870541467891428,0.1322432410378919,0.5,1.0,5166.851406041067
390,3900,-0.35561022277313104,-0.08865405429017983,0.13486912883675461,0.5,1.0,5180.57185279089
391,3910,-0.06588102549103247,0.03202248520810258,0.12202687478371081,0.5,1.0,5194.383285250049
392,3920,-0.13799016264509323,0.037028504873987254,0.08033591996007873,0.5,1.0,5206.984319458017
393,3930,-0.15099989277836734,-0.020010115180426613,0.07293058230567352,0.5,1.0,5219.993141208077
394,3940,-0.41951857156354144,-0.09911685403300634,0.16044366811817173,0.5,1.0,5232.426514791092
395,3950,-0.15800011316473572,-0.00917674123681298,0.08937703894654098,0.5,1.0,5245.312904540915
396,3960,-0.15229299450272293,-0.021348833459221783,0.058453798977113405,0.5,1.0,5258.024218082894
397,3970,-0.3803818791365243,-0.06225694050259225,0.1607926815190277,0.5,1.0,5270.313281875104
398,3980,-0.03598903488780891,0.03969554678695362,0.06204560292564175,0.5,1.0,5283.5106147499755
399,3990,-0.16868421700153835,-0.020567061100121187,0.11093062531269023,0.5,1.0,5296.397535874974
400,4000,-0.22429548510137653,0.02517237435732298,0.14752772995651212,0.5,1.0,5309.876843790989
401,4010,-0.027011579507104422,0.02637013928813321,0.044010931516022096,0.5,1.0,5322.6928559578955
402,4020,-0.12367955975574763,0.004682199427914391,0.09000661230783194,0.5,1.0,5335.753660666058
403,4030,-0.06236360496041815,0.023745010877341953,0.08103043013558633,0.5,1.0,5348.961719332961
404,4040,-0.06359737370381868,0.07711945681911744,0.0801106461191851,0.5,1.0,5362.405195750063
405,4050,-0.18783113771077975,0.010617842364450958,0.11046311822410446,0.5,1.0,5375.451109250076
406,4060,-0.40206397997929955,-0.040137778384449874,0.13127743974099287,0.5,1.0,5388.730365874944
407,4070,-0.043969572406442836,0.04129729131550173,0.06589570201557046,0.5,1.0,5403.013745666016
408,4080,-0.08812635902806232,-0.0006470054951616788,0.04954032875089979,0.5,1.0,5416.294749333058
409,4090,-0.1131142025586751,-0.006149251424043367,0.0595772673453552,0.5,1.0,5430.003993958002
410,4100,-0.37178798338430585,-0.08133515160569474,0.14382566314317402,0.5,1.0,5443.514933041064
411,4110,-0.47385964088491583,-0.09172406384188472,0.14823897828104,0.5,1.0,5456.327526791021
412,4120,-0.12293849163450421,0.00837162315778972,0.09838557617568959,0.5,1.0,5469.35852758307
413,4130,-0.19182859147966003,-0.0552842209051394,0.0859782712929093,0.5,1.0,5482.059338374995
414,4140,-0.3144049759340426,-0.056935581550358806,0.11384453804153699,0.5,1.0,5494.781788290944
415,4150,-0.08312401400901326,-0.0195923297458787,0.038050021845936435,0.5,1.0,5507.7325352909975
416,4160,-0.2018324020917852,-0.05478520685285702,0.0867417105521165,0.5,1.0,5520.404779541073
417,4170,-0.4154111269865943,-0.10748891487756289,0.14338719159927002,0.5,1.0,5533.498837624909
418,4180,-0.0735974059528619,0.02053302029166453,0.06213854000638863,0.5,1.0,5546.101113124983
419,4190,-0.28613383279562044,-0.028596752484229437,0.12565763996199444,0.5,1.0,5558.729302624939
420,4200,-0.47894886394377956,-0.044011452118656716,0.1618234601241832,0.5,1.0,5571.059628624935
421,4210,-0.023496473074883006,0.007868547211982779,0.02897067212599738,0.5,1.0,5584.2183984580915
422,4220,-0.28368991032001833,-0.026065261625712478,0.11771718986725206,0.5,1.0,5597.076710874913
423,4230,-0.167362202536812,-0.01161915406655245,0.08389464954664043,0.5,1.0,5610.354032665957
424,4240,-0.39063580327277947,3.6516358927585205e-05,0.1725801623400736,0.5,1.0,5623.397888832958
425,4250,-0.05746957274624087,0.013739220458574763,0.051582677904941664,0.5,1.0,5635.94981595804
426,4260,-0.11176309518443706,-0.002054983799488497,0.0528671390447697,0.5,1.0,5648.876833500108
427,4270,-0.08156828905686009,0.022930769845283548,0.0747525759738876,0.5,1.0,5662.022256582975
428,4280,-0.17540534152757203,-0.028410161007138068,0.07960084338178071,0.5,1.0,5674.940192915965
429,4290,-0.1976920845392911,-0.002640786347931101,0.07573141093965048,0.5,1.0,5688.276378249982
430,4300,-0.14671991139314589,-0.006224484147525899,0.0789352016520283,0.5,1.0,5700.886225041002
431,4310,-0.12375435222170594,-0.04004260513880711,0.045808205552887726,0.5,1.0,5713.662998832995
432,4320,-0.33797389563422175,-0.01654636049607099,0.1462107377031461,0.5,1.0,5726.481318000006
433,4330,-0.21873087615858822,0.004321832676880711,0.10704590169717679,0.5,1.0,5738.892252708087
434,4340,-0.14653391512027536,0.007400621490739478,0.07612881765648202,0.5,1.0,5751.558863166021
435,4350,-0.12120013475086111,-0.046600180303072405,0.04030464475327072,0.5,1.0,5764.553941583028
436,4360,-0.14769785316130246,0.01654612679041776,0.0810861336706449,0.5,1.0,5776.861057499889
437,4370,-0.1040707386846007,-0.0006350223476037975,0.05272776284451258,0.5,1.0,5790.899509415962
438,4380,-0.13351388270400388,0.05720134582039336,0.1252588709931283,0.5,1.0,5807.570742500015
439,4390,-0.11080339109812698,0.026351042321408703,0.08439927294125354,0.5,1.0,5823.772724499926
440,4400,-0.18395064717470433,-0.03337093183146474,0.06502237409616676,0.5,1.0,5838.483176375041
441,4410,-0.14115939532696853,0.02094669999519727,0.11449556315563628,0.5,1.0,5853.207701457897
442,4420,-0.293945331724224,-0.09359857250423911,0.09418291815750024,0.5,1.0,5867.760563374963
443,4430,-0.14564763768872435,0.010603461714959562,0.07639919322460866,0.5,1.0,5881.921486624982
444,4440,-0.0748373621326417,0.017460655542494586,0.053161922088807274,0.5,1.0,5896.558429790894
445,4450,-0.3364142697943642,-0.05926691000713804,0.11818426783642512,0.5,1.0,5911.30955408304
446,4460,-0.09971768074361975,-0.013493628005910363,0.054858337022105554,0.5,1.0,5926.170566125074
447,4470,-0.4136740555284826,-0.06690104406548522,0.13222354114297372,0.5,1.0,5940.70572279091
448,4480,-0.43455921373726447,-0.018585379020126514,0.1755622476994102,0.5,1.0,5954.988299832912
449,4490,-0.10270992809578772,-0.017484514274916752,0.09487844250484133,0.5,1.0,5969.188397832913
450,4500,-0.12700025003435123,0.01157896618666312,0.10385064631119793,0.5,1.0,5983.322445832891
451,4510,-0.1268235554778956,0.0032743960238046377,0.05726167735662668,0.5,1.0,5998.613751207944
452,4520,-0.14594342625166146,0.01493906054279055,0.0805951654179443,0.5,1.0,6013.319224250037
453,4530,-0.45972730663179284,-0.03856791465507525,0.19638999305670993,0.5,1.0,6027.85567883309
454,4540,-0.049076329573930266,0.041470548455348234,0.06460033480104894,0.5,1.0,6043.390032750089
455,4550,-0.11427021428699913,-0.030481097852016692,0.05382745986062525,0.5,1.0,6058.330865290947
456,4560,-0.13155733774510736,0.015064286058964437,0.08909020049807972,0.5,1.0,6073.282433290966
457,4570,-0.2742388560477229,-0.030737517044063002,0.08676628791690517,0.5,1.0,6088.005071124993
458,4580,-0.3016216539732275,0.019657613086276893,0.14412070912491842,0.5,1.0,6102.289565624902
459,4590,-0.026099713426408044,0.05153570611334004,0.05557824974942506,0.5,1.0,6117.107573291054
460,4600,-0.23627146748849892,-0.03413583619483873,0.08897101916919917,0.5,1.0,6131.761121083051
461,4610,-0.16678673540710065,0.03789873926029079,0.09257507181483744,0.5,1.0,6146.557075791061
462,4620,-0.08469412842443269,0.061146327851880414,0.10364361504850295,0.5,1.0,6161.121615166077
463,4630,-0.03322261326493248,0.03545987085018174,0.05397822036770424,0.5,1.0,6175.624381915899
464,4640,-0.18002089287428014,1.023761738135068,2.9944178204946517,0.5,1.0,6190.105961082969
465,4650,-0.16734713291026537,-0.03639871278400584,0.0699621484925267,0.5,1.0,6204.921407625079
466,4660,-0.12642384096465875,-0.02699674133063663,0.05383837530589409,0.5,1.0,6219.284528416116
467,4670,-0.13257651879161259,-0.03936029146729627,0.06859023685340783,0.5,1.0,6234.235373290954
468,4680,-0.13212451940783865,-0.0056092650584868235,0.06304138896489922,0.5,1.0,6249.570319707971
469,4690,-0.28590187005417533,-0.04052983999292712,0.0947181303876098,0.5,1.0,6264.224018082954
470,4700,-0.0893090201613509,-0.038766023231283954,0.03448607058026917,0.5,1.0,6278.722513583023
471,4710,-0.15655487687471759,-0.032791446031262605,0.08402264635056839,0.5,1.0,6293.678521540947
472,4720,-0.16822593455687507,-0.02887879201647996,0.0711459579429159,0.5,1.0,6308.202000416117
473,4730,-0.05317746517101174,0.009608152237559332,0.044805425856148114,0.5,1.0,6323.067371665966
474,4740,-0.21156061826075856,0.034520648334078086,0.15181289718564903,0.5,1.0,6337.958500416018
475,4750,-0.14013998567728603,0.03163449561279243,0.09177262062922725,0.5,1.0,6352.879188874969
476,4760,-0.3098330141281611,-0.031882888292727694,0.1125038804650165,0.5,1.0,6367.455457790988
477,4770,-0.10866032769584244,0.011248225435795779,0.06327456691955534,0.5,1.0,6381.683977416018
478,4780,-0.24171247850416933,0.0016829663293865594,0.09626066275060055,0.5,1.0,6396.208623833023
479,4790,-0.1024818474307132,-0.013416231187772177,0.06587993557375776,0.5,1.0,6410.774040665943
480,4800,-0.11229344422287113,0.01033793613691376,0.07296841409738226,0.5,1.0,6425.844803707907
481,4810,-0.20092277363504696,-0.044494927699374555,0.10260942402965505,0.5,1.0,6440.722016332904
482,4820,-0.21269041005419353,-0.017316108715259126,0.08157038817849581,0.5,1.0,6455.4569989580195
483,4830,-0.21170303287185988,-0.016492121178149865,0.1176436183192133,0.5,1.0,6470.267624249915
484,4840,-0.0719892302907299,0.03013659850007224,0.04936722654784051,0.5,1.0,6485.530064166058
485,4850,-0.15940283540245392,0.01192245957329261,0.09129409582174418,0.5,1.0,6500.30622816598
486,4860,-0.13189605738994103,-0.03257488598308198,0.06849075352055367,0.5,1.0,6514.394999665907
487,4870,-0.17572911890785736,-0.06299138510628746,0.07066157773419816,0.5,1.0,6529.889924708055
488,4880,-0.10050413733634045,-0.023729892183581746,0.055402841318007476,0.5,1.0,6544.5960093329195
489,4890,-0.11058428681987476,-0.016279319332693908,0.060935983447567066,0.5,1.0,6559.380978500005
490,4900,-0.2308275795647985,-0.06703431853617765,0.08993986773339861,0.5,1.0,6574.325856250012
491,4910,-0.048596379880127216,0.008467347885928156,0.030560559508837647,0.5,1.0,6589.344903625082
492,4920,-0.11087630720423736,0.029870130706944487,0.08798221746096023,0.5,1.0,6604.387720457977
493,4930,-0.0989942221427178,-0.0032458485284744044,0.07349615365162822,0.5,1.0,6619.105941500049
494,4940,-0.3387960974102615,-0.03736878439029674,0.16130433298114763,0.5,1.0,6634.005104874959
495,4950,-0.07192506437607005,0.04078053710088616,0.10111960077724011,0.5,1.0,6649.429517291021
496,4960,-0.23906242125113142,-0.020674282913823207,0.1167737097338339,0.5,1.0,6664.073054458015
497,4970,-0.2716239986730411,-0.06472455669287065,0.12668439638520126,0.5,1.0,6678.336568416096
498,4980,-0.06716773818029154,-0.012644171718870556,0.05135806148200766,0.5,1.0,6693.360987290973
499,4990,-0.08440588814288663,0.001286814547102022,0.054510306232106474,0.5,1.0,6708.473492082907
500,5000,-0.2931820466293482,0.9750768860917016,3.0101131420944722,0.5,1.0,6723.311881124973
501,5010,-0.156686528543033,0.013421628960976673,0.0748121441359934,0.5,1.0,6737.99030670803
502,5020,-0.11946829831016625,0.0004402892240355172,0.07816344560308164,0.5,1.0,6752.550645790994
503,5030,-0.07604636723484504,-0.015095543436594472,0.04811218415597451,0.5,1.0,6767.157697708113
504,5040,-0.18181454410123532,-0.0333240613464925,0.06902803754024793,0.5,1.0,6781.465577957919
505,5050,-0.16791406738823067,0.011264788478546084,0.08555491638231524,0.5,1.0,6796.690663082991
506,5060,-0.03534995326550394,0.03665695321450899,0.05199736357082551,0.5,1.0,6810.9295799159445
507,5070,-0.08462149737734848,-0.027696006754892633,0.05137898893937153,0.5,1.0,6825.456268874928
508,5080,-0.17329219363761705,-0.060457512257915444,0.07381713395808062,0.5,1.0,6840.258923332905
509,5090,-0.24714862568490048,-0.0009234118670566005,0.12038645608178923,0.5,1.0,6854.979234790895
510,5100,-0.024405567860988242,0.009093646440190284,0.024267599033081202,0.5,1.0,6870.504226250108
511,5110,-0.20266016286104716,-0.01842694993019629,0.10255818347417486,0.5,1.0,6885.223827207927
512,5120,-0.22890002518403474,-0.05864262171139165,0.0932427764956045,0.5,1.0,6899.669055083068
513,5130,-0.3488959865325443,-0.07053813154351722,0.12147767838835229,0.5,1.0,6914.69304016605
514,5140,-0.2436375070655643,0.017278285421792373,0.1095093324731474,0.5,1.0,6929.339144583093
515,5150,-0.36406253139670497,-0.06923468356802971,0.11572430295470901,0.5,1.0,6944.006473457906
516,5160,-0.16772546973237734,0.007052833197767239,0.12989418301413017,0.5,1.0,6958.315486791078
517,5170,-0.11732300664577,0.03333714939484311,0.07522536402493572,0.5,1.0,6972.970010458026
518,5180,-0.12867166700176202,-0.022700796601375382,0.06867578531792361,0.5,1.0,6987.856777915964
519,5190,-0.1630970025175591,0.015277889687270462,0.09065600528588985,0.5,1.0,7002.152892125072
520,5200,-0.24240959183669908,-0.03933505393022667,0.07933720558094431,0.5,1.0,7017.14197287499
521,5210,-0.19972753529515241,-0.04508708350446451,0.08129064277110007,0.5,1.0,7031.865825332934
522,5220,-0.23265956157559398,-0.04568869714840522,0.1084806311969838,0.5,1.0,7047.019736583112
523,5230,-0.07437589352493212,0.0012490533256046099,0.044207487968452634,0.5,1.0,7061.389408332994
524,5240,-0.12423712789273811,0.030059505293278832,0.08366779788796108,0.5,1.0,7075.505866208114
525,5250,-0.18036952376086202,-0.03882834785496758,0.06460207042904081,0.5,1.0,7090.7401852500625
526,5260,-0.2417995511191453,-0.0374605497793473,0.09441230916764931,0.5,1.0,7105.6048952499405
527,5270,-0.1751435225172182,-0.006020931559501896,0.08626333291235767,0.5,1.0,7119.5555636659265
528,5280,-0.07549741500316198,0.03492128202154845,0.05456560892042814,0.5,1.0,7135.077828249894
529,5290,-0.22423379256794984,-0.053319245761335045,0.08147377940463357,0.5,1.0,7149.169160416117
530,5300,-0.0829464337905117,-0.0029632479796451784,0.053758348732047705,0.5,1.0,7163.9416287080385
531,5310,-0.1438574497298699,-0.014731884445443733,0.09536975892371331,0.5,1.0,7178.645886958111
532,5320,-0.11362336232514103,-0.00891747544132242,0.06194907859254316,0.5,1.0,7193.368997208076
533,5330,-0.0240870937454174,0.03947553752685211,0.055921146130682386,0.5,1.0,7207.6163925
534,5340,-0.010099334796144888,1.053387672445845,2.982460728302144,0.5,1.0,7222.870575415902
535,5350,-0.2888967348341902,-0.03330284399900636,0.09347045398980741,0.5,1.0,7237.5435388749465
536,5360,-0.14288119720361436,-0.019803707384133153,0.09918437193533076,0.5,1.0,7253.011260540923
537,5370,-0.0655710549432591,0.00388388399995101,0.0582809573172781,0.5,1.0,7267.714309416013
538,5380,-0.24061423078825506,-0.045184949147858956,0.11745570884816875,0.5,1.0,7281.8836742909625
539,5390,-0.3399034475750087,-0.05447161444139352,0.1229548126198955,0.5,1.0,7297.228101416025
540,5400,-0.12391459639118363,0.004356701820702557,0.07009649067586923,0.5,1.0,7312.245644707931
541,5410,-0.16565668419178792,0.022439360645471675,0.10798118341064655,0.5,1.0,7326.112143916078
542,5420,-0.16656112744156548,0.016436797661157333,0.09386688149237439,0.5,1.0,7340.47912037489
543,5430,-0.09647462304910004,0.011425342583989995,0.060750470375680814,0.5,1.0,7355.392568957992
544,5440,-0.04933635760041888,0.009862750326549019,0.043723128454505635,0.5,1.0,7369.8269983748905
545,5450,-0.22176313860715702,-0.0064217587504977304,0.09781869248679949,0.5,1.0,7384.905135333072
546,5460,-0.26494093587131484,-0.021979894418990398,0.12123775772769464,0.5,1.0,7399.883381749969
547,5470,-0.10779504461507461,-0.003291464943271194,0.04929691182273343,0.5,1.0,7414.740036540898
548,5480,-0.13554311233168725,-0.009520456094619689,0.06183361665252116,0.5,1.0,7429.2804604999255
549,5490,-0.2728953747557501,-0.06979617107159583,0.08638701155874288,0.5,1.0,7443.852001416031
550,5500,-0.12109718457811613,-0.0003470755829110495,0.04588020875819473,0.5,1.0,7459.671502332902
551,5510,-0.09797746615922698,-0.003957485322660048,0.04819083767207671,0.5,1.0,7474.397006666055
552,5520,-0.09262377349892681,-0.0093535897730451,0.043252574621149856,0.5,1.0,7489.159876290942
553,5530,-0.13331787132340445,-0.02841548474864224,0.0805888274570794,0.5,1.0,7503.607477915939
554,5540,-0.2421946809926494,-0.013301804983185672,0.11040981820117204,0.5,1.0,7518.059360499959
555,5550,-0.09978973454806095,-0.009541910168658952,0.07809200833584116,0.5,1.0,7533.4813637079205
556,5560,-0.10562454336889981,-0.01230309977880122,0.06928820134144392,0.5,1.0,7547.963736958103
557,5570,-0.10835884555117392,-0.010228854742735383,0.0703674817720095,0.5,1.0,7563.008855415974
558,5580,-0.2918499462121078,-0.03744060960447717,0.10145559678744866,0.5,1.0,7577.53688704106
559,5590,-0.25982758768046565,-0.021447946732919297,0.09389678095837732,0.5,1.0,7592.2248422910925
560,5600,-0.030317015078577647,0.03315459852916804,0.054000362570767076,0.5,1.0,7607.231341707986
561,5610,-0.22323337692907153,0.011171853730123704,0.1728139257494342,0.5,1.0,7622.224443166051
562,5620,-0.1756994170663404,-0.012501858925176013,0.07302031648452675,0.5,1.0,7636.304092040984
563,5630,-0.3518189199782329,-0.07901418470331353,0.1416550688740675,0.5,1.0,7650.605951499892
564,5640,-0.13321813822437623,-0.011834716527840784,0.06603382800383373,0.5,1.0,7665.376078249887
565,5650,-0.2835731246396165,-0.05384848578502703,0.10271470973476705,0.5,1.0,7680.778147249948
566,5660,-0.14591725832636815,0.9772051935512707,3.0080342398911446,0.5,1.0,7695.339540957939
567,5670,-0.16291659009460613,-0.039974027563361506,0.09813944666360877,0.5,1.0,7709.827729665907
568,5680,-0.48763307114451315,-0.05661563891535568,0.16026187885959647,0.5,1.0,7725.165044832975
569,5690,-0.09869225515931923,0.04296026764906413,0.16595283635786448,0.5,1.0,7740.101303708041
570,5700,-0.3858725761352577,-0.03784461577755449,0.1304165549410719,0.5,1.0,7755.056073250016
571,5710,-0.28402241061280975,-0.027706591291623183,0.1350428133283673,0.5,1.0,7769.231119083008
572,5720,-0.34135720231611266,0.008404232528149435,0.12867694851423475,0.5,1.0,7783.855889207916
573,5730,-0.08827222490987019,0.005909744821865725,0.03797751820138293,0.5,1.0,7798.80017920793
574,5740,-0.1478853454112583,0.01641186652919684,0.09760793919984319,0.5,1.0,7813.529696665937
575,5750,-0.2924576873549567,-0.033585695158137606,0.13563147734614572,0.5,1.0,7827.66153158294
576,5760,-0.29583514673238565,-0.023154238043399823,0.10319996308451328,0.5,1.0,7842.776240790961
577,5770,-0.23803858842961656,0.04007291652804366,0.1070634538747343,0.5,1.0,7857.020192166092
578,5780,-0.12506000851700172,0.029069726176001696,0.19617213332325337,0.5,1.0,7871.2364932911005
579,5790,-0.1417896915538659,-0.00963627969631462,0.07142767706565041,0.5,1.0,7885.7601284580305
580,5800,-0.0751396763971659,-0.0022430436616614814,0.04059570153410848,0.5,1.0,7900.606616165955
581,5810,-0.212547679558158,-0.04285560060241087,0.10045804266043462,0.5,1.0,7915.827710750047
582,5820,-0.2833105712854085,-0.011143722892422225,0.11706033480908884,0.5,1.0,7930.154426374938
583,5830,-0.10716830622189732,-0.03961860199145937,0.0428439342544558,0.5,1.0,7944.946672457969
584,5840,-0.25916555685263454,-0.021179529266471687,0.13048875781152056,0.5,1.0,7959.191513916012
585,5850,-0.14563203652137435,0.0428321255509041,0.0908879886035693,0.5,1.0,7973.795243208064
586,5860,-0.05267491549630687,0.0228377150332979,0.058763553937716546,0.5,1.0,7989.377203416079
587,5870,-0.05259804075669816,0.02972493763668709,0.07147704623066371,0.5,1.0,8003.829783540918
588,5880,-0.3489772526622419,-0.015308815582506251,0.167216716023513,0.5,1.0,8018.577157041058
589,5890,-0.026274999128601095,0.041586097204215376,0.05629698562274834,0.5,1.0,8034.034979500109
590,5900,-0.23468450981650157,-0.0010153247221193595,0.13296060206224625,0.5,1.0,8049.09463679092
591,5910,-0.20340547877161708,-0.009415502599126047,0.10276486083148076,0.5,1.0,8063.878803957952
592,5920,-0.23038449288620733,-0.058995934521260375,0.08805682887438782,0.5,1.0,8078.2302161660045
593,5930,-0.12493906110164499,-0.016810719039721,0.05168864309894485,0.5,1.0,8093.062608582899
594,5940,-0.1286143451259889,0.0058623951560609735,0.10401036384719574,0.5,1.0,8107.478819875047
595,5950,-0.2886692812909928,-0.03272070602309949,0.137554714383964,0.5,1.0,8122.776046874933
596,5960,-0.07075429287863777,0.013645924183732916,0.06034966619780886,0.5,1.0,8137.556963624898
597,5970,-0.12768894839982892,-0.008999307911494458,0.06738180237615723,0.5,1.0,8152.41441329103
598,5980,-0.16843873158111222,-0.0340020764813759,0.0805135614389979,0.5,1.0,8167.726250000065
599,5990,-0.15877977937104681,-0.013020893438674097,0.06161770104935106,0.5,1.0,8182.538123290986
600,6000,-0.19240603937204348,-0.014156294996113506,0.08575018599485645,0.5,1.0,8197.927828999935
601,6010,-0.1663190830735921,-0.04452359156734316,0.0710557797211361,0.5,1.0,8212.223209582968
602,6020,-0.07626719156275552,0.025157591752470232,0.07417956187252903,0.5,1.0,8226.69756791601
603,6030,-0.15617591270401476,-0.030034232083383204,0.06977729064218526,0.5,1.0,8241.104816083098
604,6040,-0.22201610954009965,-0.012544251733447975,0.09614584668481829,0.5,1.0,8255.497140625026
605,6050,-0.1192711203674266,-0.023924915275114957,0.05827341741538008,0.5,1.0,8271.042176333023
606,6060,-0.2017557161553185,-0.029490404451276663,0.0775731331240585,0.5,1.0,8286.131682165898
607,6070,-0.22593717517128287,-0.011855475484943678,0.1076361625689757,0.5,1.0,8300.78026058292
608,6080,-0.28036223178045816,-0.0014462087136501544,0.12159369630058398,0.5,1.0,8315.465895958012
609,6090,-0.11135085371116293,0.0016303678637277664,0.0930599135038164,0.5,1.0,8329.795421041083
610,6100,-0.26932691111399176,-0.027711962102413334,0.10625892575358281,0.5,1.0,8344.805007749936
611,6110,-0.19035144262567716,-0.050883803839824715,0.08040602499858585,0.5,1.0,8360.19341591606
612,6120,-0.16409697025795023,0.01534495967995655,0.0984673489391293,0.5,1.0,8374.499099999899
613,6130,-0.10100773114680983,0.005712514914722,0.07937049842436694,0.5,1.0,8388.956956249895
614,6140,-0.18174833196673212,-0.05500097677890805,0.0880371537417134,0.5,1.0,8404.15978416591
615,6150,-0.18566529127343934,0.9827214388103013,3.0065025201364755,0.5,1.0,8418.90976054105
616,6160,-0.18240262842173127,-0.004926375235563096,0.07453976853328159,0.5,1.0,8433.82583191595
617,6170,-0.1395710542897417,-0.05009146118911163,0.06190198129059745,0.5,1.0,8449.140627833083
618,6180,-0.12175637234637904,0.012915002609546634,0.05848022297255575,0.5,1.0,8464.047495624982
619,6190,-0.17214832093315913,-0.01854500640895367,0.07936110806821396,0.5,1.0,8478.812027707929
620,6200,-0.38923400449346524,-0.06856874595576086,0.1562669651301041,0.5,1.0,8493.211647208082
621,6210,-0.18458646016328384,-0.03984898026397925,0.0954535812464652,0.5,1.0,8507.885203375015
622,6220,-0.027376636703064783,0.009677745225595568,0.036197687602576946,0.5,1.0,8523.57245441596
623,6230,-0.2558669613818516,0.005108291751817795,0.1256470051284983,0.5,1.0,8538.648607166018
624,6240,-0.37546216137184985,-0.028877152608841605,0.140241475577273,0.5,1.0,8553.47984270798
625,6250,-0.07591420398375703,0.0010291258115964653,0.09005430946923888,0.5,1.0,8568.037607874954
626,6260,-0.12597881848207138,-0.0033644254252534365,0.0627892076997352,0.5,1.0,8582.796878915979
627,6270,-0.2510522688827663,-0.04970337320122296,0.07869481237425442,0.5,1.0,8597.676750124898
628,6280,-0.061236721051577625,0.003330630048987526,0.06591952363661653,0.5,1.0,8612.241990040988
629,6290,-0.029741321666078235,0.057601524683592496,0.07691759628754773,0.5,1.0,8626.881667541107
630,6300,-0.24076496039735762,-0.010451457218871507,0.12589762614506625,0.5,1.0,8641.244052208029
631,6310,-0.1613478401893662,0.014463171087814253,0.08160242039773259,0.5,1.0,8655.542750790948
632,6320,-0.2801185827407462,-0.03462951813281823,0.0965791998332353,0.5,1.0,8669.91352587496
633,6330,-0.08993666775953368,0.012327419972656984,0.09265595575127082,0.5,1.0,8685.314397166017
634,6340,-0.09881622330210238,-0.028900869821017673,0.04518161882238282,0.5,1.0,8700.580939416075
635,6350,-0.10777978445733982,0.021941303147543945,0.1038055600149983,0.5,1.0,8715.223467415897
636,6360,-0.3257770224255383,-0.04063337926010737,0.11512505648530245,0.5,1.0,8730.535951958038
637,6370,-0.12460189107332997,-0.00192279314033863,0.0883908871578923,0.5,1.0,8745.14539883309
638,6380,-0.30476237172293086,-0.056823609046198785,0.10804115129525857,0.5,1.0,8760.26078637503
639,6390,-0.12150358114130011,-0.016937614768696107,0.0505545987084213,0.5,1.0,8775.112679375103
640,6400,-0.465997933077138,-0.03553596267673207,0.1609231382442587,0.5,1.0,8789.830132083036
641,6410,-0.4384335929412533,-0.02182473030209513,0.15121086165662337,0.5,1.0,8803.932865458075
642,6420,-0.17065433215214654,-0.03123285016653705,0.06520187854565067,0.5,1.0,8818.92971137492
643,6430,-0.052179556835073804,0.04166807532547638,0.07821585088634757,0.5,1.0,8833.844545708038
644,6440,-0.24391851674578025,-0.030728405884895248,0.11237426070931908,0.5,1.0,8848.834595875116
645,6450,-0.058283751329944344,0.03895039906948252,0.09984187302173075,0.5,1.0,8863.567395082908
646,6460,-0.2710363495311796,-0.011797424515981625,0.18602336097682315,0.5,1.0,8878.401119624963
647,6470,-0.16823762361327077,0.018783070208354947,0.09721114403257568,0.5,1.0,8892.803523750044
648,6480,-0.023621069660554106,0.032590821014077065,0.03714749922704939,0.5,1.0,8907.71124366601
649,6490,-0.11504002433986837,-0.009760243878347109,0.05194933901075296,0.5,1.0,8922.74958391604
650,6500,-0.16520161517339016,-0.04645231213162191,0.06773076768420555,0.5,1.0,8938.013367915992
651,6510,-0.19103838533984163,0.02535168214050172,0.10475313243022887,0.5,1.0,8952.89496604097
652,6520,-0.21427396565661638,-0.02664864719933524,0.08680873307692064,0.5,1.0,8968.04688679101
653,6530,-0.15200610156853767,-0.011643126954745675,0.06200819658112196,0.5,1.0,8982.761267333059
654,6540,-0.13280851063926669,0.0010516679834420728,0.0936700151476062,0.5,1.0,8997.589761666022
655,6550,-0.14384293907420798,0.02587578047089183,0.10523819900211853,0.5,1.0,9011.714101291029
656,6560,-0.13436005757877822,-0.022193291139807503,0.06912347018929635,0.5,1.0,9026.66164170811
657,6570,-0.25674642052928753,-0.04537980894753968,0.11222290335458669,0.5,1.0,9042.378438665997
658,6580,-0.07569605542764268,-0.0013222624394510162,0.0489655856798347,0.5,1.0,9057.6424609581
659,6590,-0.24292540751663694,-0.051265102543881724,0.09407287381613799,0.5,1.0,9072.917793582892
660,6600,-0.14811600862709362,0.0436390799123453,0.1431212629777671,0.5,1.0,9087.274667625083
661,6610,-0.30031311947624406,-0.0587008392537939,0.11307176636295016,0.5,1.0,9102.783697583014
662,6620,-0.1252696824908801,-0.027643120406608192,0.06190858612243944,0.5,1.0,9117.480713374913
663,6630,-0.20270390276561567,-0.02452490081503127,0.08864412196995661,0.5,1.0,9132.212523290887
664,6640,-0.22216703079589006,-0.0467809925884163,0.08917060941745557,0.5,1.0,9147.0535415411
665,6650,-0.21665143360272676,-0.026974548607842763,0.0792712612925502,0.5,1.0,9161.87722295802
666,6660,-0.21015806600289455,-0.03514459984710596,0.07447420117610118,0.5,1.0,9176.098507832969
667,6670,-0.09180839763363124,-0.011608342770343949,0.048041709227572275,0.5,1.0,9191.301145124948
668,6680,-0.14755763363857177,-0.01726322994750653,0.07479180586382016,0.5,1.0,9206.846144665964
669,6690,-0.131552260906445,0.02234538895566649,0.17133696268658896,0.5,1.0,9221.243818874937
670,6700,-0.3492449959565418,0.005697411244798012,0.1536205400741187,0.5,1.0,9236.326043958077
671,6710,-0.045247680794897605,-0.010175230640250898,0.027618947772448957,0.5,1.0,9251.612702375045
672,6720,-0.3448800622285324,-0.10283068704084268,0.09301862591891986,0.5,1.0,9266.122758666053
673,6730,-0.1060638073637934,-0.009851400864391912,0.07151281240643745,0.5,1.0,9281.16072895797
674,6740,-0.059145247311703564,0.043611722957461206,0.06418015711513064,0.5,1.0,9296.156601290917
675,6750,-0.21687602576642107,-0.049577338242877286,0.09917250931178623,0.5,1.0,9310.965854374925
676,6760,-0.059303593274210975,0.005830628283547678,0.046789515739449464,0.5,1.0,9326.12584375008
677,6770,-0.15488190699009152,0.024897563197480998,0.12862140470636485,0.5,1.0,9341.132951790933
678,6780,-0.06729887730587336,0.006971816109611506,0.044058744984932764,0.5,1.0,9355.899961750023
679,6790,-0.5414543210601455,-0.07408710542433194,0.1630439629597919,0.5,1.0,9371.217803332955
680,6800,-0.08594169536506957,0.005685385074309846,0.04793983849604048,0.5,1.0,9386.552991541103
681,6810,-0.21764480225876426,-0.00918823575723815,0.07488254935255576,0.5,1.0,9402.01713404106
682,6820,-0.06751552981978648,0.04677040724695294,0.11021796546146978,0.5,1.0,9416.651127208024
683,6830,-0.1555051705611703,-0.007135548051094354,0.0892998573734817,0.5,1.0,9431.295306165935
684,6840,-0.08417053187201429,0.035762787413200936,0.08495418124976194,0.5,1.0,9446.805560749955
685,6850,-0.16257122762882048,-0.0009418880683110586,0.08505382023909278,0.5,1.0,9461.436210791115
686,6860,-0.1951653481825506,-0.026261000484173548,0.08056832619135984,0.5,1.0,9476.387003333075
687,6870,-0.20054904828415587,-0.024632860220458498,0.10001617670091653,0.5,1.0,9491.12075500004
688,6880,-0.11278937740594674,-0.0025393405289706903,0.0718846262517507,0.5,1.0,9505.368711125106
689,6890,-0.15697846680228178,0.03056111758634499,0.08861538974646414,0.5,1.0,9520.55268158298
690,6900,-0.224263346527791,-0.0762325330806238,0.09229385672581919,0.5,1.0,9535.365095915971
691,6910,-0.1923544306494991,0.010965398610104237,0.10871675098822667,0.5,1.0,9549.799216124928
692,6920,-0.045745974393339495,0.02497934509132902,0.058620119779727704,0.5,1.0,9564.184285666095
693,6930,-0.204877282446299,-0.05602475396696764,0.09900662468260955,0.5,1.0,9581.770601582946
694,6940,-0.2324582717836705,0.0009841117068000393,0.1343266798683893,0.5,1.0,9598.593193999957
695,6950,-0.1698556565727687,1.0054727357343571,2.9998380641714797,0.5,1.0,9613.467206875095
696,6960,-0.1768535018618662,-0.012317236070160841,0.08913849082412874,0.5,1.0,9628.766302790958
697,6970,-0.10615594457355293,-0.01131681468398229,0.06012100765289256,0.5,1.0,9643.813042625086
698,6980,-0.10159174939794102,-0.004840006038744615,0.07834541109577378,0.5,1.0,9659.373221749905
699,6990,-0.1187938067964378,0.018553531935671864,0.0734319526418006,0.5,1.0,9673.878544833045
700,7000,-0.07947013746449727,-0.003708029402638946,0.04311632662725527,0.5,1.0,9688.593008124968
701,7010,-0.14719088077645992,0.05871265494038376,0.14340875315940144,0.5,1.0,9703.248758374946
702,7020,-0.24596347435728028,-0.006270741112468237,0.09420994654621781,0.5,1.0,9717.93040637509
703,7030,-0.14780187590985427,0.002639431060499753,0.11238551279358158,0.5,1.0,9732.683151124977
704,7040,-0.07512369922301243,-0.02472466811580807,0.050587077961512565,0.5,1.0,9748.589539041044
705,7050,-0.06722748529489309,0.01923268248069645,0.050183575973127476,0.5,1.0,9763.598816666054
706,7060,-0.04805020136080351,0.042089007383967744,0.0658329106103026,0.5,1.0,9777.948144458001
707,7070,-0.10131600604306445,-0.018502545340733347,0.05364741716668131,0.5,1.0,9792.762072250014
708,7080,-0.2371045722960261,-0.0371593062055859,0.09178538710347574,0.5,1.0,9807.15754545806
709,7090,-0.10048715873258551,0.001866310599901322,0.05196099352688113,0.5,1.0,9821.779065707931
710,7100,-0.2312777608711052,-0.017300145488564577,0.1503335622128926,0.5,1.0,9836.648490166059
711,7110,-0.21601683344462952,-0.0673437557572436,0.08089454996274628,0.5,1.0,9851.347799458075
712,7120,-0.1405617537499646,-0.008417146686527755,0.08331192810262135,0.5,1.0,9866.548200207995
713,7130,-0.36487110815608403,-0.06686166888757024,0.11461252040873895,0.5,1.0,9881.616415333003
714,7140,-0.08689263978277761,-0.020097333105500593,0.06369710143672928,0.5,1.0,9896.73217574996
715,7150,-0.2919651372062919,-0.04585162848254196,0.16518500286011686,0.5,1.0,9910.981172916014
716,7160,-0.2807589067466605,-0.019775735972707143,0.09830047074523508,0.5,1.0,9925.73295770795
717,7170,-0.30747281274187444,-0.047349133345629554,0.12519728981049089,0.5,1.0,9939.978447583038
718,7180,-0.1416598555478421,-0.025676597832915427,0.05516210816997687,0.5,1.0,9954.617243000073
719,7190,-0.10125747950366026,0.004435299166518902,0.07034021045816176,0.5,1.0,9969.252665957902
720,7200,-0.2811699503568521,-0.02158299842767093,0.13314125827537124,0.5,1.0,9983.981997458031
721,7210,-0.0737576420175623,-0.010668005023012128,0.04358972282721429,0.5,1.0,9997.985426875064
722,7220,-0.114099994046442,0.00255847929050681,0.06744744162609989,0.5,1.0,10012.635026999982
723,7230,-0.14301213851101036,-0.01685630339901172,0.07125012789710206,0.5,1.0,10027.448449125048
724,7240,-0.04834557082023139,0.018518867791027738,0.04744664883526843,0.5,1.0,10042.011644958053
725,7250,-0.10815876320317042,-0.015310136135683994,0.045054163358156325,0.5,1.0,10056.068002624903
726,7260,-0.15814198334232898,0.0077411388351297464,0.11028064429048769,0.5,1.0,10070.369670707965
727,7270,-0.11765277729235724,0.016510811107614744,0.07578614654571092,0.5,1.0,10084.72885850002
728,7280,-0.08950954715007864,0.016861998551980673,0.061584076971168265,0.5,1.0,10100.053236749955
729,7290,-0.08147474361524143,-0.0044743677199210906,0.0601950370495232,0.5,1.0,10114.618647000054
730,7300,-0.17111561578050427,-0.05618191937156727,0.06652525830782602,0.5,1.0,10129.222165333107
731,7310,-0.19800442050352007,-0.038731906167508434,0.05791474460446453,0.5,1.0,10144.057807083009
732,7320,-0.10720483849305396,0.06566760476488778,0.10398847260650103,0.5,1.0,10158.296369124902
733,7330,-0.08840668665557416,-0.010761261602241935,0.07566945489531897,0.5,1.0,10173.16943704104
734,7340,-0.17178814228059736,-0.00272290869190579,0.1102185615170615,0.5,1.0,10187.669314458035
735,7350,-0.10068608012022207,-0.022530174141122038,0.057227755627059604,0.5,1.0,10202.138690541033
736,7360,-0.17470135577744283,-0.0510534182899602,0.09552914669836307,0.5,1.0,10217.11943137506
737,7370,-0.13820001991878073,-0.05146562526383649,0.06084440584864911,0.5,1.0,10232.306641665986
738,7380,-0.3318051384998979,-0.04774029649507074,0.12785392949537197,0.5,1.0,10247.09037933289
739,7390,-0.0867313649441881,-0.01731204207027561,0.06296284520034641,0.5,1.0,10262.285238124896
740,7400,-0.1355049896469298,-0.014663586836217135,0.05855218475042666,0.5,1.0,10276.372181915911
741,7410,-0.09190211110349811,2.695575404061401e-05,0.05931214688992359,0.5,1.0,10291.181857458083
742,7420,-0.1932934005491127,-0.0055603464538230615,0.11409495431381313,0.5,1.0,10305.434933749959
743,7430,-0.05083751894016153,0.022590113107021637,0.03574620772702094,0.5,1.0,10319.928927582921
744,7440,-0.7199029810918303,-0.009529053846076874,0.24989082025841433,0.5,1.0,10334.128364291042
745,7450,-0.14702024257498447,0.0024594431497831693,0.07546914453393397,0.5,1.0,10348.988051790977
746,7460,-0.01017011237307397,0.029088280045796555,0.04069860603253821,0.5,1.0,10363.530609874986
747,7470,-0.36988963306990286,-0.023844464775565566,0.14737493620598985,0.5,1.0,10377.85285420809
748,7480,-0.12135827008027267,0.0322175997869909,0.10681221169696338,0.5,1.0,10392.352490083082
749,7490,-0.18207013743942202,-0.0227152725871572,0.10091334426409561,0.5,1.0,10407.334836999886
750,7500,-0.1472201409475984,0.04422724412649366,0.08318834558862635,0.5,1.0,10421.672812415985
751,7510,-0.17280161686688,0.0032560488544450374,0.15071101488821131,0.5,1.0,10437.32075199997
752,7520,-0.018348082973111524,0.024313665598147516,0.034157643750084364,0.5,1.0,10452.459883915959
753,7530,-0.11391457181615205,0.02866493264916601,0.08890714241377637,0.5,1.0,10467.697785041062
754,7540,-0.2622581319838364,-0.03855582122807659,0.09636142016985595,0.5,1.0,10481.368956916034
755,7550,-0.2575584428498683,-0.003456477108990441,0.10157508260768308,0.5,1.0,10495.965307333041
756,7560,-0.1277353951807063,0.014486065292734019,0.05956775243122271,0.5,1.0,10510.575074374909
757,7570,-0.05248500037069004,-0.012014388851176339,0.026518303475955594,0.5,1.0,10525.888129665982
758,7580,-0.18101866264000677,-0.026799064057239974,0.05967894280208553,0.5,1.0,10540.80215229094
759,7590,-0.0814022717915659,0.02426858810200754,0.08440468984304668,0.5,1.0,10555.452122207964
760,7600,-0.26281778356038643,-0.02199462891348709,0.10185967732518249,0.5,1.0,10569.856628000038
761,7610,-0.11414581868285278,-0.022558081894948324,0.05353786189323361,0.5,1.0,10584.675128082978
762,7620,-0.11590239085243415,0.046813052076546756,0.15935629113886104,0.5,1.0,10598.988550333073
763,7630,-0.1603700514338735,-0.02165112693976514,0.08372795635435017,0.5,1.0,10613.573626915924
764,7640,-0.13465436563259559,-0.043369537550035454,0.053248548486533626,0.5,1.0,10627.895164041081
765,7650,-0.40955184823780666,-0.05419793175985958,0.13225993242965534,0.5,1.0,10642.93532137503
766,7660,-0.13117118193284405,-0.02649923685166522,0.05226797344936687,0.5,1.0,10657.400376582984
767,7670,-0.1053069586064348,0.0025896016761919327,0.055995244966194034,0.5,1.0,10671.438033791026
768,7680,-0.09463883987371968,-0.012720470404550089,0.046931439842963454,0.5,1.0,10686.23241770803
769,7690,-0.11578077077890203,0.02841440094437493,0.11557855297443072,0.5,1.0,10701.532536207931
770,7700,-0.08930894225276287,0.010244368790950809,0.0616417624992586,0.5,1.0,10715.81837508292
771,7710,-0.10104347501721112,-0.01908267640546928,0.06308500743299454,0.5,1.0,10731.254907875089
772,7720,-0.024290809672829816,0.020301955691905425,0.03938585406084035,0.5,1.0,10745.902470583096
773,7730,-0.2455732783326514,0.00932976174748168,0.11559320680096494,0.5,1.0,10760.150928790914
774,7740,-0.05299161690243537,-0.006482659295567306,0.03944020599464595,0.5,1.0,10775.125772041036
775,7750,-0.10997885870015267,-0.008974608764879743,0.11298353677837257,0.5,1.0,10789.95814437489
776,7760,-0.19210904899372405,-0.011343467699510067,0.07265022760905855,0.5,1.0,10805.200187541079
777,7770,-0.4899697543910353,-0.027671623525956777,0.1690207676161993,0.5,1.0,10819.703510625055
778,7780,-0.10388588771535723,-0.011491839936627368,0.06970849638447978,0.5,1.0,10834.311628540978
779,7790,-0.30696185122900665,-0.023338229560024803,0.13050698993832066,0.5,1.0,10849.201558208093
780,7800,-0.20350078905818147,-0.00146711982075729,0.09809410727525888,0.5,1.0,10863.790725749917
781,7810,-0.0883455970462439,0.031509620834448526,0.08932755543042523,0.5,1.0,10878.934740332887
782,7820,-0.09055417155445156,-0.02395101769391559,0.03303249002992177,0.5,1.0,10894.093940207968
783,7830,-0.08095983816326235,-0.01530399518739305,0.04858814191739713,0.5,1.0,10908.398750375025
784,7840,-0.090660395917328,0.0038612125774553975,0.06758636001604997,0.5,1.0,10923.356523750117
785,7850,-0.25338210431711694,-0.016683974451167937,0.11502816753655115,0.5,1.0,10937.751089541009
786,7860,-0.16206642735883836,-0.01583695010330226,0.07511201766743193,0.5,1.0,10952.11633208301
787,7870,-0.17350516738979582,-0.0019921769614729356,0.07883981318378692,0.5,1.0,10967.001335999928
788,7880,-0.2244052537671548,-0.043661277615116664,0.10355892342984638,0.5,1.0,10981.851164166117
789,7890,-0.10447349718317867,-0.01469058643670218,0.05897326109476789,0.5,1.0,10996.861507625086
790,7900,-0.05869674499933719,0.030288544677051554,0.09434902562262062,0.5,1.0,11011.57201170805
791,7910,-0.06226173261532253,-0.020709160455310193,0.0363296293094218,0.5,1.0,11026.214196082903
792,7920,-0.11976746925627779,-0.023180249306646326,0.08174839472628828,0.5,1.0,11040.947221332928
793,7930,-0.10552550515626624,0.01777972321289507,0.08205794165493381,0.5,1.0,11055.772826875094
794,7940,-0.0763353689612396,0.018382948885019255,0.045976053608250064,0.5,1.0,11070.951635916019
795,7950,-0.23704710387154382,-0.026979663132091415,0.09342217096765754,0.5,1.0,11085.570262541063
796,7960,-0.05685991262930301,0.007465572654570529,0.0567146527956799,0.5,1.0,11100.552130582975
797,7970,-0.16260915826658362,-0.01962410010072153,0.07529985332355058,0.5,1.0,11115.185264416039
798,7980,-0.23676177766454298,-0.010659780941246932,0.08740046017093518,0.5,1.0,11130.333379791118
799,7990,-0.0766144376065343,0.02053135177227485,0.04567568806485771,0.5,1.0,11145.634213957936
800,8000,-0.037148854429959854,0.06711423504567068,0.048864170842646736,0.5,1.0,11160.371077832999
801,8010,-0.06868976799916204,0.016471176922085017,0.06746938346037007,0.5,1.0,11176.05186229106
802,8020,-0.20843408470138414,-0.004165658986365006,0.10021895887918715,0.5,1.0,11191.343471332919
803,8030,-0.2070101343236752,-0.018262112108697527,0.07261832832456698,0.5,1.0,11205.510354124941
804,8040,-0.09910276003832941,0.019847309615608745,0.06714679436873258,0.5,1.0,11221.289883166086
805,8050,-0.17935837722659365,0.04946404576979733,0.1333671925441349,0.5,1.0,11235.405884416075
806,8060,-0.04827487237758188,0.0018392515759562578,0.046824301667008274,0.5,1.0,11250.477736083092
807,8070,-0.24211156364250108,-0.012561430716942735,0.10038643353838221,0.5,1.0,11265.605064833071
808,8080,-0.13931862217706215,0.01549749650933423,0.11176800355115833,0.5,1.0,11279.630252874922
809,8090,-0.09829277227822608,-0.008872791413215087,0.0514670745701601,0.5,1.0,11294.63754537492
810,8100,-0.1814966776444562,-0.02641688760838834,0.0818930696891298,0.5,1.0,11309.189290333074
811,8110,-0.06726200371112867,0.058474491948194186,0.09509937984411,0.5,1.0,11323.5816512499
812,8120,-0.046655398488341326,0.0001680637292440501,0.03463040302104344,0.5,1.0,11338.433436540887
813,8130,-0.1467632147120952,-0.0023414855099159306,0.11824305825753031,0.5,1.0,11352.718747457955
814,8140,-0.08312878478405761,-0.0036066532942093054,0.04961407171010936,0.5,1.0,11367.242201125016
815,8150,-0.1847405201696919,-0.016954758592009345,0.10884978064438226,0.5,1.0,11382.168751915917
816,8160,-0.11088746040466546,0.0035060172823646596,0.051114943582973665,0.5,1.0,11397.088793999981
817,8170,-0.07657705518548497,-0.008184669163179503,0.06338969865759937,0.5,1.0,11411.669493166031
818,8180,-0.06428930159064805,0.02337422757499663,0.04874443020224809,0.5,1.0,11426.58197887498
819,8190,-0.060764712905567286,0.02932234501698421,0.08495860584317991,0.5,1.0,11441.824270375073
820,8200,-0.07341260328528598,0.005742093193355835,0.036033550108011674,0.5,1.0,11456.20945725008
821,8210,-0.13393576626179726,0.027682138853735695,0.10755171843003751,0.5,1.0,11470.198386082891
822,8220,-0.33126346288603514,-0.0009129384182364753,0.14589560951970004,0.5,1.0,11484.715745457914
823,8230,-0.15369661118663203,-0.017581718876528464,0.08279969969779605,0.5,1.0,11499.127990915906
824,8240,-0.12040452803690993,0.004463177678331931,0.07581035339913887,0.5,1.0,11513.490117290989
825,8250,-0.13491019880923982,0.019164144415630257,0.0790465929329477,0.5,1.0,11528.193757958012
826,8260,-0.1446326428082534,-0.017984161494116878,0.08819349091564047,0.5,1.0,11543.17455329094
827,8270,-0.09570063174644439,0.00459443148760057,0.04464415875550813,0.5,1.0,11558.40901850001
828,8280,-0.15722951069018265,0.008416400283760516,0.08921109742459653,0.5,1.0,11573.152156416094
829,8290,-0.29755238896276825,0.008433169354388781,0.13907809519771946,0.5,1.0,11587.508382000029
830,8300,-0.1463240029132029,-0.01348297456220271,0.0641350193734798,0.5,1.0,11602.442956916057
831,8310,-0.09238291706940238,0.018022963537581482,0.07996007064731109,0.5,1.0,11617.144249999896
832,8320,-0.09095507423362026,0.06151975904555851,0.14414820994517089,0.5,1.0,11631.417137000011
833,8330,-0.10653301512381752,0.002080601515565128,0.08605383708450842,0.5,1.0,11646.81698670797
834,8340,-0.38775146136068894,-0.07916308663576128,0.12865494265420374,0.5,1.0,11660.966539874906
835,8350,-0.18359029287830086,-0.012705800459254402,0.08810789238088784,0.5,1.0,11675.403518582927
836,8360,-0.07817673512778,0.025890433539102097,0.07567751120261122,0.5,1.0,11690.235693416093
837,8370,-0.023382117386032242,0.04008046142018875,0.04087077254227315,0.5,1.0,11704.50708662509
838,8380,-0.13366022717150727,-0.02568322411586852,0.10227516243010001,0.5,1.0,11718.575290540932
839,8390,-0.08912411456255942,0.011797850175700387,0.10372432209803278,0.5,1.0,11733.35887866607
840,8400,-0.09854298847367726,0.06699659836214922,0.14808768268003175,0.5,1.0,11747.986196582904
841,8410,-0.10340023256808095,-0.0006139040984398214,0.08790065583820245,0.5,1.0,11762.71430308302
842,8420,-0.1680266557792569,0.012870889641632566,0.08894055120157723,0.5,1.0,11777.476125125075
843,8430,-0.06148712425254832,0.0229036544453729,0.046994235033884675,0.5,1.0,11792.559925040929
844,8440,-0.07346893436954982,0.014538231910114163,0.06805438194021823,0.5,1.0,11808.05801216606
845,8450,-0.18071962247976714,-0.047365881648074294,0.06902120030634419,0.5,1.0,11822.719946207944
846,8460,-0.046887374400071735,0.0118697878065241,0.05037311727529671,0.5,1.0,11837.41900587501
847,8470,-0.2455655868551263,-0.06877350647786847,0.10460821484592356,0.5,1.0,11851.999946291093
848,8480,-0.030797601185705403,0.018998200597472613,0.05775220844874135,0.5,1.0,11867.440553416032
849,8490,-0.07733734500215483,0.038893810147217336,0.09963790517801181,0.5,1.0,11881.819925582968
850,8500,-0.28123858612378516,-0.00411231119434099,0.14175881458404438,0.5,1.0,11895.991736083059
851,8510,-0.21828675814373888,-0.00766660088301867,0.07596755114367461,0.5,1.0,11910.941697665956
852,8520,-0.10955491723871802,0.006823785952929917,0.0651049798459134,0.5,1.0,11925.759247540962
853,8530,-0.08389057762834984,-0.002274869536512014,0.05577200049538892,0.5,1.0,11940.720603415975
854,8540,-0.1108495089224073,0.059330289224691767,0.15547007285111844,0.5,1.0,11955.548298041103
855,8550,-0.22081062881089863,0.012456703601623343,0.10805812009019088,0.5,1.0,11970.118719958002
856,8560,-0.25908519255370166,0.9611344057748046,3.0142176579935285,0.5,1.0,11984.664783833083
857,8570,-0.1266320313045579,-0.01718700488854692,0.08417671584310137,0.5,1.0,11999.706324208062
858,8580,-0.14634076448892408,-0.015167892339256372,0.07609115151082528,0.5,1.0,12014.708569082897
859,8590,-0.20882174392312436,-0.046073357276214734,0.09104860743320224,0.5,1.0,12029.529827750055
860,8600,-0.21030633626273865,-0.011231815793082144,0.08781426033892471,0.5,1.0,12044.440959291067
861,8610,-0.12322215176355655,-0.04509651435435602,0.05441200448278389,0.5,1.0,12059.339860666078
862,8620,-0.34009551843779295,-0.037402227950255454,0.11991034083246803,0.5,1.0,12073.75896670809
863,8630,-0.16547310316014752,0.008402028662380889,0.09172471142007617,0.5,1.0,12088.373979999917
864,8640,-0.02795960713368384,0.02114746810940451,0.042850745861809314,0.5,1.0,12103.326378958067
865,8650,-0.28408946035188,-0.04791068125097917,0.1255586292748036,0.5,1.0,12117.649691875093
866,8660,-0.19487397670862538,-0.03733271239615306,0.08734621458048623,0.5,1.0,12132.26436250005
867,8670,-0.13714415268637037,-0.033975748632686195,0.06546615785089858,0.5,1.0,12147.157220874913
868,8680,-0.18999587881850566,-0.031531432968843996,0.09481256192517315,0.5,1.0,12161.968205708079
869,8690,-0.21346849113802513,-0.008443390453294074,0.08677885326761589,0.5,1.0,12176.924749708036
870,8700,-0.2588242900778077,-0.005807378757124848,0.10394644011583344,0.5,1.0,12191.473096458009
871,8710,-0.1527633603245313,-0.03563969090581125,0.06205737198841445,0.5,1.0,12206.121959249955
872,8720,-0.09258722669011821,-0.007933822999200224,0.0670496794699697,0.5,1.0,12220.664191958029
873,8730,-0.15903441882732494,-0.018471529887777827,0.07239793285015164,0.5,1.0,12235.171223707963
874,8740,-0.12268451103606193,-0.007683155492858163,0.09107999334326873,0.5,1.0,12249.664371165913
875,8750,-0.2131160429184149,0.013019844749247333,0.09661257967030545,0.5,1.0,12264.805701832986
876,8760,-0.19497803232886124,-0.012632784314953138,0.08480860541766506,0.5,1.0,12279.316185500007
877,8770,-0.35213156124398104,-0.046722676931445675,0.13717583181404974,0.5,1.0,12293.467283958104
878,8780,-0.29064653531078033,-0.08074628533939006,0.10860462333507574,0.5,1.0,12308.093734208029
879,8790,-0.03720527166963361,0.02838115909809078,0.03886505015674358,0.5,1.0,12322.831932041096
880,8800,-0.24811777466326745,-0.03782989222589226,0.11202960982648758,0.5,1.0,12337.309759665979
881,8810,-0.7187950688266636,-0.07228990097720897,0.23819355509252066,0.5,1.0,12351.73551300005
882,8820,-0.28117147818788,-0.04059554178844564,0.11408228486619629,0.5,1.0,12366.141594832996
883,8830,-0.07965960209840528,0.0026126536475389985,0.040665794983927854,0.5,1.0,12380.997830790933
884,8840,-0.26184604047640825,-0.013832700079342786,0.0987970111417214,0.5,1.0,12395.508131708018
885,8850,-0.06543925886525148,0.015713907521852734,0.0540926410447858,0.5,1.0,12409.976456958102
886,8860,-0.10699222144911058,-0.04585489654506229,0.05288940316930945,0.5,1.0,12424.350156540982
887,8870,-0.08757688443471068,-0.013580655305395695,0.053888708019439194,0.5,1.0,12438.49897087505
888,8880,-0.1667659350806563,0.0074565533615859715,0.07343915895795927,0.5,1.0,12453.398472083034
889,8890,-0.03203427558466032,0.02784132376612476,0.05473023155688707,0.5,1.0,12467.917810375104
890,8900,-0.09544808219618695,0.011326339472123425,0.11964771461797516,0.5,1.0,12482.27412691596
891,8910,-0.06640575385839753,0.029268694818627948,0.0578574104221502,0.5,1.0,12497.449990957975
892,8920,-0.33311794342539525,-0.05268651583264381,0.10959802161942431,0.5,1.0,12511.879957125057
893,8930,-0.21053530079337257,-0.01420639816751006,0.0935080595387865,0.5,1.0,12526.022055166075
894,8940,-0.3125439758456272,-0.041869384644606454,0.14784774238217246,0.5,1.0,12540.765756333014
895,8950,-0.16959906354715937,-0.015546824873803277,0.09079995492176629,0.5,1.0,12555.224418082973
896,8960,-0.40181242742086987,-0.0325512476919811,0.16367300163756177,0.5,1.0,12569.861561249942
897,8970,-0.19699297622141643,-0.012893761664609737,0.08402152409611703,0.5,1.0,12584.975628833054
898,8980,-0.14159508630190576,0.028777450777999293,0.08995399320754136,0.5,1.0,12599.2604275411
899,8990,-0.09913804756874889,0.009708315632445518,0.06284654151256536,0.5,1.0,12613.811685041059
900,9000,-0.1669652822751706,-0.03481794509825464,0.05241973181519185,0.5,1.0,12629.215465832967
901,9010,-0.11423515750659163,0.009358308790360415,0.05178739691608087,0.5,1.0,12644.453861749964
902,9020,-0.0844811598954438,0.025747965626564097,0.11597379501740589,0.5,1.0,12658.556994541083
903,9030,-0.13125668013951497,-0.04178360395499112,0.05810009906566121,0.5,1.0,12673.343310375
904,9040,-0.11891462893763904,-0.023950619689840025,0.07197987610916465,0.5,1.0,12687.957326583099
905,9050,-0.12501218101352762,0.02559887610898821,0.09250646423169971,0.5,1.0,12702.507663999917
906,9060,-0.13192028886124962,-0.007992811473401584,0.06416349694564943,0.5,1.0,12717.153862207895
907,9070,-0.1782909485863593,-0.006602584431467306,0.07234330275902649,0.5,1.0,12732.726207083091
908,9080,-0.15880103797419398,0.012992387493204038,0.13549050877642405,0.5,1.0,12747.177122875117
909,9090,-0.19659998310456928,-0.014221537432275255,0.06775362479067783,0.5,1.0,12761.969196832972
910,9100,-0.16801245151152777,-0.0031323192484279615,0.07249279905630143,0.5,1.0,12776.195640082937
911,9110,-0.24963967265605547,-0.0725864662626888,0.11197334763162252,0.5,1.0,12790.26286091609
912,9120,-0.21272811977668216,0.02216975257567073,0.10008359090778224,0.5,1.0,12804.503039540956
913,9130,-0.4864884715608211,-0.10432630846579416,0.1572719671562809,0.5,1.0,12818.685325207887
914,9140,-0.22062660525111433,-0.014435289224493974,0.09414456938802372,0.5,1.0,12833.146537832916
915,9150,-0.1083116703852598,0.011118131017369137,0.07471002161275442,0.5,1.0,12847.98767145793
916,9160,-0.1289709181932146,0.016451909715346425,0.1029995592690488,0.5,1.0,12863.324016333092
917,9170,-0.12367369508756632,0.006188637566166388,0.07919142369136697,0.5,1.0,12877.65978912497
918,9180,-0.10337677002311718,0.01108805294560824,0.11247858066962467,0.5,1.0,12892.913559749955
919,9190,-0.06292632632275197,0.013454321880687736,0.04803439347623194,0.5,1.0,12908.059105790919
920,9200,-0.26849760801974476,-0.05657500241314421,0.08344225647025534,0.5,1.0,12922.989170833025
921,9210,-0.06773603905992065,-0.00569608965010211,0.05619510566411031,0.5,1.0,12937.755496666068
922,9220,-0.09322158984221662,0.04103256440378535,0.10304275251029173,0.5,1.0,12952.410334625049
923,9230,-0.17705970535316506,0.002898771795966493,0.10983620953877722,0.5,1.0,12967.061078791041
924,9240,-0.10429886523015064,0.04921493804794341,0.11345271448973868,0.5,1.0,12981.476301457966
925,9250,-0.28833593150524095,-0.07583786465330959,0.09926116029761715,0.5,1.0,12995.640722416108
926,9260,-0.07499836766164325,1.0065626153448237,2.9984699655454743,0.5,1.0,13009.492425832897
927,9270,-0.12246360766767506,-0.0035751572627991555,0.09140454192626547,0.5,1.0,13023.82742208289
928,9280,-0.09623984190701496,0.014702726025127167,0.07085031215329293,0.5,1.0,13038.099602415925
929,9290,-0.07810845769824315,-0.0001534361686348795,0.05575558086535527,0.5,1.0,13052.56121591595
930,9300,-0.10102837632584372,0.08579413492917158,0.14451934223646942,0.5,1.0,13067.491285416065
931,9310,-0.0971135035575017,-0.00263854166259474,0.06899583530465829,0.5,1.0,13082.145077165915
932,9320,-0.40872635075065755,-0.10714628922613505,0.1310487134695955,0.5,1.0,13096.574096875032
933,9330,-0.13677145625841103,-0.0036359158428552973,0.05975775740191974,0.5,1.0,13111.056667624973
934,9340,-0.09726400575588912,-0.005853880647536514,0.05349817196316524,0.5,1.0,13125.294310540892
935,9350,-0.25318265047907307,-0.04191622493580258,0.09448353469253462,0.5,1.0,13140.370006208075
936,9360,-0.1788909285737228,-0.021114714718452277,0.10211084454617686,0.5,1.0,13155.041260540951
937,9370,-0.24283288673765657,-0.013668149291243825,0.10599934379075222,0.5,1.0,13169.666714708088
938,9380,-0.44000885921648436,-0.025244335523894445,0.1544640823226627,0.5,1.0,13184.74273579102
939,9390,-0.16421831514982532,-0.02447655926651047,0.07069842288679803,0.5,1.0,13199.091733749956
940,9400,-0.14421182601013616,-0.01514827225934221,0.08124794730785861,0.5,1.0,13213.337693582987
941,9410,-0.4180315206709748,-0.018838848664848484,0.17541839308600643,0.5,1.0,13228.026796166087
942,9420,-0.26493458468366615,-0.041465292222812436,0.13833863546231934,0.5,1.0,13242.311995540978
943,9430,-0.22607241745285123,0.021488600938914627,0.13583817128357323,0.5,1.0,13257.560350707965
944,9440,-0.1778170532022001,-0.035869536790843884,0.05995323854477312,0.5,1.0,13272.544581332942
945,9450,-0.07618748517538076,0.012546906594467267,0.0655769357936729,0.5,1.0,13286.82921475009
946,9460,-0.26358589130911714,-0.04904421969206352,0.08455152733620575,0.5,1.0,13301.889102458023
947,9470,-0.14924338586260255,-0.017545471038634197,0.09243769972592118,0.5,1.0,13316.5263507911
948,9480,-0.056002851707635415,0.06753602420293703,0.07384246088876006,0.5,1.0,13330.952251707902
949,9490,-0.10820955358658502,-0.00012306245990441057,0.06684013787741175,0.5,1.0,13345.762698082952
950,9500,-0.28296148809199906,-0.05825110940761791,0.09727467140230102,0.5,1.0,13359.947072665906
951,9510,-0.1428089989994552,0.03241457316794287,0.14196295692344968,0.5,1.0,13374.712609207956
952,9520,-0.10457931475513682,1.014306005897752,2.9960278788919705,0.5,1.0,13389.367751332931
953,9530,-0.21911033690462833,0.02142910572935186,0.1258332636684792,0.5,1.0,13403.992262375075
954,9540,-0.37902885313681445,-0.06155887752169651,0.12202710710031221,0.5,1.0,13418.409682082944
955,9550,-0.11402017693381516,0.02405142382112464,0.08139657225979964,0.5,1.0,13433.653371040942
956,9560,-0.09557762919245771,-0.022973345822849024,0.03411381685318741,0.5,1.0,13448.418009791058
957,9570,-0.04987609974340135,0.016595892076198736,0.040830132057290275,0.5,1.0,13463.059795041103
958,9580,-0.1631520297174731,0.01941789620905112,0.10171301210797315,0.5,1.0,13477.595591000048
959,9590,-0.12008054612844354,-0.00882312754061978,0.07033070786935638,0.5,1.0,13492.40257691592
960,9600,-0.20165754728603247,-0.01795533429764804,0.10978115114116983,0.5,1.0,13506.991492915899
961,9610,-0.09425890127076908,0.0182108961344599,0.06073994333501114,0.5,1.0,13522.357410332887
962,9620,-0.1386211790941525,-0.010963683407707947,0.06143687739283178,0.5,1.0,13536.874171125004
963,9630,-0.25552982169442906,-0.04863440680810553,0.1198402729276045,0.5,1.0,13551.697117333068
964,9640,-0.06451537136190666,0.025381148560234303,0.045182885444297036,0.5,1.0,13566.148469458101
965,9650,-0.28992734356142247,-0.08894794775017108,0.09340526893983817,0.5,1.0,13581.009839666076
966,9660,-0.2313459893533789,-0.04079842324001515,0.10898807815634624,0.5,1.0,13596.033377083018
967,9670,-0.3527498668356053,0.016747094069323863,0.14565453080183585,0.5,1.0,13610.625704708043
968,9680,-0.07420290897544479,-0.00559236450144418,0.05178785693649089,0.5,1.0,13625.45193108311
969,9690,-0.18497713143390815,-0.005042411987222817,0.09398167747499575,0.5,1.0,13639.99927329109
970,9700,-0.1466031157505263,0.0005749882536025374,0.07513376832702039,0.5,1.0,13654.721846207976
971,9710,-0.1971626710519585,0.0028069121480370106,0.08259932369453997,0.5,1.0,13669.989537999965
972,9720,-0.08285791268597187,0.026429065764163706,0.0983935126214888,0.5,1.0,13684.320279082982
973,9730,-0.33258256027782007,-0.05724884711056548,0.11654415613159474,0.5,1.0,13698.619394999929
974,9740,-0.13117199242022437,-0.0318743239331785,0.05213721135045796,0.5,1.0,13713.462161500007
975,9750,-0.18400229319939054,-0.03778225291125077,0.061233815943692586,0.5,1.0,13727.627322457964
976,9760,-0.1659485191208434,0.014341284498373241,0.09498503280711992,0.5,1.0,13742.671087166062
977,9770,-0.22019380030828106,-0.03546995918379894,0.08045901466027917,0.5,1.0,13757.894169291016
978,9780,-0.4553579854998535,-0.08151946819292295,0.18001368505430573,0.5,1.0,13772.331382916076
979,9790,-0.17006235200710318,-0.0015919297314833437,0.1189294412400437,0.5,1.0,13786.508285624906
980,9800,-0.1380188301053762,-0.017985896205029838,0.0856515175527575,0.5,1.0,13801.919443415944
981,9810,-0.0912268848714115,0.0003141490302160932,0.05628905746724724,0.5,1.0,13816.794426666107
982,9820,-0.19239701430371792,-0.027376894015966168,0.0862016146324127,0.5,1.0,13832.009162916103
983,9830,-0.22485559843278935,0.006828350785115322,0.12364373340979483,0.5,1.0,13847.297300083097
984,9840,-0.10829921124520503,0.04742875651415224,0.07805702499187502,0.5,1.0,13862.125508958008
985,9850,-0.37088450628359837,0.0032228126108538647,0.15125671164505844,0.5,1.0,13876.377830041107
986,9860,-0.1382634222371264,-0.01945135936986029,0.07396432405153633,0.5,1.0,13890.92778191599
987,9870,-0.13078211219860236,0.007185677139773539,0.07389954534973601,0.5,1.0,13905.524507832946
988,9880,-0.03599756122751252,0.02801686365872147,0.04178039045062825,0.5,1.0,13920.640419624979
989,9890,-0.12136870517559739,-0.02361352465555715,0.07546691156131136,0.5,1.0,13935.148201874923
990,9900,-0.29989706856693843,-0.03011824900040727,0.10269373680230949,0.5,1.0,13949.56375054107
991,9910,-0.14521078832892442,-0.017838874532972948,0.09087264181113625,0.5,1.0,13964.246589666
992,9920,-0.24387897676286752,-0.0582331390586873,0.09653502538852862,0.5,1.0,13979.129900708096
993,9930,-0.052633659761402996,0.0483529859762557,0.07641301203208199,0.5,1.0,13993.3299000829
994,9940,-0.22096984351972804,-0.04380970801154645,0.08408619205283581,0.5,1.0,14006.926587416092
995,9950,-0.2832491335817222,-0.025005240009120033,0.12154770494334381,0.5,1.0,14021.159278375097
996,9960,-0.11703862172336965,-0.022864217164302137,0.052894595200548386,0.5,1.0,14035.363114708103
997,9970,-0.10828655652017893,-0.009317772203166808,0.07981807485624987,0.5,1.0,14049.38109308295
998,9980,-0.19567123491685745,-0.012915827603743768,0.09429086546122825,0.5,1.0,14064.458636166062
999,9990,-0.15241433162719442,0.004407919469260247,0.09742050424741627,0.5,1.0,14079.237831874983
1000,10000,-0.07493347494440084,0.019336529834583782,0.08647689050118325,0.5,1.0,14093.415402875049
1001,10010,-0.0805761008315935,0.015066603314114779,0.03810287569627906,0.5,1.0,14107.866960000014
1002,10020,-0.5678500488158233,-0.0830725450487618,0.17485031864739392,0.5,1.0,14122.17883599992
1003,10030,-0.07792332653699319,0.01130494680196321,0.037882472050859706,0.5,1.0,14137.01634658291
1004,10040,-0.24623355821966353,0.0022210991462493722,0.10331799677996367,0.5,1.0,14151.800262290984
1005,10050,-0.40613261882920604,-0.057365223644224625,0.1338756678568666,0.5,1.0,14166.36727233301
1006,10060,-0.15028258830407637,0.023072281004510486,0.08419370365533876,0.5,1.0,14180.480374790961
1007,10070,-0.15794407117232456,-0.017247263284193348,0.10110642078159134,0.5,1.0,14194.73991516605
1008,10080,-0.14537916918333504,0.009830956285383241,0.09411395211252982,0.5,1.0,14209.391057499917
1009,10090,-0.15646749784465985,-0.04742031316776716,0.06702795314305092,0.5,1.0,14224.256026291056
1010,10100,-0.2571363458134135,-0.052065649297101314,0.10536473027187493,0.5,1.0,14239.493781582918
1011,10110,-0.07903829012335617,-0.006439326370163911,0.059252581612609545,0.5,1.0,14254.992062665988
1012,10120,-0.1846701517495637,-0.02296575327055699,0.07785916940285988,0.5,1.0,14270.232670207974
1013,10130,-0.14016001688743973,0.009708211906964692,0.10892615608327322,0.5,1.0,14285.214243999915
1014,10140,-0.19665379065945032,-0.016506477174321167,0.09764514169939438,0.5,1.0,14299.774511124939
1015,10150,-0.2830575314620125,-0.0049534433579366596,0.13091585950068538,0.5,1.0,14314.227157958085
1016,10160,-0.46916003709029486,-0.030978255118553122,0.16385557349921662,0.5,1.0,14328.58066666592
1017,10170,-0.16036747746111057,-0.0032016033314945956,0.07570432527314547,0.5,1.0,14343.064970958047
1018,10180,-0.15958634194278964,-0.029682796423280776,0.0806954617576377,0.5,1.0,14357.70110233291
1019,10190,-0.2224190244280324,-0.038343460937516304,0.08049362735153968,0.5,1.0,14372.758139665937
1020,10200,-0.21566264276522418,-0.010515604281759927,0.09009795516958309,0.5,1.0,14387.244383832905
1021,10210,-0.2337310698583286,0.9981196978935797,3.0022440425997363,0.5,1.0,14404.991054583108
1022,10220,-0.1117495957715553,0.0011159548307252188,0.045264433074664046,0.5,1.0,14419.89639512496
1023,10230,-0.15296882075655738,-0.057200661126005324,0.05478763914915952,0.5,1.0,14435.033161957981
1024,10240,-0.1791027019870599,0.003205577868098697,0.1454594180944853,0.5,1.0,14450.32498883293
1025,10250,-0.15708489667221848,-0.04212531980754299,0.04919862676747164,0.5,1.0,14464.602176249959
1026,10260,-0.11808502305403845,-0.004809163948083306,0.08592044890024135,0.5,1.0,14479.856648541056
1027,10270,-0.09693942376460818,0.009431616933889409,0.07029848304213089,0.5,1.0,14494.52904174989
1028,10280,-0.23194932375502564,-0.06388031361613314,0.08755956719791974,0.5,1.0,14508.57231304096
1029,10290,-0.1552899114416011,-0.011956248319808082,0.07852260288640465,0.5,1.0,14523.629775624955
1030,10300,-0.10517044747224435,0.048181987108525615,0.1610763837232516,0.5,1.0,14537.963254041038
1031,10310,-0.25124270549245153,-0.0027784778293870717,0.10327858158877734,0.5,1.0,14552.842250541085
1032,10320,-0.2049748533559681,-0.0014589698880387303,0.1154081543489138,0.5,1.0,14567.246588875074
1033,10330,-0.26119374480128066,-0.051060204509937535,0.0911530984931651,0.5,1.0,14582.130361708114
1034,10340,-0.10016176987560677,0.03168118817790875,0.08120556898354928,0.5,1.0,14596.498828832991
1035,10350,-0.12315533336705542,0.02668862032026569,0.10031974106877008,0.5,1.0,14611.301019666018
1036,10360,-0.41807066373655477,-0.07083568985642978,0.12436329555614667,0.5,1.0,14625.928604416084
1037,10370,-0.18029256740296873,-0.023248852563698998,0.06874221212433637,0.5,1.0,14640.333653707989
1038,10380,-0.7340158123551301,-0.03767940089078303,0.23969897500843043,0.5,1.0,14654.886861582985
1039,10390,-0.06388749347924794,0.10612843959124349,0.1452173731571119,0.5,1.0,14669.63734087511
1040,10400,-0.19616464383938137,-0.016521436468063033,0.07782091228353245,0.5,1.0,14684.748150083004
1041,10410,-0.12368579435861893,-0.014114553768029836,0.05241699754762315,0.5,1.0,14700.474537082948
1042,10420,-0.06233983488507189,-0.000645203978295239,0.03462980161297789,0.5,1.0,14715.205771374982
1043,10430,-0.22799253837015065,-0.0023201633489111197,0.10479963383342933,0.5,1.0,14729.831735332962
1044,10440,-0.19463205944479078,-0.0017318348209040657,0.07542565253639587,0.5,1.0,14744.497032375075
1045,10450,-0.355127487210952,-0.04560935224977412,0.12310183412354775,0.5,1.0,14759.010190708097
1046,10460,-0.5489336267220004,-0.06701665663077402,0.18313234161025074,0.5,1.0,14773.850432707928
1047,10470,-0.18341817784662773,0.003723060582971183,0.09260415705398695,0.5,1.0,14788.233224540949
1048,10480,-0.19997033382253449,0.026343905162658922,0.12867959666284168,0.5,1.0,14802.27292883303
1049,10490,-0.45827509318226145,-0.07872112521793309,0.19570045228140445,0.5,1.0,14815.964339541038
1050,10500,-0.1373033008603679,-0.027959307768529486,0.06672029707178276,0.5,1.0,14830.29271845799
1051,10510,-0.24826969959522405,0.00830310541276189,0.12419105373413768,0.5,1.0,14844.909562125104
1052,10520,-0.10926291460786253,0.0070595082006064125,0.062161668490621685,0.5,1.0,14859.431690207915
1053,10530,-0.10754095788692286,0.016981873219333376,0.08764584279139694,0.5,1.0,14873.818696290953
1054,10540,-0.11731751787029321,-0.01238224847003817,0.07615779315325785,0.5,1.0,14888.471413250081
1055,10550,-0.16030153256410706,-0.0036887576221902307,0.07491699205449097,0.5,1.0,14903.337153875036
1056,10560,-0.11137482452784653,0.01299357512544148,0.1017351723903082,0.5,1.0,14917.883709250018
1057,10570,-0.20309367310036563,-0.01706260090972913,0.0835745294280026,0.5,1.0,14932.619496291038
1058,10580,-0.23261484064968574,-0.005190343030948341,0.0992104517955199,0.5,1.0,14947.124896458117
1059,10590,-0.06071235389444318,0.022515517102538407,0.048559231633121126,0.5,1.0,14961.948282040888
1060,10600,-0.1467278912844625,-0.040318649746931355,0.0630501629572939,0.5,1.0,14976.63266333309
1061,10610,-0.2962231095411383,-0.02155320974656396,0.1056132438941458,0.5,1.0,14991.031394915888
1062,10620,-0.3576155123197653,-0.042725716901472664,0.12996106245255354,0.5,1.0,15006.05233504111
1063,10630,-0.1332987980875373,-0.006110452456684357,0.05867740694928784,0.5,1.0,15021.365373499924
1064,10640,-0.17128205309723832,-0.034551897937555774,0.06192003371640372,0.5,1.0,15036.75926525006
1065,10650,-0.31967211949608654,-0.024097231961849007,0.12289472508310297,0.5,1.0,15051.607549374923
1066,10660,-0.04619422116111149,0.021599134238852357,0.04069993903256566,0.5,1.0,15066.353813291062
1067,10670,-0.28675312375314377,-0.033508470373364393,0.09873251757761453,0.5,1.0,15081.245824041078
1068,10680,-0.2437385104811849,-0.006055395211465342,0.1420798004963823,0.5,1.0,15095.847447999986
1069,10690,-0.12634715156653353,-0.005851363271884758,0.06888199086241148,0.5,1.0,15110.977763375035
1070,10700,-0.4331883050078371,-0.07346074880407132,0.13583074928337704,0.5,1.0,15126.265070833033
1071,10710,-0.12766129683312055,-0.025616468562123185,0.07345434776004295,0.5,1.0,15141.733900333056
1072,10720,-0.07975855428444056,0.022893129081750542,0.050829429640925676,0.5,1.0,15156.77565295808
1073,10730,-0.09334116146455607,0.017126411419432587,0.05806096033489595,0.5,1.0,15171.450282207923
1074,10740,-0.08641565667607143,-0.018137360010581905,0.040164306015536465,0.5,1.0,15185.981257416075
1075,10750,-0.15088056583656062,0.0036117503161680275,0.0723993675806523,0.5,1.0,15200.75244070799
1076,10760,-0.15567569313756735,-0.003480001646812969,0.07154378965840195,0.5,1.0,15215.536239332985
1077,10770,-0.2630607113371468,-0.03159210924053664,0.0928390743983506,0.5,1.0,15230.566234540893
1078,10780,-0.17500598958186409,0.039862448840684725,0.16606614456893823,0.5,1.0,15245.37373658293
1079,10790,-0.09083630718838354,0.045671619211102944,0.16335896455438,0.5,1.0,15260.563312124927
1080,10800,-0.2691153425489903,-0.04363564886291691,0.10952296366677562,0.5,1.0,15274.885585583048
1081,10810,-0.13537420261690603,-0.02336441445555417,0.0637105931963547,0.5,1.0,15289.39619787503
1082,10820,-0.13967195987798853,0.008612578898637313,0.06024405317972706,0.5,1.0,15304.080878541106
1083,10830,-0.1729693967952075,0.020081985340594244,0.13624779393591976,0.5,1.0,15318.862567082979
1084,10840,-0.07180004802149131,-0.0007337306108185615,0.05040823600893106,0.5,1.0,15333.506858665962
1085,10850,-0.11185274475266294,0.005042138969646804,0.07505702044443976,0.5,1.0,15349.387615083018
1086,10860,-0.38346944091132684,0.9474104793228963,3.023186239481281,0.5,1.0,15364.41526562511
1087,10870,-0.07182700265097353,0.007005334231053606,0.055989071786416,0.5,1.0,15380.029258124996
1088,10880,-0.36769901041114306,-0.026907078990313592,0.13290800896386995,0.5,1.0,15394.501062040916
1089,10890,-0.03554366725354452,0.028780232438478583,0.07837131455700125,0.5,1.0,15409.13233225001
1090,10900,-0.2442770303741275,-0.055845972108608956,0.10656559450063811,0.5,1.0,15423.68819741602
1091,10910,-0.1067547330499492,0.00823274728746375,0.07910626132204493,0.5,1.0,15438.77917562495
1092,10920,-0.2543097133093255,-0.021229763204642805,0.13168432591249984,0.5,1.0,15453.316099457908
1093,10930,-0.10447089426418454,0.008136672969448444,0.07277244821994058,0.5,1.0,15468.530390125
1094,10940,-0.04892220336142028,0.003961571086672944,0.04045831967556743,0.5,1.0,15483.885877750115
1095,10950,-0.47711272518704995,-0.010539027611551255,0.16302580819967602,0.5,1.0,15498.909684333019
1096,10960,-0.10634247021058574,-0.03295835130570488,0.04243447754160672,0.5,1.0,15513.63911891589
1097,10970,-0.3566831059304203,-0.06887815957140501,0.11314283142828548,0.5,1.0,15527.695783375064
1098,10980,-0.05976242727136061,0.023701279040410483,0.06986659727674689,0.5,1.0,15542.60639641597
1099,10990,-0.33527498121420596,-0.038900970467862894,0.12631013716536363,0.5,1.0,15557.548171540955
1100,11000,-0.05716204941679148,0.0071712717828663845,0.06951352947121005,0.5,1.0,15572.789173375117
1101,11010,-0.4245516842379713,-0.08995380593065878,0.13592513313790328,0.5,1.0,15587.274287708104
1102,11020,-0.04874777383763895,0.027012843428112276,0.06232671124082898,0.5,1.0,15603.075273040915
1103,11030,-0.07956784074581869,0.0621289743925332,0.09303186921773865,0.5,1.0,15617.762746833032
1104,11040,-0.5003832116665352,-0.06203290939940089,0.16904899089989725,0.5,1.0,15632.101127790986
1105,11050,-0.0682252649567765,-0.005556836708200929,0.04587265785487449,0.5,1.0,15647.184411416063
1106,11060,-0.08219462661043497,0.04928327290079837,0.09002335026937552,0.5,1.0,15662.253622625023
1107,11070,-0.2739359204939662,-0.054168967728553064,0.10063051389275235,0.5,1.0,15676.997929540928
1108,11080,-0.08226480571998707,0.00895980219608843,0.0389473105493143,0.5,1.0,15690.943110707914
1109,11090,-0.22766261479155414,-0.026034833044442963,0.10977028032193255,0.5,1.0,15705.437691207975
1110,11100,-0.2229957127211204,0.011932553465336148,0.11790632841040423,0.5,1.0,15720.508794666035
1111,11110,-0.15770487066771643,0.02410186054036876,0.09482612355063226,0.5,1.0,15735.349437790923
1112,11120,-0.18912975157038048,-0.019883846567978036,0.07737856293010834,0.5,1.0,15750.626782207983
1113,11130,-0.1883033786848447,-0.04848577179201454,0.07067203765925455,0.5,1.0,15765.13240033295
1114,11140,-0.19851411114854933,-0.0227589791215256,0.08674046162462012,0.5,1.0,15779.568634707946
1115,11150,-0.05333878110138812,0.018358570625353197,0.04785683487365993,0.5,1.0,15794.0990405411
1116,11160,-0.08135682007435463,-0.0005261356070521472,0.041268393834395324,0.5,1.0,15809.03178675007
1117,11170,-0.10859123473932542,-0.02090076800120979,0.06208751506742607,0.5,1.0,15823.76207383303
1118,11180,-0.15315814598357846,-0.0011971586577833372,0.07758382515766692,0.5,1.0,15838.060744333081
1119,11190,-0.07787539290628409,-0.030226412227395194,0.04519706572808596,0.5,1.0,15853.156911958009
1120,11200,-0.41265179228701765,-0.02110111244216073,0.1930323340899996,0.5,1.0,15867.79469141597
1121,11210,-0.060853966169748475,-0.0032825605453621343,0.03436524257260744,0.5,1.0,15882.715354999993
1122,11220,-0.13395735785002305,0.006354851772664194,0.0700610356808939,0.5,1.0,15897.517443750054
1123,11230,-0.03330476063406618,0.022362610333437782,0.044462280092948066,0.5,1.0,15912.185549000045
1124,11240,-0.059422195641724684,0.053230065818489436,0.08105358956832612,0.5,1.0,15926.236979291076
1125,11250,-0.30753695871790754,-0.016816483993044074,0.1168907421086148,0.5,1.0,15940.584706000052
1126,11260,-0.12320532465899614,-0.019846433465762738,0.06798911876994176,0.5,1.0,15955.379774624947
1127,11270,-0.2363990053200089,-0.06444325679021894,0.0974286601933908,0.5,1.0,15969.989501666045
1128,11280,-0.2766127325214942,-0.018281193305371167,0.1284327687979139,0.5,1.0,15984.749832707923
1129,11290,-0.12704300744471553,-0.04308748598365142,0.0670312985905044,0.5,1.0,15999.35363645805
1130,11300,-0.19400756482209136,-0.0283217637653995,0.10325096177956763,0.5,1.0,16013.366675749887
1131,11310,-0.23576289508257098,-0.04145665943722383,0.10868931917995832,0.5,1.0,16027.457563125063
1132,11320,-0.2660657379993365,0.01850755860964064,0.14550848464414157,0.5,1.0,16041.862590540899
1133,11330,-0.10002056701131767,-0.017249301596409073,0.041258776610113145,0.5,1.0,16056.994514625054
1134,11340,-0.09887004936122512,0.006449245698359629,0.055874895734458696,0.5,1.0,16069.915610082913
1135,11350,-0.06501135122556878,0.023941028535055153,0.07567233979286203,0.5,1.0,16082.461888458114
1136,11360,-0.24369272669935604,-0.0234222225434789,0.09120740654612472,0.5,1.0,16095.266208416084
1137,11370,-0.19322957920627193,-0.018058334170009703,0.08423096930447059,0.5,1.0,16107.768071291037
1138,11380,-0.4251633653451199,-0.03822977726172505,0.1449186411239045,0.5,1.0,16120.405254625017
1139,11390,-0.19521106840173452,-0.04780284641411079,0.0971224633040475,0.5,1.0,16132.79501449992
1140,11400,-0.13199530344152421,0.07765777676505028,0.11297252333793144,0.5,1.0,16145.417622666107
1141,11410,-0.10939361463848218,0.017019220553073033,0.05567211979530034,0.5,1.0,16157.965003916062
1142,11420,-0.23664885068215114,-0.030065438242696186,0.09672277532253234,0.5,1.0,16171.080902749905
1143,11430,-0.20342676171101193,-0.0017829368863393924,0.08688968196669532,0.5,1.0,16183.254004083108
1144,11440,-0.1163004147925415,0.027988075073314533,0.07577489130397422,0.5,1.0,16196.284088416025
1145,11450,-0.5257160995039039,-0.07431146473490795,0.18964561070753586,0.5,1.0,16209.05736608291
1146,11460,-0.3111072540429074,-0.015785942479910543,0.14401537604570777,0.5,1.0,16221.81094174995
1147,11470,-0.13278548577019578,-0.01713379986632262,0.08551099578871507,0.5,1.0,16234.509625124978
1148,11480,-0.25825597175105575,-0.04932278885940109,0.08787130254730266,0.5,1.0,16247.347049207892
1149,11490,-0.059190587493437974,0.04975085967747957,0.07822583595595714,0.5,1.0,16259.967911791056
1150,11500,-0.06860987717342404,0.0454886935660924,0.12731596907227327,0.5,1.0,16271.505406083073
1151,11510,-0.05733470221225634,0.004005034985382761,0.03810409948903715,0.5,1.0,16282.719808999915
1152,11520,-0.16926323974955082,0.007672131753815314,0.0931239715465521,0.5,1.0,16293.20697458298
1153,11530,-0.09658435301136237,0.015114654906846247,0.08332649954546366,0.5,1.0,16303.586334916065
1154,11540,-0.11499832301434854,0.016956305280768812,0.09289970060565256,0.5,1.0,16314.07824250008
1155,11550,-0.13980723351772184,-0.0324567171764615,0.062318997586317475,0.5,1.0,16325.00508837495
1156,11560,-0.19852130852298444,-0.041862573711778414,0.09394073578168163,0.5,1.0,16335.71743495809
1157,11570,-0.2551959734804816,0.006230681422648754,0.09691720052455394,0.5,1.0,16346.163592125056
1158,11580,-0.23924073884959274,-0.008981265802689986,0.11472374021905092,0.5,1.0,16356.670564833097
1159,11590,-0.09007824882511173,0.007871715860184559,0.0523597706026963,0.5,1.0,16367.007112582913
1160,11600,-0.08039375729672837,-0.004713076797394589,0.06815497443807612,0.5,1.0,16376.991840915987
1161,11610,-0.18413911448250886,-0.028248618086942567,0.0784843828593916,0.5,1.0,16385.336363875074
1162,11620,-0.08657919062168418,0.023307971592499754,0.0730781639309938,0.5,1.0,16393.532317375066
1163,11630,-0.19611042022261316,-0.009262223045988982,0.09627098586743095,0.5,1.0,16401.273253540974
1164,11640,-0.15807273437516045,-0.053321726366960046,0.0729765929241513,0.5,1.0,16409.46772395796
1165,11650,-0.3761252961842798,-0.010305356757127005,0.1817359399049005,0.5,1.0,16417.570729416097
1166,11660,-0.12530100194950577,-0.015805319885678328,0.07806726817536143,0.5,1.0,16425.713106791023
1167,11670,-0.3504237171725757,-0.0874386053320916,0.12175072031313515,0.5,1.0,16433.960273208097
1168,11680,-0.07237227756958298,0.0498689438924866,0.10787847412843986,0.5,1.0,16441.91486541601
1169,11690,-0.20990180748515552,-0.00013902997637238457,0.1017681109621424,0.5,1.0,16450.16950958292
1170,11700,-0.10841921666417687,0.009889965905673304,0.06758832982316872,0.5,1.0,16458.457779250108
1171,11710,-0.39411238433303897,-0.09201514681496273,0.13923978509229082,0.5,1.0,16466.73117820802
1172,11720,-0.13976400896536934,-0.005942246256575245,0.07134811308477806,0.5,1.0,16474.41289066593
1173,11730,-0.3879895756948848,-0.08267251269819731,0.1302086800285603,0.5,1.0,16482.361084666103
1174,11740,-0.1931460258196367,-0.00627027819025292,0.11274654655426677,0.5,1.0,16490.293836457888
1175,11750,-0.4553780973816872,-0.07906157214824602,0.13508958832149223,0.5,1.0,16498.602502415888
1176,11760,-0.05457798613582199,0.0004073127771945906,0.03499759800578878,0.5,1.0,16507.244424541015
1177,11770,-0.09270998063274316,0.02709667553752899,0.10356651611056554,0.5,1.0,16515.74609279097
1178,11780,-0.09150356769598389,0.032503891842894636,0.083473691915925,0.5,1.0,16523.82720525004
1179,11790,-0.5058184162962567,-0.06040409013835024,0.18699004422547816,0.5,1.0,16531.744426750112
1180,11800,-0.19927762579378872,-0.05895935594923065,0.06790768754714924,0.5,1.0,16539.60571504105
1181,11810,-0.11376261301677282,-0.008535349345936272,0.06955998236274202,0.5,1.0,16547.550185875036
1182,11820,-0.10156401500930645,0.0008328397010303412,0.04683025024603952,0.5,1.0,16555.828396833036
1183,11830,-0.2389560482600288,-0.02217644964278449,0.09489607507102238,0.5,1.0,16563.900845458033
1184,11840,-0.07415576465824358,-0.012074090774787383,0.03327916373960305,0.5,1.0,16572.50401783292
1185,11850,-0.1407282984264846,-0.009296865469578109,0.05861549278190237,0.5,1.0,16580.92607608298
1186,11860,-0.1531400320981886,-0.043933538125275805,0.08339618199619639,0.5,1.0,16588.795226040995
1187,11870,-0.07074539991625706,0.01814687337921317,0.06177576490919791,0.5,1.0,16596.754604290938
1188,11880,-0.23326647997830285,-0.006394878551592598,0.08666908792959073,0.5,1.0,16604.982902416028
1189,11890,-0.14091206952518842,0.01195107211751525,0.09386938745787925,0.5,1.0,16613.319200540893
1190,11900,-0.09571787841328572,-0.033043113596861316,0.039764727449567376,0.5,1.0,16621.151229208102
1191,11910,-0.21078633571718708,-0.03278025423195006,0.07838108948114607,0.5,1.0,16629.30820983299
1192,11920,-0.10841608542355541,0.01992085358582223,0.08000967457199137,0.5,1.0,16637.431392540922
1193,11930,-0.2835219881700155,-0.007086589165804203,0.12169547314022018,0.5,1.0,16645.63761062501
1194,11940,-0.21045942713566035,-0.03787378997308348,0.08950693516368124,0.5,1.0,16653.708312083036
1195,11950,-0.16532327344042486,-0.028168330734649683,0.0963291011283482,0.5,1.0,16661.733585082926
1196,11960,-0.3607455825724122,-0.03270616545431091,0.1202225242344289,0.5,1.0,16669.590660040965
1197,11970,-0.21402266954893623,-0.025759346548167982,0.08968051180453275,0.5,1.0,16677.76267920807
1198,11980,-0.0831381746948372,0.02342990181522886,0.07973648333717871,0.5,1.0,16686.520828583045
1199,11990,-0.23693827217101937,-0.0036870299228834113,0.11171458898387876,0.5,1.0,16695.025498416042
1200,12000,-0.16108569811849627,0.01257152613007415,0.10310713608499547,0.5,1.0,16703.220409166068
