generation,evals_used,best_fitness,mean_fitness,std_fitness,sigma,condition_number,wall_time_s
1,10,-0.0819667249557261,0.03756108193742271,0.08287508476539703,0.4907163370832087,1.0082139947861404,15.236777000129223
2,20,-0.14999052827817838,0.006412892599347053,0.09009622245336119,0.4828250204107654,1.0089434732919935,30.12117329100147
3,30,-0.09927499457407407,-0.009355262314079483,0.06545490154521284,0.47585163150034626,1.0099749995097926,45.436683958163485
4,40,-0.22483177894029094,-0.03238515198546184,0.11600219319708599,0.46931790403522566,1.011125319122341,60.65669820806943
5,50,-0.21112594590406797,-0.08494503562457219,0.07007558490761553,0.4636060670591918,1.012242002598319,75.66418266599067
6,60,-0.26858526998816323,-0.12453463362480219,0.09271421813001766,0.4584283717600837,1.0140422348324116,90.5451337499544
7,70,-0.2234340104467245,-0.05055632361505182,0.08327419563211147,0.45378565911416474,1.0163042601552965,105.4762691250071
8,80,-0.26826906980674803,-0.07210542618808943,0.11693503671961282,0.4493181992901026,1.0186261166944417,119.92293587513268
9,90,-0.23062098024683397,-0.08189628541859433,0.08723300566732144,0.4452925517095096,1.021149819083414,133.9090706249699
10,100,-0.18980575247720566,-0.10219368681782814,0.06289989337520602,0.4417050263105878,1.0241361476401096,148.80638058297336
11,110,-0.4179322868747102,-0.15260905563926866,0.13709731052724694,0.4385333952639478,1.027432065271892,162.83478816598654
12,120,-0.24062111394118002,-0.08793431124373949,0.09813813087742544,0.4356356655700443,1.0311382844045296,176.69891287502833
13,130,-0.2256386082013737,-0.07095554045569222,0.09196415095218498,0.43325673541088994,1.0356212771929514,190.7678257501684
14,140,-0.1571498524118038,-0.054422387753750454,0.08195710398221516,0.43107827880871463,1.0401099686656943,204.95311595802195
15,150,-0.20648406920746076,-0.033143765568957394,0.08533146221848635,0.4290569903194273,1.044580497026518,218.95813133311458
16,160,-0.3665363727779294,-0.025349467167899143,0.13038124793644787,0.4272149099100892,1.04940369679251,233.04075170797296
17,170,-0.25099881790696,-0.05021272788230187,0.11256641255777351,0.42536933320140946,1.0540828471277985,247.64899554103613
18,180,-0.1987706920987362,-0.0746271979840893,0.09355357528557882,0.42365275266124075,1.0589878993878636,261.6938316661399
19,190,-0.30286647903609776,-0.11154200452700627,0.11530388099053619,0.42194880769123216,1.0637449681106623,276.06416400009766
20,200,-0.384373881004902,-0.10307566012368223,0.11545267668299941,0.42041553717742713,1.0687472182432158,290.1664944579825
21,210,-0.44639075697803854,-0.12487258214430277,0.1309058940689513,0.41915454277614694,1.0740080051476135,304.38648695801385
22,220,-0.423986315341879,-0.114946364075956,0.1329635692175642,0.41806291748046875,1.0792591062450978,318.74319879105315
23,230,-0.42122121780489774,-0.1568473199241452,0.1511922951164872,0.4168663832290118,1.0844997052663887,333.3363092499785
24,240,-0.3091394527100473,-0.06565457110301302,0.15026001201764727,0.4157356117601624,1.0896025420338804,347.81762866606005
25,250,-0.1619211154816229,-0.05018411825658235,0.08342049110972494,0.4146901850851983,1.0948744997108781,363.3892895830795
26,260,-0.3110083190043067,-0.0033603941958535444,0.1321862330209332,0.41386521370946044,1.1003479164392,378.16771154105663
27,270,-0.4074064632125971,-0.10794206368941195,0.14425432107440442,0.41315968320539836,1.1058283327135519,392.6772459161002
28,280,-0.3314269537840291,-0.1307338650974768,0.11553166336183086,0.41257884356326857,1.111674337760372,406.9887662080582
29,290,-0.31983972626600643,-0.11705412991981241,0.10460104735715235,0.41220044549234597,1.1177223625069244,422.26998358312994
30,300,-0.3337012129813637,-0.15343549086455477,0.12299528466463346,0.4117428191492007,1.123654803659746,436.9745326251723
31,310,-0.31981084190052034,-0.1547266650672004,0.10017676399042581,0.4113478814854867,1.129812101308561,451.25344104110263
32,320,-0.34915185952083405,-0.1843754772623849,0.09939164600350203,0.4110611032447115,1.1359906802722208,466.0319054161664
33,330,-0.3515497920572779,-0.24281642787565838,0.0954456489048536,0.4108962010105864,1.1421044543259147,479.6528320410289
34,340,-0.30094944786940925,-0.09956134136520403,0.14925926929568606,0.4108379025652735,1.1483037164438321,493.496792958118
35,350,-0.344025091344089,-0.2045158065782365,0.1334002651180538,0.410831685097325,1.1549940004460908,508.6195205410477
36,360,-0.3566522234561562,-0.1317114218675976,0.13216431832396877,0.4109304689168961,1.161966737459677,523.5195858329535
37,370,-0.22835354794594576,-0.13536122563382608,0.07665994130324055,0.411137238076522,1.1690102275968157,538.5383973750286
38,380,-0.2543689439842387,-0.11143812825614123,0.11479552090194685,0.41133055359246634,1.1762614883573483,553.9129400411621
39,390,-0.2540841298579233,-0.11839664908625318,0.09224716970599739,0.41153170726179633,1.1832907294849568,569.9408184159547
40,400,-0.2398395312838133,-0.12735715562410874,0.07647052970770929,0.4116901470162496,1.1901570899588079,584.7126625000965
41,410,-0.3154079837007755,-0.1607289808917111,0.10055305069279091,0.41199640649027397,1.19706640158328,598.8284530411474
42,420,-0.33742256817429883,-0.17060244983332157,0.07766212402979637,0.4123122747002063,1.2041060948393103,613.5748681251425
43,430,-0.1619293405396105,-0.07364190176761172,0.07045724851694515,0.41253164161759603,1.21096000993419,627.8301042499952
44,440,-0.21066350935744005,-0.030476523926682476,0.09064593000270957,0.41258492886730214,1.2178973892355305,642.5723648751155
45,450,-0.4394764206160078,-0.13334765766989715,0.13782112004522568,0.41235330077230986,1.2244979851452091,656.7858677499462
46,460,-0.4645230680953043,-0.1610477771667446,0.15632354374391624,0.4122302889986102,1.231235711526631,671.7663630831521
47,470,-0.3677709102399538,-0.14184077407234624,0.11365715267276007,0.4119576715970566,1.237705617083976,686.7227363751736
48,480,-0.38100666078165624,-0.202710148904018,0.12824558207663042,0.412003799525638,1.2445136315409968,701.8848983331118
49,490,-0.25969988575067493,-0.12791929547858533,0.09781494206812229,0.41219033154263096,1.2513808903106676,716.116075915983
50,500,-0.3295415800915187,-0.1639928411578687,0.1098321602025834,0.4125384012479819,1.258216838943171,730.6242692500819
51,510,-0.3719050023230892,-0.15269565573094973,0.1755474024313644,0.41287374330178817,1.264828410678088,744.6649615000933
52,520,-0.30526396521396304,-0.13686954801136048,0.0634033549002102,0.41307413073052646,1.27117647466895,759.0041029581334
53,530,-0.5214706617768368,-0.22098531404709565,0.14709050699626405,0.4135345767865526,1.2777859595488217,773.2555037911516
54,540,-0.3729250988781745,-0.1806245752075739,0.10923721049447503,0.4139945496353142,1.2842442938470686,787.3405635829549
55,550,-0.4931093236017139,-0.18328309627966172,0.1793029426340054,0.41438678671971474,1.2903123740468894,801.4753257499542
56,560,-0.4200589895890108,-0.21855938700291225,0.12340649974394423,0.4144660174423823,1.2961797904971597,815.9157030831557
57,570,-0.4884377329856129,-0.25879112756276734,0.11732838060902194,0.41443492327406634,1.3016059061003706,830.0543875831645
58,580,-0.4644486773242562,-0.3124143581143624,0.09036784023667231,0.41434748591574005,1.3065803972818963,844.099477958167
59,590,-0.5289718274327218,-0.282757463202853,0.16333985668613432,0.41421066660760564,1.311507398942037,858.1681702909991
60,600,-0.4288590421485168,-0.2761098852817231,0.08075467524774631,0.4139620734162306,1.3163847022267503,872.3601436251774
61,610,-0.5308591077533267,-0.26749614078504297,0.14271109198735255,0.4139044556528441,1.3214939318595125,886.270074415952
62,620,-0.6035905954500969,-0.2782181654174208,0.14798580294455113,0.4141960366579962,1.3268683390727503,900.6162697910331
63,630,-0.5411615052714991,-0.40261160148249486,0.10414911336452586,0.414439256057764,1.3320210355618942,914.6892419580836
64,640,-0.47474183502370515,-0.20668585137399678,0.16153914756633048,0.4145909547235935,1.3372441481777848,928.4781307911035
65,650,-0.4869629800511772,-0.2903971536258608,0.0965321459769599,0.41481426763841384,1.3423372661454092,940.6137792910449
66,660,-0.5248276751586962,-0.30151639493980076,0.1372957209098246,0.41521045855228245,1.347452381119315,952.8642287910916
67,670,-0.651763137909402,-0.41253773282181205,0.11848341161159918,0.4155289613882557,1.352556721410415,965.0011540001724
68,680,-0.546449920772405,-0.2932746993440477,0.1829002957087448,0.4157811751729377,1.357786733200861,977.0553178749979
69,690,-0.6342707411280433,-0.31408831279028504,0.1629522423333346,0.4163975586251323,1.3631917124877255,989.2407454580534
70,700,-0.5620307903320221,-0.37684008537944136,0.1633338519326916,0.41686808974207334,1.3684376854369027,1001.2324185001198
71,710,-0.5920110691733687,-0.4055274410592218,0.1526683594495095,0.4172560609206001,1.3735312954832295,1013.501603041077
72,720,-0.44611413937162503,-0.32993497178397435,0.0767352202997269,0.4175618829341972,1.3785386113650508,1025.654848416103
73,730,-0.6704516815033061,-0.42644126160532825,0.1681106348169539,0.4179217429923171,1.3833671175716007,1037.911168333143
74,740,-0.578664060218328,-0.3332316537697845,0.16358351314998437,0.41822536821302925,1.3880342709408697,1050.235374666052
75,750,-0.7260447290442915,-0.43036554881561095,0.19317876008426474,0.4185613652127839,1.3924487642311814,1062.103751958115
76,760,-0.5221699450229638,-0.40540176080753987,0.111580505244627,0.41865227372760494,1.396879732896448,1074.3391383329872
77,770,-0.5747911640343659,-0.4129225433735191,0.11077172099377551,0.4186630498710389,1.4010701335641362,1086.4576959579717
78,780,-0.5170439370208317,-0.2710585722818294,0.15782386302182935,0.41853374757250217,1.405380085890994,1098.3588336659595
79,790,-0.6638237153603335,-0.4501813331913743,0.16838802029206948,0.4182040095597872,1.4093716761427595,1110.3469775409903
80,800,-0.734410653086452,-0.47206917012815086,0.14706357067482195,0.4177509683911672,1.4132761587598148,1122.1590445830952
81,810,-0.6244950830318237,-0.4045039220971159,0.15071006833961265,0.4173146080197142,1.4171254745644235,1134.5355117910076
82,820,-0.720606301863076,-0.3582666224504488,0.2198984843932911,0.416599812055406,1.420732845312158,1146.8689685831778
83,830,-0.7210227075339306,-0.5044981985426953,0.18999435741403128,0.41584391592413583,1.4243775029544696,1159.1171592911705
84,840,-0.8132887617079572,-0.4767968877413282,0.23043658656901467,0.415187805016623,1.427870190210983,1171.6712444580626
85,850,-0.7021467531928467,-0.47752254645852454,0.17922461945855092,0.4144481505581643,1.4313852881829774,1183.880312875146
86,860,-0.7944793814093103,-0.5375123334947921,0.16661824550160534,0.4135683965727344,1.4347448511462964,1196.1452035831753
87,870,-0.6705971954707666,-0.4328376642431434,0.16056694642783795,0.4128098142609574,1.4380196322006493,1208.6580904161092
88,880,-0.5829608572748723,-0.34764719544279893,0.1985919005295294,0.4119635643981835,1.4410999782256666,1221.0408283751458
89,890,-0.6098893350311814,-0.4699322774385492,0.12476010972849234,0.411114500353493,1.4441884301228116,1233.3805492501706
90,900,-0.7395679830276229,-0.47400705028733114,0.17924423386766355,0.4103807660407515,1.4474686575591158,1245.501912750071
91,910,-0.6630148264993503,-0.5644823562203177,0.09561197154687953,0.40976160825237523,1.450524639154172,1257.6018818330485
92,920,-0.6838199476369269,-0.5127068033464629,0.16906662228769048,0.4090554781511457,1.4536325973902051,1269.465544458013
93,930,-0.6268503787501585,-0.4629854046231638,0.15198192294986332,0.4084501473976685,1.456544433889832,1281.4292042909656
94,940,-0.6757445352102156,-0.3606095556489823,0.24926362461761223,0.40781970450087013,1.45933790958345,1293.7599665001035
95,950,-0.7190759433694254,-0.5504814526751198,0.14683593325607247,0.4072697378911115,1.4620342822237222,1305.8452086250763
96,960,-0.6885858641820422,-0.3570610809801426,0.2110213467129129,0.40654626725348514,1.464866594786183,1318.229877582984
97,970,-0.7640634875091807,-0.5002685875880035,0.22849737846999219,0.4056985270047551,1.4674197953043098,1330.295033041155
98,980,-0.7496813491204461,-0.5504346229708579,0.20337285021646595,0.40499595970909763,1.4699206562857268,1342.238306666026
99,990,-0.7781012178056219,-0.5036312731087406,0.19404264295470985,0.4045692328385404,1.472748084041192,1354.5245884580072
100,1000,-0.6886913976673501,-0.5117855361202859,0.2353184915914097,0.4044740176437781,1.476022527637313,1366.4991338329855
101,1010,-0.7500569373592993,-0.5996041323315007,0.11491580472537183,0.4045080652781496,1.4790601338404623,1378.6169859580696
102,1020,-0.7002768938934016,-0.5200447770194576,0.21480575334646562,0.40474967393999667,1.4822306502425076,1390.6953789580148
103,1030,-0.7519696623079453,-0.5397262538439441,0.19981633715148547,0.40529425699199156,1.4855057673219518,1402.5728003750555
104,1040,-0.7326490290452394,-0.5366590031833101,0.2390963346354508,0.40576479249227354,1.4888564185132316,1414.473891083151
105,1050,-0.7753485113555918,-0.498599294658722,0.22343834647782343,0.4064036219790874,1.4923181882931313,1426.6240279581398
106,1060,-0.7148570388298099,-0.5178203003180839,0.2401126718748256,0.40708740637356416,1.4959676652243512,1438.980643457966
107,1070,-0.7330779805478125,-0.6177126005360581,0.08902447277430649,0.4073895029614505,1.4993735419442322,1451.0543598330114
108,1080,-0.7573222912131659,-0.6197951396367941,0.1646838614683664,0.4075193357599699,1.5024923421612157,1462.855504291132
109,1090,-0.7267255824960897,-0.6051854116409656,0.19981514940301742,0.4075737525395003,1.505788916336618,1474.8007433749735
110,1100,-0.7540116293113739,-0.5050310330832672,0.20122703159133337,0.40747807896017096,1.5089426810187696,1486.8513572080992
111,1110,-0.7744127544971882,-0.5125975187833198,0.24369133072401136,0.4076283678314497,1.5120294394368785,1498.9649815000594
112,1120,-0.7461371895278521,-0.5267802904188233,0.18147382300031767,0.4075624933757914,1.5150970543752977,1511.1157337080222
113,1130,-0.749088108632531,-0.5515378049336462,0.18531111069907755,0.40754661910630685,1.517996918439445,1523.4604205409996
114,1140,-0.7970271867002481,-0.3969495168701874,0.2773604838730172,0.4075271521087703,1.52090139305863,1535.9988720000256
115,1150,-0.7158742929738384,-0.5717210172712609,0.127670701436955,0.4075392957211879,1.5239738032485923,1548.2956797080114
116,1160,-0.7251236835312387,-0.5794524335783262,0.17526622705126035,0.4075837630791973,1.526998883429722,1560.6665923751425
117,1170,-0.7768434331847782,-0.5468142091196927,0.23603975447736994,0.407535244386117,1.5300315148012684,1572.7656832081266
118,1180,-0.7749533036561811,-0.5443559080726229,0.23558409690363186,0.40746207974271353,1.5330995806140923,1584.7717365410645
119,1190,-0.7419156559326776,-0.5172675210552108,0.20189693747049903,0.40753525741333163,1.536469655757497,1596.7838645831216
120,1200,-0.7758078328728599,-0.5932849503717995,0.21353930345064695,0.40753972971835234,1.5393698900197161,1608.8833141659852
121,1210,-0.7501818560032936,-0.6041191924084173,0.17043628281567288,0.40736123618127895,1.5421848661939095,1620.990950500127
122,1220,-0.7803926221598658,-0.6334671348221347,0.19240601245781166,0.40704747816373354,1.544574645455543,1633.19369408302
123,1230,-0.7848955749155664,-0.6502464110568502,0.13406534934895092,0.4067087494268525,1.5467389969513896,1644.9441461251117
124,1240,-0.7771368072854514,-0.6701270744711425,0.09730000125268222,0.40642125723436784,1.5487191234209154,1656.786231333157
125,1250,-0.8105964523127218,-0.6108432405067911,0.15856798395757102,0.4061869309441278,1.5508593118098941,1668.9584435829893
126,1260,-0.8281983249473743,-0.5655747093221704,0.22187968031624447,0.4058762149236181,1.5528146281278263,1680.7838332911488
127,1270,-0.7775725644400797,-0.5417978983784743,0.21187057081209212,0.4055746441976103,1.554729810185111,1692.6889107499737
128,1280,-0.8049122609389379,-0.6146225723434301,0.1503368407863865,0.40518805132220215,1.5568101438956405,1704.5727534999605
129,1290,-0.7430858850249855,-0.5876799648554802,0.1723132982305104,0.4050247277865138,1.5589621593084235,1716.8115227080416
130,1300,-0.7909544580556398,-0.6366458271262573,0.12693563200907573,0.40479722861090406,1.5610953030582497,1728.6965586249717
131,1310,-0.7764637306511002,-0.663052245756785,0.10347528242147144,0.4048682792513472,1.5632941152222257,1740.7433029580861
132,1320,-0.7539608692280098,-0.5430766521878364,0.21713805125176563,0.4047862513446367,1.5653736889732184,1752.659885250032
133,1330,-0.7559258846423793,-0.6309176822164563,0.10925602903042907,0.40489529359132354,1.56772923038617,1764.9071714160964
134,1340,-0.8085592981368839,-0.6167624777336105,0.10606810287759483,0.40524698400626186,1.570397372933688,1776.9361895001493
135,1350,-0.8236097090675987,-0.6714049519594691,0.06114349428021135,0.40527786376576724,1.5727331834087057,1788.8626555830706
136,1360,-0.8512289321222557,-0.6256700922060242,0.2320502727710825,0.4051104706453592,1.5749466327277901,1800.865014791023
137,1370,-0.7785369007423668,-0.5884703266799302,0.17581983454751024,0.40498072745791447,1.5771153983997865,1812.9692328751553
138,1380,-0.777783962407157,-0.6256575135740347,0.1330286954607162,0.404915257460709,1.5792131196933161,1824.8865488751326
139,1390,-0.8426940579824995,-0.6492093388848784,0.1836789562501565,0.40481373920501257,1.5817134346340909,1836.769791000057
140,1400,-0.815996948967399,-0.7397765848832151,0.046900189973071944,0.40462381033093714,1.5838935862266947,1849.2821829160675
141,1410,-0.7594033538906793,-0.6087934530414839,0.16608013596088522,0.40471438614726857,1.5859765274259736,1860.9499167911708
142,1420,-0.7958318719809103,-0.4917779593813247,0.19321232315620188,0.4049399497870014,1.5879296001498278,1873.433386333054
143,1430,-0.8129291258035733,-0.5684239288327351,0.15768620681032966,0.4050662440955668,1.5899511788872822,1885.650165583007
144,1440,-0.7544948432308409,-0.6371725197902668,0.13020779386050205,0.40522292084075207,1.5921697192276232,1897.431884375168
145,1450,-0.7262843381581501,-0.4865953844089047,0.2320449420429843,0.40560640025228073,1.5947512316357755,1910.1274180000182
146,1460,-0.7544594340089033,-0.48377523560326124,0.2537672990846117,0.4058022473697293,1.5970862987267958,1922.65441370802
147,1470,-0.7126150469063193,-0.44271404320024776,0.24173285065951058,0.4059815591190899,1.5997425779782743,1934.4844825000037
148,1480,-0.76372092681871,-0.4395377314631827,0.270037846235811,0.40628299031409587,1.602570871479963,1946.496441208059
149,1490,-0.6713024867666446,-0.34380081969658416,0.21772907292053625,0.40634155281721324,1.6051490385717806,1958.037860083161
150,1500,-0.8230494422115466,-0.530502649323559,0.33127114350876125,0.40628274764852446,1.6077456320367072,1970.1161087909713
151,1510,-0.8213837882681165,-0.6432528711555767,0.19687107449690808,0.40618368128946947,1.6103265975320238,1981.8172398330644
152,1520,-0.7401578747729491,-0.4816672943885041,0.2271854201461788,0.40622423262677,1.6129316963148266,1993.9854526659474
153,1530,-0.8052125728125716,-0.6832038870763667,0.09612247448348701,0.40609636761778717,1.6154504845966,2005.71801929106
154,1540,-0.8483198782009351,-0.5752518249393412,0.25279142635190194,0.40592563760967276,1.617992010872971,2017.6071354581509
155,1550,-0.7764543297758255,-0.6268085148368321,0.15604009658277243,0.4055956917939585,1.620569564196396,2029.4484531660564
156,1560,-0.7922199610391845,-0.7391828579665041,0.04693186569426851,0.4052532124500575,1.623221280289508,2041.242704583099
157,1570,-0.764387465486279,-0.675211786442484,0.10110576940406875,0.4050254742692862,1.6258837304185974,2053.0544360829517
158,1580,-0.7886231935234411,-0.6728843757595523,0.11312860180819363,0.4045334132584907,1.6282360009691628,2064.832273832988
159,1590,-0.8221102838610781,-0.7307597150002754,0.06666797380783458,0.4041145446729034,1.6305540866520478,2076.587254791055
160,1600,-0.8111103058816775,-0.7560955241873828,0.029827619250709498,0.4036414931642448,1.633160982798219,2088.8187345410697
161,1610,-0.8145100050545873,-0.7471341383067186,0.05926367891906701,0.4030512893051077,1.6360608015765363,2100.5622992501594
162,1620,-0.8303757099168037,-0.7630972709108585,0.038611157025934664,0.40262787727152355,1.6390388479852651,2112.237615291029
163,1630,-0.8485635966254232,-0.731009255503682,0.13163914023901419,0.4022217225209861,1.6420091577457492,2124.091387290973
164,1640,-0.8616166001279364,-0.7233084530817444,0.16615100545287603,0.4016768109127873,1.644743154536221,2135.6086193751544
165,1650,-0.8548899096267801,-0.7768676644137021,0.04942538654253486,0.40094560000507967,1.6471528105965765,2147.44364166609
166,1660,-0.8216631614401111,-0.7665930024687198,0.03033625390892264,0.400368836689755,1.6502515341436859,2159.1915034160484
167,1670,-0.8543597261488953,-0.7078554468678637,0.14578053667087842,0.3998003004725299,1.6529980299624836,2170.8170360410586
168,1680,-0.8727550087418727,-0.7912519555130342,0.04780836190556793,0.39943955748113735,1.6556613520322228,2182.555085083004
169,1690,-0.847356277805944,-0.7377482861015829,0.07560501418768349,0.3993023570414751,1.6585332073275132,2194.648954708129
170,1700,-0.8207390150505676,-0.6910518454351169,0.1261850325261223,0.3988675970652924,1.6612454839220345,2206.3858169580344
171,1710,-0.8536111560321524,-0.7432596407649614,0.09229305389635337,0.3987933847171561,1.6642831994570209,2218.0757236659992
172,1720,-0.8332404426158888,-0.6068657671986798,0.23040891122855509,0.3985688707274478,1.6669452891774565,2230.071291625034
173,1730,-0.8130657372592394,-0.7468625820119174,0.04767192148262887,0.39853305896723956,1.6694526603602338,2241.8129196660593
174,1740,-0.8137801280086698,-0.6918626541062651,0.07137472067778276,0.39837478155649736,1.672234706379187,2253.541497749975
175,1750,-0.7794202788956648,-0.6667025697059306,0.12052804936301456,0.3983036422413319,1.6747907347050264,2265.4315314581618
176,1760,-0.8080343741715339,-0.6254700151129542,0.1305891325273493,0.39823569600899933,1.6772858099861738,2277.315638415981
177,1770,-0.7803125871605827,-0.6778993593032455,0.06475328458191897,0.39829589771699575,1.6797849691173186,2289.025892707985
178,1780,-0.765424895001642,-0.641554847111912,0.094963912724726,0.3984884258234816,1.682114468947133,2300.756187458057
179,1790,-0.8225127772846843,-0.6646015197397329,0.19482235129165335,0.3987659757503838,1.6845590164732962,2312.5619157501496
180,1800,-0.7994383906089286,-0.6589707518242981,0.10354811198789013,0.39898532821061816,1.6869010120652912,2324.5281551659573
181,1810,-0.9012887126096638,-0.7066460422608889,0.13241703861890883,0.39907930903197136,1.689055430596291,2336.4904935830273
182,1820,-0.9212820172607143,-0.7166958705701887,0.1649697532885962,0.39910002045879184,1.6911225304208404,2348.7372776251286
183,1830,-0.8616458870407744,-0.7283827655517426,0.13461088961604026,0.39906840361911095,1.6937225135186615,2360.9267194999848
184,1840,-0.8312601046675958,-0.7207503398379054,0.10711745714193535,0.3990042807118337,1.6959924801589297,2373.3607884161174
185,1850,-0.8856102608785239,-0.8089139966594818,0.05060146676381693,0.3989584739163613,1.6981775069901102,2385.340612916043
186,1860,-0.9283679258803952,-0.7293092776268859,0.22348580645773114,0.3987087421737466,1.7004319289594017,2397.0779771250673
187,1870,-0.9247597838669899,-0.6344102099682112,0.19622689175549568,0.39855429303747225,1.702864699246219,2409.03563608299
188,1880,-0.7718313731311577,-0.5000907111617556,0.2809483893409729,0.3985597144221454,1.705197838263115,2420.951422958169
189,1890,-0.8214268016281014,-0.647513602169161,0.22342274105935822,0.39843982903610453,1.7076343225580346,2432.9937287501525
190,1900,-0.8264422874541113,-0.5419222639240677,0.22206653812194274,0.3983945215526917,1.7103329527007338,2444.9410035409965
191,1910,-0.8840667533854116,-0.6085504958727005,0.2269994885681488,0.398427173938923,1.7130018911183713,2457.0450401660055
192,1920,-0.9380252236659654,-0.48071076725749584,0.28947625969171953,0.39846427169657217,1.7156649029437498,2469.069183875108
193,1930,-0.9082410136383983,-0.7991720668642314,0.06139729377470464,0.3984592251434227,1.7181116711591686,2481.02586654108
194,1940,-0.8379126254239804,-0.6269431848765972,0.14032952428359086,0.39839966541303184,1.7206483823673961,2492.9560467910487
195,1950,-0.9072095728685508,-0.7482134331408523,0.16059051928262738,0.39822722146660794,1.7234015964407574,2504.598407541169
196,1960,-0.9028303545441325,-0.5126814825967475,0.33688303172612355,0.39809848763640415,1.7262061497344114,2516.76041483297
197,1970,-0.8979562099078136,-0.5702904201071485,0.2164270298915354,0.39796116539835963,1.7291008966128192,2530.695371583104
198,1980,-0.8403175457010299,-0.4925760884496248,0.30847046497552694,0.39744653655953155,1.7316720452323726,2543.5524774161167
199,1990,-0.8955272766330227,-0.7276964737068795,0.15567380877470924,0.39685060879820583,1.7345141036462166,2555.987790458137
200,2000,-0.8500958511708392,-0.660823991293317,0.2043869229641013,0.3962266720017036,1.7374779834383558,2568.8017206660006
201,2010,-0.9673052348932032,-0.789574354719794,0.09076620155917144,0.3954729526002979,1.740475552751618,2581.502182000084
202,2020,-0.8994357191652895,-0.7091773785628053,0.21570548317466876,0.3947773839485689,1.743260837878168,2593.6262840409763
203,2030,-0.8120904145975691,-0.5965709800322554,0.18281570973491565,0.39410311930841957,1.7459232720451645,2605.6656394579913
204,2040,-0.7922998268788239,-0.5971410661133387,0.2026469432806673,0.3933391123274717,1.7484763218903647,2617.864595625084
205,2050,-0.8576223207317204,-0.7040762043646487,0.21377957798312525,0.39251127395700824,1.751142884270554,2629.775392957963
206,2060,-0.8680863560874936,-0.6361158948643595,0.20439535813087087,0.39160642398719037,1.7545195761208223,2641.937525625108
207,2070,-0.8796729908137388,-0.7033690514609843,0.21942033296196242,0.3907950491869429,1.7580587061922397,2653.7406881251372
208,2080,-0.8590009809747494,-0.5848620482968172,0.17718149192995175,0.3897971089866784,1.761401362634265,2665.8157040411606
209,2090,-0.8019726300305345,-0.565382038008124,0.1996036097221776,0.38882898089412377,1.7645626820465508,2678.030172625091
210,2100,-0.883073595895997,-0.6545363114517249,0.18061945667697704,0.3879068567795786,1.7676090481104114,2689.917802875163
211,2110,-0.8966695958609261,-0.6850026961031351,0.15258707707078167,0.38709378460979504,1.7711891563754787,2702.1002162911464
212,2120,-0.8455411626329381,-0.6405454793851757,0.148031903173198,0.38630270759488344,1.7747113641267953,2714.2690531250555
213,2130,-0.8517250990228895,-0.7288166355456431,0.16877193178578062,0.38546157515046753,1.7783918511300012,2726.199199041119
214,2140,-0.8121731517470332,-0.5453698421395572,0.24523596222763125,0.3843609527280485,1.7815157760874702,2738.0761397080496
215,2150,-0.7661655730232209,-0.5062581459653606,0.21267836162843926,0.38320792558309624,1.7844203436855708,2749.726798000047
216,2160,-0.7796778283973023,-0.6350589126527921,0.16135793876942092,0.38213130181023514,1.7870972321343888,2761.749565999955
217,2170,-0.7693475823925091,-0.5389444596053551,0.20470860569125587,0.3813126719676565,1.7902318504501813,2773.9232642911375
218,2180,-0.7538778543567286,-0.495083430732363,0.21758056953356203,0.3804614858896792,1.7931144408608737,2785.8952194161247
219,2190,-0.7450093549138614,-0.6271734810307987,0.09833460898338559,0.37965648029152166,1.7954984322526222,2797.685219750041
220,2200,-0.728150114472621,-0.5925426475751432,0.15375641214383484,0.3787217946359512,1.797566821229026,2809.4564462909475
221,2210,-0.7597765126622518,-0.6510811186007469,0.0716418863082021,0.37777999651992683,1.7998873662877046,2821.2385387499817
222,2220,-0.7069428800922051,-0.5722536206330556,0.1441297809928148,0.37710100189388324,1.8025306094470164,2833.2988924579695
223,2230,-0.6818943003314768,-0.4481326891351126,0.2397348386632692,0.3764379338700994,1.8050765687485641,2845.077412124956
224,2240,-0.7077012495160089,-0.5063776948808696,0.1731761029761568,0.3758641621295288,1.8077561509992661,2856.9471069159918
225,2250,-0.7755933442876026,-0.5912515442207248,0.1623370432175666,0.37548006992012206,1.8105458951906477,2869.0897736251354
226,2260,-0.7381156793584704,-0.5980272325345998,0.13325530794394294,0.3750291653559791,1.8132084835731015,2881.2089931250084
227,2270,-0.7998814598052499,-0.6314344318034067,0.16217446850748118,0.3747826160179643,1.816259330934669,2893.280252708122
228,2280,-0.7970700732853118,-0.6996031365221888,0.0553864547271776,0.37438301097017057,1.8189936782339144,2905.1799548331182
229,2290,-0.816603948191923,-0.6306676913642905,0.15746161374500536,0.3740435263700505,1.8219394209318545,2917.2486730411183
230,2300,-0.6999857248702233,-0.47706855339395676,0.204394300257337,0.37347187838162177,1.8248387743410681,2929.4566112500615
231,2310,-0.7767506569668727,-0.5628279389210038,0.22260604185360378,0.37305086501949464,1.827784524715813,2941.80526095815
232,2320,-0.8494475368741989,-0.5716018936970958,0.18433960177209302,0.37283549729346754,1.8308722158974586,2954.027662791079
233,2330,-0.8246693228608803,-0.6020150439222468,0.2224228758127032,0.3725746161248495,1.8334941492261247,2966.503861250123
234,2340,-0.8017225684000433,-0.7089450836512486,0.12424005981882348,0.3722401472284662,1.8361233669908132,2978.7466675001197
235,2350,-0.7790407471802476,-0.6269355572913043,0.1611025034646599,0.3721620991337978,1.8384994058860686,2990.8094294159673
236,2360,-0.7954758162981719,-0.7000166864777693,0.0898037849106838,0.3720599798976696,1.841102583210828,3002.918647916056
237,2370,-0.8124847529701169,-0.6273422497578501,0.15958099592873112,0.37189986850851203,1.8438622544853354,3014.689460790949
238,2380,-0.833288516232856,-0.6596180915187624,0.19465704551181598,0.3717772149521694,1.8466604164312888,3026.5522916249465
239,2390,-0.8040929607573855,-0.6575713161754931,0.15675927132585613,0.37148664527381114,1.849287819416175,3038.5292488751
240,2400,-0.8883572260646488,-0.7858649551492228,0.0658797761985636,0.37119228443246816,1.8516862310150026,3050.2344029999804
241,2410,-0.8481387822972941,-0.6828536305830799,0.15181081069965674,0.37081961940351843,1.8543515352107875,3062.187325624982
242,2420,-0.9136640619441554,-0.7601031203215717,0.12414049682864278,0.37055568603354117,1.8575059049269012,3074.2990228750277
243,2430,-0.8314745237191552,-0.7220754381675177,0.12378213224898375,0.37024784625357016,1.8603480843250642,3086.021078708116
244,2440,-0.9036342934569044,-0.778347867822056,0.07959581281036184,0.3699770453670502,1.8633074317425449,3097.9382727080956
245,2450,-0.9317794215619735,-0.802809568041674,0.05733965842458184,0.3698443328715708,1.8661678409547129,3109.7784609999508
246,2460,-0.9052188520848787,-0.827136904123839,0.06578152536674642,0.36975088175867843,1.8690573840383877,3121.7957865409553
247,2470,-0.8840297799832451,-0.8254628518535376,0.04414530569698511,0.369807576545478,1.8717357008714566,3133.728160416009
248,2480,-0.8894593355781275,-0.7823348498536508,0.07380870410749263,0.36973930267419547,1.874142498358892,3145.557583207963
249,2490,-0.9191258952086274,-0.7782631170604675,0.0841241868499131,0.36945093715057004,1.876078236954888,3157.4643463750836
250,2500,-0.8969727883587746,-0.7875947644379041,0.06552239439700264,0.3690687663672585,1.8778842811365937,3169.3888191250153
251,2510,-0.887059409326274,-0.7607273877222064,0.14723428990948526,0.36867004319189384,1.8798004130897563,3181.4749845829792
252,2520,-0.8989368614783082,-0.7753382476468826,0.15596176770064815,0.368358857428946,1.8814814770114203,3193.4561117079575
253,2530,-0.8803384213149483,-0.7662928119356606,0.1179158261245631,0.3682444560882243,1.8835031133872684,3205.2956039579585
254,2540,-0.9072960209389773,-0.7559299666436867,0.17379688629761383,0.3680777303815471,1.8854644256911286,3217.3281189161353
255,2550,-0.8796649597475401,-0.6978866834174139,0.17755559438159677,0.3680981142929937,1.8871290849057862,3229.3351080829743
256,2560,-0.9223677737019154,-0.7747296104793717,0.20378918524704187,0.36847340110776206,1.8886236668198697,3241.2832153751515
257,2570,-0.9127222460827822,-0.7724136685535472,0.1297379383339271,0.36888909068241843,1.8903864830129464,3253.331811458105
258,2580,-0.9085500050007926,-0.8198629881862651,0.09151367515167728,0.36933493843659126,1.8918871522387426,3265.084422333166
259,2590,-0.9032159335368419,-0.6670167597267049,0.21397912651968184,0.3695877010336654,1.8933687062955247,3276.9597950000316
260,2600,-0.857622067148383,-0.5908861788171104,0.2150340794920461,0.36997166713766527,1.8947597600021222,3288.697084665997
261,2610,-0.8937030998724742,-0.7980512196392892,0.12377479320687636,0.37045065056515947,1.8963588357921206,3300.506999208126
262,2620,-0.9159366540631222,-0.8176303760540469,0.1385846856792068,0.3708178124547488,1.8978187464720617,3312.565980750136
263,2630,-0.9297006933796528,-0.7702909039579249,0.14093072273703866,0.37121459980483856,1.8992184706026933,3324.4094296661206
264,2640,-0.9027957258138333,-0.7666377456853825,0.17273716577527534,0.37135846010699003,1.9007600181645914,3336.2336241251323
265,2650,-0.94068983832355,-0.8407394987121609,0.10674993364245863,0.37145224647774383,1.9020686251865921,3347.867768291151
266,2660,-0.9027272604997085,-0.6900968730449224,0.24406024068619983,0.3717549360731885,1.9039436909203318,3359.641994124977
267,2670,-0.9142640188793161,-0.5943651447309233,0.2503247876033669,0.37186521346690093,1.9052023524233768,3371.914378625108
268,2680,-0.8775238187431542,-0.7076231965376779,0.24484259060358757,0.37171057394379386,1.906623356163059,3383.524599916069
269,2690,-0.9401277889421884,-0.6532855884070193,0.2710069973326451,0.37161140103842133,1.9083224367121014,3395.381440958008
270,2700,-0.9303970268226616,-0.7674192359719879,0.2066044698467653,0.3714817960679788,1.9101276620571275,3407.310451208148
271,2710,-0.931313116701828,-0.8125322363878844,0.18659408024047958,0.3713644289472821,1.9122333151170359,3419.1469690410886
272,2720,-0.8944988860762182,-0.7277489849538183,0.19522905767934637,0.37150071742837537,1.9149737372214435,3431.1076045411173
273,2730,-0.9086765772871379,-0.611878620386824,0.27283942450657217,0.37158099840344955,1.9177630472657152,3442.8976212081034
274,2740,-0.9171419500163616,-0.7995288213652791,0.15571817879188243,0.37127303102784026,1.9202430534130472,3454.5716711659916
275,2750,-0.9159790694996346,-0.7508240828175334,0.18271474312723035,0.3709952099174572,1.9228278169590916,3466.082228250103
276,2760,-0.9220247826110084,-0.8371772179698554,0.05689376570305426,0.3706531307070858,1.9255670872806345,3477.8025115830824
277,2770,-0.8687978812657446,-0.7437438055145413,0.20416896625587477,0.37023046682532423,1.9279764259497825,3490.0520290001296
278,2780,-0.8944119976353404,-0.8053174282753304,0.1083448155234955,0.36987356107060093,1.9301968133739407,3501.786374458112
279,2790,-0.9092833955121247,-0.8773682325821592,0.022357549803109732,0.36945408088592,1.932094544958832,3513.5750391250476
280,2800,-0.9237691470516758,-0.766112228341012,0.20805380296569484,0.3693044238204473,1.9338952548396542,3525.5123841660097
281,2810,-0.9107368741286717,-0.6768798105401398,0.2598297143417879,0.3689006309709847,1.9354596472156458,3537.559278000146
282,2820,-0.9940282083092375,-0.8588606257179329,0.22803670142856877,0.3687438633581895,1.9370947034626866,3549.685882416088
283,2830,-0.9563480021799728,-0.7553487138099133,0.18571959831750467,0.3686255551148219,1.938333648868726,3561.754088875139
284,2840,-0.948045556918264,-0.7988959589530894,0.20138892145283624,0.3686788024796962,1.9403832259391187,3574.0811015411746
285,2850,-0.968183917498826,-0.6368512141634176,0.27797077613355975,0.36877538013063443,1.9421133250607336,3586.0388665411156
286,2860,-0.9409848755937569,-0.7210942529796054,0.21794539571324648,0.36908937524455937,1.943971408181416,3598.1442909580655
287,2870,-0.9544677061743299,-0.7545568580140928,0.23970772709100055,0.36905924646278004,1.9457890153915713,3610.5247401250526
288,2880,-0.9575675394785046,-0.8636016706851958,0.06847624678015798,0.3692267463726847,1.9476608199503023,3622.5942952081095
289,2890,-0.9753639624364574,-0.8340510783373307,0.12087259426099425,0.3695163840750249,1.9492156169480537,3634.4320805000607
290,2900,-0.9586718540489718,-0.858826304878464,0.1743332560430043,0.36999367134993927,1.9512000556830364,3646.3238711250015
291,2910,-0.9782665972767175,-0.7709650996926877,0.12928772085567963,0.37068408917580387,1.9529075640737004,3658.1311059580185
292,2920,-0.9899983396638028,-0.8115691994687552,0.1397568397772252,0.37156295687552093,1.9547154747534334,3670.3265241661575
293,2930,-0.9710246928536748,-0.834267962353455,0.08294268823025511,0.3723030976065231,1.956469653883075,3682.2173230410554
294,2940,-0.9725088771983472,-0.827757317598633,0.1704892672462534,0.3731049857966415,1.9579735856392182,3694.2891811660957
295,2950,-0.9410304588564831,-0.842032152914074,0.16811240221064616,0.3738393697122605,1.959606848715423,3706.3045914999675
296,2960,-0.9448167909667706,-0.6025790340848182,0.30309285079354487,0.37439398264277596,1.9611088473295581,3718.62945091608
297,2970,-0.9741286325164253,-0.7752131354341446,0.18836779258560477,0.3746890656337223,1.9627121244651096,3731.7707206250634
298,2980,-0.9230974506988217,-0.6908043361671997,0.23654817996327465,0.3751105558512713,1.964259719636305,3743.6922849579714
299,2990,-0.9462405609926545,-0.7893374237511926,0.18443587697045122,0.3756294691407289,1.9657146633539637,3755.6619053750765
300,3000,-0.9266255274925328,-0.670735832391842,0.22692245891806287,0.3763454461763001,1.9675760025183537,3767.7257388751023
301,3010,-0.9472464757978445,-0.800998584428438,0.17568503940434174,0.3768986495974842,1.9691423785742554,3779.7227909159847
302,3020,-0.9590406575751551,-0.8494193818740896,0.08833707748300061,0.3774596426774057,1.970710013481778,3791.924473250052
303,3030,-0.9510961375075331,-0.7627719516460051,0.18720421097360512,0.37765036543104213,1.9720757095701988,3804.143316208152
304,3040,-0.9265365939120329,-0.7311014574368638,0.1829928366691689,0.37757976840823737,1.9733569778230717,3816.262559833005
305,3050,-0.9397368791908001,-0.7988902935416635,0.15768909341569817,0.3776114082647646,1.974954443873146,3828.4021365409717
306,3060,-0.9465701415751395,-0.8570820496984733,0.05043570032713825,0.37768197936465775,1.9765795531829857,3840.3701003331225
307,3070,-0.9311412303671203,-0.6071525805650989,0.2498539202644277,0.3776215034367278,1.978129416825533,3852.6274301251397
308,3080,-0.8975597760084915,-0.6961954694339424,0.18329359849391674,0.3773329994864188,1.9799463344219306,3864.784341541119
309,3090,-0.9042926621986958,-0.750540721107214,0.16439196580863946,0.37720598979540526,1.9816926480364625,3876.9668853329495
310,3100,-0.9358930697160028,-0.7809872767935261,0.1849574778945348,0.3770020099970163,1.983675994122445,3889.0272853330243
311,3110,-0.9100258542351725,-0.6714009840322456,0.1980393949370005,0.376641950453131,1.9854322430623292,3901.2326839161105
312,3120,-0.9421017692331501,-0.7701716677214939,0.15220221164711056,0.3761520252241383,1.987040027895328,3913.4297308330424
313,3130,-0.9213259221622456,-0.7745171986725128,0.24641204569110223,0.37582691289981135,1.9888257892118428,3925.4337650830857
314,3140,-0.983555550081868,-0.7806585648357031,0.2548910230370665,0.37544827920637724,1.990459317105172,3937.613115833141
315,3150,-0.9482823703078864,-0.8773479636710695,0.07998463097182953,0.37505797112860206,1.991884540314985,3949.670922582969
316,3160,-0.928242340237178,-0.8172082726164668,0.06106206243865455,0.37491138994152073,1.993558963049506,3961.801590790972
317,3170,-0.9876609719122262,-0.8697078291747236,0.08449672663738297,0.37472208616258246,1.9949411577735403,3974.0265587910544
318,3180,-0.986463297861981,-0.8795777834699161,0.07122883997781124,0.3745062736108456,1.9967582325933968,3986.063945833128
319,3190,-0.9730713606238686,-0.8664773679613923,0.07677831868471173,0.3740867204071267,1.9977942578514378,3998.3169689581264
320,3200,-0.9515330650568794,-0.7751748977158636,0.23437031447268808,0.37372286402797894,1.9991748219845473,4010.145652166102
321,3210,-0.9715543073414032,-0.8381878453226023,0.09461749287396432,0.37359548937250175,2.0005969249392024,4022.5528812080156
322,3220,-1.0173506449495315,-0.887827959050048,0.09261612279786369,0.3735021427954148,2.0019121338068224,4034.6914842501283
323,3230,-1.0068727319591986,-0.9113786664371559,0.06897348324049543,0.3737018490821819,2.0036454796279317,4046.617577541154
324,3240,-0.984741527233048,-0.9008023468417944,0.06732546658146224,0.3740831256065483,2.005163841781491,4058.671476666117
325,3250,-0.9963680903065386,-0.9209069810562613,0.055323079046077805,0.3741097381599349,2.0065325271066343,4070.8220015831757
326,3260,-1.0320081625501052,-0.9497037750985875,0.05959645428925934,0.37390483515102335,2.007710810823061,4082.835483458126
327,3270,-1.01417738372459,-0.814194323602188,0.22506509942392197,0.3734161632481765,2.008996768437454,4095.0320852079894
328,3280,-1.005414300689436,-0.9457200820860269,0.04825751773629711,0.3730101066406854,2.010366741079903,4107.021863625152
329,3290,-1.0282200467940408,-0.8389084993107436,0.2640450055932874,0.37259692331038363,2.0119486580007293,4119.042420041049
330,3300,-1.0449755966746395,-0.8611747283295965,0.2521611752807606,0.372153513987021,2.0136176143872886,4131.039511708077
331,3310,-1.018623020121681,-0.8930910587248441,0.18240647547783032,0.37180414829891556,2.0150203711818317,4143.251400707988
332,3320,-1.0247830699661726,-0.9615802259825028,0.042832806355129066,0.37148669534015827,2.0166323600300857,4155.386578083038
333,3330,-1.0486375119757625,-0.9538679713035233,0.10147148563498522,0.3711726133083814,2.0181206121254966,4167.8955013749655
334,3340,-1.0844816385036724,-0.8671686604776635,0.205751359286552,0.370957694458185,2.0195945641609874,4180.021454415983
335,3350,-1.0507023280273113,-0.9001666188803761,0.2346487381119617,0.37052990723563717,2.021147326421616,4191.946474166121
336,3360,-0.9886927809197514,-0.8802024313695735,0.11437189455169884,0.3699531556548291,2.0224932383399543,4204.300754333148
337,3370,-1.0616296168255586,-0.9896349439490464,0.03894735223447785,0.36941798383700164,2.023701399071712,4216.347518416122
338,3380,-1.0010595832856497,-0.9013407744657289,0.10509514985325868,0.36901193182196396,2.025114216500999,4228.289535291027
339,3390,-1.0462872203928972,-0.9260646564341997,0.14227320163857748,0.36858696126138046,2.026585505671048,4240.257044291124
340,3400,-1.034642143795062,-0.8536648838010997,0.23509436303401363,0.3682686991004979,2.027883964517822,4252.218015125021
341,3410,-1.071969773754451,-0.956447559573283,0.09024352012322612,0.36791254838409304,2.0290784521808463,4264.638271416072
342,3420,-0.9976428148276861,-0.8338167729841193,0.17738830199154346,0.36747524881800425,2.0301410755976397,4276.71153091616
343,3430,-1.065183492903941,-0.9165174133050499,0.12416844787812077,0.3671262591565966,2.0312812893050984,4288.524802458007
344,3440,-1.0611021055022745,-0.7680042765664408,0.25821863931127187,0.3664208319361264,2.032438359195457,4300.64976487495
345,3450,-1.1026783925137709,-0.9492494930958681,0.17142466039025644,0.365761337881494,2.033502721106727,4312.49287820817
346,3460,-0.9944925632735728,-0.8496508573739486,0.10406488175475073,0.3651110367629439,2.034729502804601,4324.687044666149
347,3470,-1.0557781466334015,-0.8309974778093409,0.19951872211944524,0.3645638872934046,2.0355360205534336,4336.417403000174
348,3480,-1.0190271926860923,-0.8668605214616816,0.18238420678178002,0.36432654512137425,2.0371618751575586,4348.2240303331055
349,3490,-0.9773638874226718,-0.8518723634728795,0.14105209632354104,0.36427720672431263,2.039061391671135,4360.040843208088
350,3500,-1.0190192522854966,-0.9126067526357563,0.1613739072379644,0.36452484135975594,2.04070567226535,4371.9154478330165
351,3510,-1.0378797543044627,-0.7659604672521763,0.16342823070715118,0.3646400796089455,2.0425397506750786,4383.960506665986
352,3520,-1.040064807398621,-0.8648020842715596,0.16431825428643335,0.3646752684004405,2.044052671076513,4395.927405750146
353,3530,-0.9914998047710837,-0.8248376202756648,0.17360905177500777,0.3649749817294195,2.045276972649463,4408.206556958146
354,3540,-1.0011579910688218,-0.8467451795406875,0.19642410704783672,0.3653694487865972,2.046887501846287,4420.450964875054
355,3550,-1.0323481374977543,-0.8701046648825237,0.16384037673861745,0.3657524404732803,2.0485020868311357,4432.473037416115
356,3560,-1.050713424937098,-0.995876384364814,0.0317743005045962,0.3663551626842371,2.0500669334199393,4444.776909083128
357,3570,-1.1206120386350564,-0.9434405639621005,0.15308713191266093,0.3668803659996785,2.0515275924772745,4456.838311375119
358,3580,-1.0085515597907477,-0.9116114437192391,0.18116202879281984,0.36763217485349053,2.053132399602621,4468.731362333056
359,3590,-1.053730282519676,-0.9983956745385345,0.039183395178334884,0.36840879279023764,2.054687389767563,4480.699755208101
360,3600,-1.057366265392747,-0.9570902787030363,0.12646807283078712,0.36899790277104805,2.056039991353333,4492.8103838330135
361,3610,-1.0835308198024256,-0.9518070068841127,0.12269343300350903,0.36958931737546474,2.0579728122062093,4505.146924915956
362,3620,-1.0344759247958617,-0.8698815697902263,0.15378280149781015,0.3703287217794891,2.059552696680585,4517.079312750138
363,3630,-1.0869772787652563,-0.9575520463261931,0.10951380277395797,0.3709158752469423,2.0612004210387895,4528.9829428330995
364,3640,-1.069796688238414,-0.9218836507484373,0.17746863583735548,0.37151935216010357,2.063399769765279,4541.083007415989
365,3650,-1.035524710515146,-0.9362362645233514,0.08689769370571228,0.37201883301950534,2.065054133602693,4553.065300583141
366,3660,-1.0555616182035692,-0.9831002099169488,0.06486694074682059,0.3722974095036552,2.0666718081507223,4565.293271500152
367,3670,-1.0666579546793509,-0.9228749447765814,0.1394687242533887,0.37239427147841514,2.068444691455919,4577.792212374974
368,3680,-1.0465019638234443,-0.8216422476685004,0.25430039537519716,0.3725621728944292,2.0699905721116063,4590.044262708165
369,3690,-1.0618609161104153,-0.8284613412481686,0.22238703364411905,0.372727564234669,2.0714987331586956,4602.16656537517
370,3700,-1.0862433474154765,-1.0095392811372919,0.05871544659674131,0.3728920408136351,2.0732234232248548,4614.274566082982
371,3710,-1.0362580591878858,-0.7604194632268733,0.3195148097733744,0.3731714002409853,2.07476430267332,4626.779429333052
372,3720,-1.060225277862762,-0.8689007453143812,0.21778765496487165,0.3734143006473434,2.07630855399989,4638.947122415993
373,3730,-1.0760745659760316,-0.9355649852731454,0.25224941690110797,0.3738332026763063,2.077884579538667,4651.038009666139
374,3740,-1.0669204469096272,-1.0023344371428542,0.051007777627819606,0.3739434277382451,2.079309179930224,4662.872932250146
375,3750,-1.0915263571406477,-1.0338093633476733,0.04518064608291359,0.37378867115199854,2.080852563184021,4674.935601375066
376,3760,-1.0975077478157207,-0.8957748071873745,0.23676894262275072,0.3732895553336652,2.0824797153837444,4687.19325816608
377,3770,-1.0895625683852872,-0.9013578257483335,0.251067158403741,0.37293946009167606,2.083925509083482,4699.285259915981
378,3780,-1.0796100425292057,-0.9468639929838709,0.20445327708288366,0.3726542434147689,2.0855445428843877,4711.47400425002
379,3790,-1.085305481617719,-0.9068361951002082,0.22051189302360102,0.3722972755621556,2.0871021784171004,4723.814439665992
380,3800,-1.060248067051381,-0.9870190208177148,0.06702452440831393,0.3716679547468614,2.0886029364547363,4735.741275000153
381,3810,-1.0544187294034453,-0.990305784500239,0.038155879834214236,0.3707615033067814,2.0899311111998644,4748.123554750113
382,3820,-1.1199621969021196,-0.9463770697880856,0.1932404034405124,0.36980946840205753,2.0911865819768956,4760.265422041062
383,3830,-1.080672040412197,-0.921777177085955,0.23706128742213797,0.3691317672135802,2.092350756151669,4772.638098833151
384,3840,-1.111448844019102,-0.8522331971098736,0.2709120010677475,0.3684227907293327,2.0935411623702294,4784.734228583053
385,3850,-1.0595986383777118,-0.9119885423596976,0.18957778629491956,0.36787882243621306,2.09502226654415,4796.8021576660685
386,3860,-1.0826884232119163,-0.8774801582836123,0.24783825822081842,0.36720860086604423,2.0965268310517455,4809.242814500118
387,3870,-1.0602836463039296,-0.960440505768817,0.06497464964823513,0.36651080131591574,2.097958736421538,4821.5516917500645
388,3880,-1.0193823092573728,-0.6976606796800304,0.2568470408230763,0.3656996313028379,2.099459799071278,4833.971093583154
389,3890,-1.1175461058376044,-0.9560205833772507,0.204953104035886,0.3647632558398463,2.10140473399047,4846.1665655830875
390,3900,-1.1036837389927108,-0.8950793473114504,0.27106137318137397,0.3637488597174939,2.1030473585540284,4858.157542875037
391,3910,-1.0974077058978446,-0.8868458625953408,0.28379727611580374,0.36266014169241606,2.1045747562758943,4870.54909812496
392,3920,-1.093621994848549,-0.8563635694243501,0.2475942843611389,0.3615677812677015,2.1061520218125334,4882.538962416118
393,3930,-1.135395538174767,-0.9436640248238266,0.2242419397183143,0.3604789851362598,2.107764250248056,4894.609130915953
394,3940,-1.1117938808738739,-0.8794125792345794,0.20769101104206034,0.3597158116881935,2.1089971821535336,4906.615002708044
395,3950,-1.0967700947584236,-0.85073474125746,0.32439804578677833,0.3590378260249447,2.1100780995165294,4918.7914438750595
396,3960,-1.0613227230412168,-0.9105928485250793,0.15150984283300126,0.3584367657278023,2.1112105655548223,4931.185820083134
397,3970,-1.1349642580419035,-0.9264128470732927,0.213416557776635,0.35791357451757416,2.112262737754772,4943.171199125005
398,3980,-1.1175180188203981,-0.9482107332634861,0.2539067088171601,0.35764672787285917,2.113888627782754,4955.269134124974
399,3990,-1.1163485449517134,-1.0439142295057267,0.06626150510032806,0.35733993586545626,2.1151265152817005,4967.32335083303
400,4000,-1.135843597104409,-0.9081798885466487,0.24488187517086954,0.3570421784782757,2.116304489223053,4979.461686166003
401,4010,-1.1146888611278767,-0.8089080019854343,0.3390247955598401,0.3566596039670911,2.117440289381157,4992.02950241603
402,4020,-1.100086057098559,-0.860014290498912,0.24775246057104816,0.35642686066701956,2.1189783017081116,5004.295714083128
403,4030,-1.1258510482326027,-1.0473732195832481,0.03464724014665994,0.35597327534904954,2.12025789321538,5016.44050641614
404,4040,-1.1117946335453466,-0.879382521357089,0.30087783315132427,0.35552247109862356,2.1216972500350275,5028.78695541597
405,4050,-1.0852530242704068,-0.8177657463125441,0.2688446584303416,0.3551923191280941,2.1230017521549795,5041.183399333153
406,4060,-1.0696395516561834,-0.7059385367798549,0.33349418230918315,0.35466478882085706,2.124333998889236,5053.447166083148
407,4070,-1.0675950463621868,-0.7339435570804899,0.34442450651418244,0.3542299715468116,2.1257513117671194,5065.689191291109
408,4080,-1.067297055847968,-0.9833122234321303,0.0721447615323582,0.3536677398712706,2.1270301193212173,5077.83125645807
409,4090,-1.0817130312996133,-0.80694544515642,0.24857772265487105,0.35321167515428037,2.128443278838461,5090.029253832996
410,4100,-1.0830248880492581,-0.8593830238187656,0.3019629671437272,0.3526844797608595,2.1297440947774464,5102.335118707968
411,4110,-1.1123461487887534,-0.9565134673936433,0.25709013084128984,0.35222115938996224,2.1308626386179714,5114.445636208169
412,4120,-1.0535569434155123,-0.9116441109418336,0.2576980610394361,0.3516648679602874,2.132336620062846,5126.763703875011
413,4130,-1.110191619983044,-0.8494931903252777,0.29232838550375945,0.351320710822207,2.1337529466293725,5138.957817041082
414,4140,-1.122703948063167,-1.0109960943899925,0.09320394664879039,0.35104928140685815,2.13507526718319,5150.943801500136
415,4150,-0.9754854293101438,-0.5939237114892141,0.3012141797117749,0.3506284615569698,2.1362025219216227,5163.4791843751445
416,4160,-1.0847833381285685,-0.7526698805853699,0.29381755971010676,0.350487853210955,2.1370071927427694,5175.76631958317
417,4170,-1.0760373904021634,-0.9178465426817433,0.17247424701477762,0.35049274648874235,2.1381439687574293,5187.600527707953
418,4180,-1.1358461197402256,-0.7831888134508743,0.3587014170878163,0.35053044079475437,2.1393326208386516,5199.764315250097
419,4190,-1.0845568110043589,-0.8873599260264202,0.2681261386340662,0.35049767770694557,2.140533264213473,5211.940726041095
420,4200,-1.0917628522682872,-0.8715906769681784,0.20936492403218332,0.3503549011809699,2.141648055298699,5224.52854166599
421,4210,-1.0916851147983442,-0.957686842523654,0.08981837480396723,0.3502124805616489,2.1427041643869775,5236.672602666076
422,4220,-1.1475078929475098,-0.898807898055793,0.20718142478556678,0.3499543026961472,2.143663354453718,5248.776645458071
423,4230,-1.0883393468474454,-0.927178467239977,0.16816535542712283,0.34969409794021517,2.144485861483013,5260.816327749984
424,4240,-1.0856256320507605,-0.9066890712395947,0.1344489181391039,0.3494798359396283,2.1453592783920836,5272.888475625077
425,4250,-1.0589332292053317,-0.8981645010176127,0.12407573222676363,0.34917031412692223,2.1463464069306823,5284.916480291169
426,4260,-1.0395115841625708,-0.805548424345532,0.26471998722507945,0.3489023752222244,2.147249461441209,5296.938197666081
427,4270,-1.1359415300474422,-0.9860497248419708,0.07439381773203005,0.3486473407999254,2.1482519114347562,5308.808425416006
428,4280,-1.1142005015857848,-0.9573715660996905,0.16721871752186174,0.3481983054312383,2.1490281047260282,5320.905649708118
429,4290,-1.1058901357422535,-0.8996537245066019,0.1212710906784354,0.3478085178628989,2.150070510192231,5332.920014125062
430,4300,-1.0709467878720575,-0.829916292208274,0.2724372668084418,0.3475194948312955,2.151480739027512,5345.132522291038
431,4310,-1.1019835228194559,-0.842555973292938,0.255028107004526,0.3473654862646214,2.1533911075006005,5357.251603957964
432,4320,-1.112421750849327,-0.9731757671708634,0.17319949490480002,0.3472577764094184,2.1552543409365237,5369.716264541028
433,4330,-1.0792035383320968,-0.8550114558625544,0.18336345373429389,0.347241081541599,2.156911491377912,5381.738657166017
434,4340,-1.1048220317009347,-0.8275120738376686,0.28394164793241855,0.3471259613891112,2.158515184984605,5393.668067125138
435,4350,-1.0976551434092414,-0.7903563367495221,0.29629624364976037,0.34706734112576676,2.1598724860540397,5406.081235916121
436,4360,-1.1422280978277843,-0.9482715260288426,0.13421818739768682,0.3471122635871363,2.1613251451089277,5417.995279290946
437,4370,-1.10754878116279,-0.9911355218355304,0.10746041500151048,0.34726080964428757,2.162673607774295,5429.901898791082
438,4380,-1.101576352958487,-0.9170573069983426,0.19408995291871028,0.3474468942959295,2.163782069145436,5441.8072125001345
439,4390,-1.1091624111916376,-0.9631973549932912,0.13475289197307694,0.347743188865301,2.165250300732916,5453.651005416177
440,4400,-1.0761992260571285,-0.8909985466151052,0.12451785552150786,0.34820299362356366,2.1664665923509654,5465.855064332951
441,4410,-1.0864907935952015,-0.8140241016827776,0.3187340074591347,0.34835142375263056,2.167758777839544,5478.0403003750835
442,4420,-1.0907215326355715,-0.9015993580332836,0.14234356266567352,0.3486010199066958,2.1688964149456855,5490.08810045803
443,4430,-1.0598031477181582,-0.7553174644204935,0.25664364548228497,0.34883678712837624,2.1700795510781785,5502.298225958133
444,4440,-1.1061101323212439,-0.9553311929888139,0.13071796722595666,0.34905999938019794,2.17107359042464,5514.246615750017
445,4450,-1.1087125070696988,-0.9943496416954535,0.13329854800240196,0.3490243894720122,2.172256444314821,5526.666962665971
446,4460,-1.0531590706915255,-0.8338719545555303,0.15400493314982786,0.3488964660643965,2.1737099141095215,5538.674809125019
447,4470,-1.037608601883047,-0.9063159910971285,0.21070489264162034,0.3489590352707568,2.1750442176778653,5550.865597583121
448,4480,-1.0828210926262392,-0.9195351592663833,0.21868680270531154,0.349118670135414,2.176582428356229,5562.873482375173
449,4490,-1.0908163930054195,-0.8986291933042672,0.1657126205659879,0.34933800928531944,2.1781092222745704,5574.816392291104
450,4500,-1.0926197452155595,-0.9544275387743536,0.14540363250818455,0.34916255172362254,2.1795918453733574,5586.985489750048
451,4510,-1.101032206197866,-0.9326094475078606,0.2370407204370358,0.34893141096748553,2.180836431311445,5599.008293458028
452,4520,-1.0703980308426235,-0.9313565959207267,0.10819983800242916,0.34875282378317335,2.1823083678245885,5611.264253458008
453,4530,-1.1227528193158962,-0.9069657291703294,0.22281478660694642,0.3487867010104956,2.183721460302615,5623.300647416152
454,4540,-1.1012054957037307,-0.9994174051301521,0.0941606240768173,0.3488913174797556,2.1848982246147735,5635.158026625169
455,4550,-1.1455497506120844,-0.9421493808531517,0.19763174177806733,0.3488781790294965,2.1859640386023673,5647.489954166114
456,4560,-1.1138185567580932,-1.0469576254310908,0.061240550085465646,0.34894437986483035,2.1870825825619975,5659.463466666173
457,4570,-1.0920279001362614,-0.9956954248849795,0.10322890715695139,0.34873143559909164,2.1880545219469947,5671.728207082953
458,4580,-1.1181007997407102,-1.0181798969681402,0.06377835142335551,0.34879631813450396,2.1889980430846467,5683.817518958123
459,4590,-1.0869416984340576,-0.9955271610876896,0.1172179305009483,0.34871407065926985,2.1897328045858506,5695.728053916013
460,4600,-1.0989100560110012,-0.9635652379152724,0.17597641696587954,0.3486556685260362,2.1908480860291197,5708.500825083116
461,4610,-1.124896540949747,-0.929850350081837,0.18618437448977584,0.34874275754517053,2.191771095810093,5723.958822000073
462,4620,-1.1056576563538814,-1.0209195953162564,0.07062746576941259,0.3487722495585496,2.1927281768337683,5739.690749708097
463,4630,-1.1343216947137904,-0.9637127745348536,0.20991416599314403,0.348734947543166,2.1936519400321624,5753.784360083053
464,4640,-1.142520063149175,-0.9635698246808788,0.16273773779313372,0.34874045900564465,2.19468654537766,5767.81493333308
465,4650,-1.1836501459357764,-0.9806009019521585,0.2761261463060413,0.3490597075657135,2.1958918964234333,5781.729491000064
466,4660,-1.1070254037327754,-1.0091456682037627,0.09589512072827092,0.3493937137299806,2.197213574029867,5795.700496457983
467,4670,-1.1539351586804596,-0.9964759664955303,0.19516325255756597,0.34979825376938095,2.1986970239947707,5809.4105239580385
468,4680,-1.1365852479682985,-1.0209838597652925,0.0960178619786035,0.35023755270235757,2.1999679171777693,5823.376754625002
469,4690,-1.0815890055147825,-0.917066604970878,0.1623119208744323,0.3503790728219265,2.2015677799981686,5837.33856875007
470,4700,-1.098893071452804,-0.9626645814720604,0.15109977556538612,0.35051136862611,2.203532579512478,5851.077755250037
471,4710,-1.1142333046444381,-0.8907549387815351,0.23926247564465625,0.3506866453526587,2.205499405233325,5865.024892874993
472,4720,-1.0851267846186436,-0.9722520784294598,0.1012477599512256,0.35085400955911605,2.2072940564699257,5878.565867416095
473,4730,-1.153774071090103,-1.0168201196002884,0.06856285723838573,0.35094581512076356,2.209412160907955,5892.218666250119
474,4740,-1.0924537606490583,-1.005285319792198,0.04948070991676641,0.35118879419274424,2.211628013850989,5905.850722375093
475,4750,-1.126911614406736,-1.0002865259209326,0.12298387125223505,0.3512748001122232,2.2137362195719716,5920.138628750108
476,4760,-1.116574692238359,-0.9996241609764219,0.11750114230495352,0.3513200853186884,2.215756834956692,5934.124778416008
477,4770,-1.1797925434752878,-1.0722692296790526,0.06758190090005593,0.35124411760871405,2.217652724579432,5948.073263208149
478,4780,-1.1492375924039369,-1.0516030783131178,0.09770042703892765,0.35087674498746285,2.219555843706782,5962.35895504104
479,4790,-1.1646178042344104,-0.9195464250559908,0.31398835506573025,0.3505674572180619,2.221305876912045,5976.902149541071
480,4800,-1.1606634044867343,-0.9139304070596719,0.2105279618363655,0.3503773285412215,2.2227995503937237,5990.96760766604
481,4810,-1.160197045974943,-0.9509521937053265,0.2114333907632916,0.35005358945167464,2.2241865514173003,6004.574915125035
482,4820,-1.1468850613121822,-0.8642526306287511,0.32170430063003547,0.3496308575588315,2.2255650254588315,6018.546136707999
483,4830,-1.1232434269739606,-0.8414605384773516,0.2644146115276446,0.3491108107475391,2.226890350251343,6032.167787333019
484,4840,-1.1240022079438594,-0.910663241351887,0.22027242376115397,0.3485511689403846,2.228175895073537,6045.908184291096
485,4850,-1.1087474202614986,-0.8375165485092715,0.31520629280450974,0.3479842782776957,2.229338827841202,6060.193566250149
486,4860,-1.11363013500464,-1.027209465272554,0.08797675228659184,0.34757972566016376,2.2303696208173256,6074.04337650002
487,4870,-1.1392421422657906,-1.0072613292768313,0.16818536446966525,0.3471368196008519,2.2315153024015753,6087.72472687508
488,4880,-1.1321050373805877,-0.97913439573618,0.16503114086052612,0.34665445766370856,2.2324127361462547,6101.376384000061
489,4890,-1.1255391608229637,-0.9481478720566721,0.16721943682410723,0.3461331688890708,2.233297773796382,6114.8654408331495
490,4900,-1.1334266005800968,-0.9521433135949119,0.1747123689484185,0.34557095501660395,2.2343248500112547,6128.743978375103
491,4910,-1.105753557042994,-0.9833697677829332,0.16728681023873943,0.3449335516572759,2.2354418078133347,6142.654186208034
492,4920,-1.1494266535477475,-0.9535883078191716,0.23972391540341972,0.34421546575010137,2.2362698806144086,6156.450186708011
493,4930,-1.1473538814292938,-1.027208292474413,0.12110130545328357,0.3437514883458287,2.2372141124225022,6170.16438966617
494,4940,-1.083077432851435,-0.8724747439378419,0.2113445022033898,0.34314952056037956,2.2380806073391857,6183.915088541107
495,4950,-1.151733327386662,-0.99108176143574,0.21151410557490852,0.3425885065842861,2.23883293552753,6197.692748583155
496,4960,-1.1651096197144266,-0.9915050011866334,0.1549030699819129,0.3421473521075856,2.2399565186426,6211.595690833172
497,4970,-1.1265712864753894,-0.9506146486533193,0.22027021329840257,0.3420086677290623,2.2408889216998995,6225.02724712505
498,4980,-1.1449729983102452,-0.9977822142774873,0.13382468160997543,0.34188663334612845,2.2416645126732555,6238.841296000173
499,4990,-1.1226062133366073,-1.0119676485083005,0.11130691323613036,0.3416150735271597,2.2420742954704096,6252.510914208135
500,5000,-1.0992287228507518,-0.9518024911397193,0.1663030827195677,0.3413572778599813,2.242643491003852,6266.4314755001105
501,5010,-1.1547476871010653,-0.9936485683040331,0.1604752559212142,0.3412466756144294,2.2431463792818422,6280.211599500151
502,5020,-1.1555544617836349,-1.0996452193002997,0.035473275826694094,0.3412630398694054,2.2434975939332786,6294.147765083006
503,5030,-1.184432559800375,-1.053786857952359,0.13253723824853894,0.34129802532351455,2.2441190862451093,6307.963815916097
504,5040,-1.1382000781717174,-0.949313783893683,0.20668529798729118,0.3412115332817306,2.2444958008313507,6321.661411083071
505,5050,-1.1101328440381062,-0.9642535079167832,0.19831078759186765,0.3409312539472827,2.245170378801832,6335.266694874968
506,5060,-1.1563484739525913,-1.0309523132250278,0.10445596389804325,0.34064011475089734,2.2454574244591825,6348.995436833007
507,5070,-1.1923455497141733,-1.1122349293785085,0.04694566484443477,0.3402986036280667,2.2460538245786106,6362.860523166135
508,5080,-1.1612866293346285,-0.9790020108045739,0.19914875531660017,0.34024488606985853,2.2465339697898217,6376.975184750045
509,5090,-1.1459476915228146,-0.8765678911397338,0.2958435565748612,0.3402300229687563,2.2467097942792456,6391.283379041124
510,5100,-1.1323422676791708,-0.893653627327696,0.24846865349087632,0.34018651852401127,2.2468240293263713,6404.888006250141
511,5110,-1.1586743948404594,-0.92595354829288,0.2119127754373282,0.3399254183646345,2.24701805377106,6418.747132541146
512,5120,-1.1715252221733552,-0.8671373813825681,0.27971934161446504,0.33966471286507777,2.2471417185320965,6432.651361790951
513,5130,-1.1331603880624943,-0.8770013148556824,0.24537771513614384,0.33939428918575676,2.2477219899437557,6446.314811125165
514,5140,-1.1150689491577168,-0.8848074508248802,0.2501408247472324,0.33913856770841416,2.248035593717307,6460.137685582973
515,5150,-1.1530276831420814,-0.8530692502662542,0.3025653780745358,0.3388185129627984,2.2482288156606223,6474.011657083174
516,5160,-1.1604837175011191,-0.9516674275368533,0.2170119867655306,0.33863262033423386,2.2486515373492773,6488.170113750035
517,5170,-1.1890561503094315,-0.8833549346621679,0.17696011935197725,0.3385292764321144,2.2493536213252376,6501.9783387910575
518,5180,-1.1819851344609615,-0.917476963844871,0.20858530793211127,0.33851105053012376,2.249785382055477,6515.7084578750655
519,5190,-1.1566941776287605,-0.7152826037482759,0.3459904178063284,0.3384365751598209,2.250666903103158,6529.7264602500945
520,5200,-1.189703017928065,-0.886179530560742,0.24161761181498892,0.3385046138599663,2.2513937644856297,6543.4769501660485
521,5210,-1.1355953205364324,-0.883469489416318,0.349794981570727,0.338591890031259,2.252007812159723,6557.02100437507
522,5220,-1.1345883041105456,-0.8109909680863481,0.372977272189958,0.3386701884439032,2.2529120536362908,6571.333537250059
523,5230,-1.141937841841333,-0.9849932099967631,0.13247505219989114,0.33854092589361007,2.253573328015925,6585.296502165962
524,5240,-1.150225941497272,-0.9343255180519069,0.34580423453650533,0.33828542102848724,2.2543143424526293,6599.243909875164
525,5250,-1.2063377608040176,-1.0077788160211951,0.23942096374473673,0.3379519013607847,2.2554140924288912,6613.014186250046
526,5260,-1.235064854054695,-0.9890580422930885,0.2744971965334885,0.33774153259461276,2.256455262625532,6626.868605458178
527,5270,-1.10852221744452,-0.9658592022269283,0.1911164721827002,0.3376479537216456,2.257525016647927,6640.600141541101
528,5280,-1.16756910728673,-1.0176161841994449,0.11257288909081876,0.33752496499069184,2.2583936740114963,6654.888624500018
529,5290,-1.1410054188196659,-0.9902857216257669,0.17398314807603343,0.3372598450447435,2.259502312021967,6668.643070208142
530,5300,-1.0940816444076367,-0.9406931009287038,0.17109604231884373,0.3369958391445534,2.260592637236666,6682.498616791097
531,5310,-1.1676658621571514,-0.9961731592917147,0.127488588748308,0.33668683693925644,2.2614615223711185,6696.1006430829875
532,5320,-1.165211339913104,-0.9831518916844011,0.18500462437067974,0.3363319346402098,2.262274311791536,6709.737349375151
533,5330,-1.1837845058523913,-0.9380656469373541,0.2745988279275955,0.33599591685523184,2.2629624379354176,6723.42971562501
534,5340,-1.118958559530694,-0.8614657268738526,0.22777823616402382,0.3358725173589461,2.263706358786306,6737.381254832959
535,5350,-1.1212325494771784,-0.9735034106332474,0.1722916729205841,0.33556286968874366,2.2647642490337363,6751.247063625138
536,5360,-1.1377101231833597,-0.8188559507277781,0.3323082226731488,0.33517104065399256,2.2651897094364664,6765.248606625013
537,5370,-1.1451077674776267,-0.8576127977794219,0.24776766659027333,0.33480155398192085,2.2655704961825673,6779.115684750024
538,5380,-1.2102783015165306,-0.946317504804461,0.28784915046576065,0.33436319154666533,2.2661029250560394,6792.918244125089
539,5390,-1.1930876025917136,-0.9337903980694723,0.26166895105718996,0.3341731182920979,2.2665202180006565,6806.741215290967
540,5400,-1.1655798777247002,-0.9920792203594075,0.21989080007322195,0.3339380541137713,2.2666685084723066,6820.446319000097
541,5410,-1.1572106400923854,-0.9063745588611759,0.2845250886215056,0.33373714560055556,2.2670536145008047,6834.29325950006
542,5420,-1.1158895664017718,-0.9969865682440242,0.09858050785633486,0.33355926804438596,2.267376988987185,6848.261962332996
543,5430,-1.1948104182040895,-1.020944250242647,0.14147670852189528,0.33342804191930786,2.2677981384662287,6862.265050583053
544,5440,-1.1943533539189604,-1.0690640527293003,0.09264236893240323,0.33339999529046144,2.268144987739295,6876.035288416082
545,5450,-1.234891153633912,-0.9578586606202901,0.26354947496402775,0.3334648251991222,2.2689539160998278,6889.979868374998
546,5460,-1.2404442033034915,-0.985378855669152,0.24728062369428921,0.33339277491602115,2.2691024176917907,6904.010890624952
547,5470,-1.1228535487081084,-0.7135333586781342,0.2698145147828572,0.3333814601190705,2.2696063799002344,6917.70488087507
548,5480,-1.1287340086766884,-0.9246451712004141,0.17276364833023894,0.33345523361264834,2.2701481353673625,6931.513229500037
549,5490,-1.2492667694940351,-0.952863660316843,0.2092447533658023,0.33333131997541704,2.2707717329549935,6945.090363041032
550,5500,-1.1400961034326365,-0.784548801218002,0.28383896808376635,0.33321544406912695,2.2712663920125435,6959.325419666013
551,5510,-1.2211262281679955,-0.8788665653089215,0.332003729236431,0.33290576013517115,2.2715990003889477,6973.519780416042
552,5520,-1.2122846859015244,-0.889791864644408,0.27509149959576606,0.33271403732210725,2.2718930199458125,6987.44451762503
553,5530,-1.0831472024395215,-0.8025667584166964,0.23883949878569424,0.332736439116903,2.272740160066781,7001.2148500829935
554,5540,-1.192043433936762,-0.8477414230913383,0.2288191313236529,0.3327073112730156,2.273391977110615,7015.107503458159
555,5550,-1.1520016029637032,-0.9130159748262372,0.3292519663888446,0.33286404020575994,2.2735015414860267,7028.831206750125
556,5560,-1.156631329797019,-0.8517076752875795,0.25094175383088757,0.33295369555240184,2.2738538312010927,7042.502522625029
557,5570,-1.2046958825055896,-0.9451488386298411,0.23763116206796092,0.33295763667382666,2.2741944285472915,7056.5988361251075
558,5580,-1.1926268411408305,-0.9370039230092153,0.20578733182496656,0.33293680725177516,2.274710141504235,7070.552431625081
559,5590,-1.1345731896641738,-0.9713987729732014,0.149142438118066,0.33287065246240655,2.274960135771777,7084.639874125132
560,5600,-1.100712931616946,-0.9094165619252952,0.1683543770862149,0.3328847307192453,2.275292231081893,7098.2021612911485
561,5610,-1.11745385237296,-0.8191699989519302,0.29656373765451643,0.33282579312464244,2.2754337692408404,7111.812538333004
562,5620,-1.2170244581649259,-0.9178210078959796,0.26490271027493434,0.33267669255290094,2.2757275233981127,7125.413953582989
563,5630,-1.1734326744940162,-0.9991636451022836,0.14618829350485296,0.3326062824015534,2.2756879115412816,7139.362674916163
564,5640,-1.251618000600935,-1.0384365938687872,0.15356173735542183,0.332374745198233,2.2756246308971595,7152.833332790993
565,5650,-1.1253579506473805,-0.9088962845579822,0.13868274758115726,0.3320017647291959,2.2756615502812156,7167.028447166085
566,5660,-1.2792829022082923,-1.1313456993875215,0.18939437951818414,0.33163184602741674,2.2760265777637683,7180.764417291153
567,5670,-1.2828709076970135,-1.1031990771989961,0.2078228780741427,0.3312589751914223,2.276195369923307,7194.5598250410985
568,5680,-1.2350582994212465,-1.0327810119911625,0.18149675892662473,0.33097026013807274,2.2763151797615637,7208.794701040955
569,5690,-1.247056800944942,-1.1448543314535435,0.09942592665027962,0.3307609216514761,2.276528521568589,7222.088604875142
570,5700,-1.3487198501178375,-1.0356065595780948,0.28017068682273943,0.3304958600469147,2.276771414394964,7235.995089333039
571,5710,-1.272020628731914,-1.1126498053419867,0.1425449909709945,0.33009069809254626,2.276839104270855,7249.77096845815
572,5720,-1.2629308210278412,-0.9735123531115437,0.36055165441301806,0.32990850337308014,2.2768778057316794,7263.559512250125
573,5730,-1.2343892997434134,-0.8078371507107857,0.3281557236423994,0.3297777976350166,2.2772827447316537,7276.959861166077
574,5740,-1.1635673800289839,-0.9564725647224691,0.16620172714332934,0.3298935582379093,2.277270248177476,7290.539709875127
575,5750,-1.2805243407122529,-1.023571595690814,0.2846878484732929,0.33003762241473533,2.2773858591877527,7304.170749500161
576,5760,-1.3445985803188103,-1.119408035415325,0.14668307278290899,0.3299008029551014,2.2773496323139186,7317.78387699998
577,5770,-1.2233409924024583,-0.9084299801334504,0.27234466083316083,0.3295705390795448,2.2774030262166733,7331.841072416166
578,5780,-1.2985204173058689,-0.9497974087171281,0.29038618428691343,0.32940531673145274,2.277633463048724,7345.543135083048
579,5790,-1.2879892340960017,-1.0934625691677762,0.15215293297199528,0.32907801727203706,2.2774340811014446,7359.372924875002
580,5800,-1.2893875186037196,-1.067104359217128,0.1636639912006388,0.32873296828788456,2.277394808843778,7373.665263041155
581,5810,-1.4105138215667212,-1.0837296875288644,0.25835856321274775,0.3286161441905357,2.2774755821332326,7387.6050437500235
582,5820,-1.3255760790611193,-1.1574918131487053,0.20390377651408603,0.3284968637225716,2.277613328165588,7401.205961000174
583,5830,-1.3964188923764107,-1.02896226232993,0.3315061191624519,0.3283224516765738,2.2775849414423215,7415.199196875095
584,5840,-1.4089368111665799,-1.0213320425851737,0.28230243452171744,0.32827168750952296,2.2774068716658986,7429.003873333102
585,5850,-1.4149049474797115,-1.055491440529968,0.3483992553505088,0.3283484035965673,2.2774159413955184,7443.282227416057
586,5860,-1.3776312718190669,-1.2036039888055305,0.21871239914490057,0.32855210145425257,2.277577055797163,7457.207019750029
587,5870,-1.291852543523432,-1.002533493980191,0.2903037423147721,0.3288107243710431,2.277523289446647,7470.9291520831175
588,5880,-1.348547507077389,-1.0216756850702038,0.33708627628027377,0.3292114800971338,2.27764196644531,7484.6642559580505
589,5890,-1.3749999076505341,-1.1589267179107166,0.19231253519502903,0.3297358178181481,2.2776903859658515,7498.645935208071
590,5900,-1.4207587628612224,-1.2148950830374725,0.15485123648154905,0.33018879580791116,2.27762826112621,7512.633787082974
591,5910,-1.4040416297938227,-1.2393895782861193,0.1244007694944502,0.3305993061802851,2.277680418283415,7526.675905582961
592,5920,-1.3664690037779232,-1.16065722950751,0.24123339713287448,0.3310197587472383,2.2776017591184585,7540.616160291014
593,5930,-1.4210085607705656,-1.2492250904953857,0.1281374506023321,0.3314859612497853,2.277893258102964,7554.330038249958
594,5940,-1.3576859907763952,-1.020520264176025,0.35667698937119824,0.33204742917328284,2.27791189613627,7568.414836916141
595,5950,-1.3579903662442954,-1.2433682913426047,0.1220740431735011,0.33253937145180124,2.278154975840069,7582.05015104101
596,5960,-1.3460318178025164,-1.1975342198862482,0.126791684845636,0.3331006987537701,2.2781585151347445,7595.865746791009
597,5970,-1.2853919640836668,-1.1301013343319717,0.1153116192781239,0.33365322257652863,2.2778898428820074,7609.861993583152
598,5980,-1.3669685766905308,-1.2094129010919545,0.11430785194746207,0.334205600351815,2.277862727706355,7624.038448957959
599,5990,-1.3427249292897407,-1.1568542180282784,0.14504468426561284,0.3346566561528052,2.2779350429238914,7638.088663375005
600,6000,-1.3608541159997358,-1.1638392531782393,0.20510714167609717,0.3347196646788278,2.2779671036463784,7651.9810969161335
601,6010,-1.3278704829826085,-1.1403014494656314,0.17958498753931598,0.3347580205928596,2.2780272217544906,7666.114719666075
602,6020,-1.3189321371559757,-0.9536568309029217,0.37156740156686197,0.33462802554228016,2.278141824767468,7679.800478707999
603,6030,-1.3652340169075883,-1.091562883570216,0.16281600848444283,0.33456931039632853,2.2782620902188415,7693.413180375006
604,6040,-1.3738604171667799,-1.2196206106328096,0.11646299018505837,0.3346339002999688,2.2786527209208476,7707.256040374981
605,6050,-1.37173552289339,-1.2146118726411559,0.15923310842023314,0.3348699691596716,2.278719263449088,7720.980356791057
606,6060,-1.3896920749542483,-1.2845331227882693,0.1021205751006616,0.33503799200900575,2.278809293680946,7735.268399875145
607,6070,-1.3961778453345577,-1.2556401741364074,0.14405373406891953,0.3354948173763393,2.278974037779206,7749.663119041128
608,6080,-1.314571701209995,-1.1621149923254588,0.12082293972912175,0.33608804576081197,2.279412480278855,7763.830183499958
609,6090,-1.3341091567564796,-1.1406211935787485,0.19022454786167434,0.33671145645428,2.2796765216894865,7777.440205082996
610,6100,-1.3355156704246696,-1.2302055856740033,0.09193409249222043,0.33720159806608774,2.2805268048987473,7790.934137583012
611,6110,-1.4070178193218945,-1.2272185202754369,0.1442083000250668,0.3378027910959451,2.28066815522772,7804.849883415969
612,6120,-1.3526249797471293,-1.2158729106434376,0.08484389442127126,0.3382643188409647,2.2807635020185204,7818.833459583111
613,6130,-1.3250436996091075,-1.1917259436390364,0.07637234275765059,0.33855487061322265,2.2807325520816666,7832.683458666084
614,6140,-1.3290861719775684,-1.1548949212848654,0.1484327833941869,0.33876154314482687,2.280801089337813,7846.471578000113
615,6150,-1.358725140502929,-1.1992977228108408,0.08150858332512996,0.33889560498039645,2.2812381725280537,7860.040711957961
616,6160,-1.3446856660832198,-1.1102336528081505,0.2955341084529194,0.3390913812912039,2.2814599601117767,7874.38264700002
617,6170,-1.3647725739687306,-1.253179988907267,0.08163185233199137,0.33928588098966245,2.2819301521204127,7888.760997625068
618,6180,-1.4013831555611862,-1.223209205080721,0.2047426326614184,0.3395336324846156,2.281993924529829,7902.460899458034
619,6190,-1.3922870426096,-1.3065549229465134,0.06931933220876911,0.3398172543370985,2.2822130912649174,7916.382006583037
620,6200,-1.384393177852826,-1.2364361421974523,0.13272160562069713,0.34004131647337943,2.2821895268062957,7930.4057461251505
621,6210,-1.37855947807006,-1.2444500305790274,0.19059345050181248,0.34023786206837225,2.2822963077816407,7944.416929790983
622,6220,-1.3959667017858655,-1.2436860957244025,0.2288117800416916,0.34037486405063416,2.2825664269781964,7958.488578957971
623,6230,-1.3981069899446874,-1.2726882111401654,0.15338651300271014,0.3405042141777771,2.28269933021997,7972.933752041077
624,6240,-1.4065763317702809,-1.2481445647553677,0.18508367927744135,0.34076341404396165,2.2830693708622207,7987.251496250043
625,6250,-1.4096158732124175,-1.3319695673917291,0.05388127042734779,0.3411676288793987,2.283056976019354,8001.4220241250005
626,6260,-1.4008801155345632,-1.2232550675343616,0.26752775648332344,0.34179039985805565,2.28337108290043,8015.562391916057
627,6270,-1.4052130483525875,-1.1826060045087594,0.30666581738234205,0.34248978497570454,2.2835585944036434,8029.464354583062
628,6280,-1.4104817201735536,-1.188983991797571,0.26965814022009915,0.3428909132119476,2.2841339303453276,8044.15867970814
629,6290,-1.4087709582922958,-1.3272284748670837,0.053049234013845564,0.34320013785242515,2.2843717042412552,8058.29576495802
630,6300,-1.4021831617958034,-1.302035348568083,0.07877996917744744,0.3433101627420928,2.2846656904924116,8072.2684665001
631,6310,-1.3756533656798542,-1.263704741959137,0.12057542756543944,0.34347297948874317,2.285258239790529,8086.366154333111
632,6320,-1.4259070811653807,-1.2591917106698844,0.15423373373886123,0.34348828945166615,2.2856007223098014,8100.573751457967
633,6330,-1.402194846384722,-1.2339253527510023,0.17139296896382825,0.34356011492875815,2.2858146560202863,8114.654288500082
634,6340,-1.4050051582862588,-1.1786275581090364,0.22235377598443518,0.3436413931608264,2.286175963328049,8128.595241791103
635,6350,-1.3912940950037962,-1.261522728552546,0.19050089996051597,0.34381971962662655,2.2865392580129384,8142.481538500171
636,6360,-1.4429611376722864,-1.317427717154193,0.19221543415638126,0.3438218048540586,2.286854390207935,8156.5666907911655
637,6370,-1.4286076414968125,-1.1292267375587375,0.3318017724665358,0.34383769484852855,2.2870649772967515,8170.695734250126
638,6380,-1.4173932768190154,-1.3297485764351067,0.10047734250380927,0.34386669451443763,2.287687722273559,8184.852023166139
639,6390,-1.4266021622137695,-1.339066741576438,0.05790937801629016,0.3440785438965514,2.2883655170698924,8198.859311165987
640,6400,-1.4195876270157077,-1.3471264232609539,0.062744870873155,0.3443460694788987,2.288840897610443,8213.434302458074
641,6410,-1.4193586813432786,-1.3468981863787548,0.053062975689630754,0.3446800965690161,2.289540811635934,8228.063734540949
642,6420,-1.4299161473197683,-1.3836219390965603,0.03739572394557042,0.34500499218190317,2.290245323789559,8242.239986916073
643,6430,-1.4252686176839982,-1.373342994443084,0.05393635529345029,0.34521544800562204,2.290728330783586,8256.366643500049
644,6440,-1.417564675501258,-1.3278515034813112,0.07983332759026096,0.3453084798701256,2.2913149402914263,8270.650667875074
645,6450,-1.413661534117666,-1.3685546848785477,0.04551219808450709,0.34539104558103284,2.291456086946089,8284.571829041
646,6460,-1.4296971766330238,-1.3456416469325085,0.05986349225601202,0.34556708714048384,2.2918808566577487,8298.451455750037
647,6470,-1.4200769801097124,-1.3089010283677538,0.15736342477251927,0.34571002326739547,2.292429957609759,8312.915535041131
648,6480,-1.4524234003604066,-1.3837344210617597,0.0581429227816579,0.34597296762077223,2.2930569719610157,8327.337369166082
649,6490,-1.4506698365958774,-1.3304516651292189,0.09818313264072916,0.3462298189871444,2.293692004251006,8341.75921300007
650,6500,-1.456903107823095,-1.3458451198396615,0.1667225725325556,0.3464213921789186,2.29457163021737,8356.334772416158
651,6510,-1.4499976959950827,-1.3570412986325904,0.07546218023317142,0.34651091851886695,2.2950795483341575,8370.960144750075
652,6520,-1.4542084721089905,-1.310280805665379,0.15864954110268817,0.3466373628739902,2.2953564770942303,8384.997679625172
653,6530,-1.4494373264930767,-1.3420348810285099,0.0829338755658751,0.3467793277409509,2.295996273577356,8399.470240500057
654,6540,-1.4391821022585614,-1.3431256500333444,0.07173907905701958,0.347033942664458,2.296493814479374,8413.604091875022
655,6550,-1.4321822542444522,-1.3562118973043966,0.07312316187249375,0.3471575507318487,2.2976910416635303,8427.714883750072
656,6560,-1.4080708750731041,-1.3337066252751453,0.06532374863179084,0.34761724866725513,2.2981191222458706,8441.908090375131
657,6570,-1.458748422532869,-1.281201765566586,0.18498205786538818,0.3482182781366736,2.2986515873482123,8455.909388166154
658,6580,-1.455985607703175,-1.3924167933180913,0.06158671534428168,0.34862426611373076,2.299299845714979,8470.316562124994
659,6590,-1.432214905921997,-1.3740572196435574,0.042617037131181416,0.3490908207373749,2.299835858177601,8484.419801332988
660,6600,-1.4466811708263405,-1.3649578145649415,0.05859795985749446,0.34960678467727113,2.3010507682539245,8498.41866645799
661,6610,-1.4575872347352163,-1.2314352817752248,0.22641682733407875,0.35007235254082086,2.302004415163659,8512.591922166059
662,6620,-1.4743839808176018,-1.3577617081215954,0.10946802567790077,0.35034753050605266,2.303067942645888,8527.121650000103
663,6630,-1.4367325807151126,-1.308648030991258,0.14533189149863596,0.35059587674235015,2.304191319420473,8541.34848770802
664,6640,-1.454978781954365,-1.3996722659789023,0.04792878090816568,0.3509028609736057,2.3051451194277846,8555.647353583016
665,6650,-1.4578487109276397,-1.3216937589527227,0.18402969223818294,0.3511020101680715,2.306570263918239,8569.7006795411
666,6660,-1.4521176052095894,-1.3953602372617593,0.05403289414055095,0.351359554979631,2.307946670192217,8584.194211250171
667,6670,-1.4544415666057757,-1.4216471768242491,0.026547355996081434,0.3516463932975788,2.309317619797282,8598.779127916088
668,6680,-1.4734710757018696,-1.4093839554309373,0.047298889888623914,0.35185929057459403,2.3103357313256856,8613.326785624959
669,6690,-1.4472150062066902,-1.34034926476692,0.16488606026109512,0.35181721125250753,2.311500653008302,8627.713614500128
670,6700,-1.450585489269523,-1.360620692988522,0.08868173733177438,0.3516412881846801,2.312352626488793,8641.921810083091
671,6710,-1.4408999304868004,-1.398853595100563,0.03292129604217624,0.3513842518192296,2.313002824713758,8656.36489441595
672,6720,-1.4309225028290706,-1.2498240514393009,0.3541616846962551,0.351001454534642,2.313817077221918,8670.97047762503
673,6730,-1.4408073668589303,-1.2672220364061804,0.26556426506450476,0.3503802568978353,2.314194940086968,8685.231040083105
674,6740,-1.4427172657781115,-1.355406466114118,0.10074359461882382,0.34978494670144267,2.3144346874105794,8699.506660083076
675,6750,-1.4638527292529657,-1.3820033291075218,0.06622195087198529,0.3493088537265793,2.314996651032769,8713.975881790975
676,6760,-1.4573646133901992,-1.134032671915624,0.5165020816397304,0.3489284968106062,2.3155898832006123,8728.383937499952
677,6770,-1.4590376758206833,-1.3912796332042372,0.04916467770792186,0.3484722485125013,2.315967556844386,8743.025171416113
678,6780,-1.4481624292331015,-1.412042298436305,0.036059925955803714,0.3479395922402705,2.316839514686079,8757.497833833098
679,6790,-1.4488827466463832,-1.4029817312024782,0.05868023501800614,0.3472487627565473,2.3176847259088063,8771.877511833096
680,6800,-1.4656972480737407,-1.3504659011559859,0.09483048962431237,0.34652721433203254,2.3183781478504435,8786.029244125122
681,6810,-1.4617062137437387,-1.3735456871830483,0.09812528249615526,0.3457531311218723,2.3193371802297853,8800.737400541082
682,6820,-1.446871138077717,-1.3569090426551615,0.14715684629474923,0.3448686635022668,2.3198893168704826,8815.154080874985
683,6830,-1.4607296162243433,-1.3597978905158308,0.09910250234046719,0.3440503425257687,2.3207560550650737,8829.553958875127
684,6840,-1.450909719407802,-1.4019416872122785,0.06127708579360232,0.3431366632184056,2.3215949631197685,8844.161145791179
685,6850,-1.4560771299593815,-1.3207292592484137,0.1840445096064387,0.3426100777343689,2.3226498972704723,8858.519229541067
686,6860,-1.4402151564146637,-1.4013231619163007,0.04167089790943317,0.3420815972963183,2.3236052320028446,8873.132182125002
687,6870,-1.4398354812718592,-1.37735918892835,0.06887991583871386,0.34143963069048133,2.3239937772940498,8887.23684816598
688,6880,-1.4554967173150288,-1.3186309486665766,0.15782020736727542,0.3409067765917905,2.324835088631365,8901.391673375154
689,6890,-1.4480101892556236,-1.401171730103578,0.04245842045560856,0.34022709591140243,2.325426250247742,8915.385014583124
690,6900,-1.4553792689511589,-1.3658218246823766,0.17921315745231806,0.339583052671786,2.3262426238728695,8929.723415083019
691,6910,-1.4503284884254732,-1.385853083577048,0.07337344393041094,0.33875949831904467,2.3270297652840513,8944.085757166147
692,6920,-1.4468404784974807,-1.4165701823822432,0.025150178547191086,0.33809559756461155,2.327701748434011,8958.851204707986
693,6930,-1.4410136975797334,-1.3469374642005691,0.09346196453503448,0.337335980989942,2.3281227924521692,8973.416837083176
694,6940,-1.4279904376202524,-1.3540775391493831,0.07689626396269428,0.3365618985597859,2.3287025711090874,8987.786878457991
695,6950,-1.4310036942246143,-1.3827429022236155,0.0626885972291157,0.3357851506826163,2.3294149944011084,9002.449970458169
696,6960,-1.4569865054290272,-1.392860717622224,0.07300459700532977,0.3350847380475043,2.3296440832149803,9016.756182915997
697,6970,-1.4569128901884003,-1.3850601738277042,0.09378596459096306,0.3342560220752113,2.330383164632918,9031.122857416049
698,6980,-1.4578997482969793,-1.3896092034213712,0.0702995018975195,0.33337027496457594,2.330891687315463,9045.40458400012
699,6990,-1.453505181280252,-1.3996673138124678,0.037225191244982234,0.33244381682864227,2.3317630597614767,9059.773739000084
700,7000,-1.438343638698358,-1.3955851358491582,0.043189447098566786,0.3314286255581936,2.3323408398509544,9074.09850337496
701,7010,-1.4258175532693453,-1.3901351874829175,0.042477847766800775,0.3302732375269468,2.3329518189559586,9088.24791741604
702,7020,-1.4524139278412216,-1.3707907580029624,0.07407558703756267,0.3293207951999644,2.3342875525062747,9102.286311666016
703,7030,-1.4519016436427075,-1.3473483222573077,0.18135002506163128,0.32828586504884044,2.33519203720684,9116.455523540964
704,7040,-1.4420450603255048,-1.1784583615854238,0.24918969317462436,0.3271983440418256,2.335558993746577,9130.818054249976
705,7050,-1.4338792542804217,-1.2725630281930218,0.24928232035889886,0.3259083254551012,2.3356986539225377,9145.33643837506
706,7060,-1.4550651924184095,-1.3434356692168072,0.178592259607805,0.3248001656572302,2.3361704004777293,9160.062332291156
707,7070,-1.4368751106088196,-1.2988273420575038,0.18916218842860102,0.323531611445632,2.336485849416313,9174.376449082978
708,7080,-1.4519638607799363,-1.412317020730951,0.022125328239601293,0.3224307805923485,2.336781514739609,9189.167753416114
709,7090,-1.4500798940596606,-1.4039282643180755,0.030006356445230663,0.32142067693075127,2.337173488710097,9203.146347083151
710,7100,-1.4343365807680133,-1.3886501752783147,0.03255384166565627,0.3204408633243504,2.337510929154504,9217.345092708012
711,7110,-1.447982271131048,-1.3526776765918436,0.20133450349470589,0.3194718931208747,2.337501365880255,9231.962508875178
712,7120,-1.4568131960448154,-1.4235842081662806,0.03505512595848702,0.3185848908733631,2.337877968596318,9246.315420250176
713,7130,-1.4452224806822214,-1.4046835359440408,0.039034947593409135,0.3177515772240345,2.3380626527173898,9260.92449850007
714,7140,-1.4500656851710971,-1.3764800290456378,0.13238307540624747,0.3168083640196652,2.3383528059002607,9275.26593479095
715,7150,-1.4448156015467744,-1.3526007312723134,0.16311034462396867,0.31587447659945067,2.3384183087524404,9289.424713124987
716,7160,-1.4681973707183333,-1.4156721082940074,0.028539658096087085,0.3150173530014266,2.338764831179733,9303.589918166166
717,7170,-1.4322919446303954,-1.3960654524495757,0.041753936867125495,0.31402024298617015,2.3389284075115317,9317.649228791008
718,7180,-1.4362995490234658,-1.28633273992805,0.12746710613023032,0.31296748913742434,2.3389562931204684,9331.950139499968
719,7190,-1.4381352801514176,-1.364860066594505,0.07973881817166732,0.31195550414655726,2.339256314360577,9346.157217541011
720,7200,-1.448517727406415,-1.3969764822716826,0.06372745931559838,0.3110132937016839,2.339356581690124,9360.769174583023
721,7210,-1.4430238917573543,-1.3706174205573578,0.09234052238970776,0.3102313654346234,2.3395369852702297,9375.022488458082
722,7220,-1.4450531664780408,-1.3749895669506969,0.07019660484876825,0.30958315151859594,2.3396455187471843,9389.066161290975
723,7230,-1.4608242540324712,-1.3950764590012867,0.03503593924080418,0.3089384631953967,2.3398333629295154,9402.920268333051
724,7240,-1.429768220864828,-1.324583492737841,0.2234382951567678,0.3081789419372969,2.339894439082963,9416.921998083126
725,7250,-1.4332153259501768,-1.3633291874135625,0.07580492837570285,0.3073405579477947,2.340049485050748,9431.814785500057
726,7260,-1.4297045303063927,-1.4052166705859725,0.03213691231128469,0.30654587610561584,2.3400639607912477,9446.37880466599
727,7270,-1.4346685598518727,-1.3821050575706362,0.062459318405166546,0.3058494619930125,2.3401109522606487,9460.516224500025
728,7280,-1.4557761768990911,-1.3452701079522753,0.1810295464748737,0.30521939286556876,2.340178025631287,9474.872503207996
729,7290,-1.4176614267442815,-1.3301546594153204,0.10159544893957793,0.3047168243291419,2.340655508910649,9489.201763666002
730,7300,-1.4358101474713907,-1.3581179229817368,0.07526703063926445,0.3041457000590052,2.340779225725085,9505.872212290997
731,7310,-1.449037295501749,-1.3724260013194762,0.0829859690227951,0.30358711505020813,2.3410511511542236,9522.067298541078
732,7320,-1.4279793529214864,-1.4009632435219845,0.040535657180382066,0.3031147558191103,2.3412439280994453,9536.42279045796
733,7330,-1.4628281269315613,-1.415350822372568,0.03507885925392868,0.3027475737249467,2.3413679767103686,9550.951853333041
734,7340,-1.427495844304083,-1.3593677878509383,0.08893286869830137,0.3023830549956269,2.3413419102002497,9565.794082041131
735,7350,-1.4254716078712324,-1.378946989826531,0.04808787934452331,0.30193806727058936,2.341368364772534,9580.211308166152
736,7360,-1.443092441365729,-1.3871190346560778,0.05207239123956572,0.3016019606762722,2.3421381421149237,9594.378798790975
737,7370,-1.4290836512883303,-1.3187848582364534,0.12456748504242704,0.3012660643321055,2.342383506756688,9608.327736250125
738,7380,-1.442014589376317,-1.332922947358459,0.1711498836954412,0.3008516299691172,2.3425488175942037,9622.518410833087
739,7390,-1.4386244705563955,-1.4078048318149883,0.014246843251746133,0.3004520799936566,2.342705375344413,9636.967852415983
740,7400,-1.4627509922262112,-1.3628767576499317,0.11234736174725093,0.29999862876256744,2.3427062878222036,9651.329270458082
741,7410,-1.4489776712112787,-1.3954704834602403,0.05129776462504784,0.2993465059335528,2.342870525344522,9665.95681712497
742,7420,-1.4521082712855913,-1.3951513779367837,0.05259141660269433,0.2986843569880458,2.3429948348662872,9680.41664966615
743,7430,-1.4510643997540118,-1.4050344509138257,0.033618112400012494,0.29801934015311643,2.3430475099125188,9694.581484208116
744,7440,-1.4394311620620268,-1.4113301242125833,0.026050310817547367,0.2973867302334795,2.3433170195409883,9708.58602233301
745,7450,-1.4683338956660688,-1.424712165572354,0.025456997920793818,0.29675408314941926,2.342919915754671,9722.983227208024
746,7460,-1.478934077657696,-1.4304329368838913,0.033498884118976995,0.29623282892422387,2.3433568538825424,9737.53331325017
747,7470,-1.4455777095131053,-1.4124507859467967,0.02797477602853572,0.2959108848755929,2.343496934561105,9752.10953604104
748,7480,-1.4568880703649718,-1.4155170093142595,0.06496593977016031,0.2955985923501995,2.343714016638126,9766.604772374965
749,7490,-1.4490814866463015,-1.4339164724367441,0.020211093609506948,0.295231695350677,2.343760182943569,9781.250241791131
750,7500,-1.4550471185476495,-1.4139443769794962,0.03963171974413449,0.2947782605412998,2.3436225330943397,9795.622690041084
751,7510,-1.4516352844283835,-1.4113467690301928,0.02588408828933677,0.2943758415161941,2.343930509009403,9809.800108541036
752,7520,-1.4510568860055715,-1.388447847982416,0.037483122403414094,0.2939807344585228,2.344017734297528,9823.838270833017
753,7530,-1.455728778518794,-1.4256081136158756,0.016882118379346254,0.2936773158346019,2.3439704601198543,9838.058123291004
754,7540,-1.4542559149320518,-1.426835321798997,0.02039343234699776,0.29361070995832184,2.344273425080546,9852.65007166611
755,7550,-1.4537777221207033,-1.3983836281253057,0.060746582318087425,0.2936616413756886,2.3443531217444704,9866.84196541598
756,7560,-1.4651455467712093,-1.4253583942688293,0.021381868037363548,0.29372108879361336,2.344527841136892,9880.891526041087
757,7570,-1.4486825261024956,-1.3988224807324983,0.04862071055686283,0.293590583826207,2.344575859641717,9895.035775541095
758,7580,-1.4578862317708712,-1.4198536562619668,0.0351492840025789,0.2934297505519814,2.344660248945353,9909.309072582982
759,7590,-1.4702550800531275,-1.4024209845549713,0.048778157287285635,0.2931655015856738,2.344447169143664,9923.579616750125
760,7600,-1.4639413588530248,-1.4193882673298799,0.0350537176958171,0.2927924542520939,2.3446167993744447,9937.86093604099
761,7610,-1.4710800298542912,-1.419047665936041,0.03789513172086207,0.2923694636803397,2.344807348855738,9952.385739332996
762,7620,-1.4654978703540715,-1.3462829239529193,0.30387208127840465,0.29188039366943463,2.344895544388943,9966.87475408311
763,7640,-0.29271530785484945,0.0004138032722395657,0.09181951580748604,0.4867524272534118,1.0111782885698037,9995.772032125155
764,7660,-0.10999444646028333,0.0093220173819883,0.07174103556151118,0.4760839286659899,1.0149423495262129,10024.920722291106
765,7680,-0.08297932097977334,0.02328858550152968,0.06332958363107842,0.4670607142333783,1.0154725149094088,10054.800474666059
766,7700,-0.4310678840175264,-0.020523552961754586,0.10408030733902833,0.4592819036966382,1.0165681549576229,10085.814654000103
767,7720,-0.13975146413714512,0.05243626011352278,0.1174770024639486,0.45262846847462,1.0176984585166042,10115.287442415953
768,7740,-0.16671121838133285,-0.01820840354503801,0.08232761514791705,0.447342198457763,1.020297499404823,10144.844139666064
769,7760,-0.19850498918473924,0.5007693395690656,2.1827147613217126,0.4419916182457454,1.0225960181194746,10174.206686291145
770,7780,-0.22258268853889707,-0.0067786663913649734,0.07850593991471809,0.4372797834800866,1.0248816238916776,10203.279525249964
771,7800,-0.23116830894812335,0.005529745038720568,0.1008719039891336,0.43321999463788324,1.0278959090539486,10232.826566666132
772,7820,-0.15673383484210035,0.4926025405874494,2.1826182114710146,0.42957700645148245,1.0310397912813423,10261.276907583
773,7840,-0.28537551406173733,-0.03379539159045142,0.08407717834432153,0.4260642964714067,1.0345343286001984,10289.854809750104
774,7860,-0.20199361082289258,0.03313703884781938,0.14508013503225187,0.422941314066746,1.0375786937860456,10317.350817583036
775,7880,-0.29888534041587,-0.005880741058167116,0.1669053411407981,0.41992370334346973,1.0408359077495728,10344.927380332956
776,7900,-0.26389105673039115,-0.05440073349866714,0.10897766687943637,0.4170144001773247,1.0438549643700181,10372.164675208041
777,7920,-0.19472784473085003,-0.007312484767510563,0.10851576507641962,0.4144432013751351,1.0472136883997831,10400.779215458082
778,7940,-0.26271419555861186,-0.06113769269468161,0.08530125390384531,0.412265918201363,1.050446507074459,10429.899685166078
779,7960,-0.19181930402539038,-0.04245150962569544,0.11857093498330869,0.4101334637610373,1.0538581124605941,10458.489873208106
780,7980,-0.16764267938352528,-0.039539102398134365,0.06392854349988808,0.4077898633387276,1.0572084651055584,10487.475458208006
781,8000,-0.2065411653872138,-0.043383867344019535,0.08514635153527299,0.40565225656331566,1.0606214086223649,10516.724939291133
782,8020,-0.16549752727909706,-0.0550293245065621,0.09092428062808394,0.40401233448711604,1.064618873934671,10545.455085000023
783,8040,-0.18232102433272246,-0.08116342989279154,0.07494484526093169,0.40288596893716827,1.0688166825937564,10574.237910415977
784,8060,-0.31960036789922164,-0.05187388120550276,0.10552815319879201,0.4020629052590215,1.0734790859459515,10602.954223165987
785,8080,-0.29775890249616843,-0.09544703014489082,0.10742014784894979,0.40149119570614916,1.0782451528238126,10630.929597374983
786,8100,-0.20393158682419443,-0.06529789743655487,0.0762764399786699,0.40096829741649825,1.0831804290774891,10659.59471075004
787,8120,-0.24081955400916133,-0.13119617496269748,0.08097776517956744,0.40077762310142184,1.0885828880426291,10688.005668625003
788,8140,-0.3270662129667503,-0.06898818833826911,0.11836327182264085,0.4009697046077912,1.0947385099347893,10715.860138416057
789,8160,-0.483595428349731,-0.18567774777518942,0.1527628681381087,0.4009515138720464,1.1008586148689132,10744.645632375032
790,8180,-0.37332468742326785,-0.12576385205596993,0.11638090461861897,0.40100643989402246,1.1074097341047053,10773.230937415967
791,8200,-0.4981847301218538,-0.09035199449612699,0.1365726004776168,0.40091213878479987,1.1136360655839044,10802.094029416097
792,8220,-0.46231252140181134,-0.17002167691653908,0.17439964504019145,0.4013496310643255,1.1205393485598525,10830.828301416012
793,8240,-0.6566782751074243,-0.14183448017947592,0.17778705974200099,0.4019415007339059,1.1277332688625972,10859.04517241614
794,8260,-0.4798423912600809,-0.09939890804876902,0.15361386267682609,0.4022708941941934,1.1342440350615712,10887.61855237512
795,8280,-0.7731097576254831,-0.1618633028940189,0.18583925326035838,0.40234161434844207,1.1406808969838633,10915.791590500157
796,8300,-0.42768805924492437,-0.09448471708878041,0.1371088989680891,0.40223438472098466,1.1469818822344862,10943.889460625127
797,8320,-0.5830704086191201,-0.11457331194648143,0.15416954547843373,0.4016059076414151,1.1531076805558869,10971.616262583062
798,8340,-0.3789962696148601,-0.10737507631800405,0.1188606312249175,0.4011842021458489,1.1592341962708175,11000.363182791043
799,8360,-0.5543408096509364,-0.19244965679464715,0.16651278449439771,0.4005556962879721,1.1650398409233165,11028.947125041159
800,8380,-0.6937736662505456,-0.18968364990859704,0.16164358496525402,0.399808169793207,1.170556142969078,11057.360659166006
801,8400,-0.6870197843878527,-0.2601166820881427,0.17522533042690847,0.3991348350149428,1.1756381047425843,11086.621831082972
802,8420,-0.5710488450413651,-0.2768231725772058,0.14504881464138233,0.3988631226945578,1.180890598255041,11115.887807625113
803,8440,-0.5951793716376388,-0.23219410535927051,0.1615915906555232,0.39927511635555957,1.186560374213905,11144.247771458002
804,8460,-0.6783194402578845,0.23511314119052334,2.2466917638839403,0.39943431879823044,1.191862529588166,11173.49925241596
805,8480,-0.592710124347871,-0.29921317314061036,0.16907901346883822,0.39968492334534517,1.1974452873772334,11201.703578958055
806,8500,-0.6584566812918276,-0.40026023132472915,0.11445866565103806,0.4002649914284913,1.203553782893857,11229.74374116608
807,8520,-0.995428345171165,-0.36324158660597927,0.26787832424732316,0.40051164380284776,1.20951154467408,11258.763686666032
808,8540,-0.9465779135523373,-0.39733399506845773,0.21139131926514604,0.4007533005501604,1.2163005320342488,11287.846547499998
809,8560,-0.6389841364653863,-0.37604322389387385,0.2054234332099328,0.4010225107899275,1.2230633622353129,11316.461015749956
810,8580,-0.7709253115416423,-0.41725076974766023,0.21011091933043322,0.40112374202550305,1.2298313833370367,11344.575398165965
811,8600,-0.7028225168832787,-0.37659879864626766,0.19510496878691913,0.4011395285127001,1.2361005883752527,11373.194481125101
812,8620,-0.8862336223148093,-0.4198090988413261,0.2408831406917032,0.40128377784532704,1.2426917685599261,11401.775210666005
813,8640,-0.9567411129164087,-0.48187132908810426,0.20395878335092538,0.40173885916202673,1.2500268891473787,11430.45300033316
814,8660,-0.8377209313089784,-0.5447102615472252,0.18954024130686145,0.40206907212411597,1.2570360572103871,11459.414816041011
815,8680,-0.9189806405505836,-0.5944378668947665,0.17205419789624848,0.4023310915435659,1.2638883562922107,11488.985136250034
816,8700,-1.0201763379624111,-0.6090971681461124,0.20658453325574128,0.40272742324098476,1.2709418582232228,11518.284880208084
817,8720,-0.8197733683023767,-0.5355304486979824,0.19207632067346145,0.4031354394296808,1.2780734636166158,11548.436916916166
818,8740,-0.8196621708213243,-0.07907913383356462,2.3151127918062,0.4038893333664189,1.2853745673943664,11577.431841708021
819,8760,-0.9362932403440585,-0.5789789630390985,0.19540411680653916,0.40374619655300664,1.2921087706642531,11605.873885166133
820,8780,-0.8053944457563089,-0.5170071880276799,0.22237214894825108,0.40349785563815094,1.2986541762346628,11634.84710308304
821,8800,-0.8652880100123816,-0.5784469622522181,0.1366415717717972,0.4026398067729375,1.3049855191603126,11663.377325166017
822,8820,-0.9316646938491839,-0.5021768133350282,0.20333039069314773,0.4016302020295112,1.3111848149815486,11691.58748274995
823,8840,-0.7287770037744776,-0.5260565626896667,0.13153252593716747,0.40086740973972657,1.317373701243343,11719.856120208045
824,8860,-0.8726004984901561,-0.5287459820464606,0.21666593413642504,0.3999536048062573,1.3233767780340047,11747.920428916113
825,8880,-0.91161189969446,-0.027494760213607528,2.3087483928315002,0.3991170492551079,1.3292017676983496,11776.233011875069
826,8900,-0.7531475866490531,-0.5319201076981734,0.16887129909652304,0.39818217826401575,1.3350900552667948,11804.4919212081
827,8920,-0.960993938559028,-0.5845554368266062,0.1934266821026437,0.3974299217488243,1.3406253768858953,11832.833037415985
828,8940,-0.8190490211540498,-0.590818017608006,0.18982040372293732,0.3970154741751825,1.3462514260282614,11861.621386750136
829,8960,-0.91910124669577,-0.6681441133742971,0.22141947814750707,0.39671642690378667,1.3524255512969638,11891.328258957947
830,8980,-0.8870194071683004,-0.6508890437522843,0.13797287294656144,0.3965965221774513,1.3589397240006462,11920.658337958157
831,9000,-0.9506773765054843,-0.7498131026991584,0.09962743436165426,0.39608510946238296,1.3653519294786782,11949.736948500155
832,9020,-0.9410494438118668,-0.649144081178145,0.19937783886900473,0.39602329078975546,1.3716328936863058,11979.023387333145
833,9040,-0.9642956239526219,-0.7160841888048319,0.19233732140742948,0.39575536179837756,1.3773514392659982,12008.300497041084
834,9060,-0.9515884699928625,-0.6698488145191867,0.16712543942662025,0.3958795715308405,1.3830368526115775,12037.333521875087
835,9080,-1.0183393677494381,-0.6421995198829752,0.1589375314198287,0.3963837035679377,1.3891278626708294,12066.02469262504
836,9100,-1.0594252572880638,-0.7562262292227129,0.17241821658723108,0.39697907525523496,1.3950363401765353,12094.695612624986
837,9120,-1.0194888031345322,-0.7733397057671635,0.18724113604015918,0.3970677172927878,1.4008056271980691,12123.778773915954
838,9140,-1.0455289532470955,-0.7516425938659467,0.21728383942370408,0.39682287517398196,1.4062425106073773,12152.75819566613
839,9160,-0.9939179396147031,-0.23093600219363014,2.3520539846634048,0.39642343580037714,1.4117630024168497,12181.196148290997
840,9180,-1.162579039545892,-0.19445024664325744,2.346226252989317,0.3959919940741847,1.4169487717532043,12209.883180083008
841,9200,-1.1656173395744096,-0.7899275000654405,0.2007643789887188,0.39532115790041256,1.4223070570226144,12238.962331332965
842,9220,-0.989723647076155,-0.7470797256210258,0.16406913376959567,0.394861053422377,1.4284839333188024,12268.296506500104
843,9240,-1.1091602313043545,-0.8696055126205156,0.1942482754169031,0.39453077663367864,1.4341883640491977,12297.070644875057
844,9260,-1.196627150221972,-0.9088403226878604,0.12465484251727899,0.39382865189570876,1.4395496738910263,12326.027725707972
845,9280,-1.038416353837313,-0.8406801102130169,0.13268405931332453,0.39317374856057186,1.4449302066228273,12354.899610958062
846,9300,-1.098492706099731,-0.30085040891787773,2.366606862651138,0.39240691868246086,1.4501550895079593,12383.59668745799
847,9320,-1.1453624838007945,-0.8385050591278637,0.2425502951796319,0.3920806982108428,1.4553637382844808,12412.519017040962
848,9340,-1.099682333864897,-0.8871914731653436,0.20048246142019735,0.39199861427352933,1.4615846736296247,12441.76372012496
849,9360,-1.1773899381849606,-0.9381850408276577,0.14097702200815765,0.3919998066716475,1.466956130164102,12470.835629750043
850,9380,-1.157615243915619,-0.972145800918501,0.10593494754865825,0.3920812241471952,1.4720493227010893,12499.931550125126
851,9400,-1.1709084334329285,-0.8833911193632717,0.195937768191787,0.39228319446441545,1.4777305554812863,12529.093301250134
852,9420,-1.2112336859133999,-0.9041219186576516,0.3148372887367823,0.3930064203523216,1.482964563721327,12558.703195125097
853,9440,-1.103683505422655,-0.8669986038298207,0.26827699341522315,0.3941055802591439,1.4882518179368716,12588.202794790966
854,9460,-1.174580506584836,-0.888669881113848,0.30104281723287646,0.39536427019787806,1.493447641163937,12618.057440083008
855,9480,-1.2084643856699957,-0.802900596129866,0.31886212452833856,0.3963800960680655,1.499157293262805,12647.92506337515
856,9500,-1.1790757152567526,-0.3654522952733287,2.38884161106245,0.3971752482055866,1.5049389734519467,12676.344000207959
857,9520,-1.121646500807019,-0.7872752859539753,0.26070619629469366,0.39812942934206713,1.5100179521468795,12705.694089832949
858,9540,-1.177314928633443,-0.881812994799246,0.2780933352995892,0.39938677603357076,1.5149670508158903,12734.752354541095
859,9560,-1.1808243047434042,-0.84546826074106,0.3038237882111081,0.4006140736320935,1.520712806523451,12763.982087583048
860,9580,-1.191836396817151,-0.9340155535504072,0.20229619610953825,0.401466206040791,1.5256541388069353,12793.432782290969
861,9600,-1.211002888976597,-0.3191869737647398,2.383680288349678,0.4018931866542875,1.530654139296439,12822.601785999956
862,9620,-1.1862888680278934,-0.8583740616837451,0.25694237746773424,0.4026914942073965,1.5358989045688818,12852.008775457973
863,9640,-1.227963862105927,-0.8539993077668321,0.2887008486933532,0.40351968019315354,1.5413353220714539,12881.208660958102
864,9660,-1.2031133816628081,-0.7855652427305021,0.29943006887443013,0.40448686776247644,1.5469024911964129,12910.025867874967
865,9680,-1.131401302865294,-0.739748562584769,0.3018185103420489,0.40571008836910755,1.5524524498061918,12938.720584958093
866,9700,-1.2135479513365608,-0.629286364802031,0.33444521610259786,0.4064706173087803,1.557634433555119,12967.06010320806
867,9720,-1.1266531493395027,-0.9226620687994845,0.16722800654085115,0.407204599922801,1.5628523520529065,12995.830176083138
868,9740,-1.0116817918799015,-0.5616638339524929,0.25294536293726744,0.40742016922913965,1.5682005633371192,13024.509105707984
869,9760,-1.097385139054527,-0.7367744134429455,0.1995023660732497,0.4078062378481814,1.5735237631922894,13053.28616879112
870,9780,-1.1622128690072566,-0.22434722569376403,2.359884358270003,0.40807209621980217,1.5782804494887512,13082.488066583173
871,9800,-1.073883804895523,-0.7702577178093332,0.26885457576272825,0.4079583896754584,1.583404688475208,13111.183498416096
872,9820,-1.144639609856572,-0.9050983059336376,0.21877271942660023,0.4078254887347807,1.5887316803072686,13140.31478445814
873,9840,-1.1727296649270071,-0.8973663033265769,0.21349889486927945,0.4072239313808344,1.5939517995189827,13169.939136957983
874,9860,-1.0831321148105246,-0.835937430255494,0.1684374357823951,0.40708951751463723,1.5992436769387732,13198.90103662503
875,9880,-1.0286444368223773,-0.8145355078755421,0.16392288032937277,0.40659286094341196,1.604693727483244,13227.015789208002
876,9900,-1.2243150238079687,-0.7104837309935531,0.3209030643569687,0.40653360399396116,1.6115195652463203,13256.301206541015
877,9920,-1.0507082336757776,-0.769337715151442,0.2188580367577471,0.40605007459863407,1.6173305128905502,13284.782107874984
878,9940,-1.1279648288158013,-0.6685648795319206,0.32395913848717156,0.40509536142716657,1.6226895571260405,13313.304091791157
879,9960,-1.1054580100616542,-0.7734324710735934,0.2776320491014295,0.40442238070818604,1.6271078298610573,13341.880599666154
880,9980,-1.0779597491733979,-0.7465980377364383,0.24844188490274577,0.4040725115001577,1.6320061531280488,13371.944690125063
881,10000,-1.168959554261047,-0.7938075064437868,0.28760511488375745,0.4031586920366405,1.636612143122319,13400.54231937509
882,10020,-1.13076114577372,-0.8001801718852727,0.23570566050357925,0.4024023997815871,1.6411469236511125,13428.825822208077
883,10040,-1.2428892231543625,-0.8195008522730884,0.2934339892244657,0.4017367042223378,1.645275004811074,13457.923006457975
884,10060,-1.1394707231356591,-0.7600780148479528,0.2623045350970947,0.40106223373773164,1.6501430343654624,13486.810880625155
885,10080,-1.1898814492329652,-0.8100029652036577,0.31638811815500417,0.40020452278731816,1.6542315637870997,13516.16723470809
886,10100,-1.1675145547710262,-0.2784735396295889,2.377645586913765,0.3997576067402644,1.657858242816832,13544.49216324999
887,10120,-1.1673867462116885,-0.7203760419073745,0.3592594637939722,0.3993585994895359,1.6616616956746635,13573.479025208158
888,10140,-1.2613063008145078,-0.7483040553554662,0.34228801770162176,0.3990472535645584,1.665653759085727,13602.621878708014
889,10160,-1.1829655003557225,-0.9001859999099668,0.2117061673521678,0.3991387182860711,1.6693402735214486,13631.377326915972
890,10180,-1.2547256244712361,-0.841172224537383,0.28902394665289494,0.3988886030362765,1.6727332552626832,13660.348723791074
891,10200,-1.1225958308878692,-0.751835016595735,0.2861941460440879,0.3982070098146769,1.6760865038269543,13689.320851958124
892,10220,-1.1544447134895766,-0.7273085088564827,0.3638002406244593,0.3974968976788923,1.678881339113712,13718.561540333088
893,10240,-1.1483300072110225,-0.8415575279795388,0.38208963036502497,0.39724679419116166,1.6818621740523285,13747.44526329101
894,10260,-1.1471426815098793,-0.7385500113398844,0.36004775012695195,0.3968950938302228,1.684447203320391,13776.836649375036
895,10280,-1.1414256520982633,-0.8816301776811564,0.24303168561639657,0.39603448465849944,1.687077337255797,13805.807354083052
896,10300,-1.0872631721334196,-0.35539150348056286,2.382415018482939,0.3951242327205209,1.6894626822959313,13834.314931208035
897,10320,-1.1853420711237703,-0.9318764633846179,0.17792615047661015,0.39445383632627223,1.691606891553459,13863.095444957959
898,10340,-1.1305740405370912,-0.8180443079403439,0.30583297116973024,0.39415814957691847,1.6940713235497733,13891.660694416147
899,10360,-1.1323755125766501,-0.8197373795641282,0.25684187729636054,0.3937546020654517,1.6962677997242082,13920.908614416141
900,10380,-1.1956070497784044,-0.9137667750790286,0.2130745610638194,0.3930504906222149,1.6983286461218425,13950.253068166086
901,10400,-1.1883785332649701,-0.9999124014267377,0.22395959869099444,0.39258300357514186,1.7003506858856772,13979.389381458052
902,10420,-1.103621049139007,-0.8368296795726256,0.20452850295364286,0.3919570493885595,1.7023273991077126,14008.698446708033
903,10440,-1.154764084134925,-0.9614102732768078,0.15823544183197813,0.39143451170061005,1.7047014283490767,14037.45743175014
904,10460,-1.2399007053855726,-0.9787528439354048,0.14802560027786849,0.3911181835410852,1.7069597087536732,14066.623246333096
905,10480,-1.1937977968830165,-0.9621671603275163,0.23560424777248118,0.39125472152349955,1.7090687509673685,14095.952496499987
906,10500,-1.2058612359668865,-1.034464543097346,0.15931960615583418,0.39131219642698367,1.711047935931736,14125.394772125175
907,10520,-1.2007046457928157,-0.8808058038737627,0.2789493566356993,0.3918075224913648,1.7135770040230078,14154.302407457959
908,10540,-1.2034521206670332,-1.0036606529548782,0.23106359345094896,0.3925811352418246,1.7150675684406578,14183.650326833129
909,10560,-1.1996082731873905,-1.005424218644886,0.18843183372225114,0.39314261231256004,1.716747985526004,14213.043797458056
910,10580,-1.218946509665873,-1.0064043782901408,0.19313689492557512,0.3933652534272171,1.718391940054652,14242.530032041017
911,10600,-1.2052199045998835,-0.9876221129780202,0.25013177421279825,0.3939686450243813,1.720394198573019,14271.707036375068
912,10620,-1.2389844558114458,-0.9549862388855488,0.2842514219021298,0.3939503636272222,1.7221822857775313,14300.481632000068
913,10640,-1.2245657538249315,-1.0395698205522572,0.13928998417492278,0.39374619229011676,1.7238222987751133,14332.988248500042
914,10660,-1.2346194799240466,-0.9032202387459464,0.29594649637312326,0.393615388787255,1.7252867294201129,14361.862040250096
915,10680,-1.2095136215138291,-0.9252110456963667,0.28523433506807916,0.39381422142337247,1.7275756896285863,14390.919442665996
916,10700,-1.2447453498422414,-1.0537566486819714,0.1723043471341693,0.39375558757622503,1.7294290822282798,14420.005075208144
917,10720,-1.219302927299342,-1.0638980022276505,0.18202924981019228,0.39325752982214457,1.7312520530079898,14450.036162208067
918,10740,-1.2563808862962977,-1.1134610383174803,0.104626650351179,0.39304764060725067,1.7332500230581835,14479.59873837512
919,10760,-1.2695362358174407,-1.0422798570006655,0.16645980198860977,0.39283952626283214,1.7351987609559782,14509.049363416154
920,10780,-1.3130024211859892,-1.0654487897583822,0.23136899651013437,0.3923900274251776,1.7372405808734586,14538.081268458162
921,10800,-1.2308084938718613,-1.0562679103409847,0.21505342025094104,0.391780169286701,1.7395966856433478,14567.23595720809
922,10820,-1.2788133135215691,-1.1079409545389851,0.15059378748958588,0.3913441601737308,1.7412263038706306,14596.73277375009
923,10840,-1.1654395315262676,-0.934531638933209,0.2903866702296611,0.3906812804600251,1.7424180509034894,14625.85267587495
924,10860,-1.257581310039046,-1.0364262748780289,0.1816589723822818,0.38998211286038464,1.7437266998368577,14655.343128166161
925,10880,-1.220167927595913,-1.0979933474041343,0.10808483213004541,0.3897795455509399,1.7450174772058495,14684.516329625156
926,10900,-1.2305406490922284,-1.067792982984317,0.0906197699679662,0.3895705347884189,1.746033341618708,14713.578190790955
927,10920,-1.2127620868415514,-1.087498396840387,0.07699572588296955,0.38918738807184394,1.747273170065264,14742.770297375042
928,10940,-1.1969811013409757,-1.0752403350014479,0.0663675237895991,0.3889950725636078,1.7480536071957045,14771.923804332968
929,10960,-1.2123377958159445,-1.1487161789189617,0.030578756760903172,0.3893324514927517,1.7492959422339829,14801.60960570816
930,10980,-1.2509788457967161,-1.0608150764735453,0.1165053560958282,0.38940571833897264,1.7504545015115216,14830.961315999972
931,11000,-1.2668926928975788,-1.0819403552327054,0.13918851002159086,0.3894175669479296,1.7513489164265121,14860.373973458074
932,11020,-1.2647612279797702,-1.0696261687403577,0.219884216314629,0.38914434511331236,1.75241942103528,14890.541079291143
933,11040,-1.2619197913644076,-1.0426749594435303,0.19840528867187812,0.38867292119790847,1.7533943027929288,14920.007899875054
934,11060,-1.241919613367143,-1.0823755829758608,0.17137308456157993,0.38843502276956926,1.7545732711389377,14949.80067641614
935,11080,-1.2633999573121546,-1.0222843423476238,0.1558094586317161,0.3880303102787573,1.7557212660917871,14979.713194333017
936,11100,-1.2566187559299893,-1.0400755849461116,0.27198641258670747,0.38710024934850906,1.7569628167430535,15009.677332458086
937,11120,-1.159943185285055,-1.0439018350995855,0.16783435881233028,0.3861602168242868,1.75884528494427,15038.97394850012
938,11140,-1.2404529067780246,-1.0533089566322382,0.2129310954004661,0.38524731988077354,1.7597308250796149,15068.468656666111
939,11160,-1.272728817434543,-1.1016833462396955,0.12907662981626247,0.3841599108971264,1.7605556381932979,15098.252371540992
940,11180,-1.2603112397726752,-1.108704799607032,0.15781069457911875,0.3833201563413108,1.7608606776727367,15127.888302332954
941,11200,-1.2601058928211168,-1.1361371294696099,0.095240987523431,0.3822813208189932,1.7621205619759386,15157.349862999981
942,11220,-1.2417371156172923,-1.1166037570400342,0.14066098452513415,0.3808594488814903,1.7629820966779293,15186.850233457983
943,11240,-1.2582387009904341,-1.070060294084909,0.2471783922637755,0.3795429863473709,1.7637395537379421,15216.972242416115
944,11260,-1.2867758479498441,-1.0939967294650834,0.22526881902306886,0.37806987627921806,1.76479826469867,15246.890755333006
945,11280,-1.269305122388257,-1.164692248769725,0.12252131902027565,0.3767178978765637,1.7655766356886664,15276.923982541077
946,11300,-1.268426118707902,-1.1783879627342744,0.07703349671172521,0.375560883712935,1.7669969466951434,15307.29689162504
947,11320,-1.280901793578356,-1.134009053274435,0.13169584000469814,0.37495672546548153,1.7678145602110182,15337.039936291054
948,11340,-1.2874047048930013,-1.1903330160434062,0.06025205342185967,0.37394228622578246,1.7689186975652298,15367.096259250073
949,11360,-1.2768238313074125,-1.1883206007036766,0.07332402738751606,0.37285443714789246,1.7701563697127867,15396.809065583162
950,11380,-1.289111137366607,-1.181338075087893,0.058884986595501,0.37200690342614917,1.7716505967327036,15427.198881375138
951,11400,-1.2936592096423674,-1.209882065898142,0.06340585147718698,0.3711248846700844,1.7735058574936557,15457.13280475
952,11420,-1.2833187540030746,-1.2021313309005968,0.05958219379162186,0.3699767648722396,1.7750139074050215,15487.42503058305
953,11440,-1.279808698021741,-1.1644358150432006,0.11473271293055005,0.3687976982747153,1.776667906238672,15518.184944875073
954,11460,-1.284724370983552,-1.113018537792117,0.1626449166818911,0.36788566063864275,1.778883877898741,15548.590547541156
955,11480,-1.291808967755979,-1.1565585592104384,0.11903473613564641,0.3666819419957248,1.7806081087959955,15579.075526
956,11500,-1.311294684023859,-1.2157860672388017,0.09030280758631926,0.3652668540202631,1.7823557740797926,15609.854594124947
957,11520,-1.2756520437151782,-1.1177573710878101,0.14737214353617845,0.3638315178612086,1.7837582650872983,15640.58974362514
958,11540,-1.300662731077388,-1.1392756859319164,0.15084220579017982,0.3626299394523662,1.785459399402115,15670.836348250043
959,11560,-1.298977108032921,-1.1458350797081045,0.1388627183426162,0.3619313123940601,1.7872339979963245,15700.422769458033
960,11580,-1.278834431127052,-1.141738103941723,0.16153647928002082,0.361220807834325,1.788986540189461,15730.45579295815
961,11600,-1.267318207780324,-1.1157704544561846,0.1311022127414044,0.36049216192985184,1.7902504169276372,15760.173027166165
962,11620,-1.294484771702276,-1.1467829293429812,0.12875892082564788,0.3599498564424909,1.7917470774057103,15790.248770041158
963,11640,-1.2684495126089566,-1.160483232975144,0.16909425458260216,0.3598760191141164,1.793227786919648,15820.614000708098
964,11660,-1.2925497356475102,-1.127148648384304,0.2554077733632289,0.3595381042911815,1.7946682580540203,15851.488645791076
965,11680,-1.2819278344234517,-1.1810835793841852,0.15473374857849143,0.3587166670411222,1.7963363671764163,15882.128836750053
966,11700,-1.2882400187491916,-1.1507548541263755,0.10375239592986936,0.3579570735690088,1.7978762366647736,15911.956174333114
967,11720,-1.2984576121896492,-1.1650518314257483,0.08058509796127579,0.357537427942752,1.7990138889867637,15941.83887975011
968,11740,-1.2769130332669612,-1.143927085806751,0.10350971214928735,0.3571386191164927,1.800618435404902,15971.534921208164
969,11760,-1.3042630290122093,-1.1983386593214487,0.06442928791197776,0.35651903866898527,1.8013055143399042,15998.459186207969
970,11780,-1.2967754708449046,-1.1658425103905055,0.11840067972834775,0.35593424212500124,1.8018417001206908,16024.509592958027
971,11800,-1.2957295372078468,-1.1602259994529036,0.10845942783827218,0.35539909606885367,1.802937717953,16050.179955958156
972,11820,-1.2783842289594558,-1.1576685900139885,0.12861084104286472,0.3546407587572695,1.803250602302506,16076.37506525009
973,11840,-1.280357908294449,-1.182501666046803,0.10111296520695476,0.35432115773683676,1.8039172261191714,16102.257159833098
974,11860,-1.3318608990215708,-1.1810362375509733,0.09326350506502495,0.3538963156503789,1.8046552791205752,16127.874211916002
975,11880,-1.3130385834905942,-1.1113125139344953,0.1660059202699217,0.3536657499586492,1.8060319897265966,16153.49213499995
976,11900,-1.3078163613237672,-1.0653737891730675,0.1914192516487864,0.35333295024954925,1.8064937263524263,16179.460640916135
977,11920,-1.2729407634713032,-1.0503905405210905,0.2006813080010687,0.35265800048218915,1.807334505636417,16202.262967708055
978,11940,-1.268689028394042,-1.1465052083276766,0.0982750023002438,0.351761036954707,1.8081238475281145,16223.959213708062
979,11960,-1.248499648228898,-1.0512280110014929,0.3559270973078682,0.3509228551847139,1.8086750311477282,16245.496046375018
980,11980,-1.2907286444010664,-0.6339192460651601,2.4403144597989876,0.3495538365587742,1.8094251913503578,16267.688459875062
981,12000,-1.3132247575161253,-1.2141187218703922,0.0856231657070245,0.34782541578656495,1.81011060166357,16289.8518651661
