generation,evals_used,best_fitness,mean_fitness,std_fitness,sigma,condition_number,wall_time_s
1,10,-0.08824737816697326,-0.012633723519471207,0.05455463834867924,0.4904289728755105,1.00597349730315,18.153045792132616
2,20,-0.20713466532256497,-0.028710008937888533,0.10719489853860559,0.4823018921570186,1.0073252810153255,34.21948041720316
3,30,-0.208240146735732,-0.05289356757878298,0.12345768737488816,0.47483434638841554,1.008101472301694,50.10586154204793
4,40,-0.3645624144363069,-0.05261733489724536,0.11513604561664607,0.46839190385503354,1.0100725070713055,65.29475724999793
5,50,-0.42807336611127234,-0.11320693360941032,0.13101128732108955,0.46270055062873794,1.0117895534245969,82.93416287517175
6,60,-0.2247295564058991,0.0019228212035289794,0.08458327686392832,0.4574444479163998,1.0135604679543984,99.46651699999347
7,70,-0.08172808056406655,0.010293549888667198,0.0447396094413082,0.4525757826150224,1.0154064691223126,120.54056208301336
8,80,-0.3359796076382464,-0.09333657959119135,0.10856517151252208,0.44816118884450395,1.0176548975492339,138.57187516707927
9,90,-0.27234780298733163,-0.11019900385871324,0.09783658421433673,0.4440843041073955,1.0199770758957247,159.31816000002436
10,100,-0.2500949403212962,-0.09687317926551282,0.1041700309736718,0.44014469903456616,1.0224951552837935,180.6520897920709
11,110,-0.18517301322727864,-0.049958599683375036,0.08659610492919344,0.4364747916612915,1.025144656054553,203.33386470819823
12,120,-0.15505644890419923,-0.08389481297121604,0.04325451218941599,0.43310396100676046,1.0281145841367154,222.61382216704078
13,130,-0.09927447955475088,-0.03683976526693167,0.05851111178816587,0.4300083250787369,1.0313869643046445,250.83308920799755
14,140,-0.1682307429033072,-0.051207503980768454,0.050751061982241774,0.4268572637568614,1.0345499706924666,283.836617333116
15,150,-0.29824099061853726,-0.05978851055633276,0.10413696679320751,0.4242446875133049,1.0384774283897715,308.74102137517184
16,160,-0.1695933550773674,-0.0654179080393578,0.057012095103141244,0.42204426503853465,1.042645652105694,330.32738741720095
17,170,-0.20395648305444514,-0.11005525256221071,0.06862623209344411,0.41985667283225253,1.046824982871474,348.8970209581312
18,180,-0.2118607385960818,-0.08489852634842335,0.06827590381548919,0.4177821502693781,1.0511201243804864,366.05620391713455
19,190,-0.17697715665998448,-0.06253181685394997,0.0656018991547768,0.4157166041696428,1.0553910783978744,385.24632741720416
20,200,-0.17816713177225108,-0.05536928997682944,0.08928682945770301,0.41415300307392744,1.0600379067040133,403.4755180000793
21,210,-0.152178050327632,-0.06525787476591338,0.07908715332879891,0.4123943390443689,1.0646155622543982,425.0049433331005
22,220,-0.2106948993834763,-0.06902743471025419,0.08425314421487735,0.4109259768441218,1.069753679317774,448.52904325001873
23,230,-0.216092536672865,-0.1286848633344916,0.05502599675931443,0.40976063195819856,1.0751797992509824,469.0751561250072
24,240,-0.19139943741627974,-0.12558487197641713,0.06561466006259377,0.40837157310263134,1.0801496821904981,485.51212612516247
25,250,-0.24763263927274703,-0.14527980420801248,0.07247369745113456,0.4072993557926281,1.0855601322339958,502.4251814170275
26,260,-0.2198007932128574,-0.11573666998247782,0.07604378710275762,0.4062675672088077,1.0907231817405527,520.7826227920596
27,270,-0.2990199897195458,-0.12982782342268387,0.09166911831240081,0.40537414172859126,1.0958676583593718,539.5327712500002
28,280,-0.2513130508471306,-0.09468218659345914,0.08670041865210322,0.4047016312828435,1.1012973368353205,559.2708361670375
29,290,-0.24860475278392702,-0.10509957371436611,0.09994253217433716,0.4041549960980316,1.1067994479175576,578.9330820001196
30,300,-0.19267320959013556,-0.08566607937008497,0.07962488278394342,0.40372559316449463,1.1127591297684767,598.8378229581285
31,310,-0.2607738577863765,-0.12966102005508598,0.060028294384674066,0.4031870655431035,1.1184588325501277,614.4869324581232
32,320,-0.349309789833125,-0.16128153537931605,0.10687215073092649,0.4025068612673489,1.1237866106113616,632.5499527500942
33,330,-0.23200320115704098,-0.11317413563104414,0.08173353882095516,0.40182051669559066,1.12901035678466,648.7217619582079
34,340,-0.2840327304955146,-0.09968182295112041,0.10157687035079978,0.40126895665130535,1.134275515545148,665.6461954580154
35,350,-0.23624749924579103,-0.12282473409833292,0.07744275990446,0.4009184824588777,1.139828492672042,685.477669792017
36,360,-0.2108682808533846,-0.08800261691818881,0.0834728497459126,0.40037687220330165,1.1452365643544895,702.507116583176
37,370,-0.23733643746740984,-0.11214065358309408,0.08978622627696067,0.39974618179120863,1.1505465937220378,718.7487667081878
38,380,-0.3273888472249489,-0.1804306832376299,0.11860181720366444,0.3990997325966669,1.1557039181030384,734.1975643751211
39,390,-0.34548722927807685,-0.1059835161008423,0.10972320707024452,0.3984102027619355,1.1607768542568244,752.4003426670097
40,400,-0.22260791417380688,-0.09951760395604677,0.0783080480297534,0.3977909487693322,1.1659617218198937,768.2707212502137
41,410,-0.3085769930152997,-0.18178943002086223,0.10373215784984435,0.3970220203549643,1.1708643862859673,783.5050961670931
42,420,-0.28619232377946346,-0.09315527107743984,0.1304667734207858,0.39592093784990084,1.1753360577515028,798.9211880830117
43,430,-0.5854936692743262,-0.2461350316200078,0.1258635153053285,0.3951243289596723,1.1798000735263585,815.558126125019
44,440,-0.42683348198826465,-0.21775938776846884,0.11086344927537489,0.3946734500835041,1.1845516867901191,834.3469820001628
45,450,-0.2455762258604013,-0.11046890060142331,0.08280208306620886,0.39400767346353127,1.1892717922824152,851.8011920000426
46,460,-0.2668864573236114,-0.14377749663658843,0.08728928046648587,0.39317571212871977,1.1938879387490595,869.5072024581023
47,470,-0.28605224955485475,-0.1446022215027516,0.0855115049251463,0.3922286898164006,1.1985116563370823,886.0058221251238
48,480,-0.3023366392408029,-0.09365889392818802,0.1433338799121067,0.3909757049698623,1.2029704755145674,902.4028591671959
49,490,-0.2662854833420072,-0.10659874339489273,0.08607549162555596,0.38968367039491725,1.207086895513111,917.1238988752011
50,500,-0.24905679741218112,-0.11715913600106909,0.12280774239103961,0.3882587546868036,1.211038460167123,931.7434979171958
51,510,-0.23849646130669555,-0.08567440879076234,0.10027254369112361,0.3870444420094097,1.2149322965013118,945.7609720830806
52,520,-0.29305647344559826,-0.0813486462000017,0.18617418736456315,0.38580705174125596,1.2185656001232203,960.9635637500323
53,530,-0.2545058791823056,-0.12159691568906998,0.0867434145899189,0.38470019057083604,1.222174573098216,976.089334250195
54,540,-0.2784559363254244,-0.11788126500496636,0.11067561166790052,0.383990023283417,1.226199434790039,991.0833564579953
55,550,-0.28664390257307737,-0.09368746908757605,0.12364630615345669,0.38354708039164614,1.2306451352853602,1005.9086478331592
56,560,-0.24200935402558432,-0.1350404974089625,0.07807484096998037,0.38314143989986454,1.234544529063266,1020.8130925830919
57,570,-0.22206312670468265,-0.08048294392990192,0.09163519012264251,0.3828515754421053,1.2385671137069048,1035.2929772920907
58,580,-0.3525397074601928,-0.13394654612206036,0.12740947454037563,0.3825647830271026,1.2423154125101474,1050.0675555001944
59,590,-0.22678980117324166,-0.090806280622063,0.05972549552578238,0.38207777221951594,1.2460570321474809,1064.722316000145
60,600,-0.2178819564430432,-0.10202948471430232,0.0692922061566702,0.3815684822722523,1.2495262835985508,1080.2675012079999
61,610,-0.23830234167937725,-0.14030766398041514,0.09597402293469698,0.380952561967199,1.2530616261601293,1095.486561667174
62,620,-0.34572706542042475,-0.19289042292951714,0.12077941879948693,0.3804580901922243,1.256622028630153,1110.8569169170223
63,630,-0.29306206637171694,-0.1544131373855369,0.08229436726824872,0.3798861338206093,1.2605377711533563,1125.8721635830589
64,640,-0.26802924641648307,-0.1918129027721304,0.067607833712414,0.3791925916553392,1.2642553306362885,1141.0680289170705
65,650,-0.421434442949427,-0.16257787868023216,0.11029366420584918,0.37840244847744475,1.2680786283920058,1156.1483039171435
66,660,-0.31124615305066516,-0.1913078422857139,0.08590254052073411,0.3776879714086949,1.2719418552256196,1170.8531688330695
67,670,-0.29661309874204367,-0.23092517768729337,0.056019449614380525,0.3769772787729177,1.2758415903717015,1185.6858732081018
68,680,-0.4093857488601387,-0.23279486505581284,0.11658069986919152,0.3762141410660361,1.2795484201557528,1200.4575745421462
69,690,-0.4203228833793178,-0.21564212581529843,0.12012532144129724,0.375321607649476,1.283264851871773,1215.1942739170045
70,700,-0.3848243856041851,-0.24737110186385286,0.11530664048588386,0.3747176660960441,1.2869510103501935,1229.838075333042
71,710,-0.45589803723720745,-0.15218632399748885,0.17462359416710227,0.3742617966148535,1.2907898428575293,1243.9239683751948
72,720,-0.432123076344908,-0.3135754122850237,0.08951570066593247,0.3739352320747599,1.2944064633179242,1258.5099935000762
73,730,-0.5348091565407005,-0.28673029815276285,0.2313862696920006,0.37361101412865866,1.298110631394522,1272.8865355001763
74,740,-0.6291282130275144,-0.251464865057228,0.17203678869802833,0.37342607183838034,1.3016793094958214,1287.107959000161
75,750,-0.3172614134602174,-0.15777693290305211,0.13284215300274838,0.3731258442063831,1.305326834381758,1301.7313278331421
76,760,-0.4794604142737624,-0.1301856055920072,0.144324154491095,0.372583093755808,1.3088535118640232,1316.5574120830279
77,770,-0.3796449203550756,-0.19882143497373034,0.10382996099282879,0.37209010691030553,1.3125155220776674,1331.0823682921473
78,780,-0.5285462872634588,-0.15755830218473738,0.1966822398422963,0.37180409815986903,1.3159865112152518,1345.5168964581098
79,790,-0.46524477985140056,-0.10614258205403786,0.2240001945988912,0.3715273447008129,1.3193184785587244,1360.377888625022
80,800,-0.42798250296543117,-0.1197004728801165,0.1953517343261275,0.3712711306181043,1.3228497549523708,1375.027207667008
81,810,-0.606772215201616,-0.23373819201400714,0.1889017687678251,0.371087097164713,1.3265829501518982,1389.6884659579955
82,820,-0.24863336062925345,-0.13940636291272623,0.10252436161281099,0.37090368469278095,1.3303251510903398,1404.2869515831117
83,830,-0.43101157026085435,-0.17585152201828613,0.13919732906067103,0.37073920111291164,1.3341918581932874,1418.666279542027
84,840,-0.35589953045181755,-0.20330589086874404,0.13442552392425966,0.3707537445018172,1.3381564598560862,1433.294144750107
85,850,-0.3469360633635672,-0.1459162615416852,0.1342091214918578,0.3707310243502011,1.3421411743996683,1448.429133458063
86,860,-0.3483945812106706,-0.18153254479176092,0.08367779057135288,0.37069321852090353,1.345913427089839,1462.7559415830765
87,870,-0.47639027829800895,-0.23716324512506706,0.10693878071932082,0.370562947012507,1.3496310235363578,1477.9241230420303
88,880,-0.33599928001259993,-0.1974674246451852,0.09597734875424013,0.37027066447481,1.353174730965823,1492.484024417121
89,890,-0.45360670313007745,-0.23660901154436037,0.09868866077995107,0.3700492013783426,1.3569144395546622,1507.235908875009
90,900,-0.3093633622449721,-0.17941694983973094,0.09042245816080507,0.370094681381147,1.3612829119205456,1521.3462655001786
91,910,-0.4754436519628511,-0.2440432849825111,0.12070849814460008,0.37012730581490694,1.365323337655595,1536.1683074170724
92,920,-0.3994933835060115,-0.26205986701233197,0.1012575919414203,0.37026859515963256,1.3695588729704014,1550.7642547499854
93,930,-0.35444429276639955,-0.17080084652629335,0.13603807059467243,0.37051518903352637,1.3740196927862103,1565.628385832999
94,940,-0.32468928863378466,-0.22663903805082936,0.07318578713811003,0.37050265195208165,1.3781721096247603,1580.51302279206
95,950,-0.5334587761840677,-0.2855874875367048,0.15033545086809172,0.37063637465745713,1.3825198086720234,1594.9589200830087
96,960,-0.4081747396369648,-0.24589988099931065,0.13494023674908504,0.37071876891063044,1.386642976931456,1609.9131854581647
97,970,-0.4019841606976291,-0.24347619740249965,0.06729294452481564,0.3709129646676708,1.3907431427125252,1624.3463053749874
98,980,-0.3470932956210513,-0.24203923877650108,0.08263512233111833,0.37097002798159984,1.3947815162484969,1638.9077730001882
99,990,-0.5597321877809502,-0.25444573279692567,0.11116613702875505,0.37093965105331145,1.3985192121482184,1653.6063361670822
100,1000,-0.37107742242932584,-0.23020944616051703,0.10597523146060213,0.3708999277861936,1.4020828379510473,1668.5472415001132
101,1010,-0.40056352019977837,-0.25678948040263344,0.09447157492457313,0.37085333697785566,1.4058338516272553,1683.0501237499993
102,1020,-0.5800226312206531,-0.28796282882837243,0.1536818216087198,0.3707123257942092,1.4094159294368558,1697.5789075000212
103,1030,-0.5908041100949593,-0.3153785888923032,0.13335539178939027,0.3706143404308867,1.4130897771827706,1711.9566567081492
104,1040,-0.42867056973505857,-0.23182503196924067,0.1053844036146389,0.37076229071802497,1.416677768400161,1726.8293409580365
105,1050,-0.5900300758354708,-0.2777623778254331,0.13088526803526554,0.37096511682596284,1.4203667896323091,1741.4760413751937
106,1060,-0.48858068686387846,-0.2436960022299491,0.13821800694357986,0.3709887895403713,1.4238738277564944,1755.8102910420857
107,1070,-0.6091915819401974,-0.29820061469855286,0.18425380736733177,0.37091934494811374,1.4274460325483624,1770.6491153331008
108,1080,-0.6091418819357708,-0.3494410437465333,0.15776964512802746,0.3706195744026177,1.4307101472462556,1785.132229667157
109,1090,-0.5260989238686147,-0.2400806223125059,0.19920925928415456,0.3705223703169482,1.4344000957535015,1799.5854012500495
110,1100,-0.4854421998767684,-0.3204778084035458,0.09983141971381929,0.37069057494699936,1.4385400850731715,1813.8664459171705
111,1110,-0.552974312308744,-0.34487127733936546,0.15504071300714203,0.37064801205563325,1.4423636441085723,1828.1320353331976
112,1120,-0.5553839775673888,-0.30568132805222453,0.13889590882097297,0.3704984868579223,1.4458487525060435,1842.2249428750947
113,1130,-0.40502710157038724,-0.32506908320243577,0.04677949303940113,0.3702913518063914,1.4491265018633697,1856.7071170420386
114,1140,-0.6047966541121976,-0.31774950092093535,0.17589179675500788,0.3700636667122154,1.4528088257262117,1871.246372750029
115,1150,-0.5561223893540541,-0.35992094157124344,0.13444303087267942,0.3698875212731512,1.4561090982381129,1885.8344180001877
116,1160,-0.5101004637574844,-0.24910982823222377,0.16625074201044795,0.36974009618483056,1.459180150247245,1900.7948091670405
117,1170,-0.3466885285669594,-0.21404039759370902,0.09761374342227758,0.36964171073548074,1.4625682340031332,1915.0083801671863
118,1180,-0.5179757694434848,-0.21779217573996562,0.16543445028477313,0.3695163012636441,1.4656062628297661,1928.9317115421873
119,1190,-0.45701433088317067,-0.21270960699055844,0.1508733263147552,0.3692557065108301,1.4684991167538675,1943.5447407499887
120,1200,-0.5717007639887655,-0.3418108060666312,0.10252302883819332,0.36904927888481587,1.4712690550454486,1958.596025083214
121,1210,-0.5393682922962411,-0.3446476503530607,0.13574847987419608,0.36891288687490187,1.474039222946147,1973.0444711251184
122,1220,-0.5481303449386701,-0.336687817044271,0.12091377923870776,0.36870891031766695,1.4764557409167496,1987.963589708088
123,1230,-0.5481034320549396,-0.36834567061844714,0.12056227680013801,0.36868379316828936,1.478912862583789,2003.9793195421807
124,1240,-0.5319479520135006,-0.2783787247135482,0.20895411092961524,0.3685640247533354,1.4812792046300376,2019.6974737080745
125,1250,-0.6311434906766449,-0.29317764354594394,0.1225854521239997,0.3684100468626214,1.4835442148922393,2034.662021583179
126,1260,-0.5455083775735776,-0.2989714840277654,0.13117478114813066,0.36846755821118937,1.4863369145472338,2051.0024737080093
127,1270,-0.5558932119358566,-0.33320466049447106,0.1241895522452235,0.3685372732120502,1.489347549543715,2065.675481582992
128,1280,-0.626331052151258,-0.2852246663052315,0.1361853550038466,0.3687030414211596,1.491945491404859,2080.5337342501152
129,1290,-0.635479951940364,-0.322852141008494,0.22816019689612585,0.3688893886571407,1.4946645694851162,2094.94201241713
130,1300,-0.6655966117045846,-0.3448873295688359,0.16655938955095753,0.36895915058135875,1.4978985068182056,2109.438145625172
131,1310,-0.48128181180177787,-0.3076990305746226,0.15440645211520612,0.36908096881745645,1.5017349561676347,2123.7740624172147
132,1320,-0.46415335166511884,-0.2943223413043863,0.09036047182722728,0.3690410584685393,1.5050999482720862,2138.1509600831196
133,1330,-0.7147111291343515,-0.38086882556080115,0.24831688649004716,0.3688105637116173,1.5085832091301052,2152.4442963330075
134,1340,-0.529108207599406,-0.4154538616468314,0.09943585951183062,0.36851723473846354,1.5121069222395767,2166.853683875175
135,1350,-0.6235286893484364,-0.4177129943115041,0.16052882118772785,0.3680691888448656,1.5153620855324843,2181.397371167084
136,1360,-0.6866467527191018,-0.5451283836175762,0.11694932668556332,0.3674922212124803,1.5186221949475947,2195.770104667172
137,1370,-0.6676878301379716,-0.5244444618363289,0.17985086108505807,0.36686029993713554,1.5219937857403152,2209.997328333091
138,1380,-0.6511858242885555,-0.4347752593271216,0.15695953148549152,0.36624345355675036,1.5253077944651943,2224.516870833002
139,1390,-0.7117676018369021,-0.39142151517255985,0.1614404596389892,0.36571504317494025,1.52875213068162,2238.903730750084
140,1400,-0.590985813919799,-0.4343197877734334,0.0839459543917376,0.3653149760314301,1.5321449947825978,2253.1025815419853
141,1410,-0.6985377015682657,-0.41805091820571194,0.13804290269610395,0.36505877895809113,1.5360328037024336,2267.370535083115
142,1420,-0.6604528240801244,-0.39959808304554906,0.19278696299160616,0.36471947409552924,1.5396761536032115,2282.018239625031
143,1430,-0.5848779641814055,-0.38116151805565934,0.14773331546208088,0.36436848060158583,1.5432420387688972,2296.027900833171
144,1440,-0.4987392193159792,-0.40107144698644115,0.08950480208283995,0.36413959151116204,1.5468589981147831,2310.3493308331817
145,1450,-0.5523982343748228,-0.3764473849256369,0.14436004569686553,0.36383123441805987,1.5504005249307908,2324.528054167051
146,1460,-0.5180032472001255,-0.3951124471511907,0.08060842602423599,0.36362390892767904,1.554073429745822,2339.251820667181
147,1470,-0.5683061671343328,-0.34687794608124617,0.16802831484111658,0.36338703898935537,1.557474906986139,2354.320413583191
148,1480,-0.583788626062014,-0.3885100147367068,0.18284701376375276,0.36308151986442194,1.560706894041941,2369.7352737921756
149,1490,-0.6125421054452902,-0.44358068736692935,0.11474685648736181,0.3628667516501128,1.5637557885412803,2384.7806815002114
150,1500,-0.6878953824223348,-0.4309926581600725,0.15386806614870188,0.36294370426231704,1.5669565580288167,2399.3134102500044
151,1510,-0.6426335652796631,-0.5118354824100269,0.07037886371445469,0.36313114400826896,1.5701264040988199,2414.20602291706
152,1520,-0.5741879192668753,-0.2874027007424839,0.10482244507822659,0.3633037305897779,1.57319410052613,2429.924352167174
153,1530,-0.547560707841301,-0.3674489454348727,0.13673769952921375,0.3635379305130219,1.5762858703869687,2445.133791500004
154,1540,-0.497929059998107,-0.3484746293951768,0.11124728350240778,0.36350098809626785,1.5789721840531705,2459.915358000202
155,1550,-0.7136475279755841,-0.4163046341677081,0.15976154275886442,0.36367329190997216,1.5814804746803546,2475.9773661671206
156,1560,-0.6621795729576263,-0.4432788652531808,0.17533485931133835,0.3637188075020181,1.5837234521220669,2491.7770221251994
157,1570,-0.6241368017059488,-0.4341591808886573,0.16778642641034727,0.36377772797732727,1.585768591185494,2509.6890782502014
158,1580,-0.6820232144113918,-0.4621996307048106,0.10793008358366128,0.36375204938338956,1.5880992038304382,2525.7908873751294
159,1590,-0.6530659993703116,-0.4043135212543805,0.1546883054328747,0.36363562134626853,1.5901920802282121,2545.355222375132
160,1600,-0.7061053100014592,-0.46630494593744587,0.12431085995129353,0.36392004682768864,1.5922038408259622,2561.7422324169893
161,1610,-0.7243364799783194,-0.4747819886777771,0.17053252413918016,0.3639784186534163,1.5940077403761406,2576.7622465421446
162,1620,-0.7138226119794924,-0.5360496274514793,0.11345948356536355,0.3640082542499187,1.5958209755484123,2591.039875625167
163,1630,-0.5308776467621259,-0.38155336917952615,0.14587054903931218,0.36405378912407516,1.597501602511028,2606.016579208197
164,1640,-0.6336546071168616,-0.42513760055187555,0.17849653150341052,0.3642734940764606,1.5992424237933214,2622.3520776671357
165,1650,-0.6390246446913528,-0.4486630980220001,0.12947976771647277,0.3642614193412924,1.6008451822473733,2636.512380958069
166,1660,-0.7539639055020846,-0.43733579785557336,0.20523483517586721,0.3640043298110356,1.602284544271233,2651.021394792013
167,1670,-0.6403423123978325,-0.4038829112515388,0.16108513640474478,0.36386185243245284,1.603524761033904,2665.837307458045
168,1680,-0.8217711116776867,-0.41243292995636144,0.2114757792866043,0.36379720103916113,1.6046505256659105,2682.185125875054
169,1690,-0.8014776667633692,-0.5097401781430676,0.21635461805259906,0.3637516817583785,1.6056440513513655,2697.4095401670784
170,1700,-0.5466400812183556,-0.42781049455151027,0.11081394482950853,0.3634453866908686,1.6066604065938237,2711.364892499987
171,1710,-0.7292893253039221,-0.5383941415743525,0.16192608264475541,0.36308680610577976,1.6076669070444933,2725.506326083094
172,1720,-0.6349332917801416,-0.38914029289074276,0.17215771964259388,0.36270032774948086,1.6085614762282243,2739.668137292145
173,1730,-0.7089534979748224,-0.4499429427108055,0.1757578505057958,0.36221242475121246,1.609265484570457,2754.392024333123
174,1740,-0.6676892935897554,-0.3467773748031977,0.18603739934537744,0.3618363228895268,1.610254437350306,2769.230103458045
175,1750,-0.7867550537940327,-0.3885871732873313,0.2076015555705141,0.36154205656167127,1.6113131878422817,2783.379252874991
176,1760,-0.751164707999382,-0.5646365408155736,0.10650014524810703,0.3614197700640445,1.61242682755177,2797.3218180001713
177,1770,-0.8007915591581112,-0.5155444943054361,0.21160556838622452,0.361046167847344,1.6135609128047674,2811.0434514170047
178,1780,-0.6794264762329307,-0.4093499987376866,0.21090834321702226,0.36082443919640306,1.6146210565307295,2826.7275494581554
179,1790,-0.7340839299630391,-0.555619509515001,0.10939136857218597,0.36054871920150705,1.6155977847265481,2840.7194967081305
180,1800,-0.6301081993416462,-0.4300942142644428,0.16924935330572521,0.35999101641946,1.6166248881729597,2855.0508838749956
181,1810,-0.6127285076204112,-0.39679377972317387,0.12962589601131402,0.35947352575428454,1.6175355346707962,2869.283452542033
182,1820,-0.5681012453734198,-0.46272238170638086,0.1141648780745807,0.3590899945730568,1.6187825633298925,2883.557398292003
183,1830,-0.6196450507109619,-0.45317420806540276,0.16329960067312324,0.3585143292329371,1.6198693274570153,2897.523749458138
184,1840,-0.5267928125452617,-0.39427900570102,0.15609037528359185,0.35790695862791777,1.6208554000731288,2911.445678750053
185,1850,-0.6662322130222096,-0.43726024814844716,0.1472691342214663,0.35730126313501015,1.6218487179650294,2925.9242278751917
186,1860,-0.6825520011992445,-0.48942279981808756,0.14914564678529432,0.35655626299575083,1.6229789665202548,2940.036884917179
187,1870,-0.6369568300017026,-0.4585809737677929,0.1425762576707504,0.3558657762763647,1.62366197621354,2955.4219683751
188,1880,-0.7306994231082413,-0.4714151861631638,0.1728826370264744,0.3552764671551554,1.6242269553460165,2970.034201875096
189,1890,-0.6769047570500009,-0.4658665801262819,0.1521562500844558,0.3546363938628966,1.6247988006094487,2984.783129458083
190,1900,-0.7127771668850489,-0.5158329581805401,0.1477863257735952,0.35412638280651576,1.6254640812276355,3000.7480999170803
191,1910,-0.7118508261996865,-0.46050536779918805,0.1782685374741462,0.35384202162581196,1.6262197086970094,3016.635650167009
192,1920,-0.7597255419104672,-0.47796894513078236,0.20679774150231806,0.3532636827989764,1.6269800008438955,3031.528141083196
193,1930,-0.6904473722792215,-0.4565162218204593,0.20379148723771037,0.35277656412483355,1.6277306936831446,3047.4554496251512
194,1940,-0.6204909596449104,-0.46023712708612213,0.0995831625517749,0.35213166598794576,1.6284915883791378,3063.149694583146
195,1950,-0.8404829274329204,-0.5609865616159435,0.22046493797931702,0.3515450844060581,1.6293088611352493,3079.2897561672144
196,1960,-0.5947971251752913,-0.4118381514190837,0.12437553455838678,0.3509746511544096,1.6302393763260952,3093.4473064171616
197,1970,-0.6166741618283691,-0.40369441410971485,0.17326535370391588,0.3503955256001189,1.631070983738636,3107.6164357920643
198,1980,-0.8081207598002678,-0.42392450659658687,0.1851323752946355,0.3497501810229278,1.6318061876094483,3123.2554163751192
199,1990,-0.8222876260689134,-0.5380172151697024,0.16831079772070154,0.3489657236027461,1.632610696227995,3137.6275051250122
200,2000,-0.7541213399038575,-0.571991657230229,0.1487127298996218,0.3480000978810445,1.6332809233948293,3152.211924958043
201,2010,-0.7530186905227003,-0.5176626174225067,0.11764368780889113,0.3470335717353727,1.6340360307266264,3167.2012186672073
202,2020,-0.8746036347584996,-0.622840747494825,0.156004491495229,0.3461844721414544,1.6347392059792138,3182.323566458188
203,2030,-0.78677830523936,-0.5490528802163649,0.19993534474072713,0.3455436702706432,1.635399516106034,3197.921133500058
204,2040,-0.7411384868285289,-0.5673389995626912,0.14136788886796006,0.34509027622384925,1.636147898251524,3214.250357542187
205,2050,-0.8247382174047493,-0.5513127496405834,0.1964239226452141,0.34458411592783356,1.6367988469703794,3228.0760560831986
206,2060,-0.7632394080505502,-0.5246939881513012,0.195611382871645,0.3441624308566829,1.637482316902552,3242.5407207082026
207,2070,-0.8379281354928976,-0.6026692056684689,0.1032126148580872,0.34384483230571883,1.6380403014292448,3257.3697227081284
208,2080,-0.7601054259633049,-0.5884027036876466,0.14342735268085266,0.3434620590731029,1.6385717303004266,3273.53783304221
209,2090,-0.7796425643911409,-0.45643299181569635,0.2083267691344309,0.34297706837210434,1.639175581931628,3287.9346382501535
210,2100,-0.7924273058852309,-0.6234100744711519,0.07936414366625529,0.34235746122241695,1.6396104998198202,3302.102967250161
211,2110,-0.8523209657796942,-0.5270431418793392,0.2697643043197652,0.3416689541318879,1.6400721360006123,3316.5746651249938
212,2120,-0.7710632339787518,-0.48842571349189406,0.22876214118550028,0.34106928572531786,1.6408052315058295,3333.7521651249845
213,2130,-0.7609695494910689,-0.5268574722315249,0.19470525427486546,0.3403478812943846,1.6412277478820687,3351.079288000008
214,2140,-0.7494643529327032,-0.5685835732126703,0.14597753276775297,0.339601688822038,1.6422019275538304,3368.8741852501407
215,2150,-0.8166876425324929,-0.5025489067096222,0.22470940854789073,0.3386976096264673,1.6425500504720794,3385.9223907501437
216,2160,-0.7599964684571408,-0.5036601330570837,0.20006360966568162,0.3378570063894365,1.6431514638759044,3401.6857247920707
217,2170,-0.8431374501255515,-0.5397545469526858,0.21041111873552698,0.3370150959888923,1.6435861211587577,3415.9593591250014
218,2180,-0.8191018368883096,-0.6268657543797381,0.15297493129183098,0.3363895157504009,1.6442282818954144,3430.10145820817
219,2190,-0.7874390164943268,-0.4890403867823664,0.24879548214459238,0.3361462784072741,1.6448167968104894,3444.5098105419893
220,2200,-0.7840671279202756,-0.4847102691715256,0.24297432253639903,0.3357744760260319,1.645236875091249,3458.8129857920576
221,2210,-0.7752236408458417,-0.5637099172322613,0.16477515715378868,0.3353269996666451,1.6457350158797128,3473.1710010420065
222,2220,-0.7945859553538348,-0.5156751540583844,0.2508786164759681,0.33488858333462124,1.646065365019077,3487.3961602081545
223,2230,-0.8721264317160786,-0.6022723796273111,0.21567162175502158,0.3342096144487923,1.6464770537496853,3502.5575676250737
224,2240,-0.9773252017162388,-0.7106903089172046,0.17699849482945393,0.33374343672863943,1.646890340435061,3516.255772750126
225,2250,-1.021368178991163,-0.7439559155439788,0.20906333272320982,0.3332860073626437,1.6475081276082129,3531.058810000075
226,2260,-0.9348815716017738,-0.6124513727245451,0.26983474442132843,0.33264233766667606,1.6480330303855188,3545.761055208044
227,2270,-0.8031794696392147,-0.5924465182900285,0.19943439885177053,0.3321541477811884,1.6488944335046571,3560.2413467080332
228,2280,-0.922156357009686,-0.5552198013660502,0.3273696666232888,0.3318082569353505,1.6494977274765055,3574.451007500058
229,2290,-1.0518033905197601,-0.8222309622657423,0.14330017113499385,0.3313512281270577,1.6500792572233804,3588.2241020000074
230,2300,-1.0523326419349504,-0.7245706300029899,0.26569649418369806,0.33075613803895565,1.650540789257641,3602.6780825001188
231,2310,-0.9464092681530643,-0.6675132389990737,0.2051292498472111,0.33012398450312924,1.6510942123515389,3616.4591488330625
232,2320,-0.93979040446004,-0.4563752567602175,0.33958497456542114,0.3293945392261379,1.6515620575091599,3630.251068708021
233,2330,-0.9475209821818824,-0.6343672050180374,0.23909557175959897,0.32888093746934577,1.6529799049264458,3644.207617458189
234,2340,-0.9133860510289438,-0.7864054373614258,0.07967861134994537,0.32844025772364077,1.6542905576759592,3657.8601867081597
235,2350,-0.884594380933545,-0.6839562002813312,0.20106771331972317,0.32802726978259755,1.6550384194661707,3671.234990333207
236,2360,-0.9543620367694663,-0.6304723010877782,0.24441683460588978,0.32756491814438415,1.6558912124348137,3685.194499875186
237,2370,-0.961021380775902,-0.7551456976330096,0.14168274022192104,0.3270197139805817,1.656586103325235,3698.9134986251593
238,2380,-0.985013803222663,-0.7555759878743807,0.21732754560958722,0.3265312566235394,1.6574748807610773,3712.2669700831175
239,2390,-0.9729782795528807,-0.7558942172335285,0.1760175180350484,0.3262995431417991,1.658351384631162,3726.0452377081383
240,2400,-0.8160882054861585,-0.5685672116794167,0.21691420240409467,0.3259072606878786,1.6592304222123884,3739.8559066250455
241,2410,-0.8844459729460041,-0.47999118195799645,0.2833617785823068,0.32564142234286597,1.660100233409651,3753.6247824172024
242,2420,-0.888393672881544,-0.5644466661880015,0.2059789900601954,0.32536083081650113,1.6613121925050212,3767.690636875108
243,2430,-0.9059503468845733,-0.5815649382389787,0.21344922528781132,0.32511460266424624,1.6620991243139045,3782.2730753750075
244,2440,-0.9291901095596096,-0.7127478303063308,0.18337011265932865,0.32475415115681167,1.6628403110665115,3796.442650000099
245,2450,-0.9116248330380188,-0.7179264421557667,0.15322402675264074,0.32424222462813695,1.6636219762277025,3810.0180813330226
246,2460,-0.9366089955899479,-0.8069188890743609,0.10412536422791173,0.32372639226733396,1.664344079055268,3823.8384260421153
247,2470,-0.9729327851462584,-0.7680189221855254,0.17756091939566068,0.32336497834947797,1.6651239077985907,3837.5806135830935
248,2480,-0.9478497057298307,-0.7069246749522451,0.20851947333277823,0.32290760292666426,1.665645186179117,3851.616446333006
249,2490,-0.9471838573403444,-0.787529731080912,0.14141402682405307,0.3224292875555359,1.6661153555550048,3865.241197500145
250,2500,-0.952987480181184,-0.7110497197084383,0.15969123449324624,0.322030413026583,1.6666674117062654,3878.7699070421513
251,2510,-0.9813126194780555,-0.8114711412795644,0.17851736025104922,0.3218557154782316,1.6672004123706443,3892.5399760000873
252,2520,-0.9908162828981597,-0.7955740308406128,0.16287522662637502,0.321735053648709,1.6677716713293658,3906.228593833046
253,2530,-1.036537967696992,-0.7737302566915498,0.18484101230963704,0.3217711394665798,1.668457368671221,3920.014137667138
254,2540,-1.0529075547333093,-0.7740308811608946,0.1666963734902555,0.32182802915800285,1.6692947397249012,3933.72321416717
255,2550,-1.0486951744838828,-0.8308558707802639,0.15992380807950596,0.32177263687989094,1.670151409090687,3947.0410977080464
256,2560,-1.1355673999532252,-0.7023970774292855,0.35625851694966304,0.3216536127908714,1.6708092565134538,3960.727549875155
257,2570,-1.0672615915867674,-0.8355048532635541,0.1798534638170231,0.321533692531684,1.6715596180164505,3974.124151292024
258,2580,-1.0271401546040186,-0.7722558138661669,0.19292346778577957,0.3213800130800921,1.6722659196102994,3987.7754654171877
259,2590,-1.0458894084349897,-0.540099013445715,0.3988766224468204,0.3211542405527404,1.6729418402106861,4001.110619792016
260,2600,-1.0540525908621738,-0.5963485978609311,0.33248755407481656,0.3209002203936118,1.6737234974377126,4014.536800667178
261,2610,-1.0090768429917913,-0.7009962467085206,0.297203697775312,0.32078014434296265,1.67438697859193,4028.8652823751327
262,2620,-1.08372481588796,-0.7875072298394125,0.18119505586504867,0.3207298774170575,1.6751576834772701,4042.481785250129
263,2630,-1.046403208829421,-0.7789021777671827,0.2876154038670984,0.32068769606620084,1.6759700896274279,4056.1589637501165
264,2640,-1.0024760088811213,-0.7628277816286346,0.26220122342182123,0.32051535654643076,1.6766918877466448,4070.0868200419936
265,2650,-1.0426269648074582,-0.8753360493870556,0.127401847654469,0.32040210221473053,1.6776295685480913,4083.705841958057
266,2660,-1.0236242669855242,-0.7732070570204821,0.2583291755606015,0.3201571843451265,1.6784594902623826,4097.380908458028
267,2670,-1.0577154244707012,-0.8483940209282672,0.2006490063149372,0.32009144140996604,1.6792335877838187,4111.125391125213
268,2680,-0.9084187417714595,-0.5298333651013968,0.2749927515312177,0.3200595134309034,1.679966963138153,4125.793408792
269,2690,-0.9557405819723819,-0.6424680029403707,0.2538024149947501,0.3201779083533569,1.6806502412447841,4139.468780333176
270,2700,-0.9769421565215968,-0.731427725098867,0.23328169872954505,0.3200238746180922,1.6811678378850206,4153.329117208021
271,2710,-1.0533030724331711,-0.6302083170040356,0.3675465302526637,0.31958024368140414,1.6820527978088384,4167.440477292053
272,2720,-0.9853496704502422,-0.7025167994243253,0.2637850889624741,0.31913028455289244,1.6826667284478396,4180.536153417081
273,2730,-0.8173351891891771,-0.4075197603194371,0.23831149080033856,0.31862951297071235,1.6832650990130806,4194.309038167121
274,2740,-1.0059825003367822,-0.7618914112266941,0.2577525839010543,0.3181159598068051,1.6837890766157548,4207.752133875154
275,2750,-0.9140051742036217,-0.7730373212577341,0.21377549838670004,0.31770345443702586,1.6844253676801204,4221.380358583061
276,2760,-1.0283817975149185,-0.6479074504002664,0.27353950801855775,0.3173800724955658,1.6849794897408956,4235.368600750109
277,2770,-0.9279338788380391,-0.586911273385389,0.3031639479613487,0.3171921681883497,1.6856443953117117,4249.078657667153
278,2780,-0.9178290923994004,-0.3052534723123836,0.44013250790051944,0.3171393627764251,1.6860434095232821,4262.649986958131
279,2790,-0.9026683095833334,-0.4862965275713494,0.3369912644209756,0.3170033737754631,1.6865323417580875,4276.73987641721
280,2800,-0.9851131096364227,-0.4715349546230433,0.38299020543477597,0.31683485149386686,1.687139967210107,4290.645285458071
281,2810,-0.7971624655186851,-0.3751622180530373,0.25138100799016455,0.31650170582609655,1.687751516824155,4304.489653542172
282,2820,-0.8647288378463998,-0.4811023504981692,0.3412412562406993,0.3161149738521089,1.6882283838980279,4318.098131625215
283,2830,-0.8561912705162076,-0.5506966385405418,0.2302711443837604,0.3155313013538752,1.689063073173368,4332.011971542146
284,2840,-0.9854668280046104,-0.37567908238909464,0.288607011993332,0.3150508648643885,1.6899542534550451,4346.094745833194
285,2850,-0.8853063221930784,-0.37276586837501063,0.3459841069531203,0.3146886133626191,1.6907474487164396,4359.964784375159
286,2860,-0.8243272638767776,-0.5980888110730416,0.17671780027185874,0.31446083269723246,1.6915324097792035,4374.136427333113
287,2870,-0.9874521481660441,-0.6705724182706014,0.2608434950297631,0.3142474506030095,1.6923865727771799,4388.239602167159
288,2880,-0.9212323311073982,-0.6784183526468508,0.26584629633653833,0.3141174230046667,1.693272365068681,4402.02756254212
289,2890,-0.8774986664725306,-0.7586679722136972,0.07875575975137039,0.3140139895439061,1.694185685305942,4415.52510079206
290,2900,-0.9512910990799259,-0.47525896117705174,0.34841145272989504,0.3139384908768728,1.6952865608438776,4429.354395083152
291,2910,-0.9072527607872871,-0.7735145326167872,0.08482001129783799,0.3137125780168999,1.6965096936746162,4443.176098500146
292,2920,-0.8529400642857219,-0.5965972584076435,0.2841721726904686,0.3133798082179932,1.6976595599924573,4456.561350000091
293,2930,-0.9690239375772682,-0.6879177977402989,0.29429181073636274,0.3129547037889527,1.6986980126738511,4470.510810167063
294,2940,-0.9648552352205053,-0.8043544486515792,0.12159462601122768,0.31252403001474593,1.699787981112386,4484.434405917069
295,2950,-0.871383609825406,-0.715939969784966,0.12366323658719428,0.3120859495680498,1.701045094402078,4498.42997420812
296,2960,-0.8440774627329786,-0.5532054821007987,0.28882517235137084,0.3116435930047591,1.7021850989956477,4511.982858958188
297,2970,-0.9250599169244333,-0.5858893650477037,0.29887114796680236,0.3111341073230197,1.703526284455404,4526.1843944999855
298,2980,-0.965874685232218,-0.7571182238796678,0.1225207517304971,0.31090901682961414,1.7047558027273597,4539.712282167049
299,2990,-0.8796568739804886,-0.555820017259727,0.25364813697941524,0.31071607630977416,1.7058976161312724,4553.034566750051
300,3000,-1.0132368992880316,-0.7489573070738955,0.232085572497235,0.3103717302869332,1.7068806235424534,4566.987956750207
301,3010,-0.9668888131738322,-0.7265645759017273,0.1992741086595401,0.31013035602615885,1.7077566636541381,4580.655671833083
302,3020,-1.0146437053919097,-0.8442921664926871,0.15828620519396983,0.309904566671302,1.708623488968239,4594.333543708082
303,3030,-1.0675563501031435,-0.875932094635481,0.08478229770240048,0.30970764266887835,1.7095134361711481,4607.668005292071
304,3040,-1.0059057153595452,-0.7911188522940277,0.17447944447476682,0.3094978500969499,1.7107864941236077,4621.397924375022
305,3050,-0.9337554523682439,-0.6492728132169497,0.30065468920513116,0.3093683833238933,1.7117951554706234,4635.352193500148
306,3060,-1.0039592851049433,-0.8922439320054089,0.12488810360552215,0.3090960168442554,1.7127507588257733,4649.053854958154
307,3070,-0.9792660162563003,-0.7315822409361193,0.2953492345932395,0.3087579316261483,1.7138037308435414,4662.716282250127
308,3080,-1.0210678267913513,-0.8151647600881461,0.16385336338063541,0.30815612640023377,1.714825114213297,4677.187560333172
309,3090,-1.0235852644121364,-0.7428565369036444,0.21253491097968172,0.30745755242889583,1.7155749349069072,4690.892156958114
310,3100,-0.9909834017790518,-0.7270605924319626,0.28075272525187017,0.3066159117804641,1.7162250720179895,4705.244412583066
311,3110,-0.9873230746412789,-0.6774316676397522,0.27461865503033717,0.30577922562208104,1.7169606980035188,4719.316711500054
312,3120,-0.8678485501913071,-0.5049832632123962,0.3381482730885885,0.304912475940927,1.7175053635267614,4733.442937833024
313,3130,-0.9427794846635278,-0.6846740301201335,0.2212106293612153,0.30409675714807477,1.7180907938809358,4747.381144542014
314,3140,-0.9493679323091566,-0.6264791935344025,0.3471184294092928,0.3032938562743808,1.7188563212250314,4761.306530000176
315,3150,-0.9969393622719407,-0.4854724661312984,0.3391395894337893,0.30239440296282216,1.7197252629069009,4775.26796187507
316,3160,-1.0179326082153821,-0.6904965024807485,0.3147174952341739,0.3015828702797765,1.7206484302428369,4789.317702000029
317,3170,-0.9927361289357721,-0.6695207773552903,0.3436906692537492,0.30079053861430827,1.7216254961907966,4802.974621292204
318,3180,-1.0252144555525282,-0.5646585904839693,0.37162042201498363,0.30005004044159533,1.722473597119384,4816.683122208109
319,3190,-1.0149219991652467,-0.68567471693588,0.33146693081731693,0.2995150717746171,1.7241209618259399,4830.597936000209
320,3200,-0.9641924231918475,-0.7470253775135659,0.17447775242603242,0.29886151067462335,1.7252632723516805,4844.2236377501395
321,3210,-1.0148033244813597,-0.6991695044528548,0.3467401939751711,0.2981774880652947,1.7264749316470316,4858.071960083209
322,3220,-1.0410103969518287,-0.6797587940412215,0.2924107633886883,0.29754831984630553,1.7275662397719551,4872.2154413750395
323,3230,-1.076684879161391,-0.863866244368906,0.1775039987492849,0.2971437294246769,1.7286237098311128,4886.392949583009
324,3240,-1.114645958451156,-0.972089582834846,0.096990139206946,0.2968114319745081,1.729401656728936,4900.298167667119
325,3250,-1.0844226428902441,-0.8466246358972119,0.2742094633448573,0.29647745741984166,1.7302276959086103,4914.08930800017
326,3260,-1.0770839206981098,-0.91001953606677,0.113407847124269,0.2964224015476587,1.7317679966515853,4927.84408900002
327,3270,-1.059060259640085,-0.8822894307037386,0.1956226922649955,0.29646698312423125,1.7329507401967188,4941.38155358308
328,3280,-1.0513350047567922,-0.7649303020027262,0.26346431334038833,0.29662112049074135,1.7346613808965756,4955.006139625097
329,3290,-1.0381979750848966,-0.8914199080823705,0.22716621434891793,0.29686696483122815,1.736275680710681,4969.754598667147
330,3300,-1.028052665018679,-0.5755347256445273,0.2727879082596953,0.29721786428474023,1.7377819031331034,4983.809759875061
331,3310,-1.0634101672224192,-0.7622159268620576,0.3737113666794795,0.297406949721771,1.739481314047084,4997.456554125063
332,3320,-1.0593480209455226,-0.9542205994876557,0.1299927897027532,0.2977136122217135,1.7409644818658745,5011.271128875203
333,3330,-1.1078403028988628,-0.8382750032119602,0.3115443530993587,0.2979520218152491,1.7425209080099042,5025.074743625009
334,3340,-1.1366267350728538,-0.9951782074489849,0.2656565517863123,0.29813080546654425,1.744039658331318,5038.58721308317
335,3350,-1.1175248826708177,-0.8463863920197155,0.282669470125329,0.29843503124033266,1.7455678798808756,5052.343567917123
336,3360,-1.0801545892988331,-0.883247255124215,0.2441430547650511,0.29866910560380017,1.7470587576167245,5066.4129205830395
337,3370,-1.1090401468063567,-0.8326703530433746,0.3320268203845089,0.2990061324383079,1.7485790568848005,5079.939485417213
338,3380,-1.0797094992546556,-0.9595873891018595,0.0974213774792163,0.2993613098927154,1.7500209690276138,5093.923436000012
339,3390,-1.0615625406951112,-0.8276675530215094,0.2875927787363751,0.29953888688989494,1.7514101202714412,5107.678243833128
340,3400,-1.057768511100769,-0.950837930760434,0.14766895912310565,0.2997327336512787,1.75289978965909,5121.425838208059
341,3410,-1.0948557351450567,-0.8798826020814723,0.2316525083973176,0.29990514224045983,1.7544859497687726,5135.287672292208
342,3420,-1.0832191259728,-0.9192163851897295,0.16787140023728753,0.3000307364817849,1.756185740349088,5149.591998208081
343,3430,-1.0773127780736544,-1.0321079097252621,0.048281753976727564,0.3001291342713574,1.7580763403714157,5163.299902375089
344,3440,-1.0632847722332563,-0.9846693462105126,0.04992151679771138,0.3002721515276999,1.7599915955190257,5177.486362917116
345,3450,-1.068767711402959,-0.919692387788529,0.1782819312669655,0.3003474823137708,1.7619767848880423,5191.512614000123
346,3460,-1.0903114348964058,-0.934951260513408,0.14764372874093457,0.30051434296459695,1.764348765097154,5206.858402125072
347,3470,-1.092797170638038,-0.9280769760258767,0.18127804262186636,0.3008495389733668,1.7668209658695875,5224.188126458088
348,3480,-1.0745475731810208,-0.9074209893922326,0.16573244833107864,0.30119493291064026,1.769742707585434,5238.428522333037
349,3490,-1.0837138168022884,-1.010572548558843,0.07999090548788525,0.30162537344920454,1.7724708608035686,5252.418681167066
350,3500,-1.0969218490295685,-0.9063736419638854,0.16940284372731537,0.30220449482980427,1.7751147594523258,5266.315949125215
351,3510,-1.1167378333828717,-0.9058446375707512,0.18871655274059085,0.30263999065194497,1.7775750849568852,5280.928037957987
352,3520,-1.1046101815191802,-0.8141864180506395,0.2935692628645541,0.30297718133020235,1.7802366373343594,5295.382650792133
353,3530,-1.0999003612161395,-1.047038086986587,0.04155927721036741,0.3032869928076859,1.7831395469699258,5309.312803167151
354,3540,-1.0808391451306338,-0.9351311309205691,0.2512281673900843,0.30339034171907125,1.785950368731696,5323.879630916985
355,3550,-1.1002810275271564,-0.9324061953426117,0.2496965773338352,0.30345340751525096,1.7886437087536988,5337.880055583082
356,3560,-1.081580857129242,-1.0076662487319745,0.09409198142231717,0.3033592753971506,1.7912233837235796,5352.104708375176
357,3570,-1.1144563915807222,-0.8916677738128758,0.23063918396238284,0.30337005345002616,1.7935666843176057,5365.976045500021
358,3580,-1.0996156612796808,-0.9368010076215455,0.17643774633336556,0.30344057612902453,1.7960771382507605,5379.960000792053
359,3590,-1.1227107524142452,-0.9689792259570187,0.20164856374748624,0.30344954587182676,1.7987983727751238,5394.425447750138
360,3600,-1.0816116042465609,-0.9500009180557235,0.16794228512082934,0.303531833148867,1.801981869816621,5408.513605375076
361,3610,-1.0898557631461143,-0.9373236150551371,0.1720870936531299,0.30375629721014735,1.805001248602638,5422.596119792201
362,3620,-1.078896676255944,-0.7868319871044697,0.26887906751781115,0.3039620257296209,1.8079506795034186,5436.639146792004
363,3630,-1.1095019455418447,-0.9094874210148245,0.2540640357265888,0.3041115211818076,1.810686805340319,5450.73311633314
364,3640,-1.1045461415278037,-0.8556098891134016,0.35285349683637923,0.3041358380044203,1.8131667958391682,5465.34055845812
365,3650,-1.1332101716518368,-0.9219218519233593,0.2692698927956049,0.3041560890494503,1.8157328684231226,5479.313474167138
366,3660,-1.0906652047696674,-0.8731455352640815,0.24598061903518967,0.3042452265535171,1.818762863673646,5493.557570667006
367,3670,-1.0788948848631383,-0.8754097348030145,0.2718789159256924,0.30419397049856634,1.8217291364063908,5507.491439583013
368,3680,-1.0951677932232018,-1.0216549043339576,0.0748248752992206,0.30416565473545204,1.8244273743374515,5521.340112457983
369,3690,-1.101052050238061,-0.8595621779091381,0.29661861450896587,0.3042037135308817,1.827441708283379,5535.29477729206
370,3700,-1.1343557936687096,-0.9516924583532609,0.23087942744483195,0.30422360260277653,1.830372966554197,5549.156790167093
371,3710,-1.1216036368982678,-0.9262661424709563,0.28470496175402804,0.3043198146023452,1.8331267801928104,5562.9592556671705
372,3720,-1.1637102681723812,-1.0210237548335437,0.16389548583152164,0.3043424908427662,1.8357173568966065,5577.005439125001
373,3730,-1.1708518512014878,-1.0763349006690897,0.0665513590159396,0.3044844292617388,1.8381383104713913,5590.926156875212
374,3740,-1.130125418219432,-0.9490770826027399,0.16285719393259987,0.3045518693261591,1.840596622944953,5604.591944042128
375,3750,-1.1338408753781692,-1.0242287366078702,0.07120990649223215,0.30467869187888774,1.8429439160001486,5618.8588277501985
376,3760,-1.1526688511291576,-1.0078061632180038,0.16353358717144756,0.30473652526773926,1.84524410195322,5632.7671916252
377,3770,-1.0846167054740734,-0.93977145870932,0.10726311744470204,0.3047312813931673,1.8472963630675867,5647.067845333135
378,3780,-1.143273933755025,-1.0169466650038097,0.16645914767797085,0.3047340621801965,1.8495125385414157,5661.009168333141
379,3790,-1.1670436978448464,-1.0808552704854972,0.0605674370869707,0.3049410662500695,1.8517637253685997,5675.3404600420035
380,3800,-1.1325831228650012,-0.992868762890805,0.15335434012205315,0.30514630730490966,1.854263436246736,5689.240313500166
381,3810,-1.140520011464492,-1.0384204151012024,0.08023117367021325,0.305353723543411,1.8567796854137255,5703.35175329214
382,3820,-1.1450157758189778,-1.0646994458269259,0.0600726353020208,0.30564666615077873,1.8591712696048412,5717.119075625204
383,3830,-1.1398121835588944,-0.9972806172259066,0.08602660168072433,0.30573330902508306,1.8615436556979261,5731.180996207986
384,3840,-1.1401488451452098,-0.9574433844122151,0.14361611934547647,0.305627219577225,1.863618808221314,5744.995588666992
385,3850,-1.1151886839777134,-1.0370153298054063,0.06919268047635573,0.3053976414189249,1.8653685719788307,5759.007818666985
386,3860,-1.1295689395586015,-0.9617016780039769,0.14354194720781538,0.3050369629107858,1.867045798277592,5772.917841917137
387,3870,-1.1291501888705984,-0.9383662896980993,0.135226842873403,0.3048790994033357,1.868874655319319,5786.856516250176
388,3880,-1.149263689207661,-1.0765806603136923,0.06827117001106132,0.30464812615409237,1.870833588887959,5800.648705125088
389,3890,-1.1243718077140405,-1.0291178119457363,0.10289755384581385,0.30426269557354774,1.8726075451954534,5814.278939250158
390,3900,-1.108145607463281,-1.0315768522384152,0.07743913535397337,0.3039845709604418,1.8746868076057408,5827.877462583128
391,3910,-1.169466802177511,-1.0274323722876997,0.09237258936499111,0.3037536244617105,1.876641106348281,5841.768856542185
392,3920,-1.1353502793927541,-0.9593991116765423,0.23506592812436994,0.3034604288586058,1.8785384440784585,5855.365834042197
393,3930,-1.1642830589837425,-1.0099649520593441,0.13298292469009843,0.3031827673813792,1.8806655591319246,5869.634632208152
394,3940,-1.1542959469111658,-1.0712976828038463,0.08182000203114023,0.30267935238071214,1.882773119627463,5884.0955951670185
395,3950,-1.1400670517062226,-0.9929268194139134,0.1893652718180068,0.30247830441815826,1.884730474925417,5897.8064327081665
396,3960,-1.1399201346080954,-0.9748874682722157,0.1470842493236992,0.3023584993717904,1.8871948308314594,5911.727500375127
397,3970,-1.1546574013572624,-0.9768672050293498,0.1754854537964228,0.3021703066540966,1.8893727420791384,5926.129291624995
398,3980,-1.1379999007907289,-1.0776726968438683,0.05580360792404476,0.30219195753628464,1.8913428510668122,5939.658405292081
399,3990,-1.15297535717432,-1.106343584887674,0.04129375317837707,0.30232739874022696,1.893240814492738,5953.401591250207
400,4000,-1.1427188766726504,-0.9362315154885283,0.18443058055635397,0.3023597246210533,1.895283689560821,5966.895557250129
401,4010,-1.1531742957412883,-0.9945511340055109,0.2870375195436042,0.30235786039839246,1.8971568103386744,5980.522208958166
402,4020,-1.1307213154594207,-1.0086638275578914,0.10466652422180958,0.3023747344167129,1.8991479899754606,5994.711846667109
403,4030,-1.1677524405595614,-1.0573534323604115,0.13088776810201588,0.302418152948383,1.9013330571468556,6008.500016250182
404,4040,-1.171511692069866,-1.002173272443177,0.22557843522818385,0.3025400941032211,1.903942234536791,6022.461800875142
405,4050,-1.1708561586031863,-1.046306730854543,0.10955358486060032,0.3025568394072676,1.9061253380025012,6036.4441538751125
406,4060,-1.177343671424551,-1.0866708366099271,0.08272622995400769,0.30258098617001516,1.9080937713613646,6050.167549125152
407,4070,-1.1976244398545148,-0.9473787099221921,0.3036409996942554,0.3025125207497497,1.9099286192400242,6063.8273897920735
408,4080,-1.1901557585685865,-1.1230462620557202,0.043771461017423234,0.3023190106009642,1.9121292552358289,6077.498638792196
409,4090,-1.191074961774933,-1.0919371500781891,0.09886358236766823,0.3022858806792058,1.914686892411142,6091.723149208119
410,4100,-1.1735434543595993,-1.081466010186301,0.08269262493920766,0.30204593490812576,1.9167504017389916,6105.568761875154
411,4110,-1.1794540846858004,-1.0973913835888855,0.06118794701632611,0.30183958364801033,1.9186607127034188,6119.195128667168
412,4120,-1.2005115167606588,-1.0893668735220616,0.07168084163114709,0.3016647922745841,1.921226372221471,6132.921229042113
413,4130,-1.1821177244742485,-1.0319407455526028,0.232100741232461,0.30149332414496394,1.9234262607024737,6146.863049332984
414,4140,-1.1996619157725767,-1.1042294504116168,0.10288206285540095,0.3010493575139605,1.925448647882135,6160.420662958175
415,4150,-1.1531412099171057,-1.0280021359046507,0.13320180304975382,0.30056150013607913,1.9276182220670175,6173.980587708065
416,4160,-1.188869136601495,-1.0588155079904962,0.10068690801900555,0.3001670018469761,1.9296145772837943,6187.953162708087
417,4170,-1.1708931610548854,-1.0915260896727994,0.05557444783908481,0.2999556559109443,1.9317347675675305,6201.557531417115
418,4180,-1.1620635862233204,-0.966973832105209,0.37238161714362317,0.2997503910401375,1.9339349277634428,6215.21023991704
419,4190,-1.176798193750467,-1.0687511369098543,0.1684191055724683,0.2996710580321896,1.936227046752689,6229.011993166991
420,4200,-1.2226851854162595,-0.8981368915253587,0.4274570247178424,0.29964788239904244,1.9382251535549866,6242.943483875133
421,4210,-1.1705849479803723,-1.0962951647576653,0.1274496368862044,0.2995384241832165,1.9400405007342325,6256.812420667149
422,4220,-1.2038710410103333,-1.0645016683170336,0.16555860102201048,0.29954148889271276,1.9418874917461317,6270.478223750135
423,4230,-1.2085538172249688,-0.9104857335190092,0.41553378050775636,0.2995609266998576,1.9436550201909186,6284.320164208068
424,4240,-1.1818904001789408,-0.9435326323742356,0.2911823840117491,0.2994602568887472,1.9454282165944836,6298.250709625194
425,4250,-1.1240037588989846,-0.8879513438769141,0.17051423482819866,0.2994527488806936,1.9470226643683826,6311.951882958179
426,4260,-1.1278788189223876,-0.9353776187473108,0.22338243615632783,0.29940389144279683,1.9485814949619313,6325.342538875062
427,4270,-1.1936193436651834,-0.9905947402057442,0.2637130782861662,0.29936181650458205,1.9500958417682248,6338.576103208121
428,4280,-1.1545860767121763,-1.092847299106037,0.0580873369523226,0.2993370908601171,1.9514656468426315,6352.38404337503
429,4290,-1.1201060740440125,-0.9480446110590538,0.25874995702044545,0.29938440661831917,1.9530569981200467,6365.845760542201
430,4300,-1.1801202275856468,-0.9768240471057998,0.19088900014562224,0.2993082579911901,1.9543693246871958,6379.436664250214
431,4310,-1.1988130454833419,-1.0558802954379463,0.10922010257677497,0.2993300451099304,1.955675705578243,6393.414966292214
432,4320,-1.17579991959669,-0.9110834845316076,0.3331178212505624,0.29924873449435385,1.9569614668139577,6406.910539917182
433,4330,-1.1992392400282013,-1.0822775855127644,0.11247279798041059,0.2990916538537921,1.9582464431951643,6420.474249250023
434,4340,-1.189506641498208,-1.0199085767356588,0.13223704776577105,0.29869488534549754,1.95958415040242,6434.04559170804
435,4350,-1.1658658855340613,-0.8066692980791966,0.4158427019679174,0.2984637951679486,1.9608586452542622,6447.956887542037
436,4360,-1.1532174267354005,-0.9511946932104856,0.28008392323815345,0.2982989089814813,1.9625546503237108,6461.76695691701
437,4370,-1.1748601178154336,-1.095648361068503,0.08902693568808849,0.29812047533233116,1.9641629640562728,6475.9036792081315
438,4380,-1.177594241002649,-1.095032666961398,0.06468314190891755,0.297786812057939,1.9655907166938342,6489.894872042118
439,4390,-1.1688689297118007,-1.0357010944135763,0.1257220749274734,0.29749483254857384,1.9671425363294446,6503.826256833039
440,4400,-1.1664922454136937,-0.9307489826845341,0.2977591837160777,0.2972295116147509,1.968264189175508,6517.811345458031
441,4410,-1.1430029952305567,-0.9526632390636491,0.24667215996667438,0.2970372661343175,1.9698305971490813,6531.52263925015
442,4420,-1.1508034589957363,-0.9378442151370068,0.2825645786324583,0.2969359872989865,1.9719431375256378,6545.281761042075
443,4430,-1.1695457302478145,-0.6972900882486234,0.4006347421198458,0.29674313892224125,1.973844301726811,6559.271350625204
444,4440,-1.1941760541268218,-0.9587677780052779,0.3194974195474975,0.29648342100089625,1.9754233436167998,6573.002869000193
445,4450,-1.1855152458481202,-1.0778646309848736,0.08502684081281738,0.2965168590560656,1.9771705600875942,6587.027405792149
446,4460,-1.1225162624063287,-0.9692196457803789,0.18634307556698787,0.2962202778885562,1.9786086562385345,6601.043549125083
447,4470,-1.2148165116715495,-1.0474440319395975,0.08271441999010204,0.29588443490368976,1.9799308563374627,6614.645167957991
448,4480,-1.1527320757223372,-0.875805587897861,0.3018448151842743,0.2955006380050587,1.9813098106771676,6628.799937667092
449,4490,-1.1590416318290853,-1.1029661275969551,0.02721474442731189,0.2951373505018592,1.9823433256161183,6642.423838542076
450,4500,-1.112687062826363,-0.9658706680294387,0.22309641912319841,0.29491332698693457,1.9836246095430827,6656.478824333055
451,4510,-1.129561522334499,-0.8033768467260831,0.26403033728023595,0.2946682151682305,1.9845979579074369,6670.305552958045
452,4520,-1.1219624919960323,-0.935537966100376,0.17975918724508427,0.29456353986768274,1.9858234196502331,6683.95585391717
453,4530,-1.1412143720809462,-1.076227093047979,0.04320906785600467,0.29443957374830476,1.9868219260717703,6698.114424042171
454,4540,-1.1006879618060195,-0.8217477326976708,0.373932854368375,0.294347497273221,1.987614540865289,6711.499076792039
455,4550,-1.137046369038333,-0.9467806921733676,0.21233402273736612,0.29429924141891745,1.9884819038738415,6725.269553167047
456,4560,-1.1092530927550825,-0.9975867563231651,0.13459486996028464,0.294329632145963,1.9896063754976736,6738.871299708029
457,4570,-1.0990714404389568,-0.9425132161372378,0.25036691944012823,0.29459032172170196,1.9905870771335985,6752.330567083089
458,4580,-1.1115997164877145,-0.874444070414366,0.29819551859597915,0.29503297606136814,1.9913994221452398,6766.19661250012
459,4590,-1.095866362815463,-0.8375687353387204,0.25595988712816337,0.2956148721743631,1.992376025653325,6780.193905583117
460,4600,-1.111406479367556,-0.9926761750479021,0.12284162784022373,0.2961171361265926,1.9931207067819983,6794.432900625048
461,4610,-1.0459066005421338,-0.6893418217338211,0.3044409651773699,0.2965391878348828,1.9939382899372826,6808.379545625066
462,4620,-1.0029035220206497,-0.7982865816358828,0.2597687982812733,0.2967989905888905,1.9946036363948287,6823.08469079202
463,4630,-1.0686172738227215,-0.9617762871869262,0.10060795409366226,0.2970352563974661,1.9955918406737785,6837.355366250034
464,4640,-1.0775154565392295,-0.9938387402999339,0.07114522899194775,0.2972434356581931,1.9964805637800624,6851.65738358302
465,4650,-1.0911781143783115,-0.7549621540878976,0.3763854018762997,0.29756147154077867,1.9974107304051796,6865.432965249987
466,4660,-1.1124833452197658,-0.987185755694348,0.1695914973510507,0.29768721947307475,1.9981879344939153,6879.259485208197
467,4670,-1.0991342109613935,-0.8663688177205046,0.296593601265612,0.2977369457594335,1.9988803240742294,6892.56276208302
468,4680,-1.0624300481601328,-0.5304953955885142,0.32895064632036897,0.29776496562242283,1.9996233864996134,6906.1154815421905
469,4690,-1.0598620811384158,-0.8345265878053411,0.22304839636307822,0.2980785528337909,2.0009080287168794,6919.873788041994
470,4700,-1.1344667487819535,-0.8507187969446217,0.35245725326344274,0.2983680448349063,2.0016119233524488,6934.017803333001
471,4710,-1.1086307925673449,-0.8758617398223002,0.23644690101968588,0.2986951164981428,2.0033289917998425,6948.117189957993
472,4720,-1.0688511812514312,-0.5837677843356537,0.39939127639357785,0.2988449907262581,2.00420657121304,6961.9578450000845
473,4730,-1.1214212676668085,-0.9389856704282508,0.21778308219929182,0.2991425328795662,2.0051211939810982,6975.94430362503
474,4740,-1.1600447442308282,-0.86561722517771,0.3549945322917055,0.29956272613319207,2.00610356682189,6989.688745375024
475,4750,-1.1262719368096512,-0.7537645362915066,0.43155455593854286,0.3001659824729423,2.007080094560386,7003.712202667026
476,4760,-1.083177235750532,-0.5882513130269631,0.46488808071955595,0.30082027531802413,2.007950373836186,7017.572888833005
477,4770,-1.1033131623262395,-1.059924791941799,0.038627213227640456,0.3017719775118652,2.0086850090949127,7031.19922329206
478,4780,-1.106468227669322,-0.990824066451298,0.14803554920348214,0.302742135280322,2.0090927138953822,7045.025475167204
479,4790,-1.1058084219786064,-0.9332369908139784,0.2296597275204607,0.3036971321228381,2.0096378724082937,7058.9045744170435
480,4800,-1.0675970631091634,-0.8880587151415302,0.24596156926874338,0.3046821698731206,2.0103896996988366,7073.276850375114
481,4810,-1.0766515458208081,-0.8799512483607334,0.2395323018854328,0.3056482299742173,2.0108674563001303,7087.182034166995
482,4820,-1.118589186466993,-0.9773271310721071,0.14317710069967154,0.30674280245574004,2.0116015990705614,7100.694746208144
483,4830,-1.1591694258362715,-0.9331335010792474,0.23411616960075393,0.307863837618615,2.012706933530459,7114.9958567922
484,4840,-1.1444528634259816,-1.0205095658169014,0.13696803175041095,0.3090706786450955,2.0132752773812617,7128.875299000181
485,4850,-1.213934661703301,-1.0813527115939126,0.07331669092152185,0.3102407166698831,2.0138434572038633,7142.662763583008
486,4860,-1.2005478632632363,-1.0404573427911485,0.10617231313966616,0.3113119698949535,2.0143916410864,7156.683829917107
487,4870,-1.1851679935574602,-0.9377966437490667,0.29030516034831966,0.3123472479136804,2.014900899757692,7170.502465417143
488,4880,-1.1935462163922805,-0.7107566630792974,0.4098243340751948,0.3135653442965629,2.015500309678546,7184.442547291983
489,4890,-1.1076929868793632,-0.9255947879517337,0.28041556180884614,0.3148266555346879,2.0160328755311485,7198.380299667129
490,4900,-1.1218551319835184,-0.9029096713959266,0.24599302448073423,0.31598153967655324,2.0165256194654932,7212.289492042037
491,4910,-1.161205050401378,-1.0802403517391084,0.05656248158757949,0.31706384379568936,2.0170762973755787,7226.408165250206
492,4920,-1.1727525940786068,-0.9744522291352581,0.22251598861626476,0.3180605996542541,2.017476995016158,7240.533428542083
493,4930,-1.1030187039843442,-1.0373434948352318,0.05373378788020279,0.3190785928057844,2.0178535327521767,7254.594094375148
494,4940,-1.1286274353367123,-1.0179216775714326,0.0941154716383482,0.3201489152389969,2.0183398640205734,7268.445737125119
495,4950,-1.161942652674968,-1.0715556667151156,0.09011963255674657,0.3213435080012242,2.019088962269986,7282.3542528331745
496,4960,-1.1696559436799507,-0.7771114965685124,0.37318246754698897,0.32272025966820156,2.0194740896580536,7296.491445500171
497,4970,-1.1513738308264951,-0.973605812330017,0.22750875055667835,0.3241207979433353,2.0197665637198456,7310.742299125064
498,4980,-1.1328177754154298,-0.8580321728682925,0.2844469156843846,0.3254420657525751,2.0197891611185423,7324.630174917169
499,4990,-1.148244164726636,-0.821805802069214,0.32762631590106145,0.3267193901827913,2.020251925736286,7338.424723125063
500,5000,-1.049853921907931,-0.6898802797018411,0.3440245809359279,0.3278024547361813,2.020735646271913,7352.539509875001
501,5010,-1.0865143120293457,-0.829522502033269,0.31262093496390986,0.32888490930956193,2.0211106509646135,7366.953502917197
502,5020,-1.1292131630070497,-0.9548849701594089,0.28068195673542484,0.3298284002523272,2.0217246813097756,7380.631688375026
503,5030,-1.148036660508243,-0.9803427099242485,0.24715519170211248,0.33077379765383214,2.022132284148091,7394.513239625143
504,5040,-1.1689427038921254,-0.9537578293283581,0.2556230378680048,0.3315730041306953,2.0224548566971965,7408.609737583203
505,5050,-1.1856474465347295,-0.8355364226960198,0.29268466728722076,0.3323323305989352,2.02304150580026,7422.321814333089
506,5060,-1.0941698649569203,-0.6207563506388604,0.3053951996375751,0.3331296485992477,2.0234867916819232,7436.863306917017
507,5070,-1.1098023571331481,-0.9357364487379953,0.20353716259764915,0.33400676819983605,2.023940448661635,7451.126453500008
508,5080,-1.1200673422533436,-0.6007699048956295,0.4151555931453918,0.3347995615154939,2.0242092490941355,7465.215491250157
509,5090,-1.1473844861809566,-0.954583035128563,0.26403494373097675,0.33561696732804713,2.024453471267014,7479.258081708103
510,5100,-1.148134388290229,-0.9295183705191598,0.28433741111429756,0.33630565512060634,2.024761181021177,7493.507018458098
511,5110,-1.138129613948303,-0.9636652722720991,0.2640438699030387,0.33699649500199913,2.025029285203114,7507.57829095819
512,5120,-1.122761565495371,-0.8510248872776771,0.3336121838060293,0.3379462086300392,2.0252671104273667,7521.547093208181
513,5130,-1.1375051534048932,-0.8712311740929326,0.28150107713552514,0.33893109149582756,2.025617948468837,7535.784024958033
514,5140,-1.1012326870865436,-0.7531835172538273,0.3043839011507348,0.3398763271990715,2.0259523053596977,7550.60366179212
515,5150,-1.1201776252781217,-1.0168810779951394,0.10040849013072174,0.34084102345947886,2.026397080573335,7565.00323316711
516,5160,-1.1285448444051598,-1.0172424807894471,0.11975498613312649,0.3415403180529878,2.02679752183123,7578.7213798752055
517,5170,-1.1693764063950152,-0.9544912716936761,0.2502388582043056,0.34202858421177446,2.0271473186353277,7592.496644292027
518,5180,-1.0947920258433639,-0.7874368021675319,0.27467264987136636,0.3424516362134669,2.027711858025029,7606.574750333093
519,5190,-1.099218758228008,-1.009267200728892,0.12662486970332767,0.3430521147190035,2.0283022489991818,7620.819734167075
520,5200,-1.0876114929592404,-0.8300296764296679,0.2941196360502982,0.3434554884170039,2.0286405208416265,7634.869154042099
521,5210,-1.1161273236201357,-0.8628065738495284,0.32465049470096824,0.3438117933310184,2.0289473625200536,7649.11702304217
522,5220,-1.115472843795911,-0.9046455470551861,0.2223009233020685,0.34429365386564553,2.0292105819755086,7662.9218395831995
523,5230,-1.093700403352667,-0.7607800591854897,0.38285892423827256,0.3447128266485997,2.0295932204420386,7677.619119832991
524,5240,-0.9957520333961067,-0.635010930500003,0.35665901700863717,0.344880294321967,2.03022371713898,7691.678391917143
525,5250,-1.1186068369634388,-0.7305882668287553,0.37287950240776047,0.34491099667167785,2.030974924031639,7705.639563792152
526,5260,-1.1038238105035214,-0.787991263263546,0.3038174946020679,0.34495134862705407,2.031338542222622,7720.090141875204
527,5270,-1.1197532533412975,-0.5389257754196145,0.4073766419728654,0.34486823873490763,2.0318245221393156,7734.248742541997
528,5280,-1.1498740484060868,-0.8395402060757895,0.3339330405615005,0.3446475260430022,2.032187028101148,7747.983246208169
529,5290,-1.1056955877628596,-0.9533769609081022,0.1209994020134477,0.34445373534583457,2.032556262489952,7762.107562500052
530,5300,-1.1001849541225939,-0.745049808516075,0.3232167690309785,0.3441269632444269,2.0329290173991272,7776.10912962514
531,5310,-1.0754311518792106,-0.9077898137032877,0.21109592484405723,0.3439766034225133,2.0335805287297006,7790.12164662499
532,5320,-1.0675915439928474,-0.9801680837707967,0.07013756091368982,0.34382583950417467,2.034209141564443,7803.66420020815
533,5330,-1.118007175313216,-0.8320626173407195,0.19637160033445256,0.3437637681702119,2.034780866761934,7817.125443375204
534,5340,-1.03503444973214,-0.79597070649265,0.31535346802508396,0.34376637261445697,2.0352933724690225,7830.84121595812
535,5350,-1.0523548680937553,-0.9203050221831266,0.17610289957042602,0.34390796929402784,2.0366753421826083,7844.685018833028
536,5360,-1.1019536611065837,-0.8482653348152243,0.2229724282596127,0.34405794802060974,2.037420588303387,7858.653140624985
537,5370,-1.0956484816546421,-0.8582047626612297,0.19129250666995049,0.3444080582093661,2.0382125204535155,7872.450662042014
538,5380,-1.0008488503943367,-0.6639705945678933,0.3091745396039763,0.34471191386349576,2.039039907853601,7885.987391667208
539,5390,-1.0107718512918282,-0.8118405037609004,0.15319895492574395,0.34491957568992493,2.0397828920351344,7899.469522542087
540,5400,-1.0276664781816898,-0.9388205981706804,0.05288872977373653,0.3450828545695225,2.0404961181155006,7912.998112292029
541,5410,-1.0576940433934752,-0.9254993863866543,0.08236496381614188,0.34528854077551224,2.0412539234766838,7926.97714050021
542,5420,-1.0876600823066793,-0.7823168182845939,0.21693232733481294,0.34557403685176535,2.041663339631235,7940.517270707991
543,5430,-1.03805705768172,-0.8255627982950895,0.19408598944904976,0.34585076229628864,2.0421001217086934,7954.345978541998
544,5440,-0.9763754019983049,-0.7885014354015903,0.26186245165406646,0.34619455251997483,2.0424563323914913,7967.855582958087
545,5450,-0.9557266482405415,-0.777858863661655,0.11286774279142456,0.34666718000318986,2.042832617548416,7981.598755333107
546,5460,-1.0443700992881944,-0.8089617411148634,0.22479201852058328,0.3471622805819714,2.0431308686974465,7995.33017133316
547,5470,-0.9994912831950868,-0.84707918112195,0.12357730033978648,0.3474472688207414,2.0434221404792727,8009.073778124992
548,5480,-1.0500614459533688,-0.8132397980046321,0.21258481051387743,0.3477368024699118,2.0437921222217605,8022.48280604207
549,5490,-1.0332905577851799,-0.8589099192185824,0.10846406859480362,0.3479246638702948,2.044070174067192,8036.639788125176
550,5500,-1.053034088976771,-0.8691389977047332,0.12807396320276243,0.3479560785675803,2.0444110875585393,8050.719381708186
551,5510,-1.107168841631764,-0.949210480534384,0.0839949811368394,0.34791434397268056,2.0447835219158628,8064.5309630420525
552,5520,-1.1203694910002753,-0.8639388700924412,0.15561738492638053,0.3478855989671533,2.045044820042116,8078.158895125147
553,5530,-1.0969408187681413,-0.945056635644878,0.16444827083154046,0.3478710556042926,2.045355215331337,8091.890341792023
554,5540,-1.0237019719645142,-0.7428519539455687,0.35965203412338326,0.34788525057510694,2.0454056159181557,8105.5812498750165
555,5550,-1.1014403630739427,-0.9691023071481967,0.12008184498575523,0.3478991665202445,2.0454906887005055,8119.053209792124
556,5560,-1.1413903495433777,-0.9474309223990041,0.15054473137752622,0.34788060271308235,2.0452772980684397,8132.7737608749885
557,5570,-1.1363958342074758,-0.9830300857945027,0.11435500540057458,0.3480031364341222,2.04566715627446,8146.149555874988
558,5580,-1.127172291989936,-1.0009636254432634,0.10055320152316254,0.3481266329635453,2.045949976670867,8159.788583750138
559,5590,-1.0331306363479635,-0.8818635738155397,0.1703109500225028,0.34847670796517216,2.0458877410584435,8173.207757708151
560,5600,-1.1113507607927016,-0.8784498750720793,0.2115175527361401,0.3486223325071243,2.0460373968811205,8187.0659038750455
561,5610,-1.075527053137968,-0.8026416942307375,0.2575701441924998,0.3487035112833931,2.046246688037914,8200.879263583105
562,5620,-1.1581719640182824,-0.8075665964531783,0.3086756215778879,0.3487075439190815,2.0466222946369577,8214.98968183319
563,5630,-1.0740830176917138,-0.8570794558664137,0.2775528275201331,0.34912053678356153,2.047043482791782,8229.329448083183
564,5640,-1.128177680069931,-0.8292726782787639,0.2713617311492144,0.3495490388515484,2.0477652378959057,8242.712155083194
565,5650,-1.0853078150036035,-0.5854370793214169,0.43863188000289083,0.35018489494945987,2.0484240497204746,8256.026943083154
566,5660,-1.1099148756195394,-0.8949161421021017,0.23454944897391278,0.3506977733328328,2.0489016091581096,8270.008517333074
567,5670,-1.0137993379380852,-0.7362739085041282,0.29544479566142184,0.3512867527108611,2.0491346889099202,8284.094340000069
568,5680,-1.1284072603742539,-0.8258739667593475,0.34983615119321804,0.35176221743347064,2.049634813306674,8298.294036125066
569,5690,-1.062560729705913,-0.7161658252424871,0.3181761668724619,0.35223979279034406,2.050135131773433,8312.617824250134
570,5700,-1.1173210573283248,-0.881557780556556,0.2950062211832311,0.3525488771463155,2.0505814230840707,8326.722032792168
571,5710,-0.9790095869877717,-0.7065563803277988,0.29966549819027416,0.35312733253201106,2.050982990130917,8340.581691167085
572,5720,-1.1131918242631054,-0.8523019302867979,0.26346792409209013,0.35371589871028275,2.0515571001131363,8354.683013833128
573,5730,-1.0775088948861393,-0.7419939795981197,0.3943406690176676,0.3543429119459215,2.052417870289115,8368.629050499992
574,5740,-1.0563448420841741,-0.7366646879926342,0.3804944523278537,0.3547384856666268,2.0530507305057735,8382.470555750187
575,5750,-1.09355636692879,-0.9847831475478784,0.11955996102451216,0.3551541012450821,2.0536947435438115,8396.40979725006
576,5760,-1.1126841431872583,-0.8889477109938568,0.3214658263174312,0.3556403111974998,2.0546331826169166,8410.064479750115
577,5770,-1.098534326474292,-0.9217534355163076,0.17013196245317666,0.3563854305765543,2.055652088475239,8423.417811125051
578,5780,-1.1358898475030683,-0.8384541907735275,0.30149979673576965,0.35718081550402964,2.0571172644689133,8437.315970083
579,5790,-1.0965619591814253,-0.8213260599648157,0.2308122488290343,0.35785321976095896,2.058194759187684,8450.91463637515
580,5800,-1.130241551369945,-0.9162541304445501,0.161260383907455,0.3584835676901591,2.059668218198915,8464.815130500123
581,5810,-1.1265515100183654,-0.8580493870914842,0.2524362079085147,0.35885421801098205,2.0606106377384097,8478.60770108318
582,5820,-1.1019950884198169,-0.8153080244568024,0.34922965854081517,0.3589704430796133,2.0615386512210283,8492.535838583019
583,5830,-1.0810919416766982,-0.665919740616457,0.3661823618624441,0.3591398636055694,2.062374381750741,8506.067737292033
584,5840,-1.0882687245321243,-0.7228113040748487,0.3352470179723774,0.35934806665027347,2.0630569645359644,8519.604464833159
585,5850,-1.1047171790563546,-0.9078975332581305,0.1672077768008195,0.35974366070036873,2.0640401981032213,8532.955323875183
586,5860,-1.1258007993252122,-0.8580618547434831,0.2661326496335858,0.36009441027550826,2.0649364331563067,8546.43896083301
587,5870,-1.0968746839723558,-0.7765608867341607,0.22521738458661728,0.360617429161489,2.066032246778133,8560.63834558311
588,5880,-0.9813266374821588,-0.5860132231002624,0.2644044905250361,0.3612188380391113,2.0672331354945848,8574.647885625018
589,5890,-1.0768967998822063,-0.9114309936529672,0.14539635324866063,0.36168178902337167,2.068110416089119,8588.527958792169
590,5900,-1.0585305801200802,-0.9187158249461795,0.1297302369840471,0.36196995541985383,2.0690465976089714,8601.994087000145
591,5910,-1.079770461800142,-0.8266847530300947,0.19848718001121748,0.36237987757110585,2.069915885181283,8616.020628417144
592,5920,-1.1328356004227969,-0.9909180872047217,0.12364164694238741,0.3629345496721576,2.070765323616049,8629.542174750008
593,5930,-1.1469915806142446,-0.8932920208350605,0.2783889415003947,0.3633803462178226,2.0716566666634617,8643.179198167054
594,5940,-1.134971674344106,-0.9755890658395622,0.2007118241184734,0.36376547362295064,2.0726153968587155,8656.633742917096
595,5950,-1.139931347951574,-1.0138444033301457,0.1514369497605573,0.36425747963662103,2.074124238913543,8670.125488292193
596,5960,-1.1234043327648866,-1.0515529935259598,0.05365899652419861,0.3649963665390899,2.0756004222396798,8684.615074083209
597,5970,-1.1326730139846726,-1.0446965742929382,0.08599166376985723,0.3654585551555905,2.0772100799592805,8698.345228041988
598,5980,-1.154098094936133,-0.9678845801020456,0.20501713151879963,0.3659674040596943,2.0788117722033106,8711.824813417159
599,5990,-1.135816299619636,-0.9940994331412109,0.17284466830715628,0.36626318279641984,2.080251866286494,8725.51143225003
600,6000,-1.1632950430187794,-1.0340485195934535,0.11185903681897609,0.3666909865500897,2.0820598550792306,8739.001460458152
601,6010,-1.1498553516542724,-0.9742687307675117,0.21093172804837318,0.366845573444617,2.083764879386296,8753.046344917035
602,6020,-1.1358638022362246,-0.9340011829068974,0.18480485582213557,0.3671078700251709,2.0860025662355457,8766.709116292186
603,6030,-1.1524694370071282,-0.8634853196458827,0.2832381569938896,0.3671931976295883,2.088668950852971,8780.142558208201
604,6040,-1.1392932346601956,-1.0847968151462521,0.0495527933579874,0.36730856859152505,2.0911219104115615,8793.781906499993
605,6050,-1.1411754389115698,-0.7823838917445148,0.22957087604076884,0.3673476579470823,2.094086641354242,8807.466032833094
606,6060,-1.1416803303565208,-1.0884826701922974,0.04277365379018035,0.3674437640172076,2.0968046719945463,8821.324418000178
607,6070,-1.1715259961098017,-1.0263828851890728,0.19928914843161535,0.36787470098541564,2.099675478530113,8835.498330041999
608,6080,-1.1373284132021038,-0.7728075730705242,0.35640453271675226,0.3682688926267549,2.1028785956189275,8849.474667083006
609,6090,-1.1332002162999366,-1.05948371679998,0.10858521547338834,0.3684247532777133,2.105770499449516,8863.023963666987
610,6100,-1.1599444682090772,-1.0134035824458585,0.26576363380415063,0.3685891024652,2.1084150283097705,8877.021107833134
611,6110,-1.1353094978384872,-1.0794665632494163,0.08387462464378248,0.3686240647086304,2.111121460029955,8890.460518000182
612,6120,-1.1499287815000026,-1.066424538360072,0.16193692883206517,0.36871225086513615,2.1134812183145137,8903.847093624994
613,6130,-1.1529325102918415,-0.9589263020207888,0.2746093785401488,0.3686047874919044,2.1157161829226476,8917.755237083184
614,6140,-1.1358224305746987,-0.7636763073655904,0.3868455865753719,0.3685619247624377,2.1186888687991026,8931.451092957985
615,6150,-1.1293253449431893,-0.8363511161559671,0.37563340322051647,0.3683993349062077,2.1211349028987514,8945.277551583014
616,6160,-1.1453387338274963,-1.0108701579733566,0.14541822274348412,0.3681871767522833,2.123575617248888,8959.187602708116
617,6170,-1.1469241662976337,-0.9584247152263625,0.3418172770823453,0.36800923166665594,2.125393041544508,8972.84580891719
618,6180,-1.1598701952572128,-1.0525421281397125,0.16751246848625492,0.36819456514077664,2.1276892264890264,8986.438863042044
619,6190,-1.1574506267946916,-0.925166911491879,0.2125946468862063,0.3683112246792108,2.1296290247851726,9000.262488375185
620,6200,-1.156765135011029,-1.0866600958980097,0.06064022006078386,0.36850464777765074,2.131524584815868,9013.761247707997
621,6210,-1.1488025960121862,-1.0499347007316808,0.14766456815778536,0.3686923540024338,2.1332841720326776,9027.097462125123
622,6220,-1.1622783138200097,-1.0557555791392796,0.11976600987707829,0.3685577476782601,2.1345870992924203,9040.961946375202
623,6230,-1.1589881759057201,-0.9809868471782395,0.25020795147791247,0.3684732490432916,2.136370243219686,9054.871298708022
624,6240,-1.1502621155872035,-0.9312249560525234,0.2737225664025116,0.3684760617224299,2.137908438653978,9068.567272417014
625,6250,-1.1556548701001272,-0.8273320511046037,0.2924911796361029,0.368564856316294,2.1394292413402116,9081.942111208104
626,6260,-1.1525104177344785,-1.0399548433747632,0.19594314563583357,0.3685535854881261,2.1412145124101465,9095.68492229213
627,6270,-1.1875572151606884,-1.0542019576873216,0.12675297194069374,0.36826859008741697,2.142549239597713,9109.441494417144
628,6280,-1.1672791936696552,-1.1153305502729134,0.049701078095724376,0.3679986809492501,2.144050020275437,9123.088047083002
629,6290,-1.180413308825342,-1.1440576888589375,0.024122604653181924,0.3677310453312458,2.1450131760899156,9136.723529333016
630,6300,-1.1861041369027125,-0.9476033368271135,0.3129313426893251,0.36737640563752005,2.1459967031849443,9150.322212167084
631,6310,-1.1636261873676155,-1.0401053289731614,0.16891810403809007,0.36704950367166816,2.1470222583558156,9164.276607625186
632,6320,-1.1731282040647004,-1.0977661739376983,0.11350123329508166,0.36693816720589556,2.1479884096249875,9177.781753916992
633,6330,-1.1400887285100163,-1.038488528886037,0.14818301352705188,0.36686873134128517,2.14867660568218,9191.445973625174
634,6340,-1.1724123123030337,-1.117420049095832,0.03410157556577011,0.36709576026724094,2.149716756825252,9205.309532792075
635,6350,-1.111889107851555,-0.9690010297221943,0.3188610125089705,0.3673129319684879,2.150716584186233,9219.1688571251
636,6360,-1.124820901472134,-1.083162781373833,0.024261044966246596,0.3676383352930018,2.1518312233307553,9232.699505958008
637,6370,-1.1537192389426627,-1.0205911480201215,0.18741513077121214,0.3679414439806693,2.1528386681544105,9246.59623962501
638,6380,-1.1727143961126902,-1.097150423378244,0.0887289286044047,0.3680755247891103,2.1538396028485813,9260.422720500035
639,6390,-1.1507687540710716,-1.0126098439769105,0.2031672128232812,0.36818559808836615,2.1547615868834513,9273.896752292057
640,6400,-1.1486991177005388,-1.0122573286699699,0.17793970586970329,0.3682230846189847,2.155655077583714,9287.265405042097
641,6410,-1.1468185987355568,-0.9663544609368646,0.2271960363790693,0.3682381738719537,2.1566626737669057,9300.902535375208
642,6420,-1.1501478328967147,-1.0228457123632364,0.13533749039367934,0.36841187334816516,2.1575253004863018,9314.79270712519
643,6430,-1.128324673018854,-1.0863531903858024,0.0434569669383359,0.36864515574346773,2.1586463068862747,9328.368841875112
644,6440,-1.1308296067093186,-1.0425329175631723,0.10433208735098154,0.3689131964597452,2.1596020260847997,9341.762668207986
645,6450,-1.1792426174697788,-1.095932954232993,0.06520430811874556,0.36922107224477974,2.1604477875150545,9355.32400579215
646,6460,-1.1344175535568946,-0.9279613807550919,0.3085408714293777,0.36931450634139046,2.1613238066215685,9368.55917562521
647,6470,-1.122935623693074,-0.9708407147510411,0.21475157957453242,0.36927264179236124,2.162175207415049,9381.955553375185
648,6480,-1.0978553642941362,-1.0339781282523912,0.05011722468423357,0.36906428723559626,2.162810562237914,9395.475089500193
649,6490,-1.1010851686349223,-1.013844675507686,0.1378224709412143,0.36892520227326336,2.1633532396993784,9409.024861542042
650,6500,-1.1499347958921806,-1.0141096921440442,0.2755854208429781,0.3686069083848695,2.163759331068864,9422.797079458134
651,6510,-1.1254776030319391,-1.0806315395683295,0.0634266832502277,0.3683630869360958,2.1644401438634837,9436.862045167014
652,6520,-1.162219978095984,-1.0597933394351855,0.07069249483431472,0.36820106307476413,2.1648661275348635,9450.210867500165
653,6530,-1.1506423004485473,-0.9495593176410104,0.20553544200471763,0.36796253546541624,2.165272005288371,9463.795039167162
654,6540,-1.170833621132962,-0.9653713064741496,0.23747687810451878,0.3676996447817476,2.1659400901485046,9477.730837583076
655,6550,-1.177530909750642,-1.0651936177041808,0.1675377893214697,0.3673706585575262,2.1664216597697425,9491.376815417083
656,6560,-1.1229684553511676,-0.9106581845377246,0.18136561595741937,0.3670881605709583,2.167135971048728,9505.021392875118
657,6570,-1.1642257456815184,-1.0379721783009541,0.07283848294097625,0.36680080633962886,2.1676354313398347,9518.595740500139
658,6580,-1.1619094237609495,-1.061462994017117,0.10436851668069216,0.36650567791812866,2.167907974294196,9532.507414208027
659,6590,-1.1190829842457655,-0.9583651345457074,0.17931914327297066,0.3663310738447533,2.1681390112761796,9546.097419875208
660,6600,-1.1215026249485396,-1.0028374150886141,0.19668581192804935,0.3658776453802673,2.16836613699267,9559.387647042051
661,6610,-1.0933852993690714,-1.0644385328436148,0.030519091398227925,0.36563540453239635,2.1695707961476027,9573.027383917011
662,6620,-1.1448280624856793,-0.9705163219446591,0.1973935045135908,0.36528206631769705,2.1705914682307563,9586.601570625091
663,6630,-1.1291638620361866,-1.09031049717594,0.052912504240284916,0.3650193065613039,2.171270424933411,9600.519063417101
664,6640,-1.1576745930398937,-0.9407764275977908,0.3145916539704052,0.3649957237265552,2.1718446540776895,9614.118779000128
665,6650,-1.1456112374205434,-0.9155011926515236,0.19579216076952785,0.3650789476365644,2.1725249543064713,9627.742540457984
666,6660,-1.1318438484062012,-0.9366273094564296,0.20691553437066962,0.3649849254575912,2.17307023872914,9640.930683083134
667,6670,-1.1417656282688817,-1.006868007077116,0.1559735456311515,0.3648686550973484,2.1733229630547646,9654.853498375043
668,6680,-1.1373666222526504,-0.9023153174165216,0.28254446568630054,0.36470527188503726,2.1740285569885685,9668.690120792016
669,6690,-1.1551081833764112,-0.9513051455078433,0.29962541789368846,0.3642830452393031,2.1746213660770497,9682.846158167114
670,6700,-1.1525763995759544,-0.967810699139946,0.1632706389834821,0.36408424396809735,2.1750978815840596,9696.477518333122
671,6710,-1.1393009780303398,-1.0461286877934586,0.08534606412935233,0.3636302614407852,2.1757896032035657,9710.009449333185
672,6720,-1.1151257346893457,-0.9832291753049113,0.15508656544873478,0.36315873112288716,2.1764440287914346,9723.582126124995
673,6730,-1.1310038733472512,-1.0695278986503016,0.053720009727746494,0.36265754821118457,2.177159023088631,9737.15019766707
674,6740,-1.127852631777409,-0.9313188602717822,0.2433372321734664,0.36206175872676477,2.177991967327892,9751.173197292024
675,6750,-1.1626489548404226,-1.0966867869242691,0.058338851639771185,0.3617589898482886,2.178557455294742,9764.815968875075
676,6760,-1.162455027529254,-1.0000662947220302,0.23872307975023477,0.36138429942370226,2.1791138972857467,9778.627464500023
677,6770,-1.1495062499538395,-1.0220796582252134,0.18968258291998782,0.3610625343874609,2.179657258110637,9791.916577792028
678,6780,-1.1568346263690223,-1.0551030892198854,0.14644701604724294,0.3606704814186137,2.1802413743508895,9805.705210083164
679,6790,-1.1600321212582907,-0.9699240350719045,0.24252858215954815,0.3601871288483406,2.180871330145982,9819.595323958201
680,6800,-1.16862174716434,-1.1354268216363743,0.028954574470615002,0.3597334158950537,2.1815475333050824,9833.168782667024
681,6810,-1.164302291568358,-1.0400901715973485,0.1533825840783218,0.35951446441179935,2.182277424915841,9846.82578916708
682,6820,-1.1514063947773083,-1.0668746216545837,0.15176170230320105,0.35907649173014,2.183100739180956,9860.412737332983
683,6830,-1.1568960699607018,-1.0953735376165112,0.06601312291465375,0.35863944958703126,2.1834154250011637,9873.998201417038
684,6840,-1.1544652659927452,-1.0661941814478002,0.17592744199384738,0.3581454961005177,2.1839049598064726,9887.786235958105
685,6850,-1.1827150728527727,-0.947691279915713,0.20808332974018684,0.3575807053867657,2.184303824147373,9902.057131250156
686,6860,-1.1519101990978706,-1.071944595245789,0.14054907956366702,0.3571018490535273,2.185042601420192,9915.546942749992
687,6870,-1.1693385331034918,-1.1172085314910036,0.04487583580608794,0.356636961495366,2.1857860027167053,9929.112017042004
688,6880,-1.1845549879190935,-0.86308487395426,0.3316148021124442,0.35625067005987593,2.1863676252308317,9942.928062583087
689,6890,-1.1931639895734545,-0.980667280533558,0.2717197748841081,0.35597740070466705,2.187420111843075,9956.54983816715
690,6900,-1.2086931054777583,-1.0229668551140292,0.19616113922734807,0.3555223885155332,2.18821289464126,9969.940428333124
691,6910,-1.1874485006353641,-1.1286659191744188,0.07894203747068382,0.3550796427030574,2.189206897730165,9983.49152204208
692,6920,-1.2065698653493255,-1.1033990711025732,0.10788970114895124,0.35459792408569296,2.1899868315648843,9996.836239958182
693,6930,-1.1735878694438506,-1.125887214195322,0.049530191530755635,0.35418016262213164,2.1907424338824533,10010.555152958026
694,6940,-1.1768311817424086,-1.0432850556227795,0.13203479778816024,0.3537396237470986,2.1914922671975545,10024.447637792211
695,6950,-1.1918663678158419,-1.00987434451711,0.22365956176464183,0.3535071536132271,2.192170047818353,10038.08460716717
696,6960,-1.1789216785834542,-1.1218690427215132,0.060362075240759774,0.35329893739050383,2.192954902811239,10051.445875167148
697,6970,-1.1866538578143837,-1.0719287741330685,0.11631272916426105,0.35303998516867224,2.1936433837809886,10064.973411750048
698,6980,-1.1863295980247797,-1.1104463742022208,0.06861568940961067,0.3527958410138229,2.194929923765977,10079.238034208072
699,6990,-1.1720088406753533,-1.1018037374302687,0.12412750336403897,0.3526353572149987,2.196019995211055,10092.593483792152
700,7000,-1.1600355766013326,-1.0836301531219834,0.1333939605775692,0.3525912644670644,2.1970729774571556,10105.546119083185
701,7010,-1.1713659535798078,-0.9322188963676197,0.2465254431774956,0.35277056714144844,2.1984028725566516,10119.238459583139
702,7020,-1.2251991223798804,-1.0113381157601273,0.28197273217035346,0.35319930971222435,2.199249693311054,10132.884583292063
703,7030,-1.1864779588756402,-1.0346665593867614,0.19748635262024583,0.35355028306848596,2.200241881110813,10146.529442000203
704,7040,-1.1970416065325233,-1.1155134844804278,0.08808742945570641,0.3535892250209606,2.2010602816786697,10160.34396454203
705,7050,-1.1949808956479444,-1.0793382772859021,0.1526015630713981,0.3535358388305307,2.2018493031480166,10173.971036625095
706,7060,-1.2001162035696078,-1.1204303949550147,0.06688195348726374,0.353477483408063,2.2025556951655445,10187.546608542092
707,7070,-1.204525020295236,-1.1007993154239963,0.13153624487852866,0.35329345577034826,2.2033453888937946,10201.811584167182
708,7080,-1.2069630103115756,-1.1552562377655504,0.03722694146331402,0.35309041608515607,2.204353943233594,10215.751243792009
709,7090,-1.2050622180146515,-1.0974812314360185,0.1286649581361423,0.3528890164410793,2.205289572703089,10229.137474999996
710,7100,-1.2052073521118523,-1.1358362859737516,0.08493836209006093,0.35258394682409505,2.206222496739286,10242.679544375045
711,7110,-1.196355878541267,-1.0906169066275866,0.08474483401427974,0.3521079237020288,2.207230410452997,10256.545199166983
712,7120,-1.18393139447247,-1.1433718947676381,0.034486712916070666,0.35174590651385856,2.2082968008485375,10270.264042958152
713,7130,-1.208247089408534,-1.13038414659987,0.04821175306217763,0.35147149729900284,2.2088465732165647,10283.650324458024
714,7140,-1.1873458679331685,-1.0871862399289878,0.13528484868568877,0.35126574283035533,2.2092617659932694,10297.52820816706
715,7150,-1.1766394046219606,-1.1282818086550985,0.029060870322482404,0.3509924891001309,2.2109128066669177,10311.14213095815
716,7160,-1.1957655999443793,-1.0345496248053316,0.1557689151895641,0.35058269593306934,2.2117082291869976,10324.581621875055
717,7170,-1.2157959656932427,-1.1294056770304501,0.07445326111453027,0.35040597095814924,2.212560414287195,10337.783695167163
718,7180,-1.1931600502972213,-1.1177235933581102,0.13552175991265877,0.350146133437512,2.213303805579456,10351.385402500164
719,7190,-1.2056030755950236,-1.1012128009722342,0.15925426910385204,0.3499987195054102,2.21421397586557,10365.233135750052
720,7200,-1.1968658174649853,-1.058100369112497,0.13620291121053033,0.3497988793934144,2.215067870422447,10378.807510833023
721,7210,-1.1839732751761902,-1.1521172408380616,0.030829755729083304,0.34962369004241667,2.2161812703598645,10392.167983625084
722,7220,-1.2048730241276262,-1.126447348128646,0.10960950290478941,0.3494858114484594,2.216889037257961,10405.52233229205
723,7230,-1.2061023776667659,-1.0483360913825677,0.18657916248450906,0.3492528550842898,2.2177304765825063,10419.214974500006
724,7240,-1.205031215088276,-1.1301694524184627,0.08063081010147943,0.3490550072419369,2.2184125559161787,10432.601412000135
725,7250,-1.1760997333209966,-1.103789151222546,0.08967686794962725,0.34875532371792106,2.2191455042186905,10445.858929125126
726,7260,-1.1879880432286303,-1.0227600226462041,0.25649620115261285,0.348500323498501,2.220035127998421,10458.970593458042
727,7270,-1.169203905211356,-1.1312992397089339,0.03174805661897074,0.34837206879697036,2.2206958233386334,10472.222498000134
728,7280,-1.179676068103559,-1.007239446292982,0.27911671030734536,0.34806277275267417,2.2212917989379983,10485.818642125
729,7290,-1.1944426271320943,-1.0801031479575116,0.1669410671158879,0.34777871631864943,2.2219627899669017,10499.145694333129
730,7300,-1.1943516752586936,-1.0613969430566783,0.26374064479363546,0.34779389212960027,2.2222527728636456,10513.006336332997
731,7310,-1.1972132357192207,-1.1175293536541016,0.1450009238171015,0.34782577462816333,2.2229007101655527,10526.624436374987
732,7320,-1.197736022680961,-1.0580279548636422,0.2016506219781342,0.34778657472368013,2.2239185881141443,10540.083569874987
733,7330,-1.1897423981583053,-1.0504645614960537,0.2339483968377122,0.34786232599751615,2.2243744503117835,10553.679437542101
734,7340,-1.196899991224491,-1.1452833240731963,0.04429549088023362,0.34795396367171405,2.224782303680943,10567.035954541992
735,7350,-1.183589551548101,-1.1098609756939415,0.08468395812441713,0.34791948732735045,2.2252180937936727,10580.206303917104
736,7360,-1.1758158230628775,-1.059974542273448,0.12652235895009073,0.3477767951048928,2.2261443493638158,10593.696654708125
737,7370,-1.1881574288560088,-1.0087281649211501,0.1529759275624956,0.3477591279568323,2.2265190766837026,10607.070456125075
738,7380,-1.1963524876684364,-1.0859715924295597,0.0830813568413289,0.34754592164648596,2.227082236130672,10620.986483167158
739,7390,-1.1801568468183623,-1.115275858042219,0.0766511428822446,0.3470940199388443,2.2274689827047185,10634.747688083211
740,7400,-1.1954754285012728,-1.0639145897854392,0.14433440163901717,0.3467131220822285,2.227984902902535,10648.12205487513
741,7410,-1.205950999918321,-1.0198131229173266,0.21867623544313086,0.34646011258035353,2.2284637130941563,10661.461146041984
742,7420,-1.1751272820809406,-0.9914680217165406,0.25924185235129577,0.3464528484718199,2.2289914915107225,10675.486454458209
743,7430,-1.1947274155113972,-1.1128345314092178,0.07270285853367639,0.3464207347344212,2.2293238940782496,10689.203962167026
744,7440,-1.1747772379445536,-1.0163823086200776,0.2276312794144082,0.3462021236242973,2.229646995049583,10702.679927458055
745,7450,-1.165844604887007,-1.0713215582320017,0.07690242799171709,0.346109822484378,2.2301601842203773,10716.255756958155
746,7460,-1.1878371329128958,-1.0888971642368364,0.05777735936851885,0.3458598779570613,2.2305446294699176,10729.891368333017
747,7470,-1.1575080964100426,-1.0511744824932203,0.1175685695377809,0.3454636595917669,2.2309892742215642,10743.719830833143
748,7480,-1.152872994146259,-0.9588302054182194,0.17235987586567716,0.3450415625571358,2.231360958285909,10757.093591375044
749,7490,-1.138550839239909,-0.975345891583504,0.22221745202581578,0.3445067926324415,2.231713427324516,10770.81296504219
750,7500,-1.1191941694217276,-1.0832370878880038,0.049348360026297125,0.3439762654198221,2.2320535528742735,10784.170235167025
751,7510,-1.1688267287852945,-1.0916755594225882,0.0698691432872967,0.3433506522009617,2.232904554019235,10797.44789550011
752,7520,-1.192815355911507,-1.1128539440380032,0.05388663269306893,0.3428409667104872,2.2333825803455842,10810.924369125161
753,7530,-1.1647808585426374,-0.9709832584331565,0.29828106594046927,0.3423795018799262,2.2335452542290657,10825.078237542184
754,7540,-1.1606755985363053,-0.9727817364030017,0.18967078293183784,0.34197583331771314,2.2343357522928216,10838.508142917184
755,7550,-1.2037559924610024,-1.0363617087650288,0.30697620261441005,0.34123318088383514,2.235038594694362,10852.216664625099
756,7560,-1.1742157581745891,-1.1391033507150348,0.02408482073161294,0.34045471580352926,2.2358814947609678,10865.609454750083
757,7570,-1.177115328546539,-1.137343884122074,0.025427048782901248,0.3398065696222328,2.236754390378195,10879.170979958028
758,7580,-1.1609538895763185,-1.1274014814267623,0.01755966722013723,0.3391643890360893,2.237588133790585,10893.32502254215
759,7590,-1.1883002249912167,-1.1034836951131706,0.05360955503005055,0.338536846180311,2.238389994273954,10907.033721417189
760,7600,-1.1688521285171154,-1.1149762245870742,0.059552163462013856,0.3378972701230962,2.2390978594264634,10920.759659125004
761,7610,-1.174272354089787,-1.1009665815531537,0.05547646877225442,0.337285352559738,2.2400103434626875,10934.60893987515
762,7620,-1.1771312233764935,-1.131757601117179,0.041457581968398556,0.3365425602201238,2.2407753296110946,10948.324349625036
763,7630,-1.1944205088602002,-1.1351453360165498,0.04903016356244153,0.336059705295919,2.2417291385566473,10962.128484042129
764,7640,-1.206523546504135,-1.1642840131094285,0.02987652991149149,0.3357140559989921,2.2427667987981894,10975.652474042028
765,7650,-1.1935100858738137,-1.0171255540429804,0.23661735013160362,0.33540546246953507,2.243530908927616,10989.597325708019
766,7660,-1.205661599829753,-1.0230666483483453,0.16704604071096932,0.3349147428321328,2.244251485332696,11003.252613375196
767,7670,-1.1985590838513636,-0.9782813838407536,0.2613986066482113,0.3342598848586157,2.2449184328121086,11016.340882500168
768,7680,-1.1980406816851739,-1.1212400260495214,0.03615385753939204,0.3338484393035691,2.245511167827828,11029.641865625046
769,7690,-1.1828172382764421,-1.0998918368464496,0.09908586620733409,0.33339112153472283,2.2461651853826523,11043.472192042042
770,7700,-1.1904004313176193,-1.1319253605355164,0.035855662720533366,0.33285882578238024,2.246808269996767,11056.88202266721
771,7710,-1.1903252812240916,-1.0682855091437928,0.13358860835206188,0.3323516238040849,2.2473672910517015,11070.423753292067
772,7720,-1.1621340728567482,-1.13085641239398,0.032323952970823355,0.33211648621352613,2.2477141890767225,11084.293990750099
773,7730,-1.2256323629894146,-1.0822872748198957,0.12379430627726154,0.33183093313630274,2.247979297885189,11098.08502579201
774,7740,-1.1810699519810228,-1.0387394918107475,0.15980844404187533,0.33149703825623666,2.2483768911253037,11111.88334562513
775,7750,-1.1806983420682915,-1.074302815258704,0.1069872765736883,0.33134575764472785,2.248669598613227,11125.277031833073
776,7760,-1.1580917943078166,-1.1317762625022354,0.026634051069721856,0.33115072149165825,2.249338634806661,11138.9616810421
777,7770,-1.1831968052417174,-1.0601106561720257,0.21992690465389753,0.3309909791601141,2.249863686699343,11152.41463208315
778,7780,-1.1938802937491415,-1.109282117034466,0.11844366791562506,0.3308965123284634,2.250220836454572,11165.696458625142
779,7790,-1.190594787983568,-1.0531411869683711,0.15962718975901344,0.3308261150721591,2.250684067542379,11179.20476320805
780,7800,-1.1961977322907824,-1.1262231337253366,0.034745059824581745,0.3311578423660379,2.251311821116914,11192.743776667165
781,7810,-1.1639309122729227,-1.0903648811348081,0.11414144964819155,0.3312629084922135,2.2521128811925015,11206.346767167095
782,7820,-1.1443561864800955,-0.9043077120098753,0.32117340902818947,0.3314333640163399,2.252978255984582,11220.000724832993
783,7830,-1.148109520409193,-1.0808633748671497,0.15000376178919206,0.33182218557378984,2.2536341721911604,11233.13261941704
784,7840,-1.1656235908337784,-1.0726869910893113,0.1266920691324028,0.3320631816639622,2.254602055847542,11246.796037250198
785,7850,-1.147533581235181,-1.0379739562824644,0.24662973117063655,0.3323099834574852,2.2553773834190824,11260.37847137521
786,7860,-1.1596172284085515,-1.1225930223898204,0.03395850040005026,0.33238088618283496,2.2560231260577774,11274.111036458053
787,7870,-1.1567827385451697,-1.0929337144426763,0.04547155064348182,0.33249701639680274,2.256561947927124,11287.69065987505
788,7880,-1.1775284667549935,-1.1458531939096932,0.029648142922421027,0.33248695542355694,2.256907442893777,11301.264093417209
789,7890,-1.1727342872634097,-1.0752254407861481,0.21912070999010794,0.3325516004864469,2.257319422516254,11314.661981958197
790,7900,-1.1793155305665248,-1.029065794958751,0.19312402223534897,0.33275776598598444,2.2578619557068196,11328.125147083076
791,7910,-1.1584906758975615,-0.8912400630482509,0.3742429678834572,0.3327905892892582,2.258453805409674,11341.647515917197
792,7920,-1.170320268000002,-0.995564934695655,0.17891817896942488,0.3327808994277559,2.2587376939497577,11355.388072875096
793,7930,-1.160934673092152,-0.7882239349597573,0.5211339937012497,0.3326305787518126,2.259238240797506,11369.394296125043
794,7940,-1.1815519493032696,-0.9518470345937174,0.3539364536260309,0.3325086385053027,2.2597174903308757,11383.364887667121
795,7950,-1.1512996920190632,-0.7554396614858575,0.3681215004735928,0.3321213421169163,2.260017604064358,11397.30254058307
796,7960,-1.1569272824018269,-0.7559929227535551,0.3873502440130332,0.3316477308820655,2.2605000339331873,11410.66086254199
797,7970,-1.1615284448000605,-0.9104827758066303,0.3523171274746897,0.33111251651570217,2.261035579240749,11424.302755458048
798,7980,-1.1786626423825162,-1.1182560899113352,0.030587502473688362,0.3305191046754851,2.2616067379444784,11437.53696904215
799,7990,-1.1948974616288917,-1.1475983657190132,0.035888867849855746,0.32997795228085347,2.2619828983865555,11451.037329667015
800,8000,-1.1866104356402376,-1.1228000371728535,0.04730455180048953,0.3294106027404504,2.262376463847871,11464.203218708048
801,8010,-1.1904222453767197,-1.1536000140722624,0.023135564531608786,0.32892268144803993,2.2626583030066514,11477.973419666989
802,8020,-1.163926386986879,-1.0534611281524136,0.13926599872433462,0.3285543070866518,2.263267592985417,11491.662398833083
803,8030,-1.184744898093757,-1.1248546688527872,0.045226141116317266,0.32827961888621104,2.263858047285402,11505.442142417189
804,8040,-1.1904793200896817,-1.0450910817540104,0.3190867151511245,0.32804996635199196,2.2641879675131613,11519.295812667115
805,8050,-1.1850701812389435,-0.9716948218966334,0.32424487719562733,0.3279623908955779,2.264599788448675,11533.026508042123
806,8060,-1.1696193764289733,-1.0167068303312974,0.25785035865140354,0.3280413178678068,2.265217975663107,11546.575878957985
807,8070,-1.1795409573810884,-1.0229464217316433,0.1733656734035186,0.328049336307076,2.26547682277882,11559.968684083084
808,8080,-1.1451619780958184,-0.7941572351971198,0.3540430437819297,0.3280886283984097,2.2658868656065865,11574.024982083123
809,8090,-1.1413589762723673,-0.7000718595339702,0.3725900755677715,0.32819224166787747,2.266357411423074,11587.7267492502
810,8100,-1.1616179540177107,-0.9745778249599315,0.24647886512309197,0.3284247691879916,2.2671503474926875,11601.020151458215
811,8110,-1.1824091893283217,-1.0079148732926115,0.3097890650199458,0.32852390281556093,2.267922785015971,11614.93274337519
812,8120,-1.087570833667736,-0.6474040881864875,0.41373495170514035,0.32873380255143525,2.2688584382684205,11629.062049083179
813,8130,-1.090917412012506,-0.5890997656712529,0.39631699852112345,0.328822909965203,2.2696312584639395,11642.901661083102
814,8140,-1.124544841016129,-0.6650741845873059,0.4482033131433408,0.32863789332952764,2.270352763972413,11656.482157333056
815,8150,-1.1154698285729552,-0.9436084955025354,0.19762084441386513,0.3284087655172599,2.2711767828672333,11669.756201167125
816,8160,-1.1352369346419833,-0.9993607431989808,0.1410826042613902,0.32820213857008196,2.2719153515936785,11683.085690958193
817,8170,-1.1352490689485295,-0.9345140074933609,0.2818749096832047,0.32810765269675163,2.2727203385458936,11696.772851458052
818,8180,-1.1526401697522077,-1.0014564457551052,0.28497705165614673,0.32799102773499855,2.2733161573480096,11710.087327833055
819,8190,-1.1877703213599924,-1.039556957249831,0.20528953705368996,0.32787294707800235,2.274014129649953,11723.668936000206
820,8200,-1.2047656351188385,-1.1421390824413566,0.062290066289679605,0.32795793208085083,2.2749236987204453,11737.312994542066
821,8210,-1.1792972264666535,-0.8546751108111454,0.39695923307856945,0.32792049162487585,2.275536363929642,11751.201735083014
822,8220,-1.1719052483889651,-0.8901308866890887,0.3095324441608616,0.3277557076873632,2.276223009911787,11765.375074958196
823,8230,-1.202051668411947,-1.0107725010948074,0.2665465727990241,0.3276907947536067,2.2769784677537204,11779.17453450011
824,8240,-1.163294805409774,-0.9466319223468173,0.35464366944147047,0.32774463426286227,2.2776250364032675,11793.017572832992
825,8250,-1.1870300586075402,-0.711231133795529,0.5391855270165602,0.32765984856253305,2.2783744585343224,11806.728021625197
826,8260,-1.1775308206866484,-0.8922950930868151,0.3803396230085026,0.32738275366893776,2.279105464231839,11820.348733292194
827,8270,-1.1776739751613468,-0.8907376780912589,0.3941711993746462,0.32712261374266777,2.2797641821956733,11833.900534457993
828,8280,-1.174918144943156,-0.9932106186549541,0.25268559508343497,0.32673259369918967,2.2803778468174594,11847.369981541997
829,8290,-1.194873824869414,-1.0979657544537251,0.18229544456846752,0.32639174263808585,2.2811139178512074,11864.50016225013
830,8300,-1.2001217739150176,-1.0556038719069245,0.212454067228696,0.326179972006107,2.282153105494241,11879.402064750204
831,8310,-1.193823145675216,-1.05219142377279,0.31558039162425716,0.325901764462207,2.282641922787266,11893.780283792177
832,8320,-1.1969147562542863,-0.9317463982135823,0.4601639765623364,0.32551805604823153,2.283421302504223,11907.451493875124
833,8330,-1.2036687382101832,-0.8772097413249774,0.4396395324953163,0.3250627559943299,2.2838707143350208,11921.560961083043
834,8340,-1.201236243397906,-1.1481497200349646,0.0359753953208443,0.32459385105983757,2.2848144802572983,11935.171897000168
835,8350,-1.1946460762566522,-1.1300192345202251,0.10389518081157398,0.324272895068408,2.2857362007204887,11950.328433625167
836,8360,-1.191245316777854,-0.8112290348514464,0.5131306447648489,0.32410197563807613,2.2870310763920485,11964.907135625137
837,8370,-1.1922036074833589,-0.6928516989298814,0.4156999840695502,0.3238369220893709,2.288111774421551,11978.975411917083
838,8380,-1.1842520380887356,-1.125605017425344,0.051240560017708554,0.3236921448312796,2.2891245761135717,11992.30726608308
839,8390,-1.169184267863316,-1.1046780445284223,0.08108559603377966,0.32372159761130065,2.2900223170709215,12005.750497708097
840,8400,-1.1629932542788994,-1.1106778621060291,0.04428361095036902,0.3238184451072604,2.2913334322711734,12019.28688879218
841,8410,-1.1879190338797754,-0.9633732154091081,0.3481186749978124,0.32380178063844867,2.292168223053583,12033.236941917101
842,8420,-1.193157514262805,-1.1125827752405464,0.06559758613047262,0.3238964902198695,2.2929637956077613,12046.770876333117
843,8430,-1.1842662939254467,-0.9981343282249325,0.35902767964730153,0.32407741404901924,2.2941713937941404,12060.640271458076
844,8440,-1.198648317897348,-0.8564970366760283,0.31965298661559316,0.32432214502362333,2.295438522193756,12074.302943458082
845,8450,-1.1955545670102703,-1.0284573190834052,0.29613512526048025,0.3243540810367533,2.2970159981285807,12087.855337958084
846,8460,-1.2106521528017433,-0.8722332375698493,0.3827163824797836,0.32423493757206623,2.2984159952405236,12101.699937125202
847,8470,-1.189695549093547,-0.9125596257634822,0.3914198045461328,0.32406578259920965,2.299692145956569,12115.232685917057
848,8480,-1.2145835170372319,-1.1698035498806778,0.0557169809986084,0.3239171101220029,2.300561258502154,12128.705083958106
849,8490,-1.1884567446753245,-0.9847385670612411,0.3330021429470405,0.32369365981257525,2.3015934202762036,12142.636956542032
850,8500,-1.1939026030522522,-1.1315258735692413,0.07917103318913822,0.3234725765159343,2.3025410221633154,12156.27240891708
851,8510,-1.2005457580295769,-0.9843419054586591,0.35120236003367106,0.3232818732314278,2.303723411035845,12170.781824375037
852,8520,-1.2156063573926241,-0.872443746472479,0.4711813839417411,0.3230190685341527,2.3051205989341743,12184.69381120801
853,8530,-1.1965712986807269,-1.1273872436423829,0.11404536562988812,0.3229072779805687,2.3065637444606377,12198.226423125016
854,8540,-1.2076617477030638,-1.1614025767851655,0.0651221395393084,0.32281534650546595,2.30791308645397,12212.023483500117
855,8550,-1.1986697600648375,-0.6400762504035165,0.3813458523437021,0.32271586407616243,2.309196696228774,12226.646164667094
856,8560,-1.2000333184969119,-0.5408313755399872,0.4499321744953624,0.32255546067302615,2.310401916677788,12241.578039625194
857,8570,-1.1779478375854753,-0.48287582610700613,0.4708015321019519,0.32227507859028515,2.311688849086948,12255.86636479199
858,8580,-1.201471852691327,-0.997753214832429,0.31395869657078584,0.3220617871961603,2.31271496392296,12269.74647358316
859,8590,-1.2180679650857051,-1.1140434849264733,0.1674226083376877,0.32187299928188046,2.3138495854202996,12283.599273125175
860,8600,-1.2060344998422945,-0.8703240087586892,0.4495927509044185,0.3216622639312285,2.3151155277002187,12297.398647417082
861,8610,-1.2227650239734826,-0.8801887435703929,0.32134097411538154,0.3213223751007048,2.316154516122534,12311.115777333034
862,8620,-1.1834330804488156,-0.9853676405710778,0.3335859306433717,0.3209473169480558,2.317532052018126,12324.80880045821
863,8630,-1.2222271408938292,-0.8785239274243622,0.2713771679288979,0.32037294149179507,2.318789835791015,12339.011010958115
864,8640,-1.215135776271259,-1.1119677493877043,0.10254534730985995,0.3200104686468733,2.32023656208626,12352.535049292026
865,8650,-1.1893826733214112,-0.8565685289610935,0.33761137443537487,0.3198354344357049,2.3217276691372235,12366.667115875054
866,8660,-1.2306651659939263,-1.1417753059016482,0.05934220723416815,0.31975611320330144,2.3234913695177606,12379.847150166985
867,8670,-1.2127140350819952,-1.175630929642855,0.03217433393955976,0.3198892930836691,2.3250353667749155,12393.759183041984
868,8680,-1.1877744439566715,-1.0353197680199915,0.2854055138323119,0.319974231344414,2.326766780563852,12407.494038125034
869,8690,-1.200942452991912,-0.7790865681353003,0.3709789783823436,0.3199529280942775,2.328276298859515,12421.483056667028
870,8700,-1.1949888849405355,-0.8989725989429612,0.4538880518361631,0.31987147967625973,2.3303653952384766,12435.276691875188
871,8710,-1.1745703311109903,-1.05985998450485,0.16111793073642633,0.3194601213740441,2.332080704963241,12449.077400292037
872,8720,-1.1635430838750302,-1.120936762021329,0.043253429755971004,0.3189974830994574,2.3337015265120273,12462.780650875065
873,8730,-1.2257680688529708,-1.009940292841034,0.31028422567437747,0.31864764977314924,2.335841941949605,12476.993412292097
874,8740,-1.2045617187187432,-0.8953959278607933,0.4032769269101147,0.31835330164394415,2.338188504006544,12490.77416504221
875,8750,-1.2205990613397724,-1.0271888304381693,0.2673463921240828,0.31793475686411626,2.34089065543744,12504.920268750051
876,8760,-1.196577470899797,-0.8757212607818211,0.3772035119517348,0.3175516976697536,2.343122944764758,12518.907489500009
877,8770,-1.1875776854337152,-0.9828054568937376,0.23632985672470685,0.3171089663635641,2.345372945937802,12533.109124500072
878,8780,-1.172390546338777,-0.9861083070923847,0.14379016227512878,0.3166551385140544,2.347547189727631,12546.805902332999
879,8790,-1.1673232334064396,-0.9179073108579215,0.31514228713108755,0.3161253829439226,2.349585338844964,12560.825914625078
880,8800,-1.1818102103377637,-0.943324932400323,0.2361461942125571,0.3156627525005868,2.3512235834968673,12574.217723082984
881,8810,-1.2012542165228295,-0.9044946066948565,0.29098949478260466,0.31509114992827875,2.3527741550592256,12587.887426792178
882,8820,-1.2311884633676131,-1.1019833002469255,0.15297422201339797,0.31470612370365897,2.3546316315425915,12601.812841042178
883,8830,-1.1952348844525487,-0.8664050392596636,0.40219492534166884,0.31422715550378816,2.35666286101409,12615.6957045421
884,8840,-1.22139381383617,-0.9775724002452006,0.3938751112914245,0.31360382524905406,2.358146680976866,12629.646235458087
885,8850,-1.2173142795049197,-1.0250743137325027,0.29037757229839806,0.3129695207347603,2.3594911189208774,12643.369221833069
886,8860,-1.2333012364675033,-1.1184069485437689,0.21131375055253462,0.31228975883961285,2.360583587512146,12657.225760875037
887,8870,-1.2177155888576472,-1.1523380746175254,0.05507951721939207,0.311511247878697,2.361930601524933,12671.207081708126
888,8880,-1.2067529199773723,-0.8488865197922074,0.3830503009690542,0.3107781017317767,2.363287957586373,12685.250583750196
889,8890,-1.2019009569659662,-0.8387087917310877,0.4655595300119421,0.31003761834825155,2.3645924385520902,12699.396455083042
890,8900,-1.2051377295418106,-1.068871276159068,0.31330545788488584,0.3094094815817992,2.365555694245527,12712.901845582994
891,8910,-1.213803942970526,-0.8588387474427289,0.43921968358263663,0.30879695699906706,2.3672778472422094,12727.525575667154
892,8920,-1.2323250310195348,-1.0951230462087391,0.11732780769470642,0.3081125771972666,2.3687163313732524,12741.196777042001
893,8930,-1.215330796316917,-1.163435796052498,0.04572030141820351,0.30768880023431133,2.3695298062500116,12754.636193917133
894,8940,-1.1757914830485756,-0.9942231186609616,0.26776950169227376,0.30742227043439235,2.370316098483159,12769.00683645811
895,8950,-1.2078664574649336,-1.0476607199598784,0.28561500200267564,0.30714757867590736,2.370916550056089,12783.35658195801
896,8960,-1.20416616502294,-1.0256485077045212,0.2704213814201026,0.30675662811816323,2.3716844621151165,12797.062828292139
897,8970,-1.2123465395828497,-1.1641297006472773,0.04297075076425768,0.30611902857128753,2.3722680119805424,12810.97295945813
898,8980,-1.185459758002886,-1.1455379091010975,0.02551988439787628,0.3054041461705371,2.372610227487779,12824.48984375014
899,8990,-1.2050855440670771,-0.96976554077984,0.32322662621426035,0.30453510165565023,2.3725814841571804,12838.520764542045
900,9000,-1.198011215641258,-1.1629278790958826,0.05384814333420969,0.3037936794655406,2.37299460459223,12852.092830042122
901,9010,-1.1984446514158265,-0.8754718430832525,0.3980372822299993,0.3030320311089782,2.37383598350427,12866.763498000102
902,9020,-1.1896447294898378,-1.0236304194472219,0.27309851081802045,0.30240937280444086,2.3739952129787283,12880.662300750148
903,9030,-1.2148090762202424,-0.9927356685775142,0.3659782951286917,0.3019574647549878,2.3742434297875654,12894.475741167087
904,9040,-1.1915520897151497,-0.9797051782137821,0.33553977042254834,0.3013925614338641,2.374260164103774,12908.129367625108
905,9050,-1.2161163494586633,-1.1330603786717384,0.19419134767725044,0.30091966332778003,2.374678862839683,12921.474756333046
906,9060,-1.208667706534273,-1.010553302100741,0.3217499359400646,0.300238084732365,2.3754336279258084,12935.21422212501
907,9070,-1.2127170638392384,-0.9875275567776793,0.2648952657524616,0.2997932171082159,2.3758954640644974,12948.852338792058
908,9080,-1.217330414916371,-0.8932838670638178,0.3761286266659181,0.29933766182075683,2.3764804487868396,12962.794159208192
909,9090,-1.2281105686823484,-0.9102282946707223,0.32000182523634557,0.2988313726259069,2.3770589587241933,12976.846287917113
910,9100,-1.2016534928065221,-0.9599151242744579,0.3604472654520018,0.2984297960738973,2.3775849496075434,12990.445444750134
911,9110,-1.21368402784874,-1.0104750634961213,0.25044581557951845,0.29806556938690143,2.3777486190560984,13004.310103500029
912,9120,-1.2112639568515098,-0.9420047959487696,0.40879418441577176,0.29772650463910594,2.37805609397015,13018.427159500076
913,9130,-1.2163104719494742,-1.0445660129849892,0.2685022164401054,0.29745317838908136,2.3781324983142764,13032.207512916997
914,9140,-1.208031815543631,-1.032008716920916,0.2739951271209693,0.29719444821440955,2.3783143818140577,13046.127699125092
915,9150,-1.2309882777656123,-0.9646524015270209,0.4038409308476676,0.29684268499943145,2.37868256781644,13059.968185292091
916,9160,-1.2362179278353862,-0.9462471747216625,0.40086157290043334,0.2965582984499615,2.379045862125718,13074.337922292063
917,9170,-1.2216753014719304,-0.7614144573720559,0.4436662764995843,0.29634162771451933,2.3793302305081396,13088.483168292092
918,9180,-1.2064780962074515,-1.0860107771243492,0.2698546814459154,0.2961312754283838,2.379709279111309,13102.211642917013
919,9190,-1.214413744981762,-1.1833762454513377,0.017932845138433302,0.29592436778077225,2.3800777173909102,13115.46441279212
920,9200,-1.2044866243350638,-0.9694311471605552,0.3839286463815734,0.2956922307077955,2.380289312289307,13129.151744500035
921,9210,-1.1873870784619491,-1.0027793242145522,0.33828913684042516,0.29544202930635904,2.380357124410913,13142.911378167104
922,9220,-1.203936163293939,-1.0438291433504907,0.2969251793421614,0.2951325725073853,2.38061625320341,13156.442469667178
923,9230,-1.219050622978192,-0.9140687427465701,0.406770397965273,0.2948030575305229,2.3807801799050514,13171.469762333203
924,9240,-1.2120712215446714,-0.9601930625988299,0.39039778020835963,0.29448938525737295,2.3808765426739655,13185.427697833162
925,9250,-1.2370309658031244,-1.0480935627871886,0.316936006400104,0.29433803593775126,2.380980487182564,13199.042437875178
926,9260,-1.243631090017156,-1.1876098997205211,0.05800977097100623,0.29434510335844577,2.3809765061742363,13212.658938750159
927,9270,-1.20712420696396,-0.5804871220938584,0.4964343945379983,0.2941849275996755,2.3810329762246005,13226.875046708155
928,9280,-1.2184556229555348,-0.8200354881179097,0.45718766388645155,0.29392571896433756,2.3812219150880902,13240.967229458038
929,9290,-1.2215920643459945,-0.8866707078873215,0.4262173597548216,0.2935572555371749,2.381269932506165,13255.094058708055
930,9300,-1.2062051192579188,-0.8659600931521665,0.4541110170563015,0.2930551453311304,2.381465516632219,13269.436388000147
931,9310,-1.2156972589044672,-0.8844406163889473,0.4533488743304227,0.29245237295821774,2.381552188830814,13283.861468667164
932,9320,-1.2106275206552715,-0.6035654514873083,0.46822454950608766,0.2920343076792579,2.3818053687492204,13298.18226679205
933,9330,-1.2134775283697223,-0.9345061139357768,0.4034917702906402,0.2915682782740818,2.382127091045712,13312.090995917097
934,9340,-1.2076701745658553,-0.8796825703148661,0.4503698748043927,0.2911782769281637,2.382519308255105,13326.173194750212
935,9350,-1.2315507205845995,-0.6566384817947665,0.5504800587495217,0.29076247431318486,2.3827122976985513,13340.459984207992
936,9360,-1.1815704057222298,-0.7620265588336205,0.47126183190641924,0.29022620556291095,2.382911403043733,13354.490498875035
937,9370,-1.2172767679376832,-0.9879634016017897,0.3459534852848716,0.2899049728253341,2.3831626132046284,13368.394737417111
938,9380,-1.2268395931966447,-0.7784176920803614,0.5035376261128803,0.2895541672055886,2.3833072361800784,13382.62208250002
939,9390,-1.2192871384193502,-0.9837878972420885,0.3588698004492808,0.28899265938079965,2.383485485734387,13396.381620292086
940,9400,-1.2266106228944755,-0.7683299392753826,0.5119992229311064,0.2884425220042852,2.3836959976323313,13410.674089958193
941,9410,-1.2278627994568962,-0.8190103867243256,0.4671388086934641,0.287980505092612,2.383755891462723,13425.05579400016
942,9420,-1.214466108363835,-0.815181734931531,0.5005535339265769,0.28737835239185217,2.3837794534950416,13439.07047795807
943,9430,-1.2215559643097533,-1.0097557702965667,0.3744340670151909,0.2867572334966376,2.3839303924435824,13452.391400958179
944,9440,-1.227183737848538,-0.8724331143897958,0.4081957043078989,0.2861451768253197,2.384336513210473,13466.564253500197
945,9450,-1.2053444090376209,-0.7702740112265132,0.4953771753738007,0.28560900913857745,2.3843416067717635,13480.921258707996
946,9460,-1.2197326827789396,-0.6452027611908353,0.45973740084585474,0.28507428683266384,2.384250544754548,13495.558601167053
947,9470,-1.2401562413943603,-1.0955137734768319,0.20548648011460907,0.28436165139678743,2.3843883620572623,13509.096995833097
948,9480,-1.2053944029306525,-1.1498964391537247,0.039398428754310974,0.2838231915805581,2.3844558897846677,13522.750107208034
949,9490,-1.1873592611738557,-0.8189084315495772,0.3880706472233,0.28316006737582433,2.384413714985153,13536.815900625195
950,9500,-1.1870096634783032,-0.8622273185642484,0.4138325759179973,0.28250770020203997,2.38477704805467,13551.06109641702
951,9510,-1.1950737386556112,-0.9516589423217818,0.37545333290202915,0.28185767653753185,2.3846579790764033,13565.311682708096
952,9520,-1.1883750621833613,-0.9085611405859387,0.34929458487693904,0.28119958685517193,2.3845768286330737,13579.446630083025
953,9530,-1.2083642590447736,-1.0682581143692162,0.25106423832259933,0.2804554473147596,2.3844954948023847,13593.297808417119
954,9540,-1.1931512178709394,-0.7191564751339173,0.3890517158158361,0.27963994140878373,2.3846675087524263,13607.412011042004
955,9550,-1.2037244541286256,-0.6972912467476253,0.463646366973361,0.27894711705089775,2.3845773114689726,13621.307525958167
956,9560,-1.2029844948600994,-0.6743552430837172,0.4649380619368554,0.2782146979920234,2.384560383905735,13635.856679458171
957,9570,-1.2043654194615794,-1.066269218443976,0.25215558724539944,0.27761197635330037,2.384535638187301,13649.566824333044
958,9580,-1.2030798365584223,-0.8112540376917391,0.4203731544532995,0.2769745967438826,2.3847143064013516,13663.869697000133
959,9590,-1.1911406386134917,-0.9420586023357462,0.4383089537121506,0.27626177094567267,2.3850166703849682,13678.120333375176
960,9600,-1.199357371444317,-0.9341269649138827,0.37145315411207647,0.2754871147238863,2.385025313189937,13692.343777042115
961,9610,-1.2056930531889307,-0.9844822631044167,0.34893577476037746,0.2747870121341843,2.384935340598424,13706.797071833163
962,9620,-1.2152892621951867,-0.8701892031430661,0.33559511728882824,0.27414107664483806,2.3848580070094423,13720.822715208167
963,9630,-1.2236025580883414,-0.7346976619798732,0.48080180711415066,0.2735528994525413,2.384879789201457,13735.286830667173
964,9640,-1.2155232373328815,-0.8390107050367097,0.35953626573506575,0.27309652895722614,2.3849553447088963,13749.102758958004
965,9650,-1.2423122304302376,-0.9853986424974079,0.3163675675731164,0.2725786294178241,2.3850191195702113,13762.838748875074
966,9660,-1.2130485648821843,-0.5522975830681807,0.4562594561464391,0.2719846526665104,2.3851278666504783,13777.128423582995
967,9670,-1.2239723540438225,-0.9015963940475824,0.3629334816073112,0.2714001142633013,2.3852873989286305,13791.223609250039
968,9680,-1.2163291841436275,-1.0063861631870605,0.31397709341154245,0.27079042057339725,2.3851239681307774,13804.956125833094
969,9690,-1.2340021408354342,-0.6621306034390797,0.47029247163634613,0.27016117685991625,2.3850638975698035,13819.125422417186
970,9700,-1.203703703288725,-1.0578280640040763,0.2376505003643632,0.2696049685160511,2.385137118328603,13832.587028583046
971,9710,-1.2017123593260086,-0.7864165311240728,0.4276382204869795,0.2692014551408171,2.385174444871143,13846.922967083054
972,9720,-1.1595876923279311,-0.7120462467827092,0.4272010723948067,0.2687080230334104,2.385134412965826,13860.880281792022
973,9730,-1.1942960007156538,-0.9166681767361687,0.34578041320819725,0.2681615524579849,2.385274870999862,13874.996499125147
974,9740,-1.1872706289246189,-0.6745162263040004,0.3732052255089538,0.26764209334416983,2.385364145527338,13889.243162583094
975,9750,-1.2042423922240388,-1.0647464319038025,0.147970572435628,0.26738161814624783,2.3855761482018747,13902.71424262505
976,9760,-1.2083522271838323,-0.6486162415501806,0.4453156982869406,0.26722938499025667,2.3860976410753234,13917.253730667057
977,9770,-1.1919370589507343,-0.850482752623367,0.4167404899199288,0.26698374169647654,2.3860891418126045,13931.509474000195
978,9780,-1.1971202532961014,-0.7758725276185102,0.40086210306874076,0.2668163584347464,2.38617520088779,13945.846194582991
979,9790,-1.2199407511032225,-1.033270040903339,0.2310589997234177,0.2664449099793942,2.3864012316137626,13959.748355332995
980,9800,-1.2102821671256292,-0.9919971974876809,0.3220804512847647,0.2661179566786949,2.386739602656826,13974.111320791999
981,9810,-1.1929730308302124,-0.9295044639667897,0.3697290879811558,0.26582068828386457,2.387015717405876,13987.827119042166
982,9820,-1.2094999393235488,-1.0584140878083215,0.30249776024831093,0.26552258917193755,2.3872341006401148,14001.544845125172
983,9830,-1.1926888265626703,-0.7046268080507352,0.399041443813739,0.26521422606753764,2.3872651682426853,14015.858579250053
984,9840,-1.1765275880088488,-0.7785270148043126,0.4037645475673174,0.2648865969024265,2.387270321373206,14030.340924417134
985,9850,-1.1899957128000214,-0.6353859517704668,0.4579658300562379,0.26465544747138336,2.387154324778349,14044.897077458212
986,9860,-1.1587001356870985,-0.8511269054356173,0.34457450771539566,0.2643746555370264,2.3871754340300586,14058.962404000107
987,9870,-1.1718904142064268,-0.8046672742198947,0.40882717281987385,0.26403295757436673,2.3873311646124598,14072.942006458063
988,9880,-1.1861121639951886,-0.7535046884977726,0.45636852748656725,0.2637183070471262,2.38750149717371,14087.419749875087
989,9890,-1.1736886437067442,-0.8767010756867986,0.40335174789422995,0.263380043669934,2.387571250260686,14101.891133833211
990,9900,-1.2021327484076156,-0.762736172300844,0.4838336215896352,0.26311153241301793,2.387805296982096,14116.217186583206
991,9910,-1.188068970735813,-0.9329576304169287,0.3483063288653906,0.26278194779844993,2.3882233365221763,14130.16051666718
992,9920,-1.1890416377029718,-0.9486988125830962,0.42509225262060657,0.2623456576044837,2.388379352300657,14144.376321332995
993,9930,-1.2145886582796521,-1.066196900718905,0.3100166757837945,0.2618009525008652,2.3885098449319564,14158.594211958116
994,9940,-1.2122229957478998,-1.1178017857093003,0.17387956655952025,0.2613076697527522,2.388377066343999,14172.408451958094
995,9950,-1.2079853740320239,-0.8200286653831143,0.4250239388339225,0.2606227379450415,2.38869721764316,14187.295833208133
996,9960,-1.195587925507338,-0.9825212890601538,0.3626576876082503,0.25996160557475423,2.3888126625373,14201.512740832986
997,9970,-1.2211830881218146,-1.0115218079769062,0.36122795588210893,0.2593511115565847,2.3885650209348204,14215.46267016721
998,9980,-1.2001840118391103,-0.6261793859756088,0.4472836268937465,0.2588354927031069,2.3885515269828326,14230.060856875032
999,9990,-1.1993326113615277,-1.132686845914138,0.13698097139993165,0.2584315592654262,2.388824674447439,14243.775243625045
1000,10000,-1.2019521777711537,-0.9565082115868865,0.40261093593689906,0.2581131208331496,2.3889671949983367,14258.11834195815
1001,10010,-1.2047060376319374,-0.8976445029246584,0.40151203920429,0.2577965789198047,2.388998416710463,14272.450969833182
1002,10020,-1.2075442370320664,-1.096820130569078,0.2297351286263261,0.25754858059989055,2.38912820984527,14286.335166250123
1003,10030,-1.2058468594675444,-1.1097166955108464,0.19018173576348057,0.25727048689526993,2.3892729298908053,14300.407175500179
1004,10040,-1.2138878849812622,-1.1153846019326725,0.24136607970173204,0.2571205080917196,2.389331986236155,14313.954200083157
1005,10050,-1.2267697618203712,-1.0469990712112014,0.26777267177864017,0.25704348560640056,2.389387814771473,14327.82777870819
1006,10060,-1.2394316586608198,-1.1932222841871554,0.03347628102549699,0.256978061615111,2.38966983915184,14341.269939167192
1007,10070,-1.2172113714151598,-1.1484277305147235,0.056273676571923247,0.25670068978168786,2.3896512155019436,14355.100755625172
1008,10080,-1.2283558226937377,-1.0924972597712632,0.20210511514644616,0.25634951442206655,2.3891570135534685,14369.03844129201
1009,10090,-1.1995562344210864,-0.9197819136191724,0.3991411517684393,0.25609632844235397,2.3893622876270535,14383.219419292174
1010,10100,-1.2305652016413733,-1.0560943829268896,0.2699855605892116,0.25602886236361727,2.3895139572193043,14397.584864542121
1011,10110,-1.2050858676663392,-0.8190126932112246,0.4488452537659866,0.2560015264989378,2.3895364183280603,14411.80191533314
1012,10120,-1.2081492552785873,-0.8765439390922763,0.3977623597910713,0.255938209882497,2.3895029826080108,14425.697695625015
1013,10130,-1.2165550111872774,-1.1044544158860816,0.25033143851225126,0.2559028996868414,2.389525058179607,14438.964780417038
1014,10140,-1.2138518084613201,-1.1618206176105967,0.08138291385576689,0.25578847395014015,2.3894339378331573,14452.452508292161
1015,10150,-1.2134148468786101,-1.1903760499908929,0.01134683743598587,0.2558216222974933,2.389456023756246,14466.217732167104
1016,10160,-1.2190635904941658,-1.048278519820758,0.3046012109968151,0.25593402189838116,2.389451777708447,14480.428752833046
1017,10170,-1.223120825421871,-1.1728577677521443,0.0614309651962225,0.2558470634745791,2.3893452999482196,14494.004596667131
1018,10180,-1.2246531016675375,-1.1623995816193786,0.12344268297031347,0.25571338422291817,2.389362185031509,14507.283399417065
1019,10190,-1.2286035981844723,-0.7935097259773045,0.4886242009934502,0.25567114874253666,2.3895635399219426,14521.267727208091
1020,10200,-1.2385288340682168,-1.1891262635547502,0.04917803058470916,0.2558399482912227,2.3895940417245454,14534.994369667023
1021,10210,-1.2242896286039926,-0.9638427751923251,0.45654057288827415,0.2560043235626664,2.3897004193643374,14548.642498667119
1022,10220,-1.2258535886221456,-1.1465667983430101,0.09747265482641695,0.2561628961195721,2.389843131450221,14562.301042833133
1023,10230,-1.2105395444044484,-0.9748843386353275,0.393708418696125,0.2562741766914841,2.3897933641835603,14576.266574083129
1024,10240,-1.2130568595914504,-1.1832089245253055,0.02028495731018248,0.25643984640721895,2.389802160525627,14589.563473000191
1025,10250,-1.2300850597856554,-1.0195616023776506,0.36640465061447564,0.25663487196978213,2.3897807513546607,14603.480952542042
1026,10260,-1.2258234214544421,-1.1978680095886887,0.03234661939596023,0.25688081375925403,2.389985493953538,14616.920832500095
1027,10270,-1.2274901452362315,-0.9405309291819302,0.4103698237769894,0.25713806478501455,2.3899030915728994,14630.84562379215
1028,10280,-1.2361578665237838,-1.103080801743705,0.28667501291728725,0.25745132941605964,2.3895278490450553,14644.556980458088
1029,10290,-1.2285499813252416,-1.0567944425029059,0.3317238705473608,0.2576074968947007,2.3895125201705794,14658.317993583158
1030,10300,-1.2403906372795204,-1.2084017524022586,0.020466117476494107,0.2579629629017238,2.389666463247306,14671.663699042052
1031,10310,-1.2383873799355056,-1.0504265207479009,0.3380831984825188,0.25824101608820743,2.3897325673276653,14686.243569832994
1032,10320,-1.2408724288780517,-1.140099136194754,0.23162375221554937,0.2582066819953756,2.389731711147816,14700.318296000129
1033,10330,-1.2444616318181634,-1.0792098869867524,0.2826084567991544,0.2581338836955331,2.3898122921842204,14714.49404837517
1034,10340,-1.2424121527329088,-1.1172518731608,0.25963627070739137,0.25801248995043324,2.3900303245687518,14728.329883542145
1035,10350,-1.227280069531714,-1.1905020842107217,0.04395537756027505,0.2580288413883381,2.3900247739733347,14741.735064625042
1036,10360,-1.2269019358895088,-1.0076572806662465,0.35742367547165327,0.2580587507847682,2.3903478397699742,14755.396850625053
1037,10370,-1.2319842231602536,-1.1834664121707892,0.05324949535625729,0.258160709780196,2.3904402668377775,14769.371264124988
1038,10380,-1.2290481899897356,-1.1673787955408148,0.07185600564191195,0.2582432709177327,2.3904845418267295,14783.323066542158
1039,10390,-1.2139365601410717,-1.1123090756266472,0.2000077243454478,0.2582529370302874,2.3905660048651143,14797.503650375176
1040,10400,-1.21942570942978,-1.0841780771370253,0.2567151809008657,0.2583038720550943,2.3906033047043476,14811.082563375123
1041,10410,-1.2384799321760545,-1.2021977336468574,0.02497717664946529,0.2583304682482815,2.3907793722447543,14824.933215708006
1042,10420,-1.2347527633669424,-1.1152141496708508,0.2463376288948907,0.2583174430238524,2.3907336120376708,14838.816120750038
1043,10430,-1.2397999263014237,-0.9999087540033955,0.2948427304150821,0.25837386488164,2.3908640134975774,14852.763331167167
1044,10440,-1.2225107818191292,-1.142482893011404,0.15680382069879364,0.25858695139051396,2.3909235014567205,14866.542464042082
1045,10450,-1.2332798207086437,-0.9316404248604343,0.40762742103260624,0.2586932905636819,2.391131527492415,14881.341974875191
1046,10460,-1.225298745091326,-1.1008950231698145,0.27796858775165567,0.2588896139018141,2.391204421670917,14895.117299958132
1047,10470,-1.2382050665346975,-1.2030157794725613,0.04429344401377218,0.259112891149977,2.391391685704486,14908.844770708121
1048,10480,-1.241408237488998,-1.2125362930208585,0.015512616782345246,0.2591899566652889,2.3913172968529928,14922.570187167032
1049,10490,-1.220480069511673,-1.1550808097605194,0.12805888577979366,0.2592690631021088,2.3912960582706804,14936.284081333084
1050,10500,-1.2309467741799391,-1.1896708776808809,0.03280621432173698,0.2593362654615756,2.391326424392971,14949.811724542174
1051,10510,-1.2321407206431685,-1.1923440010633766,0.03297133972409873,0.25943395496321114,2.3910661164185036,14963.286257917061
1052,10520,-1.2348632314184291,-1.2064978165049882,0.016705506039354518,0.2595021663524306,2.3916698092542923,14976.925582792144
1053,10530,-1.2155084723929361,-1.1190159074066348,0.24203322500640131,0.25967773468490046,2.3917666482074806,14990.832324207993
1054,10540,-1.2236071689618253,-1.1935532984720576,0.03911016747626122,0.2597888264242702,2.3920161647815994,15004.577309833141
1055,10550,-1.2211451740844232,-1.1950496046224495,0.023387229042003688,0.2599895520292607,2.391751014350872,15018.150306958007
1056,10560,-1.233334643208278,-1.1955274921576435,0.024666755318887186,0.26021021951166895,2.3918565271623504,15031.819183583139
1057,10570,-1.2357870818087422,-1.2011793512821467,0.025221718281680742,0.2604617998618482,2.391895766973864,15045.480120500084
1058,10580,-1.2355941537857875,-1.1967995636752708,0.02447292846429941,0.26065928445693537,2.391981842911293,15059.036562458146
1059,10590,-1.2365863563128654,-1.1867960357539926,0.03838274035513474,0.2609524788535394,2.3921748182217923,15072.501022916986
1060,10600,-1.2239295849171938,-1.1905623977706639,0.02898344287371947,0.26116487799391297,2.392033992517346,15086.287235750118
1061,10610,-1.2194674553782638,-1.1824436639441556,0.0322081770769661,0.2611575138178586,2.3921001673433753,15099.541912708199
1062,10620,-1.22694458064547,-1.2033954953214585,0.019871529317795792,0.26110406202084185,2.392057917435596,15113.199070750037
1063,10630,-1.2324657196778208,-1.19806505201803,0.02021085418267626,0.2610121871182546,2.3920316747269936,15127.04093925003
1064,10640,-1.22150294877284,-1.1850436549490801,0.02021212336970741,0.26098160409854637,2.3923725426097255,15140.603659500135
1065,10650,-1.2209861632223884,-1.157893146776365,0.06035826192471394,0.26091568724368247,2.3928045187487115,15154.531022917014
1066,10660,-1.2285535508912275,-1.1894559580696495,0.03773444793182103,0.2609687778066996,2.392654320313092,15168.06423570821
1067,10670,-1.2173088657817708,-1.1799724717523241,0.04237594497593871,0.26101229263012415,2.393005234597874,15181.52326904214
1068,10680,-1.2261083180121775,-1.2064594148838108,0.01881356604100386,0.2609813960181736,2.3931150548149245,15194.945341333048
1069,10690,-1.2392061395830822,-1.203778627268687,0.021687718397059373,0.26091539902143135,2.3929834580371514,15208.552496833028
1070,10700,-1.2264962149924568,-1.2011057170923816,0.012231667860687655,0.2606564533156944,2.393037393944636,15222.197869333206
1071,10710,-1.224507847162064,-1.2099984441966145,0.010726667798328222,0.2604931555892978,2.3927634151031567,15235.916390458122
1072,10720,-1.2350262953081685,-1.17864702653861,0.03363242995338537,0.2603456560374517,2.3927789974026115,15249.412302417215
1073,10730,-1.245044609922509,-1.1269123141817543,0.21110097476622328,0.2600586023079,2.3930685964203495,15262.988314833026
1074,10740,-1.209475646594453,-1.1235831396847302,0.20286284601767005,0.2595045994363966,2.393260752157354,15277.043351708213
1075,10750,-1.2344222512406118,-1.2078747790228583,0.03223554205576363,0.25884065947287854,2.3932740588679327,15290.919895833125
1076,10760,-1.2461155589710042,-1.206735486946062,0.026647100665803593,0.2581325799664045,2.3932511395676763,15304.832788833184
1077,10770,-1.245472502335148,-1.2051578806974066,0.021202145050824375,0.25750523558589855,2.3933047537462353,15318.720135042211
1078,10780,-1.2491944821229435,-1.2013440717517914,0.02492870006528609,0.25708533365326,2.3933407882512583,15332.502283250215
1079,10790,-1.2374551703688192,-1.2041029105530066,0.036296868680717645,0.25662420912672307,2.393271467461172,15346.533692333149
1080,10800,-1.2501261045915326,-1.2185641744360622,0.029533310393898803,0.25612866256347383,2.3931786851379484,15360.272595999995
1081,10810,-1.2450479785945658,-1.19966553819205,0.024243279139720537,0.25566514614844,2.393465922323718,15374.05145591707
1082,10820,-1.2314159028289575,-1.1730350301994101,0.056470518930886705,0.25519526274336757,2.393659203606028,15387.67556400015
1083,10830,-1.23803908958286,-1.2130282601873414,0.02038613083872416,0.25484006057438263,2.393774202740413,15401.534005083144
1084,10840,-1.2528359562623343,-1.0377933417981287,0.34092945648421535,0.2546728115798003,2.3937595880545817,15415.228711083066
1085,10850,-1.2317745596173255,-1.2024076421145318,0.019786576230189746,0.25453360979165773,2.3940352276709618,15428.683167292038
1086,10860,-1.2308598444397534,-1.193725446327213,0.04582243244232725,0.2543147234590811,2.3937332230736796,15442.437062125187
1087,10870,-1.248494267838817,-1.1801538909376041,0.0648261721088416,0.2541314665576839,2.3936641569624606,15456.8392830831
1088,10880,-1.2368052705308745,-1.1948554827409867,0.02835371659836084,0.2540161720511784,2.393540450692161,15471.009674500208
1089,10890,-1.231177141339006,-1.1865651392398218,0.027395899142696026,0.25396968807313514,2.3938077884914253,15484.74346295814
1090,10900,-1.253364085468788,-1.1259902706299847,0.2336120131694203,0.25388875566008867,2.393840430512497,15498.29385687504
1091,10910,-1.2431694005417961,-1.2091264496551637,0.027710397694131035,0.2537049088528513,2.393534690820311,15511.938443708
1092,10920,-1.2361179436192353,-1.0902896719827087,0.34780693516697314,0.2535684849989582,2.393190982104201,15525.779097000137
1093,10930,-1.2331100190602564,-1.1188669323794742,0.16240277181458068,0.2536168460534376,2.3933624777839766,15539.274890750181
1094,10940,-1.2260908386236293,-1.0377801555426411,0.356347776540685,0.25371342997170077,2.393454877945889,15553.236136458116
1095,10950,-1.2305346014806968,-1.2025441343377743,0.016862721011602903,0.25375556176731145,2.393388065403528,15566.691408417188
1096,10960,-1.2167226341920836,-1.180290249598337,0.04141528727897213,0.2536709995753307,2.393631180407342,15580.167721292004
1097,10970,-1.2304114440055898,-1.1983273643584575,0.017956040236807694,0.25351315115716366,2.393620760740491,15593.77336616721
1098,10980,-1.2395670089366675,-1.2055593252799872,0.018158271700721953,0.25335505767751465,2.393527883872392,15607.377230333164
1099,10990,-1.2422707439473148,-1.217113418278184,0.01688170156925298,0.2533146484392144,2.393661644934262,15621.04431300005
1100,11000,-1.2314151227648331,-1.2062905853452057,0.01873859732087914,0.2532071421995059,2.393905437448189,15634.629188542021
1101,11010,-1.2463031567794145,-1.211961062301072,0.024728168506762325,0.2528956579008209,2.393791885473207,15648.271930749994
1102,11020,-1.2534626433339895,-1.2065525444222112,0.04373924038733234,0.2525414847672614,2.3938623489848267,15661.887732875068
1103,11030,-1.255164059052591,-1.2202406601934026,0.017184833336049737,0.25219405761048996,2.393355326396334,15675.375732208136
1104,11040,-1.2596219302483478,-1.1150322482127346,0.22267806167142512,0.2517712855260643,2.3933322062679916,15689.442941917107
1105,11050,-1.246959644108511,-1.2304991517690183,0.013101402127072597,0.25135953736391226,2.3937083953249334,15703.186654792167
1106,11060,-1.2420233738056154,-1.2200622190447175,0.016437655057615057,0.2508395541859741,2.3938053408942848,15717.00443179207
1107,11070,-1.2430892121628805,-1.0236825959245006,0.3723539575909114,0.2505269128996408,2.393819727539778,15730.696302875178
1108,11080,-1.2410228343564427,-1.1342194651499808,0.21415763974453314,0.2502410046250891,2.3936628615277358,15744.321958417073
1109,11090,-1.2441812598865072,-1.0315050391842757,0.3771241873470049,0.24992591169723818,2.39376508687175,15757.912879292155
1110,11100,-1.258754441119299,-1.2238052116563574,0.01777597944204801,0.24954931744754208,2.3938192124512976,15771.490040000062
1111,11110,-1.2470934459398295,-1.0154803120585882,0.3618305289609474,0.24923002388060728,2.393811393387427,15785.419124250067
1112,11120,-1.248309856086924,-1.1816829672301268,0.10171484371267699,0.24880017950899147,2.3939218616796594,15798.978260042146
1113,11130,-1.2359923518859244,-1.1193781429584666,0.2669415935589656,0.24834645575287867,2.393930845768333,15812.824731583009
1114,11140,-1.2317442898973798,-1.1854355492504038,0.05583119670658099,0.2479539787827942,2.393926824634445,15826.61849966715
1115,11150,-1.2378716063174444,-1.108518325437197,0.2949282837359522,0.24760801547354847,2.394049386175536,15840.258082167013
1116,11160,-1.2469387483099412,-1.1990391235759403,0.04301070264359548,0.24725896320802032,2.394017877731021,15853.55874312506
1117,11170,-1.2316764355272465,-1.0868808893097361,0.3228258521225736,0.24700816261728864,2.3945220050641858,15867.695296333171
1118,11180,-1.2480069253480295,-1.182041755432352,0.04492975782434969,0.24691982902720339,2.394484766379899,15881.562401792035
1119,11190,-1.2514863932885874,-1.2200895171695572,0.0391844812751483,0.2467812598681799,2.394405420855285,15895.070804667193
1120,11200,-1.2406921841551348,-1.2125568131282851,0.021531677452214227,0.24645888135638044,2.394347216287728,15908.809019583045
1121,11210,-1.2571683216379421,-1.2246556107911755,0.029011901685867657,0.2461847863583996,2.3943230874264456,15922.509442000184
1122,11220,-1.2596044565240838,-1.1436516811385764,0.24230042336767516,0.24583519857054054,2.394523720795251,15936.597547250101
1123,11230,-1.2443242741640992,-1.2268440734875379,0.01829997141041285,0.24552568585900472,2.394415643576208,15950.180051208008
1124,11240,-1.2493190337109663,-1.233216776322243,0.016418001107550557,0.24515747225531462,2.394291812334501,15963.933254333213
1125,11250,-1.2544230799687748,-1.1751958040779065,0.16719915070780322,0.24468888136149006,2.3941022126718887,15977.619102625176
1126,11260,-1.2592296646848649,-1.2357967640873824,0.018956126220915023,0.24423436804913368,2.394065481495528,15991.46613600012
1127,11270,-1.254427884479897,-1.2003668939510692,0.08837737606251277,0.2439298579992649,2.3938630257023377,16005.232524417108
1128,11280,-1.2638666486667685,-1.2093286174047855,0.08241613892848709,0.2435493166258615,2.3941284379744747,16018.63597570802
1129,11290,-1.2499120670699284,-1.2327414093430196,0.013871430718209165,0.24311112353069397,2.3946501143329386,16032.30656037503
1130,11300,-1.261043246615598,-1.2285668217763983,0.014709149602267959,0.2426806982885807,2.3948045524581674,16046.109791750088
1131,11310,-1.2502882872075647,-1.2295667896157527,0.015049814395217038,0.24219788891533112,2.3948050120250053,16059.763234458165
1132,11320,-1.2493012483260184,-1.2134178378639118,0.024788812739980355,0.2417446065194162,2.3946724186609516,16073.414868167136
1133,11330,-1.250535178622659,-1.2104053921653903,0.04937627256012668,0.241129125170605,2.395102016820714,16086.937758375192
1134,11340,-1.262645984197988,-1.2306133129360346,0.01974972107218008,0.24071874864441284,2.39520561682306,16100.597940874984
1135,11350,-1.252556097325125,-1.232185235421079,0.011057940757059842,0.24027545926844984,2.395410780244037,16114.235004292103
1136,11360,-1.258147266563407,-1.2350793084617397,0.020323473274066656,0.2398445015620314,2.395479748385513,16127.906353417085
1137,11370,-1.248293303384128,-1.1434746843027601,0.23667465339843546,0.23950564342013692,2.395604757710685,16141.36878654221
1138,11380,-1.240465114664814,-1.149796784924527,0.22522493020268478,0.23915543779629314,2.3958552827552415,16155.349774667062
1139,11390,-1.257828296010251,-1.2333300642372653,0.02087080705684348,0.23886498286530142,2.395846738404221,16169.206290957984
1140,11400,-1.263343983245111,-1.2333269801139306,0.01868541722252986,0.23863110999843454,2.3960785880074895,16182.75761900004
1141,11410,-1.2542756721301336,-1.238286711030834,0.016059145731073633,0.2384296706310552,2.3961690645614855,16196.388211417012
1142,11420,-1.242276617791111,-1.057942814702779,0.30006892816267194,0.2381529624096576,2.3962370130755746,16210.034030083101
1143,11430,-1.257752410952703,-1.2318674762392188,0.01775684980294716,0.23796166112051853,2.3965670795132534,16223.674872833071
1144,11440,-1.253179616807648,-1.213938373563689,0.06428735851610674,0.23772599803520778,2.3967747288511574,16237.198021542048
1145,11450,-1.253885341612321,-1.2342561659308477,0.022214696231317776,0.23745106512008288,2.396760438495966,16250.757022792008
1146,11460,-1.2585191388232673,-1.1253943548418526,0.28544123038957775,0.2372156868903375,2.39690973929833,16264.362722042017
1147,11470,-1.259515908348293,-1.2341329734601871,0.02109987289842493,0.23688032688020935,2.396945070604722,16277.744484917028
1148,11480,-1.2666071422047107,-1.2335623814651517,0.023603051290456794,0.2366010618146692,2.3973786844620055,16291.465333500179
1149,11490,-1.2579306729469408,-1.227054650452771,0.019159945389167467,0.23626138174880312,2.3977453661726353,16304.854083083104
1150,11500,-1.2424658184577018,-1.215527010718761,0.0406962504577175,0.23592296643230154,2.398061693194165,16318.339050167007
1151,11510,-1.251225503178909,-1.2189475447822187,0.04005732447543343,0.23563765213466897,2.398488840942917,16331.768512125127
1152,11520,-1.2489231389168642,-1.2208251819551568,0.02280062416388653,0.23541060749039427,2.3984696209427705,16345.28288837499
1153,11530,-1.246617514129949,-1.2242381022651776,0.012923508351385699,0.23510841588106218,2.398550919876629,16358.797188166995
1154,11540,-1.2632972867719028,-1.2406158762722814,0.012952248710599398,0.2348245699640276,2.398457863073323,16372.247554542031
1155,11550,-1.2679588134372226,-1.1682866582857272,0.23281885147488754,0.23445495146643025,2.398522658800263,16385.934709875146
1156,11560,-1.2590491310752077,-1.241144588265244,0.013005695458638493,0.23402250678414394,2.398494428933927,16399.641932125203
1157,11570,-1.2691772252956053,-1.2427791361257214,0.019537441268696283,0.2337309377120786,2.3985037871082673,16413.240846250206
1158,11580,-1.2613961034005658,-1.236470120709066,0.022521712968665036,0.2332811998516891,2.3986274644287926,16426.84671304212
1159,11590,-1.2582471741036905,-1.2329283349599922,0.01536905951747419,0.23284478071610484,2.3986272802752318,16440.614832499996
1160,11600,-1.252086767259093,-1.1385075958376425,0.23051145268146744,0.2325097481939372,2.398780948250102,16454.28814287507
1161,11610,-1.2628445027382442,-1.1984450369612372,0.04724592818044286,0.23222681479314297,2.398546959990682,16467.86383479205
1162,11620,-1.2457333555471157,-1.070769044177715,0.2632910237985343,0.23197011232106207,2.3989593558418747,16481.60876558302
1163,11630,-1.2456685498576654,-1.220676537247189,0.01984160150402722,0.2317544807438085,2.398968230137651,16495.175271208165
1164,11640,-1.2561869168030082,-1.1656804034544312,0.18669597424858256,0.23140723928718132,2.3995194808963083,16508.884860208025
1165,11650,-1.2673061031746702,-1.2511854069777137,0.014566171455392445,0.23112988274033303,2.3997322355421113,16522.47073545819
1166,11660,-1.2571871511100285,-1.2283871064112275,0.02625188789829661,0.23083144599740274,2.399881093905994,16536.150643083034
1167,11670,-1.2589048480546765,-1.2360862646845938,0.028729955619850773,0.23052235759028955,2.399973518735301,16550.11343941721
1168,11680,-1.2748867439014173,-1.2246718935546397,0.036502246095170485,0.23015462556104266,2.400233958623477,16563.605213208124
1169,11690,-1.2531653914095608,-1.1558810771685164,0.1996210844131424,0.22979257899511177,2.400705615242173,16577.488368583145
1170,11700,-1.264474534279314,-1.2343326845950922,0.018689306772431653,0.2293618825420231,2.400836505631194,16591.03431408317
1171,11710,-1.2596407624913475,-1.1914239664838682,0.1337753574824846,0.2289400874992585,2.400824794663739,16604.86312166718
1172,11720,-1.2532257420809092,-1.2240284145263778,0.022662227112063282,0.22870861029073347,2.400779527949804,16618.646515458124
1173,11730,-1.254346424037637,-1.1758625455108396,0.14412417559458615,0.228338924386617,2.400827843239998,16632.19497775007
1174,11740,-1.2479865656338918,-1.0812125521336469,0.2191793503122887,0.22788040208028337,2.4012264810623654,16646.16243279213
1175,11750,-1.2574070106183957,-1.2246581608638145,0.030396622866878095,0.22735120474991743,2.4012629423452396,16659.700445375172
1176,11760,-1.2583174689868368,-1.2337984195465448,0.013557530686502148,0.22665749185483505,2.4013681747768163,16673.872185375076
1177,11770,-1.262081908281444,-1.23292673024314,0.023212881104774395,0.2260549956516436,2.4015754232950095,16687.22300820821
1178,11780,-1.2555637256342589,-1.2310521382454902,0.016242856326688464,0.22553470473050374,2.4016867448866708,16700.82553412509
1179,11790,-1.256867786058975,-1.2398712871875648,0.011236559593832633,0.22501407504043294,2.401767794362948,16714.304496333003
1180,11800,-1.263851570102899,-1.2227863593862374,0.027703993804638324,0.22455960200233432,2.401994211393226,16728.01141791721
1181,11810,-1.2605673632138092,-1.2451597685613833,0.01321419088092606,0.22416181235478672,2.4018293253518355,16741.695093875052
1182,11820,-1.2784995568762563,-1.2318519729563095,0.03206454974794689,0.2237186286469441,2.4018834660763493,16755.096274292096
1183,11830,-1.2607094344585992,-1.250722544465826,0.009366770317554828,0.22334994970664748,2.4020334723061185,16768.47947983304
1184,11840,-1.273793270100068,-1.224520136674927,0.032904649462163725,0.22299634861397674,2.4021251723206496,16782.19519933313
1185,11850,-1.2658731395181793,-1.2243992742165992,0.04838630642451671,0.22263891324292265,2.402308811213979,16795.697167917155
1186,11860,-1.2719990059647097,-1.2578809768522894,0.008152539669367432,0.22226169000075763,2.4027627642055993,16809.048994708108
1187,11870,-1.2649688669773278,-1.2427726942197828,0.024429685983570874,0.22193138202162976,2.402758213490522,16822.978281417163
1188,11880,-1.2699758870666331,-1.2491909538691757,0.01131021160900782,0.22159397045605495,2.4027325938355935,16836.672941958066
1189,11890,-1.2692575981957157,-1.2595258565316687,0.006693221527261205,0.22124920335766626,2.4028083411300107,16850.18616475002
1190,11900,-1.2649155346839853,-1.2515077169154967,0.013773205172520913,0.2208270201223526,2.4029100542142467,16864.08918729215
1191,11910,-1.2608828550235769,-1.2396358772036318,0.021325036511401996,0.2204997410038225,2.4026428149660455,16877.38493945799
1192,11920,-1.2731494477132452,-1.2477286788569895,0.01651649728883894,0.22014338826502725,2.4027287851600674,16890.970125208143
1193,11930,-1.2663239976602085,-1.2340365994979365,0.029053641467985027,0.21972620063103265,2.4025065286380123,16904.690710667055
1194,11940,-1.2682427314578328,-1.2298034274668652,0.03959036032231691,0.21920010105096271,2.4025515981236745,16918.57631820813
1195,11950,-1.279540270700978,-1.2329128617879277,0.03218420583702161,0.2187231116905716,2.4024032952547407,16932.105198917212
1196,11960,-1.2763562802975583,-1.2591638411797983,0.016878110952688055,0.2182315508109959,2.4023539047586704,16945.62737425021
1197,11970,-1.2765628797476998,-1.2536013684617062,0.01745865552541366,0.21769585632156063,2.402453199508782,16959.22755150008
1198,11980,-1.2818208034886736,-1.2529927435605592,0.026492871099431256,0.2171889231300932,2.4024517313903995,16973.17149579199
1199,11990,-1.2706637175625959,-1.249638100189595,0.022021939485024893,0.21684151790597905,2.4025736083283804,16986.821831292007
1200,12000,-1.2810466811119614,-1.2495557402139075,0.021273042279105255,0.21634247791856842,2.402716508072332,17000.1676591672
