generation,evals_used,best_fitness,mean_fitness,std_fitness,sigma,condition_number,wall_time_s
1,18,-0.410987018507587,1.7197661650807878e-05,0.24052488599011015,0.4834686153723255,1.0123453404162697,48.8006329999771
2,36,-0.21174398212526846,0.02980533378369395,0.20635222597864733,0.47044369245800394,1.016680866346677,93.69642325001769
3,54,-0.3676150770038866,0.04211379576962888,0.25838995541541837,0.459769630227037,1.020502550623804,139.85670850006863
4,72,-0.46334195742428896,-0.04184133673561287,0.2251709359872115,0.45085543525756494,1.020998260850053,194.85476995795034
5,90,-0.6391601029184626,-0.09198483729362265,0.24077947865377486,0.44271879428188854,1.0229225866415075,246.50430387514643
6,108,-0.35749064712200695,-0.025193108080322366,0.17488089376229876,0.43614163433456266,1.0270757128593815,299.9374025410507
7,126,-0.2035931035027323,-0.020279994183598642,0.0672003818696596,0.43038172489889664,1.031219639710633,355.98681658296846
8,144,-0.20533815492509344,0.02018436518340394,0.17801363409974666,0.4259642007382485,1.036596733694601,413.0990681250114
9,162,-0.4410199376055921,-0.07336942993669757,0.17828226494750934,0.4210668482116739,1.0415493950047876,467.6880461659748
10,180,-0.7429415557113854,0.4667142851322787,2.325408519876621,0.4155016367680016,1.0461639754553957,522.2257701661438
11,198,-0.5281551673039688,0.5116664551863221,2.309689103513888,0.40975488928645676,1.0505847569587512,569.1907026660629
12,216,-0.5261077829761431,-0.08665035793485482,0.15514825129963636,0.40437061994024726,1.0540151130451423,622.0919980411418
13,234,-1.0692114002637378,-0.06192305650921432,0.30334862049743966,0.3995059281819175,1.0585260823216531,675.1308042500168
14,252,-0.6167370811462529,-0.055724610173536394,0.2730386558024703,0.3960404376503898,1.0628443485824657,724.4911347909365
15,270,-0.2652874318757297,0.10439838772468985,0.25017537216676017,0.39229832584103097,1.0672370757514884,779.4073408751283
16,288,-0.4496757995908762,-0.061131716731896595,0.21808763481634144,0.38967189028169696,1.072505388843371,828.183392832987
17,306,-0.49563437509584407,-0.0809587361830651,0.2502198931997812,0.38733437405584736,1.0781156946291572,877.2926743749995
18,324,-0.6575848575043217,-0.053812612266867524,0.3013444239714099,0.3850868927208329,1.0833497134847447,926.7058935409877
19,342,-0.748212516682969,-0.11227387544408514,0.22402397415274125,0.3829521526759273,1.0885100672502612,975.0887017080095
20,360,-0.5408274519833371,-0.0942472903871377,0.2663269334143247,0.381473914130659,1.0949447968083927,1023.0548732909374
21,378,-1.0718923326602834,-0.03026019619183056,0.3929889803393456,0.3803267769797177,1.1016038403588269,1072.8565981250722
22,396,-1.0580491863824442,-0.08611458418295609,0.3471464499062671,0.37916601797165006,1.1083453971471589,1121.5507750830147
23,414,-1.0656836157962424,-0.2644660980196266,0.3862953315727554,0.3786698116965099,1.1150221712396922,1171.421861791052
24,432,-1.196452108046456,-0.18749299258138713,0.4983843850979918,0.37812498583868787,1.1223830878371686,1220.258763916092
25,450,-0.6529230575469,-0.11845331767438753,0.30712992674512096,0.3778561003419363,1.130741685385703,1270.823851000052
26,468,-0.7504181292855128,-0.22917405585095876,0.2895702961240129,0.378159047262352,1.1388260488251154,1320.1068878751248
27,486,-1.1935873513928952,-0.3260503287202274,0.40814506158268127,0.37851238521749714,1.147522283066622,1369.9226889160927
28,504,-1.4691340620213813,-0.42442043466739865,0.4273564799458614,0.3793217242922997,1.1565117864062757,1417.5214140000753
29,522,-0.9786646169595272,-0.4841562987265997,0.2918556725420879,0.38055385261678015,1.1651958331580912,1463.476221458055
30,540,-1.1231680272948825,-0.33141132985250604,0.3464517592262716,0.3819517248787712,1.1742156793770033,1509.849064500071
31,558,-1.3852552577126502,0.8247550641884674,3.283569890480806,0.38320803482096094,1.1839918629916433,1556.2581830001436
32,576,-1.0859940140958457,-0.2849030489583957,0.35256786174708493,0.3847011031010725,1.1937394394227976,1602.3504666250665
33,594,-0.8374101806418315,-0.30577758476567385,0.27266742356089385,0.3856456930773653,1.204218005985426,1650.249315333087
34,612,-1.3150513781690947,-0.43387520163475046,0.4842398145592056,0.3867305849965207,1.2148477976963505,1699.045403916156
35,630,-1.2362090425263288,-0.5228993811945659,0.4203983390859331,0.38788362496550266,1.2248477864330387,1745.4100787909701
36,648,-1.4262381055242397,-0.3302637558552152,0.46092881658013724,0.3889100037219549,1.235700440054708,1792.7478545000777
37,666,-1.3742715436044204,-0.5903631703321043,0.5403542188568635,0.3901119417764163,1.246391936177785,1841.4832817909773
38,684,-1.2408644945757406,-0.5016159655909406,0.3856279912043107,0.3904859458440205,1.256300495423384,1888.958395499969
39,702,-1.4339351063428714,-0.5290241138627246,0.5408021225576618,0.3913214543827599,1.266412698539565,1936.0917992910836
40,720,-1.2153990316790644,0.21596995743364167,2.4225577231339765,0.3921322489650455,1.27694678954365,1985.0897538750432
41,738,-1.3640779695382612,-0.38670372514306545,0.4037814401092376,0.39278193285624985,1.2866740580154212,2033.299713290995
42,756,-1.308574547277363,-0.11812900814326793,0.3932285688978315,0.393334485424821,1.2970500087749715,2080.1106657499913
43,774,-0.991435970952641,-0.2993203915351186,0.33150898604037143,0.39412228400372845,1.3079088256343638,2127.8550354160834
44,792,-0.67850476093074,-0.2782086911393448,0.3097676023787422,0.39573658900069447,1.3201383925102443,2174.2079073749483
45,810,-1.1782328739838803,-0.3978591008157445,0.3750511482879482,0.3976220125755877,1.3325484030057768,2221.190007541096
46,828,-1.0091319394003326,-0.3271885947258558,0.36813512561896095,0.3994972388697336,1.3448102688541919,2268.4485363329295
47,846,-0.9562141935291439,0.35351608885051494,2.3644513025208407,0.40128031062268554,1.3574365549621925,2316.1110839999747
48,864,-1.3462807673830932,-0.48026803445966987,0.4117269699370847,0.40383661119656517,1.3714306810171262,2363.2095669161063
49,882,-1.5771054010920844,-0.6630382500686038,0.5172001606009122,0.40600228561784735,1.3843610067071268,2412.8129467079416
50,900,-1.3106785428500531,-0.40740875991605646,0.4511930170792974,0.4080080161799578,1.3972427557611453,2461.078102166066
51,918,-1.4529655709009734,-0.7870461912509024,0.42614695883017534,0.41005644419613013,1.4094479204207568,2509.1790769160725
52,936,-1.3562201697125857,-0.013582577242663577,2.4469616579086,0.4122811632290593,1.4216318510109178,2556.9224104580935
53,954,-1.3487208049418786,-0.6665396899413014,0.3337030114957986,0.41459615017239626,1.433384858123572,2607.8446575000416
54,972,-1.6157387348918562,-0.4567978417483707,0.3831555601452168,0.41686712145542154,1.4454019428973315,2656.191646415973
55,990,-1.3173954084827102,-0.4971626364574377,0.29261043864275604,0.4185657356069628,1.4571095223730406,2703.3897141660564
56,1008,-1.278672355189327,-0.6515774215724446,0.3417722699604785,0.41970267972478503,1.4681687723690477,2751.5067548330408
57,1026,-1.0079803387350186,-0.49984188316732137,0.27036658606403724,0.4209005552601105,1.480549570213983,2798.1124060410075
58,1044,-1.1858521199992582,-0.3518010895529618,0.42043795283677776,0.42198874655030155,1.492769952809837,2846.8963752500713
59,1062,-1.377404626007917,1.34756177523238,3.8925422401222116,0.4230489326775266,1.5042787880924626,2895.4419579580426
60,1080,-1.593868453292095,-0.6317218385325776,0.35956948804774436,0.42383743590634204,1.515994242182531,2943.137368291151
61,1098,-1.3878971752862403,0.2138483621174679,2.4261709920284824,0.42395373553495647,1.5263613447187467,2990.612772790948
62,1116,-1.3421702454526576,-0.5664944263687216,0.3473188166046864,0.42422644350459565,1.5366587678943358,3039.2728429159615
63,1134,-1.1800790884285446,0.3661583316008371,2.3760594074209522,0.4243066422391095,1.5465954542723455,3087.469747208059
64,1152,-1.5780354116078135,-0.3679726073405113,0.544385580293474,0.4240486756605814,1.5566851323851558,3136.47067029099
65,1170,-1.3319020956448053,-0.5376356466216679,0.4074604035293304,0.4233407668399273,1.5653255794294816,3184.6594376659486
66,1188,-1.4809807776297372,-0.5791253506592506,0.558648562583304,0.42269640527504987,1.5737829901681366,3234.076789957937
67,1206,-1.2687300106797768,0.2596799641871763,2.419745425627095,0.4219066727499972,1.581694473656359,3282.4532967500854
68,1224,-1.1816873560936063,-0.47782113375676755,0.4602047246684402,0.42200752135776814,1.5891772803093782,3330.3838442501146
69,1242,-1.3274669615034451,0.10473735085519248,2.450766677518841,0.42221079485217694,1.5968577552605054,3378.9563072079327
70,1260,-1.4435141007177252,-0.07239527952558324,2.4936576737480816,0.4230040979298121,1.6054260524222366,3427.13039129111
71,1278,-1.4200814028476767,0.0747558279614153,2.449210432690819,0.4233367468803121,1.6133998018975133,3476.1927397081163
72,1296,-1.517272314951665,-0.0999379930703962,2.5059585636044392,0.4238911615148488,1.6212950330621618,3528.8003105830867
73,1314,-1.6059849499011971,-0.6381564156995321,0.6051486550884454,0.42371866858113744,1.6286648913269983,3578.614570958074
74,1332,-1.4661151654366478,-0.4278421387148046,0.6089420709061967,0.42375688076475276,1.6366292997796865,3628.2078729581553
75,1350,-1.3069959330319234,-0.49666734231963505,0.5859438683381645,0.42318816000967163,1.643722988640135,3676.9409904580098
76,1368,-1.4323643152958958,-0.6645428454929648,0.49405535142943147,0.4225836939494208,1.6507798277132648,3726.2525683750864
77,1386,-1.4904441825423511,0.41207955425433496,3.4180367103225655,0.42195492409888385,1.6589977777335474,3776.04487337498
78,1404,-1.344011103594008,-0.7395822403540869,0.4279802622154321,0.42159334793307135,1.667058686217298,3824.722150583053
79,1422,-1.321579834870426,-0.6781401981354372,0.4578179526679381,0.420632756753088,1.6746294932457741,3874.073978957953
80,1440,-1.496255135964799,-0.7485669963969381,0.4257507379258269,0.41903254161853204,1.6817676542282642,3924.281378915999
81,1458,-1.370815527687208,-0.6500644041547197,0.41445290054127637,0.41801178550578705,1.6878604193497935,3975.430422875099
82,1476,-1.4796805305791452,-0.3418693551037353,2.545012778816839,0.4175326522496399,1.6944478924762691,4028.292573957937
83,1494,-1.5246562052893715,-0.8685718526832115,0.43900730089812656,0.4166879034592227,1.700091772878451,4078.949605208123
84,1512,-1.4471637262907153,-0.1089367507358916,2.4821711194976146,0.41643459921568127,1.7058027032361227,4125.904116332997
85,1530,-1.3892767047258534,-0.8089535484407236,0.4030917204075251,0.4165025421508598,1.7127471699468118,4170.866062083049
86,1548,-1.3912592517224978,-0.24816033901221812,2.5148902365540686,0.41569332624289096,1.7193165712297096,4216.072244041134
87,1566,-1.618453044947623,-0.9431235281971441,0.46294641758909405,0.41483301080007595,1.726381606931773,4262.254949208116
88,1584,-1.5266276424072913,-1.0484962921415586,0.5163522403363848,0.4140760788989242,1.7330275716363608,4310.4835196251515
89,1602,-1.4510851200551063,-0.46542072316791266,2.557668087388279,0.413771603762219,1.7401675435959392,4356.795786875067
90,1620,-1.575290318929503,-1.0712304681538827,0.46877215403567973,0.413670949435124,1.7467604654399054,4404.808513249969
91,1638,-1.637016692634437,0.10317813509416525,3.5271768189301254,0.41373630113437876,1.7537887956027998,4451.305736040929
92,1656,-1.6733492887087973,-0.944456965922178,0.4700993244894661,0.412772039802047,1.7597346088138013,4495.678026000038
93,1674,-1.403069970243716,-0.4307149787391211,2.552503646034303,0.41134367996959964,1.7650395334878448,4540.358868082985
94,1692,-1.5102981570907748,-0.9594548197585426,0.37192451601463694,0.4106973731514188,1.7714820930825337,4584.5164079160895
95,1710,-1.4383470722204272,-1.019112116101745,0.3154899905039233,0.41054797119672487,1.7777884388089407,4628.72950487514
96,1728,-1.3507081850427038,-0.9588166275047217,0.3945997040264852,0.41028649491144503,1.7833363046933084,4673.015389375156
97,1746,-1.6036227894857404,-0.8417503898223272,0.5434722954480574,0.41018519069117254,1.7897054302439173,4718.733310875017
98,1764,-1.4591531028603955,-0.3326205622070534,2.538625758573261,0.41098857230860447,1.796638627031413,4762.707161583006
99,1782,-1.396862943948432,-0.7997110055634086,0.4033920035712015,0.4102003002261081,1.802885120976175,4805.862756832968
100,1800,-1.5480927185369202,-0.9992940015495242,0.35847818594735226,0.4094334536533259,1.8092108873057553,4851.855378166074
101,1818,-1.6256749696923558,-0.9978016912670111,0.43201135254498757,0.4089729106617836,1.8146890721110338,4900.66037345794
102,1836,-1.6168169839032158,-1.139497097409189,0.35803982429154974,0.4083873927325474,1.8199160429993977,4949.058245124994
103,1854,-1.6107254478366428,-0.965889376966104,0.5840299209138581,0.40860770362470494,1.8242809511498215,4997.222848416073
104,1872,-1.6516322693522376,-1.166409676729549,0.40283970790848456,0.40967514799738786,1.8297179769134042,5046.66656849999
105,1890,-1.6284373766454818,-0.980021684667634,0.5718477241677808,0.4102225836206402,1.8356425720728315,5093.846684708027
106,1908,-1.400468229436707,-0.36461907085559053,2.5693519481412745,0.40961313568336566,1.8403361115145402,5140.254526250064
107,1926,-1.428147220017716,-0.8101107458541059,0.4888662493925866,0.4089988358638211,1.8455033919153605,5185.2946669580415
108,1944,-1.3466314726731277,0.3910972416733077,3.4123531652319428,0.40821502851941915,1.8524318951056937,5227.489553166088
109,1962,-1.5831993941558098,-0.1610618318639425,2.5203502780974874,0.4075642497362801,1.857415128308201,5270.959731457988
110,1980,-1.6041204811451601,-0.8856591215624715,0.6251064794873314,0.4070816910528979,1.8626720355701798,5316.684906291077
111,1998,-1.315467265019838,0.46994703459830667,3.396592422601023,0.40618261483760554,1.8674053439195006,5360.747423707973
112,2016,-1.4251385808634165,-0.3820466617060353,2.533279759885795,0.40488175254441394,1.8719282833770996,5405.149264540989
113,2034,-1.3989762222209725,-1.0684868878851193,0.3735656294461032,0.40355131224885454,1.8755322096430274,5450.708050666144
114,2052,-1.427087513539428,-0.26102802579695983,2.5193403406431973,0.4015158404769682,1.8783001015235676,5502.449072125135
115,2070,-1.2527439518611132,-0.7176509589537902,0.3147370836912808,0.400874410051206,1.8817512338707167,5553.592711958103
116,2088,-1.517944103878107,-0.6758167786499834,0.4318986376330268,0.3995358081441912,1.8857959076652813,5600.702103458112
117,2106,-1.4016936613793378,0.4952708477665382,3.3954392700738056,0.39881074546224154,1.8881982922762235,5646.960865207948
118,2124,-1.571787067649777,0.2954301226395099,3.464605689765372,0.39864806203500125,1.891453309969335,5694.863216832979
119,2142,-1.6925678113753255,-0.36585008754411763,2.554021076666885,0.39831004435914863,1.8951634765507064,5741.182413832983
120,2160,-1.696348245037698,-0.5436463010018051,2.578866934270159,0.3977831015213219,1.8986338638901539,5795.086295541143
121,2178,-1.6442426214566241,-0.9932239534002972,0.5605157989679366,0.39721060981728734,1.9019023007862346,5856.485326125054
122,2196,-1.6548770389330842,0.014668376312311339,3.5512896493714923,0.3973840749038806,1.9073630129683423,5910.113921124954
123,2214,-1.6655373241011535,-1.0474153488655797,0.5075417618857653,0.39677692939404646,1.9110692838275354,5965.330504999962
124,2232,-1.8722013874196386,-0.42014725076749787,2.5966910782508865,0.3965372282744397,1.9142006201860824,6014.756545040989
125,2250,-1.6437048274618542,-0.4190162836069619,2.568010376152275,0.3960945682781015,1.917241874835173,6064.068594624987
126,2268,-1.6374062274971788,-0.09454910753379868,2.51732052055674,0.3963533741914509,1.920082903982823,6113.555883083027
127,2286,-1.620547709233616,-1.3403988636365345,0.33536815201679787,0.3963423296622544,1.9230396506614196,6170.0183007081505
128,2304,-1.6362022933931915,-1.0693895031445488,0.5741602426514132,0.3954190631687901,1.926098651165293,6225.056080915965
129,2322,-1.6611888915670852,0.026493259611399613,3.5709834348710405,0.3938974368370587,1.929118953789866,6280.415791708045
130,2340,-1.7021263431242089,-0.631341140833931,2.6055593283262253,0.3930822338498939,1.9316462959320773,6335.103433958022
131,2358,-1.6916916024480448,-0.7954133481554293,2.6374439237531786,0.3918049937544478,1.933768420611478,6390.070531541016
132,2376,-1.7371854092688697,-0.5907807427895159,2.6146303303520124,0.39071790181062827,1.9366145722992076,6440.981896541081
133,2394,-1.6694480766628912,0.026286376555635173,3.5552755252142827,0.38957733459171096,1.939780162837358,6490.182588750031
134,2412,-1.5386348943022492,-0.009547107449239601,3.5487922745354026,0.3884289769704362,1.942251365621971,6537.268609415973
135,2430,-1.6441124789477666,0.02352164293840871,3.56022940017164,0.3870172919034603,1.9461766239718927,6587.066182499984
136,2448,-1.6983465835904301,-0.724481515241712,2.6297956827873477,0.3859390276381954,1.9490157328327433,6639.794976457953
137,2466,-1.696136902307094,-0.7611355437746837,2.618865590766198,0.38552700118252436,1.9505600795409443,6693.5216756251175
138,2484,-1.8217520238977478,-1.3599125413709632,0.4402569885239719,0.38590809429084316,1.9527289251711013,6754.039992999984
139,2502,-1.7687102193440492,1.8571654042589765,5.063233348013606,0.3868502960966831,1.9549098439865353,6801.25436262507
140,2520,-1.8815147209730374,-1.2886478647919692,0.47761181629262695,0.3879602987773822,1.9574705670572885,6851.997497500153
141,2538,-1.6552831414514175,1.1954253218251059,4.71639371923466,0.3880313525677424,1.959472034642495,6900.621899124933
142,2556,-1.8204490484065143,-0.10540539380335939,3.583467547065313,0.38832104271309603,1.9618502567832272,6947.864428541157
143,2574,-1.7190675605576091,0.0967080321696821,3.572066684714493,0.38941979794740794,1.9652672523423336,6998.021673250012
144,2592,-1.8040353974761705,-0.6818382144944217,2.637708998696884,0.3901942949440342,1.9680147112349098,7047.892126375111
145,2610,-1.695235249358765,-0.07294128817090931,3.5794763244171337,0.390744243488968,1.9728666885971693,7098.393034165958
146,2628,-1.8014291591592122,-1.345481653394836,0.3670945976577699,0.39207904827431456,1.9773680932006668,7148.693855625112
147,2646,-1.6940494620404456,-0.5169998223088026,2.6138301564709012,0.3937576241632481,1.9818987364040916,7198.62121029105
148,2664,-1.6720539483726302,-1.2609609569304006,0.6211431886922647,0.3957778330130208,1.986602797898085,7250.441229250049
149,2682,-1.5814053454675507,-0.6829991428104987,2.6070192864308552,0.39707906696745504,1.9920638632686645,7298.612105665961
150,2700,-1.669315520962689,-0.7882471403879341,2.644225714867188,0.39883989762295263,1.9962190405059055,7350.064269708004
151,2718,-1.6376948324279992,-1.1934944398624774,0.46375231330302713,0.40075366672964996,2.0013363129460022,7397.650270875078
152,2736,-1.6453193180216328,-0.6841619906039424,2.606727821934517,0.4014289418574544,2.0055035378009762,7444.610782749951
153,2754,-1.6396945591658314,-1.33518780560072,0.27033715221516424,0.4018927578208453,2.012464147597974,7492.070642207982
154,2772,-1.770595588734909,-0.7724971333151758,2.6386798726229057,0.4030694430324429,2.0182396759508596,7544.74926579115
155,2790,-1.7524290216303173,-1.4082850671309393,0.3775942854486748,0.40417215899731357,2.0242222137429953,7597.0445453750435
156,2808,-1.7643015282189012,-1.5114476944845032,0.2295817651523134,0.40450907289156257,2.030716341363736,7650.371955082985
157,2826,-1.7283627519027691,-0.8813277041120067,2.644826752360835,0.40463532300041843,2.036658027954371,7703.741904125083
158,2844,-1.8833627301531326,-0.830408061858261,2.656231861246121,0.40404779488744513,2.042431977574879,7756.057902958011
159,2862,-1.676593201212956,-1.3996867826211146,0.40132574148880146,0.40334579191277375,2.0481000031250454,7809.149534125114
160,2880,-1.8437012595105151,-1.4451581205910626,0.3903892857655695,0.4026335270012788,2.0538303572772705,7861.699820416048
161,2898,-1.6558024913158453,-1.3666841965189696,0.33643397490402593,0.4022353299345941,2.058911404119878,7913.16420425009
162,2916,-1.6425390375115327,-1.437393580599249,0.28334001255838426,0.4023563121712254,2.0636342971813826,7964.7558973750565
163,2934,-1.884724479431831,-0.5193998147539151,2.6147315325847527,0.4024725844824006,2.069790390164145,8011.406717833132
164,2952,-1.856049746478269,-1.3784553079882182,0.3677134506839728,0.40290125406489635,2.0760694483686946,8061.514274165966
165,2970,-1.6488183975503574,-0.6474322471599265,2.6097071327906582,0.4031523629907771,2.0832052967276917,8110.271849249955
166,2988,-1.8322857600317288,-0.6916951580335285,2.632404960473999,0.40357081937283434,2.0894454797491067,8161.449426250067
167,3006,-1.8815493186138963,-1.3632413714313538,0.396725065367133,0.4040644200505954,2.0953758897644073,8211.425169625087
168,3024,-1.6704002701551168,-0.6952457721513926,2.6296251173775094,0.4044666357071489,2.1009742951083217,8262.686355374986
169,3042,-1.805040426345307,-1.3357772668201322,0.4411875171793531,0.4047677878023901,2.108270837674395,8314.742159290938
170,3060,-1.7618993001493788,-1.4339479927892311,0.356211676018513,0.4049851460578366,2.115133665501867,8366.516514833085
171,3078,-1.8194516016168794,-0.9830770354082328,2.6647888002647098,0.40489125198831694,2.1218066412542367,8421.24890700006
172,3096,-1.9112531561801052,-1.496508740584039,0.28305250036140983,0.4059034928892102,2.1301748576469843,8475.504381750012
173,3114,-1.8994492636187168,-1.5755190382241726,0.26009570053639647,0.4065118542896349,2.1374053756479197,8531.386304791085
174,3132,-1.887619464488115,-1.4667240925332454,0.40815525723708146,0.4066322781442203,2.1439510792235237,8586.633840583032
175,3150,-1.8741233898333505,-1.5523941298345538,0.24910266740994863,0.4063591352082847,2.1489827031289344,8640.951826540986
176,3168,-1.741168972378798,-1.4962945064536188,0.2581975252303082,0.4057219292863285,2.152632572699312,8694.43576029106
177,3186,-1.895145426295071,-1.1912245637330785,0.4907134772012203,0.40474437139001057,2.1571155139289337,8743.474742500111
178,3204,-1.820514991807452,-1.2903616587498103,0.5308932227071084,0.4037811632031527,2.1607698864258236,8795.645260000136
179,3222,-1.8908548717663392,-1.260172883886318,0.5159202409201559,0.4029181464278266,2.1646559557364466,8846.629298875108
180,3240,-1.7115014946949874,-0.6770343465225375,2.638258160509538,0.4016394414595646,2.167825032757338,8897.908803166123
181,3258,-1.9191459313600783,-0.8738338036357534,0.5954048236239667,0.3996513338379697,2.1706866808207046,8942.638536625076
182,3276,-1.9060643544130658,-0.42993500544492125,2.5920687444349486,0.3978615027036026,2.172940798698498,8990.295379833085
183,3294,-1.6616291470806432,-1.1144978413054372,0.5853263606318322,0.3962857782380332,2.1745944107280684,9038.779531707987
184,3312,-1.8284949276362013,-0.6753468695557334,2.649995835211245,0.3942630307158057,2.1770900788729017,9088.965331291081
185,3330,-1.8513964570717873,-1.4365285609209466,0.311021651309823,0.3925974917148026,2.1793383289616353,9140.343938958133
186,3348,-1.9180886386647384,-0.9232185276750966,2.6574176200216613,0.3916573203411248,2.1822268795979256,9191.892430332955
187,3366,-1.8071255530115908,-0.21866186197741774,3.623976405495329,0.39015943585714113,2.186284275417883,9243.335936041083
188,3384,-2.0318429040739625,-1.5485510092986798,0.32130184025990327,0.3883555490279066,2.1896405408397377,9297.887395000085
189,3402,-1.9157006568783421,-0.32647289351324926,3.657649329862966,0.3866047342700651,2.193664846336148,9351.74050004105
190,3420,-1.8911141912221243,-0.9000623492125361,2.653661700148923,0.3840352024086816,2.1969070520145624,9403.747007375117
191,3438,-1.9125378489963172,-0.7587960374196596,2.643256822573248,0.3808938142216656,2.1989529533207195,9455.981795166153
192,3456,-1.8538067648595096,-0.8613297494280587,2.6580139141313706,0.37816012201724974,2.2018486947680236,9510.591730500106
193,3474,-1.9072381264961513,-1.4282858608566753,0.38001129674906015,0.375987368695085,2.2038947618193085,9563.486193957971
194,3492,-1.910109743266748,-0.9659920920194777,2.6653403372337676,0.37362059295353817,2.206244616225439,9618.81790229096
195,3510,-1.9105696201923883,-0.657709584346576,2.623911648787429,0.37132629225693176,2.2089726941442858,9668.306871416047
196,3528,-1.7951991429966974,0.5370251941236415,4.252624809404749,0.36905625850310453,2.210597683712686,9717.894139625132
197,3546,-1.8117804698288276,-0.719447869328157,2.6415399239735904,0.3673714388691579,2.2144301576856296,9769.440694625024
198,3564,-1.8381342004015457,-1.4373397924340694,0.3340937772035393,0.3656432386092007,2.2174054056212436,9820.52459625015
199,3582,-1.8188954889739826,-0.2569692325208732,3.63180514906942,0.3636442012843347,2.221643992731302,9872.404287541052
200,3600,-1.6930023804044332,-1.45707688175236,0.2441477330010771,0.3613987263115682,2.2256374357808126,9923.531856208108
201,3618,-1.8204762704812634,-0.8999020624882736,2.652370484342888,0.3599375554097819,2.2293713214593383,9977.017700333148
202,3636,-1.839886542573265,-0.8419212911306104,2.6457332409031746,0.3589287562150073,2.2325843905834484,10029.678235583007
203,3654,-1.8872903437722464,-0.8764360928632607,2.6452945520176803,0.35799944353121127,2.2364973257526106,10082.053101832978
204,3672,-1.9246117369595064,0.32525040069671735,4.329245487944164,0.35695514453410315,2.2404882130912007,10136.362492541084
205,3690,-2.2069074389240577,-0.4066604703267791,3.684327413867429,0.35569202955908585,2.2444164379575007,10192.933895083144
206,3708,-1.9478689465477808,-0.9609929739200482,2.674317506750152,0.35347954360235007,2.246372343891234,10248.660998333013
207,3726,-1.9267533686976654,-0.9795613280053471,2.6676396389159,0.35205004042235116,2.2500370554333196,10304.742846250068
208,3744,-1.759128600960918,-0.06494756640854298,3.5994635260805783,0.3507760082518029,2.252524567702531,10358.897845041007
209,3762,-1.9933533699637898,-1.634160448689276,0.18031186125590332,0.3486790663846015,2.25443621095864,10413.439330958063
210,3780,-1.845198365820572,1.0398629177986995,4.793479822930505,0.34633747244377255,2.257283849399384,10465.459547874983
211,3798,-2.0378652996038866,-0.244079475918058,3.640631909789317,0.344165368444888,2.260768011783718,10519.291566957952
212,3816,-1.9800124052298114,-1.588941364224669,0.3516734101957062,0.3422074874577262,2.2631309668632995,10572.911618832964
213,3834,-1.9617766376863508,0.2353427284351792,4.370080290601772,0.3400206325748319,2.26690082411867,10628.334098875057
214,3852,-1.9642586176860397,-0.9667903203522982,2.681346833664412,0.3379434772313329,2.2683853126226077,10684.816725291079
215,3870,-2.0084466225665194,-1.0001553028266637,2.68069420478584,0.3363567597409258,2.2702451553202123,10739.50411645812
216,3888,-1.8913835223308118,-0.9530456009112699,2.678808232560407,0.3351151703935047,2.2717157571512887,10795.655120790936
217,3906,-1.95012680616972,0.9409792252551379,4.846974997502951,0.33388970624808906,2.2731614242684293,10849.744155333145
218,3924,-1.8990054139396415,-0.3065987959054809,3.658892603146035,0.3327710923080612,2.275071827470623,10902.863836833043
219,3942,-1.9095331983227783,-0.573841944945046,2.646430849618608,0.331594503637619,2.276788542526822,10953.194547832943
220,3960,-2.1572598888559975,0.4610059822998769,4.304684942652176,0.33034585557340934,2.2802723970314274,11005.096336583141
221,3978,-2.0615425121144804,-0.8462907265383907,2.698130531575926,0.3296917181548676,2.2809585518897877,11058.894030916039
222,3996,-1.977642274155127,-0.6788000956211016,2.646173631656521,0.32964901113492245,2.282862015952571,11108.845817041118
223,4014,-2.145788899388875,-1.3211596858838104,0.6181702227242923,0.33000005641844776,2.2835405542660436,11159.049960750155
224,4032,-1.9542192814633172,-0.8875199573785251,2.655295812273079,0.3303529128525872,2.284365959521252,11209.62870537513
225,4050,-1.6793069894318284,-1.3928522242051438,0.38210879633980194,0.330616188510473,2.2835625721165465,11258.765450041043
226,4068,-1.9151552950769628,1.0495885557100704,4.793212000422312,0.3305052036728443,2.2863701093627506,11309.47455762513
227,4086,-1.919721069746121,-1.249428509734119,0.6216329494261962,0.3305549927707744,2.2887139058478394,11359.855135333026
228,4104,-1.9166686691470272,-0.12206679299752067,3.626377086627604,0.33087884550205354,2.289886894154336,11410.73557729111
229,4122,-1.9262380126541356,-1.5358321908365467,0.48212200619564205,0.33137073481666246,2.2919652035043625,11463.981786125107
230,4140,-2.006272572445092,-0.4001542806786722,3.6874318040405263,0.33162370902808663,2.29359011652633,11517.084918875014
231,4158,-1.9160931137605104,0.3802587707933394,4.3326209057733065,0.3319366630765476,2.295388040012652,11569.519469958032
232,4176,-2.1174230217243624,-1.4346968213509008,0.61617430337096,0.3322423417823777,2.2961478286325585,11622.462065208005
233,4194,-2.0821818474269356,-0.9828682054335691,2.6965178561154977,0.33271053622694885,2.2992820779089556,11676.761790541
234,4212,-2.147218295027898,-1.5867971781773853,0.4514568105929086,0.3337634760403484,2.3007540562863222,11730.845104000065
235,4230,-1.9088603977165963,-0.1504341527284896,3.6127787640590556,0.33442849533573676,2.302640619465728,11782.968806333141
236,4248,-2.0632324870105396,-0.2850695297464665,3.6593343147895343,0.33528131430545366,2.304402642099099,11835.512042500079
237,4266,-1.9233197920574248,-0.849840506069833,2.656113215900324,0.3358723159248285,2.3068478161066572,11887.007206000155
238,4284,-1.9384269353380268,-1.481436906133037,0.5450341134523518,0.3357812821793489,2.3085698473322873,11939.966302915942
239,4302,-1.9218813222692543,-0.9108906983396806,2.6678174509640598,0.3359432050110397,2.310263022997716,11993.201321749948
240,4320,-1.9206136297918346,0.28481393089281154,4.355993260563988,0.335738779796622,2.311766167296676,12046.571859624935
241,4338,-2.0523818385689,-1.663611780895402,0.26859690670062986,0.33619879965804234,2.313966749054979,12105.423778041033
242,4356,-1.9725185158463097,-0.8922434588262192,2.7107888311204125,0.33591114039950176,2.3153418366006973,12161.923075125087
243,4374,-2.0520977652005614,-1.7163627213981425,0.2655328194029415,0.33544771894102166,2.316889731996095,12218.894778040936
244,4392,-2.065822350534915,-1.6869513938313476,0.20967984260928396,0.33475215131882974,2.31826323302262,12273.874359457986
245,4410,-2.045468661388589,-0.41342146441554184,3.6852605146549333,0.33410959047472844,2.319816837618569,12329.091258083005
246,4428,-2.130862226431562,-1.706869640697695,0.32991989199813965,0.33330294508068725,2.321104300930271,12385.425668583019
247,4446,-1.9795913533536296,-1.6410348418309046,0.40656981106211043,0.3322231245765407,2.321765037701182,12441.596506458009
248,4464,-2.0154551180197653,-0.3458602394462557,3.6687315976391854,0.331203702546802,2.3231016856973703,12494.654697624967
249,4482,-2.105948095624717,-0.36836390213389697,3.6839030084766304,0.3304680218748249,2.322607162538327,12549.26269166614
250,4500,-1.902276589369074,-0.8063278519632449,2.6730272940649087,0.3298501160630881,2.323198742931598,12602.835770749953
251,4518,-1.9277290411112227,-1.5809702662781762,0.4272404219866213,0.3287690140736871,2.3243424537968185,12657.529209958157
252,4536,-2.2077647604717354,-1.6208895217605144,0.4561151443908429,0.32801506048474943,2.3249520020417207,12713.148065791
253,4554,-1.9951741364155273,-1.0632994976388233,2.6875165895418904,0.3270163114804657,2.326487486100292,12771.722332458012
254,4572,-2.097319026172807,-0.8808963870261111,2.6992076516425407,0.32590431180577606,2.3276603735372188,12825.712590832962
255,4590,-2.1094304091582687,-0.4583077665671994,3.7141638292900976,0.32492268812378067,2.3284863972739034,12884.640198874986
256,4608,-2.132566783627012,-1.7492547329126866,0.3320973895593565,0.3244868090345277,2.3290347257934467,12941.867354958085
257,4626,-2.002857724418689,0.34234164590117694,4.32515693646142,0.3242790517996122,2.329529778502263,12993.344633750152
258,4644,-2.0715191458919913,-1.6791698293194064,0.23019408045532713,0.3236060933615921,2.329496959784377,13046.77148420806
259,4662,-1.955925781760774,-0.9632245762560824,2.6929002365054364,0.3223005362836138,2.3305375838645523,13101.569662000053
260,4680,-2.077447296571526,-0.3684534852322362,3.6821570724158765,0.3207197611238711,2.330289544383129,13154.091438625008
261,4698,-1.9645939992708454,-0.3083635463725306,3.6581881345429097,0.3191943653128716,2.3306584385422546,13206.767709458014
262,4716,-2.068253108915049,-1.76598780452879,0.17946869429749218,0.3183717117889317,2.330644296343957,13262.990830624942
263,4734,-2.1163710164891896,0.3237412641739159,4.342546505277148,0.3167085866185495,2.3317308960374237,13316.187142166076
264,4752,-2.02278561097384,-1.073565461139886,2.69126347569771,0.3154679118816827,2.331586624099284,13373.23197900015
265,4770,-2.062853625989976,-1.6743891696099986,0.19196831545369436,0.3136930947138115,2.3323386712221095,13428.939385041129
266,4788,-2.1360978834577398,-1.730254131768433,0.19833241785303415,0.3123588650163986,2.3322108794648417,13483.346554541029
267,4806,-2.0064112418937134,-0.9531119672380323,2.6695707975543823,0.3112726680441503,2.331676822281214,13535.598845875124
268,4824,-2.125084375161263,-1.4424892474538864,0.6464872078052747,0.30954633032913065,2.3338415084035717,13588.56792295794
269,4842,-2.101021504609922,-1.6990854819044545,0.45097763313007433,0.3082728336987951,2.333850892207129,13644.741903000046
270,4860,-2.177651326983126,0.3571561869281141,4.337321158502018,0.30692271097334056,2.335370458134656,13697.368728250032
271,4878,-2.3274806361122624,-0.9634689715244453,2.7109878661519136,0.3061707670703075,2.3363136639207513,13752.005837040953
272,4896,-2.13796550440814,-1.1024241278008446,2.7145613551622,0.3054651424701417,2.3375813521332436,13809.963510500034
273,4914,-2.1139395551627733,-0.9481196070097133,2.715895589648958,0.3050700332248428,2.3386828359934153,13865.604245665949
274,4932,-2.076276452947608,0.21094542057272492,4.381482005292903,0.30474030112884853,2.3387905256042445,13925.902369749965
275,4950,-2.344529578187319,-1.0459831446930161,2.693874654184012,0.3044665701398797,2.3401748207082456,13989.620259874966
276,4968,-2.126703261770812,-0.3867110451742285,3.693136337139662,0.3041145444204707,2.3404246523112575,14045.122630083002
277,4986,-2.1953483943045202,1.0750594172650443,4.805844164411438,0.30284311256685387,2.3400206409863498,14096.148020874942
278,5004,-2.053339409546851,0.1804388908088027,4.3946449732609505,0.3017892710134334,2.3404964492189375,14152.027743000071
279,5022,-2.0581186183446025,-0.8501899115416571,2.6838773169879375,0.3005807950404726,2.341253032000749,14207.916518874932
280,5040,-2.0830793231358182,-0.9003473517293968,2.7065297110488133,0.29954813170219374,2.3421882316923215,14262.569474250078
281,5058,-2.3135963034103946,-1.711703372216918,0.5839816099503813,0.2988036434473059,2.3428276988374326,14318.852461708011
282,5076,-2.1240217759685405,-1.4443093784821097,0.6367105602629389,0.29810570168778533,2.3445711505834494,14371.418273583055
283,5094,-2.1160936687926837,-1.0169121247304973,2.7185801980155326,0.29808462993373314,2.3472279809212924,14427.367108250037
284,5112,-2.1620483184038695,-0.3196101055620678,3.6808596177351065,0.2976989933661551,2.3487841059917995,14481.935053749941
285,5130,-2.241488316864122,0.20686924978261578,4.394698207065119,0.29733991153315964,2.350052009620813,14537.392220790964
286,5148,-2.3120432279233154,-0.5085813794397098,3.7220299425020857,0.2966596681095096,2.3509887014264934,14593.168095708126
287,5166,-2.155055356059445,-1.874062894071578,0.20082976923971677,0.2961372779154617,2.3532372000846293,14652.48914474994
288,5184,-2.1557254215612778,-1.0008394691200904,2.7341302419292637,0.29536506404062857,2.354332018336184,14707.606259458
289,5202,-2.230433163077057,-1.1835838463608734,2.742135685890549,0.2947572969846499,2.3550830821235644,14766.101830833126
290,5220,-2.3626222538830093,-1.8487215539304944,0.468208705599081,0.2946374856738983,2.355187594161006,14825.381913332967
291,5238,-2.3261143763243566,-1.003979839827546,2.748912999230978,0.29437936065905923,2.356626590269497,14878.609524125
292,5256,-2.2454493491909426,-1.0279760341688822,2.7120564261194686,0.2945459628079056,2.3574990010220427,14933.72355654114
293,5274,-2.101622983812618,-1.0057735742743792,2.7129014978730708,0.29466939653695534,2.359454462863853,14990.321757582948
294,5292,-2.319925087968866,-1.1383353738811428,2.726422579675053,0.29483324356589513,2.3609454334427684,15045.792873000028
295,5310,-2.226312778766153,-1.7469244800809274,0.36804756387351995,0.29534907275567873,2.3619734445741725,15102.633273583138
296,5328,-2.1839219591745893,-1.083571388126649,2.7278585628652388,0.2960389583604857,2.363984680841343,15158.107778958045
297,5346,-2.076449684197231,-0.750559928132009,2.701413679422796,0.2965217341668102,2.365214975178882,15209.517027582973
298,5364,-2.4358455520500555,-1.6311662728883976,0.5756699622693446,0.29638684880510463,2.3661874694920777,15264.073044833029
299,5382,-2.190004036451417,-0.9873173246687951,2.7191552407885258,0.2965596162757156,2.3671964101228964,15319.713046583114
300,5400,-2.405471491131283,-1.107081578082729,2.7173869684597562,0.29670624029995546,2.3674832353173225,15374.737713708077
301,5418,-2.007985992906181,-1.4692070308479424,0.4463810694642528,0.2970029066562001,2.367755992094244,15427.554358041147
302,5436,-2.1911157104960393,-0.8569040022037449,2.6907524579674207,0.29642488724852356,2.368334573104531,15480.270797207952
303,5454,-2.0400549326742983,-0.3597800843714301,3.6906489531677904,0.29559823095632315,2.369020197055814,15534.706928333035
304,5472,-2.0746946989821393,-1.1836249348684393,2.719192169751003,0.29499996435200454,2.3690066918518866,15591.78321962501
305,5490,-2.15235866631579,-1.477483001160326,0.5825168799181382,0.29379506071457934,2.369123248567774,15647.201666207984
306,5508,-2.4245168035237117,-1.7416965286205892,0.2850780919475974,0.29297560389687527,2.3691292769505377,15706.825856124982
307,5526,-2.347389651216575,0.38396098461709294,4.331087645784847,0.2916593734879918,2.3696538449334743,15760.10563070816
308,5544,-2.1765654590865084,0.22564821506544508,4.400765948370314,0.29052922608332127,2.3698381719396244,15814.718730374938
309,5562,-2.25855491029438,-0.8672518916302878,2.715261851850796,0.2892404843848311,2.371993105512171,15868.14766675001
310,5580,-2.3193931369118608,-0.4216525114212766,3.7086256155726534,0.28925354017972715,2.3741753625791038,15923.67958687502
311,5598,-2.16566844228217,-0.2909619023825222,3.6785810136197234,0.28971131438293113,2.3739469245863707,15977.63610154111
312,5616,-2.323159344708795,-0.5723395342605267,3.7429787927875053,0.2904664394777431,2.376525272472685,16033.452747415984
313,5634,-2.2963995551882403,-1.2186586122290042,2.730007536347133,0.2913919776338681,2.3787753784832395,16089.570712540997
314,5652,-2.0663683629599503,-1.1133110526020815,2.7038143624830484,0.2921649495573284,2.3807135687300565,16147.42666908307
315,5670,-2.2980338281327732,-0.4761011947725157,3.7226094850069673,0.2934098181026199,2.382076252200623,16202.409525541123
316,5688,-2.35704816920478,2.080099329775852,5.609395513030895,0.2941020702283343,2.3823909207931626,16255.325940208044
317,5706,-2.1664144881882894,0.06792548596761207,4.444523166818441,0.2941084353725028,2.3824817362615316,16310.509978791
318,5724,-2.3266195837683794,-1.7936357089197652,0.32646847172738847,0.29431691070470434,2.3828330161290197,16366.561803541146
319,5742,-2.3288490795296597,-1.1506152586838971,2.7172935287722524,0.2939405589266258,2.3837077065134658,16421.852183208102
320,5760,-2.0268124060748787,-0.29359936367324013,3.656484404916576,0.2937308062065349,2.3852392871029657,16476.532068250002
321,5778,-2.073410574774301,-1.0621933074023575,2.6893967999464854,0.2933011568595732,2.3854479135096125,16534.148827958154
322,5796,-2.1272157391030175,0.8136910505964283,4.915287032492156,0.2926613759991133,2.3852708647347463,16586.77560512512
323,5814,-2.239595922863628,-1.1539154339843796,2.7439478367583074,0.29174509249673514,2.38558140882985,16644.944537375122
324,5832,-2.3327156842285,0.7368750615065129,4.956875305016775,0.2908650252432641,2.3859226488884304,16697.70059833303
325,5850,-2.1018840670308823,1.5691055575119728,5.233160884758389,0.2897682367432883,2.3865585783839665,16749.864714666037
326,5868,-2.314481463732664,-1.2119175435202085,2.732400642185988,0.2887475060179303,2.387104579413814,16807.20906866598
327,5886,-2.1640418453501757,0.7621880501679487,4.9417110798046275,0.28778161945129854,2.388063790375085,16861.557483083103
328,5904,-2.095949821872721,1.5464164224549048,5.2541426962970235,0.28733600497295353,2.389391339908318,16912.08773741615
329,5922,-2.2484637615643925,-0.44721040370207593,3.717810924789761,0.2869509559735787,2.3904027571481445,16967.48622312513
330,5940,-2.4710340951116643,2.7388727203008334,5.8045057932715025,0.28624347324695115,2.3905660364504944,17017.719095624983
331,5958,-2.318877348380343,-1.7712616016089993,0.5124072674205853,0.2857362418297007,2.391729477073218,17073.10862366599
332,5976,-2.359694511925219,0.10972727302642143,4.4316105607320635,0.2846934772485857,2.3936812709903528,17128.03490595799
333,5994,-2.1744915241089178,-0.5549128759054148,3.7363815438981414,0.2833849618124399,2.393444607586935,17183.0514470411
334,6012,-2.33945990406311,-0.6192599105030042,3.7616636571584663,0.28235133580060484,2.393615208604874,17237.83476758306
335,6030,-2.1905674592756776,0.841604393159034,4.900800447128652,0.28134313372492875,2.393673833365305,17291.68371033296
336,6048,-2.2401573016025975,1.5078734068597432,5.270995442954073,0.2798494756950746,2.3946866107297153,17343.765683416044
337,6066,-2.14852131403013,2.842511255388875,5.724234138628354,0.2785280851446142,2.3949467420038015,17395.333544000052
338,6084,-2.336560684633245,0.12043692897749442,4.426600234433613,0.2777257284701902,2.3959744482523573,17451.040589583106
339,6102,-2.2729747299527783,0.11653024194139208,4.42710068767102,0.27675765634589344,2.3961160468673444,17508.13894308312
340,6120,-2.3394254538479284,-0.5610700803795452,3.751235998720333,0.2757833350605428,2.3969725847793097,17565.591483916156
341,6138,-2.2789775091024502,-1.7404352309823592,0.5906447664631577,0.2745421846525494,2.3967296733827954,17622.19928345806
342,6156,-2.1924404929496393,-0.9325951540197492,2.7178248419290227,0.27352947911750425,2.3963153116371916,17676.932609790936
343,6174,-2.1999488763741675,-1.7287509255461153,0.49948982824582666,0.27225499602803166,2.3958361121741,17732.227416875074
344,6192,-2.240717450105057,0.42441265000510114,4.327211855118378,0.2715887436174437,2.395504517272969,17785.03225454106
345,6210,-2.1599393422311275,0.11679627170633837,4.42439640527375,0.2707599078096423,2.3962067501877207,17840.288268374978
346,6228,-2.306172695317776,-1.0973717488138552,2.7090811029363433,0.2698070058282875,2.396813803186904,17904.125519208144
347,6246,-2.2543672488865454,-1.760064309592745,0.46262529148713893,0.2684382110373112,2.396373996495798,17960.48120700009
348,6264,-2.245684467094629,0.7565139995335985,4.944978692730096,0.2673493946404995,2.3967973630945463,18014.24927775003
349,6282,-2.3407022181799975,-0.44643153316905365,3.7428882526726412,0.26610891666591946,2.3969491835285166,18069.37605237495
350,6300,-2.323380110229485,-1.8470265425348,0.46740495048323355,0.26488009386202144,2.3966177115263037,18128.318264500005
351,6318,-2.2498572177549723,-1.9433601533232658,0.2578617084398516,0.2635474188657171,2.397471362475308,18186.09877333301
352,6336,-2.394762116549524,-0.6307624593291599,3.768225634839526,0.26205184101789636,2.397412026158608,18242.601737958146
353,6354,-2.3509760585749677,-1.2369740452363471,2.7347129123492233,0.2600962937235311,2.3973101829185115,18300.58857345814
354,6372,-2.3415417095649036,-0.5698600647233882,3.756892096901884,0.2580271519809428,2.3985275025161172,18355.833303374937
355,6390,-2.3154643725189574,-1.2298402860417643,2.774676424725632,0.2565917070229093,2.3985463363072452,18412.701177082956
356,6408,-2.171965381854223,-1.0340422677563512,2.711966099762749,0.25592507062893033,2.398708179622821,18468.03694758308
357,6426,-2.2188729946256323,0.23656337710439151,4.371575116183368,0.25592948147056155,2.3990549234952008,18521.80038124998
358,6444,-2.2771121385630213,-0.43783053592870086,3.7144400293057434,0.2560517283641438,2.3994043505130342,18576.89169133315
359,6462,-2.2441317931746534,-1.1755701611152651,2.7342335547363987,0.25607233612415076,2.400523972617747,18633.200821707956
360,6480,-2.158781215200488,-1.0509070813841666,2.6952472344691323,0.25617541368816643,2.4012138309082367,18689.378945125034
361,6498,-2.1995647284491344,-1.5101742202510953,0.7106599592179572,0.25600218086944043,2.400714510441684,18742.975446874974
362,6516,-2.228138915020925,-0.5360343791744308,3.731433289471524,0.2553813874801273,2.402266220321729,18798.448890458094
363,6534,-2.1188579520823083,-1.0334945795862005,2.681470303376652,0.25526774299157345,2.402711607529939,18854.45916495798
364,6552,-2.3357890227525897,-1.0849764235820376,2.6973092307437176,0.254723061582647,2.4041679337502244,18911.116367875133
365,6570,-2.324428441882327,-1.210718778370134,2.7324104010465997,0.2540709045186093,2.40484415557676,18968.78523675003
366,6588,-2.2661853677514423,-1.1079624981032532,2.7422675480847705,0.25348544282325103,2.4050457286474543,19023.73429429112
367,6606,-2.156778742215461,-1.8540866732272785,0.21313366797270134,0.2526534846699233,2.4050716410040125,19081.848335833056
368,6624,-2.1163635386099835,-1.8212297317060673,0.2050274754964468,0.25159368907558805,2.4056978666734636,19140.588024999946
369,6642,-2.158959147136008,-1.7826105779138293,0.21334834726407284,0.25097994280978153,2.4059229280623105,19199.08916949993
370,6660,-2.1539548599408143,-1.13871154771954,2.711958499668032,0.2500230528356787,2.4057804161716776,19256.955149624962
371,6678,-2.2639804327433906,-0.4301208868890022,3.6999066255908084,0.24898054572009143,2.4061201621684187,19315.563858000096
372,6696,-2.15364654824056,-1.7973195736422274,0.2184259556316194,0.24814551921233352,2.4062690489000715,19374.597214708105
373,6714,-2.1959784781466305,-1.9268374558639125,0.23379470119941206,0.24749123926792466,2.406636786634297,19433.783959333086
374,6732,-2.3818625781330076,-0.6558903071887188,3.7738566377763627,0.24642170480038608,2.408275739186016,19490.977593207965
375,6750,-2.0534286620541486,0.8175902379435972,4.911381655444087,0.24506276100516017,2.4093067567822692,19546.69180958299
376,6768,-2.332964158093449,-0.6780551382037214,3.7814397402303555,0.24366679641465117,2.410707979022639,19604.064051750116
377,6786,-2.4539495555907287,-2.0582101915241573,0.24374917486477737,0.24283540523751948,2.41089946063488,19663.28287337511
378,6804,-2.249342810212984,-1.9088664515091185,0.41728175208082396,0.24236922046893392,2.410564332790987,19721.733966375003
379,6822,-2.3514780796192976,-1.191325871150801,2.759075532802621,0.24182287019503626,2.411182469032925,19778.389853500063
380,6840,-2.3115407255457976,-1.251300519820858,2.7780526644436025,0.2416398341161858,2.4122480482104924,19835.629231082974
381,6858,-2.3245443225263216,-1.43686334920443,2.7803697745251132,0.24093369477463913,2.411781106136417,19894.061546416022
382,6876,-2.305219377271944,-0.6550996049644264,3.772845916108163,0.24036939350256015,2.4129806882537372,19951.51158983307
383,6894,-2.282804958489715,0.8632408159176692,4.904605501694978,0.23990187747371852,2.414018430261447,20004.010335833067
384,6912,-2.148068330741784,0.11304810924009177,4.426170255796205,0.239153415207395,2.41471652151674,20058.753165208036
385,6930,-2.242311090126855,-1.9300750600736964,0.2251736358949795,0.23852089378902858,2.4150242322045883,20116.911356457975
386,6948,-2.3804451123570085,-1.9376440734648668,0.27814183536845016,0.23825364157145182,2.4176433897208445,20175.47884204099
387,6966,-2.4612082471724936,-1.8748758017435192,0.5276496174385022,0.23781714730131412,2.4189609034448165,20233.743270416046
388,6984,-2.304097313887821,-1.8929802313795845,0.4713000898574881,0.23753921605808861,2.4205445093744618,20293.37369712512
389,7002,-2.3542603305826035,-1.378571180805249,2.7680611548610163,0.2367163738412778,2.4208074941733475,20353.72357287514
390,7020,-2.3355393317605446,-1.9227489853143882,0.2328326385711847,0.23648013805278578,2.4221851720149004,20418.91896858299
391,7038,-2.3974797906858814,-1.2553154451098771,2.7429233047828205,0.23652093892658602,2.422761596747627,20479.466395208146
392,7056,-2.326142322022301,-0.4712708451547882,3.7195859780931495,0.23723853839751047,2.425512194791397,20535.57293533301
393,7074,-2.536645504547667,-1.2789437450353043,2.74992130347078,0.23821695272718615,2.4272900857116526,20594.83032033313
394,7092,-2.3514729081681915,-1.4097654356119278,2.774195025163062,0.23913034875843361,2.42935685042699,20655.30452920799
395,7110,-2.3382443234484342,-1.3772946056190858,2.768120594011335,0.23973394699076753,2.4311608696113804,20714.196535000112
396,7128,-2.2662736140148847,-1.9050993644481207,0.22206370841464304,0.24032281780502343,2.432233576002951,20776.248665082967
397,7146,-2.341048752691261,-2.048744406591116,0.19459765225029685,0.24060678535829422,2.4333493975061837,20837.274036874995
398,7164,-2.21734750105338,-1.2155040693456653,2.7312142326816087,0.24087915727524037,2.436245327162046,20895.16301279096
399,7182,-2.170633395065063,-0.5813865232907931,3.745923765334971,0.24117734173540203,2.438119721712046,20954.860542665934
400,7200,-2.2978512463521987,-1.9619655027931668,0.22188785142820402,0.24148977882807088,2.439267788974657,21015.4965382081
401,7218,-2.376736752990851,-0.591272737151447,3.750760375076907,0.2422290556382321,2.4405798316108522,21077.37030295795
402,7236,-2.056980571192085,-1.0773040087827033,2.706526408528831,0.2434485990694111,2.4438420687042606,21138.24871245795
403,7254,-2.3630479957688704,-1.1769271106948282,2.720842549511688,0.24437857860145842,2.4453661779437508,21198.734122500056
404,7272,-2.2233781340763796,-0.4324445362666676,3.7081254685255347,0.2458247883949044,2.447104255237056,21256.024882958038
405,7290,-2.1911205206694024,-1.0950693294851075,2.6977656223018935,0.24693599739161168,2.450225615702113,21315.691487957956
406,7308,-2.3129777574937136,-1.7606242024358827,0.4029816349575101,0.2486503669117322,2.4515167775047217,21375.80329841608
407,7326,-2.181615681988746,0.06410713176715602,4.448095959958472,0.2503298314469143,2.4545944692818567,21433.518230291083
408,7344,-2.201202813058168,-1.0222273443813004,2.719604393559451,0.2525532549994054,2.457209921265003,21493.53324437514
409,7362,-2.1666751182788277,-0.44225582113859646,3.7158297620781813,0.2545610788839687,2.460316372446035,21554.61386616598
410,7380,-2.17561946816917,-1.8281296823303532,0.23108557994379286,0.2564299124917185,2.4629259075282084,21620.93604412512
411,7398,-2.2105295959389912,-1.2226675758915624,2.7294043120277944,0.2577814003069773,2.4653389752314365,21681.437968957936
412,7416,-2.0827750326041863,-0.4857145181383282,3.718683306053824,0.25934197319021757,2.468882212251934,21740.68102274998
413,7434,-2.175416473303257,0.25896315363112077,4.375925180986177,0.26068303729601866,2.470879594932555,21797.65363066597
414,7452,-2.1000681507344248,0.47784498940727577,4.29556897557624,0.2617477344609692,2.474414445604156,21851.881769875064
415,7470,-2.115639461156166,-1.4857398373821848,0.4665575413992889,0.26242535241188475,2.476144582341284,21907.054049041122
416,7488,-2.212972224300836,-1.8040806159651908,0.2345862938169882,0.26391260871460204,2.4823659976319514,21968.024763958063
417,7506,-2.1686784607583043,-1.8560735661568337,0.24129699479713793,0.26533098942250943,2.48708929111813,22029.79988991609
418,7524,-2.089436897110088,1.0094328911972625,4.836568688991252,0.26583800225745474,2.490799751861979,22084.14393358305
419,7542,-2.3055711275200084,0.8835908376414818,4.884148895645192,0.26660404198357684,2.4943657393756493,22138.245433958014
420,7560,-2.358737760338328,-1.2253784849126883,2.733509966921213,0.2669494129679678,2.4976720348760333,22200.328308833065
421,7578,-2.2412222334725693,-0.5078257212175185,3.7290036019176283,0.2669611327663124,2.499987264320445,22259.077404916054
422,7596,-2.3637285012030227,3.4733963027550927,5.849471743033683,0.2666002754320154,2.5019787126055824,22310.224812708097
423,7614,-2.3418658092980267,0.8279837774361177,4.924849758258061,0.266112489836081,2.5039854502465175,22367.977468915982
424,7632,-2.245668673702596,0.1908819290703654,4.409196027823966,0.266210195584744,2.506215934214809,22425.864735041047
425,7650,-2.315449279067413,0.07420939572298696,4.446785912275927,0.2656820606857605,2.5091173734332943,22483.25188766606
426,7668,-2.5279773969853667,-0.6055167034719223,3.7622601261937576,0.26508716397335647,2.5106304694336026,22543.35453658295
427,7686,-2.3476690239399964,-1.9744104366844983,0.2501653925902778,0.26458550703673434,2.5113228733526927,22605.77441370813
428,7704,-2.36027181748207,-0.5414765635838512,3.7442767459504736,0.26380609565622476,2.5133412448926475,22666.117733041057
429,7722,-2.327937250232681,-1.9448748875965904,0.24449731097005592,0.26313291120274523,2.5149371769015043,22727.11534745805
430,7740,-2.3181124924136483,-1.3364023276364172,2.7603137018954707,0.26246525369454654,2.5164954477141657,22787.91423604102
431,7758,-2.210658355516043,-0.6912779888922641,3.7840208323920193,0.2613822166196999,2.516871109642861,22848.905376750045
432,7776,-2.3458523059672283,-2.045662721564322,0.24835680006059685,0.25987353087196813,2.5187383924124376,22916.07553029107
433,7794,-2.271914924623249,-1.8899439902356632,0.24332356497755103,0.25800260833687194,2.5197588873910863,22981.375438166084
434,7812,-2.4024904074578544,-1.3313018881677918,2.7608695205076064,0.2563358730460202,2.5213460973567443,23041.759815791156
435,7830,-2.3292293700137736,-1.3182547666554794,2.7558471668407494,0.2551739038277176,2.5229515842496446,23102.97789025004
436,7848,-2.220759445149698,-1.2758454125785517,2.7422441550765178,0.2542075924019376,2.5237973495377193,23164.292853957973
437,7866,-2.3291651348415434,-1.2236990298260682,2.743295077206337,0.2535113225089,2.5247151665530714,23225.55488895811
438,7884,-2.3535560769956305,0.738573424830244,4.955167968563787,0.2522190971333445,2.5253126878821015,23283.617648083018
439,7902,-2.2890759058926853,-1.8911430630738673,0.24366693928184144,0.2507605656630315,2.5262640508084013,23346.329102958087
440,7920,-2.3458990648585263,-0.5581686393998353,3.763581221762214,0.24965308190879834,2.526822334613156,23406.42002704111
441,7938,-2.2462323631258303,-1.1723986661332697,2.728263962334284,0.24866673214755597,2.527493796021639,23467.693143875105
442,7956,-2.2772094387232205,-1.2446431155691695,2.741453596200202,0.24775023589843984,2.528513711469655,23527.867924290942
443,7974,-2.2959897859754625,-1.3052224440978355,2.7548916017261784,0.24699308002647133,2.5291738180409293,23588.58050175011
444,7992,-2.333865797639202,-0.7208797970183376,3.7934302636731116,0.24663931446388843,2.5305248168022265,23650.28836858296
445,8010,-2.128603060646439,-1.935495339213297,0.2040346285329824,0.246047846616519,2.5322443533969263,23711.316368750064
446,8028,-2.3554108891479313,-1.6925460389875777,0.4233353934624467,0.24551764256682426,2.5323000226356607,23770.516135083046
447,8046,-2.3155662442568405,-1.7935023817695321,0.39183225732971155,0.2450805866403733,2.5325539416704217,23831.75480983313
448,8064,-2.1847521821969504,-1.9463936958066645,0.16681431738703917,0.24523527016370014,2.531855919163796,23892.722157499986
449,8082,-2.316930647664994,-1.1850196010258376,2.722095569011982,0.24500873724909025,2.5316471575626864,23950.6204492501
450,8100,-2.2370806913306587,-0.6534474109280811,3.7710302750054763,0.24516614518834262,2.5323244437926653,24010.475988249993
451,8118,-2.3588435996167556,-1.2921686876776177,2.748863990457017,0.244983450479842,2.533227160768772,24072.451303208014
452,8136,-2.292392411849145,-1.974345388656216,0.2583279227816617,0.24510533093228706,2.5339366991439025,24133.460428083083
453,8154,-2.3869097447781686,-1.9587174833240961,0.2396337002411635,0.24501147363424003,2.5340604417945225,24194.91861891607
454,8172,-2.370841588303901,-1.3239628957871712,2.755672357177489,0.24469181827209083,2.5346854135836585,24256.246026125038
455,8190,-2.327611637656681,-1.992698757662084,0.22723919293573336,0.24423658639884946,2.534672124696869,24319.848613708047
456,8208,-2.226528981516868,-1.9847533769488135,0.1838429185817209,0.24350445380268984,2.5343037986383994,24386.26117500011
457,8226,-2.331664100578367,-1.702231664601702,0.3001720694710002,0.24275126604529745,2.5345797617252726,24444.826726833126
458,8244,-2.215169181422969,-1.8681004142260191,0.3056341629291758,0.2420558158533316,2.5347732459013135,24500.972366790986
459,8262,-2.168723725384572,-1.1975771969411442,2.730303694071502,0.24147895120670443,2.5352700568717044,24557.684143624967
460,8280,-2.244220353515157,-1.296459207644335,2.7450941106184192,0.2405354570092585,2.535604245213866,24616.56062270794
461,8298,-2.200442952968922,-1.8399661920066868,0.2175959460703076,0.2398691826910921,2.5373343128562045,24674.868044374976
462,8316,-2.320803410844926,-1.8961515723340578,0.24892445750815162,0.23970483878247117,2.537241713033479,24733.216085791122
463,8334,-2.381787077633235,-1.3232092115145655,2.753692163554049,0.23976710625509554,2.5382786663919967,24790.430997333024
464,8352,-2.2256550920680893,-1.3368496403732295,2.7554257662820465,0.23948239478718822,2.539049685589857,24847.508152249968
465,8370,-2.241391301265432,-1.2575935207798004,2.7384112910550487,0.23888477076857179,2.539546871274959,24904.708892249968
466,8388,-2.115720374830797,-1.3005218686652702,2.74464474393713,0.23837939001924535,2.5397282491901345,24962.370598332956
467,8406,-2.3220002608500185,-1.9940143664624956,0.18855563810284512,0.23749701129135267,2.539933750557097,25020.912457749946
468,8424,-2.275504589510223,-2.018844812528151,0.1622113482131355,0.23652721715713215,2.540079912473981,25079.21359195793
469,8442,-2.2722486740930337,-1.8858534418890744,0.2536276438917063,0.23495358533334132,2.5409705863213907,25137.180190708023
470,8460,-2.3629193889222004,-2.0645725422630976,0.18556372485367426,0.23361508689361377,2.54079738174371,25196.40576983313
471,8478,-2.497615084177032,-1.360706689519209,2.7648295831087033,0.23296519228950177,2.5417564122549,25255.292670832947
472,8496,-2.3716346646177575,-2.020560490710611,0.19691262365473755,0.23234024493319191,2.5418308561359306,25314.11194970808
473,8514,-2.494904799016756,-2.128712736002931,0.2052587257991155,0.23114784104120778,2.541059056674768,25373.141683083028
474,8532,-2.1692076662736826,-1.968652176567032,0.1729740849487027,0.2299555162836154,2.541986544542764,25432.114586540964
475,8550,-2.536000185758667,-2.073724678555753,0.23346673884742847,0.22950762437656164,2.54355125714563,25491.575326125138
476,8568,-2.322296076779613,-2.0625505182561996,0.19823481621237618,0.22867372795723345,2.5436673645777925,25551.665113625117
477,8586,-2.4247911471567605,-2.019107925131992,0.26730376541790396,0.22753220933064583,2.544787709725729,25611.512823708123
478,8604,-2.478262704148349,-2.048042032345284,0.3172439808071054,0.22635091501334995,2.545527549611696,25671.52145262505
479,8622,-2.512361342239338,-2.166239779042939,0.20658067384331505,0.22508281227132806,2.5462082020250327,25731.763822000008
480,8640,-2.5145713199779545,-2.131506901763908,0.298496806231893,0.22354338457070524,2.547779731938576,25792.550388250034
481,8658,-2.4848540720464585,-1.4458284981144427,2.787385740329051,0.2218437902714374,2.5488368257185954,25852.571562041063
482,8676,-2.40988065525201,-2.048321772517122,0.2210796319521151,0.22058084347467144,2.5483326376633983,25912.644419666147
483,8694,-2.412869473301293,-2.0442245641493617,0.26314498478398146,0.21956906427279602,2.5484296237184805,25972.47782891593
484,8712,-2.505417976812303,-1.9780475293661008,0.329444520489958,0.2183449626277623,2.5486651205423647,26031.762535999995
485,8730,-2.4422766915170357,-1.9807888881957776,0.2785775402579816,0.21716844741703717,2.5487630346902845,26090.900583000155
486,8748,-2.4966353958237573,-2.108638093589701,0.26035309970551507,0.2160456596138908,2.548405444688495,26151.840196750127
487,8766,-2.3656846873418513,-2.090646306273106,0.2773065794815364,0.2149903117240935,2.548658879606033,26216.74487075
488,8784,-2.395001371134064,-2.0238218702937383,0.4115773076452292,0.2140219813138899,2.548997028094485,26276.887941790977
489,8802,-2.4504705333676706,-2.096951232241052,0.3011482228709277,0.2132954976768154,2.549323975788918,26336.945585250156
490,8820,-2.531198963877809,-2.1107365349973457,0.27614650080063213,0.2125380903805833,2.547244921096676,26397.809458875097
491,8838,-2.5397032111206443,-2.07155219244659,0.3107914846614343,0.2121005092447596,2.5471462133083014,26458.38685612497
492,8856,-2.518386625964199,-2.104071678448753,0.23699318464996513,0.210833040390396,2.5466975804683463,26522.22000029101
493,8874,-2.497197078576612,-2.146391650061843,0.2508651814217355,0.20990147092628625,2.545578281675139,26585.09035291616
494,8892,-2.3683363768771954,-2.06973736877525,0.21052100188187897,0.20894121630096354,2.5457800640924706,26645.306588958018
495,8910,-2.364361727171361,-2.1268385899097173,0.2131221125038263,0.20808837694717244,2.5450098492110884,26705.548394375015
496,8928,-2.374938119369799,-2.1203134863647572,0.220781127939178,0.20728131531138785,2.54580768251297,26765.865184083115
497,8946,-2.3851848591301272,-2.1174744435881077,0.26813793979752804,0.20670773010532875,2.5477248674666924,26826.564123915974
498,8964,-2.3996792341889033,-2.1744853796256507,0.16811573556235485,0.20594022503155052,2.5487487741274313,26887.891994791105
499,8982,-2.3830772560947495,-2.0273243223246293,0.2342271720505587,0.2053383309216439,2.549825314543422,26953.231018624967
500,9000,-2.397379744820836,-2.0787309692150022,0.21702606021611504,0.2048003199524167,2.5499411381667962,27017.195867290953
501,9018,-2.419708449640155,-1.9271588103947122,0.2507540649716251,0.20455837387514508,2.5513929379925293,27077.504522666102
502,9036,-2.4879047003696844,-2.179065654483665,0.21871234468799933,0.20414012250230013,2.552006700826446,27138.26299354108
503,9054,-2.3990215265510266,-2.012760407116298,0.26775516422593076,0.2041406204115462,2.552492850287573,27198.3461398331
504,9072,-2.3742759755652743,-2.079204986549382,0.22952611147652993,0.20415335872833937,2.55225294751044,27258.32562354114
505,9090,-2.374638719473868,-2.0796109925230497,0.2632420555710593,0.2036250608883059,2.5523032770974527,27317.986681374954
506,9108,-2.414484037802666,-2.021293278352441,0.2683039486787316,0.2032813511586008,2.5527972133818486,27377.531816500006
507,9126,-2.368386004023923,-2.0423253883847643,0.268987045714575,0.20304661954813993,2.5521623871497185,27439.097526166122
508,9144,-2.381249007807045,-2.1725172999329225,0.1931367009126665,0.2026425605172578,2.5523479764388615,27499.809434916126
509,9162,-2.3385707331026264,-1.98418929145616,0.24626651425689883,0.2021162610297841,2.5534284177957867,27559.159784583142
510,9180,-2.3920397846076287,-2.147191399197565,0.25047323050457965,0.20153082368620953,2.5547258025900863,27618.923613625113
511,9198,-2.4135246436199362,-2.07569554184988,0.23493980822595154,0.20088662724317558,2.5530122977360654,27679.887244208017
512,9216,-2.384467603446067,-2.1097327569589477,0.2657877550521396,0.2002266252113695,2.5524901943640654,27740.120232332963
513,9234,-2.3823122486343564,-2.0833880117753383,0.2914022216332022,0.19957437433689412,2.553323412601764,27799.407193333143
514,9252,-2.406995627137112,-1.86154666200016,0.4032088943677814,0.19904848870437053,2.55339781656831,27857.490376583068
515,9270,-2.4540801817953337,-2.146432290303823,0.20393411571821288,0.19818381195800538,2.5533728237703133,27917.08116762503
516,9288,-2.3441142061874283,-1.8428322116744846,0.5533651245123686,0.19724776830016805,2.5538307545157815,27974.051767666126
517,9306,-2.3759736541925247,-2.048406671649959,0.20504887568095054,0.19637825502229753,2.5542445995815743,28034.00728387502
518,9324,-2.3917707390498255,-2.075486004656887,0.27203365854333084,0.19543315959243565,2.553850942737901,28093.27728687506
519,9342,-2.4572775920963923,-1.9285060127959754,0.5019937141251731,0.19433411706221437,2.5554332753205267,28150.46886762511
520,9360,-2.528885553017766,-2.1422699750685026,0.2526660159001692,0.1932521570546428,2.555365636171764,28210.88055691612
521,9378,-2.455514408710573,-2.121209108887481,0.2533318687020162,0.19216274827621002,2.555271689116466,28270.993578291032
522,9396,-2.4662250737238516,-2.054081900069445,0.3690616366631311,0.19105469177731774,2.555274656759263,28329.57900116616
523,9414,-2.4756917279775763,-2.06541538362403,0.2903514432582611,0.19037262319356354,2.555453425203257,28389.196703583002
524,9432,-2.368539426566804,-2.0208680497300175,0.23981571499058052,0.1898635332614055,2.55686372731048,28448.585293916054
525,9450,-2.3544343602657407,-1.9473201613038187,0.17176224983550956,0.1895790174951902,2.5569095282719823,28508.347444874933
526,9468,-2.465653430715191,-2.124659484909543,0.2331121403527175,0.18927469097053676,2.557835595230458,28569.121653583134
527,9486,-2.378738466160033,-2.0680940913809893,0.23823594894146022,0.18915869421415774,2.5598207281416174,28629.56915416615
528,9504,-2.443890465435344,-2.0288124092435424,0.28942685446287975,0.1892456499929932,2.5602510118757573,28690.77679820801
529,9522,-2.440602432482862,-2.0809114633625176,0.2556951659245152,0.189417629287986,2.5599483198271247,28751.645340082934
530,9540,-2.45450513035714,-2.155001143186838,0.2780069295237074,0.1897405143451994,2.5596794660070517,28812.032007083064
531,9558,-2.51572269548302,-2.2193779419338133,0.27031664169136976,0.19042953986230424,2.562757299720006,28873.81309800013
532,9576,-2.5588879748879787,-2.177243903079239,0.28438714314037894,0.1909518555522852,2.5635969209796254,28935.12221116596
533,9594,-2.547334164843883,-2.0971863939625752,0.2947253230399426,0.1911599789743196,2.565280882124294,28995.94070820813
534,9612,-2.3957412277954555,-2.047658637322961,0.2963454964106487,0.19174535788930366,2.5665344123748524,29056.591657666024
535,9630,-2.428586031969606,-2.149542066818815,0.2420006510844888,0.19244950572259947,2.567930695043265,29117.646458958043
536,9648,-2.422775020537592,-2.0644220557630577,0.3016952988440851,0.19342164548842494,2.5701059253994507,29177.70412991615
537,9666,-2.437291406012319,-2.182234284033571,0.227123340076867,0.19393052166231906,2.5716551499705393,29239.56089475006
538,9684,-2.446913506960386,-2.0363710974522693,0.26330876298990075,0.19450475233370243,2.5733486682682303,29299.993455666117
539,9702,-2.3484065326976173,-2.033818480166595,0.2394485024190296,0.19463073368967815,2.575566548957813,29361.22408933309
540,9720,-2.3663711802187093,-2.034579284680421,0.2396458945460166,0.19461866102205316,2.5775762135864246,29421.236270666122
541,9738,-2.516681398378368,-2.0360846595681847,0.25891513341999967,0.19497070607883157,2.578891813438781,29482.220429165987
542,9756,-2.4903655396041473,-2.151545771981084,0.2568827126052705,0.19474014701476255,2.5819235198846453,29543.90749320807
543,9774,-2.502517231822666,-2.129373660112746,0.2709272468109528,0.1950674408875354,2.583426302392265,29603.925415791105
544,9792,-2.4660122551624517,-2.0047964964115312,0.24704280661004224,0.1951962464573311,2.5859647195467135,29662.9963
545,9810,-2.509954305683748,-2.075428627377888,0.2702002123270949,0.1955080186292368,2.5905261326564006,29723.489805249963
546,9828,-2.3827701428893415,-2.101417562015873,0.21753136287684227,0.19571342541554632,2.5923962393976017,29783.45786712505
547,9846,-2.376836658100543,-2.0758249709259147,0.24192796501906136,0.19578220151257628,2.5946542093568015,29843.867052874994
548,9864,-2.526867864326402,-2.0085367991262757,0.32302297794462764,0.196067517667553,2.596113815656145,29903.578752875095
549,9882,-2.3727002946102913,-1.909466197469956,0.3340474570981732,0.19637129761317285,2.5967595628240705,29961.671698790975
550,9900,-2.375783202050864,-1.877246060832995,0.354192518323106,0.19666671520268877,2.5983928610345064,30019.083715999965
551,9918,-2.382881372252813,-1.6876864329915233,0.5182112941451882,0.196999978133156,2.599976875131057,30076.387741041137
552,9936,-2.3203795363583546,-1.8217714239936547,0.47531704716523604,0.19736097617403844,2.6020895898562246,30135.533028833102
553,9954,-2.4086192338789085,-2.001127275171669,0.2855486680103032,0.19788450754329723,2.605341057494091,30195.029734125128
554,9972,-2.3680965814182446,-1.9749217632655585,0.1812684703899024,0.19867414964687008,2.607392365346924,30254.13251062506
555,9990,-2.358236076053865,-1.90575070457347,0.4029286499287939,0.19909965619104086,2.6097640850421686,30312.216793915955
556,10008,-2.3287014602623013,-1.2827042409504763,2.75407758265393,0.19972399721720258,2.611753103996212,30368.944967416115
557,10026,-2.17900765148776,0.04455950073679851,4.455552382189112,0.20013999713281294,2.613916453650769,30424.397466083057
558,10044,-2.4393625367989245,-0.5579491368163454,3.747130061003496,0.20014239040237913,2.6162922791980243,30477.275599250104
559,10062,-2.314372534776297,-1.973020519932184,0.25908605482668373,0.19908461704197633,2.618391979616442,30534.794668833027
560,10080,-2.3549789919059463,-1.331325720091674,2.7679173621647104,0.19815971209437583,2.6206922004839,30592.38662250014
561,10098,-2.388254148864884,-0.6903649423266827,3.789237838977555,0.19717622879192695,2.6232202656749948,30649.077506500063
562,10116,-2.399557637988025,-1.9869485656885786,0.28661472215618616,0.1958300133576571,2.625668012458305,30708.28011916601
563,10134,-2.3442843381013865,-1.950819439127181,0.24120315289369917,0.1943406303984647,2.6270287532416385,30766.380925416015
564,10152,-2.3313681194209077,-2.070312604772438,0.20126722606286923,0.19280118791717607,2.6283574961751612,30827.284451541025
565,10170,-2.4947729115545796,-2.0521823774040553,0.2753551822920234,0.19133307164672392,2.6299375111120322,30888.493552458007
566,10188,-2.4836286969095824,-2.0642492409399233,0.32211740649176396,0.1901081189779186,2.6316602560297406,30948.295741958078
567,10206,-2.351091736281507,-2.040702627822819,0.2446111364241915,0.18902849356031065,2.6339182764709697,31009.668986791046
568,10224,-2.519038948514826,-2.125156647485367,0.17931443593681318,0.18827418870272866,2.6369091725112823,31070.09681633301
569,10242,-2.4421562331435784,-2.187262345174511,0.23253871005422722,0.1875555035487444,2.639518197132019,31130.839733375004
570,10260,-2.3780691060272545,-2.0853285395562917,0.18089154834283258,0.1868979884536627,2.642105859357331,31190.69297166611
571,10278,-2.3737267777130038,-2.103156182080008,0.17935464077652427,0.18654443583434804,2.6464589820984545,31250.868247500155
572,10296,-2.3549226913896595,-2.124943611150913,0.2138655226232484,0.18582377348283724,2.649105784623364,31310.621455000015
573,10314,-2.484965834352758,-2.1725853989583,0.22733247141992724,0.18525730682723765,2.651083194731482,31370.114957666025
574,10332,-2.4576746510226624,-2.0537273992791647,0.2630258938329128,0.18433587610495342,2.6531166525999126,31429.56537720794
575,10350,-2.3790946614138186,-2.125192746049174,0.22021574004877548,0.18342285126122085,2.654738946402755,31489.53467529104
576,10368,-2.5213215246837457,-2.288751926872348,0.13605061622080727,0.18280849299016644,2.6561354282292977,31549.56309279101
577,10386,-2.4214907875010017,-2.2452235022587654,0.16783536209100308,0.18215872382503132,2.6584091695808167,31609.768895582994
578,10404,-2.3559998384135117,-2.1118790612772895,0.23852675856883476,0.18145826894965977,2.6600014855423497,31669.5948476661
579,10422,-2.390874028301894,-2.028094826667233,0.25217597849524936,0.18052640289070665,2.6620843824524516,31729.318703708006
580,10440,-2.489448389731448,-2.034846145370787,0.24285103539741115,0.17958051229753566,2.661803307225758,31788.51690475014
581,10458,-2.361558000708553,-2.0849123866715993,0.20544733017779387,0.17905154346400146,2.665048348592955,31849.387592625106
582,10476,-2.377822004044397,-2.054116724228378,0.21015099777446875,0.17862767921885564,2.6673420594758337,31911.859327499988
583,10494,-2.519055077457084,-2.113625265030366,0.26218314246194524,0.1781148045750669,2.6691682550407854,31972.097168582957
584,10512,-2.4218474111677075,-2.113102055251812,0.21198602119034124,0.17749768122372397,2.671067065983193,32032.59745779098
585,10530,-2.5343580618539385,-2.163113581578407,0.23770538376537223,0.17679491082359178,2.6753208003328295,32092.772172749974
586,10548,-2.494942797793638,-1.4825746298952798,2.798520512614334,0.1759247133533679,2.6779679776746157,32152.32921770797
587,10566,-2.4401586978670937,-2.1419527527047473,0.19372198962077397,0.17499199613985308,2.679321326537151,32212.57343258313
588,10584,-2.3743242794834516,-2.120424383447506,0.22854782893297335,0.17409278047282095,2.6806881501368682,32272.453761791112
589,10602,-2.4801149611160596,-2.179851213624667,0.16646112260157764,0.17306765809139274,2.6823026862033568,32332.62165370793
590,10620,-2.496792645799868,-2.1952362883304635,0.2720879584731613,0.17194832345576902,2.6840735885014415,32392.54435695801
591,10638,-2.4034142136866943,-2.223119869280709,0.16773880201634814,0.17081119103286205,2.686092834452948,32453.114021040965
592,10656,-2.3852620391283437,-2.121272538592655,0.23713840386808,0.16937562552845548,2.687651585953649,32512.61549979099
593,10674,-2.3899807678175633,-2.263727966713948,0.1353843405836407,0.1682478643384475,2.6892852842980948,32573.173737666104
594,10692,-2.415366741419767,-2.2102289842124923,0.23510209869766902,0.16764540056549745,2.6909382418353034,32633.951981625054
595,10710,-2.40561423812611,-2.1878867863630544,0.165829234955088,0.1673922431600591,2.691452617819511,32694.584531666012
596,10728,-2.5077703128112057,-2.2156947237671893,0.19890859966578345,0.1671472336599979,2.6914750254092237,32755.745623874944
597,10746,-2.438898749312962,-2.2526341133025998,0.15247644123287535,0.16689163061055276,2.6924351873969496,32816.92302862508
598,10764,-2.534920997854163,-2.0679793493749234,0.2665279306976153,0.16634300999142243,2.694370909314444,32878.322756458074
599,10782,-2.5148732613013873,-2.130206302798656,0.25713377349854416,0.16551851975381193,2.6953798525482418,32945.70056237513
600,10800,-2.512578196005644,-2.209226538614735,0.20153625168902425,0.16473716452500264,2.697192828231196,33006.896280416055
601,10818,-2.430335884374674,-2.1340762924685914,0.22006513365942115,0.16379634005875748,2.6971724791734473,33068.81789125013
602,10836,-2.431076988858706,-2.1300939225500644,0.27035929618640486,0.1627092417049987,2.698159868512445,33129.11720833299
603,10854,-2.4450753099712887,-2.2819229707213986,0.12231559479863689,0.16188132263311966,2.699284395458217,33190.54529816611
604,10872,-2.466656354835642,-2.281254642731973,0.14607503129970456,0.16122522086621902,2.700255450457322,33250.800508582965
605,10890,-2.4760703081889672,-2.2810947413862466,0.14504379545539892,0.16063794444810514,2.701009563667934,33311.51160245808
606,10908,-2.3944680549662354,-2.177936953831803,0.2278451439814215,0.16047521838983222,2.7015201880199124,33371.523553375155
607,10926,-2.5276669765003117,-2.208652531244733,0.16999035010002533,0.16025346793891307,2.7046226170017578,33432.320758833084
608,10944,-2.4275371316706975,-2.1126187183120084,0.23096814310657784,0.15996584258291183,2.705818633614184,33492.30236666603
609,10962,-2.396747215916832,-2.1786964690329986,0.1839339027183202,0.15965540657009367,2.706748481513422,33552.97791383299
610,10980,-2.491010637602835,-2.184057489796883,0.20342627043657577,0.15965837271382208,2.70798664301019,33613.086981208064
611,10998,-2.511174339505365,-2.1829197615818443,0.18831476310081965,0.15957432678608113,2.7093699027961904,33674.134605458006
612,11016,-2.383650624167619,-2.159612383023109,0.19004429584788313,0.15946784645259046,2.7114380766886534,33737.44801587495
613,11034,-2.420887051345107,-2.164079778882591,0.22165796850533345,0.15950665012127996,2.71309237779998,33798.250212375075
614,11052,-2.5097270578671456,-2.2188193882445124,0.1314275586145712,0.1595762335669923,2.7144703528685463,33857.25522145815
615,11070,-2.4265779788359483,-1.9978908476517658,0.39694231139421676,0.15991449992052717,2.715438278527343,33916.47795058298
616,11088,-2.4276710391649443,-2.0881000775592087,0.26512379800805375,0.16019419891405612,2.715904648680764,33976.50138070807
617,11106,-2.403032414456836,-2.23205954165291,0.11795443516498343,0.1603001309151256,2.717104845843784,34036.367464166135
618,11124,-2.525308409863333,-2.186409405659715,0.21420358938573233,0.16071284805665068,2.719021181936276,34096.75338224997
619,11142,-2.5278314443771457,-2.103521587757489,0.2457466230575367,0.16142884655285689,2.7195532958995257,34156.72269279114
620,11160,-2.4422317678780763,-2.033010831381066,0.53694118530662,0.1621224462762285,2.7203100295436795,34214.425350791076
621,11178,-2.4318178574314833,-2.2418307095846846,0.1630513862132263,0.1625180610054722,2.7208658850966634,34275.40735633299
622,11196,-2.4838749264529927,-2.075859620149439,0.5062008284477624,0.16283993686960457,2.7215001291514125,34333.88011954096
623,11214,-2.4737803833175014,-2.009850898416331,0.4361669949147924,0.16365513779505833,2.7220544720197997,34391.41746954108
624,11232,-2.5108725378748686,-2.2127989978401987,0.1688739258310097,0.1646379316280976,2.722148896169356,34451.818170540966
625,11250,-2.422279939769473,-2.101025762352177,0.20627946166580155,0.16565498319821753,2.721773609169507,34511.70316633303
626,11268,-2.4366138571032776,-2.08551008653891,0.3796799294189851,0.16634935817331825,2.722929600176628,34570.52304979111
627,11286,-2.4390877604592003,-2.102160615377875,0.4029288179018537,0.16676717983732595,2.7235370444632263,34629.68099320796
628,11304,-2.469273538492902,-2.211307203870874,0.18784586021637498,0.16694466929269108,2.723874679333282,34690.30433741608
629,11322,-2.520289881184891,-2.164893519312576,0.3061469981085708,0.16690460609707464,2.723583384418058,34749.369000582956
630,11340,-2.5002752621759226,-2.275918833245609,0.15511418042002525,0.16686796761335423,2.7241627369831454,34809.479445416015
631,11358,-2.5194810214087675,-2.1952493831214723,0.24541970830589202,0.16661409894913884,2.7239264629473685,34869.88599170814
632,11376,-2.5157435722750527,-2.2369177427777385,0.22823021508089633,0.1662462887426469,2.7245021816516775,34930.25353933312
633,11394,-2.481932436033112,-1.5007225561699258,2.795099810872121,0.16624742916296115,2.7250434365302536,34989.68032841594
634,11412,-2.482840459713187,-2.1382016170225127,0.3700888345623699,0.1660735136594134,2.725267361797904,35048.95916583296
635,11430,-2.5241534197595317,-2.271664507781885,0.30077822320821124,0.1660267845797337,2.7262629932795654,35109.2298891251
636,11448,-2.5033992280174124,-2.2657983831445914,0.16941897377328263,0.1659823571071329,2.7283206766078103,35170.565691208
637,11466,-2.5197581701347693,-2.1897445165448555,0.2179432182643244,0.16566553927520475,2.7289895610597794,35231.35079066595
638,11484,-2.398697867709163,-2.1527173111328444,0.20027043179309206,0.16520904368557623,2.7290893024992253,35291.60926729115
639,11502,-2.447570251568173,-1.3182822988742882,2.786102331026534,0.1647221190589291,2.730688190801657,35350.07983241603
640,11520,-2.409650705701493,-2.2648435799607953,0.16783648253308556,0.16417573816796688,2.7317723621294157,35410.62741604098
641,11538,-2.4518211210423613,-2.1223748039433925,0.40966534954721373,0.1635314427382273,2.7336283344903465,35472.57818262512
642,11556,-2.448882034518454,-2.1165477631382688,0.5218612561196493,0.16289941219763737,2.7332693558840715,35532.16682558297
643,11574,-2.433847927131389,-2.0522970213585348,0.7094597281561241,0.16214338737836054,2.732560888871927,35593.11182895815
644,11592,-2.4329410872583597,-1.5172215150488804,2.798564821190683,0.16156478862156962,2.7322426473221277,35653.188055083156
645,11610,-2.442880211661465,-2.197601003270874,0.21400774033954076,0.16082726798485822,2.7328976151541613,35714.47995970794
646,11628,-2.5110451018175257,-2.124690810592606,0.3096735692515021,0.16053841277783906,2.733784690132603,35775.27934716595
647,11646,-2.3817958669684156,-1.9705704647578983,0.4993429780509169,0.16040706741738112,2.7338414406270024,35834.90390454093
648,11664,-2.4089532219446883,-2.0811629437008223,0.2219523602319063,0.1604684813144198,2.734648198502335,35896.38036083314
649,11682,-2.4257729701794997,-2.2164247067406446,0.12235726458981609,0.16045182913709422,2.7351250217385705,35957.01267225016
650,11700,-2.4540746599474583,-1.91210274124708,0.7607295848395631,0.16049347970585726,2.735068826234429,36014.48916129116
651,11718,-2.4623783124628686,-1.9134941538504764,0.608058913448985,0.16036793511241285,2.7351965033787504,36072.75962000014
652,11736,-2.499740574114834,-2.13989117911445,0.5106035729119986,0.16038374765109184,2.7354607154079225,36132.87143412512
653,11754,-2.418107299132315,-2.0870373086187652,0.5366902246748678,0.16076491172854965,2.735359153447203,36192.627908041
654,11772,-2.411915433787414,-1.892823742055578,0.4925042541745226,0.1609266436058384,2.735844796073589,36250.49220725009
655,11790,-2.4722615288030534,-2.2263090360098152,0.20759787007797545,0.16110583391606387,2.7354825822554547,36311.26533379103
656,11808,-2.5120420939252304,-2.258928073246136,0.20790555159531926,0.1614830536419912,2.7359257811696116,36371.57049537497
657,11826,-2.5197311904019895,-2.1989700996731187,0.29283550025490496,0.16170855547190677,2.736321459335554,36432.44754958316
658,11844,-2.481694524091508,-2.2885353985921024,0.2225381892905574,0.16196905290634686,2.7365629173234196,36493.43685099995
659,11862,-2.472268324040682,-2.138928406600686,0.2984144386835562,0.1625222376081844,2.736394492703641,36556.71897062496
660,11880,-2.4833134011506552,-2.1415351378630647,0.2554033990903473,0.1631844166407706,2.7363871638266213,36623.60279050004
661,11898,-2.4760533223202397,-2.3224356185407675,0.16372783686263181,0.16370180940233398,2.7365653046589107,36685.51471212506
662,11916,-2.5246860068044246,-2.267091284801196,0.20139181273864643,0.16421419222024547,2.7365077349993316,36746.35044883308
663,11934,-2.497830861535139,-2.1580374016399446,0.23689684456249901,0.16464963840560504,2.7368273427173366,36806.992305208
664,11952,-2.4562353553051346,-2.152737306446325,0.17827977419572263,0.16509712785517425,2.737209335151646,36867.226238500094
665,11970,-2.5351224820546183,-2.1905457617949846,0.24127205250327402,0.16542260470900827,2.737211679939393,36928.408136165934
666,11988,-2.4753364849036643,-2.249125117695975,0.20182934348502135,0.1654839905897171,2.7374540002548895,36988.95292754099
667,12006,-2.4868088093372767,-2.167774275900722,0.2405902200427624,0.16590529906585383,2.736773696464676,37050.00567654101
668,12024,-2.4900831448245224,-2.321557352154891,0.13220692779854432,0.1667670609884726,2.7364959404217495,37111.225668291096
669,12042,-2.4670368172661736,-2.1100038697097427,0.20518321192258587,0.16745138508973872,2.7378251704972247,37170.936762125
670,12060,-2.409068008296517,-2.070973913945153,0.2426679864120638,0.16830992854709095,2.7380742320124707,37231.32341958303
671,12078,-2.535448250453265,-2.1627129156706184,0.2736114625200738,0.16903513676521054,2.738082138108442,37293.02088291594
672,12096,-2.500811955534841,-2.2099556459285603,0.1840310642844535,0.16951501577730463,2.737571201608357,37356.35897587496
673,12114,-2.5236738304619353,-2.1744903083532696,0.19012102078231188,0.17016060517584608,2.7378658370137905,37417.27729150001
674,12132,-2.5087963556455657,-2.2699354370266525,0.23378946003929596,0.170837806012372,2.7391582512825567,37477.42021791614
675,12150,-2.4781066496293374,-2.2358471843574996,0.16482266617347235,0.1716044825918232,2.739348719329632,37538.55296025006
676,12168,-2.491669652996613,-2.2226811775094997,0.20265573418926358,0.17202155042408196,2.7398583970628114,37599.187260000035
677,12186,-2.501490172716268,-2.2077230844361453,0.218410711641607,0.17178478287561796,2.740426006413737,37660.44680958311
678,12204,-2.5029423928796946,-2.2136995923075937,0.21488983194301622,0.1714758576185467,2.7399333190395976,37720.90934508294
679,12222,-2.503785371237156,-2.1342885302454686,0.25867777903558065,0.17134785910978437,2.739910492117187,37780.942490125075
680,12240,-2.5080796738090654,-2.1983843212090726,0.25773321763278034,0.17136002551370474,2.7402629106360816,37841.636436
681,12258,-2.4673938588062887,-2.149720758268314,0.22138073054731078,0.1714717831328435,2.7404868025907225,37901.65281570796
682,12276,-2.520299882313729,-2.1713416261412464,0.20302892559896188,0.17145599026700278,2.740003212928811,37961.51475208299
683,12294,-2.456283042441338,-2.1442921222579745,0.30461656035425383,0.1716282964293859,2.740347330606966,38021.98785599996
684,12312,-2.505670222242874,-2.1304684307166157,0.31386208645860614,0.1714406093978208,2.7408253783597227,38082.21063754102
685,12330,-2.4788545926856003,-2.238562554860051,0.1843573121179444,0.1708437519073003,2.7410152386773325,38143.37382162502
686,12348,-2.501998592334415,-2.1211305193836196,0.2601094754399957,0.17032610264643114,2.741086185604574,38203.646001707995
687,12366,-2.5015877595295537,-2.2243793305700637,0.25869850352467466,0.1699082753705603,2.7415077493069084,38263.85753070796
688,12384,-2.522451420085521,-2.1889732355941933,0.2855844739758042,0.16931188561124302,2.7417801837732436,38323.82949195802
689,12402,-2.4717820027500936,-2.164899509046762,0.24498391645436177,0.1686570558844726,2.741658601158911,38383.60907937493
690,12420,-2.438933974187934,-2.0457379233895234,0.31092001550679194,0.16826866297127982,2.741709245005239,38442.59769104095
691,12438,-2.5052461123242056,-2.1147906785654538,0.22319207304679392,0.16801633018281598,2.742357722293896,38502.68178945803
692,12456,-2.492225017831611,-2.1436732765522724,0.297473351462078,0.16798691889352954,2.7418967013463664,38562.67220170796
693,12474,-2.503826458123591,-2.1717440927751372,0.26790473673766385,0.16767371177607923,2.74246032305369,38623.16238870798
694,12492,-2.4835995704394906,-2.1659173793493243,0.19216784547012478,0.16714099660021814,2.7415145272222237,38683.91711387504
695,12510,-2.4481192097956783,-2.141111105298125,0.3223003371805088,0.16653477720745993,2.7420158179545617,38743.676117666066
696,12528,-2.3623005860969104,-2.090893124267035,0.2146433218777439,0.16560253277733045,2.7419385475728255,38803.58801233303
697,12546,-2.442327805572658,-2.208152273369012,0.26406470572445984,0.16462434840115783,2.7416314066417145,38864.27018062514
698,12564,-2.4515878711121535,-2.195715418721112,0.2711874467545871,0.16337556175811963,2.7415981290089295,38924.751351916
699,12582,-2.42827477006629,-2.267337375583235,0.12354642417834553,0.16214865626845196,2.7418667670081978,38986.28923700005
700,12600,-2.5296320858781907,-2.26974760354316,0.14015989618680533,0.1609648548495143,2.744038358020203,39049.8635185
701,12618,-2.4598015574809233,-2.247159191375582,0.19196097342839047,0.15960002027186992,2.7441788746366136,39111.29937716597
702,12636,-2.482587023419413,-2.3163243640855233,0.1675122265200886,0.15840743493906986,2.744559184138214,39172.549968958134
703,12654,-2.454658625449711,-2.297114080667935,0.13852606401372533,0.15758323958974046,2.7448814919194744,39232.809227166
704,12672,-2.4973958855885674,-2.2213075416920516,0.22749477255452388,0.15722367329691328,2.7457943458675533,39293.41456604097
705,12690,-2.449356447611735,-2.308947410925036,0.10370887073515052,0.1568104571137747,2.746782922661227,39354.397325541126
706,12708,-2.527741291432668,-2.2392641784836864,0.1513289243807786,0.15586635054365147,2.7475217962668976,39415.302623500116
707,12726,-2.5219367935937353,-2.2136303713915115,0.24453620928565745,0.15489787383432266,2.749144758882713,39476.25144891604
708,12744,-2.5121872127691085,-1.5198403195183081,2.8075041355108095,0.15415020790951978,2.750265958401207,39535.76813187497
709,12762,-2.5195401804762274,-2.139379567961099,0.21497747869880932,0.15369726323285293,2.7488659892613563,39596.08546641609
710,12780,-2.4168945717707935,-2.2262235779282076,0.20269547906443092,0.15323409832047474,2.7498284313727868,39657.388783250004
711,12798,-2.4399256173701227,-2.1893034972134604,0.22912927394462942,0.1528509946797945,2.749619332068733,39718.41875883308
712,12816,-2.5154651600483793,-2.136853271622121,0.30024650302669703,0.1523668674281941,2.749648393677999,39778.70115758316
713,12834,-2.4444058372366677,-2.0448770670250567,0.24622226581699436,0.151788749901057,2.7496788416300095,39838.64911979111
714,12852,-2.4184957539440446,-2.151981973706109,0.26470498222408406,0.15147383572569081,2.7495232829618965,39899.213328875136
715,12870,-2.4359246267768677,-2.045182950720294,0.26559788955475966,0.15114212579996328,2.7495261715820516,39958.70208333293
716,12888,-2.418399410124926,-2.1224268584373274,0.2359731624789251,0.1507937947032,2.7495745724572003,40018.5966225001
717,12906,-2.416096761448352,-2.0443096228504993,0.2800869582287846,0.15069314827232191,2.7475705524543366,40078.79948554095
718,12924,-2.4562578884263555,-2.1900184093714024,0.2399372746115164,0.15052001761423178,2.7474395153399254,40139.675792083144
719,12942,-2.478008880627368,-2.1493311941116406,0.24461894072689244,0.1503224001664114,2.7478164082118504,40199.682558875065
720,12960,-2.468406417146382,-2.025598709945095,0.2937955525583274,0.15008076888479233,2.74875115433684,40259.9841421661
721,12978,-2.4285215060216356,-2.0727305882891156,0.3003491791743827,0.15005854130155816,2.748650550822376,40318.98443120811
722,12996,-2.406040848362577,-2.1865433181079115,0.2478838547763651,0.15000089649576387,2.7509931615642795,40379.363610625034
723,13014,-2.4397545734012214,-2.1317213980128984,0.2868212852095918,0.15016143431880777,2.7517019692490243,40439.289585458115
724,13032,-2.4513014972123393,-2.2159986985086095,0.15716993125214543,0.15031804074563196,2.751934543577409,40498.865850208094
725,13050,-2.3537802526711973,-2.109525090700791,0.21088003805877475,0.1502219368113907,2.752698774932587,40566.43616945809
726,13068,-2.4169317511165245,-2.042302338444843,0.2314583068903889,0.1502160530263872,2.7540544132758966,40625.56173545797
727,13086,-2.4211878194964878,-2.0122755804790895,0.23665602423211962,0.1498950668821305,2.754663101205849,40685.14066137513
728,13104,-2.3848471738738444,-1.9432406688798767,0.3516160193180174,0.1497828288883951,2.75743481254225,40743.660400208086
729,13122,-2.380889430503881,-2.1471541183560916,0.20750168803886226,0.14965120280078179,2.7600052636622157,40803.465221625054
730,13140,-2.3977984782136654,-2.0394577710952877,0.3200765026188726,0.14923052240227427,2.759791065667282,40863.73911758303
731,13158,-2.3760191463430225,-2.070609773370971,0.23840952733984824,0.14911912032590116,2.7627652451354625,40926.42343891598
732,13176,-2.424184796561454,-2.075809254976244,0.20404362682950825,0.14881758590640287,2.7637139912980935,40987.643121625064
733,13194,-2.379671855771344,-2.1261512486035743,0.2076011445630926,0.14850982944041355,2.7655894638955174,41047.379569665994
734,13212,-2.454513897815572,-2.1298475592651918,0.2864510568383799,0.14836517925525347,2.7677568832064163,41108.00606904109
735,13230,-2.3906005875829237,-2.035828007449373,0.3169983553821392,0.14811738992736406,2.7682547029221074,41167.33375079115
736,13248,-2.3631026773283104,-2.1051476037931796,0.2619940388245368,0.14785161127964144,2.7684944485624476,41227.83300875011
737,13266,-2.41978682174648,-2.1357562680269937,0.2537338606252983,0.1470624616224129,2.769297786204769,41288.19994895812
738,13284,-2.380098490514092,-2.0966851224349283,0.23171559605860395,0.14630300052716375,2.7700622313371475,41348.387586375
739,13302,-2.4369258872351884,-2.1618224560191184,0.2410388582241861,0.14539189959678944,2.77189542008659,41409.544043540955
740,13320,-2.4110145108610355,-2.2243496006764416,0.17509818499450636,0.14449085062037678,2.7723727837282413,41470.440334707964
741,13338,-2.4716994727987482,-2.2043922437911365,0.2150148756786629,0.14361324873967818,2.7734972069161348,41530.745046874974
742,13356,-2.439090767245586,-2.262716422380564,0.24076752779314337,0.14283549289037806,2.7765816406040105,41590.68936008308
743,13374,-2.4424102431053893,-2.0318428433820896,0.2834933046439401,0.1421692241021783,2.7780739101967855,41651.02800829103
744,13392,-2.4316755680743714,-2.2082785970854095,0.20484870927897356,0.14160432800263723,2.7815458336802643,41710.81442141603
745,13410,-2.5314131762056187,-2.0884154888751083,0.31437415501000937,0.1409236930459041,2.783615113539113,41770.48085225001
746,13428,-2.427078398157501,-2.131885358303756,0.2376578278780753,0.14055190608151216,2.7866286271568073,41830.93911112496
747,13446,-2.3961697198396776,-2.1903781030023977,0.17961003137652987,0.14024500477033075,2.7889339926059713,41891.82431675005
748,13464,-2.400560245957177,-2.167463789902136,0.2117920819704624,0.13989919537093093,2.7914764299881925,41951.35856812494
749,13482,-2.4058152070951957,-2.0779780119592317,0.26408279707305654,0.13930865960754782,2.7930923357589736,42016.493295083055
750,13500,-2.4533692951081254,-2.186071445406366,0.19219949635581096,0.13827692559321764,2.797613960653829,42077.62004037504
751,13518,-2.429847584751543,-2.282566711204156,0.14867156107171373,0.13728789992031248,2.7983872123666997,42138.64055787516
752,13536,-2.418585456251719,-2.1233816671469956,0.2803793570972465,0.13622996181135066,2.7990952883460967,42199.21706629102
753,13554,-2.4724776581234336,-2.0087064596608757,0.31565702418795627,0.13535145783587507,2.8015268183408204,42259.27340379101
754,13572,-2.50071246745669,-2.2716785817672607,0.13613188273022725,0.13426630899538278,2.803422251159044,42320.6141043331
755,13590,-2.4235950059325697,-2.182227290747725,0.25015424903253664,0.1332765585193191,2.804653700738006,42387.40768779116
756,13608,-2.437581112807335,-2.219720577440478,0.19128417887714885,0.1325974147179502,2.805916598318892,42453.33519437513
757,13626,-2.4300726773576473,-2.277671741804462,0.1443506409309277,0.13216794083249037,2.8080281581464566,42523.418338583084
758,13644,-2.4906231016852973,-2.2441498410919696,0.2252103546724928,0.13193348778774888,2.8107143286657057,42604.79523629113
759,13662,-2.420549683605485,-2.1455282945168705,0.26463238251529664,0.13178159478137033,2.812979992468757,42681.83471295796
760,13680,-2.490213296606861,-2.1395361229822427,0.28999811651617396,0.13182402428067244,2.8144020648072274,42751.90375762503
761,13698,-2.503658586084515,-2.2362969869276,0.20261370610906654,0.13156725834578972,2.8155652512303178,42814.929491457995
762,13716,-2.4549497362234707,-2.143816468151972,0.20354164664554592,0.13130944715990828,2.8167328050165525,42877.12546762498
763,13734,-2.4980770944876425,-2.2270449732144075,0.16753322275310292,0.1309580345717023,2.8184481238357364,42943.68006779114
764,13752,-2.4829562789347865,-2.1932911640759225,0.20617108873629475,0.13109249233138479,2.8202342043987585,43006.20235358295
765,13770,-2.4528822650177515,-2.2373596848217026,0.21812145373005998,0.1310020587629988,2.8220352148453336,43069.597186291125
766,13788,-2.5359660829423563,-2.1470043250631274,0.3156602096681824,0.13055355862715243,2.8248395466447227,43136.05976120802
767,13806,-2.427414431717732,-2.10558770077081,0.27028672555987293,0.13048434917737295,2.825817453820838,43198.04834700003
768,13824,-2.501681148119006,-2.104458704224059,0.29364642569624516,0.13055063046213505,2.82862167757867,43261.529419583036
769,13842,-2.506722129976162,-2.181916000885657,0.2440898283347706,0.13043242194967963,2.830202290878422,43324.164117416134
770,13860,-2.431558143968228,-2.150464790030214,0.18748876795390804,0.1302315528984677,2.8318933420915537,43386.01363075012
771,13878,-2.4825689139976177,-2.2787947366918337,0.15664128413506329,0.12998116835326298,2.8356017221675938,43448.81508691609
772,13896,-2.4516310159335055,-2.167681350497572,0.2395227743114367,0.12991437076400533,2.836867034834172,43510.77122004097
773,13914,-2.50629866140679,-2.245981825294313,0.19771386913099162,0.13002189371164244,2.8384809937174733,43573.01577691594
774,13932,-2.486563822545762,-2.127244226664033,0.2529190629662992,0.13017972029530128,2.842673606441922,43635.7167072501
775,13950,-2.4522376995463397,-1.4733661197960664,2.78928216640484,0.1302615435999615,2.845973318758426,43697.01375633315
776,13968,-2.5006777228736596,-2.128905375282447,0.24125495742532074,0.13003489996357614,2.8474482277820115,43758.737710040994
777,13986,-2.4842053788173364,-2.0873788554907065,0.2669929431817668,0.1295236898700681,2.848539179036548,43820.76784833311
778,14004,-2.5015746810109794,-2.133880300457479,0.24355140296090427,0.12922377527764004,2.849316728185977,43882.88980129105
779,14022,-2.435921132266396,-2.1928065628597557,0.1705082517264354,0.1292475974554968,2.8508430992071485,43944.837389166
780,14040,-2.407230798955626,-2.187529216444745,0.24791402255127995,0.12890143111496663,2.8523620989214837,44010.15039908304
781,14058,-2.5022054926596167,-2.1539218875099957,0.2165903333897054,0.12840215504041003,2.8534429127785357,44079.51380941598
782,14076,-2.488030402121171,-2.0473142640189894,0.23466755870325787,0.12776220074583106,2.855160401369573,44159.00369000016
783,14094,-2.504789982533939,-2.2004827529302204,0.19384198038954767,0.1274491345858943,2.8597676968119785,44229.94489195803
784,14112,-2.4266941329298954,-2.1796580780813297,0.18908446146273855,0.12702160276292943,2.8627137769793563,44299.95124308299
785,14130,-2.500306803189231,-2.2744461506395135,0.19755851507596803,0.12652032539485378,2.8665441070226203,44376.21776462509
786,14148,-2.4949881078275618,-2.1264662128998073,0.22675951445231152,0.12600938196336187,2.869738289856891,44449.42926658294
787,14166,-2.4850305961946604,-2.3123523841364433,0.20543177024446488,0.12584718883597618,2.8743792555373022,44516.746293208096
788,14184,-2.488489432307649,-2.184923946448192,0.2552109716025658,0.12534390571736942,2.878994126957377,44587.030687083025
789,14202,-2.4576245183560785,-2.2965000034056624,0.14722706038574124,0.12483539968524313,2.882455864446753,44663.87291399995
790,14220,-2.5169480692299424,-2.1918508664394185,0.2516996819429984,0.12454832132969858,2.8855817181790835,44735.98793158308
791,14238,-2.4426159209875915,-2.2316552803776992,0.23365758263047107,0.12443364116681782,2.8883750019691066,44807.753238165984
792,14256,-2.4334471700752545,-2.2083094168825577,0.20129574675398684,0.12416239821123906,2.8908005033218047,44883.575127583
793,14274,-2.482872936695093,-2.1688967199979845,0.2888674404609866,0.12421678522263734,2.893409944944046,44962.56273458316
794,14292,-2.4462775769558687,-2.198520949424047,0.25281633677042864,0.12436669425797188,2.8959463520325297,45028.66471041599
795,14310,-2.4943748612727643,-2.133407155814491,0.24760193486358056,0.12463407634342805,2.8975874060908016,45093.21948920796
796,14328,-2.5177931567068152,-2.1800220790316724,0.24474923608263435,0.12495072123953749,2.8992476062850927,45164.15964425006
797,14346,-2.5164282543057475,-2.2082492171272685,0.16158540448728573,0.12524713819830743,2.9002537731836275,45237.96432862501
798,14364,-2.429279230615942,-2.2109842326489915,0.23743375602729055,0.1253495960890041,2.900568799437399,45303.467299208045
799,14382,-2.4509056839902863,-2.252294259759923,0.23289882418678362,0.12538531009078455,2.902917768803278,45367.769933083095
800,14400,-2.487234057892645,-2.2144463458592125,0.21808267985494073,0.12511873384125224,2.904099615755892,45431.55682758312
801,14418,-2.5199606442833447,-2.206163638854689,0.20345453040922817,0.1249700591450429,2.9066329375918367,45504.894589500036
802,14436,-2.4197987101471625,-2.088960406989085,0.26435048564934555,0.12501130253281387,2.9072116229356415,45566.43498129095
803,14454,-2.41072671788091,-2.172932965356313,0.26837915076432245,0.1250573631533511,2.9081150104381543,45628.59838666604
804,14472,-2.4436308508499067,-2.1141858016449833,0.3034425238989753,0.1251147290036124,2.9122017502256785,45695.86508408305
805,14490,-2.4723244524459527,-2.2369402913410266,0.2173274400870716,0.12512293543588307,2.914987424865507,45766.19137787493
806,14508,-2.4724634615543506,-2.223326269724557,0.255218304851933,0.12557406649749003,2.9185136419243554,45838.065722833155
807,14526,-2.5228885427131122,-2.1962043633206676,0.2692636119482586,0.12578651938576274,2.9211708346731022,45909.08407233306
808,14544,-2.51852725010641,-2.2378681447137336,0.23294291785150378,0.1259184040170654,2.923291498717348,45977.681889583124
809,14562,-2.493094046395207,-2.0948637359468,0.3537100166770444,0.12618045491089835,2.926167278613327,46048.76634312514
810,14580,-2.494569811237863,-2.0978668377249905,0.3281527389389613,0.12649410469249056,2.928809715625001,46120.94304100005
811,14598,-2.5071498895696847,-2.1882361052277073,0.2684469892497314,0.12687766448924687,2.9308430463518675,46194.14059020812
812,14616,-2.530009917869304,-2.271035863121491,0.20906071120749375,0.12705706718468737,2.9334980588452813,46273.647499375045
813,14634,-2.5247605131188022,-2.2238024799047085,0.2823583371740979,0.12722929015311538,2.9344419442521947,46348.10967287514
814,14652,-2.4806704436110265,-2.183669739769854,0.2634192068737755,0.12707854327775495,2.9373602887490367,46421.15276416601
815,14670,-2.494003728017413,-2.26534776948373,0.23726843921765528,0.12676585444861618,2.9404843093174433,46485.39036745811
816,14688,-2.4966752895593785,-2.358696080066742,0.11865553904224514,0.1264326585518405,2.944671497693623,46548.89650716609
817,14706,-2.4952513052188836,-2.261411775567848,0.2724330573245278,0.12633464397956384,2.9491594151424088,46611.50619950006
818,14724,-2.5005843825231975,-2.215467528130789,0.2586787889602215,0.12599910587326438,2.9542252983141943,46674.58700554096
819,14742,-2.524666707683461,-2.1960246052259085,0.2983319004854358,0.12571039028745729,2.958851736562351,46736.09368037502
820,14760,-2.489637461279697,-2.2517119792807017,0.23226734603842686,0.1255695597404523,2.9635227225532588,46797.98002179107
821,14778,-2.4889151960100686,-2.1418680443022238,0.30451486119870247,0.1255560537920558,2.967234690569629,46863.245555750094
822,14796,-2.489471765981166,-2.276747859537574,0.2511245810896143,0.12554874344492553,2.971113431851939,46944.30520833307
823,14814,-2.4942475017436276,-2.2636526433726463,0.24737090023955505,0.1256915169937409,2.973263602451824,47027.917058208026
824,14832,-2.5861701351065816,-2.2710659581074513,0.2725466470960763,0.12570699518389417,2.974946266412918,47107.70871899999
825,14850,-2.4784001028603115,-2.239873669601528,0.261744927779518,0.12596863805248099,2.977073487581637,47182.94416216598
826,14868,-2.4783737458209742,-2.293276038965572,0.1610954785675781,0.12632474334936855,2.978721070258054,47258.57518820814
827,14886,-2.4675102167717196,-2.2322107825988717,0.2237712625347128,0.12661847601321735,2.9800735420866804,47332.50431483309
828,14904,-2.4942619447740304,-2.263845113625524,0.1745451708545816,0.12701312037107534,2.9818356550921314,47407.12759516598
829,14922,-2.463506560454993,-2.1846013370769293,0.25137079450160593,0.12751660515352325,2.9825557855698674,47482.424899291014
830,14940,-2.467908621679032,-2.060264898672847,0.4348326614855487,0.12776195586890407,2.9842258128178094,47554.924273540964
831,14958,-2.490508831649647,-2.1680243063258735,0.25144990979767845,0.1280527397882698,2.985707517512312,47618.40971104102
832,14976,-2.520837421711639,-2.1882613176613575,0.21667588909788008,0.12819941493909354,2.987724798549451,47680.24604975013
833,14994,-2.5037355262798497,-2.1896503415212907,0.2559741788422897,0.12848875011622493,2.9909264116569005,47742.97341529094
834,15012,-2.494917481288669,-1.4757323867155552,2.801474793120481,0.1288399886992554,2.9930596290064004,47804.96628387505
835,15030,-2.4834255273681443,-2.2420695481390966,0.29813580120512356,0.12931132588837138,2.9956870291018123,47867.15776887513
836,15048,-2.4967512527861517,-2.1294527138699553,0.21020230854223237,0.12950941067706895,2.9978984491667977,47930.25097250007
837,15066,-2.549604798834832,-2.1366371126132475,0.28567175380782955,0.12990566477301896,3.000843204454539,47993.67752795806
838,15084,-2.49306487020502,-2.307908645126139,0.14738586561183734,0.13001271787109409,3.002358889420848,48059.69591100002
839,15102,-2.5164386607190483,-2.229160618535674,0.4146834070021592,0.13006601403297488,3.002999388630016,48122.168503916124
840,15120,-2.490997608188569,-2.200209385949466,0.2611698809460226,0.12997632045324714,3.0045784789627996,48186.90899350005
841,15138,-2.534901772612821,-1.55376215018407,2.8149088713716415,0.12973173260085288,3.005702718567535,48247.80564416596
842,15156,-2.4955195681155478,-1.6368132807174594,2.829739884647464,0.12952358108634893,3.0070699775006284,48309.27226508316
843,15174,-2.491636817333619,-2.2122498423050825,0.30055532310357574,0.12933420719319114,3.008512989448411,48379.906918083085
844,15192,-2.5002197271698865,-2.2678429659985655,0.21042470568832605,0.12926976966054168,3.009694175164453,48444.829341416014
845,15210,-2.48380064907587,-2.1878588775132273,0.23574267569631802,0.12917931032910263,3.010521130161331,48508.17511950014
846,15228,-2.518026087924834,-2.3205111850667373,0.20364997378238722,0.12895250277206013,3.010682782431157,48571.064160875045
847,15246,-2.507636457297756,-2.183549467737631,0.3325499099769327,0.12871472107107626,3.0125634817137477,48633.932267125
848,15264,-2.4852686642532036,-2.0786394570765463,0.3036947882124933,0.1286089575325188,3.0137922802472574,48696.49688474997
849,15282,-2.508870209565082,-2.15144962504591,0.25489312145637605,0.1287009815874541,3.014623705126035,48751.40311762504
850,15300,-2.4911988298396834,-2.2263584614599363,0.3262656092727563,0.12869500169953457,3.0161098564317137,48805.89032266615
851,15318,-2.530471834376667,-2.248365024494337,0.2655282746787792,0.12887650702507622,3.0161669128182065,48860.26340179099
852,15336,-2.4877807878094225,-2.2099241451285425,0.4550208397330734,0.12907144901447162,3.016680868635768,48907.206997166155
853,15354,-2.5164121436122198,-2.2096296784036897,0.3061306857222389,0.12914036062549625,3.017162466044636,48956.38885070803
854,15372,-2.490908055447368,-2.2693670480493733,0.26025862980065373,0.1290918881706493,3.0177372889788785,49002.40299733309
855,15390,-2.4993606606260177,-2.18225949250062,0.4444527571255795,0.1290120360838141,3.0184432880382435,49041.725018583005
856,15408,-2.496703241859496,-2.145169030700471,0.3727068858366977,0.12912165358981612,3.018621168388245,49082.971415708074
857,15426,-2.4845998631889996,-2.109281507801837,0.2796293422158621,0.12922088135599955,3.0190123597577276,49123.405872707954
858,15444,-2.4911969971243644,-2.161499191000898,0.33714782229817425,0.12941913476862438,3.019565188042684,49163.29751725006
859,15462,-2.4845005336589487,-2.0528852752153264,0.3341716085330973,0.12958246614859834,3.0206688726659716,49204.684573125094
860,15480,-2.526738134189697,-2.258497226844109,0.3019152126008756,0.12982184216277134,3.022028447510687,49245.72309495811
861,15498,-2.508088771238326,-2.2993249169782755,0.30760703286931834,0.13025300854033509,3.0227173136123366,49285.84761325014
862,15516,-2.4865490149220695,-2.1721684562418906,0.338621778162474,0.13058878023735426,3.0245774301598507,49327.070548207965
863,15534,-2.476323178671433,-2.089303029549961,0.34776451862259844,0.13105404442664742,3.0282648339817038,49367.449176165974
864,15552,-2.5064231565274953,-2.0395638229119646,0.3351143431131523,0.13144147990905072,3.0311054906599977,49407.70239716605
865,15570,-2.5232177816518027,-2.1714601796836432,0.31568507555736297,0.13170974097997823,3.0338130919353556,49448.22806062503
866,15588,-2.5194921372812416,-2.1004034484593097,0.447858841575833,0.13166791143692697,3.0359905526634448,49488.309383500135
867,15606,-2.475650696026143,-2.313920614302107,0.17499589295335355,0.13159735405763698,3.038305303905033,49529.24898995808
868,15624,-2.4956795090460537,-2.188396231834034,0.2443243096413992,0.13108498462711216,3.040631220091432,49570.21152283298
869,15642,-2.4846472012381233,-2.087713076317532,0.2782181351458931,0.1302396061505492,3.0439424572773963,49610.53699874994
870,15660,-2.491927139609395,-2.0829577284792045,0.3183000890512665,0.1293314365254667,3.0469684740048946,49652.06819058303
871,15678,-2.493741608454128,-2.296860276548415,0.18619359581407624,0.12831522461992922,3.048712875686723,49693.101282166084
872,15696,-2.504000523027613,-2.2836498363726516,0.2598911728656118,0.12721342649612455,3.0508357527366217,49733.741709250025
873,15714,-2.504808788131238,-2.33805141446545,0.18564867675873795,0.12629685322669285,3.05611726318638,49774.52391287498
874,15732,-2.5296424003993256,-2.276069631053633,0.25386937931854536,0.12540825679290168,3.058737378728984,49815.05125837494
875,15750,-2.4896796649276944,-2.244078432979867,0.2915971891247948,0.12464046541554588,3.0613863176786675,49857.20783433295
876,15768,-2.4895702814500735,-2.2081913444692733,0.31037621077068744,0.12376068868888088,3.0634783724721766,49899.64404241601
877,15786,-2.524730997855608,-2.369357841027757,0.23630803645398316,0.12286631995089278,3.0651630750710104,49940.54202025011
878,15804,-2.4965305980420567,-2.1783941140306657,0.4659773419096384,0.12206318263861787,3.066419280952858,49980.46399745811
879,15822,-2.4561160789236918,-1.8084947578137642,0.5322237429381236,0.1211762901766761,3.0678138184415906,50019.36602983298
880,15840,-2.488349249092007,-2.2284228195877405,0.3085890513029145,0.12032742732334412,3.0696153773581147,50059.32728424994
881,15858,-2.488676742771038,-2.276535621179277,0.19440818456241638,0.11955951433858121,3.0744410792887553,50099.362387208035
882,15876,-2.4902566774112875,-2.2163374182688536,0.5210220523595464,0.11884503786238637,3.0772965131565044,50138.595560250105
883,15894,-2.5353266450889045,-2.3010089230178616,0.2934301039321181,0.11844265850768441,3.079993702512001,50178.92724129115
884,15912,-2.5298020712899216,-2.2661163986177097,0.2628350506571141,0.11789724531440732,3.0821123330860227,50219.313430458074
885,15930,-2.5020193948759575,-2.283069605888913,0.21706624184364767,0.11706853528381148,3.0847526329635646,50259.90617775009
886,15948,-2.4995676808679916,-2.124983473317743,0.4499262369014928,0.1164228218018677,3.086300865715514,50299.499847915955
887,15966,-2.5308285662379575,-2.209038566604187,0.4107255335539186,0.11560080154322883,3.087060872282816,50339.21612291597
888,15984,-2.4936025321115896,-2.2824203660963853,0.19019751469833493,0.11496014180909787,3.0886062852064575,50379.462166458135
889,16002,-2.4947564560986986,-2.252780654121471,0.45038500199221326,0.1144564247744548,3.0903621070870444,50419.43541654106
890,16020,-2.4955652598171962,-2.293414621396973,0.21829492995519836,0.11391472695361164,3.093391796878744,50460.321210375056
891,16038,-2.5245404824923634,-2.0959594151306167,0.5179793232529751,0.11341167252664634,3.0950383938606074,50499.33829600015
892,16056,-2.502395148392391,-2.124517235072403,0.5276996382537711,0.11309347852905915,3.096621555464892,50538.83141683298
893,16074,-2.48103426947204,-2.195244208710984,0.4703819338510693,0.11289380434674584,3.098624132935101,50578.42205408309
894,16092,-2.5052562779159944,-2.2301634683473495,0.247453472456984,0.1127874348441762,3.1004017107511377,50619.06393966614
895,16110,-2.5346517777509767,-2.0771342973465536,0.6295924484947967,0.11286391663248632,3.1014108071646613,50658.132262000116
896,16128,-2.5201383640069785,-2.3020206788829656,0.24057710853161726,0.112822654644953,3.1022979754390736,50695.64409212512
897,16146,-2.4948044001939245,-2.3041586281779685,0.23165295094389657,0.11276601815256453,3.1034280113642905,50734.00780587504
898,16164,-2.52086028002813,-2.297540794352625,0.2823471056555163,0.11265359987997667,3.104899153026203,50774.833183583105
899,16182,-2.5115037818373973,-2.2747766255162842,0.2777281585855853,0.11286996472128287,3.10630743840828,50812.52702862513
900,16200,-2.5109540198110127,-2.2082960468175075,0.31189940013590617,0.11323220674963516,3.1089785851643312,50855.20877799997
901,16218,-2.5462192503888037,-2.265613809193007,0.26509278264317704,0.11385647335474566,3.110659544074803,50901.8938404161
902,16236,-2.504717223087247,-2.1566139684261483,0.4275011132429285,0.11447068288882119,3.112563892925476,50943.33124379115
903,16254,-2.5003130710438364,-2.2056020277351736,0.3906112334785842,0.11505354094723892,3.1151804439189306,50981.81402245816
904,16272,-2.4993961623914496,-2.1978087849016763,0.495707657407034,0.11537830232136605,3.1184811065258393,51022.387609000085
905,16290,-2.5222204506978687,-2.2216655968720507,0.2926276593780593,0.11582325986629388,3.1224907805474422,51062.04365741601
906,16308,-2.5648455193963375,-2.247943692975335,0.3336595540758308,0.1161176498621587,3.126666393057758,51101.84420279111
907,16326,-2.4811217315884213,-2.1300743768350916,0.35209604717567267,0.1167854200602381,3.1306154869019904,51140.0053060411
908,16344,-2.504903453075126,-2.3128881533493635,0.2445358257192805,0.1172390830585968,3.134116817984269,51178.20670041605
909,16362,-2.513439516851103,-2.239901892842429,0.28058681911965877,0.11751380974815936,3.1370900468811382,51213.471496250015
910,16380,-2.525659229397047,-2.28764913146219,0.3157914110371564,0.11775458347714456,3.140553300875041,51253.488501083106
911,16398,-2.515479052877499,-2.2967306203447597,0.26650002376824444,0.11794984165393507,3.1434623079923165,51293.590968250064
912,16416,-2.5121557131168046,-2.3140564190315156,0.24224846101586378,0.11818255792344758,3.1467856610365454,51333.422866250155
913,16434,-2.5231571956095644,-2.182163023204135,0.32819230579572356,0.11834835601614131,3.149128384288898,51371.08375316602
914,16452,-2.518035674250486,-2.2421560999350163,0.26425502922069866,0.11857983549494942,3.152209766048112,51408.867962708
915,16470,-2.500290255165868,-2.219363704696832,0.2807416579824017,0.11885712365475772,3.1545676507349523,51446.472376000136
916,16488,-2.494187818344972,-2.329308643803502,0.16679311342648143,0.11916759033302124,3.1543150819799632,51484.4717135001
917,16506,-2.5246067622616724,-2.1992785821631604,0.2934168130488626,0.11938385397053419,3.1559160774109563,51519.32232904108
918,16524,-2.516998736650517,-2.2273277194763703,0.29498418973543916,0.11951501281066855,3.1585114333345867,51556.93546216609
919,16542,-2.493714622809167,-2.2186379096728235,0.2881291855347508,0.11950710104316864,3.1615315871952316,51591.28359899996
920,16560,-2.537660981938872,-2.2805097096518256,0.2449381791098129,0.11954024116718653,3.16413446154627,51627.005804666085
921,16578,-2.5160981700500575,-2.194387524749875,0.2634712373099881,0.11968606972281204,3.166721292507201,51666.00570516614
922,16596,-2.5351520514972643,-2.348805461430436,0.15573108800942176,0.11980895461341629,3.168968560796215,51700.153730166145
923,16614,-2.546906037319056,-2.2502561886180334,0.26184880150076,0.12008743220592537,3.1714385997671934,51735.882047875086
924,16632,-2.501827733208987,-2.2332374179013885,0.2674980101549996,0.12026527801494945,3.176287898800833,51774.09884362505
925,16650,-2.5174588588048348,-2.3242679043847905,0.18691109584546525,0.12013882116354477,3.1779672195585422,51808.96352820797
926,16668,-2.528169619155357,-2.241748416649562,0.25241758429053973,0.11992515004875046,3.1791901846361967,51844.11140979105
927,16686,-2.5261613583415086,-2.3176264866812084,0.2515667984323829,0.11974550478589478,3.1808703935615728,51875.85519029107
928,16704,-2.499160629181834,-2.264818157695462,0.2893775096597079,0.11980742614530684,3.183682562104831,51914.79778862512
929,16722,-2.495030203571188,-2.3057410077592966,0.19806208877363757,0.12031723099532007,3.1862895910715188,51948.13899462507
930,16740,-2.4919678596727457,-2.3192936568219267,0.19788468070696952,0.12040466676749007,3.1883266767256795,51980.88728399994
931,16758,-2.510985490817046,-2.1321113644515983,0.3250870331779074,0.12035820475255665,3.19035248255003,52017.08242916595
932,16776,-2.4997894150802438,-2.3214528787525683,0.19782252850457305,0.12039893087823281,3.192282928671435,52059.01531795808
933,16794,-2.5222727319472633,-2.18994500480719,0.23310542595706574,0.12041420584636958,3.195394213782578,52104.62635549996
934,16812,-2.5123862721094166,-2.3304520262615447,0.21367835840375138,0.12022757531798087,3.197080111240605,52146.21475041611
935,16830,-2.539787136199233,-2.307755274701947,0.22308510467097534,0.11999517992298114,3.1990512756580514,52179.29476679093
936,16848,-2.502902019091441,-2.1736325239451184,0.42715757104522983,0.11986056891529627,3.1977699374364277,52206.88194495812
937,16866,-2.5549525999787397,-2.3283037216813147,0.21373983710808628,0.11983233933716622,3.1989460338578977,52233.07088945806
938,16884,-2.517426832292647,-2.302797667362679,0.22105894103227947,0.11993142661521965,3.2000311478699066,52259.382149208104
939,16902,-2.5566244693742606,-2.2861143373327217,0.26124593718044115,0.11976171076160483,3.2020758829071743,52286.007305541076
940,16920,-2.55092565100757,-2.201805490646247,0.30491952708824305,0.11978653160833727,3.2027640510238466,52315.29916891595
941,16938,-2.61996106701559,-2.2737635053252765,0.2773405153089004,0.11976185024473242,3.2049938757865304,52345.57674354105
942,16956,-2.5183213735419074,-2.3059821682785273,0.2700903669171877,0.11973025413720388,3.207145965168177,52378.44484250015
943,16974,-2.5570972801224054,-2.1756704521860595,0.4500854136910476,0.12012674299216347,3.20722591276165,52410.243452916155
944,16992,-2.544318953296763,-2.3799455952378765,0.15486593185574382,0.12035308363507366,3.20838899096158,52438.87853904115
945,17010,-2.530282516978925,-2.253847725410723,0.4729530565206649,0.12044328182177867,3.212824211564214,52464.81437349995
946,17028,-2.51146518956857,-2.3672808006637185,0.1694856747929252,0.12061576303971705,3.2154468223270634,52491.01941804099
947,17046,-2.526096863709012,-2.3265418643751237,0.22815306630933216,0.12077377806155566,3.218004843457357,52517.732038958
948,17064,-2.5072230750425524,-2.2422911345171794,0.28967788402950234,0.12101346749798268,3.2193597871345667,52544.20269637508
949,17082,-2.5187010468569238,-2.2738698453316797,0.2811982732813399,0.12104337238209245,3.2203606598904035,52570.46746729105
950,17100,-2.6282091417672326,-2.269634692196618,0.31076421687753286,0.12092236311929022,3.2216976835046673,52597.11750266608
951,17118,-2.5089253406332443,-2.1664063764656256,0.3159550370342384,0.12079983969169526,3.2229700225944216,52623.32010170794
952,17136,-2.510247663393542,-2.1922749721405026,0.2923822921635931,0.12057723975314813,3.2246907403702862,52650.25717091607
953,17154,-2.546048057237872,-2.2838653917441323,0.2588971381769797,0.12064046056459747,3.227658015971608,52676.795524416026
954,17172,-2.5202871426447624,-2.1695546375006263,0.2242842711627613,0.12072145053760082,3.23054245840303,52703.55594400014
955,17190,-2.590913197445231,-2.2977239851012126,0.31087963539725605,0.12094310895873459,3.233112534152362,52730.44111066614
956,17208,-2.5051524479234706,-2.321461455784112,0.2748563914298069,0.12117913177397749,3.236700124481472,52757.18573308294
957,17226,-2.517810142818181,-2.362100134583133,0.20872326725102114,0.12142747251806658,3.239965853237715,52784.195040124934
958,17244,-2.521641533288528,-2.42422893330768,0.12214574254825114,0.12166068464338338,3.2430351636151094,52811.503593750065
959,17262,-2.5156055018414145,-2.203807693444517,0.3156991282410698,0.12183113646138118,3.2458425054949607,52838.49148083315
960,17280,-2.587365464336006,-2.3105342668660867,0.2633044357617427,0.12187050609289031,3.2488190160523205,52864.962294165976
961,17298,-2.527520235658976,-2.1953130166246217,0.34690608060795847,0.12182773762932453,3.2508771100366034,52891.19281945797
962,17316,-2.566358143793784,-2.2530126116508487,0.2384479144853334,0.12181988053634617,3.2526228072443337,52917.66861295793
963,17334,-2.5355281220951875,-2.22018715105631,0.29450903756163793,0.1216506261917396,3.2552440187031553,52943.84812325006
964,17352,-2.5560449383793844,-2.259204295037776,0.27383613191921885,0.12137902132658765,3.2582591505684557,52970.19823995815
965,17370,-2.6014959456098476,-2.0950061054370424,0.34758995916017793,0.12090409778888965,3.2604258816659875,52996.40276075015
966,17388,-2.5389760310658582,-2.145209484005747,0.28415598871015985,0.12053270203805774,3.262025767747896,53022.96605408308
967,17406,-2.5976200507459852,-1.5512790438225021,2.8176627262689387,0.12020769536028146,3.263314577612748,53049.19732058304
968,17424,-2.5522948835029347,-2.217627919076682,0.29705075105372303,0.11973977685817751,3.2649811449720625,53075.44305750006
969,17442,-2.518832968788208,-2.2592599835552627,0.3506021499744916,0.11932988344073428,3.267776683578326,53101.755299916025
970,17460,-2.5213450903524373,-2.297553844575818,0.2663762076612298,0.11893160396097636,3.269140948826096,53127.89765929105
971,17478,-2.5420207301923887,-2.2818510648560886,0.33409634779382064,0.11828159160195417,3.2683580090243787,53154.02751641604
972,17496,-2.5316441805636405,-2.1603660993232476,0.4262959140074017,0.11771867528575777,3.2675753857744065,53179.64329120796
973,17514,-2.5321263022340856,-2.208044247453206,0.3088912520557472,0.11726952421975076,3.26855853364487,53205.81136491615
974,17532,-2.543486429600857,-2.1644369817358284,0.3645378485889206,0.11694103929925771,3.2675479257621696,53231.92522837501
975,17550,-2.517107890969526,-2.1735645400410752,0.28146985631828675,0.11671839971923947,3.2697389503501664,53258.17831220804
976,17568,-2.5263039771914464,-2.0027461027620825,0.35308165963174637,0.11667752639865483,3.2725868099010635,53290.09088487504
977,17586,-2.5270873794828654,-2.2814165781643303,0.25329108567677877,0.11621633179283485,3.274722819037762,53317.419572415994
978,17604,-2.6247613686700975,-2.3017700372249807,0.33140087119698974,0.11583090567955832,3.274630032844283,53344.442448040936
979,17622,-2.5246559218088023,-2.2705516615953503,0.319713343259693,0.11547518863096967,3.2743550702415107,53371.115616250085
980,17640,-2.6234630492994095,-2.288219846796242,0.28358280039989225,0.11517912993172189,3.274970584499113,53398.20750083309
981,17658,-2.591640842461384,-2.351953424413429,0.26478605021629625,0.11506310347231767,3.273770066680797,53424.91449904116
982,17676,-2.572036634161958,-2.338410674628248,0.281389017355588,0.11477981984255539,3.2743629690859968,53451.426629957976
983,17694,-2.5202738050067426,-2.3170983721126994,0.3022010638295987,0.11449445168143899,3.2762632597880934,53477.62406637496
984,17712,-2.5933699626225852,-1.5412125717948881,2.8222124180223314,0.1141939101729394,3.2773696071940868,53503.44705533306
985,17730,-2.571888532224234,-2.3459856429207293,0.2674318503700193,0.11397707168176287,3.2764314424607397,53534.58996720798
986,17748,-2.5686004443925348,-2.4080146390854207,0.22761219834266289,0.11355610354904329,3.27727772052373,53562.416940958006
987,17766,-2.5791459829076944,-2.2217095382319005,0.3087692439915591,0.11280519894923356,3.2765899463864496,53588.67092533293
988,17784,-2.5966069230663402,-2.330962178790158,0.32338601681494106,0.11239786203250438,3.277885717044301,53615.14392583305
989,17802,-2.5748852616167315,-2.352412945795984,0.21332612431892573,0.11192819848149266,3.27890193036719,53641.75328787509
990,17820,-2.6015350188044035,-2.3296268180379434,0.2737725092095012,0.11166293373524354,3.2781632960181284,53668.29684729106
991,17838,-2.615928563901599,-2.3244253956661,0.2538877125560032,0.11120212062585759,3.2776951085106445,53695.01423750003
992,17856,-2.566605915702454,-2.2717971766228313,0.2918307573102661,0.11083290231250764,3.2763458726474135,53721.403803583
993,17874,-2.600070825373512,-2.298471140758524,0.27865913936011216,0.11041572445125125,3.2766583074150373,53747.99642820796
994,17892,-2.574374311040014,-2.221111198120782,0.35281311950836025,0.1101403596152983,3.2759053177790203,53774.11940420815
995,17910,-2.6298202253937943,-2.3241699845237127,0.25749985370179174,0.10964268775423276,3.2771700336432614,53800.51326062507
996,17928,-2.632410971798051,-2.351772495649847,0.17507167017264355,0.1088753814564609,3.278242062323719,53827.22063062503
997,17946,-2.6351985771263715,-2.4124611939350804,0.2070335333062036,0.10820512405532878,3.2791475602651263,53854.31770391599
998,17964,-2.5955867989644155,-2.3256702702752694,0.26954307745969874,0.10757906383541228,3.278231781342967,53881.05142487516
999,17982,-2.6289771693966584,-2.3914827604703586,0.277944034478053,0.10728219592521306,3.279350514211493,53907.57176141604
1000,18000,-2.600825021898822,-2.2441225070144517,0.34116312244843416,0.1068898293853962,3.279159153320621,53936.07255670801
1001,18018,-2.587501985633913,-2.2022836557650365,0.34922732825273733,0.10652773378917692,3.2808539517064235,53962.56486416608
1002,18036,-2.609063564994842,-2.2513010274614462,0.3450194687690825,0.10633655815210778,3.2823268652933586,53989.25531012495
1003,18054,-2.5963337920475236,-2.1817563598515775,0.3054856719455903,0.10599916061711993,3.2825809690310153,54016.88389733294
1004,18072,-2.662573059576208,-2.313123242617574,0.296270720484844,0.10557870044008971,3.2835657067914714,54044.44423537515
1005,18090,-2.6044586979813573,-2.2831599354811356,0.3356092346442819,0.10505367740317599,3.2847232953848207,54071.48994808295
1006,18108,-2.632665858407941,-2.305854521958865,0.3210274633678833,0.10463963702409677,3.284675214979897,54098.42438808293
1007,18126,-2.619992078350648,-2.2643321270237564,0.3366543053677186,0.1040778249221421,3.2873674392975807,54125.226228540996
1008,18144,-2.6035566918017277,-2.069550572605896,0.3482559179633756,0.10333103277388751,3.2879734222993284,54151.99870333308
1009,18162,-2.6123714785250156,-2.351765633560059,0.2798350246196458,0.10264146293099442,3.2890351167077063,54178.88041120814
1010,18180,-2.7555947801327885,-2.3595860019913606,0.26659102852469724,0.1017868443394515,3.289401246347158,54206.750650790986
1011,18198,-2.6237716160102953,-2.2684542599540833,0.3133323449248734,0.10085506103895306,3.2897396889680692,54233.27114270814
1012,18216,-2.6009894313841,-2.4613922115534663,0.1413469458518093,0.10025175568857257,3.2903964031310156,54260.19406550005
1013,18234,-2.6135470219978805,-2.298684482372906,0.34923707025351675,0.09953550964949517,3.291370127635863,54289.862435666146
1014,18252,-2.6072476066014003,-2.284010633604818,0.31639816122229664,0.09892370799737323,3.2908348333570867,54322.61667637504
1015,18270,-2.6172677607193675,-2.295479149547304,0.38345950124051287,0.09822155186900877,3.292501252221237,54350.73145324993
1016,18288,-2.6249660265020247,-2.3857816752412426,0.212961968210648,0.09743661318884426,3.2934138444552543,54376.713445041096
1017,18306,-2.624615071747856,-2.447664719980926,0.21138806080943334,0.0966798718359726,3.296412364630835,54402.03562483308
1018,18324,-2.633897366916182,-2.423193895948987,0.23586445962194597,0.09613753127224645,3.2970612256043648,54427.31732287514
1019,18342,-2.6220427361757324,-2.1922562553806038,0.3566553193059683,0.09568369540312541,3.2981207988806935,54452.503336083144
1020,18360,-2.629886807347937,-2.3322137270825336,0.2953355933826871,0.09541160409879842,3.2980769976399418,54478.80681787501
1021,18378,-2.5927595988700882,-2.3399907005903984,0.2952254911507146,0.09498717778007394,3.298965306092704,54504.4624176661
1022,18396,-2.615726054982068,-2.2779762178365335,0.2780109559702023,0.0946111060907074,3.2984841838727426,54529.58670704113
1023,18414,-2.6215918354940912,-2.2959406177396517,0.34666081498202916,0.09430639189926722,3.2979507655923954,54554.41532208305
1024,18432,-2.609157120141607,-2.1971554527838166,0.35251131716175693,0.09416755274447602,3.2982473318175995,54579.146102958126
1025,18450,-2.6161307839645866,-2.2887181992799177,0.30618364196343223,0.09404116052204028,3.299231083436446,54604.043846457964
1026,18468,-2.597452959603179,-2.4036478543125748,0.24690566010056447,0.09399770813463011,3.2988258632789376,54629.205096583115
1027,18486,-2.627659370772719,-2.4061579503499533,0.3288440925629969,0.09390564286668339,3.299687007409728,54654.28122233297
1028,18504,-2.610578992740288,-2.396315154427778,0.21344720474305243,0.09393377940871529,3.3012544151023695,54679.75469954102
1029,18522,-2.605681230153866,-2.2919333864546845,0.30561796179127737,0.09399001081525417,3.3016562587852922,54706.02890754095
1030,18540,-2.6130649786407054,-2.323396874688191,0.2125066556171476,0.09405252106897335,3.301741376688226,54735.52664858312
1031,18558,-2.5847174179636885,-2.2408661473592804,0.28126539812884915,0.09415882878617113,3.302284928726987,54760.68044074997
1032,18576,-2.6257954903144523,-2.218337847592224,0.34611791494531646,0.09424085759416448,3.3037980572549612,54786.89404579112
1033,18594,-2.6019344230931742,-2.2063536981687224,0.3555392951415043,0.09427705559331243,3.303194397886614,54812.32045425009
1034,18612,-2.5429812068173487,-2.248267488463535,0.30784168770176984,0.0943893979466473,3.3024731853929126,54837.64192879107
1035,18630,-2.61062572130961,-2.2913206441153813,0.27776889195304666,0.0944664245960655,3.3017942365175545,54863.224966333015
1036,18648,-2.6163857158866266,-2.2678876409220066,0.2761120161048812,0.09457469902430467,3.3027373787486196,54889.71191683295
1037,18666,-2.628205460326743,-2.3271236237352886,0.2947785527027192,0.09455905703505477,3.303859962409283,54914.700156874955
1038,18684,-2.605630916155298,-2.241489177106798,0.3102869089354607,0.09453398664162883,3.305062689907929,54940.02757450007
1039,18702,-2.619493981425507,-2.377162230629014,0.2733449792909447,0.09463365547625317,3.304671019274652,54965.611568458145
1040,18720,-2.587348250564219,-2.3116568353421947,0.3277713475462589,0.0948353490070386,3.3051146736334776,54990.488953041146
1041,18738,-2.603211449225721,-2.324226804330673,0.30700313642288873,0.09495092930425786,3.30525596854412,55015.63549945806
1042,18756,-2.602520002594444,-2.248874651738768,0.3651091603163671,0.09527588842138751,3.3024643467082155,55040.622814500006
1043,18774,-2.591551052615152,-2.2735143630578065,0.25087367522966547,0.09519954355006185,3.3039404919779543,55067.90049437503
1044,18792,-2.539201299803645,-2.3084014235558636,0.2923835274883675,0.09520327361069462,3.3049915935058674,55093.149428791134
1045,18810,-2.58993115982894,-2.37959774865509,0.23847208055260766,0.09484980171894934,3.3043947023267406,55118.38279620814
1046,18828,-2.601179053823844,-2.311531286621418,0.2806740882810163,0.09441183000601801,3.305419682411035,55143.04087158316
1047,18846,-2.6089072293774147,-2.4152540105011457,0.195633303206835,0.09413646247404857,3.3064309472846674,55168.18675408303
1048,18864,-2.61097047125645,-2.397429490744261,0.21730401182246087,0.09390422508880313,3.3065906457296057,55193.17519658315
1049,18882,-2.61232437734853,-2.2854796261564725,0.3090092224176636,0.09390169776125615,3.307188316965059,55218.37502258294
1050,18900,-2.6030237684776454,-2.4549161848650676,0.19489422717989652,0.09383953875973386,3.3077281472837288,55243.5597834161
1051,18918,-2.5911810354271294,-2.373055343259446,0.23552996473307058,0.09386118170243521,3.309490664212521,55268.46086170804
1052,18936,-2.6049285114051375,-2.278313418361318,0.3653384705854102,0.09386285088090376,3.310484434052495,55292.823820499936
1053,18954,-2.595506256605371,-2.378218161794292,0.2452372850247349,0.09377137796811165,3.3123200534331483,55318.278071166016
1054,18972,-2.6023876631407585,-2.334526691276613,0.2593728948117867,0.09370559965534672,3.31391422789501,55343.350031458074
1055,18990,-2.6132365956005827,-2.3727284346719446,0.31358652953558447,0.09360455858798035,3.3148640312307536,55368.20005037496
1056,19008,-2.622207344263008,-2.3541966538357606,0.31541806864411864,0.09357519020316042,3.3157083663962674,55393.863105291035
1057,19026,-2.554076850225346,-2.282919330155639,0.22374824935443155,0.09356968169030513,3.3192475027326442,55419.01356379106
1058,19044,-2.54840941958196,-2.2438664528506047,0.3069752959667108,0.09359830493550947,3.3225966450934883,55443.968780166004
1059,19062,-2.549333565196552,-2.259512436564826,0.33603994247671753,0.09363687077611359,3.3252162222819366,55469.146495250054
1060,19080,-2.635810044521586,-2.3382810293673564,0.32316136275178786,0.0937496269846545,3.3268483028743434,55494.30665720813
1061,19098,-2.6361125932621428,-2.4134584525198526,0.24442576915602163,0.09377313920423197,3.330481978700965,55519.534254750004
1062,19116,-2.5944794140649594,-2.3360462111536378,0.23209686794134204,0.09363286825756058,3.3325490538223406,55545.84486908303
1063,19134,-2.5911452750537034,-2.4409232388357935,0.18954249300002945,0.09331096568263843,3.3346803337168542,55570.82893295796
1064,19152,-2.620664493716438,-2.41916177879508,0.2229064103473184,0.09297295061349585,3.336978088267734,55596.87939458294
1065,19170,-2.597896047083958,-2.367010076929719,0.2621820415824853,0.09275170226691923,3.3387016658978492,55622.214914750075
1066,19188,-2.612063118310219,-2.440339668274489,0.19969672575950728,0.09263438883385033,3.3404280397874055,55649.75324825011
1067,19206,-2.6418840935262926,-2.358388193721116,0.3251123857337219,0.09266983272328037,3.3460175499666462,55675.326105666114
1068,19224,-2.623612908277248,-2.4693402837930094,0.2412837689863759,0.09272043347821364,3.3479009403709825,55700.273411249975
1069,19242,-2.6297983114281887,-2.3647319854244464,0.2378772654766285,0.0927251075795261,3.34914363804554,55725.40813799994
1070,19260,-2.6102941655182037,-2.452804585149639,0.1576112278172613,0.092815291311348,3.3526510984953886,55750.48311337503
1071,19278,-2.6168566368318955,-2.3977478584648044,0.2610117918015666,0.09272591295160709,3.353647995392473,55775.57456858293
1072,19296,-2.6144141425607423,-2.3633774134004457,0.29002892864334984,0.09276396805825574,3.3555737877489342,55800.58413879108
1073,19314,-2.634759840610829,-2.419701574778958,0.2540127074975764,0.09276344601598979,3.357401077759858,55825.84269266599
1074,19332,-2.6185107475571843,-2.3573695234113257,0.3001625811284772,0.09267471672593212,3.3599918039700536,55851.181307499995
1075,19350,-2.6217972324895267,-2.4032720270445225,0.279407795561228,0.0925108724889199,3.361948396264209,55876.95382320811
1076,19368,-2.643478425419173,-2.369999934118672,0.25155811810414347,0.09219429992396935,3.363706484942018,55902.60568354116
1077,19386,-2.663094992301006,-2.3084751808317763,0.33689248651132087,0.09203855819369997,3.367917771877411,55927.37030225014
1078,19404,-2.6260031012587652,-2.4471681215694736,0.2354732698881635,0.0918065664091023,3.369792273385415,55953.22209929116
1079,19422,-2.61088800199095,-2.3969005692355556,0.25626399757960067,0.09150780395200084,3.3720219478343827,55978.65458595799
1080,19440,-2.639324149232008,-2.3923888281923165,0.2317455840745346,0.09095507807097826,3.3735753495135614,56003.6327451251
1081,19458,-2.6279792681710354,-2.330706456607033,0.31358564770533215,0.09049207700474945,3.37512834283646,56029.292300875066
1082,19476,-2.633915117635678,-2.37603758069452,0.33872856072109814,0.09001189320870251,3.3758615591007577,56054.47330650012
1083,19494,-2.6228551372437163,-2.435160370859632,0.21936928502329517,0.08949775047946448,3.377998051367075,56079.374438375
1084,19512,-2.5812198354186937,-2.3906661986908038,0.17009150391384245,0.08919914674283196,3.380125796005323,56104.37542075012
1085,19530,-2.6417852949128875,-2.3776034930905108,0.3071770892475101,0.08913697629451824,3.3811486950952636,56129.39873204101
1086,19548,-2.596507051727203,-2.3312126188048037,0.23028789935074515,0.08907726934834974,3.3828818155635814,56155.343207875034
1087,19566,-2.5601594076186482,-2.3749077500510705,0.17333835542768228,0.08897381922475893,3.386228903666017,56180.69145958312
1088,19584,-2.6074723929463732,-2.37779162538148,0.21710992209311736,0.08878714677057616,3.3886184037174174,56206.11414874997
1089,19602,-2.633433775404479,-2.425546408095939,0.2565912512742025,0.08854155644229297,3.389271348410735,56231.59124870808
1090,19620,-2.6304186081195438,-2.4020563308410794,0.24792973067813842,0.08810846152903726,3.3920498326861512,56256.719269375084
1091,19638,-2.6322989507868395,-2.3794036650514343,0.2149465747256592,0.08798059477348973,3.3961599384602623,56282.42871637503
1092,19656,-2.6193387099365286,-2.4690469827636243,0.12994718586947138,0.08787480127599888,3.3983551878486398,56307.97106916597
1093,19674,-2.6254459544966102,-2.28658442672009,0.268550529643977,0.08777385649510187,3.401146834017493,56333.39059529104
1094,19692,-2.636035904091304,-2.42830807478723,0.15162369149647575,0.08767823507551235,3.40445867228539,56359.51841604104
1095,19710,-2.6397168444707098,-2.421997295896796,0.19376301528166628,0.08742615285334915,3.411613780702312,56384.986568124965
1096,19728,-2.6071340432741414,-2.4460588660704166,0.17173936260486466,0.08706237894992293,3.4136308244427704,56410.67912904103
1097,19746,-2.5806698700031103,-2.36455812006435,0.30573077648328234,0.0867329843595325,3.414687031687991,56436.323332958156
1098,19764,-2.6270502642817015,-2.483706731182273,0.15097946390149683,0.0865374741583203,3.416520577294454,56462.60347816604
1099,19782,-2.63559982266028,-2.3924385636876835,0.25161931836736434,0.08629308061116471,3.4191525421232662,56487.97872608295
1100,19800,-2.617123804768491,-2.5001220212243638,0.11292633833460225,0.08613058948858826,3.421927965987522,56513.336629708065
1101,19818,-2.63530752449163,-1.739594438275609,2.855073245658603,0.08592965885590818,3.4228965700307947,56538.45188750001
1102,19836,-2.6230165036638806,-2.5182225649591268,0.05342463885435388,0.08568277324635692,3.425527276269298,56563.51460133307
1103,19854,-2.61877343106202,-2.4953419679644053,0.11421188386921426,0.08553340189321057,3.4288642061356156,56588.565927291056
1104,19872,-2.63403882025764,-2.4210278256752824,0.27946175655205624,0.08542640130320799,3.4287405509296054,56614.39485929115
1105,19890,-2.6129071905778423,-2.4469487674892365,0.22477267529181022,0.08545080459572604,3.4291549494099964,56640.664697790984
1106,19908,-2.6228482724886057,-2.343759404608365,0.32137820477592804,0.08539186922353188,3.429725907075353,56675.820572541095
1107,19926,-2.630290470999622,-2.451737178095879,0.20530287068860276,0.08521263286514262,3.4304192113267584,56700.79105733312
1108,19944,-2.610160218306679,-2.3372296527246705,0.3415346485645311,0.08486189196202204,3.431480787357027,56725.61109112506
1109,19962,-2.647478780486764,-2.4547998548554992,0.2130885227105584,0.08449747586340228,3.431088833494705,56750.61323595815
1110,19980,-2.5985902141511774,-2.250867693345422,0.367780575414181,0.08428455788600389,3.4315296993065454,56775.31635791599
1111,19998,-2.6333084989422413,-2.455062670762382,0.20753216882369185,0.08405346420010491,3.43261872314649,56800.44176462502
