generation,evals_used,best_fitness,mean_fitness,std_fitness,sigma,condition_number,wall_time_s
1,18,-0.38259781235665624,0.11518889900638933,0.34451764319435857,0.5,1.0,40.54253866709769
2,36,-0.5031349844726165,-0.08334006738239447,0.25746001290038434,0.5,1.0,77.16434891708195
3,54,-0.42252226836764084,0.025487562427318138,0.1839292026730468,0.5,1.0,118.50252354191616
4,72,-0.7286705031633032,-0.04175311478543891,0.23372705049312664,0.5,1.0,158.33300708397292
5,90,-0.7249147937937863,0.08686000198908816,0.33888353534014204,0.5,1.0,194.8654815419577
6,108,-0.38966549030953246,0.5083158676352867,2.313931061884083,0.5,1.0,231.81685854191892
7,126,-0.6277289019129402,-0.03520630123388077,0.19627427820230162,0.5,1.0,269.79781637503766
8,144,-0.6476891128040414,-0.023809071082473605,0.23120839383625597,0.5,1.0,305.25735400011763
9,162,-0.3188304656669967,0.02082027659169287,0.18281682474604002,0.5,1.0,339.8857204171363
10,180,-0.2199918998336159,0.055969396877405514,0.17106298708083645,0.5,1.0,374.35632087499835
11,198,-0.3539454875188959,-0.06068990812161987,0.15116610895571794,0.5,1.0,409.55005587497726
12,216,-0.9696409066315317,-0.03344541551716813,0.3245782131219824,0.5,1.0,443.0381473340094
13,234,-0.9560611772752177,-0.08579832642702032,0.3342855984734708,0.5,1.0,476.9537982919719
14,252,-0.42378966085581204,0.043728746274283324,0.23296610130482134,0.5,1.0,510.8631233340129
15,270,-0.4397174625414264,0.08705252211562703,0.24771468372458472,0.5,1.0,545.2844290421344
16,288,-0.4765911784513044,0.43431812660399,2.3254879005195854,0.5,1.0,579.3108977500815
17,306,-0.5958296994479619,0.07619150519155503,0.3240244949888093,0.5,1.0,614.2626577499323
18,324,-0.327100607437683,-0.014030253033861604,0.15432452453769452,0.5,1.0,648.2963380420115
19,342,-0.2779372882728479,0.012473932805155099,0.1213438355049401,0.5,1.0,683.1995824589394
20,360,-0.5517853069097347,0.05361406954272521,0.30872212349317935,0.5,1.0,716.6516244169325
21,378,-0.26403453543144995,0.09006557537100084,0.2926850707548485,0.5,1.0,751.917514000088
22,396,-0.21755909291372877,0.616964948843434,2.283709699820665,0.5,1.0,786.1172286670189
23,414,-1.2308013113035345,-0.013234302344723621,0.3538349250254105,0.5,1.0,820.4344244999811
24,432,-0.4919307783766893,0.015523993091841406,0.3533246009384719,0.5,1.0,854.5801565840375
25,450,-0.4097094685465965,0.05404952407085512,0.2411478444197056,0.5,1.0,888.601957750041
26,468,-0.6695281666997186,0.035270539678671026,0.2631612417540117,0.5,1.0,922.2880438750144
27,486,-1.0407076636804948,0.4707847599720625,2.341441505421119,0.5,1.0,956.4483428751118
28,504,-0.24945377025955384,-0.01986973019767424,0.16623847834936686,0.5,1.0,990.980006334139
29,522,-0.2450360903767077,0.039694786914813304,0.20538911799717552,0.5,1.0,1024.5154304171447
30,540,-0.3189942160089769,0.00780743796038097,0.1742014013507308,0.5,1.0,1058.1666487089824
31,558,-0.6136006760713837,-0.004075489350656467,0.20633570951933863,0.5,1.0,1092.1065581671428
32,576,-0.4326446319597581,-0.0038823587390113268,0.19639423136060152,0.5,1.0,1123.5225768340752
33,594,-0.2670609484387976,0.09327410648750058,0.19583504048079314,0.5,1.0,1157.7532635000534
34,612,-0.2997848256416642,0.06939747172848006,0.23793073293217099,0.5,1.0,1193.0267715000082
35,630,-0.8823063456766862,0.5222780224774299,2.314645626814254,0.5,1.0,1226.4833192499354
36,648,-0.8498821302524009,-0.02047647329716446,0.2483631085281346,0.5,1.0,1260.4904476250522
37,666,-0.2778999724432456,0.07265338173984394,0.24481193654740135,0.5,1.0,1295.5207352500875
38,684,-0.5165265825374572,0.043035145577659716,0.2779972556174349,0.5,1.0,1330.4090883750468
39,702,-0.3498459590043055,0.12747769784149762,0.301063495068354,0.5,1.0,1363.0291193339508
40,720,-0.7278792843281066,-0.08168629131803835,0.25234472014674886,0.5,1.0,1391.8282763340976
41,738,-0.5771774611093354,-0.017818289210965066,0.35976713960570444,0.5,1.0,1422.19379970897
42,756,-0.24953214723457595,0.009231970745453713,0.17092868790236462,0.5,1.0,1451.3045032920782
43,774,-0.3337865911254614,0.007334299553321433,0.2078419847172418,0.5,1.0,1481.0705470840912
44,792,-0.5912317885231495,-0.007663301274775868,0.3001788275099301,0.5,1.0,1510.7287570000626
45,810,-0.7777437752817571,-0.03086438502814041,0.2779669506649322,0.5,1.0,1540.6000762500335
46,828,-0.7942802512678906,0.4606138995483156,2.3254458610437094,0.5,1.0,1570.0060440839734
47,846,-0.9561773066856327,0.05397621110317368,0.32998242248585896,0.5,1.0,1598.3742157500237
48,864,-0.4099035632601735,-0.03539870935636946,0.14854474735157636,0.5,1.0,1628.5135163341183
49,882,-0.30309660713081144,0.053530374734979444,0.20244730704759137,0.5,1.0,1658.2387495839503
50,900,-0.28900115701068874,0.04401613676317521,0.18355303697558223,0.5,1.0,1689.5540787500795
51,918,-1.0603624297439653,-0.066591436921328,0.2877757338223016,0.5,1.0,1723.3627331249882
52,936,-0.46635435627860655,-0.013621456352395879,0.21631400694979552,0.5,1.0,1756.9740470841061
53,954,-0.7109004758977635,-0.05236026243649469,0.28388066220536273,0.5,1.0,1792.8666253341362
54,972,-0.5237730409898678,0.5050248071091334,2.3131759974167827,0.5,1.0,1825.9884318339173
55,990,-0.2334945636839647,-0.033127423007168165,0.16926385202615404,0.5,1.0,1861.1351583339274
56,1008,-0.33882632065444973,0.028415808658133597,0.1709870720979682,0.5,1.0,1895.3094521251041
57,1026,-0.4713989479177956,-0.007788962648441878,0.21560047058360451,0.5,1.0,1930.4783586249687
58,1044,-0.8891307851838928,-0.030246556292778653,0.30137599863920445,0.5,1.0,1964.9406882501207
59,1062,-0.7490036217001688,-0.040105438148530057,0.32924989792273446,0.5,1.0,2001.3029249999672
60,1080,-0.2239776850654387,0.05532042639896126,0.20385560587502288,0.5,1.0,2035.442968874937
61,1098,-0.6552292194349532,0.019335740842737308,0.21720520218381975,0.5,1.0,2069.7705164591316
62,1116,-0.9011143051351462,-0.04501415459457044,0.3244637585612754,0.5,1.0,2104.6577815001365
63,1134,-0.29622461948425993,-0.006474602447128941,0.1303536100344321,0.5,1.0,2140.245902334107
64,1152,-0.29566563410646474,0.013324657385681437,0.16981672168837744,0.5,1.0,2173.501821334008
65,1170,-0.19399699416806016,0.03756619294216904,0.14117823720484735,0.5,1.0,2207.605318709044
66,1188,-0.24212657889800315,-0.05329236375704571,0.16149673909713097,0.5,1.0,2241.8965446250513
67,1206,-0.22453232461668282,0.057483416104869525,0.20670425057095396,0.5,1.0,2276.9102527920622
68,1224,-0.8655785034578996,0.0010767933320321196,0.40016683418380955,0.5,1.0,2311.0246160000097
69,1242,-0.35916061758147144,0.035566822415053746,0.35070564541907356,0.5,1.0,2344.676815584069
70,1260,-0.4321838343671951,-0.02705961751597874,0.18790506489886435,0.5,1.0,2378.5951744171325
71,1278,-0.9778260845438291,-0.06558424533224441,0.35099199419050553,0.5,1.0,2413.659068542067
72,1296,-0.31850631737186674,0.024751406766912835,0.1907593731703351,0.5,1.0,2447.7349665840156
73,1314,-0.28236297131192867,0.06288892344057587,0.24565609811726066,0.5,1.0,2483.935136917047
74,1332,-0.43068376978112877,0.0773415552241481,0.25656154815280585,0.5,1.0,2518.0404307499994
75,1350,-0.17764032476327962,0.07149914881048043,0.20151179028094954,0.5,1.0,2552.4732360839844
76,1368,-0.30453105758436205,-0.06121607050389136,0.1457236745339647,0.5,1.0,2589.6369779589586
77,1386,-0.21018682310168302,0.06651973034540563,0.1785236121104074,0.5,1.0,2625.736873709131
78,1404,-0.2531184607810424,0.1274698019467989,0.1725488603275469,0.5,1.0,2661.3430645419285
79,1422,-0.21561753985257415,0.03822169517767682,0.1400891484584532,0.5,1.0,2696.667954917066
80,1440,-0.28117885365079776,0.5872766640600382,2.2981819910103782,0.5,1.0,2735.7480815839954
81,1458,-0.52518104354305,0.021029562319125353,0.2264529769380356,0.5,1.0,2774.166468166979
82,1476,-0.2659861116159865,0.6190283783370248,2.2801871460945757,0.5,1.0,2809.646552584134
83,1494,-0.8917658239648141,-0.05023380162807298,0.2543680375383969,0.5,1.0,2844.1362967500463
84,1512,-0.47510772982176075,-0.024737457382807835,0.1331525857129631,0.5,1.0,2877.946168042021
85,1530,-0.5589021047595653,-0.054782868656467185,0.2503101951420275,0.5,1.0,2911.952024792088
86,1548,-0.5930878389960297,-0.09429003142443168,0.2316850252778504,0.5,1.0,2947.156077624997
87,1566,-0.4083102354364918,0.0031167215462352005,0.2250994633936281,0.5,1.0,2981.1935699591413
88,1584,-0.5193408564408699,0.10344202533386869,0.35754909044422073,0.5,1.0,3016.5773411670234
89,1602,-1.4014841299651168,-0.07413596285236738,0.3721914232646838,0.5,1.0,3050.276860666927
90,1620,-0.4482915798855611,0.056357684330777785,0.3104448467063154,0.5,1.0,3084.0588803749997
91,1638,-0.7989681319123809,-0.07174312504357122,0.31669529007592656,0.5,1.0,3117.3445092919283
92,1656,-0.35333191737766345,1.1622780599616878,3.130367192439156,0.5,1.0,3150.9147343749646
93,1674,-0.5401421273197444,0.027421428432876156,0.28354078654167936,0.5,1.0,3183.861217209138
94,1692,-0.7168436323888514,-0.022026349499797378,0.22727899909697089,0.5,1.0,3217.927255583927
95,1710,-0.540626885347101,-0.047432332126700505,0.22001242095274687,0.5,1.0,3252.8947905839887
96,1728,-1.096227448212745,-0.061499055267630345,0.3890036743397097,0.5,1.0,3286.3108441249933
97,1746,-0.4434752405193487,-0.019686595854621982,0.2149340928202822,0.5,1.0,3320.0442089170683
98,1764,-0.48352901842326546,-0.1124741177883786,0.20310736129050003,0.5,1.0,3355.1393717920873
99,1782,-0.46853732940217707,0.057638682276948176,0.19902078238243356,0.5,1.0,3389.8055210839957
100,1800,-1.2713894117281468,-0.0005100840724205172,0.3556855575073571,0.5,1.0,3423.935982250143
101,1818,-0.33269014575988365,0.10017724722029378,0.23501218570572993,0.5,1.0,3457.223023292143
102,1836,-0.6137822641352093,0.1292997989578159,0.3499496337481599,0.5,1.0,3491.3452413340565
103,1854,-0.49649326935184046,0.011087383611170972,0.3720818033133181,0.5,1.0,3525.9317207499407
104,1872,-0.4171173652468312,0.05983096028583961,0.28175727713041315,0.5,1.0,3560.166351791937
105,1890,-0.1910760315285609,0.043267309774003254,0.1516265675503997,0.5,1.0,3590.4350660841446
106,1908,-0.6861095100800867,0.5275970619156385,2.3066613778749643,0.5,1.0,3620.5418227501214
107,1926,-0.2768057229651575,0.08972106589688833,0.20783840270663687,0.5,1.0,3650.9388827499934
108,1944,-0.236657011112837,0.03812694378687666,0.2070939026683921,0.5,1.0,3683.389896792127
109,1962,-0.3916247416120342,0.6528133705519021,2.289091886243676,0.5,1.0,3716.8005119170994
110,1980,-0.4344227373638745,0.0003570774706002706,0.20116711163166875,0.5,1.0,3753.270227167057
111,1998,-0.09431350426685725,0.0728826686716154,0.17339702721489866,0.5,1.0,3786.6606577089988
112,2016,-0.12161714559536829,0.1439773341868094,0.1869795855203537,0.5,1.0,3819.563177834032
113,2034,-0.38896107096704036,0.03749867033399035,0.2123463320271834,0.5,1.0,3852.960741291987
114,2052,-0.5430732934386908,0.02190258438933299,0.2552920110349533,0.5,1.0,3885.644459208939
115,2070,-0.3857767168858066,0.09218142423975302,0.36283274407580224,0.5,1.0,3918.599458541954
116,2088,-0.3687849051041363,0.0435199416048953,0.15741644050325124,0.5,1.0,3951.9494917499833
117,2106,-0.4751691728000562,-0.00188270915418107,0.1993453919713933,0.5,1.0,3985.8844837499782
118,2124,-0.6361811491213789,-0.011016557044633273,0.20626727625962699,0.5,1.0,4019.6747438339517
119,2142,-0.8764297707715718,-0.020207848702165816,0.39145262816654774,0.5,1.0,4054.2483413340524
120,2160,-0.38511843691582914,0.056875742528487566,0.17550293193887423,0.5,1.0,4087.740919542033
121,2178,-0.7702842947754274,-0.043379194963072285,0.23381308754744787,0.5,1.0,4121.21002216707
122,2196,-0.07017167610029418,0.13724589081352978,0.26318417324870036,0.5,1.0,4155.154503792059
123,2214,-0.2726335399608999,0.03546974988560045,0.19302585833740782,0.5,1.0,4188.640758667141
124,2232,-0.668736179920808,-0.03978534699995256,0.21803621214508448,0.5,1.0,4222.16062145913
125,2250,-0.339695463132367,-0.01342349296465464,0.23647936436101388,0.5,1.0,4255.857874542009
126,2268,-0.8358835579808757,-0.0608288242212009,0.28671637838058983,0.5,1.0,4289.461693166988
127,2286,-0.21728575728518607,0.07103750198063698,0.22151435142628076,0.5,1.0,4331.173045834061
128,2304,-0.29371282629481676,0.028033023348535895,0.2065307190612808,0.5,1.0,4365.070058417041
129,2322,-0.3954665989638979,0.06472776048841261,0.19236179950522758,0.5,1.0,4398.9229671671055
130,2340,-0.42217951909777085,-0.01562613195895526,0.18537980644227714,0.5,1.0,4431.88565375004
131,2358,-0.07883815043953746,0.07552667929579486,0.11829296305471025,0.5,1.0,4461.880247042049
132,2376,-1.0618730683980928,-0.08051506456023821,0.3452104919087341,0.5,1.0,4493.161615417106
133,2394,-0.3696620216623563,0.030302877975848592,0.3343105509398998,0.5,1.0,4528.727612167131
134,2412,-0.6378521150705829,-0.02056046282251092,0.21935301164392976,0.5,1.0,4564.414498334052
135,2430,-0.5038882684373744,0.08604392366374282,0.31421872258854694,0.5,1.0,4596.419495292008
136,2448,-0.46569788590831607,-0.01183328942516547,0.18815353251041997,0.5,1.0,4629.612769209081
137,2466,-0.5296238172728476,0.5375772470174728,2.302297103576227,0.5,1.0,4661.977532166988
138,2484,-0.48115920850875415,-0.035411831965837165,0.20929668820641517,0.5,1.0,4694.9963692091405
139,2502,-0.29544886708810925,0.026152413637504326,0.1685083860019499,0.5,1.0,4728.881185791921
140,2520,-0.4776309443346314,0.08121395505906391,0.24694199908763192,0.5,1.0,4765.973343709018
141,2538,-0.7196955965713796,-0.02686511243996935,0.23633021775989455,0.5,1.0,4802.877494625049
142,2556,-0.4067529254760034,0.018315505209136954,0.30648090975590553,0.5,1.0,4834.661426000064
143,2574,-0.6365953809841143,-0.09953251799056965,0.19250842732917406,0.5,1.0,4867.647872792091
144,2592,-0.2888886067651715,0.025704081939830054,0.17041349034889655,0.5,1.0,4902.434865416959
145,2610,-0.9792472969093078,-0.1352062689139406,0.2680244062845395,0.5,1.0,4934.293484209105
146,2628,-0.432989762074933,0.048144597265975135,0.3012909943754334,0.5,1.0,4971.823001625016
147,2646,-0.9344444535774494,-0.01099356204864119,0.31553518863032626,0.5,1.0,5004.69792383397
148,2664,-1.1023879011979378,-0.08571122818400963,0.29881950021320786,0.5,1.0,5039.522797083948
149,2682,-0.6558740857958529,-0.013060026851839466,0.22310973621994057,0.5,1.0,5073.276016958989
150,2700,-0.313738673728551,-0.03142818721663322,0.16615338148630798,0.5,1.0,5109.678984875092
151,2718,-0.8019997819371918,-0.12459294462934148,0.27455834871212165,0.5,1.0,5145.978395750048
152,2736,-0.29840846826745526,0.09388240571316893,0.2805447101955329,0.5,1.0,5183.16563225002
153,2754,-0.723553104723571,-0.07725424270489192,0.2548924140942722,0.5,1.0,5217.380025208928
154,2772,-0.7274085119022002,-0.05001215964287055,0.24454033273575115,0.5,1.0,5251.880356125068
155,2790,-0.8036635913969787,-0.07975325471556577,0.28664278630774265,0.5,1.0,5286.450704625109
156,2808,-0.2828978632229795,0.03392430325282176,0.22351111639485438,0.5,1.0,5323.2259780000895
157,2826,-1.1392115375594898,-0.09038739528535854,0.3267565433406285,0.5,1.0,5361.250843292102
158,2844,-0.7410545536254443,-0.04226252269854575,0.23868903379456716,0.5,1.0,5399.594412833918
159,2862,-0.34299661654298585,0.08097680769512916,0.2016825663974526,0.5,1.0,5435.791630208958
160,2880,-0.5586908395299979,0.08305333068372416,0.2477946206593591,0.5,1.0,5470.98831420904
161,2898,-0.41182630730440906,0.6040005460054112,2.2947384229735395,0.5,1.0,5504.515982416924
162,2916,-0.18851093271543107,0.020626833722576638,0.1982478831499456,0.5,1.0,5536.096475250088
163,2934,-0.2638993347057941,0.05469098141327569,0.24558464647409575,0.5,1.0,5570.581852500094
164,2952,-1.01006240558206,0.028449330656597136,0.302770553419331,0.5,1.0,5609.329737584107
165,2970,-0.5353688232621838,0.5181417101184863,2.3073965178641904,0.5,1.0,5650.581413334003
166,2988,-0.2364450123587165,0.04856879153960832,0.2029762003698109,0.5,1.0,5687.537187000038
167,3006,-0.4538833623784262,0.010791297733031533,0.1937099239244195,0.5,1.0,5720.053434584057
168,3024,-0.6796297311598014,-0.058005650438161194,0.2621651132061256,0.5,1.0,5755.716949624941
169,3042,-0.19941193158428128,0.060096396090404874,0.17655421422038375,0.5,1.0,5788.949497292051
170,3060,-0.40103989899460313,0.5643149497874753,2.296172623294149,0.5,1.0,5821.107827750035
171,3078,-0.333449086417799,0.014370897001645646,0.18781292699963506,0.5,1.0,5853.863888625056
172,3096,-0.592428811817812,-0.051595383352320785,0.21306758605886075,0.5,1.0,5887.600023792125
173,3114,-0.34444942733115,0.009241263478276314,0.185290981890639,0.5,1.0,5921.680095334072
174,3132,-0.3820958402614112,0.04491354854096451,0.2810384249675835,0.5,1.0,5954.548153833952
175,3150,-0.37498458514864996,0.018736496560739627,0.23482127229610814,0.5,1.0,5988.1626362090465
176,3168,-0.4038976329175261,0.02145610440230171,0.33290207155834217,0.5,1.0,6020.604388959007
177,3186,-0.3400983942892939,-0.0010686231504877242,0.16898555984865452,0.5,1.0,6050.579152875114
178,3204,-0.18566989535046918,0.12546819636560716,0.21670528398834243,0.5,1.0,6079.576221541967
179,3222,-1.0509086312202625,-0.1171821341744459,0.34927851819494765,0.5,1.0,6108.31460733409
180,3240,-0.2537831778607451,0.0245295214605048,0.18587245551521558,0.5,1.0,6136.96132583404
181,3258,-1.0808548936861184,-0.06603149436043518,0.27923249303054554,0.5,1.0,6166.427067750134
182,3276,-0.3584181028637268,-0.0064406332753466815,0.24961632034451228,0.5,1.0,6195.177180959145
183,3294,-0.496634920815219,-0.0008014354578900454,0.24609299874430746,0.5,1.0,6223.081254208926
184,3312,-0.6322470475876294,0.06159233934532452,0.28220854101715614,0.5,1.0,6253.065256792121
185,3330,-0.3858101410973429,0.04849224373902968,0.275630716643156,0.5,1.0,6283.340133334044
186,3348,-1.228569318846243,-0.0569058813861815,0.33406813040057576,0.5,1.0,6316.209167083958
187,3366,-0.21073106604075953,0.057013763909258545,0.2364231653795361,0.5,1.0,6345.612698292127
188,3384,-0.4955156082416279,0.6059116428658515,2.2990987132853404,0.5,1.0,6375.253565500025
189,3402,-0.694991737361959,1.144854422038051,3.1479502643045367,0.5,1.0,6402.923125334084
190,3420,-0.6502672300131351,0.5442912781620071,2.304034511287294,0.5,1.0,6431.389907958917
191,3438,-0.21197441738124834,0.05700922044046101,0.17510980945296525,0.5,1.0,6459.783608500147
192,3456,-0.27517392275934327,0.005277550204464039,0.17224005601377593,0.5,1.0,6487.93229883397
193,3474,-0.21812911494364418,0.06750683530635158,0.17225739606658452,0.5,1.0,6518.106791125145
194,3492,-0.4023395888823247,-0.03774610117356235,0.2097639595928862,0.5,1.0,6547.680412417045
195,3510,-0.3867344395108958,-0.012395610558914201,0.2057259946148891,0.5,1.0,6576.189648750005
196,3528,-0.7094525207110296,0.04932907815714064,0.3680481344916729,0.5,1.0,6605.996726416983
197,3546,-0.22708008053542006,0.05828951939886862,0.13910094927931155,0.5,1.0,6634.714123792015
198,3564,-0.3173084563546791,-0.024400805444360567,0.18928905203197396,0.5,1.0,6663.580391834024
199,3582,-0.33404043353208035,-0.01158705624350118,0.23211792549663568,0.5,1.0,6691.96862900001
200,3600,-0.375636063289595,-0.0701309576139552,0.13655542393531273,0.5,1.0,6719.869122750126
201,3618,-0.5876516705482127,0.525957494865822,2.3105157650512407,0.5,1.0,6746.970015125116
202,3636,-1.2170206846796425,0.007260693642268211,0.41101453136262817,0.5,1.0,6775.119417333975
203,3654,-0.47049978827169614,0.06984218527135314,0.24533606538403552,0.5,1.0,6802.662053500069
204,3672,-0.2942040025750208,0.06979512156610657,0.16194109832207418,0.5,1.0,6832.161483542062
205,3690,-0.31612645680088747,0.1296994353732499,0.29525823342384827,0.5,1.0,6860.086848209146
206,3708,-1.3872011552816872,-0.1030047502208879,0.3683913461887517,0.5,1.0,6888.659718916984
207,3726,-0.43494275705571894,-0.04306641461541652,0.21463426001681538,0.5,1.0,6917.229969125008
208,3744,-0.4478209304313703,-0.009263144104902624,0.20365921525012615,0.5,1.0,6945.71929083392
209,3762,-0.5478115048255949,0.0157565052005532,0.18124643596103435,0.5,1.0,6975.177547083935
210,3780,-0.23327849305458148,0.03876968608644907,0.17107735172048075,0.5,1.0,7006.278288334142
211,3798,-0.7375057935579523,-0.12281506549102916,0.30244152747920255,0.5,1.0,7034.67431733408
212,3816,-0.5679996685475999,-0.020172926014862744,0.21111038845854213,0.5,1.0,7064.362707542023
213,3834,-0.20182095416583934,0.03298017180244292,0.1717564250226563,0.5,1.0,7093.512925833929
214,3852,-0.18578580323783278,0.02355250403360006,0.20588578040290137,0.5,1.0,7122.419657750055
215,3870,-0.4667604624707131,-0.016983018990827523,0.22752777426535883,0.5,1.0,7152.786906667054
216,3888,-0.3308594647096621,0.005706260741427845,0.20059816800176794,0.5,1.0,7184.570666166954
217,3906,-0.9774935335509554,0.4305589089031785,2.353632864371275,0.5,1.0,7212.806648042053
218,3924,-0.23031860620937739,0.009264325121039165,0.12251876356083319,0.5,1.0,7242.2060209589545
219,3942,-0.8797518815749079,-0.1275766774160475,0.25572479874503373,0.5,1.0,7272.659204999916
220,3960,-0.7985191740498667,0.6684624335186533,2.283135830586386,0.5,1.0,7302.036839291919
221,3978,-0.48252413750472023,-0.05409352754228383,0.22340265275270155,0.5,1.0,7331.319558250019
222,3996,-0.1885923813273953,0.03688427108246614,0.14847252418632112,0.5,1.0,7360.338431334123
223,4014,-0.4040830838025089,0.0288182107557481,0.20949059325424277,0.5,1.0,7390.50132766692
224,4032,-0.4820441929426451,-0.0025694169617205276,0.21615247464234005,0.5,1.0,7419.307812334038
225,4050,-0.6012796339406945,0.0026204061690708632,0.2751876216678353,0.5,1.0,7447.671192500042
226,4068,-0.599811807114353,-0.030070500487079058,0.19715145105232243,0.5,1.0,7475.980966500007
227,4086,-0.22413483544748303,0.09066863342570973,0.21231558404273554,0.5,1.0,7506.048989499919
228,4104,-0.4327905413073676,-0.08160720734233697,0.2008062836029184,0.5,1.0,7534.891656792024
229,4122,-0.46257886415191507,-0.011456922655593369,0.216386539557491,0.5,1.0,7565.423834874993
230,4140,-0.642882831038996,-0.04935326226244888,0.19131130189562776,0.5,1.0,7595.123639875092
231,4158,-0.17631820410265586,0.6694305949051503,2.2735619730641097,0.5,1.0,7625.150988542009
232,4176,-0.948768442452371,-0.0738129468701688,0.2973932519707706,0.5,1.0,7654.199676542077
233,4194,-0.5677823780832147,-0.0013864292140569488,0.1998252449706066,0.5,1.0,7682.888735583983
234,4212,-0.5365098169997689,-0.03291298309500398,0.19314327666260972,0.5,1.0,7712.127533416962
235,4230,-0.42692538172660655,0.05303429455717357,0.19761245691714363,0.5,1.0,7742.069827500032
236,4248,-0.4435403812367973,0.028626085305617426,0.20467648293866564,0.5,1.0,7771.993282417068
237,4266,-0.5785532801242859,-0.035573683598860976,0.2901880667846083,0.5,1.0,7801.950801874977
238,4284,-0.2512311352650478,0.06276959916400265,0.20593166555537462,0.5,1.0,7831.81514775008
239,4302,-0.3099457561156269,0.024614731420068155,0.13848026298138685,0.5,1.0,7859.775389709044
240,4320,-0.47379129703207745,0.03967583714315159,0.2598598944778674,0.5,1.0,7889.078624084126
241,4338,-0.624102630154856,-0.0510233076128102,0.22972113517323275,0.5,1.0,7918.634234959027
242,4356,-0.8134496583806676,-0.11929993001922984,0.29545555448397964,0.5,1.0,7947.806651792023
243,4374,-0.5208296471324028,-0.02027985696620939,0.21455327784588415,0.5,1.0,7976.820422834018
244,4392,-1.1448608960032924,-0.07514635776046906,0.3427863851582119,0.5,1.0,8005.419309792109
245,4410,-0.27746026229501464,0.5882669139818981,2.2872300419634355,0.5,1.0,8034.287258459022
246,4428,-0.2674708386327156,0.02117807379442338,0.18153914147645253,0.5,1.0,8064.059908834053
247,4446,-0.22491693949271152,0.06636055588273611,0.300008965433057,0.5,1.0,8094.047207833966
248,4464,-0.6122693344075953,0.0069765801990815885,0.2163099479090814,0.5,1.0,8123.134972084081
249,4482,-0.6278693672643891,0.06623988169745523,0.2532771250212788,0.5,1.0,8153.17746854201
250,4500,-0.5615073839790279,0.6346553154791084,2.285399061600363,0.5,1.0,8182.393072209088
251,4518,-0.3722882626284685,-0.016788302630367458,0.16029316801233282,0.5,1.0,8212.300093250116
252,4536,-0.445926188001458,0.036865904604966145,0.27672490561686064,0.5,1.0,8242.368424833985
253,4554,-0.48245624723173997,-0.0645679446937471,0.2660567689024084,0.5,1.0,8272.941767374985
254,4572,-0.5049040982361941,0.5754071352311163,2.30815673188773,0.5,1.0,8302.828636375023
255,4590,-0.6448624228591964,-0.037603852633558206,0.20324930555009685,0.5,1.0,8332.95014329208
256,4608,-0.36711998703566273,0.021097397700378995,0.23884621886161972,0.5,1.0,8363.262875458924
257,4626,-0.36737340878607583,0.08070588910127136,0.33905439565050627,0.5,1.0,8391.913575750077
258,4644,-0.474746577522275,0.03588359069491284,0.24920511514179322,0.5,1.0,8421.555602625012
259,4662,-0.3782272029526643,-0.00041387851323119545,0.17511050405032824,0.5,1.0,8451.53405462508
260,4680,-0.19537354373127158,0.6029141208424114,2.2822011249842076,0.5,1.0,8481.81418779213
261,4698,-0.4657661886504565,0.033337643621385374,0.298087734807905,0.5,1.0,8509.559374500066
262,4716,-0.2861097153431684,0.0392444308710542,0.19312598047164484,0.5,1.0,8538.657863250002
263,4734,-0.66160376791741,0.026789055522802703,0.2098077958102533,0.5,1.0,8568.47871804214
264,4752,-0.4544483693371033,0.10137095645376383,0.24633585014465054,0.5,1.0,8601.283935375046
265,4770,-0.33167929314844535,-0.025994076806492523,0.11548554678617531,0.5,1.0,8631.172778417123
266,4788,-0.6184706259917778,-0.02601711555394533,0.19896434235943863,0.5,1.0,8661.714598624967
267,4806,-0.7479284743599344,-0.1359430520700346,0.3238979018256463,0.5,1.0,8695.25064158393
268,4824,-0.5412579937167532,-0.06761134690029191,0.2595887070676566,0.5,1.0,8724.896220625145
269,4842,-0.2193292227031094,0.029901715287009207,0.1432658795972351,0.5,1.0,8755.125975542003
270,4860,-0.5323255578349038,0.5838778448046654,2.3050996584134107,0.5,1.0,8784.306297334144
271,4878,-1.326237501071856,-0.17734375172840103,0.41380243909329223,0.5,1.0,8813.995421959087
272,4896,-0.494289840994111,0.020623239460624474,0.24942861002889816,0.5,1.0,8843.916507834103
273,4914,-0.7422094843827152,-0.031808425269000344,0.2573953171137061,0.5,1.0,8873.86552595906
274,4932,-0.13152840872914684,0.6752529249040532,2.2658399913563474,0.5,1.0,8902.68538550008
275,4950,-0.46095703770198604,-0.019288681034373905,0.17685809375931993,0.5,1.0,8931.090242959093
276,4968,-0.6403202925354341,0.03228279487613422,0.24388749240272137,0.5,1.0,8961.233031084063
277,4986,-0.1848022496193451,0.04056862264619612,0.16555822632932032,0.5,1.0,8990.21049800003
278,5004,-0.23520234788091177,0.001631497548813421,0.13653647257235346,0.5,1.0,9024.606120584067
279,5022,-0.5776788389035499,-0.03338085645899033,0.2458925818570092,0.5,1.0,9056.187260624953
280,5040,-0.4457611059365769,0.01368442431498377,0.25113254676947183,0.5,1.0,9088.536161417142
281,5058,-0.16031076006347433,0.02729556074014698,0.1483664832071366,0.5,1.0,9120.93249233393
282,5076,-0.34030296488243295,0.0442551809620083,0.24514147346156637,0.5,1.0,9153.534758833935
283,5094,-0.2772570982856344,0.03673442954213361,0.14225180846333138,0.5,1.0,9187.21892766701
284,5112,-0.7802134180530587,-0.07279665069168134,0.2256706790409345,0.5,1.0,9218.512489709072
285,5130,-0.5397070980363274,0.5281496206318717,2.3069140397955543,0.5,1.0,9247.28243266698
286,5148,-0.4005079195066896,0.5939478138970435,2.2953364449483797,0.5,1.0,9276.011678459123
287,5166,-0.30653253416899773,0.0024597665697509738,0.15908473614938812,0.5,1.0,9305.58218054194
288,5184,-0.04474982932178495,0.1900788374986037,0.2974203366778061,0.5,1.0,9334.601068916963
289,5202,-0.153591918461232,0.05614783730461283,0.10998361162478723,0.5,1.0,9364.503278333927
290,5220,-0.5333787055347194,0.008783671973585181,0.22985508350181544,0.5,1.0,9393.668405750068
291,5238,-0.3870805293048676,0.053817789014572,0.28826061782357276,0.5,1.0,9422.742750416975
292,5256,-0.5529912992694124,0.011565576368270393,0.20661398217026444,0.5,1.0,9452.683749709046
293,5274,-0.8468062103132334,0.0004103931127409983,0.32244539342030526,0.5,1.0,9481.039120709058
294,5292,-0.6405422974109021,-0.026349705384274575,0.23816875054495112,0.5,1.0,9510.125952125061
295,5310,-0.6404407176027034,-0.026040084469479127,0.18248169276535445,0.5,1.0,9540.76627541706
296,5328,-1.0371481957674629,-0.06003938593862509,0.32536768972531777,0.5,1.0,9570.244568041991
297,5346,-0.7345882897290821,0.6185188371665306,2.302591900913584,0.5,1.0,9599.470975459088
298,5364,-0.3787405894191975,-0.034335379839047525,0.15858145601798915,0.5,1.0,9628.682947542053
299,5382,-0.25909398880525814,0.5810891654745289,2.2897620330148523,0.5,1.0,9657.576310416916
300,5400,-0.22670889470993227,0.05991968928555321,0.18176094334495388,0.5,1.0,9687.131926959148
301,5418,-0.4682429625846982,-0.023812492891452684,0.23382305567953487,0.5,1.0,9717.041918209055
302,5436,-0.15389907938194103,0.1151748049666904,0.31060304624823953,0.5,1.0,9746.70910620899
303,5454,-0.45770034484927447,0.02604260332472139,0.174225321875036,0.5,1.0,9776.641820667079
304,5472,-0.3360470995228262,0.6372211416890387,2.2933734904616014,0.5,1.0,9804.830015541986
305,5490,-0.05725915101764212,0.19449738103132402,0.3230316431443268,0.5,1.0,9834.288625792135
306,5508,-0.6031955425408846,-0.006119174803752643,0.26124822193146313,0.5,1.0,9864.164775917074
307,5526,-0.5942975711914293,-0.03475565118924849,0.18455082311454382,0.5,1.0,9894.509232250042
308,5544,-0.5421435215551647,0.053433846648770364,0.27773590439436546,0.5,1.0,9923.69858524995
309,5562,-0.16766792337028225,0.046083598283334894,0.1725475889721016,0.5,1.0,9952.871320124948
310,5580,-0.21865275390927685,0.16404052830864702,0.2740848962990214,0.5,1.0,9981.337434333982
311,5598,-0.4349690531852417,-0.045699434822648786,0.19641691102936013,0.5,1.0,10010.004130375106
312,5616,-0.4680330700892963,-0.013547391615843975,0.17453169071369695,0.5,1.0,10039.788860250032
313,5634,-0.7992424978300114,0.04735068509830769,0.3483517990703176,0.5,1.0,10069.73400004208
314,5652,-0.622507592745035,-0.0813248195750912,0.19022549784307366,0.5,1.0,10098.524054334033
315,5670,-0.17120957224166844,0.030863513300656335,0.10194931993829442,0.5,1.0,10126.930754709058
316,5688,-0.4237360330129212,0.023344200062089815,0.23549176150631593,0.5,1.0,10155.852898624958
317,5706,-0.7473104142372406,0.5259153390132929,2.307944914787694,0.5,1.0,10185.890374416951
318,5724,-0.4391646302405663,-0.005723616756158635,0.2136674863572128,0.5,1.0,10215.093553459039
319,5742,-0.4018582099816115,-0.024071751807730715,0.1840859189136831,0.5,1.0,10246.02017762512
320,5760,-0.44622283073775737,0.019818370206085827,0.1826717452624024,0.5,1.0,10276.235708249966
321,5778,-0.3644946561873583,-0.03059483074575859,0.20770805887532426,0.5,1.0,10306.592615375062
322,5796,-0.7078932492950969,0.6428831913578702,2.2931650918777287,0.5,1.0,10334.791710209101
323,5814,-0.3196013896924068,0.03290119008859636,0.17190856421493947,0.5,1.0,10363.880950541934
324,5832,-0.3626126641812526,0.06632240057398316,0.33750336869883096,0.5,1.0,10394.525941333966
325,5850,-0.38140485249879585,0.014019667700215689,0.17018363776015152,0.5,1.0,10434.887915834086
326,5868,-0.46207544102576037,-0.039899278703326074,0.2587614340219426,0.5,1.0,10473.490197292063
327,5886,-0.6639436751371628,0.08263422814944826,0.3266234289149707,0.5,1.0,10514.066279292107
328,5904,-0.4958822952965498,0.623581526714364,2.293129927772371,0.5,1.0,10550.802867667051
329,5922,-0.20322562005608624,0.08603173731022418,0.19117026487319838,0.5,1.0,10584.614159208955
330,5940,-0.4542833729241673,0.06906394781407929,0.22772217384286023,0.5,1.0,10622.024034542032
331,5958,-0.27877775027553664,0.020921975520858185,0.13340282083747737,0.5,1.0,10656.822776834015
332,5976,-0.4621880026729279,0.003926635766980911,0.23554367852471358,0.5,1.0,10698.653193209087
333,5994,-1.188680366401364,-0.06101274243108638,0.3306935567770784,0.5,1.0,10733.07498979196
334,6012,-0.44181252107375624,-0.04026283378452325,0.2265318590864428,0.5,1.0,10764.937457666965
335,6030,-0.3720702216295022,0.027436805592876992,0.2152220225877777,0.5,1.0,10802.58473233413
336,6048,-1.1382138906102677,-0.14711280420411565,0.30409271445844965,0.5,1.0,10837.055605625035
337,6066,-0.5690539817982767,0.5232340284312252,2.306329475816987,0.5,1.0,10871.406164624961
338,6084,-0.43701950312477944,-0.04697213720749059,0.14118005892027613,0.5,1.0,10904.4724711671
339,6102,-0.984589947731739,-0.055569670919287245,0.2681123229986202,0.5,1.0,10936.313322584145
340,6120,-0.4111147939600368,-0.03763288657984695,0.16290950806299048,0.5,1.0,10972.03644287493
341,6138,-0.5299201541995746,0.02284105742584493,0.3408551245507489,0.5,1.0,11006.626411292003
342,6156,-0.25719483534149035,0.06500884689657542,0.1922792786846864,0.5,1.0,11038.882669500075
343,6174,-0.3355864376632738,-0.016606777934536982,0.14958343032519067,0.5,1.0,11073.547544167144
344,6192,-0.37832151009577153,0.004064430070187875,0.15992524749559323,0.5,1.0,11109.240727750119
345,6210,-0.6419593576229747,-0.06377874923538052,0.3096178446679419,0.5,1.0,11141.73230958404
346,6228,-0.42004802126642815,-0.01517037690971416,0.2065172719425206,0.5,1.0,11174.456915166928
347,6246,-0.4791175704960864,-0.038486406715245725,0.20690644730574473,0.5,1.0,11209.7136337501
348,6264,-0.5071434895985494,0.026078248763909517,0.2876586765476283,0.5,1.0,11256.04453545902
349,6282,-0.6289935437416005,-0.011414284462033297,0.3058657496514135,0.5,1.0,11293.883395625046
350,6300,-1.252254937153923,-0.08245792332865015,0.38392715749403394,0.5,1.0,11331.982563334052
351,6318,-0.5426829265585793,-0.029859906913356493,0.18987683424939414,0.5,1.0,11369.350008042064
352,6336,-0.4715927043549373,0.048943044782612244,0.26308966556077074,0.5,1.0,11405.524430042133
353,6354,-0.44121489010938575,-0.03181629246828383,0.207979951251615,0.5,1.0,11439.390931291971
354,6372,-0.40314574781901324,0.04120001921563126,0.23603523881417607,0.5,1.0,11472.367612916976
355,6390,-0.12028710329345405,0.056662354739212294,0.19242431830953652,0.5,1.0,11505.922414459055
356,6408,-0.49622990034770975,-0.0007367915085939715,0.23233507820770022,0.5,1.0,11537.26142491703
357,6426,-0.2442648769374829,0.028810117713731504,0.1429246922837872,0.5,1.0,11570.193386959145
358,6444,-0.6204333070068397,0.04689606118070201,0.39018972664107776,0.5,1.0,11603.830270542065
359,6462,-0.22626107008622132,0.04132675972916955,0.17524504534002996,0.5,1.0,11633.685493333964
360,6480,-0.40432588881806186,0.05977580359559509,0.1804612159832966,0.5,1.0,11663.91467608395
361,6498,-0.5843522539513968,-0.023514494762689866,0.16926140935686027,0.5,1.0,11693.472258249996
362,6516,-0.3056673645569905,0.11273506965612626,0.29492267367482355,0.5,1.0,11722.896538041998
363,6534,-0.43995123984727336,0.07518725084669094,0.2693404654956198,0.5,1.0,11752.64833287499
364,6552,-0.28248251267354085,0.0022939584533500953,0.1304310673810715,0.5,1.0,11781.757335708942
365,6570,-0.7511475918248909,0.0032018666099429024,0.22428439750913157,0.5,1.0,11811.072816292057
366,6588,-0.5152694322247351,0.015108342230658846,0.17555586866627684,0.5,1.0,11839.54500745912
367,6606,-0.9291495853797711,-0.05630201333544221,0.27351789893575906,0.5,1.0,11867.982496249955
368,6624,-0.6304570579829374,-0.06396432735003203,0.2251761895066011,0.5,1.0,11904.834453667048
369,6642,-0.40333888495952586,0.10093910653818794,0.268978400635518,0.5,1.0,11938.557580708992
370,6660,-0.4339564631380819,-0.0019503522009008832,0.17670055402933085,0.5,1.0,11972.40743199992
371,6678,-0.17572152964144117,0.1356433616423534,0.31405248655988915,0.5,1.0,12003.457000083989
372,6696,-0.31801251540012654,-0.030081819892391535,0.13499005730120164,0.5,1.0,12036.637159124948
373,6714,-0.9246831802226048,0.024315868109517594,0.29040374045292694,0.5,1.0,12071.025532749947
374,6732,-0.47905070253286386,-0.07338722676497822,0.17688338941791948,0.5,1.0,12101.191387917148
375,6750,-0.3166613968165324,0.5869136105289419,2.292628087301922,0.5,1.0,12134.65644812514
376,6768,-0.37339747426810455,0.0982544688368514,0.3260274303564735,0.5,1.0,12167.73963274993
377,6786,-0.2535453594547672,0.0024726624739318404,0.11070532576387185,0.5,1.0,12197.164185417118
378,6804,-1.1427924662507287,-0.12174902296014005,0.28961681490539065,0.5,1.0,12226.11953670904
379,6822,-1.0466946940206805,-0.044426467122695566,0.28900580762227795,0.5,1.0,12261.544617417036
380,6840,-0.34872439241847886,0.13082752200359782,0.2858431832605364,0.5,1.0,12294.3567280001
381,6858,-0.46743418573140705,-0.01267173736157639,0.2702309040984873,0.5,1.0,12328.677158917068
382,6876,-0.20620669334744246,0.051373778117750867,0.21326890978005625,0.5,1.0,12361.053275374928
383,6894,-0.982103213687429,-0.021299909857268002,0.327025529563088,0.5,1.0,12393.809517834103
384,6912,-1.144569113253958,-0.05863656864975845,0.3725197011398379,0.5,1.0,12428.55973604205
385,6930,-0.28575109684425826,0.037748816054088516,0.20062026811223602,0.5,1.0,12465.641151499934
386,6948,-0.6418141829760664,0.02906456841154497,0.2275553846060619,0.5,1.0,12499.948646666948
387,6966,-0.28511454020489424,-0.023925941912470192,0.15843732360737442,0.5,1.0,12532.976110209012
388,6984,-0.9391984613364786,-0.11055712313413348,0.3054528446899255,0.5,1.0,12571.43014412513
389,7002,-0.9207470326000298,1.5943919823612083e-05,0.29173303108794013,0.5,1.0,12606.44331541704
390,7020,-0.5316062752781257,0.00704003581659861,0.25687012504201845,0.5,1.0,12644.512273292057
391,7038,-0.19853798290365887,0.061330442217396364,0.1792772054640966,0.5,1.0,12686.553943250095
392,7056,-0.42224495421666486,-0.021270683497622105,0.18675921502770407,0.5,1.0,12720.556841917103
393,7074,-0.2685051269493881,0.05943081869711363,0.25373651474841047,0.5,1.0,12753.329744500108
394,7092,-0.5153957147400314,0.037884316539759516,0.19404140197402753,0.5,1.0,12785.191711958963
395,7110,-0.4808818199222076,-0.023565775167006593,0.2078731257042841,0.5,1.0,12815.811058291933
396,7128,-0.3481311224957748,-0.027668108112317076,0.1809166877235787,0.5,1.0,12849.60259237513
397,7146,-0.49649134688351637,-0.030818858108101675,0.19548738821235298,0.5,1.0,12884.719450459117
398,7164,-0.6329781327747153,0.0748617852397168,0.3002977973531426,0.5,1.0,12918.910802833969
399,7182,-0.3798493253870472,-0.027993826203629692,0.19252398014636501,0.5,1.0,12955.630584334023
400,7200,-0.3893775915148918,-0.030568726538665776,0.14405134316837834,0.5,1.0,12987.832686583977
401,7218,-0.5680148346688227,0.4971400106884081,2.3131157643630713,0.5,1.0,13022.150468625128
402,7236,-0.6595493354673989,-0.018759864558229103,0.19793228198557689,0.5,1.0,13067.258663959103
403,7254,-0.40399006518666436,0.05494524189609473,0.2960584051918319,0.5,1.0,13107.793893499998
404,7272,-0.12959061046026488,0.047515585403143636,0.12574437611019781,0.5,1.0,13152.702666708967
405,7290,-0.334852270579308,0.05625365117269698,0.2037759128005932,0.5,1.0,13193.151898334036
406,7308,-0.2216038526457167,0.16325455918838458,0.2033999611338264,0.5,1.0,13223.819529749919
407,7326,-0.3338530527723478,0.09412198950808791,0.23979665792129384,0.5,1.0,13253.384588834131
408,7344,-0.2917226369804897,-0.014941620134334322,0.15763911818403542,0.5,1.0,13284.27548816707
409,7362,-0.4947798415134521,-0.021614663844127097,0.22136769662626926,0.5,1.0,13313.381127167027
410,7380,-0.3653474728666328,-0.0038005926038728135,0.17920401882382314,0.5,1.0,13349.597473416943
411,7398,-0.4363848794677807,0.0724781858530475,0.22785631616944077,0.5,1.0,13385.069999499945
412,7416,-0.4723517065671894,-0.002102380349084301,0.23105713641974926,0.5,1.0,13419.25224820897
413,7434,-0.4428205355013537,0.038723152377867026,0.19979257611137674,0.5,1.0,13454.25040791696
414,7452,-0.3468696314593984,0.002067497178440606,0.17843892517130422,0.5,1.0,13488.816434999928
415,7470,-0.24703922277544432,-0.0028401822164799326,0.23011084599636875,0.5,1.0,13524.35328150005
416,7488,-0.21374701261655993,0.05336997343372721,0.29225483147795334,0.5,1.0,13559.920745874988
417,7506,-0.21356379440022177,0.010324880285104044,0.19380819995124632,0.5,1.0,13594.14672733401
418,7524,-0.6502993479586365,-0.07372021049315577,0.2549608716886775,0.5,1.0,13627.729874042096
419,7542,-0.35436151107220404,-0.016037406804680663,0.168952310497447,0.5,1.0,13662.169742667116
420,7560,-0.6552458491973789,-0.030594076279705253,0.2462884577384761,0.5,1.0,13695.793404459022
421,7578,-0.3813307205280143,0.04175040157253419,0.23135822401237569,0.5,1.0,13731.107580584008
422,7596,-0.4516551038517349,0.48865895069421694,2.3113355767067505,0.5,1.0,13765.69683833397
423,7614,-0.28149658410555034,0.08891224196321544,0.27825480795686364,0.5,1.0,13796.162105083931
424,7632,-0.47063497226431483,-0.04820746163337411,0.15906171932022237,0.5,1.0,13825.800778625067
425,7650,-0.386340589256017,0.04061134010759377,0.19246170418122593,0.5,1.0,13859.676855917089
426,7668,-0.3143462345109951,0.014940682210476829,0.23559064140668948,0.5,1.0,13894.141308458988
427,7686,-0.25607468502302133,0.06595388346554293,0.25780766160295754,0.5,1.0,13929.31377995899
428,7704,-1.2042131281201334,-0.08562179456563523,0.3334263667175383,0.5,1.0,13963.591530584032
429,7722,-0.33059439252103573,0.06547816383652805,0.19527241316049537,0.5,1.0,13999.166156250052
430,7740,-0.39543265211527867,1.0920383178583477,3.1531228324763845,0.5,1.0,14034.994965542108
431,7758,-0.5532331243312472,0.010456898961341585,0.2676826652300907,0.5,1.0,14068.80002687499
432,7776,-0.3919877317215761,-0.008971445930875177,0.1419384549843139,0.5,1.0,14102.595652292017
433,7794,-0.360485604197601,0.0247842895989254,0.1915871956668221,0.5,1.0,14137.67729058396
434,7812,-0.515385447103184,0.050960791786462165,0.2574242350974507,0.5,1.0,14172.64234483405
435,7830,-0.3089325179442497,0.04425507792522189,0.18485169071243568,0.5,1.0,14206.479756125016
436,7848,-0.4099777778603366,0.033620769427818234,0.27443726342230074,0.5,1.0,14240.027533292072
437,7866,-0.5961260715489365,-0.008696161776992383,0.213974481514403,0.5,1.0,14274.598558209138
438,7884,-0.2997315983399407,0.1800353616049134,0.312654917910413,0.5,1.0,14308.071243209066
439,7902,-0.4662601732054048,0.006716852425965413,0.2511382379086056,0.5,1.0,14342.636566875037
440,7920,-0.6039955403373618,0.05834375622789824,0.42856442821517715,0.5,1.0,14378.976277792128
441,7938,-0.37978525107591565,0.03381791397486294,0.22608304124709722,0.5,1.0,14413.351823000005
442,7956,-0.6188505212089286,0.011735882206663205,0.2344707277489196,0.5,1.0,14448.365770250093
443,7974,-0.2765100123282238,0.5770429995873745,2.2912904026128817,0.5,1.0,14482.377823292045
444,7992,-0.3722603427146467,0.06793738936893126,0.29526779526660785,0.5,1.0,14516.65724666696
445,8010,-0.4794668998494265,-0.03425865812003935,0.2428115004133146,0.5,1.0,14551.258776291972
446,8028,-0.29919962219993756,0.07005459106028224,0.2109199033484938,0.5,1.0,14585.441096124938
447,8046,-0.5313510736315754,0.001414431063422909,0.263609322694298,0.5,1.0,14619.981787458993
448,8064,-0.7241269760724753,-0.09185603209928248,0.18211961073178964,0.5,1.0,14654.097550000064
449,8082,-0.44803322158643066,0.017164764422283776,0.23689578508775355,0.5,1.0,14688.726925542112
450,8100,-0.47092066007031885,0.10334340765750374,0.26039056037467967,0.5,1.0,14722.096653042128
451,8118,-0.3458684325673387,0.6013413949219353,2.2934760673155457,0.5,1.0,14752.828390124952
452,8136,-0.3593373538581952,-0.045347164470957026,0.14460421811076865,0.5,1.0,14783.453786584083
453,8154,-0.6780999396839071,-0.11034084783007625,0.23595635505263043,0.5,1.0,14811.94814170897
454,8172,-0.304794440242909,0.12315365689052513,0.36817414552575106,0.5,1.0,14841.03955908399
455,8190,-0.4649536352067498,-0.019430228346770266,0.23826325558482805,0.5,1.0,14872.045545042027
456,8208,-0.6316249416309017,0.020089485182454927,0.2857879057420081,0.5,1.0,14906.70165291708
457,8226,-0.3783056846036743,-0.00723967009217747,0.1568918271657914,0.5,1.0,14941.57284312509
458,8244,-0.27039410308463463,0.008759695376440094,0.15484979342576075,0.5,1.0,14978.738033083966
459,8262,-0.5884941026541908,-0.06295318084944092,0.21815503104285974,0.5,1.0,15014.82069641701
460,8280,-0.5853581672486641,0.02578737247344382,0.19272303435481156,0.5,1.0,15048.777337624924
461,8298,-0.25446992691221837,0.02366667915252248,0.20064236145140937,0.5,1.0,15084.037321625045
462,8316,-0.3296284182422351,0.02752643347884086,0.14039053035522903,0.5,1.0,15118.722125709057
463,8334,-0.27947519598622605,-0.04117109731805159,0.1457073571236733,0.5,1.0,15152.525957042119
464,8352,-0.7415484224503182,0.1092733533051816,0.34492092971287713,0.5,1.0,15186.415650625015
465,8370,-1.0217100193549085,0.39867587581194724,2.344092754885646,0.5,1.0,15220.14972895896
466,8388,-0.3343246635537147,0.062499097366931856,0.20381664623850426,0.5,1.0,15254.247769166948
467,8406,-0.17258566474488468,0.0362797298874788,0.15626908519579832,0.5,1.0,15288.430170875043
468,8424,-0.4570115238705945,0.05330982904202545,0.2674014367698537,0.5,1.0,15323.099300500005
469,8442,-0.1486284147999939,0.0578743988431122,0.1521990775519,0.5,1.0,15357.781780417077
470,8460,-0.5457227015471071,0.03059479055856931,0.2848155285303316,0.5,1.0,15392.052143125096
471,8478,-0.14056021235304073,0.08948753754190832,0.14557779059274087,0.5,1.0,15425.889363042079
472,8496,-0.4657614498171281,-0.02302323949781964,0.2047533324777196,0.5,1.0,15459.813522417098
473,8514,-0.32749969110427646,-0.019585248080454438,0.16816925224143084,0.5,1.0,15494.312723875046
474,8532,-0.10897537981550354,0.08301459952781043,0.22104148550740738,0.5,1.0,15528.952171291923
475,8550,-0.29733738662651454,-0.03369412182810273,0.1642753702537827,0.5,1.0,15565.815550042083
476,8568,-0.8840220162936676,-0.032308744888775505,0.30286257545695927,0.5,1.0,15601.533078958979
477,8586,-0.28071965599359405,0.028013711598884425,0.19125601673654805,0.5,1.0,15634.760244500125
478,8604,-0.3466189085058424,0.05935493288399307,0.23213904772492244,0.5,1.0,15669.52707833401
479,8622,-0.326468788812889,0.015896677195575352,0.1894293362475968,0.5,1.0,15703.036995250033
480,8640,-1.0326272590937924,-0.12249721082862569,0.30168435114438685,0.5,1.0,15738.064055250026
481,8658,-0.633872552312539,-0.009622882999880468,0.202120595551132,0.5,1.0,15772.826484167017
482,8676,-1.0665477739596705,-0.02165255475959846,0.3072200790906468,0.5,1.0,15808.612678250065
483,8694,-0.3662646719093443,-0.006076739445452272,0.24322294167746528,0.5,1.0,15841.022992917104
484,8712,-0.27434534886462014,0.057573786480081254,0.16929293547883134,0.5,1.0,15875.009177125059
485,8730,-0.23304562905927462,0.541727356181434,2.2969866769666862,0.5,1.0,15909.29471683409
486,8748,-0.36443656492026744,0.08987101724916727,0.23100136650486444,0.5,1.0,15943.432385792024
487,8766,-0.6566380881493963,0.02776025660788613,0.2728272755868596,0.5,1.0,15977.999615791952
488,8784,-0.4418312184525881,-0.007150497792073847,0.19552859777940645,0.5,1.0,16011.826005416922
489,8802,-0.7136604222500731,0.06360507435015134,0.37545265832444974,0.5,1.0,16045.524177459069
490,8820,-0.5330839730426709,0.02590822402503918,0.2968721942486488,0.5,1.0,16080.65411541704
491,8838,-0.3149855134131814,-0.02840394119224178,0.22629775923653264,0.5,1.0,16114.096241333988
492,8856,-0.2491285068321485,0.07247397442875464,0.19254196991341094,0.5,1.0,16147.911994667025
493,8874,-0.40245785882615603,0.5405369765908151,2.3020752598264442,0.5,1.0,16183.374236708973
494,8892,-0.4481407043516388,-0.0031687028657058944,0.20291421421034042,0.5,1.0,16218.223102834076
495,8910,-0.38972418596631986,0.07362335959142602,0.2916288957026495,0.5,1.0,16252.218251249986
496,8928,-0.4502022470303162,-0.033777528218628415,0.1895690034471064,0.5,1.0,16285.976109416923
497,8946,-0.6785387027807595,0.5786290834369396,2.310659616686725,0.5,1.0,16321.105604584096
498,8964,-0.5054316043987086,-0.033923666255807707,0.2483431289516333,0.5,1.0,16356.476755042095
499,8982,-0.26864621027260593,-0.007755946987765296,0.20048222739007066,0.5,1.0,16389.963187334128
500,9000,-0.7946772473143531,0.07050302854609954,0.4079562143439043,0.5,1.0,16423.745098666986
501,9018,-0.39912697276266496,0.04491699342310761,0.33457029951314005,0.5,1.0,16457.68341783411
502,9036,-0.9123610685654953,0.5041595927987775,2.3220417653395438,0.5,1.0,16491.78420712496
503,9054,-0.3510685313937332,0.03424721300408863,0.1823057309014535,0.5,1.0,16526.008457083954
504,9072,-0.5134352634088044,0.6558976895254075,2.295756826448463,0.5,1.0,16558.8825354171
505,9090,-0.32668495281410515,0.5321730851957119,2.2992388885886403,0.5,1.0,16593.436256292043
506,9108,-0.15844351390183853,0.06739528013755268,0.21204188489853895,0.5,1.0,16627.261650834
507,9126,-0.2993517675283286,0.10938931316400666,0.32516234951784867,0.5,1.0,16662.850886542117
508,9144,-0.5808634184741415,-0.011829019704151685,0.20422937579164946,0.5,1.0,16692.460339959012
509,9162,-0.34246582906857714,0.019620503515681786,0.26704367680780877,0.5,1.0,16721.666043584002
510,9180,-0.7220103055745888,-0.021979641115794497,0.2748687335020359,0.5,1.0,16751.612530000042
511,9198,-0.5654089970278626,-0.10554779985371393,0.20693086267328417,0.5,1.0,16780.558733209036
512,9216,-0.14977713648899105,0.1273629294908059,0.17453768101695769,0.5,1.0,16809.459294459084
513,9234,-0.42909042063030167,-0.06276883604187249,0.1559123493044873,0.5,1.0,16838.070266209077
514,9252,-0.32737307345156186,0.012406613444613987,0.13135590012183615,0.5,1.0,16868.26780800009
515,9270,-0.4342772776010948,-0.033487309523362395,0.24872771182119863,0.5,1.0,16898.967674584128
516,9288,-0.4808566797998388,0.027702829856930202,0.26873154536915805,0.5,1.0,16929.27228404209
517,9306,-1.0933842844094501,-0.0832158108783597,0.3099385508192517,0.5,1.0,16958.63493945892
518,9324,-0.5615660699675873,-0.08473360857688068,0.15842445205055233,0.5,1.0,16988.05163641693
519,9342,-0.7936144143775286,-0.10258551699148594,0.23537431341744525,0.5,1.0,17017.462809292134
520,9360,-0.38170822321590947,-0.035666992763786806,0.20745460094587648,0.5,1.0,17046.56452266709
521,9378,-0.5089018463281594,0.04527740646868569,0.2156143818392588,0.5,1.0,17075.05595166702
522,9396,-0.3196271561601476,0.04446883635763848,0.2078728024319788,0.5,1.0,17105.133507624967
523,9414,-0.5254256974842093,-0.010025699486101856,0.2777549496969001,0.5,1.0,17134.50124725001
524,9432,-0.3313136727939039,0.10774771979268927,0.24348022557179388,0.5,1.0,17162.716122375103
525,9450,-0.5565998868647304,-0.025169179294311297,0.3058044315335805,0.5,1.0,17191.053317666985
526,9468,-0.41951041023267255,0.09023565536620771,0.25518093232129835,0.5,1.0,17220.59891499998
527,9486,-0.71788200971256,-0.05680696584380475,0.207642895341983,0.5,1.0,17250.15582779213
528,9504,-0.3117253318391482,0.019754485682385543,0.17722920780501625,0.5,1.0,17279.58062587492
529,9522,-0.6226927171335319,-0.023193586554768678,0.251910459171961,0.5,1.0,17308.40230033407
530,9540,-0.30152375244103524,0.06525891188541753,0.2945146924745663,0.5,1.0,17336.81184345903
531,9558,-0.21718048199972273,0.03135326360206728,0.19954630879108615,0.5,1.0,17366.391182209132
532,9576,-0.2754225046383363,0.07656398556869298,0.2953412207474432,0.5,1.0,17395.745234084083
533,9594,-0.43381608968608365,0.005238834027152873,0.16093855919624334,0.5,1.0,17424.877176417038
534,9612,-0.5408265732773838,-0.010440657808980526,0.21398810550609187,0.5,1.0,17454.703441791935
535,9630,-0.13280012412327213,0.07137883708133216,0.1689125218891344,0.5,1.0,17483.622803792125
536,9648,-0.3930112861485542,0.5946118736841421,2.2912640010653638,0.5,1.0,17514.035447499948
537,9666,-0.2549282780925486,0.06847545516741436,0.18617539072237274,0.5,1.0,17545.588846792
538,9684,-1.0361763169167064,-0.07900956286056843,0.324654140647933,0.5,1.0,17574.473044666927
539,9702,-0.5789788633149779,0.06370995548847835,0.3490905104531402,0.5,1.0,17603.661963792052
540,9720,-0.8514704657013912,-0.11277175580523213,0.221702886738339,0.5,1.0,17631.937526459107
541,9738,-0.6388972448890975,-0.03377051563073562,0.20656372384034155,0.5,1.0,17662.693660542136
542,9756,-0.3339710665704194,-0.006276421184863897,0.17849480169333856,0.5,1.0,17692.31913091708
543,9774,-0.5301583537576882,-0.008879262818250331,0.2759253864747453,0.5,1.0,17722.671578292036
544,9792,-0.73299340744496,-0.07410758679709935,0.20087718594963605,0.5,1.0,17751.626955416985
545,9810,-0.40275511832583444,0.04413200421297055,0.2282200509643917,0.5,1.0,17781.805093792034
546,9828,-0.5915674900639116,-0.07435725017605904,0.18064078872956205,0.5,1.0,17812.42723404197
547,9846,-0.26325198108552605,0.028307935713294215,0.13180001425669946,0.5,1.0,17843.220875666942
548,9864,-0.2300850775441896,-0.04415965976076465,0.1065178668463735,0.5,1.0,17874.287959000096
549,9882,-1.087164302555026,-0.09674340733404779,0.30402917254859446,0.5,1.0,17903.771846249932
550,9900,-0.37924516133667385,0.05351453564546264,0.19959099511982092,0.5,1.0,17932.07151041692
551,9918,-0.6791146585753447,-0.041795207474626644,0.2857371725872627,0.5,1.0,17960.849862959003
552,9936,-0.3607079310446668,-0.0218734811922991,0.1671097248531689,0.5,1.0,17990.744723625015
553,9954,-0.43490055418839013,-0.030111639580760227,0.16640951327023598,0.5,1.0,18021.27058141702
554,9972,-0.33059626297156,0.5984985187907665,2.292714784052461,0.5,1.0,18051.19153862493
555,9990,-0.4915350314603044,-0.04903892683553974,0.1508775242436214,0.5,1.0,18080.508703666972
556,10008,-0.1776191199451107,0.6452705593660389,2.276586892052461,0.5,1.0,18108.692471000133
557,10026,-0.5309221872645553,0.5149786554231711,2.306738843056986,0.5,1.0,18136.98549833405
558,10044,-0.7047430385599691,-0.050254615248984495,0.3034450854073914,0.5,1.0,18165.77637504204
559,10062,-0.17611664676922079,0.09691852298439017,0.15667543456729374,0.5,1.0,18194.34075158392
560,10080,-0.25046229697013,0.10666952596972805,0.3164042694385343,0.5,1.0,18223.644061417086
561,10098,-0.2866708126260047,0.5050150710394089,2.3076017273489886,0.5,1.0,18252.04693874996
562,10116,-0.4437125397338235,-0.029236081559164646,0.24073935522977236,0.5,1.0,18282.849160416983
563,10134,-0.3351132000405377,0.5794813011103547,2.291644601072669,0.5,1.0,18311.957463542
564,10152,-0.30914668430395764,0.05918678217301713,0.1998431476142567,0.5,1.0,18340.53074966697
565,10170,-0.6859699628796614,-0.04668656070117653,0.20405597743823292,0.5,1.0,18369.838168417104
566,10188,-0.5117070180342953,0.02925404670305001,0.2738354599364766,0.5,1.0,18398.46257562493
567,10206,-0.20276161148260652,0.0501425241465084,0.16938653409879245,0.5,1.0,18426.81495354208
568,10224,-0.6647288981034114,0.02361008265432228,0.3502621075102539,0.5,1.0,18455.577384667005
569,10242,-0.6160624671575707,-0.04867179409830655,0.21306641756298908,0.5,1.0,18484.88719441695
570,10260,-0.25602304440439383,0.05135274585494429,0.2158751642573928,0.5,1.0,18513.985336625017
571,10278,-0.3208058600892745,0.7400661452554349,2.2603873764360802,0.5,1.0,18542.874740917003
572,10296,-0.9785288244583299,-0.1024096645124463,0.305627405169994,0.5,1.0,18571.09913825011
573,10314,-0.06645976974790635,0.09999078655388881,0.1857407751816259,0.5,1.0,18600.723230541917
574,10332,-0.26281465433408613,-0.007592859473824277,0.18094180968664406,0.5,1.0,18629.31266141706
575,10350,-0.4964743716537541,-0.03588289450233208,0.2092625045135126,0.5,1.0,18659.590845583938
576,10368,-1.1577452632706278,-0.019077634584910234,0.4436520461022718,0.5,1.0,18689.139464874985
577,10386,-0.71606325667973,-0.01965414934032688,0.2471036488239366,0.5,1.0,18717.666673042113
578,10404,-0.6216623788602114,-0.015630034825462227,0.26397076754610804,0.5,1.0,18747.127019834006
579,10422,-0.4544682205273869,-0.018214040352937586,0.19504868841586864,0.5,1.0,18776.503713374957
580,10440,-1.3316798768578906,-0.05241289465462332,0.37606274230452214,0.5,1.0,18805.970572292106
581,10458,-0.33418336092218404,0.04609250523582394,0.2735318145501916,0.5,1.0,18835.601847375045
582,10476,-0.2817708594043644,0.04989986471950569,0.23193262913626556,0.5,1.0,18863.95416666707
583,10494,-0.5724627450074395,0.08372098858313354,0.2857567440246299,0.5,1.0,18892.04877212504
584,10512,-0.44349828535509417,1.0883980965822255,3.1562351005817963,0.5,1.0,18920.852901292033
585,10530,-0.6175697942468341,0.007801538317776056,0.21346802833576425,0.5,1.0,18950.27037945902
586,10548,-0.20442473729937216,0.020670026233331425,0.18672212793022164,0.5,1.0,18979.117667792132
587,10566,-0.43403230944206594,0.0417389370446596,0.20836074730957393,0.5,1.0,19009.253889125073
588,10584,-0.8694640384752317,0.043225402415136095,0.27074647731025553,0.5,1.0,19038.29156129202
589,10602,-0.9436509030681295,0.481980557614757,2.321906874874371,0.5,1.0,19068.855188209098
590,10620,-0.25708498885686826,0.0808976403676456,0.1881122585314954,0.5,1.0,19098.34875779203
591,10638,-0.5781434795766325,-0.011420345317056343,0.23942172281381863,0.5,1.0,19127.664266959066
592,10656,-0.8417315119589501,-0.0318108786044164,0.3550966663531346,0.5,1.0,19156.168774584075
593,10674,-0.4656572914129775,0.002611840594260389,0.2654555526973477,0.5,1.0,19185.33177400008
594,10692,-0.4003562157685634,0.05244110105998296,0.24399809182955698,0.5,1.0,19214.107632749947
595,10710,-0.7063478973206667,0.09413756424797137,0.3058101430175653,0.5,1.0,19242.80351779214
596,10728,-0.27675657945861065,0.003546358025093177,0.2044277730133156,0.5,1.0,19270.708425750025
597,10746,-0.14606180128369406,0.10530893715866095,0.30870650464420574,0.5,1.0,19299.164208084112
598,10764,-0.4584938445068145,-0.006378655837207031,0.2138309393748699,0.5,1.0,19327.83352487511
599,10782,-0.5202852761572201,0.5517210350738716,2.3010306777084155,0.5,1.0,19356.87207049993
600,10800,-0.5703999041084336,-0.02026897989138115,0.25999318997364484,0.5,1.0,19386.326077250065
601,10818,-0.31993499674216075,0.06212018925449462,0.19667335414762122,0.5,1.0,19415.755398417125
602,10836,-0.9114986524411934,-0.09222639102588717,0.2994627087530396,0.5,1.0,19444.47958220914
603,10854,-0.2858870513036429,0.0034007929679377527,0.12449549208499563,0.5,1.0,19474.165182875004
604,10872,-0.2921028395047731,0.008289939961719513,0.25883586249099244,0.5,1.0,19502.710298666963
605,10890,-0.7557016866010198,-0.024571094082155447,0.225486740578939,0.5,1.0,19530.851521084085
606,10908,-0.6300941704289578,0.05988596169788209,0.3785689817790344,0.5,1.0,19559.43450162513
607,10926,-0.7693481114099949,-0.051718469245059705,0.2640587573523981,0.5,1.0,19588.888925959123
608,10944,-0.644248529554349,0.04538321221784663,0.271741181238147,0.5,1.0,19617.865114875138
609,10962,-0.4829975517554166,0.05355963273109158,0.24239904226150547,0.5,1.0,19647.363516916987
610,10980,-0.30320769473668374,0.0030231444699845905,0.24838955869879897,0.5,1.0,19676.76588679198
611,10998,-0.5783843704218645,0.018919297206253342,0.20588141529959522,0.5,1.0,19706.05893383408
612,11016,-0.515971668769204,0.009067967214007537,0.21477645361475892,0.5,1.0,19735.822541791946
613,11034,-0.4941596311441909,0.5018473451055743,2.3131843289786893,0.5,1.0,19767.56105633406
614,11052,-0.698516858027423,-0.055633161959273175,0.24042234414160676,0.5,1.0,19795.84404104203
615,11070,-0.28324085707398616,0.049126255638132076,0.2628650387251483,0.5,1.0,19825.43036233401
616,11088,-0.2997803947467741,-0.005733330497206208,0.19822199534882007,0.5,1.0,19854.613577417098
617,11106,-0.759174549813828,-0.028278261932878843,0.2060831111850667,0.5,1.0,19884.274008250097
618,11124,-0.5419989282160165,-0.022364295691418512,0.25585219913440505,0.5,1.0,19913.0496563341
619,11142,-0.35547440735940494,0.050660810037868736,0.1881623551281212,0.5,1.0,19942.57674104208
620,11160,-0.5080062240611332,0.0022871334491491404,0.18861049684663067,0.5,1.0,19970.771159667056
621,11178,-0.4046504944259466,-0.047649838757545124,0.15106470739102515,0.5,1.0,19998.974441875005
622,11196,-0.5913631387940361,-0.005385982378741883,0.26728592687512526,0.5,1.0,20028.997242167126
623,11214,-0.49926517769962686,0.042763141905883914,0.23867533956673562,0.5,1.0,20058.008198624942
624,11232,-0.22054943527659532,0.5676222823617292,2.292448080979146,0.5,1.0,20087.131680750055
625,11250,-0.19146641250423713,0.12711783557738343,0.29859986018472395,0.5,1.0,20116.144554125145
626,11268,-0.6446600395834006,-0.03605786881084584,0.2338459435395708,0.5,1.0,20145.12087279209
627,11286,-0.1960621858156042,0.006592816403462049,0.12533019349413144,0.5,1.0,20173.756096208934
628,11304,-0.4191309001005923,-0.03688775451250197,0.14753578592996336,0.5,1.0,20202.962941042148
629,11322,-0.5037712795547247,-0.05449896698637592,0.20015678681779378,0.5,1.0,20232.122448541922
630,11340,-0.3565505601377632,0.002083285813942669,0.20072725149420803,0.5,1.0,20262.66354912496
631,11358,-0.5032061826517547,0.052791023788929824,0.2714056669896645,0.5,1.0,20292.651316249976
632,11376,-0.2565407089162832,0.004757156819445206,0.161026406801142,0.5,1.0,20321.06060379208
633,11394,-0.27492573057027947,-0.022779300503148567,0.13460609792827655,0.5,1.0,20349.449930333998
634,11412,-0.15500986768566527,0.10578470244886379,0.16793560062287347,0.5,1.0,20380.054560667137
635,11430,-0.2877039690191081,0.06725143975178598,0.1823120807678864,0.5,1.0,20410.511078208918
636,11448,-0.143412101454631,0.0755499197136549,0.12594846554094719,0.5,1.0,20440.24731420912
637,11466,-0.40893205850778536,0.005311224354059569,0.16719937348585492,0.5,1.0,20469.332969750045
638,11484,-0.2507694586265661,-0.00821004958007501,0.10182979010359408,0.5,1.0,20497.833098167088
639,11502,-0.34811446519989087,-0.08776707537378758,0.19115674491502355,0.5,1.0,20527.316611459013
640,11520,-0.43413189611773007,-0.0010828900760829147,0.2466577663202242,0.5,1.0,20556.983928625006
641,11538,-0.609601133216974,-0.027114627766525363,0.25406919636396313,0.5,1.0,20586.104808917036
642,11556,-0.40890068306133376,0.003909044581905589,0.16061586484894003,0.5,1.0,20615.943615375087
643,11574,-0.39631504652707505,0.6049450215254271,2.2882786554527406,0.5,1.0,20647.055335958954
644,11592,-0.6761427119952854,-0.08111708574003876,0.24379451678001723,0.5,1.0,20676.157523958944
645,11610,-0.302696987714028,0.07696183205383954,0.23488195761300365,0.5,1.0,20705.246862374945
646,11628,-0.2708196672564993,0.590028721817725,2.2897189238668947,0.5,1.0,20733.510074417107
647,11646,-0.6590392476129843,-0.06923397206917652,0.20545996953189127,0.5,1.0,20762.99638395896
648,11664,-0.36963700731760873,0.03761931898978767,0.2220728872753115,0.5,1.0,20791.374107541982
649,11682,-0.49813416120604526,-0.037945098095280114,0.16927718987342777,0.5,1.0,20824.151290042093
650,11700,-0.20507759520489888,-0.014654488324278415,0.13274876559703877,0.5,1.0,20853.62901520892
651,11718,-0.2710931801860825,0.030563908972034672,0.18681398404528265,0.5,1.0,20883.392557166982
652,11736,-0.4987345603326423,0.041363355364095425,0.16553222769150877,0.5,1.0,20912.131039791973
653,11754,-0.6579175233395418,-0.01255580971363167,0.20283541080490208,0.5,1.0,20940.95697483397
654,11772,-0.3692248360742836,0.030774068666197005,0.21797874048962249,0.5,1.0,20970.307862667134
655,11790,-0.5679935460276466,-0.04204871441130514,0.2602400096041757,0.5,1.0,20999.895537750097
656,11808,-0.7987843411399043,-0.06830886044117997,0.3082673474387231,0.5,1.0,21028.93370004208
657,11826,-0.3816527870745796,0.01662549254004015,0.1998924958770427,0.5,1.0,21057.91987870913
658,11844,-0.8550997063629975,0.000873636751611389,0.3492884992307641,0.5,1.0,21085.800198249985
659,11862,-0.48950588436075115,-0.04836499367929381,0.15460898098232476,0.5,1.0,21114.57485237508
660,11880,-0.16801785731711494,0.058269264706825724,0.15333661859174127,0.5,1.0,21143.154300250113
661,11898,-0.36364265700747467,1.0818759415560733,3.1593074612188854,0.5,1.0,21171.189023459097
662,11916,-0.15910395792249332,0.1326374060333816,0.1975343795069134,0.5,1.0,21201.17898641713
663,11934,-0.20931993439666385,0.5871340142357855,2.297355824279284,0.5,1.0,21230.19947650004
664,11952,-0.5768740370385226,-0.0019015904743502096,0.24700324241781602,0.5,1.0,21258.686811916996
665,11970,-0.41457675178609854,-0.05749207601860911,0.16252881233340227,0.5,1.0,21287.601189624984
666,11988,-0.1907260398688413,0.006914693098909858,0.15944087984331076,0.5,1.0,21316.775657624938
667,12006,-0.49916163128070323,-0.04437185982216338,0.20501208552727496,0.5,1.0,21345.432930167066
668,12024,-0.4491073012109972,0.04244571515262536,0.22350436795422746,0.5,1.0,21374.328753541922
669,12042,-0.22218408695000047,0.1555810613739291,0.2211339887234216,0.5,1.0,21403.030897625023
670,12060,-0.45862030706234425,0.03633330416090338,0.23523457190115904,0.5,1.0,21432.26195320906
671,12078,-0.705220393089161,-0.022817062147144976,0.28101602019757205,0.5,1.0,21462.539336333983
672,12096,-0.3054967178398318,0.09650087326011282,0.2256068825994394,0.5,1.0,21493.82164095901
673,12114,-0.4436430875667652,-0.06889741447046206,0.25564705971257856,0.5,1.0,21522.82165700011
674,12132,-0.9232436422164438,0.01816245229588927,0.33424567653508236,0.5,1.0,21552.233824459137
675,12150,-0.6074548856310384,0.5387485875149385,2.3038804884012425,0.5,1.0,21585.181703666924
676,12168,-0.327158860737093,0.07239147263701042,0.24676999560511503,0.5,1.0,21614.41700437502
677,12186,-0.830293186294055,0.04980968581255417,0.34095007493772816,0.5,1.0,21643.125800624955
678,12204,-0.51461572589929,0.03570168298786926,0.24075686494552323,0.5,1.0,21672.28652462503
679,12222,-0.4614288368422814,0.06809361065282814,0.2386387655739079,0.5,1.0,21701.351640166948
680,12240,-0.8755747047560956,0.008459293291240844,0.4580982724139356,0.5,1.0,21731.19146650005
681,12258,-0.444065643378484,0.04158742616582738,0.2088466178567642,0.5,1.0,21760.006974291988
682,12276,-0.49586194721804056,-0.008031673249233496,0.19740090077879263,0.5,1.0,21789.55169308395
683,12294,-1.0982097850159445,-0.10863642411317181,0.36949933736621154,0.5,1.0,21817.62211141712
684,12312,-0.47389224557141496,-0.05557907460539487,0.21165780408282103,0.5,1.0,21845.943749292055
685,12330,-0.33035371607832875,0.02035323548781874,0.20628518705528692,0.5,1.0,21874.670147042023
686,12348,-0.5172063550750909,-0.08629717232383088,0.22318081643994533,0.5,1.0,21904.266219374957
687,12366,-0.9455094967625408,-0.04301264142919243,0.37196643937950424,0.5,1.0,21932.405881625134
688,12384,-0.6346869606712584,0.5609534541403366,2.300207324968496,0.5,1.0,21960.60281025013
689,12402,-0.8089228561691133,0.04829381092485511,0.31596815765373565,0.5,1.0,21988.974598499946
690,12420,-0.5870973237023405,-0.02940775963865984,0.20722470940003146,0.5,1.0,22017.528725374956
691,12438,-0.42240255443047925,0.5973325436502438,2.2953536624331976,0.5,1.0,22045.141333041945
692,12456,-0.29799247484168045,-0.015618793955096097,0.13046132643110175,0.5,1.0,22073.915917000035
693,12474,-0.8629487214898148,-0.030531548949890446,0.32431272250208304,0.5,1.0,22102.531885541975
694,12492,-0.47012267886172143,-0.038786169264930205,0.2244700798910075,0.5,1.0,22131.557075750083
695,12510,-0.5185265547808955,-0.0716768394328816,0.1525254175894708,0.5,1.0,22159.740965334
696,12528,-0.44236597811761236,-0.0009361995333405401,0.17647222063495838,0.5,1.0,22188.18651150004
697,12546,-0.630667272875117,-0.07465734110942934,0.2804575308288339,0.5,1.0,22216.735212250147
698,12564,-0.6665097200223462,0.08655075652386686,0.48556533943037467,0.5,1.0,22244.91028250009
699,12582,-0.2355483440517867,0.05385893132153768,0.15428359560283877,0.5,1.0,22273.603768417146
700,12600,-0.41896000933511424,0.6054517633664958,2.2908801221297277,0.5,1.0,22301.74193770904
701,12618,-0.686348532289335,-0.10076505313398713,0.254092835041068,0.5,1.0,22330.42022929201
702,12636,-0.28829746304722104,-0.005231108771961128,0.14595541681068044,0.5,1.0,22358.08217179193
703,12654,-0.2914997309138849,0.02237507012406069,0.1966851185908243,0.5,1.0,22387.77398995892
704,12672,-0.21175327024929036,0.6492793111017625,2.276796493759696,0.5,1.0,22416.763871917035
705,12690,-0.46908443526835697,-0.07711477143522909,0.1901888501035157,0.5,1.0,22447.135506834136
706,12708,-0.2554720497875502,0.027504841830936884,0.15965652589958673,0.5,1.0,22477.598362334073
707,12726,-0.44483896917605215,0.00980492148946599,0.16869454953961746,0.5,1.0,22507.837093041977
708,12744,-0.38487202157631195,-0.042963710371328484,0.1836139093532239,0.5,1.0,22537.517994249938
709,12762,-0.52173748861878,-0.040134366955237324,0.16864396456186484,0.5,1.0,22565.496340084122
710,12780,-1.327104074693409,-0.031276299843717346,0.3843183684603257,0.5,1.0,22593.83864691714
711,12798,-0.7139214581932078,0.0564952654163913,0.403141113296616,0.5,1.0,22622.869780916953
712,12816,-0.342819868130686,0.5345339487417058,2.304695409482986,0.5,1.0,22650.462784125004
713,12834,-0.8922955159968566,-0.05324879072277157,0.23359110655356455,0.5,1.0,22679.800612749998
714,12852,-0.32982273647526306,-0.03599432361622837,0.17074360550064244,0.5,1.0,22709.341614583973
715,12870,-0.48065060756147204,-0.07608742417554243,0.18024311918698566,0.5,1.0,22738.518149167066
716,12888,-0.4364866810612167,0.042847984934701135,0.309105102347944,0.5,1.0,22767.180148791987
717,12906,-0.3371005739808872,0.0503655374979513,0.237423863898685,0.5,1.0,22796.924428834114
718,12924,-0.6043701969859478,-0.011642872763373328,0.22089434212976375,0.5,1.0,22825.989922374953
719,12942,-0.7044912644218488,-0.13553821389555365,0.2722890217485041,0.5,1.0,22854.845318750013
720,12960,-0.3268699051964612,-0.002882876892414633,0.15747514378351318,0.5,1.0,22883.30861050007
721,12978,-0.18937205987902583,0.5730427021558615,2.2910491453224857,0.5,1.0,22912.68622949999
722,12996,-0.3096569998957017,-0.011926034366732945,0.19269543304033754,0.5,1.0,22942.313737916993
723,13014,-0.7763800164458363,-0.034446538582388636,0.26709238793151807,0.5,1.0,22970.641567500075
724,13032,-1.1196587562686426,-0.03668531036288493,0.3119652676304964,0.5,1.0,22999.670368584106
725,13050,-0.6884949152584783,0.5120439157201414,2.3166218213335625,0.5,1.0,23028.495886625024
726,13068,-0.6089509149401637,-0.009593746491305103,0.26151555093483714,0.5,1.0,23056.816020834027
727,13086,-0.6344855049022833,-0.05328125983136392,0.19886905535941732,0.5,1.0,23086.280682834098
728,13104,-0.4909665994610002,-0.05604634212319078,0.1931662099896959,0.5,1.0,23115.245022583986
729,13122,-0.41645057720053824,0.5248277190656719,2.3025841579801574,0.5,1.0,23143.312268666923
730,13140,-1.0045365064590408,-0.03957850923938801,0.3723049610770315,0.5,1.0,23172.06740358402
731,13158,-0.3782746736935607,0.09077459109222473,0.20765317386632715,0.5,1.0,23200.983843374997
732,13176,-0.30627875271507765,0.04728604310956265,0.2508443776040328,0.5,1.0,23229.97749479208
733,13194,-0.997966929925882,-0.09854014332235783,0.30051196627350985,0.5,1.0,23257.972654875135
734,13212,-0.48337556947102733,0.06894801842340348,0.26339471531777564,0.5,1.0,23286.74976670905
735,13230,-0.5320700041246278,-0.014887044120519357,0.24878287602528232,0.5,1.0,23315.273161333986
736,13248,-0.24623799349179265,0.10679446209560245,0.2339076413590537,0.5,1.0,23344.020237084012
737,13266,-0.4588036973262213,-0.07887051301852906,0.2376323371176835,0.5,1.0,23373.53174700006
738,13284,-0.6180797461078313,-0.0595777941543674,0.22933017109470255,0.5,1.0,23404.249105541967
739,13302,-0.42577541444054834,0.010024843954357099,0.2374777939304335,0.5,1.0,23433.70007954212
740,13320,-0.8300370737060456,-0.07207531965494009,0.24680820543358714,0.5,1.0,23463.962630667025
741,13338,-0.5934432991941225,-0.030089991852762496,0.24911811844822146,0.5,1.0,23493.59115608409
742,13356,-0.47677245446295036,0.03127683691996373,0.22023878652595222,0.5,1.0,23521.770262666978
743,13374,-0.3969813404356666,-0.02834368140824322,0.1830171409391627,0.5,1.0,23549.91397737502
744,13392,-0.6939800815922181,-0.007138592278565812,0.2540643033752832,0.5,1.0,23577.961972791934
745,13410,-0.22698488658481963,0.07237415730825106,0.1819505325710816,0.5,1.0,23606.72447683406
746,13428,-0.39606732767599695,-0.04576011576623958,0.191481491411775,0.5,1.0,23635.876132749952
747,13446,-0.2846763053128365,-0.024280424447576967,0.1771157004245395,0.5,1.0,23665.120229084045
748,13464,-0.5132568335760697,0.5759225421110004,2.2992350607166934,0.5,1.0,23693.508875292027
749,13482,-0.87906456422383,-0.1482989936470584,0.24047502787813296,0.5,1.0,23721.46202837513
750,13500,-0.36736602463028145,-0.007353392420286209,0.1964279316029017,0.5,1.0,23749.670687583974
751,13518,-0.5190863357880193,0.5277348008090144,2.3087010970317303,0.5,1.0,23779.797915250063
752,13536,-0.35984823073037475,0.5839818681076637,2.3092685110163873,0.5,1.0,23807.841359750135
753,13554,-0.23869650923840968,-0.026701825131142904,0.11919228413996746,0.5,1.0,23836.230098292
754,13572,-0.4054145846451238,-0.061823624902026184,0.18054483659567455,0.5,1.0,23865.58587724995
755,13590,-0.7021045246111628,-0.10223705509873346,0.1911680316576513,0.5,1.0,23894.23902870901
756,13608,-0.630725419997967,-0.025070065795050618,0.22535338720456174,0.5,1.0,23922.391160000116
757,13626,-0.20903120380739715,0.5865039979816467,2.285447905967875,0.5,1.0,23950.547892624978
758,13644,-0.19951315891183707,0.011949799178554234,0.1432361869834439,0.5,1.0,23979.139731958974
759,13662,-0.5657119096681269,-0.03537233961518509,0.29139654503325074,0.5,1.0,24007.867024583975
760,13680,-0.3866604245106622,-0.08379572628767601,0.14991579127486113,0.5,1.0,24036.330828459002
761,13698,-0.4428168396527994,-0.023567301344234445,0.13754318472394195,0.5,1.0,24064.82553970907
762,13716,-0.12658239769267254,0.08262981496041795,0.17810607961987512,0.5,1.0,24093.431243250147
763,13734,-0.22621578199854664,0.021578547340142022,0.16229651721915278,0.5,1.0,24123.483412791975
764,13752,-0.4047500566683482,0.022927724122124182,0.16948010095952598,0.5,1.0,24153.08908904204
765,13770,-1.1239141339830914,0.005054889361722924,0.34698448355464445,0.5,1.0,24182.018625084078
766,13788,-1.1494828996318551,-0.05678885305413939,0.4196301904104137,0.5,1.0,24211.13077120902
767,13806,-0.5379845136578805,0.4372308795789732,2.3280429613654796,0.5,1.0,24240.142879833933
768,13824,-0.35306023382276663,0.028794062805181438,0.19149899244042012,0.5,1.0,24268.334405249916
769,13842,-1.0328595752382288,-0.07733337443200908,0.3130721436299733,0.5,1.0,24297.826783959055
770,13860,-0.7680604052351478,-0.032601597881744215,0.31700212830122154,0.5,1.0,24326.03384908405
771,13878,-0.3237262662164113,-0.012714928584600512,0.14561223991170988,0.5,1.0,24354.893548791995
772,13896,-0.21214559046591575,0.5899807121640254,2.285717470782949,0.5,1.0,24383.249970959034
773,13914,-0.5500820324732363,-0.026700467878630105,0.23401010973313813,0.5,1.0,24412.72498125001
774,13932,-0.6762945574211772,0.034356571147345,0.2972092193971732,0.5,1.0,24441.28437820892
775,13950,-0.3138599394456074,0.01327641783908446,0.15682081182400098,0.5,1.0,24470.618976542028
776,13968,-0.6598519236004039,-0.050535087902439595,0.2412302085539625,0.5,1.0,24499.327393291984
777,13986,-0.29128460632904485,0.017861957553732162,0.19807107477669303,0.5,1.0,24528.147070708917
778,14004,-0.2962780993337448,0.13010818609016614,0.30561413473102905,0.5,1.0,24557.07874345896
779,14022,-0.3064635862190528,0.09940490549057346,0.31657264658775436,0.5,1.0,24586.976508124964
780,14040,-0.39393242089337743,-0.014454967333627068,0.16265808634965137,0.5,1.0,24618.627069625072
781,14058,-0.589467881948023,-0.0022878926949617805,0.196646031117417,0.5,1.0,24647.159241874935
782,14076,-1.1726190938004466,-0.1264757097431676,0.3173096532732206,0.5,1.0,24676.75778895896
783,14094,-0.21008077930134572,0.03809893664816707,0.1258605983498185,0.5,1.0,24705.29256958398
784,14112,-0.3267628700242202,0.10434579019271434,0.23725009811604034,0.5,1.0,24733.83115162514
785,14130,-0.2550528670428083,0.05571574965973151,0.17076030938035278,0.5,1.0,24763.254607334035
786,14148,-0.1703236346767838,0.6659165241640044,2.271425479520637,0.5,1.0,24791.881152166985
787,14166,-0.18521105770138213,0.09514391775155095,0.16066665370460656,0.5,1.0,24822.270564292092
788,14184,-0.18897380391202034,0.02106979598987345,0.184515372637769,0.5,1.0,24851.37681966694
789,14202,-0.3904304764722779,1.0761248879218244,3.162837363825721,0.5,1.0,24879.766956000123
790,14220,-0.559074443655537,0.003336917778003675,0.2802015585507832,0.5,1.0,24908.022863584105
791,14238,-0.3859227867121149,0.517386042574406,2.307576843159603,0.5,1.0,24938.257746208925
792,14256,-0.28835429607884233,-0.002346321378905447,0.19689046569303487,0.5,1.0,24966.118712292053
793,14274,-0.6444383829488887,0.019522773387237475,0.24243384792408576,0.5,1.0,24994.638022042112
794,14292,-0.28422864187123054,-0.010078620585055178,0.1267377594312177,0.5,1.0,25023.10872066696
795,14310,-0.862278024303869,-0.016575078035996487,0.3030291899427871,0.5,1.0,25050.9741415421
796,14328,-0.35525597263678943,0.1018373320919661,0.19708016393451433,0.5,1.0,25079.39153379202
797,14346,-0.13712673113561014,0.1118545154788087,0.20025759082164898,0.5,1.0,25107.822344125016
798,14364,-0.45065938498325675,-0.02034825139115353,0.2184945257162698,0.5,1.0,25136.643823083956
799,14382,-0.4027446747848362,-0.050327537461583076,0.1479441773780199,0.5,1.0,25169.190011542058
800,14400,-0.3949046954886617,-0.042098156549071036,0.25003704781902086,0.5,1.0,25198.49780916702
801,14418,-0.3045988428894715,0.24199489966912724,0.32892542656524804,0.5,1.0,25226.863679250004
802,14436,-0.22078535688418555,0.06236063064088901,0.2067824066747168,0.5,1.0,25256.398621333996
803,14454,-0.3169324112339762,0.0801162410659586,0.29960558429318945,0.5,1.0,25285.054044292076
804,14472,-0.6596612886153306,0.03335290919631026,0.25846391593353013,0.5,1.0,25313.662095292006
805,14490,-0.7878491269660399,-0.06133511196196024,0.23643477903687185,0.5,1.0,25342.712150542066
806,14508,-0.26219594410443214,0.06898314185375047,0.3002870472703571,0.5,1.0,25371.03254920896
807,14526,-0.29704168433400824,0.09553377091911822,0.26965542188602526,0.5,1.0,25400.10634062509
808,14544,-0.3401646088112944,0.4980652183386883,2.3125382654107343,0.5,1.0,25428.14296608395
809,14562,-0.2845971807672081,0.0008870539215286577,0.11563325298302254,0.5,1.0,25456.669955333928
810,14580,-0.3358031055254429,-0.053826385048056334,0.1268512918141363,0.5,1.0,25484.76891933405
811,14598,-0.6579187779496074,-0.003430749096774408,0.2986552910595349,0.5,1.0,25512.73501658393
812,14616,-0.48612331630380723,-0.0756685081872736,0.15313554522503514,0.5,1.0,25542.50632029213
813,14634,-0.7052364508191795,-0.017634506055502788,0.3447488703263191,0.5,1.0,25572.312910666922
814,14652,-0.7058953229247296,-0.06513374908177402,0.266821534963971,0.5,1.0,25600.186218917137
815,14670,-0.7264880442372261,-0.17172741726740165,0.23383518163113584,0.5,1.0,25628.668543000007
816,14688,-0.38622213714256404,-0.03719322749880252,0.1593846512326082,0.5,1.0,25657.99188541714
817,14706,-0.6134623136659538,-0.06039100424620027,0.23253724729260006,0.5,1.0,25687.43491237494
818,14724,-0.29835438077234144,0.08907836597897356,0.2876856211769558,0.5,1.0,25716.757786334027
819,14742,-0.1042497935811122,0.07684443977090208,0.12714938971259607,0.5,1.0,25745.988466167124
820,14760,-0.5492036099420812,-0.014397500994161138,0.2156768729079694,0.5,1.0,25775.85544812493
821,14778,-0.6150642739229326,-0.0090233549049931,0.19357155291454167,0.5,1.0,25804.76022170903
822,14796,-0.13066933155905058,0.09419195080935555,0.20014560659397007,0.5,1.0,25833.89297383395
823,14814,-0.5075516354141572,0.030278182946672158,0.24471110845034827,0.5,1.0,25863.561485416954
824,14832,-0.8098622410868073,-0.01870947385936978,0.22564789589373965,0.5,1.0,25892.088248500135
825,14850,-0.8027757964386311,-0.0686567792384115,0.268574374406145,0.5,1.0,25920.16963937506
826,14868,-0.3255372422222216,0.03612965059267258,0.1861773536542926,0.5,1.0,25949.04275891697
827,14886,-0.38513254723361,-0.023669156209469695,0.22640260936194223,0.5,1.0,25977.552548042033
828,14904,-0.3401202178913296,0.05274406078305086,0.22161711455046723,0.5,1.0,26005.91836108407
829,14922,-0.8127708584743756,-0.030284356708219235,0.3759770367795101,0.5,1.0,26035.040078042075
830,14940,-0.6264155958241329,-0.0688573676397273,0.17755496038607266,0.5,1.0,26063.43083366705
831,14958,-0.43040231869054324,0.021979490536653837,0.21151896517804497,0.5,1.0,26091.863697084133
832,14976,-0.5785332915349501,0.11482611718375058,0.3814120245448098,0.5,1.0,26120.079793417128
833,14994,-0.5018879314204296,1.0496942759280268,3.169244180309733,0.5,1.0,26149.02858716692
834,15012,-0.7374633445529355,-0.04054973157345573,0.23530516078629418,0.5,1.0,26177.424774459098
835,15030,-0.20243801732866373,0.012557417821415,0.12917827289645328,0.5,1.0,26207.33669262496
836,15048,-0.27457267612380143,0.07362486474915997,0.2046481939596878,0.5,1.0,26235.87429441698
837,15066,-0.348354622066509,0.10507656255040428,0.33766763629422186,0.5,1.0,26265.315544750076
838,15084,-0.216481675077695,0.10460335599760759,0.1823179357781074,0.5,1.0,26294.518322624965
839,15102,-0.22045496127904496,-0.04962548109576353,0.0906302973828645,0.5,1.0,26323.220572000137
840,15120,-0.3107628100580184,0.04559974799345682,0.2990621066343893,0.5,1.0,26352.416921250056
841,15138,-0.4538874753809239,0.632122075376793,2.2859035939546337,0.5,1.0,26381.943097334122
842,15156,-0.23436996368904772,0.029260977152092957,0.16133418567758726,0.5,1.0,26410.418680500006
843,15174,-0.49165499056414763,-0.0026189753379990658,0.21187067484301988,0.5,1.0,26440.312840041937
844,15192,-0.5381173068752334,-0.07831649573270477,0.19332527442105413,0.5,1.0,26468.98630837514
845,15210,-0.4272882952983599,0.018396665289049312,0.29733895435038166,0.5,1.0,26497.68271412514
846,15228,-0.7232248341707113,-0.0360651337100749,0.25400935785308215,0.5,1.0,26526.452690708917
847,15246,-0.8419479110412542,0.02420422421735023,0.42249462133839555,0.5,1.0,26554.75162949995
848,15264,-1.3504171012336688,-0.2048628659454509,0.35663001728012733,0.5,1.0,26584.190286542056
849,15282,-0.6700751588819429,-0.06541324393535126,0.2101653311556755,0.5,1.0,26613.93623745907
850,15300,-0.36817522370405964,0.47940974440129014,2.3146581572790073,0.5,1.0,26641.51051241695
851,15318,-0.5211883455456565,-0.03154448991952395,0.23954512635751837,0.5,1.0,26670.58613537508
852,15336,-0.299402507440349,0.013172156941546387,0.16346627709088996,0.5,1.0,26699.540227709105
853,15354,-0.36702229860288327,0.04053539179325652,0.1571380114968206,0.5,1.0,26728.74555858411
854,15372,-0.5822587954487304,-0.07401491026602347,0.21552350465848533,0.5,1.0,26758.518403750146
855,15390,-0.41364330456197695,-0.03551009025881793,0.12946308351395447,0.5,1.0,26786.98340395908
856,15408,-0.84631477994271,-0.16020944727527858,0.29025480448261715,0.5,1.0,26816.862167667132
857,15426,-0.5617697915116082,-0.039300056251133274,0.200306816667683,0.5,1.0,26845.77289366699
858,15444,-1.6533209547688559,-0.181737076635576,0.43338189994307025,0.5,1.0,26874.80612129206
859,15462,-0.5033488396162014,-0.004124172813158861,0.21431881192505536,0.5,1.0,26905.75247012498
860,15480,-0.7751582537988497,-0.13814897760629302,0.2858446544057443,0.5,1.0,26935.45646604197
861,15498,-0.3812143519742621,-0.039780446908822764,0.2051682803369684,0.5,1.0,26964.49465766712
862,15516,-0.27546291708566617,0.02816938728619631,0.18561083961791466,0.5,1.0,26998.394295749953
863,15534,-0.2090869725102209,0.12431857877287117,0.20261798588199811,0.5,1.0,27027.107230999973
864,15552,-0.5216389099303438,0.03986402885655919,0.2648554032290191,0.5,1.0,27056.36275783414
865,15570,-0.23153736281235737,-0.01640815174695318,0.14525903569220416,0.5,1.0,27085.007358375005
866,15588,-0.24947306359046184,0.5474692826939831,2.297186793541408,0.5,1.0,27113.962864374975
867,15606,-0.24059490812474227,0.02627858768538285,0.1295456730401409,0.5,1.0,27142.694696208928
868,15624,-0.2782254112363898,0.06702101887174639,0.2092484815531127,0.5,1.0,27172.28348174994
869,15642,-0.46801457327284357,0.0225104353940597,0.26643566173138683,0.5,1.0,27200.629604167072
870,15660,-1.0475642223359998,-0.033762389052830834,0.43885599738794057,0.5,1.0,27229.146062459098
871,15678,-0.591366680636348,0.005409661319487736,0.2127334654520088,0.5,1.0,27257.62109391694
872,15696,-0.5714167548079425,-0.04389459008328497,0.21151879553907665,0.5,1.0,27286.090015042108
873,15714,-0.6777161267951,-0.007008399195587798,0.24448373206296842,0.5,1.0,27315.24455679208
874,15732,-0.5713391905484952,-0.01826165112091418,0.24921805937677288,0.5,1.0,27343.751180541934
875,15750,-0.45442349762292356,0.050992735639249345,0.22083619478827102,0.5,1.0,27372.21700358414
876,15768,-0.33771518565348124,0.13258336707178214,0.2910169767100008,0.5,1.0,27400.630579459015
877,15786,-0.6529451435314018,-0.12328217606146429,0.17830321633141147,0.5,1.0,27429.536022041924
878,15804,-0.7960746527269471,-0.07958366583197554,0.2568400145747021,0.5,1.0,27457.69917133404
879,15822,-1.0167847150923688,-0.08067968268648748,0.2901571249116637,0.5,1.0,27487.279246292077
880,15840,-0.5640035736432347,-0.009057873102778342,0.2705162003014871,0.5,1.0,27516.77409141697
881,15858,-0.23073638039390865,0.0041880036142615635,0.11285185540948044,0.5,1.0,27545.857122208923
882,15876,-0.3206509689451309,0.004555945378412061,0.25860625470057635,0.5,1.0,27574.807308250107
883,15894,-0.37010925856856325,0.015172235734834949,0.21900911442996757,0.5,1.0,27603.05185133405
884,15912,-0.19929862273634757,0.6560159181219828,2.277751897859068,0.5,1.0,27631.761676416965
885,15930,-0.5655869457070075,-0.032730447262859265,0.28130687323770065,0.5,1.0,27659.93809666694
886,15948,-0.48426676991767614,-0.016964090447323856,0.24744062199688635,0.5,1.0,27688.201317167142
887,15966,-0.3511979745793994,0.01447821242792862,0.14033927407717017,0.5,1.0,27717.355156250065
888,15984,-0.4242214907174997,-0.005807982514988079,0.2599956987568787,0.5,1.0,27746.253931875108
889,16002,-0.2730190370204504,0.0577070479858299,0.1589474155412864,0.5,1.0,27775.88822504203
890,16020,-0.1884231637600049,0.014546291783386314,0.18461875758232982,0.5,1.0,27804.43336837506
891,16038,-0.5007951826872139,-0.0513022348436121,0.15573416967608822,0.5,1.0,27833.093409291934
892,16056,-0.32863858581692007,0.09197466955240212,0.2412028052875761,0.5,1.0,27862.350241458975
893,16074,-0.3306159116439815,0.5945573165081611,2.2917656582510766,0.5,1.0,27890.235995166935
894,16092,-0.1782391418015914,0.068964443234497,0.16461502988550833,0.5,1.0,27920.02474100003
895,16110,-0.34364135273276464,0.0673568631156167,0.3004963587145177,0.5,1.0,27947.889312125044
896,16128,-0.08818072680465061,0.07617768628025351,0.12284435327683157,0.5,1.0,27976.27261391701
897,16146,-0.3696664643188248,0.1069721596974073,0.39875420536862655,0.5,1.0,28005.47613541712
898,16164,-1.3700392566653061,-0.0870361922849863,0.3604566719748164,0.5,1.0,28034.520457250066
899,16182,-0.3086508335276976,0.029948417085787722,0.21277732792179116,0.5,1.0,28063.56095900014
900,16200,-0.5555605763007687,-0.0191000875587441,0.2032969299762476,0.5,1.0,28092.903512542136
901,16218,-0.5785441739521264,0.5082533345600238,2.3111069360815875,0.5,1.0,28120.760299416957
902,16236,-0.2005113989461087,0.01370567726436874,0.12223004515594127,0.5,1.0,28148.836460750084
903,16254,-0.3662007591123917,-0.02760895936110641,0.23555536507614075,0.5,1.0,28178.096173084108
904,16272,-0.3259740237101614,0.6335128841477206,2.2858135970702524,0.5,1.0,28205.820662625134
905,16290,-0.311475584256355,0.05585237379322278,0.21436812172708403,0.5,1.0,28234.78531037504
906,16308,-0.5396805752715323,-0.07877698688169198,0.2149087623320134,0.5,1.0,28263.04114424996
907,16326,-0.6161676048565816,-0.09880604639790638,0.21945292268505504,0.5,1.0,28292.488769042073
908,16344,-0.3363382898227343,0.02836001188314648,0.17660838236888401,0.5,1.0,28320.737565584015
909,16362,-0.2710146688158961,-0.032746109112316554,0.15353303009783867,0.5,1.0,28349.57096720906
910,16380,-0.3437614431323972,0.07414330568953867,0.2551289072770462,0.5,1.0,28378.45902454201
911,16398,-0.40904680204868793,0.5542094442080926,2.3028155262779726,0.5,1.0,28406.92757312511
912,16416,-0.5596841807017441,-0.03809050576337859,0.2557835750563174,0.5,1.0,28435.412490291987
913,16434,-0.45066531629511264,-0.01578589642713525,0.16791293099584134,0.5,1.0,28463.68421629211
914,16452,-0.44176504218778856,-0.025698931007846742,0.24703385249961654,0.5,1.0,28492.192659209017
915,16470,-0.466709050099845,-0.08313666873859965,0.21299687049096405,0.5,1.0,28520.761237500003
916,16488,-0.5437712891370063,0.041756134932565615,0.22513131754067453,0.5,1.0,28549.928743167082
917,16506,-0.44507655444983296,0.03790159195006342,0.22057503101784068,0.5,1.0,28580.123490292113
918,16524,-0.33996892261425593,-0.004518763543021966,0.18037327584960336,0.5,1.0,28608.068282084074
919,16542,-0.3019441045707234,0.5460436018431102,2.298891175385867,0.5,1.0,28636.15367616713
920,16560,-0.5042986841279378,-0.008947670743311943,0.2605660574689586,0.5,1.0,28664.23400774994
921,16578,-0.18190786738924558,0.1683306471725549,0.36923748701810394,0.5,1.0,28693.44846129208
922,16596,-0.5701858489223461,0.02161136891167898,0.17391265930285074,0.5,1.0,28722.86256300006
923,16614,-0.2916618356322491,0.015024606121470373,0.13189641587458156,0.5,1.0,28751.94621987501
924,16632,-0.3134663071893682,0.05695502759761187,0.19786485897821163,0.5,1.0,28782.320176749956
925,16650,-0.5547268200201163,-0.02977595854202643,0.2184304579431125,0.5,1.0,28813.858365291962
926,16668,-0.6924355602754577,0.06096955644745952,0.3023533514995604,0.5,1.0,28842.445296042133
927,16686,-0.43518332229591294,-0.025362028180196186,0.1831564244971125,0.5,1.0,28871.95784358401
928,16704,-0.7635193822624373,-0.11838089338841357,0.31597779154116795,0.5,1.0,28900.313522709068
929,16722,-0.37464624879482145,0.02201721765697763,0.21646221838550603,0.5,1.0,28929.395902124932
930,16740,-0.4298331053558684,0.14793783431920934,0.38167530118177484,0.5,1.0,28958.045004792046
931,16758,-0.7167775683652389,-0.027440802681340366,0.21753948957266647,0.5,1.0,28986.733563834103
932,16776,-0.09038848317868098,0.09822955840861959,0.23515455630829635,0.5,1.0,29015.0599913341
933,16794,-0.2952136555797109,0.14108381059933559,0.30157591786639276,0.5,1.0,29043.39558108407
934,16812,-0.24331328989867362,0.18548251423314635,0.3266841704384873,0.5,1.0,29072.85751904198
935,16830,-0.30896696789443645,0.13670189755090517,0.4009555458633693,0.5,1.0,29101.570442874916
936,16848,-0.7289601400185255,-0.03314982641382505,0.2118001997586814,0.5,1.0,29131.598320834106
937,16866,-0.37279689210951794,0.032496781609184816,0.2114340165127314,0.5,1.0,29159.472727041924
938,16884,-0.15770127805672907,0.12079635409832218,0.31120213644811706,0.5,1.0,29187.686612209072
939,16902,-0.6479481853293638,0.0076921203440446385,0.28544886908423384,0.5,1.0,29215.25846987497
940,16920,-0.5118962494082879,0.48441276983044035,2.3154787376503023,0.5,1.0,29243.119154833956
941,16938,-0.9493030541890874,0.4864109670930947,2.326107231886537,0.5,1.0,29271.873501334107
942,16956,-0.5226684925096494,0.03695110608695348,0.3079139240773809,0.5,1.0,29300.505136917112
943,16974,-0.32537763510169615,0.5396485172615234,2.298398447965874,0.5,1.0,29328.631811292144
944,16992,-0.5505138851321583,-0.02518625348488785,0.2497055630724712,0.5,1.0,29356.77636274998
945,17010,-0.5987533322009666,-6.902416703022694e-05,0.2378814933921822,0.5,1.0,29384.900801541982
946,17028,-0.3018386341453523,0.0009664553903232016,0.16617203956265855,0.5,1.0,29413.299121249933
947,17046,-0.6592954520018894,-0.06582745135028897,0.28292390675758594,0.5,1.0,29441.483771499945
948,17064,-0.22775541761287776,0.09735567033984,0.21509610838983462,0.5,1.0,29469.101390250027
949,17082,-0.25597677678664876,0.019395365473148907,0.1569688417014851,0.5,1.0,29497.444293542067
950,17100,-0.32612423471950613,0.06086568481117386,0.23218362561693592,0.5,1.0,29526.48004558403
951,17118,-0.627853909384184,-0.009071662787994959,0.25394446956828554,0.5,1.0,29554.92373983399
952,17136,-0.4023972210463498,-0.012047169956571945,0.1877026477745648,0.5,1.0,29583.129799708957
953,17154,-0.3323572682746301,0.6010235356020422,2.288474445619096,0.5,1.0,29611.408975166967
954,17172,-0.65571224005076,-0.03742647448225108,0.23965822554033092,0.5,1.0,29640.073691542028
955,17190,-0.24566046647597162,0.07519744919960629,0.22178430913870817,0.5,1.0,29670.314555333927
956,17208,-0.34957295537298183,0.07825064774969641,0.2102716811167384,0.5,1.0,29699.353934209095
957,17226,-0.2862081856924492,0.6037986059471319,2.2839018653478593,0.5,1.0,29728.400997041957
958,17244,-0.08661093780668327,0.051595362773654806,0.13344397257531862,0.5,1.0,29757.059511583997
959,17262,-0.5425493739004041,0.47554836824488994,2.316643608203622,0.5,1.0,29786.119841916952
960,17280,-0.18233436338919695,0.08569271081119892,0.1967568883103915,0.5,1.0,29816.13448374998
961,17298,-0.3957450969578167,-0.0613025440411366,0.15044639755933947,0.5,1.0,29844.11054500006
962,17316,-0.8798222842396175,0.0427173156814373,0.3700473913250021,0.5,1.0,29873.585231459
963,17334,-0.3909234859042554,0.09280025017175036,0.23467846385937666,0.5,1.0,29902.576198084047
964,17352,-0.4906987459207217,0.5599645339935382,2.296497301221614,0.5,1.0,29930.40961949993
965,17370,-0.2304902973142937,0.07249276469305367,0.26943490405104953,0.5,1.0,29958.627882624976
966,17388,-0.6130003379042614,-0.06885928421614976,0.19006036460395484,0.5,1.0,29988.00516974996
967,17406,-0.7978324918539297,0.6419005137239124,2.3003311948978746,0.5,1.0,30016.802130667027
968,17424,-0.2798954699395182,0.047999225625242246,0.17459015332766983,0.5,1.0,30045.11150687514
969,17442,-0.7350333874495174,-0.024428213300550353,0.3131400019764356,0.5,1.0,30072.96172529203
970,17460,-0.5345276480413581,-0.020735514894520374,0.16284561703570874,0.5,1.0,30101.25647312496
971,17478,-0.3870903067990863,0.028286603492641768,0.26202573205066887,0.5,1.0,30131.172483833972
972,17496,-0.2860349903200836,0.007051983089956988,0.12429298807025785,0.5,1.0,30160.08014645893
973,17514,-0.4451347097426437,0.008867002670546409,0.2647238008060599,0.5,1.0,30190.052861667005
974,17532,-0.3704111836664774,0.026033473329763454,0.1847711149607562,0.5,1.0,30221.67384479195
975,17550,-0.6089655175034485,0.053564627284280686,0.2767789091162467,0.5,1.0,30252.81482145912
976,17568,-0.266825712405673,0.004474632957812524,0.1518850811654244,0.5,1.0,30282.95524291694
977,17586,-0.2156536434832068,0.05486157105842561,0.1827083629570238,0.5,1.0,30311.31376333395
978,17604,-0.08801927425395295,0.11361848857394492,0.25564944768981,0.5,1.0,30340.90000429214
979,17622,-0.2634900486593086,0.048472165555939424,0.1701774687586873,0.5,1.0,30370.10722479201
980,17640,-0.05302095437190868,0.12380066839179972,0.1859263133127842,0.5,1.0,30397.93521645898
981,17658,-0.43813634939367496,-0.03781291791081302,0.1714313574465361,0.5,1.0,30427.23832141701
982,17676,-0.6443752693119409,-0.11109050377028781,0.2478892132041295,0.5,1.0,30456.65722754202
983,17694,-0.2731777556893711,0.048484808760611814,0.20268102926307682,0.5,1.0,30487.568333874922
984,17712,-0.510803119521186,-0.06974527919075878,0.24466046617808251,0.5,1.0,30516.396191417007
985,17730,-0.16133779363959988,0.03177434474952485,0.13799483259388515,0.5,1.0,30545.500176792033
986,17748,-0.24579819212848797,0.07306453259347927,0.18059173522200642,0.5,1.0,30574.335311542032
987,17766,-0.5717521011592792,-0.048928159814307946,0.1797807871325736,0.5,1.0,30603.955036459025
988,17784,-0.25395809202413755,0.09086580081342345,0.17786126075251674,0.5,1.0,30632.548679834
989,17802,-0.46598707920038684,-0.052028593669346784,0.20000151466030666,0.5,1.0,30664.074077792
990,17820,-0.622615532350351,-0.07638803283746236,0.1835756787236985,0.5,1.0,30692.898463333957
991,17838,-0.2765256137102243,0.01496303066910714,0.10533533360047866,0.5,1.0,30721.504477042006
992,17856,-0.439346607207761,0.007225990701175948,0.16478832731489293,0.5,1.0,30750.33113233396
993,17874,-0.6957093434025978,0.019234521430422074,0.24277382376539752,0.5,1.0,30780.097438834142
994,17892,-0.8413560859780116,0.050495366811068663,0.3699169975038884,0.5,1.0,30809.272401625058
995,17910,-0.2574998513982072,-0.019624666596854173,0.15274908755549843,0.5,1.0,30838.10929033393
996,17928,-0.5207071432653247,-0.061257591379598866,0.20929140956828807,0.5,1.0,30869.426614667056
997,17946,-0.46109146346329943,-0.05208748143339786,0.14706507147037923,0.5,1.0,30897.74897075002
998,17964,-0.5940512343718343,0.04878162549084239,0.26779546258412795,0.5,1.0,30928.14080795902
999,17982,-0.5261438832601559,0.5021462991330973,2.3142643051408034,0.5,1.0,30957.952297042124
1000,18000,-0.30744745992483224,0.023924578431719815,0.18922195164231703,0.5,1.0,30987.466084291926
1001,18018,-0.36077787944013906,-0.007680601370908906,0.17796903971312378,0.5,1.0,31017.41225583409
1002,18036,-0.23513429532133578,0.055868107518764115,0.13416747018273084,0.5,1.0,31048.107355999993
1003,18054,-0.35062856556515154,0.00651260215265322,0.18414701479402282,0.5,1.0,31076.901164083974
1004,18072,-0.1656537499576105,0.050351648397172134,0.12452468758119553,0.5,1.0,31106.880603084108
1005,18090,-0.5941623243098944,0.013708039419714237,0.3534382063584563,0.5,1.0,31135.404639458982
1006,18108,-0.30697383819729485,0.024860338251484728,0.1421503208137976,0.5,1.0,31164.36768858414
1007,18126,-0.46270515642452814,-0.06405580533652448,0.20272232841763932,0.5,1.0,31192.988839166937
1008,18144,-0.426578491425774,0.6339756987739525,2.285620771918018,0.5,1.0,31222.57192745898
1009,18162,-0.06267252308078053,0.10486280293634248,0.17110893634153057,0.5,1.0,31251.121184667107
1010,18180,-0.37035464784850003,-0.039420879506556754,0.11306145971673369,0.5,1.0,31280.294155749958
1011,18198,-0.5120982192809098,0.6136973396297957,2.2930053850597867,0.5,1.0,31308.842691041995
1012,18216,-0.3412666088361691,0.023246017527659153,0.17435170371376177,0.5,1.0,31337.878417042084
1013,18234,-0.8159969317772484,-0.016410261064020906,0.3028429147562968,0.5,1.0,31366.988599959062
1014,18252,-0.7204050599938956,0.006789348636832769,0.25170264059158637,0.5,1.0,31396.211008334067
1015,18270,-0.662916381090989,-0.04618923200456147,0.20819704479264356,0.5,1.0,31425.464886917034
1016,18288,-0.19942063914346964,0.008746198038178369,0.13887066816833252,0.5,1.0,31455.446315417066
1017,18306,-0.20261376612825988,0.0936827929439634,0.24564455727772258,0.5,1.0,31484.926469333936
1018,18324,-0.4818178060189293,-0.006702013311592037,0.22100157659874659,0.5,1.0,31514.945971874986
1019,18342,-0.5310191820459531,-0.0321146708270037,0.25320267959790516,0.5,1.0,31544.08312866697
1020,18360,-0.41956582044894386,-0.02163686824299142,0.20303346688689147,0.5,1.0,31573.455681374995
1021,18378,-0.23245844032343577,-0.023814823148004698,0.12268896668416503,0.5,1.0,31603.28056100011
1022,18396,-0.31266609908322174,-0.005990216866760218,0.1809264192293099,0.5,1.0,31632.23024674994
1023,18414,-0.9733566626178121,-0.06757384625281018,0.3566031834923128,0.5,1.0,31660.75576662505
1024,18432,-0.45405437849604713,-0.029186118159105028,0.16944498976020328,0.5,1.0,31689.468522417126
1025,18450,-0.9903721637550937,-0.05723331180670242,0.2719509424517554,0.5,1.0,31718.676056416938
1026,18468,-0.36886135238767626,0.5306850867632972,2.301172477163364,0.5,1.0,31747.896947958972
1027,18486,-0.4685425986927312,-0.009079154860667633,0.3067548215634952,0.5,1.0,31777.259954500012
1028,18504,-0.15404939547026064,0.026925246394081892,0.1277074821850773,0.5,1.0,31806.434925999958
1029,18522,-0.32988169409602897,0.052967847801819276,0.1827804014655198,0.5,1.0,31835.12547287508
1030,18540,-0.22711715150939948,0.10218788180830193,0.254178831847504,0.5,1.0,31863.548918750137
1031,18558,-0.4397047812493824,-0.03477639507673638,0.19275729257230703,0.5,1.0,31891.85080479202
1032,18576,-0.7728683157579876,0.13038275779451775,0.4068744678454309,0.5,1.0,31919.847806999926
1033,18594,-0.5387805870544016,-0.008633022854127148,0.22960021963523985,0.5,1.0,31948.33869820903
1034,18612,-0.3190541349860485,0.046597166930188706,0.1955557363780555,0.5,1.0,31978.277402209118
1035,18630,-0.44981746463407024,0.027776207117776213,0.26640837654489435,0.5,1.0,32006.630838125013
1036,18648,-0.16619356316988565,0.08117975577985342,0.16941817670736706,0.5,1.0,32035.369539584033
1037,18666,-0.2885476022645177,-0.047779472234619993,0.11530603751801528,0.5,1.0,32065.331893667113
1038,18684,-0.4291174573716159,0.010885448770444986,0.2290387315646151,0.5,1.0,32095.742706709076
1039,18702,-0.3306949319220207,0.0410961549785323,0.18665728646404878,0.5,1.0,32124.427705709124
1040,18720,-0.31354007517100424,0.1052431273366327,0.32936822216455963,0.5,1.0,32154.068024292123
1041,18738,-0.16085424207579635,0.014937623037600427,0.11857829844638147,0.5,1.0,32182.724870959064
1042,18756,-1.3724445902020408,-0.04511158226840065,0.42283901920149264,0.5,1.0,32212.36351516703
1043,18774,-0.6555053137248592,0.48883549708485385,2.3143806727319096,0.5,1.0,32241.159614459146
1044,18792,-0.35640429082078295,0.08007529452869441,0.2807931338659594,0.5,1.0,32270.131164791994
1045,18810,-0.36067912463748275,0.04084610464886164,0.22902062727921738,0.5,1.0,32298.708011042094
1046,18828,-0.383421228346954,0.03267995759255947,0.3028679866758885,0.5,1.0,32327.472814999986
1047,18846,-0.4430718322051197,0.09762372929803842,0.23126276709997906,0.5,1.0,32357.13473508414
1048,18864,-0.36621154705312264,0.042001561424807585,0.19239342613910781,0.5,1.0,32386.478092334
1049,18882,-0.3002076895876531,0.04705701960080471,0.197093709152037,0.5,1.0,32417.216940750135
1050,18900,-0.12731213972598265,0.16442197584925758,0.3492739728113765,0.5,1.0,32448.596642374992
1051,18918,-0.5935194876685372,0.052423998524537434,0.3528191624576739,0.5,1.0,32477.11156983394
1052,18936,-0.24010606061750472,-0.0039389950298218184,0.1518404881497842,0.5,1.0,32506.44036483392
1053,18954,-0.41723465014343564,0.09396230474083359,0.269766858551901,0.5,1.0,32534.898015459068
1054,18972,-0.3016600894563988,-0.05035971708566973,0.12611994371132362,0.5,1.0,32563.70301275002
1055,18990,-0.6940557070576627,0.6079181510820794,2.2892803484740436,0.5,1.0,32592.481185917044
1056,19008,-0.651460584824072,-0.046756397494362806,0.2300230685564067,0.5,1.0,32621.998245791998
1057,19026,-0.3391045661178307,0.03995759478867135,0.178927933888933,0.5,1.0,32650.31790791708
1058,19044,-0.5929463468816056,-0.034627527969200274,0.288284210296068,0.5,1.0,32678.456303125015
1059,19062,-0.9131061331901078,0.02472640184580562,0.37479245776734704,0.5,1.0,32706.30029383395
1060,19080,-0.2154143637206225,0.0749698927250399,0.23552995637693644,0.5,1.0,32735.673061584122
1061,19098,-0.37546940025719877,0.03313095548146267,0.1896012686928833,0.5,1.0,32765.615382542135
1062,19116,-0.9949421543458952,-0.11650247030955205,0.2974763270819584,0.5,1.0,32794.46384824999
1063,19134,-0.3294444743844922,-0.030025286534478262,0.16419424052942347,0.5,1.0,32823.079870417016
1064,19152,-0.6585394896711279,-0.1020557233696407,0.1927428525094072,0.5,1.0,32851.227536791936
1065,19170,-0.09852634966598206,0.1536021685013051,0.2554363397083073,0.5,1.0,32880.940586084034
1066,19188,-0.49563070012973043,0.044244859242969864,0.2054129255792486,0.5,1.0,32910.32372150011
1067,19206,-0.1558062869137915,0.1264085989721559,0.18886208296637436,0.5,1.0,32939.90628949995
1068,19224,-0.43784005557572314,-0.011166786922453062,0.20900066780891158,0.5,1.0,32968.23655737494
1069,19242,-0.8993367341597374,-0.033253929828600835,0.3016384048073291,0.5,1.0,32996.80668908404
1070,19260,-0.276713255640324,0.02524840434090292,0.15563639297902054,0.5,1.0,33026.32846649992
1071,19278,-0.5906304327000136,-0.007697987482270118,0.2380013274053787,0.5,1.0,33054.93310100003
1072,19296,-0.4326233029843083,0.09194692097366655,0.2596239166572663,0.5,1.0,33084.13294108398
1073,19314,-0.4424933518303771,-0.037976757910463385,0.1790339541350581,0.5,1.0,33113.359001874924
1074,19332,-0.3937017430688172,0.0024070711103475594,0.21590734874210868,0.5,1.0,33142.12023004214
1075,19350,-0.4699057113319416,-0.027749489117386568,0.27473835115021367,0.5,1.0,33171.7567893751
1076,19368,-0.36353331299885827,-0.02379347416993665,0.254466005416819,0.5,1.0,33200.22851770907
1077,19386,-0.45525132838947435,-0.031807839910930426,0.1884129173167824,0.5,1.0,33229.90821595909
1078,19404,-0.49372561505487145,-0.07515951965261605,0.24977788168529494,0.5,1.0,33258.99257191713
1079,19422,-0.4323369613577981,0.06045489977917863,0.23766924455249672,0.5,1.0,33289.44291579211
1080,19440,-0.2730303101074938,0.07781246663447626,0.17532186393347532,0.5,1.0,33318.73629320902
1081,19458,-0.1723966397230825,0.6068254795063197,2.283997388632545,0.5,1.0,33346.409456124995
1082,19476,-0.3963232380520756,0.029346213325321873,0.1743023771842101,0.5,1.0,33375.13316662493
1083,19494,-0.5597306906388368,0.511612491313729,2.309922252319206,0.5,1.0,33403.72145458404
1084,19512,-0.4886317813339165,0.5500399411113812,2.301359522127619,0.5,1.0,33432.22916916711
1085,19530,-0.2780058834808852,0.05728726625292868,0.19320616042699823,0.5,1.0,33463.706343125086
1086,19548,-0.321984453097909,-0.005120515265093001,0.1621483447651626,0.5,1.0,33494.635688000126
1087,19566,-0.40098335169222743,-0.009058914899272994,0.18892757856592524,0.5,1.0,33524.63390174997
1088,19584,-0.8619671871736454,-0.046330437471703956,0.23211623797133632,0.5,1.0,33554.151866000146
1089,19602,-0.722837957444967,-0.07617235557624873,0.22449587895891224,0.5,1.0,33582.56591916713
1090,19620,-0.814618248184309,0.5187993705374869,2.311250059920394,0.5,1.0,33611.33492079214
1091,19638,-0.6385843112519876,-0.042427727180348866,0.27928850742246664,0.5,1.0,33639.74111454212
1092,19656,-0.24975752571425858,0.03811702332940767,0.15746656037961876,0.5,1.0,33668.167201709
1093,19674,-0.5730252221426362,0.01918812056576548,0.3088718233628387,0.5,1.0,33696.90444499999
1094,19692,-0.6113727473812602,0.055076302073277676,0.2783334699049367,0.5,1.0,33726.16900929203
1095,19710,-0.34227895436554956,-0.022443664810471404,0.2562777897704239,0.5,1.0,33754.26597504201
1096,19728,-0.4843549705372583,-0.0012397084610329895,0.22797294546566454,0.5,1.0,33783.64117145911
1097,19746,-0.8431260198823329,-0.0931828136631973,0.2575754585491969,0.5,1.0,33812.05834658397
1098,19764,-0.6020722858012224,-0.04602005430425176,0.2010545479391581,0.5,1.0,33842.61839866708
1099,19782,-0.5427627594023408,-0.024563742821048142,0.22427508404821211,0.5,1.0,33871.98405962507
1100,19800,-0.341928917635288,0.027268542681236487,0.21002038751316407,0.5,1.0,33901.05145558412
1101,19818,-0.5906038586208391,-0.042925024750934765,0.2572231629277794,0.5,1.0,33931.109655959066
1102,19836,-0.26566531561732276,0.03810256961292069,0.22386432427902447,0.5,1.0,33959.05848541693
1103,19854,-0.24963121615226136,0.03921730425013213,0.20802763338253188,0.5,1.0,33989.63233679207
1104,19872,-0.41600808333126693,-0.01781794309591995,0.2033049699889985,0.5,1.0,34018.64514399995
1105,19890,-0.4538797505172498,-0.04724897816889712,0.24573596443626342,0.5,1.0,34049.36102095898
1106,19908,-0.5948052320924564,-0.031398062662513805,0.2777787120379678,0.5,1.0,34078.053455667105
1107,19926,-0.3043981744856179,0.1283733095345451,0.2476735406629856,0.5,1.0,34106.90306650009
1108,19944,-0.33360217291190075,0.5403494815419229,2.3046218654615362,0.5,1.0,34134.36628266703
1109,19962,-0.5454885100229729,0.5055008347815512,2.312661351277407,0.5,1.0,34159.673523291945
1110,19980,-0.13829037400901445,0.1418086483906552,0.2812333649472051,0.5,1.0,34184.579613209
1111,19998,-0.6309446080992993,-0.0347623501908223,0.2428867339071698,0.5,1.0,34210.76088341698
