condition,seed,generation,cumulative_evals,pop_best_fitness,pop_mean_fitness,pop_worst_fitness,pop_std_fitness,best_so_far
dynamic_constant,20,0,100,18.341640786499873,20.95575566148211,23.32987251894456,1.1085038797488296,18.341640786499873
dynamic_constant,20,1,200,14.253720459187964,20.50398989561681,32.563818169698585,3.0260398153232546,14.253720459187964
dynamic_constant,20,2,300,14.345207879911715,18.2419294969782,28.129705854077837,2.2464836589017163,14.253720459187964
dynamic_constant,20,3,400,13.993468988235943,16.657261523290927,24.900000000000002,1.3838347213888125,13.993468988235943
dynamic_constant,20,4,500,14.054065922853802,16.065095415339023,19.82842712474619,1.0982294200222855,13.993468988235943
dynamic_constant,20,5,600,14.161706725018234,15.757306892866376,19.72574776766556,1.0304012684317159,13.993468988235943
dynamic_constant,20,6,700,13.739071942966532,15.56879692911089,18.707492981902774,0.901303906188334,13.739071942966532
dynamic_constant,20,7,800,14.04939015319192,15.412175858238575,18.297057550292607,0.8085926843126929,13.739071942966532
dynamic_constant,20,8,900,13.908318915758459,15.540298261804512,24.063818169698585,1.4663742534753492,13.739071942966532
dynamic_constant,20,9,1000,13.911871208194288,15.378120613527757,19.755294535724687,0.9357636593999544,13.739071942966532
dynamic_constant,20,10,1100,13.911871208194288,15.31444726561811,20.260681686165903,1.0689385516157397,13.739071942966532
dynamic_constant,20,11,1200,13.958703314492292,15.517506160999108,19.419803902718556,1.1135969280845117,13.739071942966532
dynamic_constant,20,12,1300,13.660107523773828,15.50259261322416,23.58113883008419,1.2544969591434596,13.660107523773828
dynamic_constant,20,13,1400,13.86619037896906,15.479597436817519,20.58113883008419,1.1130800697417704,13.660107523773828
dynamic_constant,20,14,1500,13.86619037896906,15.571304681617397,19.66794833886788,1.1033106030602293,13.660107523773828
dynamic_constant,20,15,1600,13.619803902718557,15.60265604798851,23.322497216032183,1.2614375771125688,13.619803902718557
dynamic_constant,20,16,1700,13.690890230020663,15.333095947015634,18.912931993250105,1.0462490685486665,13.619803902718557
dynamic_constant,20,17,1800,13.622611077089287,15.319782185808249,19.09136645896019,0.9509148126310103,13.619803902718557
dynamic_constant,20,18,1900,13.823790007724451,15.234041344115676,17.180322571321483,0.8165853587206992,13.619803902718557
dynamic_constant,20,19,2000,13.7295630140987,15.33846584681525,18.227566688249706,0.9937457462803474,13.619803902718557
dynamic_constant,20,20,2100,13.714944167960988,15.227493118889033,18.196150997149434,0.8728901114232847,13.619803902718557
dynamic_constant,20,21,2200,13.071779788708135,15.129896808386183,18.730839160261237,0.9215677086633873,13.071779788708135
dynamic_constant,20,22,2300,13.629705854077836,15.281726115331026,19.39192496674806,1.0854648798893256,13.071779788708135
dynamic_constant,20,23,2400,13.629705854077836,15.600647716435917,22.461324772583616,1.541535174600882,13.071779788708135
dynamic_constant,20,24,2500,13.629705854077836,15.375823117663018,20.867156809750927,1.1471682667926606,13.071779788708135
dynamic_constant,20,25,2600,13.86287388383278,15.419338278684402,20.521363372331802,1.2000473241351914,13.071779788708135
dynamic_constant,20,26,2700,13.634846922834953,15.45954874462091,19.255294535724687,1.1213298281704556,13.071779788708135
dynamic_constant,20,27,2800,13.760232526704263,15.24590032582609,18.588435821108956,0.945927749705168,13.071779788708135
dynamic_constant,20,28,2900,13.20332963783729,15.292172308260747,18.816590212458493,1.0405118594241403,13.071779788708135
dynamic_constant,20,29,3000,13.549193338482967,15.302513428885907,20.54939015319192,1.2032321790898974,13.071779788708135
dynamic_constant,20,30,3100,13.549193338482967,15.204954478220577,19.62736184954957,1.2548817418442657,13.071779788708135
dynamic_constant,20,31,3200,13.555294535724686,14.995210301384704,20.900000000000002,1.0903438136876709,13.071779788708135
dynamic_constant,20,32,3300,13.555294535724686,15.282436448114058,20.488409872672513,1.4484084499969514,13.071779788708135
dynamic_constant,20,33,3400,13.739071942966532,15.381086846835048,21.760681686165903,1.3380211474042234,13.071779788708135
dynamic_constant,20,34,3500,13.672004514666936,15.003514289202135,19.525657829663178,0.9972722815677053,13.071779788708135
dynamic_constant,20,35,3600,13.330950643030008,15.122909253807821,19.049666651850536,1.0630406614005936,13.071779788708135
dynamic_constant,20,36,3700,13.72474487139159,15.425208468792302,19.822497216032183,1.3577196469601425,13.071779788708135
dynamic_constant,20,37,3800,13.672004514666936,15.469735982355417,21.6431676725155,1.4073992284415977,13.071779788708135
dynamic_constant,20,38,3900,13.72474487139159,15.60192043109433,22.372004514666937,1.3375635136422643,13.071779788708135
dynamic_constant,20,39,4000,13.830950643030008,15.319841045793087,18.693743884534264,1.0294079471747961,13.071779788708135
dynamic_constant,20,40,4100,13.488409872672513,15.426709508422652,19.816590212458493,1.2279901647190392,13.071779788708135
dynamic_constant,20,41,4200,13.739071942966532,15.441859653877918,21.93238075793812,1.2861231762953407,13.071779788708135
dynamic_constant,20,42,4300,13.581138830084189,15.101664230174558,17.11980390271856,0.792197038039923,13.071779788708135
dynamic_constant,20,43,4400,13.581138830084189,15.269399678759923,18.630495168499706,1.1167835080905943,13.071779788708135
dynamic_constant,20,44,4500,13.927566688249707,15.402288612949347,18.619392214170773,1.0660754497681635,13.071779788708135
dynamic_constant,20,45,4600,13.555294535724686,15.174347840363593,18.522327839240493,1.0221573291128234,13.071779788708135
dynamic_constant,20,46,4700,13.588409872672514,14.992751058359199,18.707106781186546,0.8426117661907656,13.071779788708135
dynamic_constant,20,47,4800,13.492838827718412,15.214118132741982,19.62664991614216,1.2285022030664001,13.071779788708135
dynamic_constant,20,48,4900,13.456465996625052,15.15736079362863,20.55758369027902,1.2068330681880777,13.071779788708135
dynamic_constant,20,49,5000,13.660107523773828,15.370937736454414,21.896662954709576,1.2710941258985329,13.071779788708135
dynamic_constant,20,50,5100,13.36287388383278,15.120027769304418,19.70332963783729,1.1952645496136964,13.071779788708135
dynamic_constant,20,51,5200,13.660107523773828,15.240337034041456,19.956465996625056,1.2536624954987923,13.071779788708135
dynamic_constant,20,52,5300,13.088409872672514,15.31606932283927,19.47763888346312,1.1569728735616593,13.071779788708135
dynamic_constant,20,53,5400,13.088409872672514,15.355392976924414,22.0,1.347813436005487,13.071779788708135
dynamic_constant,20,54,5500,12.7295630140987,14.983787052376337,18.409975124224175,1.1241302169922824,12.7295630140987
dynamic_constant,20,55,5600,13.134846922834953,15.085340208228917,21.04880884817015,1.2983282515227526,12.7295630140987
dynamic_constant,20,56,5700,13.2295630140987,14.995332690303252,18.547722557505168,1.119717805703505,12.7295630140987
dynamic_constant,20,57,5800,13.16770782520313,14.82360274425501,21.548999599679682,1.3619476864184084,12.7295630140987
dynamic_constant,20,58,5900,13.200000000000001,15.054739973695353,21.07364413533277,1.5888448680139413,12.7295630140987
dynamic_constant,20,59,6000,13.119803902718557,15.230237336798552,20.989979919597747,1.5087367166015857,12.7295630140987
dynamic_constant,20,60,6100,13.235270009440733,14.959229314673685,19.908304597359457,1.1762083597026767,12.7295630140987
dynamic_constant,20,61,6200,13.235270009440733,14.891238795660833,19.872004514666937,1.2402800391562183,12.7295630140987
dynamic_constant,20,62,6300,12.974165738677394,14.835899464659878,20.785229954635273,1.2000554542408028,12.7295630140987
dynamic_constant,20,63,6400,12.948331477354788,15.109589535501895,19.76468827043885,1.4316882900078298,12.7295630140987
dynamic_constant,20,64,6500,12.889897948556635,15.154993444132677,20.00830459735946,1.40088714023503,12.7295630140987
dynamic_constant,20,65,6600,13.336660026534076,15.275662034541677,20.285229954635273,1.2855130466151643,12.7295630140987
dynamic_constant,20,66,6700,13.2295630140987,15.013024136814785,20.16770782520313,1.1600450133783555,12.7295630140987
dynamic_constant,20,67,6800,13.06332495807108,14.99120616501388,20.662049935181333,1.3991010808757596,12.7295630140987
dynamic_constant,20,68,6900,13.132455532033676,14.90082635619839,19.17979589711327,1.1967058295940696,12.7295630140987
dynamic_constant,20,69,7000,12.948331477354788,14.880289227144585,18.071779788708135,0.9917341826199654,12.7295630140987
dynamic_constant,20,70,7100,12.948331477354788,15.111118390736197,19.481742422927145,1.2657620975816093,12.7295630140987
dynamic_constant,20,71,7200,12.948331477354788,14.67175904271692,18.256465996625053,1.0388238691360556,12.7295630140987
dynamic_constant,20,72,7300,13.06332495807108,14.95532652016554,20.64355957741627,1.4129026292350595,12.7295630140987
dynamic_constant,20,73,7400,13.06332495807108,14.936410002559365,19.80384048104053,1.307251813450545,12.7295630140987
dynamic_constant,20,74,7500,13.06332495807108,14.685477362008937,18.112403840463596,0.9598505154053513,12.7295630140987
dynamic_constant,20,75,7600,13.06332495807108,14.812417633360205,18.914213562373096,1.160460664163269,12.7295630140987
dynamic_constant,20,76,7700,12.799999999999999,14.665045573836577,18.209901951359278,1.0507440195804518,12.7295630140987
dynamic_constant,20,77,7800,12.978232998312528,14.583495781675708,20.17979589711327,1.1523202674801196,12.7295630140987
dynamic_constant,20,78,7900,12.799999999999999,14.529125078707755,18.95870331449229,1.1265593940994278,12.7295630140987
dynamic_constant,20,79,8000,12.799999999999999,14.764408668761007,20.20332963783729,1.4366044459516474,12.7295630140987
dynamic_constant,20,80,8100,12.978232998312528,14.882149582361892,20.0,1.4760609800325633,12.7295630140987
dynamic_constant,20,81,8200,13.057583690279023,14.834185816074744,21.974165738677396,1.5427799286377863,12.7295630140987
dynamic_constant,20,82,8300,12.978232998312528,14.71037537867253,18.92756668824971,1.217870181767193,12.7295630140987
dynamic_constant,20,83,8400,12.978232998312528,14.58452129816095,18.340967364599088,1.072821550797707,12.7295630140987
dynamic_constant,20,84,8500,12.978232998312528,14.851128247560595,19.889897948556634,1.2132073131897791,12.7295630140987
dynamic_constant,20,85,8600,12.978232998312528,15.062827349102486,20.3,1.274770614440683,12.7295630140987
dynamic_constant,20,86,8700,12.978232998312528,15.030744970945914,20.02480768092719,1.3023582727920482,12.7295630140987
dynamic_constant,20,87,8800,12.978232998312528,15.019513956178544,20.900000000000002,1.326023790029866,12.7295630140987
dynamic_constant,20,88,8900,12.978232998312528,15.196941926264426,21.26023252670426,1.3035811263822026,12.7295630140987
dynamic_constant,20,89,9000,13.235270009440733,14.736859210375666,17.75941170815567,0.9580444683382388,12.7295630140987
dynamic_constant,20,90,9100,13.235270009440733,14.786448945363793,18.640175425099137,0.9516854149812982,12.7295630140987
dynamic_constant,20,91,9200,13.235270009440733,14.994781566195195,19.622611077089285,1.1318572795573447,12.7295630140987
dynamic_constant,20,92,9300,12.978232998312528,15.010324688587403,21.169693845669904,1.3908875692199458,12.7295630140987
dynamic_constant,20,93,9400,13.22736184954957,14.961261799927138,21.419803902718556,1.3430820278717863,12.7295630140987
dynamic_constant,20,94,9500,13.112403840463596,14.927526890100806,19.423538406167136,1.0783423088417425,12.7295630140987
dynamic_constant,20,95,9600,13.213552872566003,15.013125144436897,19.322497216032183,1.2661696180030728,12.7295630140987
dynamic_constant,20,96,9700,12.960232526704262,14.70623143559818,20.56287388383278,1.134539298775222,12.7295630140987
dynamic_constant,20,97,9800,12.948683298050513,14.65699631685498,19.12736184954957,1.000044399303383,12.7295630140987
dynamic_constant,20,98,9900,13.127361849549569,15.099486123957902,20.55758369027902,1.407019718385671,12.7295630140987
dynamic_constant,20,99,10000,13.140967364599087,14.750889099118623,18.571779788708135,1.0326634682789748,12.7295630140987
dynamic_constant,20,100,10100,12.948683298050513,14.63652141306218,18.612403840463596,1.062564392311327,12.7295630140987
dynamic_constant,21,0,100,18.235270009440733,20.78715310854523,24.54972526643093,1.1217636142883118,18.235270009440733
dynamic_constant,21,1,200,16.39680742632695,20.47225508917849,32.21909059582729,3.0259767482469733,16.39680742632695
dynamic_constant,21,2,300,15.797057550292607,18.74904861553302,27.254723699099138,2.381455713444045,15.797057550292607
dynamic_constant,21,3,400,15.755294535724685,17.19975914547712,21.269693845669906,0.9545438680003303,15.755294535724685
dynamic_constant,21,4,500,15.088409872672514,16.676163346035075,19.20199920063936,0.701066940598805,15.088409872672514
dynamic_constant,21,5,600,14.788854381999831,16.375101012006198,19.937663853655728,0.7873311107041197,14.788854381999831
dynamic_constant,21,6,700,14.299999999999999,16.02768223494211,19.073213749463704,0.7468412593841584,14.299999999999999
dynamic_constant,21,7,800,14.235270009440733,15.918099189926265,20.00554700852678,0.8563138898343496,14.235270009440733
dynamic_constant,21,8,900,14.20293863659264,15.80630160909057,18.280697580112786,0.879905627459738,14.20293863659264
dynamic_constant,21,9,1000,13.799999999999999,15.61710302894983,17.700909015790025,0.8975002956055533,13.799999999999999
dynamic_constant,21,10,1100,13.394427190999917,15.583247658625654,20.43095064303001,1.0768681301371519,13.394427190999917
dynamic_constant,21,11,1200,13.781488772222678,15.387814013490626,19.316590212458493,0.9712879413257449,13.394427190999917
dynamic_constant,21,12,1300,13.807878402833891,15.396254321417524,20.3,0.9209829649240546,13.394427190999917
dynamic_constant,21,13,1400,13.555294535724686,15.39321168332766,19.485677655436824,1.1313512695314796,13.394427190999917
dynamic_constant,21,14,1500,13.816590212458495,15.351360987687288,18.400000000000002,1.0143816420708833,13.394427190999917
dynamic_constant,21,15,1600,13.662049935181331,15.468489975137832,19.12664991614216,1.15471615239343,13.394427190999917
dynamic_constant,21,16,1700,13.662049935181331,15.485814165813798,20.311871208194287,1.248785986002736,13.394427190999917
dynamic_constant,21,17,1800,13.414213562373096,15.397862938113098,21.30384048104053,1.295060899831602,13.394427190999917
dynamic_constant,21,18,1900,13.662049935181331,15.378602342442516,19.00554700852678,1.008521583952497,13.394427190999917
dynamic_constant,21,19,2000,13.6431676725155,15.523915344390552,20.134698994937583,1.31787550182588,13.394427190999917
dynamic_constant,21,20,2100,13.088409872672514,15.056380600063848,17.172150407425317,0.8815637357146647,13.088409872672514
dynamic_constant,21,21,2200,13.088409872672514,15.20139045511444,19.58433666561813,1.1731970569107668,13.088409872672514
dynamic_constant,21,22,2300,13.380624847486569,15.237868474810195,19.659126028197402,1.1281461943377584,13.088409872672514
dynamic_constant,21,23,2400,12.840967364599084,15.465453415056656,20.491153452528778,1.3567179741684494,12.840967364599084
dynamic_constant,21,24,2500,13.23622914957372,15.229170473854236,20.859591794226542,1.294177667219905,12.840967364599084
dynamic_constant,21,25,2600,13.048808848170152,15.173152495313762,18.6886890422961,1.108698568943698,12.840967364599084
dynamic_constant,21,26,2700,13.088409872672514,15.1679997311873,19.843559577416272,1.1797054352084766,12.840967364599084
dynamic_constant,21,27,2800,12.840967364599084,14.762498954081332,20.082207001484488,1.3186839445841445,12.840967364599084
dynamic_constant,21,28,2900,12.76332495807108,14.542822229054957,18.367156809750927,1.0344510835447358,12.76332495807108
dynamic_constant,21,29,3000,12.948331477354788,14.762172170005442,19.36397674405503,1.1218687158840968,12.76332495807108
dynamic_constant,21,30,3100,13.140175425099137,14.87639613822752,20.572077843177475,1.3286978232310085,12.76332495807108
dynamic_constant,21,31,3200,12.922497216032184,14.70073309931242,18.774596669241483,1.2349288339792523,12.76332495807108
dynamic_constant,21,32,3300,12.960232526704262,14.536504509420611,18.171779788708136,1.0347138867254246,12.76332495807108
dynamic_constant,21,33,3400,12.908304597359457,14.905668284522854,19.055294535724684,1.3107582050211157,12.76332495807108
dynamic_constant,21,34,3500,13.008304597359459,14.822254009731155,19.071779788708135,1.1021072149332383,12.76332495807108
dynamic_constant,21,35,3600,12.877032961426902,14.846368861302714,20.715339366124404,1.2583388115886078,12.76332495807108
dynamic_constant,21,36,3700,13.140175425099137,14.803586647549826,18.72074368738204,1.2867442277533094,12.76332495807108
dynamic_constant,21,37,3800,13.140967364599087,14.823617808594307,18.908304597359457,1.2604099092869419,12.76332495807108
dynamic_constant,21,38,3900,13.135270009440731,14.624225771644838,19.37840487520902,1.12000289507352,12.76332495807108
dynamic_constant,21,39,4000,13.135270009440731,14.95887058641804,19.28997487421324,1.3481423546724747,12.76332495807108
dynamic_constant,21,40,4100,13.140175425099137,14.954558558843514,19.387467277262665,1.337979882995325,12.76332495807108
dynamic_constant,21,41,4200,12.894427190999917,14.908894734426015,19.58679622641132,1.330253424620797,12.76332495807108
dynamic_constant,21,42,4300,12.816515138991168,14.749909190274115,21.255294535724687,1.2837329002861597,12.76332495807108
dynamic_constant,21,43,4400,12.816515138991168,14.766323243498018,19.372004514666937,1.288264857523716,12.76332495807108
dynamic_constant,21,44,4500,12.816515138991168,14.64230109496107,20.449576240750524,1.2053047496707372,12.76332495807108
dynamic_constant,21,45,4600,12.877032961426902,14.70128317332665,20.07364413533277,1.229006225186971,12.76332495807108
dynamic_constant,21,46,4700,13.119803902718557,14.781651804533103,20.109975124224178,1.2757768844118755,12.76332495807108
dynamic_constant,21,47,4800,13.140967364599087,14.912195229250713,20.870828693386972,1.386900987449037,12.76332495807108
dynamic_constant,21,48,4900,13.140967364599087,14.981129784684633,19.340063693621516,1.4078137330836764,12.76332495807108
dynamic_constant,21,49,5000,12.877032961426902,14.804429386423699,18.435489375751565,1.2152308151591853,12.76332495807108
dynamic_constant,21,50,5100,13.1,14.801947622935351,18.377902338672776,1.1794645338234853,12.76332495807108
dynamic_constant,21,51,5200,12.816515138991168,14.689448799504307,18.140175425099137,0.9914542596681714,12.76332495807108
dynamic_constant,21,52,5300,12.816515138991168,14.803216643067351,19.024845673131658,1.3056786333334556,12.76332495807108
dynamic_constant,21,53,5400,12.877032961426902,14.845359279578823,18.88806130178211,1.2557692562910256,12.76332495807108
dynamic_constant,21,54,5500,13.140175425099137,14.622785715376706,19.18193472919817,1.173575936856086,12.76332495807108
dynamic_constant,21,55,5600,13.22474487139159,14.885153783837945,20.41084400165827,1.5108578014191945,12.76332495807108
dynamic_constant,21,56,5700,13.16770782520313,14.920514873721459,20.456465996625056,1.489581600566309,12.76332495807108
dynamic_constant,21,57,5800,13.22474487139159,14.718118324001255,19.460232526704264,1.0897419242613198,12.76332495807108
dynamic_constant,21,58,5900,12.760232526704263,14.777862055183911,18.367156809750927,1.1890839775360955,12.760232526704263
dynamic_constant,21,59,6000,13.179795897113271,15.061942811526023,20.20332963783729,1.5017735050619756,12.760232526704263
dynamic_constant,21,60,6100,13.207106781186548,14.925085487183775,20.281488772222676,1.2925554869970797,12.760232526704263
dynamic_constant,21,61,6200,13.207106781186548,14.923034403210082,19.339607805437115,1.2162828931347922,12.760232526704263
dynamic_constant,21,62,6300,13.119803902718557,14.843915087485486,19.599999999999998,1.214046732386159,12.760232526704263
dynamic_constant,21,63,6400,13.119803902718557,14.83948271818532,19.488409872672513,1.2710101782617778,12.760232526704263
dynamic_constant,21,64,6500,13.132455532033676,14.698282510707804,20.261706725018236,1.256684510746005,12.760232526704263
dynamic_constant,21,65,6600,13.292838827718413,14.51832657084631,19.536308338453882,0.984126121733349,12.760232526704263
dynamic_constant,21,66,6700,13.140175425099137,14.80660581545566,21.3,1.3405919784303781,12.760232526704263
dynamic_constant,21,67,6800,13.127361849549569,14.713895239253562,17.68062484748657,0.970051668839796,12.760232526704263
dynamic_constant,21,68,6900,13.140175425099137,14.895564442775722,18.409975124224175,1.124376437972255,12.760232526704263
dynamic_constant,21,69,7000,13.127361849549569,14.842238071659592,19.26843871413581,1.1258657125867442,12.760232526704263
dynamic_constant,21,70,7100,13.171779788708136,14.796923592610579,19.76468827043885,1.1538711591564963,12.760232526704263
dynamic_constant,21,71,7200,13.171779788708136,14.573265242186704,19.816609194718914,0.9550008531522113,12.760232526704263
dynamic_constant,21,72,7300,13.171779788708136,14.587047628555956,19.47763888346312,1.085812181886348,12.760232526704263
dynamic_constant,21,73,7400,13.140175425099137,14.66246337035764,19.316609194718914,1.0714881400122402,12.760232526704263
dynamic_constant,21,74,7500,13.140175425099137,14.659955718298402,19.58522995463527,1.0511964496668074,12.760232526704263
dynamic_constant,21,75,7600,13.140175425099137,14.70632052105254,19.60554700852678,1.1652266929830974,12.760232526704263
dynamic_constant,21,76,7700,12.894427190999917,14.37484161476055,19.224807680927192,0.9857737428117442,12.760232526704263
dynamic_constant,21,77,7800,12.894427190999917,14.6135866842829,18.414213562373096,1.210691522208535,12.760232526704263
dynamic_constant,21,78,7900,12.760232526704263,14.64547629090536,18.345207879911715,1.1907463491190937,12.760232526704263
dynamic_constant,21,79,8000,12.894427190999917,14.537236560544255,18.16794833886788,0.9717988054789097,12.760232526704263
dynamic_constant,21,80,8100,12.894427190999917,14.54725839164924,19.319160170741757,1.275585936862414,12.760232526704263
dynamic_constant,21,81,8200,12.894427190999917,14.729090511170805,21.20293863659264,1.370391300977343,12.760232526704263
dynamic_constant,21,82,8300,12.869535971483266,14.564896544521618,20.01869538788622,1.1934859830877471,12.760232526704263
dynamic_constant,21,83,8400,12.894427190999917,14.401297650861512,18.020465053408525,0.8664848776862387,12.760232526704263
dynamic_constant,21,84,8500,12.894427190999917,14.560783664147102,19.034387974463897,1.019525925964737,12.760232526704263
dynamic_constant,21,85,8600,12.894427190999917,14.648456672537261,21.10554700852678,1.2447432380358454,12.760232526704263
dynamic_constant,21,86,8700,13.06332495807108,14.878965548496064,19.049193338482965,1.3415962003592312,12.760232526704263
dynamic_constant,21,87,8800,13.06332495807108,14.963144784140034,19.861324772583615,1.3603211712837158,12.760232526704263
dynamic_constant,21,88,8900,13.112403840463596,14.642844684661545,18.584943324127924,0.9711158845787952,12.760232526704263
dynamic_constant,21,89,9000,13.112403840463596,14.694421187656026,19.179075450674063,1.1217235744846465,12.760232526704263
dynamic_constant,21,90,9100,13.30990195135928,14.7638888201353,19.524845673131658,1.2817847737421402,12.760232526704263
dynamic_constant,21,91,9200,13.140967364599087,14.834731365578643,20.57763888346312,1.3805290048607601,12.760232526704263
dynamic_constant,21,92,9300,13.119803902718557,14.560753186971626,18.760681686165903,1.0730925867599483,12.760232526704263
dynamic_constant,21,93,9400,13.140967364599087,14.796720354594278,19.683266665599966,1.2757936555594174,12.760232526704263
dynamic_constant,21,94,9500,13.119803902718557,14.460601119852363,18.21909059582729,0.9239915536240771,12.760232526704263
dynamic_constant,21,95,9600,13.119803902718557,14.618037531623461,19.634698994937583,1.2977225471968443,12.760232526704263
dynamic_constant,21,96,9700,13.140175425099137,14.856066652884627,20.491153452528778,1.3938805868297317,12.760232526704263
dynamic_constant,21,97,9800,12.869535971483266,14.763962410902014,19.099999999999998,1.311854748979,12.760232526704263
dynamic_constant,21,98,9900,12.894427190999917,14.622336653295934,17.491153452528778,1.0810764281934944,12.760232526704263
dynamic_constant,21,99,10000,13.069535971483266,14.6174760197248,19.53072757526625,1.0807127801818888,12.760232526704263
dynamic_constant,21,100,10100,13.140967364599087,14.784228221248366,19.62074368738204,1.2461765939590166,12.760232526704263
dynamic_constant,22,0,100,18.140967364599085,20.572676684890517,23.420526275297412,0.9896912033099575,18.140967364599085
dynamic_constant,22,1,200,15.905877273185279,19.996312859266695,28.95472369909914,2.3275363364929156,15.905877273185279
dynamic_constant,22,2,300,15.453720459187963,18.51216283883445,30.448683298050515,2.2241251628500134,15.453720459187963
dynamic_constant,22,3,400,14.18193472919817,17.49748985826677,29.735270009440733,2.027140891363948,14.18193472919817
dynamic_constant,22,4,500,14.485677655436824,16.454220652973728,19.719950248448356,0.8536798256593412,14.18193472919817
dynamic_constant,22,5,600,14.431300056749532,16.175707907539724,23.357066051117283,1.0969442976588453,14.18193472919817
dynamic_constant,22,6,700,13.985677655436824,15.749765272149975,18.753720459187964,0.8280415726937582,13.985677655436824
dynamic_constant,22,7,800,13.843559577416269,15.69339671288983,19.64355957741627,1.081935758370718,13.843559577416269
dynamic_constant,22,8,900,13.764688270438851,15.429326005299881,17.880972058177587,0.8713518422281484,13.764688270438851
dynamic_constant,22,9,1000,13.772077843177478,15.411226410658642,19.377193921634788,1.0623034354915821,13.764688270438851
dynamic_constant,22,10,1100,13.739071942966532,15.260471870556142,17.983266665599967,0.8844539869382593,13.739071942966532
dynamic_constant,22,11,1200,13.577902338672773,15.25546260145889,19.3,0.9941461312089277,13.577902338672773
dynamic_constant,22,12,1300,13.707106781186548,15.170515430157112,18.099999999999998,0.7940677825232931,13.577902338672773
dynamic_constant,22,13,1400,13.200000000000001,15.497492963883571,18.753720459187964,1.135179423648392,13.200000000000001
dynamic_constant,22,14,1500,13.274165738677395,15.357524089782846,18.549509756796393,0.9755909590684769,13.200000000000001
dynamic_constant,22,15,1600,13.774596669241483,15.285735836620251,20.693737745050925,1.0225676330635334,13.200000000000001
dynamic_constant,22,16,1700,13.727566688249707,14.987581216962544,17.01657508881031,0.6555684139652359,13.200000000000001
dynamic_constant,22,17,1800,13.48309518948453,15.158211348554135,19.491153452528778,1.1137919004841594,13.200000000000001
dynamic_constant,22,18,1900,13.200000000000001,15.080193225926312,19.33390796058137,1.163890331636901,13.200000000000001
dynamic_constant,22,19,2000,13.462049935181332,15.118558773595877,19.476819745345022,1.157487119207243,13.200000000000001
dynamic_constant,22,20,2100,13.235270009440733,14.876347496114615,20.976819745345026,1.0791839556985874,13.200000000000001
dynamic_constant,22,21,2200,13.256465996625053,15.07672986802327,20.727566688249706,1.3521628530890148,13.200000000000001
dynamic_constant,22,22,2300,13.256465996625053,14.791337341799926,19.173320053068153,1.0065380268991564,13.200000000000001
dynamic_constant,22,23,2400,13.48309518948453,14.948159467190278,20.621347195933176,1.1205018431786968,13.200000000000001
dynamic_constant,22,24,2500,13.48309518948453,15.138787142304325,18.52710574513201,1.1350504070764662,13.200000000000001
dynamic_constant,22,25,2600,13.414213562373096,14.98777241512292,19.769693845669906,1.3095301191499888,13.200000000000001
dynamic_constant,22,26,2700,13.200000000000001,15.038899041357842,19.391153452528776,1.2481801882659183,13.200000000000001
dynamic_constant,22,27,2800,13.448683298050513,14.958550149534013,20.362873883832776,1.3835672850929195,13.200000000000001
dynamic_constant,22,28,2900,13.026649916142159,14.852987559452359,19.25329983228432,1.2442333463007393,13.026649916142159
dynamic_constant,22,29,3000,13.026649916142159,14.713037633723648,17.64476105895272,0.9926290578085127,13.026649916142159
dynamic_constant,22,30,3100,13.368438714135813,14.594004469573294,19.483266665599963,0.9667519018484465,13.026649916142159
dynamic_constant,22,31,3200,13.063818169698585,14.717452910715002,20.59799919935936,1.1647726207929776,13.026649916142159
dynamic_constant,22,32,3300,13.389897948556635,14.579564007225933,17.626785107312738,0.7930034254592648,13.026649916142159
dynamic_constant,22,33,3400,13.389897948556635,14.795792807919966,19.43095064303001,0.980007084171487,13.026649916142159
dynamic_constant,22,34,3500,13.429705854077836,14.797115352669403,18.816609194718914,1.0111104808099582,13.026649916142159
dynamic_constant,22,35,3600,13.12664991614216,14.791432306259729,18.976819745345026,1.1195029779648704,13.026649916142159
dynamic_constant,22,36,3700,13.235270009440733,14.614969806716518,18.710844001658266,0.9369397823447029,13.026649916142159
dynamic_constant,22,37,3800,13.20332963783729,14.867609915404703,18.76023252670426,1.1919588712592675,13.026649916142159
dynamic_constant,22,38,3900,13.163818169698587,14.956252967674153,19.285229954635273,1.0866270258487851,13.026649916142159
dynamic_constant,22,39,4000,13.163818169698587,14.796203056546894,17.32672195865408,0.8299351577497123,13.026649916142159
dynamic_constant,22,40,4100,13.163818169698587,14.966311557419115,21.04928556845359,1.0883063625677285,13.026649916142159
dynamic_constant,22,41,4200,13.520465053408525,14.975091882439983,19.270540018881462,1.122080845207714,13.026649916142159
dynamic_constant,22,42,4300,13.20332963783729,14.9850836124025,20.13527000944073,1.156194601824345,13.026649916142159
dynamic_constant,22,43,4400,13.429705854077836,15.011699779005651,18.456465996625056,1.1299920889596815,13.026649916142159
dynamic_constant,22,44,4500,13.44928556845359,14.927164146393022,18.3,0.9400196045299201,13.026649916142159
dynamic_constant,22,45,4600,13.51657508881031,15.037113014379273,19.46619037896906,1.1695081802283482,13.026649916142159
dynamic_constant,22,46,4700,13.368438714135813,14.796167627897178,18.70293863659264,0.9692119389215941,13.026649916142159
dynamic_constant,22,47,4800,13.368438714135813,14.725071502283056,17.72474487139159,0.8067022742818677,13.026649916142159
dynamic_constant,22,48,4900,13.491153452528778,14.778814766565462,19.49582971014219,0.9913490298537047,13.026649916142159
dynamic_constant,22,49,5000,13.456465996625052,14.839625811491043,19.036664289109584,1.2277949415394451,13.026649916142159
dynamic_constant,22,50,5100,13.460232526704262,15.02364893727083,19.380972058177587,1.3620111200380203,13.026649916142159
dynamic_constant,22,51,5200,13.460232526704262,14.783389956918304,19.7,0.9670685908956497,13.026649916142159
dynamic_constant,22,52,5300,13.36287388383278,14.848356449601006,19.953720459187966,1.0467601539281886,13.026649916142159
dynamic_constant,22,53,5400,13.56287388383278,14.960150138259705,19.183266665599966,1.1168292015367036,13.026649916142159
dynamic_constant,22,54,5500,13.460232526704262,14.641486059571323,16.857238094391548,0.7404954528445854,13.026649916142159
dynamic_constant,22,55,5600,13.461324772583616,14.721309518442673,18.724807680927192,0.952916212689667,13.026649916142159
dynamic_constant,22,56,5700,13.414213562373096,14.907593608845549,19.714944167960986,1.1152745759110134,13.026649916142159
dynamic_constant,22,57,5800,13.414213562373096,14.781555684466705,19.636664289109586,1.017540433902481,13.026649916142159
dynamic_constant,22,58,5900,13.414213562373096,15.031295235439906,20.537211521390788,1.1543797908046693,13.026649916142159
dynamic_constant,22,59,6000,13.330950643030008,14.817989169716133,18.761249694973138,1.008232397455847,13.026649916142159
dynamic_constant,22,60,6100,13.549285568453591,14.613506157335005,18.50830459735946,0.8692247042057955,13.026649916142159
dynamic_constant,22,61,6200,13.462049935181332,14.693594857225388,19.673320053068153,1.1349365434643384,13.026649916142159
dynamic_constant,22,62,6300,13.462049935181332,14.977290987037115,20.26843871413581,1.194372300580431,13.026649916142159
dynamic_constant,22,63,6400,13.491153452528778,15.22888848846715,19.11980390271856,1.2752676695472318,13.026649916142159
dynamic_constant,22,64,6500,13.700000000000001,14.930935871880216,17.209901951359278,0.6755053889274075,13.026649916142159
dynamic_constant,22,65,6600,13.612403840463596,15.07787982942206,20.140967364599085,1.103965264117802,13.026649916142159
dynamic_constant,22,66,6700,13.581138830084189,15.419982565085355,21.055294535724684,1.5046270621904434,13.026649916142159
dynamic_constant,22,67,6800,13.448331477354788,14.994503088002002,19.257583690279024,1.037079393489477,13.026649916142159
dynamic_constant,22,68,6900,13.30990195135928,14.72556485143836,18.163818169698587,0.8859737999285072,13.026649916142159
dynamic_constant,22,69,7000,13.235270009440733,14.669761303385393,18.72474487139159,0.9926064374264796,13.026649916142159
dynamic_constant,22,70,7100,13.336229149573722,15.079563427070834,19.85870331449229,1.3010119652934475,13.026649916142159
dynamic_constant,22,71,7200,13.096662954709576,14.771182001848073,20.788061301782108,1.1481916621103039,13.026649916142159
dynamic_constant,22,72,7300,13.096662954709576,14.893695750198658,20.672458299147443,1.1994543733135834,13.026649916142159
dynamic_constant,22,73,7400,13.32828568570857,15.130403987719752,20.099999999999998,1.3267852167815697,13.026649916142159
dynamic_constant,22,74,7500,13.048808848170152,15.00876845594283,19.715339366124404,1.1407207096706873,13.026649916142159
dynamic_constant,22,75,7600,13.048808848170152,15.025149898105944,20.475817632051932,1.330689816025455,13.026649916142159
dynamic_constant,22,76,7700,13.135270009440731,14.910856412833708,19.693737745050925,1.1906268687738442,13.026649916142159
dynamic_constant,22,77,7800,13.048808848170152,14.760479417623563,18.362873883832776,1.0088544875841463,13.026649916142159
dynamic_constant,22,78,7900,13.135270009440731,15.014523488643427,19.257583690279024,1.3313937457163392,13.026649916142159
dynamic_constant,22,79,8000,13.048808848170152,14.89768694136038,18.37840487520902,1.0332620568713031,13.026649916142159
dynamic_constant,22,80,8100,13.048808848170152,14.789922959671342,18.52710574513201,1.1469847158118345,13.026649916142159
dynamic_constant,22,81,8200,12.822497216032183,14.744536891774798,19.63527000944073,1.1344388926371143,12.822497216032183
dynamic_constant,22,82,8300,12.822497216032183,14.980616357811437,19.636664289109586,1.2733782696805656,12.822497216032183
dynamic_constant,22,83,8400,12.612403840463596,14.893217390226487,19.453720459187966,1.2475206495383047,12.612403840463596
dynamic_constant,22,84,8500,12.822497216032183,14.828591066739268,18.40587727318528,1.035044701551372,12.612403840463596
dynamic_constant,22,85,8600,12.86287388383278,15.106716791490362,19.83541565040626,1.3333362346108673,12.612403840463596
dynamic_constant,22,86,8700,12.640967364599087,15.025431732479051,20.755294535724687,1.3389773600604942,12.612403840463596
dynamic_constant,22,87,8800,12.86287388383278,14.897222696169505,18.724807680927192,1.1481787666752366,12.612403840463596
dynamic_constant,22,88,8900,12.86287388383278,14.964920253310199,20.66770782520313,1.3806564855342771,12.612403840463596
dynamic_constant,22,89,9000,13.2295630140987,15.07955779098987,20.097617696340304,1.36997193522484,12.612403840463596
dynamic_constant,22,90,9100,13.303329637837292,15.048427150267962,19.288061301782108,1.130680589056488,12.612403840463596
dynamic_constant,22,91,9200,13.322497216032183,14.892814285388624,20.756809750418043,1.1502765822194858,12.612403840463596
dynamic_constant,22,92,9300,13.303329637837292,15.138631761625547,19.632455532033674,1.2329795053330015,12.612403840463596
dynamic_constant,22,93,9400,13.183266665599966,14.908148612217879,17.647630988187686,0.9192057162637894,12.612403840463596
dynamic_constant,22,94,9500,13.095445115010332,14.887117958672937,19.253720459187964,1.0203602360352404,12.612403840463596
dynamic_constant,22,95,9600,13.361324772583615,15.096278564107461,19.181934729198172,1.1386200318360737,12.612403840463596
dynamic_constant,22,96,9700,12.836660026534076,15.187303422299244,20.20936130717624,1.1204116997608151,12.612403840463596
dynamic_constant,22,97,9800,13.049193338482967,15.261581837254607,18.536664289109584,1.0554746256773473,12.612403840463596
dynamic_constant,22,98,9900,13.314642819948224,15.180728087635217,18.098386676965934,0.9647653123591593,12.612403840463596
dynamic_constant,22,99,10000,13.2295630140987,15.066233490037106,20.880697580112788,1.06202400693719,12.612403840463596
dynamic_constant,22,100,10100,12.612403840463596,15.040684316433602,18.80199920063936,1.0031233593479107,12.612403840463596
dynamic_exponential,20,0,100,18.341640786499873,20.95575566148211,23.32987251894456,1.1085038797488296,18.341640786499873
dynamic_exponential,20,1,200,16.10554700852678,20.05704339084199,32.563818169698585,2.7861968836225457,16.10554700852678
dynamic_exponential,20,2,300,14.897366596101028,18.04306630204785,23.91084400165827,1.5078470932462915,14.897366596101028
dynamic_exponential,20,3,400,14.9,17.227513377964414,21.816515138991168,1.0730346316221242,14.897366596101028
dynamic_exponential,20,4,500,14.467670500619608,16.562569595651045,19.95870331449229,0.8834443358830301,14.467670500619608
dynamic_exponential,20,5,600,14.502630668366308,16.34472195892761,19.408304597359457,0.8029356432407212,14.467670500619608
dynamic_exponential,20,6,700,14.493468988235943,16.006869825056878,17.73382640840131,0.5847002671061297,14.467670500619608
dynamic_exponential,20,7,800,14.387467277262665,16.052035150661844,19.872004514666937,0.8211882350041495,14.387467277262665
dynamic_exponential,20,8,900,14.387467277262665,16.018465590966954,18.51657508881031,0.846960868934387,14.387467277262665
dynamic_exponential,20,9,1000,14.122611077089287,15.892600615987092,17.90454076850486,0.7186985472820889,14.122611077089287
dynamic_exponential,20,10,1100,14.122611077089287,15.786372420773086,18.69722114972099,0.8220698431616756,14.122611077089287
dynamic_exponential,20,11,1200,14.093468988235944,15.664087773283173,17.816515138991168,0.7738795117419157,14.093468988235944
dynamic_exponential,20,12,1300,13.760681686165901,15.590547153408792,18.468787265568828,0.8430405074165132,13.760681686165901
dynamic_exponential,20,13,1400,13.754065922853801,15.540698543102923,19.210844001658266,0.8971993625893511,13.754065922853801
dynamic_exponential,20,14,1500,13.966479394838265,15.656870246089161,19.868438714135813,0.9281433481731453,13.754065922853801
dynamic_exponential,20,15,1600,13.801999200639361,15.627610623451913,19.26468827043885,0.8263626438318257,13.754065922853801
dynamic_exponential,20,16,1700,13.66468827043885,15.533106699123866,18.346536616149585,0.8358156279639039,13.66468827043885
dynamic_exponential,20,17,1800,13.9,15.533491923856289,18.422497216032184,0.8802910547078785,13.66468827043885
dynamic_exponential,20,18,1900,13.760681686165901,15.73793046312264,19.988409872672513,1.0976705147163062,13.66468827043885
dynamic_exponential,20,19,2000,14.049509756796393,15.546300341347852,17.967707825203128,0.8687987571930657,13.66468827043885
dynamic_exponential,20,20,2100,13.719090595827293,15.460677049480074,20.183266665599966,0.8688049658501388,13.66468827043885
dynamic_exponential,20,21,2200,13.991153452528778,15.485498174508253,18.93095064303001,0.8343640069550994,13.66468827043885
dynamic_exponential,20,22,2300,13.524807680927193,15.639931459195742,22.11980390271856,1.245215954559991,13.524807680927193
dynamic_exponential,20,23,2400,13.927566688249707,15.529958268556706,19.389897948556634,1.0205882585264054,13.524807680927193
dynamic_exponential,20,24,2500,13.958703314492292,15.419460796112089,19.269693845669906,0.9674404043061168,13.524807680927193
dynamic_exponential,20,25,2600,13.559591794226542,15.175133982920691,18.02040722106007,0.8070780420824398,13.524807680927193
dynamic_exponential,20,26,2700,13.47484176581315,15.275389278241635,18.816515138991168,0.9351505581257353,13.47484176581315
dynamic_exponential,20,27,2800,13.288854381999831,15.201354768591138,19.02664991614216,1.1343187591680282,13.288854381999831
dynamic_exponential,20,28,2900,13.024807680927193,14.995483359327244,18.264911064067352,1.0729989250317,13.024807680927193
dynamic_exponential,20,29,3000,13.024807680927193,14.83224476709623,18.196150997149434,1.1253700371887263,13.024807680927193
dynamic_exponential,20,30,3100,13.024807680927193,14.872014965354285,18.98328677803526,1.1820873795098934,13.024807680927193
dynamic_exponential,20,31,3200,13.127361849549569,14.8571939164866,19.68062484748657,1.075705291346875,13.024807680927193
dynamic_exponential,20,32,3300,13.024807680927193,14.700587233296126,18.56287388383278,1.0819640087216364,13.024807680927193
dynamic_exponential,20,33,3400,13.322497216032183,14.766596747734503,18.80384048104053,1.0784441351082834,13.024807680927193
dynamic_exponential,20,34,3500,13.049193338482967,14.769101009391267,19.099999999999998,1.119536410839607,13.024807680927193
dynamic_exponential,20,35,3600,12.960232526704262,14.839080715157634,20.36397674405503,1.3585897265390974,12.960232526704262
dynamic_exponential,20,36,3700,13.06332495807108,14.76966675282371,19.645906043549196,1.2150160740723583,12.960232526704262
dynamic_exponential,20,37,3800,13.024807680927193,14.496279813815015,17.9886890422961,0.7853040148748297,12.960232526704262
dynamic_exponential,20,38,3900,13.049285568453591,14.970906284948608,20.02664991614216,1.119950171845699,12.960232526704262
dynamic_exponential,20,39,4000,13.049285568453591,14.792425988412326,18.27488738510232,0.9014791362329048,12.960232526704262
dynamic_exponential,20,40,4100,13.264688270438851,14.997512282335979,21.114482300479487,1.2726793003743482,12.960232526704262
dynamic_exponential,20,41,4200,13.14355957741627,14.86148657511249,19.183266665599966,0.9576959761096686,12.960232526704262
dynamic_exponential,20,42,4300,13.14355957741627,14.711280659670784,19.73622914957372,0.9267741491977127,12.960232526704262
dynamic_exponential,20,43,4400,13.14355957741627,14.660092185545988,18.2,1.0776161534518254,12.960232526704262
dynamic_exponential,20,44,4500,13.095445115010332,15.108905972834327,19.553299832284317,1.4051509291678963,12.960232526704262
dynamic_exponential,20,45,4600,13.095445115010332,14.894044808082898,21.414213562373096,1.3797886125873173,12.960232526704262
dynamic_exponential,20,46,4700,13.095445115010332,14.772081583477577,20.50454076850486,1.1407579945203492,12.960232526704262
dynamic_exponential,20,47,4800,13.089897948556635,14.774487601599343,19.640175425099137,1.2266260150263029,12.960232526704262
dynamic_exponential,20,48,4900,13.089897948556635,14.471733658638891,19.664688270438848,1.1541382622059446,12.960232526704262
dynamic_exponential,20,49,5000,12.974165738677394,14.392568257189275,19.98148877222268,1.0744690214286385,12.960232526704262
dynamic_exponential,20,50,5100,12.947213595499958,14.50927635688888,20.8459060435492,1.2701915010358085,12.947213595499958
dynamic_exponential,20,51,5200,12.80990195135928,14.668650826885589,20.193743884534264,1.4354321111554582,12.80990195135928
dynamic_exponential,20,52,5300,12.80990195135928,14.495716483506277,20.862873883832776,1.1174082046078164,12.80990195135928
dynamic_exponential,20,53,5400,12.947213595499958,14.776523667861882,18.381742422927143,1.1257139254267503,12.80990195135928
dynamic_exponential,20,54,5500,12.948683298050513,14.86243186634421,20.258317958127243,1.3010730604937872,12.80990195135928
dynamic_exponential,20,55,5600,13.071779788708135,14.889617387220914,18.314944167960988,1.040903147722024,12.80990195135928
dynamic_exponential,20,56,5700,12.978232998312528,14.510301718823316,19.814642819948226,0.9112569094662031,12.80990195135928
dynamic_exponential,20,57,5800,12.978232998312528,14.511590593419879,18.95472369909914,1.0293827393286057,12.80990195135928
dynamic_exponential,20,58,5900,12.86287388383278,14.565354366959959,17.640967364599085,1.0178279403145083,12.80990195135928
dynamic_exponential,20,59,6000,12.86287388383278,14.609123221940076,18.049444375840398,1.1242807970009518,12.80990195135928
dynamic_exponential,20,60,6100,13.069535971483266,14.567808231430298,19.730727575266254,1.2293924374224652,12.80990195135928
dynamic_exponential,20,61,6200,12.948331477354788,14.697223382994137,19.077902338672775,1.1207851420084225,12.80990195135928
dynamic_exponential,20,62,6300,12.948331477354788,14.796368061485104,18.993468988235943,1.2028745748078709,12.80990195135928
dynamic_exponential,20,63,6400,13.1431676725155,14.892931671537132,18.277154105707726,1.1348274952858373,12.80990195135928
dynamic_exponential,20,64,6500,13.200000000000001,14.83603730759201,19.80332963783729,1.1424790577244748,12.80990195135928
dynamic_exponential,20,65,6600,13.200000000000001,14.89748312421518,19.713594362117867,1.1795298044414764,12.80990195135928
dynamic_exponential,20,66,6700,13.260681686165901,14.693840296542719,19.98148877222268,1.0824532311814081,12.80990195135928
dynamic_exponential,20,67,6800,13.049285568453591,14.68907137760633,18.20332963783729,1.023686961745977,12.80990195135928
dynamic_exponential,20,68,6900,12.709901951359278,14.63139723172829,18.368438714135813,1.0194407823359477,12.709901951359278
dynamic_exponential,20,69,7000,12.709901951359278,14.792076202717919,19.48148877222268,1.1120598393646122,12.709901951359278
dynamic_exponential,20,70,7100,12.948331477354788,14.65677020552359,19.36154726279432,1.1184331660228826,12.709901951359278
dynamic_exponential,20,71,7200,12.98309518948453,14.578562292326062,18.4591260281974,0.9337125754342872,12.709901951359278
dynamic_exponential,20,72,7300,13.048808848170152,14.817390638330536,20.75306852353742,1.327145815293082,12.709901951359278
dynamic_exponential,20,73,7400,13.048808848170152,14.649625560885061,19.214944167960986,1.1621534757479686,12.709901951359278
dynamic_exponential,20,74,7500,12.948331477354788,14.473211500609183,19.085677655436825,1.0507290669988145,12.709901951359278
dynamic_exponential,20,75,7600,12.760232526704263,14.6337723387546,20.891153452528776,1.3064393509116359,12.709901951359278
dynamic_exponential,20,76,7700,12.948331477354788,14.904344532558413,20.96619037896906,1.5440959011974982,12.709901951359278
dynamic_exponential,20,77,7800,12.878232998312527,15.000204724493344,20.816590212458493,1.4862764914010789,12.709901951359278
dynamic_exponential,20,78,7900,13.209901951359278,14.770595710053959,17.61245154965971,0.9390027175941353,12.709901951359278
dynamic_exponential,20,79,8000,13.209901951359278,14.938002159105128,19.90454076850486,1.3137185860097194,12.709901951359278
dynamic_exponential,20,80,8100,12.974165738677394,14.665148069452343,21.30332963783729,1.2547556375733233,12.709901951359278
dynamic_exponential,20,81,8200,12.974165738677394,14.627660875699924,19.76332495807108,1.2396668769619148,12.709901951359278
dynamic_exponential,20,82,8300,13.207106781186548,14.72047328022207,19.29283882771841,1.2481657185915214,12.709901951359278
dynamic_exponential,20,83,8400,12.974165738677394,14.664232486241154,20.12664991614216,1.3250945008604977,12.709901951359278
dynamic_exponential,20,84,8500,12.632455532033676,14.527165285050573,20.172004514666934,1.4253861451777128,12.632455532033676
dynamic_exponential,20,85,8600,12.869535971483266,14.535654349325693,21.559591794226545,1.5765778289615135,12.632455532033676
dynamic_exponential,20,86,8700,12.816227766016837,14.304592275690373,18.456465996625056,1.030924133325987,12.632455532033676
dynamic_exponential,20,87,8800,12.816227766016837,14.669035410899621,20.30384048104053,1.4270075199220928,12.632455532033676
dynamic_exponential,20,88,8900,12.9,14.556585946926713,18.35870331449229,1.1490594855477942,12.632455532033676
dynamic_exponential,20,89,9000,12.919803902718558,14.73022785351561,19.70293863659264,1.2962325403131139,12.632455532033676
dynamic_exponential,20,90,9100,12.799999999999999,14.68079549179822,20.953720459187966,1.428664633461126,12.632455532033676
dynamic_exponential,20,91,9200,12.6,14.290569700892002,17.99373774505092,0.8918369032658695,12.6
dynamic_exponential,20,92,9300,12.978232998312528,14.384089249267472,17.991153452528778,1.1312371567448476,12.6
dynamic_exponential,20,93,9400,13.069535971483266,14.501521588283913,17.92756668824971,1.1188360307834324,12.6
dynamic_exponential,20,94,9500,12.9,14.378195097464452,19.76843871413581,0.9675274495737723,12.6
dynamic_exponential,20,95,9600,12.700000000000001,14.474457343050556,19.099999999999998,1.177706230592252,12.6
dynamic_exponential,20,96,9700,12.9,14.899300806739811,21.22474487139159,1.594269062531325,12.6
dynamic_exponential,20,97,9800,12.774165738677395,14.49953953942223,19.007878402833892,1.116148358651551,12.6
dynamic_exponential,20,98,9900,12.889897948556635,14.43966171077006,21.1431676725155,1.1960842221276566,12.6
dynamic_exponential,20,99,10000,12.6,14.541836348991172,21.02480768092719,1.3402854148577947,12.6
dynamic_exponential,20,100,10100,12.571779788708135,14.405286041601103,21.07763888346312,1.5360697919175839,12.571779788708135
dynamic_exponential,21,0,100,18.235270009440733,20.78715310854523,24.54972526643093,1.1217636142883118,18.235270009440733
dynamic_exponential,21,1,200,16.016635916254486,20.110720712865817,32.295829710142186,2.6995857328860935,16.016635916254486
dynamic_exponential,21,2,300,15.217800560721074,18.283560544771433,30.61980390271856,2.172118656872428,15.217800560721074
dynamic_exponential,21,3,400,15.261249694973138,17.285911554730454,23.822497216032183,1.3395524776830483,15.217800560721074
dynamic_exponential,21,4,500,15.160601043544625,16.790969577219013,21.01662062579967,0.9104791114998628,15.160601043544625
dynamic_exponential,21,5,600,14.75972971738975,16.740993292526948,20.659126028197402,0.9317005615150188,14.75972971738975
dynamic_exponential,21,6,700,14.4,16.534744011739658,19.18679622641132,0.8482497913986703,14.4
dynamic_exponential,21,7,800,14.917800560721073,16.358995066449292,18.659729717389748,0.6963915889293936,14.4
dynamic_exponential,21,8,900,14.253068523537422,16.388389253556998,21.18208554864871,0.9399130096965083,14.253068523537422
dynamic_exponential,21,9,1000,14.30805405358401,16.269568820173575,18.58446194559183,0.7482033940664728,14.253068523537422
dynamic_exponential,21,10,1100,14.992849839314596,16.177410934355763,18.487475490101847,0.6828187460893186,14.253068523537422
dynamic_exponential,21,11,1200,14.623243291566194,16.257166568631607,19.30624593627917,0.7938298706749667,14.253068523537422
dynamic_exponential,21,12,1300,14.600000000000001,16.147035358538805,20.02491379207837,0.8485586046547237,14.253068523537422
dynamic_exponential,21,13,1400,14.676575213227443,16.010357605088586,18.05277655408689,0.7084032127510598,14.253068523537422
dynamic_exponential,21,14,1500,14.32763633939717,15.888244125821316,18.432493928760188,0.6890487785636514,14.253068523537422
dynamic_exponential,21,15,1600,14.286335345030997,15.79189546258326,17.588078318274384,0.6419750067604301,14.253068523537422
dynamic_exponential,21,16,1700,14.011744421846396,15.674477586888559,18.664688270438848,0.8209685786738535,14.011744421846396
dynamic_exponential,21,17,1800,12.944948974278317,15.42372362251166,18.969817807045693,0.9015080808818658,12.944948974278317
dynamic_exponential,21,18,1900,13.80990195135928,15.400696998854517,18.456141357987224,0.8559975132019593,12.944948974278317
dynamic_exponential,21,19,2000,13.508304597359459,15.270474846532336,17.59072480941474,0.7806358424477832,12.944948974278317
dynamic_exponential,21,20,2100,13.768438714135812,15.269671943073758,18.109975124224178,0.8172501286450423,12.944948974278317
dynamic_exponential,21,21,2200,13.526649916142159,15.349997040916378,20.14575131106459,0.991300169832312,12.944948974278317
dynamic_exponential,21,22,2300,13.316515138991168,15.326269441304294,19.22736184954957,0.9583783197133936,12.944948974278317
dynamic_exponential,21,23,2400,13.316515138991168,15.201937133676935,17.55758369027902,0.8019330015260561,12.944948974278317
dynamic_exponential,21,24,2500,13.548808848170152,15.327257819940185,18.04880884817015,0.9988937100896376,12.944948974278317
dynamic_exponential,21,25,2600,13.836660026534076,15.421496144050668,18.7131126469709,1.0868293981522106,12.944948974278317
dynamic_exponential,21,26,2700,13.617935662402834,15.26676998723576,22.22736184954957,1.0744546174584768,12.944948974278317
dynamic_exponential,21,27,2800,13.792838827718413,15.446905225272735,20.571779788708135,1.271930265984322,12.944948974278317
dynamic_exponential,21,28,2900,13.743024810940588,15.390866722004029,23.640175425099137,1.1452261636160084,12.944948974278317
dynamic_exponential,21,29,3000,13.448683298050513,15.379649590944046,19.640175425099137,1.084631866601136,12.944948974278317
dynamic_exponential,21,30,3100,13.334846922834952,15.376936200920026,23.368438714135813,1.2498621675653472,12.944948974278317
dynamic_exponential,21,31,3200,13.334846922834952,15.077352101716052,17.029822128134704,0.6972802164032701,12.944948974278317
dynamic_exponential,21,32,3300,13.834846922834952,15.2882391631622,21.129705854077837,1.192511756380965,12.944948974278317
dynamic_exponential,21,33,3400,13.66770782520313,15.41664282399015,21.257583690279024,1.1976588031533557,12.944948974278317
dynamic_exponential,21,34,3500,13.919090595827292,15.343515839546242,22.20332963783729,1.1491228629836179,12.944948974278317
dynamic_exponential,21,35,3600,13.802172886644268,15.170156323746028,19.039387691339815,0.9264121873927679,12.944948974278317
dynamic_exponential,21,36,3700,13.802172886644268,15.189037531010328,22.08113883008419,1.2148672510980525,12.944948974278317
dynamic_exponential,21,37,3800,13.391153452528776,15.124074372684413,19.193737745050925,0.9547579169353316,12.944948974278317
dynamic_exponential,21,38,3900,13.06287388383278,15.117254968270396,19.563324958071078,0.8108496536733952,12.944948974278317
dynamic_exponential,21,39,4000,13.577638883463118,15.155945959197936,18.840967364599088,0.899983942940476,12.944948974278317
dynamic_exponential,21,40,4100,13.577638883463118,14.954694379366158,19.68062484748657,0.8651547849917689,12.944948974278317
dynamic_exponential,21,41,4200,13.396662954709576,14.843890315916742,17.206404996924924,0.6563866942404318,12.944948974278317
dynamic_exponential,21,42,4300,13.396662954709576,14.85236813060822,19.109975124224178,0.8255588234820246,12.944948974278317
dynamic_exponential,21,43,4400,13.227566688249707,14.80697212310389,18.140175425099137,0.8199289479978036,12.944948974278317
dynamic_exponential,21,44,4500,13.483266665599967,14.85719604313714,19.409975124224175,0.8523129462866664,12.944948974278317
dynamic_exponential,21,45,4600,13.049193338482967,14.781186062309779,19.362873883832776,0.9921191726418749,12.944948974278317
dynamic_exponential,21,46,4700,13.049193338482967,14.649702364484291,18.013552872566002,0.7492129179555193,12.944948974278317
dynamic_exponential,21,47,4800,13.339607805437115,14.692879031682857,17.6431676725155,0.8724333557368147,12.944948974278317
dynamic_exponential,21,48,4900,13.372004514666935,14.768227726977077,20.160107523773828,0.9673992032693226,12.944948974278317
dynamic_exponential,21,49,5000,13.069535971483266,14.611777753905725,18.77488738510232,0.8781203993090073,12.944948974278317
dynamic_exponential,21,50,5100,13.1131126469709,14.569933707709133,19.112403840463596,0.9872580463338219,12.944948974278317
dynamic_exponential,21,51,5200,13.049193338482967,14.483935172776121,17.064965543462904,0.6940370870921689,12.944948974278317
dynamic_exponential,21,52,5300,13.005547008526777,14.538871987425615,18.3293765408777,0.9123490721016165,12.944948974278317
dynamic_exponential,21,53,5400,13.005547008526777,14.387362326312427,16.41386219991853,0.7051086421996503,12.944948974278317
dynamic_exponential,21,54,5500,13.005547008526777,14.482833086494116,17.93238075793812,0.7916469194611571,12.944948974278317
dynamic_exponential,21,55,5600,13.055294535724686,14.385165226459952,17.07364413533277,0.7290405808119111,12.944948974278317
dynamic_exponential,21,56,5700,13.055294535724686,14.290761340650311,16.253720459187964,0.6826683186285323,12.944948974278317
dynamic_exponential,21,57,5800,12.669693845669906,14.261104440701768,16.242787793912434,0.6969723486523953,12.669693845669906
dynamic_exponential,21,58,5900,12.669693845669906,14.310713611379573,17.709983388658483,0.8656900170282097,12.669693845669906
dynamic_exponential,21,59,6000,12.669693845669906,14.062849538645485,16.243024810940586,0.7380035250688195,12.669693845669906
dynamic_exponential,21,60,6100,12.779795897113273,14.126855767780464,16.480243893371345,0.7707306275375729,12.669693845669906
dynamic_exponential,21,61,6200,12.830950643030008,14.128830534591005,16.253068523537422,0.7053917688510506,12.669693845669906
dynamic_exponential,21,62,6300,12.830950643030008,14.058974148820802,16.919803902718556,0.7043539604509976,12.669693845669906
dynamic_exponential,21,63,6400,12.669693845669906,14.133883041755068,16.981742422927145,0.8088649389041916,12.669693845669906
dynamic_exponential,21,64,6500,12.713552872566003,14.033255341468667,15.591366458960191,0.6204538793567081,12.669693845669906
dynamic_exponential,21,65,6600,12.799999999999999,14.175618303351575,16.422497216032184,0.762483869083876,12.669693845669906
dynamic_exponential,21,66,6700,12.713552872566003,14.066324586686909,19.099999999999998,0.839597089686037,12.669693845669906
dynamic_exponential,21,67,6800,12.756465996625053,14.004777846112454,16.24004830889689,0.666323502431921,12.669693845669906
dynamic_exponential,21,68,6900,12.756465996625053,14.23204219370562,17.756465996625053,0.9076284615891557,12.669693845669906
dynamic_exponential,21,69,7000,13.129705854077836,14.150206347251006,16.6431676725155,0.756513602784248,12.669693845669906
dynamic_exponential,21,70,7100,12.878404875209021,14.199781529573334,17.427566688249705,0.8925708825545692,12.669693845669906
dynamic_exponential,21,71,7200,13.008304597359459,14.165273592848802,15.735270009440733,0.7045972978106201,12.669693845669906
dynamic_exponential,21,72,7300,12.792838827718413,14.112944307115557,16.23072757526625,0.669676347439851,12.669693845669906
dynamic_exponential,21,73,7400,12.792838827718413,13.991167882949739,16.09072480941474,0.6999719364486822,12.669693845669906
dynamic_exponential,21,74,7500,12.840967364599086,14.165541226094913,17.01651513899117,0.9191423376037904,12.669693845669906
dynamic_exponential,21,75,7600,12.595445115010332,14.017144794564699,17.775711299845938,0.8339839645490263,12.595445115010332
dynamic_exponential,21,76,7700,12.62664991614216,14.06017581047742,17.378232998312527,0.7662934502157602,12.595445115010332
dynamic_exponential,21,77,7800,12.792838827718413,14.098545409754472,18.640175425099137,0.9141833267104683,12.595445115010332
dynamic_exponential,21,78,7900,12.878404875209021,13.96182154199423,17.11980390271856,0.7867970660247331,12.595445115010332
dynamic_exponential,21,79,8000,12.967707825203131,13.91933649552507,16.36397674405503,0.6119435412436325,12.595445115010332
dynamic_exponential,21,80,8100,12.830950643030008,14.084761057469164,18.140175425099137,0.8352672179983396,12.595445115010332
dynamic_exponential,21,81,8200,12.830950643030008,14.042357944096336,16.795829710142186,0.8115086001906899,12.595445115010332
dynamic_exponential,21,82,8300,12.76332495807108,14.030099581678876,16.12664991614216,0.78499295212761,12.595445115010332
dynamic_exponential,21,83,8400,12.76332495807108,13.866861033519399,16.760681686165903,0.7352478816064125,12.595445115010332
dynamic_exponential,21,84,8500,12.569535971483266,13.912177665688796,17.30332963783729,0.8179079590206113,12.569535971483266
dynamic_exponential,21,85,8600,12.569535971483266,13.886423111988684,17.292838827718413,0.8575816731180185,12.569535971483266
dynamic_exponential,21,86,8700,12.467707825203131,13.820670068807893,16.47763888346312,0.8131313931936429,12.467707825203131
dynamic_exponential,21,87,8800,12.512403840463595,14.231248748681091,18.61980390271856,1.313946012543178,12.467707825203131
dynamic_exponential,21,88,8900,12.512403840463595,14.06109488786679,17.671779788708136,1.042262859532841,12.467707825203131
dynamic_exponential,21,89,9000,12.460232526704262,14.004913103506574,17.292838827718413,1.0560704393149873,12.460232526704262
dynamic_exponential,21,90,9100,12.460232526704262,13.918938303062173,18.56953597148327,0.9063079776096076,12.460232526704262
dynamic_exponential,21,91,9200,12.336660026534076,13.865506950787422,18.74131112314674,0.9412720011806041,12.336660026534076
dynamic_exponential,21,92,9300,12.336660026534076,13.817085826927341,16.757583690279024,0.8422774068286614,12.336660026534076
dynamic_exponential,21,93,9400,12.336660026534076,13.799832152728358,16.868438714135813,0.8449078976607393,12.336660026534076
dynamic_exponential,21,94,9500,12.513552872566004,13.881997049934983,17.640175425099137,0.8633280456886551,12.336660026534076
dynamic_exponential,21,95,9600,12.547722557505166,14.105653516930756,17.878232998312527,1.0265098494441893,12.336660026534076
dynamic_exponential,21,96,9700,12.336660026534076,14.056452632635413,19.27979589711327,0.9260751954759743,12.336660026534076
dynamic_exponential,21,97,9800,12.336660026534076,14.181966491235162,18.50830459735946,1.046474497574502,12.336660026534076
dynamic_exponential,21,98,9900,12.336660026534076,13.881139737711823,16.735270009440733,0.7932753281780812,12.336660026534076
dynamic_exponential,21,99,10000,12.336660026534076,13.831070067860658,17.547722557505168,0.8412242617785751,12.336660026534076
dynamic_exponential,21,100,10100,12.336660026534076,13.640932083200042,16.272077843177478,0.8376574399819324,12.336660026534076
dynamic_exponential,22,0,100,18.140967364599085,20.572676684890517,23.420526275297412,0.9896912033099575,18.140967364599085
dynamic_exponential,22,1,200,15.494438717061497,19.74112625811272,29.99582971014219,2.367446326949157,15.494438717061497
dynamic_exponential,22,2,300,14.777154105707723,18.15739929369524,27.862873883832776,2.315421598569854,14.777154105707723
dynamic_exponential,22,3,400,14.607680962081059,16.85377429862587,19.3,0.7616720692492654,14.607680962081059
dynamic_exponential,22,4,500,14.66468827043885,16.579957748130187,20.701428280002318,0.8274240232003739,14.607680962081059
dynamic_exponential,22,5,600,14.589459064299284,16.38765764715991,18.310693864511038,0.7773123710031553,14.589459064299284
dynamic_exponential,22,6,700,14.387467277262665,16.267783678940745,20.467707825203128,0.9015844804869529,14.387467277262665
dynamic_exponential,22,7,800,14.81494416796099,16.098002864258472,19.491015291668745,0.7518345756485858,14.387467277262665
dynamic_exponential,22,8,900,14.603569153775238,15.976184193272475,18.516609194718917,0.6915595857460878,14.387467277262665
dynamic_exponential,22,9,1000,14.114642819948225,15.810232522889315,17.422902093797255,0.7477628418056085,14.114642819948225
dynamic_exponential,22,10,1100,14.397366596101028,15.735201443363067,17.991660871578098,0.71347775041541,14.114642819948225
dynamic_exponential,22,11,1200,14.264688270438851,15.758691397157746,17.897366596101026,0.7120672726434626,14.114642819948225
dynamic_exponential,22,12,1300,14.341640786499873,15.6899114528523,19.497057550292606,0.7709524262964047,14.114642819948225
dynamic_exponential,22,13,1400,14.215339366124404,15.716790586449454,19.38494332412792,0.9262896184381698,14.114642819948225
dynamic_exponential,22,14,1500,14.00454076850486,15.699740446236516,18.449666651850535,0.8697404314955536,14.00454076850486
dynamic_exponential,22,15,1600,14.159126028197399,15.478373173431097,19.316590212458493,0.7949115275139778,14.00454076850486
dynamic_exponential,22,16,1700,13.448683298050513,15.775353519543815,19.06953597148327,0.9794960974486105,13.448683298050513
dynamic_exponential,22,17,1800,13.45472369909914,15.620674217106039,21.74131112314674,1.067574798029795,13.448683298050513
dynamic_exponential,22,18,1900,13.629705854077836,15.491723189052658,19.391153452528776,0.9368247058264639,13.448683298050513
dynamic_exponential,22,19,2000,13.629705854077836,15.438623982300046,19.891153452528776,1.0083019825240591,13.448683298050513
dynamic_exponential,22,20,2100,14.079075450674063,15.415416413246474,19.255294535724687,0.9975376086961659,13.448683298050513
dynamic_exponential,22,21,2200,14.079075450674063,15.481131655192057,18.41386219991853,0.9115629937653394,13.448683298050513
dynamic_exponential,22,22,2300,13.835415650406262,15.504673031144494,18.626785107312738,0.9641806927179721,13.448683298050513
dynamic_exponential,22,23,2400,13.420465053408524,15.377062722520074,18.623243291566194,0.8854385423754364,13.420465053408524
dynamic_exponential,22,24,2500,13.822611077089286,15.522973774491847,20.55277655408689,1.0947658999120904,13.420465053408524
dynamic_exponential,22,25,2600,13.71084400165827,15.359613981122601,18.59666295470958,0.9023402649607843,13.420465053408524
dynamic_exponential,22,26,2700,13.420465053408524,15.158539562230692,18.95306852353742,1.0261348385744213,13.420465053408524
dynamic_exponential,22,27,2800,13.268438714135812,15.229991088747308,18.739071942966532,0.993656550049733,13.268438714135812
dynamic_exponential,22,28,2900,13.268438714135812,15.338496301588236,18.693737745050925,1.0412719755291444,13.268438714135812
dynamic_exponential,22,29,3000,12.840967364599086,15.351252524480817,18.03072757526625,1.0691593622502333,12.840967364599086
dynamic_exponential,22,30,3100,13.414213562373096,15.560213639750112,18.408304597359457,1.1724830247246987,12.840967364599086
dynamic_exponential,22,31,3200,13.299999999999999,15.33630521392454,20.18910462845192,1.216219844275744,12.840967364599086
dynamic_exponential,22,32,3300,13.06287388383278,14.999777892821639,19.27488738510232,1.1590928860077618,12.840967364599086
dynamic_exponential,22,33,3400,13.096662954709576,14.917523033993861,18.92756668824971,1.1479758002292393,12.840967364599086
dynamic_exponential,22,34,3500,13.096662954709576,14.920096162254024,18.029822128134704,1.1251398309635965,12.840967364599086
dynamic_exponential,22,35,3600,13.119803902718557,14.788506462141001,22.802172886644268,1.252461667805557,12.840967364599086
dynamic_exponential,22,36,3700,12.836660026534076,14.631534932358552,17.900000000000002,1.103426700854126,12.836660026534076
dynamic_exponential,22,37,3800,13.048808848170152,14.847366173471496,17.974868417407585,1.2332403978351265,12.836660026534076
dynamic_exponential,22,38,3900,12.922497216032184,14.842660860398835,18.67979589711327,1.2556953279468615,12.836660026534076
dynamic_exponential,22,39,4000,12.877032961426902,14.905686257920253,21.314642819948226,1.460826197811482,12.836660026534076
dynamic_exponential,22,40,4100,12.877032961426902,15.13110352935227,19.969817807045693,1.488980583555763,12.836660026534076
dynamic_exponential,22,41,4200,12.877032961426902,14.99971742096296,22.256465996625053,1.499326369292028,12.836660026534076
dynamic_exponential,22,42,4300,12.6,15.150773116727725,19.161706725018234,1.2375687622350044,12.6
dynamic_exponential,22,43,4400,12.774165738677395,15.092097742811104,18.663818169698587,1.2850042027100546,12.6
dynamic_exponential,22,44,4500,12.836660026534076,15.121905501575325,20.877032961426902,1.2558827547184312,12.6
dynamic_exponential,22,45,4600,12.992838827718412,15.191645362069117,20.96619037896906,1.3849195628443602,12.6
dynamic_exponential,22,46,4700,12.834846922834952,14.9087570876451,21.664688270438848,1.2071130318655356,12.6
dynamic_exponential,22,47,4800,12.834846922834952,14.88896422334054,19.88494332412792,1.1402998986098687,12.6
dynamic_exponential,22,48,4900,12.834846922834952,15.148056131328103,19.553299832284317,1.45794919595471,12.6
dynamic_exponential,22,49,5000,12.834846922834952,15.2639573639807,19.54833147735479,1.4951389701479936,12.6
dynamic_exponential,22,50,5100,12.834846922834952,15.029319623815502,22.382085548648714,1.419770290185301,12.6
dynamic_exponential,22,51,5200,12.992838827718412,15.260635035977748,19.01657508881031,1.3710997047004907,12.6
dynamic_exponential,22,52,5300,12.834846922834952,15.097893591922544,19.235270009440733,1.1397186356323783,12.6
dynamic_exponential,22,53,5400,12.834846922834952,15.165513496600825,18.983239697419133,1.2523152400479243,12.6
dynamic_exponential,22,54,5500,12.834846922834952,15.1701294043573,19.3295630140987,1.3076129215945513,12.6
dynamic_exponential,22,55,5600,13.088409872672514,15.23522387458634,21.232380757938117,1.4813335196868316,12.6
dynamic_exponential,22,56,5700,13.008304597359459,14.957522165103763,23.02664991614216,1.4270099128919675,12.6
dynamic_exponential,22,57,5800,13.088409872672514,14.979716360454933,18.26397674405503,1.1776640625016892,12.6
dynamic_exponential,22,58,5900,12.878232998312527,14.633519051935014,19.97763888346312,1.1801148170164402,12.6
dynamic_exponential,22,59,6000,12.671779788708136,14.693447301790492,19.343559577416272,1.2521426858886775,12.6
dynamic_exponential,22,60,6100,13.008304597359459,14.775265892479668,19.76332495807108,1.3197135721530573,12.6
dynamic_exponential,22,61,6200,12.779795897113273,14.755440016994335,21.756465996625053,1.3082084745669549,12.6
dynamic_exponential,22,62,6300,12.779795897113273,14.965507773916915,19.45472369909914,1.3892795868239864,12.6
dynamic_exponential,22,63,6400,12.779795897113273,14.68443333479768,19.370828693386972,1.2795554955451658,12.6
dynamic_exponential,22,64,6500,12.779795897113273,14.871054927224586,18.932575659723035,1.3637864344953878,12.6
dynamic_exponential,22,65,6600,12.9,15.125152595875848,19.897366596101026,1.5915668346725818,12.6
dynamic_exponential,22,66,6700,13.163818169698587,15.009128807687018,19.900000000000002,1.1984976388785433,12.6
dynamic_exponential,22,67,6800,12.834846922834952,15.02754916346984,18.710844001658266,1.2939512343291144,12.6
dynamic_exponential,22,68,6900,13.207106781186548,15.066113937939338,20.38494332412792,1.4216072849618928,12.6
dynamic_exponential,22,69,7000,13.163818169698587,14.854508927814488,19.489459064299282,1.126720489002338,12.6
dynamic_exponential,22,70,7100,13.140967364599087,14.785133425594656,17.48309518948453,0.9773537268256819,12.6
dynamic_exponential,22,71,7200,13.048808848170152,14.69182791476851,19.01657508881031,1.2378058460101586,12.6
dynamic_exponential,22,72,7300,13.0,14.97272483380008,21.485677655436824,1.4123322171007513,12.6
dynamic_exponential,22,73,7400,12.829563014098701,15.237457583172489,18.8295630140987,1.5553262229757985,12.6
dynamic_exponential,22,74,7500,12.829563014098701,14.965724045096001,19.033907960581374,1.3913395797105346,12.6
dynamic_exponential,22,75,7600,12.829563014098701,14.792579776939153,18.900000000000002,1.2145022219145196,12.6
dynamic_exponential,22,76,7700,12.829563014098701,14.654179634837858,17.87840487520902,1.1483452608545752,12.6
dynamic_exponential,22,77,7800,12.829563014098701,14.942025883508581,20.50554700852678,1.4366717120699801,12.6
dynamic_exponential,22,78,7900,12.829563014098701,14.727341408099775,20.173320053068153,1.298171491973784,12.6
dynamic_exponential,22,79,8000,12.779795897113273,14.639860063283425,20.129705854077837,1.3627856974395034,12.6
dynamic_exponential,22,80,8100,12.829563014098701,14.680511502527184,18.44935886896179,1.2000029345157077,12.6
dynamic_exponential,22,81,8200,12.779795897113273,14.808412263884748,18.900000000000002,1.365694857668359,12.6
dynamic_exponential,22,82,8300,12.829563014098701,14.57368113395885,19.167156809750924,1.0921074663151509,12.6
dynamic_exponential,22,83,8400,12.779795897113273,14.781939214091489,19.82828568570857,1.3588686666991965,12.6
dynamic_exponential,22,84,8500,12.779795897113273,14.634115567411367,19.967707825203128,1.4643414578966285,12.6
dynamic_exponential,22,85,8600,12.779795897113273,14.582209217358255,18.707106781186546,1.2717467666234492,12.6
dynamic_exponential,22,86,8700,12.779795897113273,14.81286157585227,19.788854381999833,1.5600146677041085,12.6
dynamic_exponential,22,87,8800,12.779795897113273,14.867249322934391,19.08113883008419,1.5587830012248274,12.6
dynamic_exponential,22,88,8900,13.06332495807108,15.038578243244995,21.235270009440733,1.6475848629809218,12.6
dynamic_exponential,22,89,9000,12.779795897113273,15.050129270297795,19.774596669241483,1.3981779315494152,12.6
dynamic_exponential,22,90,9100,13.12664991614216,14.745925758503653,20.394438717061494,1.1830959315322425,12.6
dynamic_exponential,22,91,9200,13.088409872672514,14.897797670636017,22.417935662402833,1.611516567937612,12.6
dynamic_exponential,22,92,9300,12.829563014098701,14.779297369436936,18.630495168499706,1.168803584430241,12.6
dynamic_exponential,22,93,9400,12.983239697419133,14.702656082696883,18.70713075057055,1.1556409904362612,12.6
dynamic_exponential,22,94,9500,12.983239697419133,14.641240143940918,18.991015291668745,1.2263361814150013,12.6
dynamic_exponential,22,95,9600,12.983239697419133,14.70050385722868,18.136664289109586,1.0905482237827941,12.6
dynamic_exponential,22,96,9700,12.983239697419133,14.759279661002054,18.512931993250106,1.286691548063531,12.6
dynamic_exponential,22,97,9800,12.983239697419133,14.787852017844255,19.230727575266254,1.179535056815556,12.6
dynamic_exponential,22,98,9900,13.01657508881031,14.660893758056625,18.78952211790544,1.0399236313735867,12.6
dynamic_exponential,22,99,10000,12.983239697419133,14.50913925066202,17.724807680927192,1.0094074790688221,12.6
dynamic_exponential,22,100,10100,12.983239697419133,14.512275550479776,17.66794833886788,0.9963642511313964,12.6
random_search,20,0,100,18.341640786499873,20.95575566148211,23.32987251894456,1.1085038797488296,18.341640786499873
random_search,20,1,200,18.43469899493758,20.8437911224202,23.369870314579494,1.0616119752592883,18.341640786499873
random_search,20,2,300,17.948331477354788,20.82244278872357,23.22654919008431,1.0513342623899449,17.948331477354788
random_search,20,3,400,19.04880884817015,20.83588938123971,23.658323293158116,0.9241069842354747,17.948331477354788
random_search,20,4,500,18.58679622641132,20.693661268571724,23.142787793912433,0.9599749090686406,17.948331477354788
random_search,20,5,600,18.063324958071078,20.798902887287102,22.957342370508883,1.0577498577930764,17.948331477354788
random_search,20,6,700,18.285229954635273,20.720541874365203,22.90805405358401,0.9735226893474167,17.948331477354788
random_search,20,7,800,18.140967364599085,20.626767237386233,22.487905815638733,0.9584482908024161,17.948331477354788
random_search,20,8,900,18.640175425099137,20.81057570745928,22.82842712474619,0.930943068198461,17.948331477354788
random_search,20,9,1000,17.80384048104053,20.679816205655232,23.331666249791535,1.0652846056494523,17.80384048104053
random_search,20,10,1100,18.512403840463595,20.758897278501895,23.22029410174709,0.99886703101868,17.80384048104053
random_search,20,11,1200,17.54833147735479,20.745614216055,24.16988664825584,1.1161899765664531,17.54833147735479
random_search,20,12,1300,17.908304597359457,20.66934437529716,23.708607914449797,1.0806928116705312,17.54833147735479
random_search,20,13,1400,18.555294535724684,20.72401749152938,23.093237062523876,0.9926658973996768,17.54833147735479
random_search,20,14,1500,18.894427190999917,20.84246876012703,22.924099870362664,0.9007667913426436,17.54833147735479
random_search,20,15,1600,17.755294535724687,20.861329440418587,23.876388603226825,1.0367982214721447,17.54833147735479
random_search,20,16,1700,18.377032961426902,20.929046129115548,23.10263066836631,1.069769291598062,17.54833147735479
random_search,20,17,1800,18.394427190999917,20.842254043375373,23.895943722515266,0.9960039055364106,17.54833147735479
random_search,20,18,1900,17.099999999999998,20.67300529491097,23.252776554086893,1.0313679599915857,17.099999999999998
random_search,20,19,2000,18.400000000000002,20.704653543055684,22.940063693621518,0.9904036419768797,17.099999999999998
random_search,20,20,2100,18.59666295470958,20.777514152883246,22.75941170815567,0.9659317645326297,17.099999999999998
random_search,20,21,2200,17.72736184954957,20.595122310179335,23.37571129984594,0.993463484263479,17.099999999999998
random_search,20,22,2300,17.7,20.69575420892761,22.94963766213207,1.1916494169316252,17.099999999999998
random_search,20,23,2400,18.12664991614216,20.714632257333008,23.89317652729776,1.0470774468187818,17.099999999999998
random_search,20,24,2500,17.400000000000002,20.686873383922737,23.357066051117283,1.173340169111485,17.099999999999998
random_search,20,25,2600,18.334846922834956,20.88894169014419,23.630495168499706,1.0425025391026728,17.099999999999998
random_search,20,26,2700,16.760232526704264,20.846217468824925,22.737663853655725,1.0565043028399637,16.760232526704264
random_search,20,27,2800,18.336660026534076,20.65011472931899,23.182461550347973,1.0383467110943385,16.760232526704264
random_search,20,28,2900,18.400000000000002,20.8080609215627,23.160601043544624,1.0089157870892065,16.760232526704264
random_search,20,29,3000,18.54928556845359,20.930921061451368,23.53170396123207,1.0259054054797958,16.760232526704264
random_search,20,30,3100,18.00830459735946,20.821035051331542,23.57430975749267,1.0378424334212515,16.760232526704264
random_search,20,31,3200,18.05758369027902,20.767751188614042,22.8459060435492,0.8754478931018498,16.760232526704264
random_search,20,32,3300,17.76023252670426,20.598439901052704,22.869870314579494,1.1066930268594364,16.760232526704264
random_search,20,33,3400,18.816590212458493,20.718642687536725,23.049509756796393,0.9894740324817836,16.760232526704264
random_search,20,34,3500,18.16770782520313,20.81852430691802,23.891164991562633,0.9563273370321886,16.760232526704264
random_search,20,35,3600,17.908304597359457,20.65114494788151,23.912833614050058,1.0973296509502406,16.760232526704264
random_search,20,36,3700,18.389897948556634,20.798372977642416,22.880697580112788,0.8958923386184188,16.760232526704264
random_search,20,37,3800,18.05758369027902,20.723895479412814,23.22574776766556,1.0326777782785008,16.760232526704264
random_search,20,38,3900,18.340967364599088,20.705961295019268,22.679075450674063,0.9731843199824066,16.760232526704264
random_search,20,39,4000,18.334846922834956,20.70867543026785,23.464101615137753,1.1246744103520554,16.760232526704264
random_search,20,40,4100,18.756465996625053,20.768146397995057,23.206404996924924,0.9275587008092617,16.760232526704264
random_search,20,41,4200,17.98309518948453,20.87835973770242,23.655592347112503,1.0601608442226043,16.760232526704264
random_search,20,42,4300,18.467707825203128,20.768154028681028,22.856349099818896,0.8758422143475258,16.760232526704264
random_search,20,43,4400,18.55758369027902,20.690464584680253,23.252776554086893,0.9413292231142213,16.760232526704264
random_search,20,44,4500,18.21909059582729,20.890565080839327,23.035533905932738,0.998961836430751,16.760232526704264
random_search,20,45,4600,18.50830459735946,20.91650044463569,23.62883794381533,1.0480102051289624,16.760232526704264
random_search,20,46,4700,17.978232998312528,20.883733097705026,23.359411708155672,1.053799720118731,16.760232526704264
random_search,20,47,4800,17.834846922834956,20.70610658082753,22.994438717061495,1.0066027408971392,16.760232526704264
random_search,20,48,4900,18.61980390271856,20.79647974646012,23.355430508634196,0.9432442900247302,16.760232526704264
random_search,20,49,5000,17.59666295470958,20.8217339796976,23.536664289109584,1.093006621351447,16.760232526704264
random_search,20,50,5100,18.492838827718412,20.8048515891348,23.020897306865447,0.914705224532099,16.760232526704264
random_search,20,51,5200,18.2,20.57817946164162,23.554867053479278,1.023425284401724,16.760232526704264
random_search,20,52,5300,18.209901951359278,20.724368357333983,23.40587727318528,1.126596935436557,16.760232526704264
random_search,20,53,5400,17.841640786499873,20.55718034747105,22.992849839314594,1.1056881128045788,16.760232526704264
random_search,20,54,5500,16.922497216032184,20.65683956633367,23.714674215792776,1.1496162033160748,16.760232526704264
random_search,20,55,5600,17.98309518948453,20.81340205959301,23.502630668366308,1.0936547879004743,16.760232526704264
random_search,20,56,5700,17.764911064067352,20.765862827893383,23.478505426185215,1.0467452144804066,16.760232526704264
random_search,20,57,5800,17.735270009440733,20.692677688165244,23.237663853655725,1.2235979359890623,16.760232526704264
random_search,20,58,5900,17.922497216032184,20.92979067087606,23.807886552931954,0.9916419106731641,16.760232526704264
random_search,20,59,6000,18.2,20.843611832593787,23.0563490998189,0.9964769541721223,16.760232526704264
random_search,20,60,6100,18.378232998312527,20.661846914426032,23.74165738677394,1.0334008402171624,16.760232526704264
random_search,20,61,6200,18.671779788708136,20.777097761364352,23.20936130717624,1.0431131170948276,16.760232526704264
random_search,20,62,6300,18.760681686165903,20.86996180464796,23.237663853655725,1.0050544253989924,16.760232526704264
random_search,20,63,6400,18.54833147735479,20.760605672764754,22.880972058177587,0.8122042580798388,16.760232526704264
random_search,20,64,6500,18.841640786499873,20.79715124198474,22.620215047547653,0.7809866094388443,16.760232526704264
random_search,20,65,6600,18.735270009440733,20.894855101315148,23.441186241925152,0.9550114350161034,16.760232526704264
random_search,20,66,6700,18.448683298050515,20.752334342812222,23.577708763999663,1.0102029995898094,16.760232526704264
random_search,20,67,6800,18.56953597148327,20.78243433672511,23.32636833980236,0.9652405709662761,16.760232526704264
random_search,20,68,6900,18.422497216032184,20.810709259333102,23.606404996924923,1.0683622267787278,16.760232526704264
random_search,20,69,7000,18.56287388383278,20.89930537408675,23.51058907144937,1.0073402818803252,16.760232526704264
random_search,20,70,7100,18.3,20.715381031298545,23.281666326391708,1.1073430608214605,16.760232526704264
random_search,20,71,7200,17.478232998312528,20.777635413941475,24.475467891024387,1.140241360714594,16.760232526704264
random_search,20,72,7300,18.29283882771841,20.59315162706352,22.892415526630867,1.0204521691547874,16.760232526704264
random_search,20,73,7400,18.478232998312528,20.755130821123856,23.646916505762093,1.0407183253533776,16.760232526704264
random_search,20,74,7500,17.7540659228538,20.85129718705129,23.449666651850535,1.1156530831832898,16.760232526704264
random_search,20,75,7600,17.978232998312528,20.772935050193873,22.82987251894456,1.0611002664035625,16.760232526704264
random_search,20,76,7700,18.22474487139159,20.765559884080496,23.57624151769984,1.0279142008714321,16.760232526704264
random_search,20,77,7800,17.869535971483266,20.81799694416054,23.267491648096545,1.0268170611266514,16.760232526704264
random_search,20,78,7900,17.878232998312527,20.66347146630447,23.064965543462904,1.0063494070585004,16.760232526704264
random_search,20,79,8000,17.640175425099137,20.959436292879612,23.599999999999998,1.0203208632954257,16.760232526704264
random_search,20,80,8100,18.61980390271856,20.658456810258976,22.95306852353742,0.8764078449579047,16.760232526704264
random_search,20,81,8200,17.816515138991168,20.893733189691375,23.384250278036866,1.0969296721673027,16.760232526704264
random_search,20,82,8300,18.59666295470958,20.93928547477183,23.771085446759226,1.0339568308912153,16.760232526704264
random_search,20,83,8400,18.05758369027902,20.657054426957234,22.971750305430742,1.0085825491813223,16.760232526704264
random_search,20,84,8500,18.04833147735479,20.85259274568002,23.78608421540822,1.014537460660115,16.760232526704264
random_search,20,85,8600,18.547722557505168,20.820831730276186,23.41916017074176,0.9501026005550028,16.760232526704264
random_search,20,86,8700,17.467707825203128,20.791028929158973,23.088078318274384,0.9832535502062135,16.760232526704264
random_search,20,87,8800,18.80384048104053,20.950518080373534,23.238681079732054,0.9997613126359195,16.760232526704264
random_search,20,88,8900,18.134846922834953,20.939364398314797,23.610589071449372,1.0454737823309421,16.760232526704264
random_search,20,89,9000,18.229563014098698,20.667116316480893,23.464965543462903,0.9694367124344477,16.760232526704264
random_search,20,90,9100,18.96204993518133,20.747923462805183,22.7343879744639,0.8213853643003579,16.760232526704264
random_search,20,91,9200,18.491153452528778,20.84377688983277,24.240048308896892,1.0912042285028662,16.760232526704264
random_search,20,92,9300,17.77979589711327,20.568654993518727,23.995943722515268,1.0401867977750567,16.760232526704264
random_search,20,93,9400,18.16770782520313,20.90730544032863,23.30199920063936,1.0704762242191364,16.760232526704264
random_search,20,94,9500,17.948331477354788,20.80893181478868,23.62883794381533,1.1782213599638724,16.760232526704264
random_search,20,95,9600,18.419090595827292,20.8771729104635,23.438181191654586,1.0084584013473865,16.760232526704264
random_search,20,96,9700,17.448683298050515,20.92596727032658,23.32232783924049,1.0253041285603657,16.760232526704264
random_search,20,97,9800,18.774596669241483,20.898161323983665,23.480243893371345,1.0211778773614377,16.760232526704264
random_search,20,98,9900,18.213552872566005,20.742904354861274,23.284336665618135,1.0120634287395838,16.760232526704264
random_search,20,99,10000,16.974165738677396,20.67862317703871,22.529822128134704,1.0327893876973833,16.760232526704264
random_search,20,100,10100,18.663818169698587,20.892076707080513,22.72089730686545,0.8496043965566369,16.760232526704264
random_search,21,0,100,18.235270009440733,20.78715310854523,24.54972526643093,1.1217636142883118,18.235270009440733
random_search,21,1,200,18.389897948556634,20.812227883303894,22.816609194718914,0.936359306617742,18.235270009440733
random_search,21,2,300,18.047722557505168,20.79707541600809,23.563705936241092,1.0453263861406021,18.047722557505168
random_search,21,3,400,18.22474487139159,20.94444562323476,23.146536616149582,0.9828299661835366,18.047722557505168
random_search,21,4,500,18.76332495807108,20.865960568972554,23.700000000000003,1.0528838251282764,18.047722557505168
random_search,21,5,600,18.612403840463596,20.765221757124156,23.2,0.930469810160879,18.047722557505168
random_search,21,6,700,18.04833147735479,20.78598788742022,22.939270764090494,1.0883055806262214,18.047722557505168
random_search,21,7,800,17.707106781186546,20.753999334856545,23.11283361405006,1.1089964365424236,17.707106781186546
random_search,21,8,900,18.04833147735479,20.789769661250734,24.027953488110057,1.1358615414396953,17.707106781186546
random_search,21,9,1000,17.96619037896906,20.78388252517426,23.20185121722126,0.956820403320461,17.707106781186546
random_search,21,10,1100,18.214944167960986,21.009797618188454,23.22574776766556,0.9556963656245476,17.707106781186546
random_search,21,11,1200,18.76397674405503,20.79424632697935,23.711094017053558,1.0920570316519056,17.707106781186546
random_search,21,12,1300,18.5,20.85464529426646,23.12988833592198,0.9596270162392653,17.707106781186546
random_search,21,13,1400,18.193737745050925,20.809402280371025,23.36356421265527,1.0019598451657117,17.707106781186546
random_search,21,14,1500,18.960232526704264,20.764726595830812,23.1886890422961,0.9107333361899272,17.707106781186546
random_search,21,15,1600,17.460232526704264,20.85129492101107,23.70936130717624,1.2341715276624774,17.460232526704264
random_search,21,16,1700,18.513552872566002,20.79181667886686,24.166939881532553,0.9941518551207762,17.460232526704264
random_search,21,17,1800,18.193737745050925,20.836641740465595,23.57402157263998,0.9675952699533196,17.460232526704264
random_search,21,18,1900,18.456465996625056,20.646618228550974,23.384250278036866,0.9465701243115975,17.460232526704264
random_search,21,19,2000,18.1431676725155,20.701167504542273,23.641186241925155,1.0908162186738035,17.460232526704264
random_search,21,20,2100,18.11980390271856,20.64439489386827,23.5563490998189,1.0155609544836675,17.460232526704264
random_search,21,21,2200,18.55758369027902,21.019922918830563,23.520897306865447,1.028120711206235,17.460232526704264
random_search,21,22,2300,18.336660026534076,20.857131150171057,23.297057550292603,1.021136266855735,17.460232526704264
random_search,21,23,2400,17.988409872672513,20.960976617764803,24.042810150121692,0.9795500185086479,17.460232526704264
random_search,21,24,2500,17.54494897427832,20.711039290044546,23.252776554086893,0.9849006943753714,17.460232526704264
random_search,21,25,2600,17.729563014098698,20.763060944074525,23.55277655408689,1.1409944448180251,17.460232526704264
random_search,21,26,2700,18.919090595827292,20.738018367299627,23.156141357987227,0.93771116360431,17.460232526704264
random_search,21,27,2800,18.378232998312527,20.731129195691825,23.940063693621518,1.0717858505476645,17.460232526704264
random_search,21,28,2900,18.334846922834956,20.897488299517462,23.40312347560939,1.0332320861967494,17.460232526704264
random_search,21,29,3000,19.063818169698585,20.790329264007095,22.96931365951495,0.9771630417125062,17.460232526704264
random_search,21,30,3100,17.72736184954957,20.708067163869686,23.549691346263316,1.1672877016434613,17.460232526704264
random_search,21,31,3200,18.79283882771841,20.784827598996127,23.57624151769984,0.9992652789040504,17.460232526704264
random_search,21,32,3300,18.408304597359457,20.701073730051068,23.440063693621518,0.9725454491026119,17.460232526704264
random_search,21,33,3400,18.3295630140987,20.74121592495193,23.258323293158117,0.9553939349793225,17.460232526704264
random_search,21,34,3500,17.834846922834956,20.69332627331271,23.3868192457523,1.083509270812723,17.460232526704264
random_search,21,35,3600,17.77979589711327,20.730241720272407,23.692415526630864,1.0978511570485032,17.460232526704264
random_search,21,36,3700,17.640175425099137,20.851818924955786,23.139736830714135,1.0150978357798695,17.460232526704264
random_search,21,37,3800,18.322611077089288,20.823060215806244,22.659729717389748,1.014188062404351,17.460232526704264
random_search,21,38,3900,18.0,20.67135105009916,23.81386219991853,1.0484292036813638,17.460232526704264
random_search,21,39,4000,18.72736184954957,20.963999580235036,24.316624790355398,1.0001369670952156,17.460232526704264
random_search,21,40,4100,18.334846922834956,20.713065185473962,22.941186241925152,0.9992460267620996,17.460232526704264
random_search,21,41,4200,18.672004514666934,20.848556781036258,23.686819245752297,0.9416807641993621,17.460232526704264
random_search,21,42,4300,17.919090595827292,20.99744211549401,22.97245829914744,1.0680463630873027,17.460232526704264
random_search,21,43,4400,17.408304597359457,20.93404207357427,23.01058907144937,1.0268618506913365,17.408304597359457
random_search,21,44,4500,18.02664991614216,20.862642112373823,24.105551275463988,1.0164302021905738,17.408304597359457
random_search,21,45,4600,18.491153452528778,20.879863175498226,23.588078318274384,0.9895141675831336,17.408304597359457
random_search,21,46,4700,18.68062484748657,20.69522487869691,23.68072158238645,0.9633769901536554,17.408304597359457
random_search,21,47,4800,18.662049935181333,20.888496000864066,23.97624151769984,0.9987484353310321,17.408304597359457
random_search,21,48,4900,18.2131126469709,20.680685426328132,23.491015291668745,1.0354507554199504,17.408304597359457
random_search,21,49,5000,18.099999999999998,20.75337808842674,23.51058907144937,1.074849845240918,17.408304597359457
random_search,21,50,5100,18.336660026534076,20.70358540295825,22.521347195933174,0.920663430543952,17.408304597359457
random_search,21,51,5200,17.62736184954957,20.829767426973717,24.110589071449372,1.1168695130915027,17.408304597359457
random_search,21,52,5300,17.834846922834956,20.96976470181292,23.32636833980236,1.1326184623315487,17.408304597359457
random_search,21,53,5400,17.948683298050515,20.75420540340693,22.839387691339812,0.8712564504957255,17.408304597359457
random_search,21,54,5500,18.42756668824971,20.811168381053577,23.172751070837066,1.0253426953132558,17.408304597359457
random_search,21,55,5600,18.369535971483266,20.68505905799319,23.197221149720992,0.95191770511748,17.408304597359457
random_search,21,56,5700,17.836660026534076,20.819132212819795,23.606404996924923,1.1118668620314793,17.408304597359457
random_search,21,57,5800,18.18062484748657,20.558689413133152,22.46931365951495,0.9234406666773718,17.408304597359457
random_search,21,58,5900,18.140967364599085,20.69027279208776,22.70199920063936,0.9511008927781112,17.408304597359457
random_search,21,59,6000,18.162049935181333,20.72780418613387,23.891164991562633,1.2612982719137096,17.408304597359457
random_search,21,60,6100,18.089897948556636,20.75414023575128,23.193743884534264,1.068585260097281,17.408304597359457
random_search,21,61,6200,18.2,20.754014497322693,23.464965543462903,1.0029667228620824,17.408304597359457
random_search,21,62,6300,17.922497216032184,20.886374966887356,23.17921561087423,1.087936626943125,17.408304597359457
random_search,21,63,6400,18.54880884817015,20.878281889860677,23.471750305430742,1.0631448821787912,17.408304597359457
random_search,21,64,6500,18.377032961426902,20.9326175365983,22.900000000000002,1.0275483704445683,17.408304597359457
random_search,21,65,6600,18.71909059582729,20.79780359210961,24.08072158238645,1.0173777923835412,17.408304597359457
random_search,21,66,6700,17.7,20.790120628636863,23.24131112314674,0.9844687022283614,17.408304597359457
random_search,21,67,6800,18.54880884817015,20.881024011082264,23.707492981902774,1.2380257809712778,17.408304597359457
random_search,21,68,6900,17.77979589711327,20.903461719610235,24.070459909270543,1.2675677970908312,17.408304597359457
random_search,21,69,7000,18.834846922834956,20.680249433339164,22.840063693621516,1.002017687342401,17.408304597359457
random_search,21,70,7100,17.76023252670426,20.78854236324373,23.177193921634785,0.967841396078314,17.408304597359457
random_search,21,71,7200,18.099999999999998,20.624637423296093,23.114674215792775,0.995660898696602,17.408304597359457
random_search,21,72,7300,18.400000000000002,20.96390491078391,23.049545416973505,0.9463870660262869,17.408304597359457
random_search,21,73,7400,18.235270009440733,20.760572149262153,23.38608421540822,0.9201857927388623,17.408304597359457
random_search,21,74,7500,18.047722557505168,20.83610271214671,23.45201102939779,1.0945751344821053,17.408304597359457
random_search,21,75,7600,18.467707825203128,20.698207265650225,22.861901286060018,0.9786722163306177,17.408304597359457
random_search,21,76,7700,18.16770782520313,20.830120389516306,23.614482300479487,1.0696520337524298,17.408304597359457
random_search,21,77,7800,17.836660026534076,20.656295747756076,22.710844001658266,1.017396915369911,17.408304597359457
random_search,21,78,7900,18.20332963783729,21.007523066727572,23.818252056394797,1.1418941792778092,17.408304597359457
random_search,21,79,8000,18.448683298050515,20.671627571344935,22.82842712474619,0.9903879342497337,17.408304597359457
random_search,21,80,8100,18.729563014098698,20.890134987235086,24.003123475609392,0.9986480039437396,17.408304597359457
random_search,21,81,8200,18.52664991614216,20.73861737330129,22.93630833845388,0.9358402314932179,17.408304597359457
random_search,21,82,8300,18.80384048104053,20.927655560669763,22.738681079732054,0.822320039756909,17.408304597359457
random_search,21,83,8400,18.213552872566005,20.885369463725326,23.085677655436825,0.9991162113606958,17.408304597359457
random_search,21,84,8500,17.900000000000002,20.853062624195296,22.8,0.9598157858551771,17.408304597359457
random_search,21,85,8600,18.420465053408524,21.03540634551973,23.75941170815567,1.1662386942018141,17.408304597359457
random_search,21,86,8700,18.26023252670426,20.79896432932155,23.730839160261237,1.058916010207558,17.408304597359457
random_search,21,87,8800,18.04880884817015,20.797191831856153,23.8732137494637,1.1298718618412371,17.408304597359457
random_search,21,88,8900,17.460232526704264,20.895220479375734,23.214674215792776,1.0435489109307177,17.408304597359457
random_search,21,89,9000,17.960232526704264,20.783426429877423,23.840930106817048,0.9864174089813842,17.408304597359457
random_search,21,90,9100,18.099999999999998,20.871588264305274,23.40312347560939,1.045424420950247,17.408304597359457
random_search,21,91,9200,18.54880884817015,20.69136416555186,23.020897306865447,0.8810117243240013,17.408304597359457
random_search,21,92,9300,18.467707825203128,20.639698311415735,23.208607914449797,1.0403205011877146,17.408304597359457
random_search,21,93,9400,18.467707825203128,20.76530100712569,22.940063693621518,1.0586793429801373,17.408304597359457
random_search,21,94,9500,18.00830459735946,20.895281172439176,24.516631205513228,1.0885937557874799,17.408304597359457
random_search,21,95,9600,18.20332963783729,20.939152866889884,23.91547594742265,0.9976221245358651,17.408304597359457
random_search,21,96,9700,18.614642819948223,20.831534142621198,22.781534080237808,0.9488688735306089,17.408304597359457
random_search,21,97,9800,18.836660026534076,20.773955785911234,23.301514803843837,1.0217356868817906,17.408304597359457
random_search,21,98,9900,17.474165738677396,20.766364829112646,23.439270764090494,1.047444861950184,17.408304597359457
random_search,21,99,10000,17.960232526704264,20.932507112308663,23.53732584763727,1.0227223557368146,17.408304597359457
random_search,21,100,10100,18.55758369027902,20.851719193551688,23.434192325759245,1.0766827809473076,17.408304597359457
random_search,22,0,100,18.140967364599085,20.572676684890517,23.420526275297412,0.9896912033099575,18.140967364599085
random_search,22,1,200,18.171779788708136,20.659447876072,23.511744421846398,1.076086567049753,18.140967364599085
random_search,22,2,300,18.30384048104053,20.74604801904466,23.052396473549933,0.9421892843064373,18.140967364599085
random_search,22,3,400,17.80990195135928,20.76220525429323,23.31567916624939,0.9592584659313654,17.80990195135928
random_search,22,4,500,17.729563014098698,20.901256391181143,24.23236903073119,1.1028461994846412,17.729563014098698
random_search,22,5,600,17.80384048104053,20.733658502394064,23.955946767611902,0.9744029931659705,17.729563014098698
random_search,22,6,700,18.422497216032184,20.715021703922034,23.170831300812523,0.9960202523462275,17.729563014098698
random_search,22,7,800,18.047722557505168,20.745103992376606,23.156141357987227,1.060283080985336,17.729563014098698
random_search,22,8,900,18.512403840463595,20.760584597881135,22.676575213227444,0.9510367799760414,17.729563014098698
random_search,22,9,1000,18.3295630140987,20.854304061074963,23.549545416973505,1.0433103551623535,17.729563014098698
random_search,22,10,1100,17.948331477354788,20.84446932475714,23.07402157263998,0.9016196992258851,17.729563014098698
random_search,22,11,1200,18.16770782520313,20.58882477303308,23.615756805667782,1.0343432792932028,17.729563014098698
random_search,22,12,1300,18.06953597148327,20.79121572775905,23.520897306865447,1.1233074761357817,17.729563014098698
random_search,22,13,1400,18.761706725018236,21.05188760008764,23.284336665618135,0.9193888216374154,17.729563014098698
random_search,22,14,1500,18.660107523773828,21.033653071932694,23.606750598570127,1.055242435309924,17.729563014098698
random_search,22,15,1600,17.978232998312528,20.8457229141758,22.743024810940586,0.9076113452074381,17.729563014098698
random_search,22,16,1700,17.7,20.888171064368827,23.68072158238645,1.0590349344087473,17.7
random_search,22,17,1800,17.974165738677396,20.711185718719598,23.1886890422961,1.013395268552956,17.7
random_search,22,18,1900,18.671779788708136,20.782481968475814,23.22491379207837,1.0905517852126438,17.7
random_search,22,19,2000,18.12664991614216,20.90496923245623,23.297057550292603,0.8953900953497907,17.7
random_search,22,20,2100,18.015167380558044,20.754805645845707,23.610589071449372,1.084825811370373,17.7
random_search,22,21,2200,16.37840487520902,20.757379416633615,23.554867053479278,1.1439159037179458,16.37840487520902
random_search,22,22,2300,18.134846922834953,20.674418821601662,23.31386219991853,1.0697046738603446,16.37840487520902
random_search,22,23,2400,17.134846922834953,20.58953580684813,23.37175030543074,1.0774241553877657,16.37840487520902
random_search,22,24,2500,18.30332963783729,20.804710998425225,23.585677655436825,1.038278342291867,16.37840487520902
random_search,22,25,2600,18.394427190999917,20.873511274621684,22.87571129984594,0.9277008354850369,16.37840487520902
random_search,22,26,2700,18.063324958071078,20.781261569795515,23.32232783924049,1.060801992476785,16.37840487520902
random_search,22,27,2800,18.52828568570857,20.841039343162606,23.357066051117283,0.9925278225244397,16.37840487520902
random_search,22,28,2900,17.257583690279024,20.857843137637357,23.099999999999998,1.1170808086796538,16.37840487520902
random_search,22,29,3000,18.04833147735479,20.89494894867297,23.252776554086893,1.0790249478267315,16.37840487520902
random_search,22,30,3100,17.12736184954957,20.736754608170635,23.32842712474619,1.071442555225233,16.37840487520902
random_search,22,31,3200,18.132455532033674,20.75264201767621,22.987475490101847,0.9665322138132488,16.37840487520902
random_search,22,32,3300,18.099999999999998,20.679020558976596,23.115587038162705,1.0945595312808392,16.37840487520902
random_search,22,33,3400,18.099999999999998,20.856341855167276,23.462977544445355,0.9904557531200617,16.37840487520902
random_search,22,34,3500,18.134846922834953,20.89701750330604,23.46931365951495,1.0074995352351381,16.37840487520902
random_search,22,35,3600,17.900000000000002,20.983814681909895,23.70936130717624,1.0366733048832877,16.37840487520902
random_search,22,36,3700,18.01651513899117,20.830646830642273,23.346640106136302,1.1766550250369425,16.37840487520902
random_search,22,37,3800,17.8,20.676212631040126,23.115587038162705,1.0448700381726213,16.37840487520902
random_search,22,38,3900,18.088409872672514,20.71035018904668,22.978505426185215,1.0645453353605856,16.37840487520902
random_search,22,39,4000,18.52664991614216,20.882469396175658,23.229872518944557,0.9650537242472063,16.37840487520902
random_search,22,40,4100,18.43095064303001,20.958399259747747,23.49722114972099,1.0396787860759467,16.37840487520902
random_search,22,41,4200,17.82828568570857,20.764299873834695,23.281534080237808,1.0702165978226745,16.37840487520902
random_search,22,42,4300,16.816227766016837,20.83133161797373,23.252396473549936,1.1073774169751656,16.37840487520902
random_search,22,43,4400,18.255294535724687,20.78126757599586,23.54959013639538,1.0240886296392446,16.37840487520902
random_search,22,44,4500,18.61980390271856,20.764869743369605,23.7319206502675,1.0451982079937985,16.37840487520902
random_search,22,45,4600,18.599999999999998,20.945101983384102,23.309983388658484,0.8550026464288633,16.37840487520902
random_search,22,46,4700,18.72474487139159,20.865747673574756,23.867366884975475,1.013631730401266,16.37840487520902
random_search,22,47,4800,17.948331477354788,20.8020903960179,23.114674215792775,0.9668136202891187,16.37840487520902
random_search,22,48,4900,18.12736184954957,20.880021382001715,23.687817782917154,1.0420265944131466,16.37840487520902
random_search,22,49,5000,18.30990195135928,20.948389804239483,23.564965543462904,1.0011538401092681,16.37840487520902
random_search,22,50,5100,17.836660026534076,20.71753192548096,22.810693864511038,1.0815492061156968,16.37840487520902
random_search,22,51,5200,18.256465996625053,20.85531448808129,23.693743884534264,1.0444638739011556,16.37840487520902
random_search,22,52,5300,18.478232998312528,20.879147505592798,23.771085446759226,1.134519460869572,16.37840487520902
random_search,22,53,5400,18.140175425099137,20.86028467637365,23.318252056394797,0.9964382087007646,16.37840487520902
random_search,22,54,5500,17.71909059582729,20.92372441817655,24.187119154832537,1.032557394505384,16.37840487520902
random_search,22,55,5600,18.727566688249706,20.995772920401446,23.211094017053558,0.9322227157427292,16.37840487520902
random_search,22,56,5700,18.183095189484533,20.7516245722961,23.807886552931954,1.0709641310795552,16.37840487520902
random_search,22,57,5800,17.671779788708136,20.643815562136055,23.620215047547653,1.1475947950715046,16.37840487520902
random_search,22,58,5900,18.22736184954957,20.832789740823504,23.275711299845938,1.0622821712883508,16.37840487520902
random_search,22,59,6000,18.2770329614269,20.99321078390947,23.707492981902774,0.9254439490993647,16.37840487520902
random_search,22,60,6100,17.8,20.792470997435167,22.780350850198275,1.0183692378486982,16.37840487520902
random_search,22,61,6200,18.453720459187966,20.573642470504414,22.99722114972099,0.9941779474504899,16.37840487520902
random_search,22,62,6300,17.59544511501033,20.566386025506223,24.042080668885404,1.04819737314067,16.37840487520902
random_search,22,63,6400,18.8,20.98598533808146,23.391164991562633,1.0120486351768871,16.37840487520902
random_search,22,64,6500,17.861324772583615,20.84796992260847,23.522327839240493,1.0715477046134185,16.37840487520902
random_search,22,65,6600,18.478232998312528,20.930398700257964,23.214674215792776,1.0201355817374629,16.37840487520902
random_search,22,66,6700,18.62736184954957,20.78857742710596,23.659326868617086,1.0358883437463238,16.37840487520902
random_search,22,67,6800,16.774165738677393,20.68394819505706,23.440063693621518,1.0339105963542203,16.37840487520902
random_search,22,68,6900,17.98309518948453,20.791699123016556,22.776575213227446,0.8731309144418246,16.37840487520902
random_search,22,69,7000,18.86619037896906,20.966802960330664,23.42767142944341,1.0704748619396793,16.37840487520902
random_search,22,70,7100,18.378232998312527,20.71427073958864,22.797057550292603,1.0343367516191218,16.37840487520902
random_search,22,71,7200,18.183095189484533,20.69360370799267,22.997057550292606,0.963863406346411,16.37840487520902
random_search,22,72,7300,17.512403840463595,20.941367436859455,23.243024810940586,1.0211893825159664,16.37840487520902
random_search,22,73,7400,18.512403840463595,20.765768797175888,22.771085446759226,0.8495849389176499,16.37840487520902
random_search,22,74,7500,17.922497216032184,20.841746949795642,23.395943722515266,1.0486880410656327,16.37840487520902
random_search,22,75,7600,18.16770782520313,20.89229819415307,23.49722114972099,1.048202503410821,16.37840487520902
random_search,22,76,7700,18.213552872566005,20.677322330461692,22.86154726279432,1.0475164859314472,16.37840487520902
random_search,22,77,7800,18.394427190999917,20.908518549294882,22.967491648096548,1.0272877690173514,16.37840487520902
random_search,22,78,7900,18.369535971483266,20.92450641342756,23.66988664825584,0.995844831960178,16.37840487520902
random_search,22,79,8000,17.640967364599085,20.820338406321028,23.674234614174768,1.0495556801470713,16.37840487520902
random_search,22,80,8100,17.209901951359278,20.75179505454831,23.049545416973505,1.1059592564020284,16.37840487520902
random_search,22,81,8200,17.967707825203128,20.87076332742104,23.418695387886217,1.0184661426780615,16.37840487520902
random_search,22,82,8300,18.257583690279024,20.826586202085714,22.966479394838267,0.9577359996918761,16.37840487520902
random_search,22,83,8400,18.171779788708136,20.807352985204744,22.934192325759245,0.9788921094246456,16.37840487520902
random_search,22,84,8500,18.512403840463595,20.786115848682872,23.155592347112503,0.9951155934157125,16.37840487520902
random_search,22,85,8600,18.707106781186546,20.79047062566025,23.368787265568827,0.9814345835308264,16.37840487520902
random_search,22,86,8700,18.063818169698585,20.731807679981653,23.619183588453083,0.9954803639793638,16.37840487520902
random_search,22,87,8800,17.988409872672513,20.671823377705792,22.637715508089904,1.043027416162007,16.37840487520902
random_search,22,88,8900,18.012403840463595,20.677170759684536,23.0576411454889,1.064713710404391,16.37840487520902
random_search,22,89,9000,18.513552872566002,20.780317714622893,23.003569153775235,0.9950405682047654,16.37840487520902
random_search,22,90,9100,18.461324772583616,20.73513256119173,23.765229618017536,0.9770665907433435,16.37840487520902
random_search,22,91,9200,16.948683298050515,20.664037698987645,23.412833614050058,1.1160766606985677,16.37840487520902
random_search,22,92,9300,18.640967364599085,20.744774548175894,23.78608421540822,1.0447940892893348,16.37840487520902
random_search,22,93,9400,18.400000000000002,20.81448154926462,23.243835071544513,0.9265319334368793,16.37840487520902
random_search,22,94,9500,17.80384048104053,20.8411222717057,23.20199920063936,1.1367530764177043,16.37840487520902
random_search,22,95,9600,18.05758369027902,20.838890057764207,22.68208554864871,0.8483135936930473,16.37840487520902
random_search,22,96,9700,18.709901951359278,20.60777891568867,22.95306852353742,0.9201151900160145,16.37840487520902
random_search,22,97,9800,17.919803902718556,20.770755995333307,22.62565782966318,0.8968371926430814,16.37840487520902
random_search,22,98,9900,18.683281572999746,20.66077473863694,22.59072480941474,0.8688152752014856,16.37840487520902
random_search,22,99,10000,18.467707825203128,20.987751785043187,23.034387974463897,0.8926088774862904,16.37840487520902
random_search,22,100,10100,17.878232998312527,20.862595595157885,23.40665927567458,1.120556047807734,16.37840487520902
