generation,evals_used,best_fitness,mean_fitness,std_fitness,sigma,condition_number,wall_time_s
1,18,-0.43444587157874626,-0.008607888121748718,0.16459749629941545,0.5,1.0,46.76026179105975
2,36,-0.24620713528995442,0.08193426818288518,0.19371446233603867,0.5,1.0,93.76761841611005
3,54,-0.8828869407936724,-0.008866181513008196,0.28558556089967024,0.5,1.0,141.02106129098684
4,72,-0.2587623007979616,0.5839928830154878,2.2884309531468974,0.5,1.0,195.65490612504072
5,90,-0.2037274119859669,0.13141757574537605,0.24686795263216813,0.5,1.0,247.66657704114914
6,108,-0.5714082139396117,0.04351866544995166,0.2215363932856432,0.5,1.0,299.7238940000534
7,126,-1.268383248080407,-0.08917616704826657,0.32630220406250293,0.5,1.0,352.51397162512876
8,144,-0.22495760618839533,0.040114275096256376,0.12129900681080992,0.5,1.0,412.72028204100206
9,162,-0.7418083957647887,-0.053337719150060754,0.27367848691895413,0.5,1.0,468.2987979580648
10,180,-0.6387655083199393,-0.03772136823036831,0.2791010659445386,0.5,1.0,522.121292707976
11,198,-0.14143503068974184,0.029186257633167498,0.14242391632102402,0.5,1.0,571.032653958071
12,216,-0.6648912518991956,-0.020914678038595615,0.21896986013048717,0.5,1.0,622.4815150410868
13,234,-0.3620931404485539,-0.016137544771573944,0.16792745626234937,0.5,1.0,675.2906181660946
14,252,-0.35879617873210456,-0.024150316106122432,0.23024669766324452,0.5,1.0,725.9410391661804
15,270,-0.7273094201150245,0.5155201644269047,2.322454089893705,0.5,1.0,783.1785256660078
16,288,-0.6556979193538206,0.6262730092026663,2.2919098439789347,0.5,1.0,830.789815541124
17,306,-0.5162793530068592,-0.020948291082939868,0.21769963582307325,0.5,1.0,881.2654735830147
18,324,-0.3544438607391447,0.03641823349366932,0.22797038970997466,0.5,1.0,929.0097323751543
19,342,-0.5068008135008242,0.5856093922911607,2.2957742693003937,0.5,1.0,976.3218652079813
20,360,-0.544977039443304,-0.04486996152503339,0.2747752922180031,0.5,1.0,1023.27989041619
21,378,-0.792336395598717,-0.0425171828197158,0.34119255838626894,0.5,1.0,1071.6287528329995
22,396,-0.2044061170626188,0.03629001225543514,0.1184124115359157,0.5,1.0,1119.2101168329827
23,414,-0.47059505960489467,0.027031583048554006,0.2205005250562743,0.5,1.0,1166.8045656660106
24,432,-0.41407430318615823,0.060777102341849125,0.20728496795296233,0.5,1.0,1218.1935730411205
25,450,-0.4213880803981107,-0.004699311126868228,0.24172407356587483,0.5,1.0,1266.4092088751495
26,468,-0.40397067256309604,-0.006071316572899733,0.21423822368062898,0.5,1.0,1316.0976851251908
27,486,-0.27401161314348865,0.05414423038927775,0.1832450841071352,0.5,1.0,1364.5082652501296
28,504,-0.24690974619281292,0.031620302307893984,0.13705909324738366,0.5,1.0,1413.78390175011
29,522,-1.001748521036287,0.03936518738861677,0.30517428610779,0.5,1.0,1462.7359588330146
30,540,-0.2761989051241427,0.01933638362126934,0.18804408703399036,0.5,1.0,1511.6668970410246
31,558,-0.3208909437792906,0.03397384839072072,0.2312416987416207,0.5,1.0,1560.4578668330796
32,576,-0.5946916618670803,-0.07148487654927448,0.26669951892975813,0.5,1.0,1608.9046087500174
33,594,-0.3691267318512601,0.5330144669733097,2.3015652127517123,0.5,1.0,1655.2885487501044
34,612,-0.24084693620233466,0.03588003477073803,0.17481656365774778,0.5,1.0,1705.6419737080578
35,630,-0.7354268260245558,-0.013032877174284696,0.2580806943372174,0.5,1.0,1753.624119416112
36,648,-0.3578524370697007,0.04050777277489622,0.2099916284582124,0.5,1.0,1802.551694958005
37,666,-0.2814146596983669,0.041972802616476144,0.21324844062754553,0.5,1.0,1853.1708297501318
38,684,-0.18239767674111018,0.05202157568764641,0.11703103262257038,0.5,1.0,1901.1878349580802
39,702,-0.3823068777217742,-0.03264121876869592,0.14745582058828566,0.5,1.0,1951.610245916061
40,720,-0.30582945034937303,-0.025748053244589682,0.14979913949225923,0.5,1.0,2000.4678150000982
41,738,-0.4071647364170028,-0.10090102748175742,0.1712004270973313,0.5,1.0,2049.9113408750854
42,756,-0.5829602096914961,-0.005840910542193761,0.24436328897231568,0.5,1.0,2101.0682955000084
43,774,-0.7217661999098377,0.03784326778683115,0.2494150983101873,0.5,1.0,2152.016540666111
44,792,-0.48936789951938753,0.0012496502183928628,0.19433929098076844,0.5,1.0,2202.3615015409887
45,810,-0.7601343305083574,0.10200493551183604,0.301041667880047,0.5,1.0,2251.859120041132
46,828,-0.34972728158777144,-0.02916990593225815,0.18269421034119965,0.5,1.0,2300.3007228330243
47,846,-0.3453960289255926,0.015465621465468014,0.20493169614525378,0.5,1.0,2347.2231686250307
48,864,-0.515102306614688,-0.007666550127806617,0.2343209084113337,0.5,1.0,2398.2825512501877
49,882,-0.3382714490949228,-0.012426503171562539,0.12774300158396082,0.5,1.0,2447.8100347500294
50,900,-0.340693510094602,-0.043591822135430704,0.10929520656923723,0.5,1.0,2495.7016887911595
51,918,-0.4735750078616032,-0.0028984051117058782,0.24056948863734828,0.5,1.0,2546.4648565831594
52,936,-0.38573446252114163,0.5361647178638798,2.311042000713146,0.5,1.0,2597.4312160830013
53,954,-0.5402143828612642,0.5400508420074035,2.3119416072592704,0.5,1.0,2646.731655291049
54,972,-0.40420035332214965,0.08351975048065396,0.23508526071872318,0.5,1.0,2694.4214871251024
55,990,-0.27247931870865827,0.0024408488367974415,0.17941240165923014,0.5,1.0,2743.5239959161263
56,1008,-0.3787098117779424,-0.001274411111348961,0.22454927403400968,0.5,1.0,2792.405899333069
57,1026,-0.3885705805136377,0.0066970445013646695,0.2544275059130203,0.5,1.0,2841.4733928330243
58,1044,-0.3544049313540798,0.5516599477867198,2.2973609032723106,0.5,1.0,2889.9125858750194
59,1062,-0.39792032306131553,-0.003713372232743447,0.17998439352960258,0.5,1.0,2940.005115624983
60,1080,-0.42622381003718157,0.5286539159223865,2.309493242692113,0.5,1.0,2989.1734409581404
61,1098,-0.4929425251040245,-0.09012471587394977,0.1988653120234321,0.5,1.0,3038.062246916117
62,1116,-0.5365583034665482,-0.06004378388883172,0.16522886498997394,0.5,1.0,3087.2785568330437
63,1134,-0.5565907577747637,0.01293078323425413,0.22086703070386923,0.5,1.0,3137.633391499985
64,1152,-0.5743532784748222,-0.022669349753486025,0.2759117730796814,0.5,1.0,3189.247547166189
65,1170,-0.4491747164620916,0.07411053310104915,0.25249716416628704,0.5,1.0,3238.316737832967
66,1188,-0.2982764628948651,0.05729839566183717,0.19829265846401403,0.5,1.0,3288.3132440000772
67,1206,-0.4787773142158489,-0.04123797652125546,0.2367569567947268,0.5,1.0,3337.409086750122
68,1224,-0.39111238391534453,-0.05292165002323252,0.1366581014455888,0.5,1.0,3388.168447750155
69,1242,-1.054215269313775,-0.06609862622952553,0.3226226728508219,0.5,1.0,3437.3272574581206
70,1260,-0.4728975308677068,-0.0005545185522338612,0.2146632373299364,0.5,1.0,3487.0021681659855
71,1278,-0.28961241732711596,0.029490410478453712,0.16534247420406603,0.5,1.0,3538.975078916177
72,1296,-0.2829236426294983,0.03619918746355236,0.2253833868114279,0.5,1.0,3586.4033028329723
73,1314,-0.5424306974198494,0.029640275784504875,0.3103929703332467,0.5,1.0,3635.1690198751166
74,1332,-0.5329647130958604,0.11129167993904678,0.30419583856329624,0.5,1.0,3682.890747791156
75,1350,-0.9346777031110891,-0.008130963169476048,0.26140195667978133,0.5,1.0,3731.3586718330625
76,1368,-0.7665581890081468,-0.05403104431891749,0.31383448721651297,0.5,1.0,3779.8279739159625
77,1386,-0.6355444765039637,-0.006207972544514896,0.2584408737574473,0.5,1.0,3826.867871958064
78,1404,-0.09146110108101979,0.051356128470363666,0.12677044819747038,0.5,1.0,3875.794206458144
79,1422,-0.1401281612747063,0.13014851531631744,0.23789647760020222,0.5,1.0,3926.300347041106
80,1440,-0.2603188492118189,0.036016736734191084,0.15107013071354838,0.5,1.0,3975.8369113751687
81,1458,-0.4543226063493764,0.574234270251801,2.3030285796470307,0.5,1.0,4024.299285666086
82,1476,-0.12263656947791546,0.059105018951275845,0.16441792461064092,0.5,1.0,4072.331823833054
83,1494,-1.0601649453619935,0.022618468298886807,0.3024923767999283,0.5,1.0,4118.734070666134
84,1512,-0.873633633060293,-0.05044625463222848,0.22875851133522904,0.5,1.0,4161.853901333176
85,1530,-0.43502368066450003,-0.0009106824293705351,0.19343319676738402,0.5,1.0,4204.780601333128
86,1548,-0.8683468318531524,-0.015519676974753772,0.24325339284847594,0.5,1.0,4247.93696316611
87,1566,-0.3900893214797936,0.0024223059118709932,0.18059565187923748,0.5,1.0,4290.429550040979
88,1584,-0.3636051072689792,0.02190462358635401,0.14578829494257545,0.5,1.0,4333.648207291029
89,1602,-0.49497644415503306,-0.02363026962487637,0.21388443242322736,0.5,1.0,4376.620334708132
90,1620,-0.786747923936745,0.04884086178785423,0.32356195650174013,0.5,1.0,4420.134416208137
91,1638,-0.59976958018001,-0.011600608651523903,0.23976734386023113,0.5,1.0,4463.033274041023
92,1656,-0.5275503639825176,-0.08847242644460411,0.1762916668531093,0.5,1.0,4507.027418832993
93,1674,-0.6794659204295996,-0.08045481011068177,0.18766654270513106,0.5,1.0,4550.122309040977
94,1692,-0.5238872112521475,-0.0166389407879083,0.16287449999154993,0.5,1.0,4593.421368875075
95,1710,-0.7461936279004329,0.016116732406803495,0.24885986305401042,0.5,1.0,4636.622735791141
96,1728,-0.1805899201868968,0.04478769783957458,0.15417509151715433,0.5,1.0,4679.046886499971
97,1746,-0.42010356423556683,-0.03356415087628944,0.16425367779606476,0.5,1.0,4726.356476500165
98,1764,-0.5022350986017292,0.05869948594821898,0.2918204529808047,0.5,1.0,4769.649982125033
99,1782,-0.65536387569274,-0.02434308886106547,0.19579003252257451,0.5,1.0,4813.111948458012
100,1800,-0.33979179559093353,-0.024456306157800208,0.21703795602107423,0.5,1.0,4858.032607541187
101,1818,-0.3367012909645899,0.02904633327778298,0.2447146521761665,0.5,1.0,4904.487099332968
102,1836,-0.11039486366770035,0.125315105742959,0.19598587997138728,0.5,1.0,4947.555546750082
103,1854,-0.653383717634707,-0.07467091722736906,0.17346784394794876,0.5,1.0,4991.858444540994
104,1872,-0.3163048992099027,0.5057096882629428,2.3077755513225706,0.5,1.0,5034.2887204580475
105,1890,-0.24167548860324128,0.04838809784606227,0.20772864860324988,0.5,1.0,5077.10985537502
106,1908,-0.32190742655506277,-0.03928492417851374,0.17575677202552734,0.5,1.0,5120.253409208031
107,1926,-0.6541331020178403,0.01760298863032079,0.38631396258635675,0.5,1.0,5162.410558916163
108,1944,-0.39056146048025653,0.0492232483001827,0.19893383909218879,0.5,1.0,5204.987383416155
109,1962,-1.0898476430447426,0.029141527877830024,0.40263947437040576,0.5,1.0,5247.233110415982
110,1980,-0.31159452953616107,-0.05570491038664042,0.15892443458102085,0.5,1.0,5291.431260291021
111,1998,-0.48590004967578704,-0.024556214546608748,0.25088218618312164,0.5,1.0,5335.815221250057
112,2016,-0.47212395720525,-0.006112154963569921,0.17999987762128217,0.5,1.0,5379.272555625066
113,2034,-1.1651766974419342,-0.04640736636519301,0.30323263927512356,0.5,1.0,5422.141078250017
114,2052,-0.6730738545403376,0.02272641645267696,0.28804156049157525,0.5,1.0,5468.3085882500745
115,2070,-0.3388021311250107,0.5699303632539396,2.2932142140075062,0.5,1.0,5517.351842208067
116,2088,-0.36135114285741565,-0.060816253932957656,0.20816470254776023,0.5,1.0,5568.432371458039
117,2106,-0.4718362535211025,0.02000137424394113,0.23334136530449745,0.5,1.0,5614.544465041021
118,2124,-0.4688202271804327,-0.027233425339611324,0.20718832899131912,0.5,1.0,5661.504555750173
119,2142,-0.33510594413558437,0.07315883023775444,0.26300640298012695,0.5,1.0,5704.868197875097
120,2160,-0.7904962285649857,0.5279571342172995,2.3129799614927964,0.5,1.0,5749.104542582994
121,2178,-0.23001461617888896,0.06201124690376389,0.20790395553539556,0.5,1.0,5803.089643333107
122,2196,-0.4993446269381572,-0.005658853204479107,0.1578885132807774,0.5,1.0,5858.338008332998
123,2214,-0.3124785241942263,-0.0047721104565831875,0.1626248993560682,0.5,1.0,5910.77844595816
124,2232,-0.39190404631735465,0.021833928014901163,0.16885804629490078,0.5,1.0,5960.661480457988
125,2250,-0.8184003891267153,0.03034411372131994,0.40566549274221825,0.5,1.0,6008.29834075016
126,2268,-0.3236662508407022,0.5717708393268147,2.296639573144022,0.5,1.0,6053.277404916007
127,2286,-0.2977136888001235,0.06540577007754456,0.2544648998425467,0.5,1.0,6101.109042583033
128,2304,-0.45460936455918155,-0.02049998339518498,0.29246490316482815,0.5,1.0,6150.984199207975
129,2322,-0.1957576759255497,0.12897362050562725,0.25431914100668096,0.5,1.0,6200.274831416085
130,2340,-0.28883075034759553,0.027763511906713174,0.15186305791059004,0.5,1.0,6251.494548541028
131,2358,-0.7350287345715438,-0.10447720501244288,0.2118018034089741,0.5,1.0,6298.786124333041
132,2376,-0.13898999932172185,0.09031757515223918,0.20524354068206457,0.5,1.0,6346.493830583058
133,2394,-0.6435618232907396,-0.013593705044554927,0.29411712908572796,0.5,1.0,6392.687199458014
134,2412,-0.43202785816403555,-0.06550130162266551,0.15681394032741794,0.5,1.0,6438.790706125088
135,2430,-0.40569147954678275,0.6149825115706398,2.2839458243155937,0.5,1.0,6481.786888791015
136,2448,-0.6481827964179132,-0.059418233650253637,0.20832386429094815,0.5,1.0,6524.596946125152
137,2466,-0.8351721930663976,0.6710605249549548,2.290743944240577,0.5,1.0,6567.994875875069
138,2484,-0.5744085561484553,0.009255486933801786,0.2472380176962513,0.5,1.0,6611.741754499963
139,2502,-0.8910598979520374,0.04121691873871569,0.3110253229711887,0.5,1.0,6657.533651374979
140,2520,-0.31276562346570635,0.08026664924545394,0.2077716295602034,0.5,1.0,6707.554652499966
141,2538,-0.7052939482144174,-0.05180783142896993,0.23757003209269428,0.5,1.0,6759.954560375074
142,2556,-0.6535285955147092,-0.01982742534889612,0.2504273497678649,0.5,1.0,6803.3002725001425
143,2574,-0.23993521500592774,0.004893068794697876,0.16291197928879647,0.5,1.0,6846.549386416096
144,2592,-0.2722287775184924,-0.003281742702988607,0.1435909730696524,0.5,1.0,6890.023484291043
145,2610,-0.407904673030818,-0.02865825856431334,0.1537496471964506,0.5,1.0,6932.754472541157
146,2628,-0.5208599510970693,0.12218562238395586,0.4250987988373281,0.5,1.0,6975.690612541046
147,2646,-1.0507354858840534,-0.10519922195884268,0.31177481155756237,0.5,1.0,7019.724919791101
148,2664,-0.16498156416769216,0.07466935846804808,0.18686169603843905,0.5,1.0,7062.737662000116
149,2682,-0.8502815929884457,-0.007253520591681915,0.28661892521547705,0.5,1.0,7106.020399041008
150,2700,-0.49979909235609377,0.044588563567474045,0.2947900570024087,0.5,1.0,7148.430146083003
151,2718,-0.26197401539608745,0.031061969844585757,0.16194039327082088,0.5,1.0,7191.065860500094
152,2736,-0.34206370874223957,-0.037706911060379746,0.1934289287308975,0.5,1.0,7235.325595790986
153,2754,-0.2597112994528459,0.1182538433455021,0.28313376370527954,0.5,1.0,7277.615589749999
154,2772,-0.533938576939744,-0.07522480894915413,0.23822870823172843,0.5,1.0,7320.7842926250305
155,2790,-0.9996952231100815,-0.06384236809741155,0.32517953205891015,0.5,1.0,7364.889454458142
156,2808,-0.2573373257080416,0.0074324802699922265,0.15635968424942512,0.5,1.0,7406.817542791134
157,2826,-0.3775343173475738,0.03116598312023195,0.24481564992551225,0.5,1.0,7449.807606999995
158,2844,-0.24918055228321379,0.0028858498036695834,0.2671553718017066,0.5,1.0,7492.345125500113
159,2862,-0.1879746585716875,0.03342239287106495,0.15544203349047087,0.5,1.0,7535.969835250173
160,2880,-0.45240643051615503,0.02133287755132142,0.23418974134054465,0.5,1.0,7579.179961375194
161,2898,-0.8999908806782715,-0.07442816173956907,0.2728158985678106,0.5,1.0,7622.1864075001795
162,2916,-0.1313191738576549,0.07781136129228855,0.1890563134676613,0.5,1.0,7664.376862375066
163,2934,-0.1014271383447074,0.053198935631807366,0.11405707482745588,0.5,1.0,7708.78305329103
164,2952,-0.7214881375531279,-0.05191608076993207,0.25059557003158184,0.5,1.0,7751.060649125138
165,2970,-0.8039168535387775,0.046348928706420614,0.26742526618706214,0.5,1.0,7795.22149500018
166,2988,-0.8719569740495414,-0.05491668574196397,0.2989376642057031,0.5,1.0,7838.18783104117
167,3006,-0.46198818167618505,-0.10890109744490425,0.17858850095987658,0.5,1.0,7881.615602249978
168,3024,-0.5321226560895145,0.5234851528074184,2.3055297548469,0.5,1.0,7923.54453033302
169,3042,-0.4641556990389395,0.004332582143238629,0.1584229238824533,0.5,1.0,7965.694836125011
170,3060,-0.24620875172992918,0.029428626131632454,0.19578366749179182,0.5,1.0,8009.111297250027
171,3078,-0.28314592315007836,-0.009920753454657975,0.16941901739867496,0.5,1.0,8052.293311166111
172,3096,-0.4075956493969377,-0.07012853673536273,0.16205627234676012,0.5,1.0,8095.444935541134
173,3114,-0.1902162000229657,0.2553942873579092,0.3648326677922756,0.5,1.0,8137.47300704103
174,3132,-0.4129311722564557,-0.004700247511184092,0.20863915749224576,0.5,1.0,8180.164654041175
175,3150,-1.0378714282785273,-0.060672920424854344,0.344585333375568,0.5,1.0,8224.49661433301
176,3168,-0.799525702528773,-0.00699231862170999,0.2568213602572363,0.5,1.0,8268.15869891597
177,3186,-0.8647727816652244,0.009814759691066734,0.3116401769240821,0.5,1.0,8312.689235791098
178,3204,-0.7245322713841604,-0.09982718397187816,0.261139864425509,0.5,1.0,8357.261851125164
179,3222,-1.249624043448991,0.02608104771995275,0.46399754231352813,0.5,1.0,8400.185545457993
180,3240,-0.4747452569756607,0.006110461089005654,0.20566888764141406,0.5,1.0,8443.506836832967
181,3258,-0.5185427141990395,-0.05634316878282933,0.19807140528032044,0.5,1.0,8487.707715332974
182,3276,-0.36231700391778254,0.004672640229083955,0.1886037960079316,0.5,1.0,8531.582280375063
183,3294,-0.5475943263181886,-0.033683739986095765,0.2587301822147847,0.5,1.0,8573.258950415999
184,3312,-0.46310431351522574,-0.006685870336824983,0.22418110420889364,0.5,1.0,8614.628208999988
185,3330,-0.433106685365078,-0.030167883287558903,0.18885482206894497,0.5,1.0,8656.914742500056
186,3348,-0.5564524495644507,0.041003132854000986,0.27407248766353365,0.5,1.0,8700.578273708
187,3366,-0.3568865085658146,0.5206896924508077,2.304034365859204,0.5,1.0,8742.93948125001
188,3384,-0.5414670901009417,-0.011384022369454695,0.20419523770610937,0.5,1.0,8784.96964145801
189,3402,-0.3622895647312312,0.12181417213535066,0.30716776166076,0.5,1.0,8828.334413083037
190,3420,-0.7464016952072052,-0.19895213059436934,0.25698259237838295,0.5,1.0,8872.669162500184
191,3438,-0.3233505486413195,-0.006389014832574603,0.20980448403234297,0.5,1.0,8915.522515207995
192,3456,-0.3037549569380582,0.02096930090098237,0.21557174563988868,0.5,1.0,8958.930630833143
193,3474,-0.6391372338429164,-0.06907223517809566,0.25011719707231495,0.5,1.0,9001.399711041013
194,3492,-0.28721016139616484,0.050926553713574324,0.30549764490637904,0.5,1.0,9045.634805083042
195,3510,-0.41515390392238594,0.0279027128574276,0.16094211503745207,0.5,1.0,9088.454193791142
196,3528,-0.5785001946753443,-0.005541733422402582,0.222619612637387,0.5,1.0,9132.968687375076
197,3546,-0.6776885417632927,0.5925041010821787,2.2967657836341644,0.5,1.0,9176.29683466605
198,3564,-1.2097225524955117,-0.23025895914482275,0.36451010275250245,0.5,1.0,9218.794284875039
199,3582,-0.6108541254974007,0.032046092419270304,0.2914695899041854,0.5,1.0,9260.22645420814
200,3600,-0.39547717685997963,0.02854247600202105,0.26264206367429543,0.5,1.0,9302.710583625128
201,3618,-0.29519839067572384,0.015689759524584377,0.11657970049262309,0.5,1.0,9345.975725208176
202,3636,-0.3336016390829828,0.03228353873309252,0.1641086145845314,0.5,1.0,9389.843594833044
203,3654,-0.270512509112649,0.09880086306290235,0.1787703881367358,0.5,1.0,9434.289390541147
204,3672,-0.38405893835352867,0.01768626640231494,0.281137157590222,0.5,1.0,9476.655609125039
205,3690,-0.26987960273537137,0.010442679202728813,0.17047860878743187,0.5,1.0,9519.759791416116
206,3708,-0.29323669847239575,0.04705856723404785,0.22224368574807007,0.5,1.0,9561.49388291617
207,3726,-0.5407144139809184,0.043096736127773455,0.3178196311343251,0.5,1.0,9604.940101416083
208,3744,-0.4738434331508614,-0.031572757166544035,0.23292988825569647,0.5,1.0,9648.737918708008
209,3762,-0.8458415047239924,0.00827596970384819,0.2667795073128156,0.5,1.0,9691.921157957986
210,3780,-0.4343758807368552,0.06324109586534811,0.20536166202112718,0.5,1.0,9735.275506332982
211,3798,-0.7669608422649228,-0.011367015210994048,0.3221156197462073,0.5,1.0,9778.089252625126
212,3816,-0.5584922167371129,-0.03371513365552175,0.22277646289755343,0.5,1.0,9822.000542000169
213,3834,-0.41465618159751916,-0.020626516330574725,0.15622113740014626,0.5,1.0,9864.066234666156
214,3852,-1.4322424591506069,-0.056790984932495805,0.43873093373918076,0.5,1.0,9906.452848500106
215,3870,-0.20537663192787736,0.04281978450145255,0.16794859863038822,0.5,1.0,9951.710426500067
216,3888,-0.47653513621124155,-0.054066327990473124,0.16808845012066956,0.5,1.0,9995.442250416148
217,3906,-0.380517046509528,-0.03899771026625536,0.1602833759463123,0.5,1.0,10038.427962958114
218,3924,-0.841166155199276,-0.08021493157039448,0.31428926483462366,0.5,1.0,10081.675282499986
219,3942,-0.3532127907456344,-0.054621422900739,0.15210326230441754,0.5,1.0,10124.229592125164
220,3960,-0.33825172575009077,0.032637352336818685,0.19701861252101793,0.5,1.0,10166.400286165997
221,3978,-0.3087294340891047,0.10773205110991634,0.29897552914384706,0.5,1.0,10209.395886291051
222,3996,-0.4897090449079631,-0.013030863599524533,0.28955073852475255,0.5,1.0,10255.474197250092
223,4014,-0.18383011201045552,0.09062602604237416,0.2145799135517417,0.5,1.0,10299.234063333133
224,4032,-0.5319531819363474,-0.019927931685769944,0.2335842211386384,0.5,1.0,10346.580634750193
225,4050,-0.2605348708388391,-0.008016719180328301,0.18212908883533543,0.5,1.0,10391.13721491606
226,4068,-0.36288662284626483,0.03663786586696051,0.24268720106649003,0.5,1.0,10434.579751208192
227,4086,-0.4626983257635926,0.17211405033024116,0.3621285684527054,0.5,1.0,10476.550199500052
228,4104,-0.20860397546665155,0.09342761210964214,0.21280200148495212,0.5,1.0,10519.935103916097
229,4122,-0.6601163893758093,-0.01574221588215938,0.33949508375383536,0.5,1.0,10563.605695375009
230,4140,-0.1562672326549439,0.07154727573744947,0.19476516693923882,0.5,1.0,10607.394660083111
231,4158,-0.44927698592846177,0.008441889795035844,0.20977123446017995,0.5,1.0,10654.173793583177
232,4176,-0.17857255447139142,0.5618198782849331,2.291824716487094,0.5,1.0,10697.01158166607
233,4194,-0.2605000432902784,0.06297855531591291,0.3160839209265447,0.5,1.0,10741.433373500127
234,4212,-0.9816009503683212,-0.0706772983136876,0.32905210183826944,0.5,1.0,10784.761368375039
235,4230,-0.6804086773357323,-0.034706910519398546,0.27784789350793737,0.5,1.0,10831.109943541
236,4248,-0.4130618694246797,-0.012687191504979347,0.18287518137940043,0.5,1.0,10874.044004083145
237,4266,-0.2586392689456263,0.03561529795073367,0.2055267161892813,0.5,1.0,10916.97724895808
238,4284,-0.5859670476075562,-0.046351410266482894,0.21864898375089029,0.5,1.0,10960.808354458073
239,4302,-0.48337284230279653,-0.014662385815834936,0.21557845725085725,0.5,1.0,11005.170197166037
240,4320,-0.4278041596546682,0.6185323079026767,2.2835317510728554,0.5,1.0,11048.097952458076
241,4338,-0.578352950266007,-0.052812708739975206,0.1567935700928823,0.5,1.0,11090.897220083047
242,4356,-0.430836754874405,0.0330279160980165,0.2431323809853786,0.5,1.0,11133.438732500188
243,4374,-0.6180582715025063,-0.009489704440948247,0.289097380483519,0.5,1.0,11175.654668250121
244,4392,-0.4570482943724148,-0.07277066893146038,0.17701783652260242,0.5,1.0,11218.668886708096
245,4410,-0.726229262979385,0.5513600155112187,2.303561215022705,0.5,1.0,11260.500840625027
246,4428,-0.3528368453794277,0.010528285079813059,0.14994542032589409,0.5,1.0,11305.104441458127
247,4446,-0.8415929913236999,0.025881165164272524,0.33109319747465926,0.5,1.0,11348.263665250037
248,4464,-0.5589415736002064,-0.07023172822879999,0.2425309398331012,0.5,1.0,11390.025147541193
249,4482,-0.5877264627793979,0.4309559735049332,2.3289408074563114,0.5,1.0,11434.06395704113
250,4500,-0.19704518684238614,0.08558890541980751,0.21268551058771565,0.5,1.0,11476.712856833125
251,4518,-0.34572968259963854,0.05431531116822747,0.3088730451301777,0.5,1.0,11518.10351625015
252,4536,-0.672155078943824,-0.031114737243522712,0.21548134878702538,0.5,1.0,11560.501472083153
253,4554,-0.28738057592569444,-0.08164426562745507,0.10776371033642283,0.5,1.0,11601.696873041103
254,4572,-0.5626970289922939,-0.047176484389949515,0.19720628192494696,0.5,1.0,11644.654909332981
255,4590,-0.3652558012667857,0.5554583791191416,2.30196136136375,0.5,1.0,11686.956635500072
256,4608,-0.5000078008107725,0.05309444804589046,0.24287690002291634,0.5,1.0,11729.031576041132
257,4626,-0.4397395244388065,-0.0013299924264851765,0.2253444392301047,0.5,1.0,11769.753844583174
258,4644,-0.7021145772404491,-0.009745856130645405,0.2676251038280228,0.5,1.0,11813.505343707977
259,4662,-0.4458963602306758,-0.04989326759006839,0.30852889949163764,0.5,1.0,11855.896517916117
260,4680,-0.2479287577132272,0.10704265083050041,0.27300731549643775,0.5,1.0,11899.551022166153
261,4698,-0.5168706103301455,-0.005625490530819584,0.26701006124126936,0.5,1.0,11943.31896379101
262,4716,-0.4888947946194957,-0.04493885054036663,0.2028430782883694,0.5,1.0,11985.36470129108
263,4734,-0.32443953107821066,0.055883586390280265,0.20986771453259645,0.5,1.0,12028.05399820814
264,4752,-0.5370039803131741,0.02432795061012853,0.19126163866502133,0.5,1.0,12071.294615958119
265,4770,-0.525389300457368,0.003832550778191409,0.2384834466488305,0.5,1.0,12117.074415375013
266,4788,-0.5269237073363344,0.01925978151340615,0.2555611213982737,0.5,1.0,12160.893222791143
267,4806,-0.4318991891701245,-0.06753131382164979,0.2723514050102047,0.5,1.0,12203.092992624966
268,4824,-0.5484284722669379,0.03650961902905175,0.29628028722889493,0.5,1.0,12244.717793583171
269,4842,-0.6192551758125946,0.005232253772456532,0.3925428625225022,0.5,1.0,12288.437677000184
270,4860,-0.44633943270521215,0.0019594054905970205,0.18818489355006102,0.5,1.0,12330.573275166098
271,4878,-0.31942589769769025,0.028181358689185674,0.24280521362978252,0.5,1.0,12373.936981541105
272,4896,-0.5904637165208042,0.5511468935014611,2.306868935296077,0.5,1.0,12415.799146291101
273,4914,-0.5408878662428096,-0.06452883404236351,0.21348829176458375,0.5,1.0,12459.49293370801
274,4932,-0.4140928770403951,-0.06442892800428396,0.17885854942458584,0.5,1.0,12502.583187250188
275,4950,-0.5781788299638038,-0.024057128426602285,0.2575775591895595,0.5,1.0,12546.609100000001
276,4968,-0.48581836873465534,0.0226950644887897,0.2628122959792782,0.5,1.0,12588.641197750112
277,4986,-0.5313607689165671,-0.008270191709406424,0.21566533940885396,0.5,1.0,12630.829294875031
278,5004,-0.36751417378583273,0.023964742240027242,0.14440397569492452,0.5,1.0,12675.048398000188
279,5022,-0.9419202760244758,-0.0017473557733837335,0.30222051227603985,0.5,1.0,12718.400106708053
280,5040,-0.3530908039868592,0.5989706803364466,2.2992385221121356,0.5,1.0,12763.745567208156
281,5058,-0.20790608676112932,0.029816324965550558,0.12796323103433555,0.5,1.0,12806.81611504103
282,5076,-0.4148935029490346,-0.10566181770822494,0.1725564316941421,0.5,1.0,12852.504803874996
283,5094,-0.38883510888048267,0.04535372445623848,0.16982466537085242,0.5,1.0,12895.033814500086
284,5112,-0.4994420220678606,0.10699278463420593,0.43667749633035585,0.5,1.0,12937.53681858303
285,5130,-0.505679383332537,-0.02082492920878782,0.21604280851963978,0.5,1.0,12979.274587041
286,5148,-0.31590056908582653,0.023865788081530406,0.20768283121052825,0.5,1.0,13021.980789166177
287,5166,-0.3874611398229142,-0.02991388400736033,0.26507038749371353,0.5,1.0,13065.113574916031
288,5184,-0.28564950560745395,0.017502807466180343,0.17605044729486813,0.5,1.0,13107.641781625105
289,5202,-0.23011667022448368,0.07533698067187435,0.1760480530732683,0.5,1.0,13150.665095916018
290,5220,-0.33283251401848535,-0.007142955545682315,0.1373774331163803,0.5,1.0,13193.852580124978
291,5238,-0.8673259018089299,-0.017259579117784973,0.3128521639225492,0.5,1.0,13237.947146458086
292,5256,-0.47404521770422825,0.044749717871614476,0.2255794011776892,0.5,1.0,13280.990079291165
293,5274,-0.37786115436148826,0.022416167367107595,0.23894233823752623,0.5,1.0,13324.034192833118
294,5292,-0.3340584516481364,0.033699921463426624,0.2111650403328255,0.5,1.0,13366.21436800016
295,5310,-0.17139367436069364,0.09596014455683359,0.23920659941632622,0.5,1.0,13409.761146083008
296,5328,-0.6552639125121971,0.000441331320002853,0.22245242462264256,0.5,1.0,13452.429278083146
297,5346,-0.08050205042057179,0.03830624334973103,0.11266302500060607,0.5,1.0,13495.47221308318
298,5364,-0.7659052681384324,-0.07852594407035977,0.23881081356408754,0.5,1.0,13538.348873708164
299,5382,-0.39587955987314416,-0.006652086098108029,0.1669118466733847,0.5,1.0,13581.781878166134
300,5400,-0.3538068795128897,0.06580621671741538,0.27298512509526696,0.5,1.0,13624.813951833174
301,5418,-0.1782433232769911,0.5418041520235564,2.2970388784990408,0.5,1.0,13667.191485833144
302,5436,-0.3402753496899553,0.0018530658849255212,0.20466214233255348,0.5,1.0,13709.179592541186
303,5454,-0.43536902214256834,0.5537034954596867,2.2970881821478635,0.5,1.0,13751.966663707979
304,5472,-0.25331649094376907,0.009704141218780037,0.16022566574336874,0.5,1.0,13795.451562625123
305,5490,-0.5145642758135693,-0.06320009794001165,0.17268855291622992,0.5,1.0,13839.511442250106
306,5508,-0.29299523072251876,-0.026333253917135233,0.19428465466714548,0.5,1.0,13885.23685591598
307,5526,-0.19406653062702794,0.5807078255213202,2.291618133179983,0.5,1.0,13931.909337958088
308,5544,-1.0173746120930716,0.04848029511086698,0.3661919750580507,0.5,1.0,13980.697035333142
309,5562,-0.9171683891677471,-0.11031979378744555,0.2707711851291061,0.5,1.0,14022.869227375137
310,5580,-0.7811897475324239,-0.056942199641425835,0.24805789366666717,0.5,1.0,14065.450010583038
311,5598,-0.4326397176778096,-0.03784909863662097,0.19258313355017068,0.5,1.0,14107.24901979114
312,5616,-0.8901212893996977,-0.04687711776829332,0.2924207971011157,0.5,1.0,14151.64427679102
313,5634,-0.4137536071238461,0.011064859180441002,0.196216330355986,0.5,1.0,14194.635039125104
314,5652,-0.9383597187961117,-0.07594354025448372,0.3306918269796225,0.5,1.0,14236.41154041607
315,5670,-0.2567966019071699,0.08616413659767241,0.18006561406957716,0.5,1.0,14278.599677083082
316,5688,-0.5889459422080359,0.029568650570082806,0.29158111711756024,0.5,1.0,14322.066111375112
317,5706,-0.28669809149133396,-0.03430298296930731,0.12230629832447105,0.5,1.0,14364.357239375124
318,5724,-0.2765808176668978,0.03687322327288525,0.13133614106745567,0.5,1.0,14406.868872083025
319,5742,-0.407910318849507,0.019902277693630892,0.21588655519807434,0.5,1.0,14449.567175541073
320,5760,-0.2686676234112424,0.1319547430493915,0.28153135947765767,0.5,1.0,14492.820077916142
321,5778,-1.1493388581397257,-0.10820669793172814,0.36605095260490356,0.5,1.0,14538.753177958075
322,5796,-0.4078328358375849,0.01148800661909736,0.23328128226804243,0.5,1.0,14581.968854291132
323,5814,-1.0783476843546387,-0.07487929528485068,0.2881535489282788,0.5,1.0,14626.003263541032
324,5832,-0.4385187091617677,0.021633402437760366,0.28409526074629826,0.5,1.0,14667.972275666194
325,5850,-1.1055201474313243,-0.06960935860877335,0.33882713315022567,0.5,1.0,14710.813039000146
326,5868,-0.8213340557455009,0.009346701704276515,0.3359238880200819,0.5,1.0,14753.658202875173
327,5886,-0.6590413566741145,0.09049304990763504,0.2715838567306798,0.5,1.0,14796.998923958046
328,5904,-0.5494213049160406,-0.0810130891691238,0.21990701743320976,0.5,1.0,14840.861999416025
329,5922,-0.5076163974098957,0.06219747181364976,0.2625620763832893,0.5,1.0,14883.445877083112
330,5940,-0.5972561482879284,0.016920633787946046,0.2382855217932674,0.5,1.0,14926.340023708064
331,5958,-0.398206989777786,0.058013312814435704,0.2754999843167474,0.5,1.0,14968.03954283311
332,5976,-0.6452963874602284,-0.0795559823478138,0.18652513412467153,0.5,1.0,15010.07799675013
333,5994,-0.9711771712994528,0.5254655559398828,2.3276697524972336,0.5,1.0,15053.3343605001
334,6012,-0.22260285836014226,0.03398419143742072,0.13350713965214459,0.5,1.0,15095.704358875053
335,6030,-0.5906181856081076,-0.02214083210105559,0.19938210215606,0.5,1.0,15138.407536958111
336,6048,-0.2393527644940221,0.05711677431044077,0.16621640250220307,0.5,1.0,15181.541901166085
337,6066,-0.6374433356086291,-0.03616266119341037,0.2865595033441226,0.5,1.0,15224.138355916133
338,6084,-0.5659150769928676,-0.052245627206882875,0.22616895262218278,0.5,1.0,15268.160816458054
339,6102,-0.7952701911022348,0.6274920836323995,2.298755447685144,0.5,1.0,15310.518174333032
340,6120,-0.628587112892359,-0.050270905882255246,0.2611778013523003,0.5,1.0,15353.516175750177
341,6138,-0.8392050598877603,-0.07535192501632076,0.27060918974339754,0.5,1.0,15395.650816416135
342,6156,-0.23370776069703503,0.5513682426511237,2.296703857874653,0.5,1.0,15437.29240799998
343,6174,-0.22701613329506376,0.01290175667291941,0.15005331308632355,0.5,1.0,15480.004863833077
344,6192,-0.5176293536665124,0.08410299404404359,0.20923318930182758,0.5,1.0,15521.743542625103
345,6210,-0.7592357440361432,-0.1395754362951785,0.21919716629148905,0.5,1.0,15564.022645500023
346,6228,-0.5307154502285396,-0.05493652827739945,0.16613132579642326,0.5,1.0,15606.825362041127
347,6246,-0.47995462241533016,-0.014207977992147815,0.2076929502550036,0.5,1.0,15650.607842500089
348,6264,-0.5973930309755557,-0.09910732743805456,0.18873730977341693,0.5,1.0,15695.610722333193
349,6282,-0.6507433839361401,-0.06394623814968083,0.27096190735579045,0.5,1.0,15739.999630833045
350,6300,-0.3766374709340834,0.5726662148272385,2.2935255667212484,0.5,1.0,15782.436791165965
351,6318,-0.2892259780885462,0.037177692749140706,0.1730812315159315,0.5,1.0,15824.274706958095
352,6336,-0.6040969397113676,-0.07107688120269001,0.18808597933632845,0.5,1.0,15866.22158733313
353,6354,-0.3132617395978903,0.0944753572654013,0.2418959112546014,0.5,1.0,15909.314684458077
354,6372,-0.3756147844912414,-0.005371183900569972,0.18783441038326548,0.5,1.0,15951.950857541058
355,6390,-0.632623333105033,-0.07448165842396277,0.2211946736835519,0.5,1.0,15995.177597915987
356,6408,-0.3637357436769335,-0.0552979442439853,0.1791696576334963,0.5,1.0,16039.27082679118
357,6426,-0.7694762266004549,-0.11039079881002846,0.2724409652842107,0.5,1.0,16080.944043583004
358,6444,-0.4203540976927691,-0.011207054750180776,0.14194382833720473,0.5,1.0,16123.94500200008
359,6462,-0.558055111373287,0.054952218779842105,0.22396215280964035,0.5,1.0,16166.584572625114
360,6480,-0.8708201331492225,0.5269068504096803,2.3127749028819604,0.5,1.0,16209.213942208095
361,6498,-0.6749647773971681,-0.03764027347452487,0.2163937425774585,0.5,1.0,16254.56351362518
362,6516,-0.419250915154584,-0.012615725021848996,0.1323397704593999,0.5,1.0,16295.975074958056
363,6534,-0.33256885081917176,0.0033695558116008722,0.1587832086303436,0.5,1.0,16338.741462707985
364,6552,-0.763102129269015,0.00322533185370302,0.25683557289545045,0.5,1.0,16381.275492415996
365,6570,-0.3816631406815816,0.04147443753264356,0.19668774826006918,0.5,1.0,16424.966147958068
366,6588,-0.9221229147330341,0.016868952770132426,0.3263102857897679,0.5,1.0,16467.091303541092
367,6606,-0.5873236505032828,-0.12419502650843232,0.2115825584021022,0.5,1.0,16513.11015070812
368,6624,-0.30944836845546764,-0.007502233287456386,0.21687922397205717,0.5,1.0,16557.828123040963
369,6642,-0.5922691961641808,0.03956077705456348,0.23734289564669173,0.5,1.0,16605.514274124987
370,6660,-0.48312179700832303,-0.031887311397328,0.1840473583135408,0.5,1.0,16647.436801208183
371,6678,-0.33231734203106456,0.007546961386360105,0.16852457392078418,0.5,1.0,16690.30147104105
372,6696,-0.6077634444452613,0.001821828154389878,0.22109581161533784,0.5,1.0,16734.43013537512
373,6714,-0.546990259152893,0.06889832117078315,0.24265810368057034,0.5,1.0,16777.196681958158
374,6732,-0.3076337772623221,0.6414342202535891,2.2796591907818597,0.5,1.0,16819.795561250066
375,6750,-0.32067295112318916,-0.004402791093523175,0.12968268581547113,0.5,1.0,16861.88423299999
376,6768,-1.0418158310191918,-0.08140696218092686,0.29915802085779664,0.5,1.0,16904.446014375193
377,6786,-0.2921669080163172,-0.013516856079504654,0.13968999955938927,0.5,1.0,16947.965459082974
378,6804,-0.5187019511754167,0.051417904810102076,0.29195230321970783,0.5,1.0,16990.64646562515
379,6822,-0.47789215824724796,-0.02647776129020427,0.18324720955433108,0.5,1.0,17033.189713499974
380,6840,-0.5014780014895317,-0.058708880883727846,0.19007147533331858,0.5,1.0,17075.305359625025
381,6858,-0.17984051908832388,0.5970561349325004,2.2841261083836057,0.5,1.0,17117.442823791178
382,6876,-0.42785221237647786,-0.025123242340441228,0.16557165636402177,0.5,1.0,17159.27456300007
383,6894,-0.2770019779320787,0.00907407662354625,0.23256675105183927,0.5,1.0,17203.98626779113
384,6912,-0.2486454666688127,-0.00023806983565958598,0.16258195690418414,0.5,1.0,17245.741111166077
385,6930,-0.5024534688570483,0.014908807376008366,0.2172064233752536,0.5,1.0,17288.306546875043
386,6948,-0.6023832354650978,-0.12134925192799376,0.2443734987005905,0.5,1.0,17330.25670274999
387,6966,-0.5844272724396129,0.04695818607567803,0.2763506120814032,0.5,1.0,17372.939527916024
388,6984,-0.4293616361261634,0.013299063489579273,0.19116226007367207,0.5,1.0,17415.25826120819
389,7002,-0.34182325749554643,0.13428147337496796,0.41693789976067186,0.5,1.0,17458.82099354104
390,7020,-0.28398945756554994,0.07368103280953006,0.20763791012776645,0.5,1.0,17503.036986374995
391,7038,-0.2978033132336275,-0.027577571159239374,0.16609956555541783,0.5,1.0,17549.02007658314
392,7056,-0.4227594539398165,0.011567095500932378,0.22324031954110551,0.5,1.0,17592.777665583184
393,7074,-0.3280094174854149,-0.07425655701405345,0.1423942878645088,0.5,1.0,17634.741358583095
394,7092,-0.2843177377935069,0.08822500444489571,0.22332588277523774,0.5,1.0,17677.056689833058
395,7110,-0.4952637464176739,-0.029445401625924017,0.23739207434044177,0.5,1.0,17720.089777791174
396,7128,-0.5693582710321001,0.09047546187722938,0.2323377583948801,0.5,1.0,17762.063190415967
397,7146,-0.5336871446657065,-0.011827500909763354,0.28809615625384966,0.5,1.0,17805.386071125045
398,7164,-0.5469787996243456,0.009435408608262197,0.26360551926234,0.5,1.0,17849.931215583114
399,7182,-0.23537821385299207,0.0631901689017911,0.20233041391657758,0.5,1.0,17898.515772124985
400,7200,-0.1427063441973484,0.0546590571396847,0.17755196606442677,0.5,1.0,17942.190972208045
401,7218,-0.48563678392091436,0.056204579792626545,0.28994592767142996,0.5,1.0,17986.42504291609
402,7236,-0.7068041736128121,-0.057439406989931205,0.2124616590166137,0.5,1.0,18030.09307566611
403,7254,-0.5768134367146214,-0.004521977203024867,0.3082869429616362,0.5,1.0,18072.246624208055
404,7272,-0.3038621510960029,0.017549398788897868,0.28433208825986866,0.5,1.0,18115.963841208024
405,7290,-0.0698431446681953,0.1202925509659359,0.18041369801880217,0.5,1.0,18157.25589141599
406,7308,-0.23235692604774805,0.028486649318388846,0.2262729478312022,0.5,1.0,18199.894383708015
407,7326,-0.3239101023745583,0.00529143042203052,0.13698173366905803,0.5,1.0,18243.044081125176
408,7344,-0.5101456259086632,0.04746029836130772,0.26759160176977276,0.5,1.0,18286.392948583
409,7362,-0.3676242645510488,0.07857189610261608,0.2814838869779384,0.5,1.0,18329.929787041154
410,7380,-0.34464973163022794,0.028903011537664478,0.25171277083329235,0.5,1.0,18372.43888045801
411,7398,-0.2477000043745754,0.5761400958738288,2.2899298710970792,0.5,1.0,18414.782405750128
412,7416,-0.5475485633116977,-0.00023103080937516809,0.22273409057085616,0.5,1.0,18457.030857291073
413,7434,-0.577256882939774,0.014967697214767896,0.3237536179424134,0.5,1.0,18499.603934125043
414,7452,-0.633172911013272,0.0648437719613552,0.27950253947133163,0.5,1.0,18542.01470062509
415,7470,-0.3327692981160393,0.10541498841847484,0.2576720694883835,0.5,1.0,18584.667008708
416,7488,-0.3486538605163876,0.0008749376585333776,0.2054075728691832,0.5,1.0,18627.546048833057
417,7506,-0.40690216939841495,0.013524029337236608,0.19377455019790346,0.5,1.0,18669.313513708068
418,7524,-0.289980132802957,0.5404933988219529,2.3001879746710276,0.5,1.0,18712.319708541036
419,7542,-0.6280939391340636,-0.01478682291384064,0.22757318222956185,0.5,1.0,18753.869473041035
420,7560,-0.2907198153755761,0.005541878631375032,0.19588514774188892,0.5,1.0,18795.80959425005
421,7578,-0.9794000610744416,-0.05146451440176541,0.38385547527467634,0.5,1.0,18837.331606750144
422,7596,-0.14530603008409315,0.07879655613782023,0.15463797839380672,0.5,1.0,18879.78258937504
423,7614,-0.4458207213635168,0.12214160788985688,0.31740885069093777,0.5,1.0,18922.02596412506
424,7632,-0.24024373289297696,-0.016757909641079385,0.1270358286089266,0.5,1.0,18964.579741291003
425,7650,-0.8777408576606485,0.019025897641824645,0.30470689885525615,0.5,1.0,19006.157597625162
426,7668,-0.1797815674880967,0.08180968548220013,0.31881741589396806,0.5,1.0,19047.938104124973
427,7686,-0.3150305208544788,-0.029721647652726297,0.15840254521871097,0.5,1.0,19091.124442166183
428,7704,-0.27518379144555194,0.05991923602064661,0.17399323346539514,0.5,1.0,19133.364311791025
429,7722,-0.18487254285043075,0.08992619789742158,0.11722585828652958,0.5,1.0,19174.800501000136
430,7740,-0.7581522585239906,0.07907792470202818,0.3455386123559133,0.5,1.0,19217.296379541047
431,7758,-0.1845967106761428,0.016450244917358494,0.14917853675857337,0.5,1.0,19261.385267875157
432,7776,-0.4420933499470747,0.026860009497025297,0.2587114315444002,0.5,1.0,19306.94608791615
433,7794,-0.5211154112094558,0.10348707982071634,0.3717929724672296,0.5,1.0,19351.291332333116
434,7812,-0.43366504455097044,0.05048443610314399,0.2470143673934982,0.5,1.0,19394.55136987497
435,7830,-0.17607185876993103,0.12303071031300335,0.2635715530257149,0.5,1.0,19435.78064087499
436,7848,-0.18646294713159683,0.0415565482274974,0.18556604451126685,0.5,1.0,19478.347710333066
437,7866,-0.6789042035503545,-0.012877103555005931,0.23122956119121416,0.5,1.0,19520.671225707978
438,7884,-0.1842694677052652,0.021765247717821474,0.12563521840216654,0.5,1.0,19563.5442847081
439,7902,-0.5775478984221882,-0.03307554805690064,0.19255767657998032,0.5,1.0,19606.33373870817
440,7920,-0.27823927615052924,0.010572977480694166,0.21249866116053912,0.5,1.0,19648.60151379113
441,7938,-0.35000428985981635,-0.036751915009821744,0.13195026069703392,0.5,1.0,19691.04920333298
442,7956,-0.6715987422338019,-0.04496294035036769,0.23800713680839222,0.5,1.0,19733.398372000083
443,7974,-0.32010814740483884,-0.020306547519740467,0.14414292007547333,0.5,1.0,19776.62336937501
444,7992,-0.18525369827442084,0.10251035637886001,0.21336278905333841,0.5,1.0,19819.386321416125
445,8010,-0.5514792796365651,0.04908351649501933,0.4083113770068171,0.5,1.0,19863.249206791166
446,8028,-0.3116786045406199,0.5574035155708434,2.2938832625175145,0.5,1.0,19905.260776458075
447,8046,-0.6206995584458044,0.0452320189410467,0.28757975096190097,0.5,1.0,19947.952767416136
448,8064,-0.7263365895008729,-0.10053243641487021,0.23997175528784506,0.5,1.0,19989.085068375105
449,8082,-0.4406310054734268,0.624131676877142,2.286758288497102,0.5,1.0,20033.43183045811
450,8100,-0.4372852748535969,0.018753921085072654,0.20339552339498485,0.5,1.0,20076.178962375037
451,8118,-0.7260473547256874,0.6071916530458155,2.2933962077185215,0.5,1.0,20118.52672245819
452,8136,-0.39242322479052216,0.013257022231644378,0.19964959377048733,0.5,1.0,20162.833207916003
453,8154,-0.5168336606634742,-0.04872539504632467,0.20453918402897533,0.5,1.0,20205.37393004098
454,8172,-0.20645368229933592,0.07209280655358416,0.22065006632072814,0.5,1.0,20248.320651125163
455,8190,-0.723779825484705,-0.02605498561907544,0.2625041384683631,0.5,1.0,20291.597596541047
456,8208,-0.2157025962710506,-0.03423528338172356,0.1256873873803362,0.5,1.0,20335.195779875154
457,8226,-0.5597661207779021,-0.008316502182850528,0.24108409114445947,0.5,1.0,20382.632624499965
458,8244,-0.3908596392049093,-0.024032112689856906,0.1782796536953265,0.5,1.0,20426.14354341617
459,8262,-0.5764123283214637,0.06713169640317378,0.296469266863784,0.5,1.0,20469.30247216602
460,8280,-0.2745823313167204,-0.01774031603187866,0.1471317283493418,0.5,1.0,20513.8819772501
461,8298,-0.5139213051932385,0.005583297965093159,0.1832617573050497,0.5,1.0,20559.16940983315
462,8316,-0.9077692101300947,-0.035933257017020596,0.28527924650072184,0.5,1.0,20602.029108874965
463,8334,-0.16574594780030338,0.08698492290871629,0.14079527231929911,0.5,1.0,20647.20367787499
464,8352,-0.4793623845565653,-0.04093581316244584,0.23866277380597506,0.5,1.0,20691.28651662497
465,8370,-0.21493513873754821,0.06472235398051589,0.2157088533320233,0.5,1.0,20735.684503166005
466,8388,-0.32308086840703076,0.605310587531829,2.2839488338695664,0.5,1.0,20778.609300333075
467,8406,-0.5752308420656558,-0.05063683114298027,0.2537744029148874,0.5,1.0,20822.373794500018
468,8424,-0.3881824864233172,0.08945346876390249,0.20425621235123487,0.5,1.0,20866.325517583173
469,8442,-0.6188558306830405,0.028126226239944527,0.23001603650327057,0.5,1.0,20908.823898000177
470,8460,-0.7253980828381668,-0.05775883606768881,0.24230990906826538,0.5,1.0,20951.929387958022
471,8478,-0.4829396754452393,0.04748430532937828,0.24566743927699936,0.5,1.0,20994.82219704101
472,8496,-0.32930345905888103,0.029636923937284405,0.1843135727849739,0.5,1.0,21038.60352729098
473,8514,-0.6308795262014275,-0.05000936016716631,0.31381194044119604,0.5,1.0,21085.957090375014
474,8532,-0.38780848401166956,0.02467687565920329,0.22564785952794858,0.5,1.0,21129.747897500172
475,8550,-0.2043420636888742,0.07496808746057473,0.17609553669494035,0.5,1.0,21176.381657124963
476,8568,-0.7615748672397116,-0.06588409277798718,0.283761771817874,0.5,1.0,21218.99678475014
477,8586,-0.7153436100709314,-0.03518094472122549,0.2581261014844956,0.5,1.0,21263.176498000044
478,8604,-0.28374437558592636,0.08750379512691392,0.189901129210497,0.5,1.0,21306.75918883318
479,8622,-0.7959105787171765,-0.018021840852854076,0.24100262441574416,0.5,1.0,21350.21456662519
480,8640,-1.149763114661984,-0.007945084880411655,0.3609293450299154,0.5,1.0,21393.855337416055
481,8658,-0.6615820299923065,-0.006831751494036019,0.23284392729255007,0.5,1.0,21437.955573166022
482,8676,-0.33627150314260756,0.100561997837935,0.2625401345461955,0.5,1.0,21483.91209050012
483,8694,-0.17220955619826306,0.09284149222926003,0.1940421347725073,0.5,1.0,21529.162661166163
484,8712,-0.3020079914092575,1.1650396986209997,3.128809439368193,0.5,1.0,21579.516111500096
485,8730,-0.6752631868670109,-0.07165192458026562,0.24081206977100553,0.5,1.0,21625.71739837504
486,8748,-0.5794584148186797,-0.07257025580998766,0.16202448899226052,0.5,1.0,21668.98566579097
487,8766,-0.7201757965245967,-0.06732448230981412,0.25574836343345636,0.5,1.0,21711.494703124976
488,8784,-0.44493345639350323,0.09021909129330741,0.2282437241737568,0.5,1.0,21756.282202915987
489,8802,-0.7377379774169848,-0.05742870316873865,0.2384752819057317,0.5,1.0,21801.08594466606
490,8820,-0.8525906902148774,-0.03967270813412524,0.22886917571627122,0.5,1.0,21845.028962875018
491,8838,-0.28512286749679827,0.016608585004654525,0.12723560438475423,0.5,1.0,21888.892240582965
492,8856,-1.3789851555720247,-0.10657936124372996,0.333620340099539,0.5,1.0,21932.505172791192
493,8874,-0.3916467095836005,0.03161194828286757,0.16516807677017442,0.5,1.0,21979.15750458301
494,8892,-0.8329206738665924,-0.012087212576487113,0.3120656217208491,0.5,1.0,22023.858925000066
495,8910,-0.5997134183892019,0.042404442204001996,0.34853592689594237,0.5,1.0,22068.17913854099
496,8928,-0.5157223630327756,-0.00929168411697454,0.18696765896881604,0.5,1.0,22112.549398540985
497,8946,-0.741414529121557,-0.021617849954220583,0.25587159111854746,0.5,1.0,22156.982654166175
498,8964,-0.7570063080225458,0.0015288030591153283,0.21381036440796847,0.5,1.0,22203.111987499986
499,8982,-0.7744543782787847,-0.05856129351168985,0.3340950086908987,0.5,1.0,22248.353421416134
500,9000,-0.32854860247148654,0.028822472808996105,0.17587106343638265,0.5,1.0,22292.745695416117
501,9018,-0.2512823824265711,-0.021425115270039985,0.14448411935963648,0.5,1.0,22336.256602541078
502,9036,-0.5426090847337672,-0.03522586212646347,0.24831171951807274,0.5,1.0,22381.78899758309
503,9054,-0.3990267442855959,0.05804679306835942,0.1598740394077982,0.5,1.0,22426.368447916117
504,9072,-0.4729756660295248,-0.03419081585482352,0.20875928344239147,0.5,1.0,22470.609380291076
505,9090,-0.31338985504677197,0.040889151269984686,0.20066428650101162,0.5,1.0,22515.08854104113
506,9108,-0.41555867859331297,0.5850604259040121,2.2901712342233638,0.5,1.0,22560.083909416106
507,9126,-0.44419954310665144,0.5528113810943291,2.3004531600918767,0.5,1.0,22603.658115958096
508,9144,-0.2960699326030145,0.021064325061994085,0.22999926145161378,0.5,1.0,22646.96153458301
509,9162,-0.47533165206022154,0.06661090653529216,0.28483506180505025,0.5,1.0,22691.087289832998
510,9180,-0.5055452330655887,0.05957164424200398,0.1743968590814495,0.5,1.0,22735.511195708066
511,9198,-0.5628257408708635,-0.07857718637071537,0.2196111828692395,0.5,1.0,22780.68412291608
512,9216,-0.5412104152581207,0.042582493032516586,0.26784777963527173,0.5,1.0,22823.972901500063
513,9234,-0.699513422844757,-0.0749518297154814,0.2649020535134502,0.5,1.0,22869.391888665967
514,9252,-0.29871017938147215,-0.008055803965889959,0.1858185420006695,0.5,1.0,22918.055095582968
515,9270,-1.151955255072096,-0.14265615573817236,0.385003765255179,0.5,1.0,22964.65536650014
516,9288,-0.5394887176542635,-0.06767434487051026,0.22551998320097374,0.5,1.0,23008.372899041045
517,9306,-0.3176820591564393,0.01585373638039167,0.17634996698862646,0.5,1.0,23052.247996625025
518,9324,-0.497665012578131,-0.06619663811585068,0.18241990543485803,0.5,1.0,23099.02650079108
519,9342,-0.5592112582015796,-0.044725287050319494,0.1615236460108034,0.5,1.0,23142.34393541608
520,9360,-0.6339078613897726,0.04338503402047689,0.27759889455158737,0.5,1.0,23185.749408666044
521,9378,-0.7016597177516433,0.49701065230544383,2.315024703818484,0.5,1.0,23229.41604708298
522,9396,-0.5012179156314263,0.041191789082681396,0.2758361464933955,0.5,1.0,23274.48148987512
523,9414,-0.41383768333352045,0.07017792770764879,0.2516835674325275,0.5,1.0,23318.32835145807
524,9432,-1.332199669833125,0.03523271822195811,0.39544897653070893,0.5,1.0,23361.75765175
525,9450,-0.28868308182734026,0.5629264837882008,2.2996983644423863,0.5,1.0,23406.0884803331
526,9468,-0.179961328495037,0.01953127298049726,0.1794902208099351,0.5,1.0,23452.26897783298
527,9486,-0.5837999612963714,-0.023759937074226696,0.18987166515907727,0.5,1.0,23495.709766500164
528,9504,-0.30666562462546043,0.14513026423458208,0.22908397932527544,0.5,1.0,23539.33996150014
529,9522,-0.271824868117009,0.030870775727471125,0.19440652892021637,0.5,1.0,23583.034621416125
530,9540,-1.2181870337355427,-0.13243610748048568,0.3346034188966671,0.5,1.0,23628.040423416067
531,9558,-1.068607711252942,-0.04334520879625798,0.36320491886218176,0.5,1.0,23673.70991600002
532,9576,-0.265153344038934,0.04022880911321818,0.15453444732909563,0.5,1.0,23716.77894225018
533,9594,-0.5073132756930727,0.08557760260692292,0.3444562555177837,0.5,1.0,23760.978655875195
534,9612,-0.6025593672636003,-0.05429015627836634,0.2127891264729898,0.5,1.0,23804.93005525018
535,9630,-0.2549218691790216,0.0713963585522565,0.175749051112252,0.5,1.0,23849.260070375167
536,9648,-0.6985005641686746,0.6198237393436021,2.291636182708224,0.5,1.0,23893.626784833148
537,9666,-0.3641869607611694,-0.04703307407521143,0.15934554503974446,0.5,1.0,23940.212489750003
538,9684,-0.5793566205824163,0.4254950298091512,2.333201961315496,0.5,1.0,23985.05757991597
539,9702,-0.7680689294619221,-0.04568582560500278,0.26967582958526176,0.5,1.0,24029.771928915987
540,9720,-0.3596281977653222,0.017737893854053482,0.2940196513802093,0.5,1.0,24075.290694582975
541,9738,-0.4425967496709031,0.5653950994608751,2.297929321058734,0.5,1.0,24121.792295332998
542,9756,-0.45656005460702964,0.5134476777876598,2.3079850940500295,0.5,1.0,24167.102609833004
543,9774,-0.7663728058960366,-0.07034295219685009,0.23575546483725646,0.5,1.0,24210.951914375182
544,9792,-0.20276018236611648,0.024400675042534143,0.13840610376347354,0.5,1.0,24255.152571583167
545,9810,-0.15288351807004386,0.13734567416734603,0.1902538881465026,0.5,1.0,24299.52174212504
546,9828,-0.38759070530860384,-0.0565964040700111,0.1550204287581922,0.5,1.0,24349.164629791165
547,9846,-0.9847286969219127,-0.06571333971654199,0.293486505543683,0.5,1.0,24396.205187957967
548,9864,-0.25897060656605575,0.03637691398091257,0.13373235081788057,0.5,1.0,24439.906648000004
549,9882,-0.3776868845568462,-0.04410217624948097,0.1744969387198057,0.5,1.0,24481.78724362515
550,9900,-0.30876855188723695,0.09580389361870519,0.26465455993643,0.5,1.0,24525.116611958016
551,9918,-0.2222768975982996,0.08361727065184704,0.16468758529097471,0.5,1.0,24567.298454958014
552,9936,-0.4941884932876217,0.06681246292320238,0.25526330123664115,0.5,1.0,24608.78044345812
553,9954,-1.2920517771759998,0.06392308401896621,0.4293784759849963,0.5,1.0,24651.554088165984
554,9972,-0.8688017980770235,0.0678902777943961,0.36115352644732557,0.5,1.0,24693.32636545808
555,9990,-0.30816941837451495,0.0816628087610998,0.2671653322294149,0.5,1.0,24734.046182665974
556,10008,-0.2708319087243938,0.045576262426279185,0.18337202394430557,0.5,1.0,24776.92979237507
557,10026,-0.19436047654119015,0.04062086644607553,0.19892876080244842,0.5,1.0,24819.18182649999
558,10044,-0.16430653482537227,0.048861236011890866,0.1942317701789604,0.5,1.0,24860.560931375017
559,10062,-0.4088139320283659,0.045643919097344256,0.21786419114557556,0.5,1.0,24902.619663458085
560,10080,-0.3170129588512731,-0.022819983044392946,0.172855457954638,0.5,1.0,24946.290803540964
561,10098,-0.6991609044126896,-0.03165969963992746,0.27366528766038406,0.5,1.0,24987.700004500104
562,10116,-0.7066155025680381,0.08089632489780622,0.3432976817152804,0.5,1.0,25029.070241666166
563,10134,-0.29524494212010577,0.05220158977443114,0.2455409852247906,0.5,1.0,25070.95160279097
564,10152,-0.3134262859643693,0.02661235775829344,0.19551339137769358,0.5,1.0,25113.159242666094
565,10170,-0.47520457879712374,-0.041080232876711746,0.2252427758814614,0.5,1.0,25154.51874850015
566,10188,-0.4781856253424488,0.06304387157022982,0.22050753671971252,0.5,1.0,25196.56638554111
567,10206,-0.7065037538563868,-0.026926466028742563,0.24633346262138062,0.5,1.0,25239.162865291117
568,10224,-0.2349236541453621,0.08886091780686428,0.18960556604444542,0.5,1.0,25281.14082320803
569,10242,-0.550370448820888,0.03138628583561706,0.24721348002897348,0.5,1.0,25322.754978583194
570,10260,-0.24073580788764826,0.030302697807547723,0.1697966723950151,0.5,1.0,25365.032862750115
571,10278,-0.27801764443468535,0.008505724930998623,0.17825355723641637,0.5,1.0,25406.80901037506
572,10296,-0.48956153692115034,-0.09882605809642679,0.22759594411056722,0.5,1.0,25448.027889915975
573,10314,-0.5558933311612293,0.0061727029378626265,0.248187429529854,0.5,1.0,25489.2384317501
574,10332,-0.30956966034458944,0.01515910910660291,0.3061383272840378,0.5,1.0,25531.132310833083
575,10350,-0.19977745071415587,0.5381656295434019,2.29711851739514,0.5,1.0,25572.802022499964
576,10368,-0.38206161347584455,0.019898981783881373,0.23434129635528558,0.5,1.0,25615.718598166015
577,10386,-0.2510507605104335,-0.002885087264522548,0.18053441692303185,0.5,1.0,25658.11712383316
578,10404,-0.7349401106126834,0.05075662719983794,0.2595710874472488,0.5,1.0,25699.211870874977
579,10422,-0.4867830655659269,0.02540587955785265,0.21724856280178048,0.5,1.0,25741.942425625166
580,10440,-0.43839093603610646,0.02278863034860754,0.18926644810461593,0.5,1.0,25783.356093083043
581,10458,-0.20526372438120877,0.011388187534192303,0.20135905447633182,0.5,1.0,25827.239083333174
582,10476,-0.18895441847051497,0.05333263272915017,0.18722206945065906,0.5,1.0,25869.591290750075
583,10494,-0.6450960702868898,-0.025626372259252586,0.18415726218882175,0.5,1.0,25911.361218375154
584,10512,-0.39994678684298623,0.036121643426059315,0.25459448796941314,0.5,1.0,25952.092259041034
585,10530,-0.542687397531469,-0.016514719008071665,0.185563785592396,0.5,1.0,25995.779189458117
586,10548,-0.9136744490271367,0.504371202933048,2.3157276868340886,0.5,1.0,26038.492498666048
587,10566,-0.3204408696533383,0.038742956975876076,0.16150348975923623,0.5,1.0,26080.327599083073
588,10584,-0.11186138343902652,0.12884121371215887,0.16835305546869517,0.5,1.0,26124.62693579099
589,10602,-0.265519845298698,0.6411111935160613,2.2761217666719533,0.5,1.0,26168.043500375003
590,10620,-0.4570336682562841,-0.04847008898980852,0.2487965260715322,0.5,1.0,26211.733633666066
591,10638,-0.41174299868623887,-0.06666736015365658,0.19607866674903646,0.5,1.0,26253.190513041103
592,10656,-0.3253827983628801,-0.0417036325448972,0.16530530074749775,0.5,1.0,26295.315779000055
593,10674,-0.198130612864011,0.0216205631713854,0.1197862394409003,0.5,1.0,26338.899302250007
594,10692,-0.43993042637527946,0.011644933020995119,0.17166330351204356,0.5,1.0,26382.112265291158
595,10710,-0.44269812679788156,0.007377240446823209,0.26231970497047286,0.5,1.0,26423.907697375165
596,10728,-0.7968957942727517,-0.09111809326882393,0.25521417267186325,0.5,1.0,26466.02782866615
597,10746,-0.512976485886318,0.08677763233409778,0.3151047983290944,0.5,1.0,26510.801573583158
598,10764,-0.5112933726086846,0.031371121934224484,0.23033086826233137,0.5,1.0,26554.052527208114
599,10782,-0.5228251702325419,-0.059842905956889535,0.22395708154838442,0.5,1.0,26597.39889291604
600,10800,-0.34334654223916683,-0.0014726897217644346,0.14393157978357735,0.5,1.0,26638.825027083047
601,10818,-0.7447358939843731,-0.056892233887150576,0.270542615350149,0.5,1.0,26681.895894833142
602,10836,-0.580130939566315,0.03589850023789677,0.2683456461229031,0.5,1.0,26724.49787425017
603,10854,-0.6043123467173448,-0.03133872534398899,0.2527619355045156,0.5,1.0,26765.137524249963
604,10872,-0.2810072556240639,0.039432902080544764,0.17800847167277092,0.5,1.0,26806.05562329106
605,10890,-0.5377669913898027,0.14107247750525267,0.3659495136166242,0.5,1.0,26848.825862958096
606,10908,-0.37531360243777545,0.5771476751854223,2.2994802999688924,0.5,1.0,26891.173490500078
607,10926,-0.3993212130563455,-0.02560610272803042,0.160851489007716,0.5,1.0,26936.29979941598
608,10944,-0.3930850441010252,-0.04266638798924132,0.12543245498012284,0.5,1.0,26982.631538707996
609,10962,-0.3628447264859078,0.08142157465482697,0.2778950108760362,0.5,1.0,27024.64072904107
610,10980,-0.35469778299316435,0.030561568220108803,0.1642739381347868,0.5,1.0,27066.820712791057
611,10998,-0.22017927875160126,-0.008125875188978634,0.10722879308215574,0.5,1.0,27107.58738212497
612,11016,-1.1706953892382899,0.014231696212024037,0.32933240476978953,0.5,1.0,27149.690762625076
613,11034,-0.7470589487794514,-0.00197223650479413,0.271719360593844,0.5,1.0,27191.724220708013
614,11052,-0.5950110729632581,-0.05593739648065732,0.18968099532544916,0.5,1.0,27233.394201165996
615,11070,-0.6678215402734411,-0.01060468603232466,0.2542277482433856,0.5,1.0,27276.291941500036
616,11088,-0.7216557701277084,-0.0073128977800840135,0.2781083478185314,0.5,1.0,27319.062173916027
617,11106,-0.33270214540433063,0.006278230945092685,0.21394862851889412,0.5,1.0,27361.42877700017
618,11124,-0.6430318790900786,0.03681058072610583,0.3150186766498036,0.5,1.0,27402.328268458135
619,11142,-0.09069796642228134,0.13896820867762655,0.20780325693676924,0.5,1.0,27444.139903499978
620,11160,-0.8321409716583661,-0.15912783471609038,0.2393175371562017,0.5,1.0,27485.553604375105
621,11178,-0.19518928183323148,-0.056093751764976565,0.0810455346661598,0.5,1.0,27527.316205541138
622,11196,-0.3408988002819857,0.07299890917514215,0.1707319691133652,0.5,1.0,27569.248274666024
623,11214,-0.20501673459965808,0.043057000670249854,0.19598781167463325,0.5,1.0,27612.542166416068
624,11232,-0.44049005925577234,0.05614833363824687,0.24536993094791118,0.5,1.0,27654.093537874985
625,11250,-0.35146529154095507,0.06123673547338039,0.20563530775673125,0.5,1.0,27695.365639958065
626,11268,-0.3705065344065215,0.029564366974422204,0.22483479979849513,0.5,1.0,27737.931220000144
627,11286,-0.31020432876676196,0.018572191920153455,0.14727544967352588,0.5,1.0,27779.109739541076
628,11304,-0.4350928074286964,-0.03907449328585476,0.13244900261895332,0.5,1.0,27821.60958454106
629,11322,-0.6611748969151652,0.03563789350645062,0.23963842519985173,0.5,1.0,27863.33829016611
630,11340,-0.6949836253911092,-0.04179243713632344,0.28790807143861935,0.5,1.0,27904.713729124982
631,11358,-0.3245534406550936,0.5219960211963399,2.302509519306164,0.5,1.0,27947.051755958004
632,11376,-0.25094388637921305,0.0027563507355895154,0.12950118204951852,0.5,1.0,27990.916412416147
633,11394,-0.42132394620640223,-0.04344953524702581,0.16808662834384847,0.5,1.0,28032.455468875123
634,11412,-0.5373295835621841,0.5610081212127462,2.300464138943133,0.5,1.0,28074.222349000163
635,11430,-0.44824815833727527,-0.05280732927116781,0.23017671164222084,0.5,1.0,28116.698361207964
636,11448,-0.29440121913779826,0.024162924486337375,0.1778754524342595,0.5,1.0,28159.040065958165
637,11466,-0.6412706129053731,0.04895027538002303,0.31902688092516224,0.5,1.0,28200.61746616615
638,11484,-0.7123728721092961,-0.107773526121702,0.32990161724355066,0.5,1.0,28242.33189162519
639,11502,-0.5318721820884695,0.020307946958982043,0.2188638731617012,0.5,1.0,28284.54309445806
640,11520,-0.6076965532210137,-0.010829093121876287,0.3033788789138621,0.5,1.0,28326.909183083102
641,11538,-0.4069271184620078,0.6356815195732468,2.2891292551085893,0.5,1.0,28369.886569625
642,11556,-0.2730315285484748,-0.007073244354832722,0.16865326442364328,0.5,1.0,28410.97085204115
643,11574,-0.4817394966044928,0.03282580879337176,0.20345320540418296,0.5,1.0,28452.149760375032
644,11592,-0.301637411115645,0.6283415101615576,2.284390011675212,0.5,1.0,28493.547015000135
645,11610,-0.7527036964049154,-0.012219717465852289,0.2607656821431315,0.5,1.0,28534.942247333005
646,11628,-0.4703716899487027,0.09947612964511175,0.33749441909312283,0.5,1.0,28577.126713250065
647,11646,-0.4194275031745818,-0.08230124617888254,0.18088758259989482,0.5,1.0,28620.379674291005
648,11664,-0.37979579941562935,0.02313897934222532,0.20655844466727777,0.5,1.0,28662.680419708136
649,11682,-0.5481752209349349,-0.03612393735543821,0.23234799466148578,0.5,1.0,28704.73727637506
650,11700,-0.32614955516616906,0.024812999317371305,0.23087708848383617,0.5,1.0,28745.768197416095
651,11718,-0.2975375058989975,0.00315104179681796,0.19351371025322664,0.5,1.0,28789.556132707978
652,11736,-0.9479855299540612,-0.02118932475414839,0.2962129398036835,0.5,1.0,28830.71047400008
653,11754,-0.3550986353641985,0.033808331160542306,0.14264890779916162,0.5,1.0,28871.898532541003
654,11772,-0.19576096258210018,-0.022616541382412522,0.13191554937956607,0.5,1.0,28913.70785112516
655,11790,-0.26128129487750584,0.04956357261279148,0.14671237583892846,0.5,1.0,28955.220124625135
656,11808,-0.1876671583700702,0.006664829437963772,0.14296526821706154,0.5,1.0,28997.474408166017
657,11826,-0.38919921318294737,-0.023740312260775012,0.16394294711249985,0.5,1.0,29039.390428791055
658,11844,-0.7217804770956162,-0.010802436249779538,0.27881788581648537,0.5,1.0,29080.88414383307
659,11862,-0.7391167491632178,-0.09883484954722742,0.2386373805518706,0.5,1.0,29122.182358375052
660,11880,-0.6096356731366113,-0.05760566528720171,0.2625863995160371,0.5,1.0,29164.881794166053
661,11898,-0.3514053851449983,-0.02589778625854411,0.1585771376019718,0.5,1.0,29206.665323416004
662,11916,-0.44231077796568297,-0.07422382829214354,0.18761655688489032,0.5,1.0,29248.92824712512
663,11934,-0.7045468522435279,-0.16145928111373126,0.22771134583720493,0.5,1.0,29291.192698791157
664,11952,-0.35056796607824126,0.01727984992710062,0.17550104645447556,0.5,1.0,29332.685629165964
665,11970,-0.5468471812647353,0.044934383984367936,0.31008908044729505,0.5,1.0,29374.714870791184
666,11988,-0.37820627877910606,0.49742710371151116,2.3134177260160618,0.5,1.0,29416.44101829105
667,12006,-0.8848037585949493,-0.02697098368404956,0.35178846987475915,0.5,1.0,29458.944782708073
668,12024,-0.4093448978911933,0.07228517836982043,0.20872315917649192,0.5,1.0,29502.111371416133
669,12042,-0.5340439636021985,-0.07703402940083591,0.1991384675998661,0.5,1.0,29542.900236333022
670,12060,-0.9460795263623085,0.5060215789945949,2.327813454304137,0.5,1.0,29584.473751540994
671,12078,-0.46393718289474517,-0.007158409286630807,0.19667880538895402,0.5,1.0,29625.850223290967
672,12096,-0.4489393099835919,0.058200739245784144,0.29156789509646597,0.5,1.0,29668.048757666023
673,12114,-0.41650810460982957,0.041591251337779266,0.21762779473477153,0.5,1.0,29708.705020625144
674,12132,-0.7842783725753772,-0.1308653178977003,0.2850760698822272,0.5,1.0,29750.096160290996
675,12150,-0.351571588156534,0.008062803060733308,0.1649754888421442,0.5,1.0,29792.105814041104
676,12168,-0.635155105935497,-0.16646247693438732,0.24264663231941402,0.5,1.0,29833.03029754106
677,12186,-0.25442589821432904,0.1151713221144469,0.26470548578187564,0.5,1.0,29874.478165999986
678,12204,-0.30551935856287216,0.013397413930026926,0.1151480630079824,0.5,1.0,29917.12929304107
679,12222,-0.15844538531064778,0.02010608663280876,0.15629593364315544,0.5,1.0,29960.88267954113
680,12240,-0.7185793068807014,0.4984334446978564,2.314484730348911,0.5,1.0,30003.057220750023
681,12258,-0.7382034999251976,-0.032227710354436535,0.3158546674431537,0.5,1.0,30046.694762333063
682,12276,-0.29570963074401657,0.025888590460771126,0.2431514604325698,0.5,1.0,30092.693580375053
683,12294,-0.33800384580585785,-0.004050182601536346,0.21926637314471625,0.5,1.0,30134.572517083026
684,12312,-0.5795842430462583,0.002361443984579924,0.22295684355757892,0.5,1.0,30176.992937083123
685,12330,-0.5499788697025192,0.5346310612925964,2.3031069896300846,0.5,1.0,30220.583485041047
686,12348,-0.9082045378903629,0.4097451344125856,2.3471178861359006,0.5,1.0,30262.036787708057
687,12366,-0.14271567468109492,0.09319334050745137,0.15592309393778037,0.5,1.0,30303.49831304117
688,12384,-0.7676428517770235,-0.01202556399934629,0.28763881273676656,0.5,1.0,30345.99409304117
689,12402,-0.6929599581855888,0.5397271273408023,2.303944840208935,0.5,1.0,30388.254255000036
690,12420,-0.9618669704813092,-0.029848472539545493,0.357362620148326,0.5,1.0,30431.43640258303
691,12438,-0.40764644687588714,0.5461568007018509,2.3059168574132043,0.5,1.0,30473.378117750166
692,12456,-0.15383880706652153,0.05197978123392685,0.15915327141746,0.5,1.0,30516.549431750085
693,12474,-0.39305701402675464,0.01881283678535755,0.19759828742198324,0.5,1.0,30557.762716541067
694,12492,-0.5725417723109434,-0.0521539595520263,0.2514631312471054,0.5,1.0,30599.374849166023
695,12510,-0.25705042710430437,-0.016359821162817114,0.14785362334428023,0.5,1.0,30642.906196958153
696,12528,-0.7190864857348291,-0.061559856239552166,0.3400735246529268,0.5,1.0,30683.85014687502
697,12546,-0.502762801776683,0.07379482719966192,0.28610602533258656,0.5,1.0,30725.430101083126
698,12564,-0.8234633650853205,-0.022855899370399384,0.2869199308011471,0.5,1.0,30766.96546504111
699,12582,-0.3708767825674233,-0.05017387353933299,0.12553675862320485,0.5,1.0,30808.66881691618
700,12600,-0.609678329213259,-0.02044859388885471,0.160779465672581,0.5,1.0,30854.81818612502
701,12618,-0.482583920542055,-0.004187927218331833,0.24109730374239713,0.5,1.0,30896.461536625167
702,12636,-0.19700352734955207,0.08890222690332733,0.202824809450119,0.5,1.0,30940.068261082983
703,12654,-0.45424705604935056,0.017320652020107512,0.25731030549176953,0.5,1.0,30985.612371583004
704,12672,-0.2991866140876178,0.03834545246567646,0.24495201564309996,0.5,1.0,31027.698147790972
705,12690,-0.8871137929365851,-0.1121529899548402,0.30822944063324204,0.5,1.0,31070.5337924161
706,12708,-0.6286863817497661,-0.057970021934904935,0.20263484883999247,0.5,1.0,31111.958268207964
707,12726,-0.49906775101700607,0.12825635335438473,0.35798080954529526,0.5,1.0,31152.325400125002
708,12744,-0.4515395934100743,0.0028838941226238843,0.24202623079735505,0.5,1.0,31194.496390040964
709,12762,-0.8042101306748499,-0.0046238480907512996,0.3700634470451681,0.5,1.0,31236.042115375167
710,12780,-0.3755393796804922,0.025783375591035423,0.21081643209031867,0.5,1.0,31276.50939475
711,12798,-0.49110884234055163,-0.020460133537011444,0.20479322751823548,0.5,1.0,31317.762609291123
712,12816,-0.41704805484991336,-0.015370514656198875,0.25197700338212664,0.5,1.0,31359.42418329115
713,12834,-0.5105433273307352,-0.07312589463854088,0.20196203794030257,0.5,1.0,31400.61634479114
714,12852,-0.5553811487399125,-0.04216992084106557,0.22058504260075945,0.5,1.0,31442.927604291122
715,12870,-0.3297671864106242,-0.022873757209951478,0.15155092005937518,0.5,1.0,31483.672817875165
716,12888,-0.20906326332931968,0.11421684394720207,0.30097443237020416,0.5,1.0,31525.07799158315
717,12906,-1.1889072857766818,-0.06426617885400285,0.33540111068172207,0.5,1.0,31566.37857175013
718,12924,-0.36971183693755094,-5.248334275965839e-05,0.21955209742194592,0.5,1.0,31607.3141670411
719,12942,-0.2530945147766346,0.014622489727323421,0.13528679267283003,0.5,1.0,31648.117802166147
720,12960,-0.3435995265797116,-0.04153547728956555,0.1909002626987636,0.5,1.0,31689.546994582983
721,12978,-0.34990446201176795,0.03399586155895415,0.2685636289719664,0.5,1.0,31730.411470875144
722,12996,-0.5278612359381842,-0.026211962130574702,0.24882573347823184,0.5,1.0,31772.511838625185
723,13014,-0.32588680417895244,0.05035752288539013,0.2049572436441398,0.5,1.0,31813.602606625063
724,13032,-0.7726205670580155,-0.08237420363750012,0.2369151453271942,0.5,1.0,31857.535201790975
725,13050,-0.853549603899757,-0.11884329646758444,0.2829084204386792,0.5,1.0,31900.31925520813
726,13068,-0.33273419256617487,-0.05057780454491745,0.15148174151493446,0.5,1.0,31943.209729208145
727,13086,-0.6854573955125893,0.5335684678037883,2.315392993733966,0.5,1.0,31984.673466416076
728,13104,-0.4274416672767929,-0.05970531961271251,0.19702642512546922,0.5,1.0,32025.854402833153
729,13122,-0.5324661650150482,0.07983124958861963,0.2382798813013388,0.5,1.0,32067.96582004102
730,13140,-0.8103607457475244,0.4677568775384853,2.3257872091408367,0.5,1.0,32109.2300378331
731,13158,-0.46167068946626344,0.6869933145087143,2.2831541743871298,0.5,1.0,32149.796417541103
732,13176,-1.1013861977378365,0.02459549525524353,0.32861026972862106,0.5,1.0,32192.143842332996
733,13194,-0.5136582353147165,-0.056078437954836885,0.14260238690922006,0.5,1.0,32234.285472958116
734,13212,-0.6646431746509647,0.060912446034659014,0.28851485801989724,0.5,1.0,32276.829322332982
735,13230,-0.30680196685333794,0.002440680473246982,0.14249063055009925,0.5,1.0,32317.26368433307
736,13248,-0.2643109463822535,0.5622099478875919,2.2953392125743477,0.5,1.0,32358.913459416013
737,13266,-1.0565975118827566,-0.21261167210675452,0.3615743010853759,0.5,1.0,32399.38780795806
738,13284,-0.3714318823751377,0.02491648317703548,0.1883763862097145,0.5,1.0,32442.66216479102
739,13302,-0.22242756606862546,0.00900565174121838,0.13061539643531223,0.5,1.0,32483.662421875168
740,13320,-0.6825568227877303,0.00509656529411156,0.3195387545949801,0.5,1.0,32524.576404500054
741,13338,-0.9322151523249458,-0.10201929780426343,0.2611426957802714,0.5,1.0,32565.711037083063
742,13356,-0.35280102283212766,-0.05575252929775706,0.15826888073229808,0.5,1.0,32608.077692124993
743,13374,-0.39545941162210063,0.02448583610738897,0.21610612274126464,0.5,1.0,32650.62355841603
744,13392,-0.3985607085287297,0.5857427324781859,2.2894360262438624,0.5,1.0,32692.29237870802
745,13410,-0.46811342483557805,-0.035630515951462965,0.1754494839556925,0.5,1.0,32734.915515874978
746,13428,-0.6092937473305744,0.048831608055885684,0.2898711300794594,0.5,1.0,32776.75778545812
747,13446,-0.34494210522891766,0.06476684754486595,0.2733870279660205,0.5,1.0,32818.93602345814
748,13464,-1.0017768346323424,-0.04962646172954541,0.2786236119490572,0.5,1.0,32860.273455749964
749,13482,-0.34586156338713536,-0.07097404127841367,0.1253309545121724,0.5,1.0,32905.24183366611
750,13500,-0.20847312465891932,0.0664965222864068,0.2292266135610844,0.5,1.0,32951.04595220811
751,13518,-0.41787613654665634,-0.015396678838199543,0.21938428091065895,0.5,1.0,32992.56421470805
752,13536,-1.0796796581141823,-0.09615513702383469,0.304221579938381,0.5,1.0,33034.717738165986
753,13554,-0.7227292488285606,-0.015741235971720415,0.22902095142674833,0.5,1.0,33076.614200000186
754,13572,-0.24642465205543562,0.6449502323639285,2.2827533400779862,0.5,1.0,33117.66358645819
755,13590,-0.2767870253033662,0.06137678477514738,0.21748302779366982,0.5,1.0,33159.70289633307
756,13608,-0.41849298863486784,0.005456470832091369,0.19069797498009358,0.5,1.0,33200.27234795806
757,13626,-1.051308905524774,0.0002226081255622958,0.39234218416917493,0.5,1.0,33243.14055899996
758,13644,-0.8623795962295269,-0.028319728864788087,0.35215618663172243,0.5,1.0,33284.23125925008
759,13662,-1.0846980084763658,-0.03138054836144086,0.3099322621748748,0.5,1.0,33325.47174800001
760,13680,-0.4780589791901564,0.04942423022644668,0.27972940877388125,0.5,1.0,33366.740688833175
761,13698,-0.3280301107383563,0.09039346028378266,0.3204500120675413,0.5,1.0,33407.88017654116
762,13716,-0.13946850563201085,0.06221173096737272,0.13323597884490535,0.5,1.0,33448.56706016604
763,13734,-0.4233336754817918,-0.016301397928775607,0.24815874354484463,0.5,1.0,33488.9429667911
764,13752,-0.4881873434949906,-0.05192625328110642,0.15964926123937137,0.5,1.0,33531.107282625046
765,13770,-0.34328664820464816,-0.033733728687490534,0.16832959178573084,0.5,1.0,33572.14236812503
766,13788,-0.297231636780082,0.610958556698798,2.2842073314684224,0.5,1.0,33614.395865166094
767,13806,-0.3786677833665486,0.013119573678364964,0.23222656601482544,0.5,1.0,33656.835334083065
768,13824,-0.6312696364725072,-0.0439117605012807,0.19308875626352057,0.5,1.0,33700.97848645807
769,13842,-0.5448854428808403,-0.006742310400911716,0.22754458358033142,0.5,1.0,33744.956233832985
770,13860,-0.5530392908781483,-0.0025536382197081466,0.19993714880816807,0.5,1.0,33789.130639499985
771,13878,-0.7206535048840097,0.566311918275611,2.299045255690886,0.5,1.0,33829.92451625015
772,13896,-0.8753615031420585,-0.0643653161287882,0.23423436582589996,0.5,1.0,33872.166339583
773,13914,-0.20457896751129567,0.022218433180349342,0.1691211703769136,0.5,1.0,33913.63507620804
774,13932,-0.2046300920447761,0.09253367652960628,0.19313739352743642,0.5,1.0,33956.35810329113
775,13950,-0.25602198824441214,0.008230449064196824,0.1509620120674969,0.5,1.0,33997.785827916116
776,13968,-0.1887978915804407,0.04608736571466259,0.15721388902724004,0.5,1.0,34039.29547500005
777,13986,-0.5753668254091941,-0.06343354355302949,0.15716062819094467,0.5,1.0,34079.88449508301
778,14004,-0.551068507257062,-0.11498756577056188,0.17182495010447948,0.5,1.0,34121.615643457975
779,14022,-0.7337818757665806,-0.045184054321634984,0.2704527459698147,0.5,1.0,34162.021223166026
780,14040,-0.759809929993895,-0.11007815400889982,0.3591283574527502,0.5,1.0,34203.31457004114
781,14058,-0.48193361094497433,-0.027967852683135952,0.2741943054596182,0.5,1.0,34245.46624229103
782,14076,-0.6185202670696563,-0.07165059988624985,0.17445121731965402,0.5,1.0,34288.3031784161
783,14094,-0.3272590904999415,0.0464073542716725,0.18451452857216996,0.5,1.0,34328.69294175017
784,14112,-0.32650832476797653,0.029875972866743063,0.1887090350014148,0.5,1.0,34369.44785375008
785,14130,-0.2768390434742187,-0.0397690702509248,0.15984874237762867,0.5,1.0,34411.044419666054
786,14148,-0.6118770024580611,0.03372844255779553,0.24983988265450904,0.5,1.0,34453.36354633304
787,14166,-0.29393120973623965,0.05535177122277105,0.18066620863355662,0.5,1.0,34494.65023404104
788,14184,-0.2912587274076408,-0.03359576949932386,0.13193877309228097,0.5,1.0,34536.51176425
789,14202,-0.5174860967039878,0.5359957519449028,2.30323497520346,0.5,1.0,34576.99453554116
790,14220,-0.2548189892617563,0.031871099341843546,0.20971483502848615,0.5,1.0,34618.77633083309
791,14238,-0.45757949257387853,0.02004323973821191,0.29278983026744015,0.5,1.0,34661.19696425018
792,14256,-0.29571553631143566,-0.0021642122396328864,0.16251261367689293,0.5,1.0,34702.74857604108
793,14274,-0.1743890660805718,0.09940284923496782,0.18374676100562534,0.5,1.0,34743.83851975016
794,14292,-0.48263277074172617,0.056004864821671774,0.2745122539543675,0.5,1.0,34785.00485124998
795,14310,-0.40806136351061717,0.5656794336418101,2.2959952204601755,0.5,1.0,34825.14838179108
796,14328,-0.2365354764854315,0.01014251537709828,0.14741292901744318,0.5,1.0,34867.844411125174
797,14346,-0.6344572011791536,0.5943325788296236,2.2931108940031057,0.5,1.0,34908.59904887504
798,14364,-0.7966214464417494,-0.09460707813563844,0.21371401776430102,0.5,1.0,34950.17315895809
799,14382,-0.6390829084544061,-0.03749412938147412,0.22524130837147618,0.5,1.0,34991.903185333125
800,14400,-1.0667260496804216,0.012156698837199522,0.3121236191529426,0.5,1.0,35034.19513037498
801,14418,-0.5497600726622194,0.09754502150099961,0.2922446121587558,0.5,1.0,35074.79395312513
802,14436,-0.2654397613767445,0.006394933252283291,0.17565361325859152,0.5,1.0,35117.06032812502
803,14454,-0.3404488694183856,0.05015095003438752,0.2266846222906172,0.5,1.0,35158.47926229099
804,14472,-0.320810558064756,0.17398833561580965,0.3432436124399293,0.5,1.0,35199.12001133314
805,14490,-0.7048532074461651,-0.01668707538177521,0.2954146498280425,0.5,1.0,35240.56040537497
806,14508,-0.35287439009427946,0.031970654792280624,0.2804468321239431,0.5,1.0,35281.518351083156
807,14526,-0.17962480560434368,0.028897644341120878,0.17513362500921348,0.5,1.0,35323.04351495812
808,14544,-0.35491255971261726,0.11838985451683673,0.2624052182597304,0.5,1.0,35364.35950333299
809,14562,-0.4447462777625759,0.048313979471397546,0.2699136521975945,0.5,1.0,35406.14255895815
810,14580,-0.2854664120664818,0.5190594910913098,2.3026856928584687,0.5,1.0,35449.13419166603
811,14598,-0.34573178141649397,0.5620678060552202,2.2935803150247684,0.5,1.0,35492.09948820807
812,14616,-0.25786071252183085,0.035124079488234324,0.17054271240904473,0.5,1.0,35534.19343712507
813,14634,-0.3422988955576729,0.05682784268493056,0.1933065649323447,0.5,1.0,35576.74075391609
814,14652,-0.36589695648344644,0.00766842150807993,0.2603504658349394,0.5,1.0,35618.576864083065
815,14670,-0.23483964512428468,0.10407551396709842,0.22894393572255076,0.5,1.0,35661.10236508306
816,14688,-0.6624353642744953,0.6014842678610635,2.2998960433312785,0.5,1.0,35702.63061341597
817,14706,-0.8603625786721327,-0.09533224871650159,0.25177421744498457,0.5,1.0,35744.02855412499
818,14724,-0.2490031630941525,0.03294094640818882,0.24237758961397335,0.5,1.0,35785.12122687511
819,14742,-0.2347381208861865,0.12860741188819094,0.2853713392957695,0.5,1.0,35825.38457574998
820,14760,-0.32046174345017686,0.007698839922378544,0.1538698751795643,0.5,1.0,35867.39742108318
821,14778,-0.48706316647139136,-0.047556332884469574,0.21655669380653975,0.5,1.0,35910.07080545812
822,14796,-0.48992070644626473,0.026269439099176523,0.18250509192694667,0.5,1.0,35950.58584370813
823,14814,-0.3974421550645939,-0.019439008205105097,0.23462033461922538,0.5,1.0,35991.95347370813
824,14832,-0.28252887079947353,-0.027094201995253905,0.11600974895312449,0.5,1.0,36034.12839912507
825,14850,-0.636108374110731,0.04051440897062945,0.20288346127292464,0.5,1.0,36074.794895207975
826,14868,-0.5042316403705343,-0.001809065347226962,0.21065337105513096,0.5,1.0,36116.219257125165
827,14886,-0.28649940601849,0.05352597016643686,0.2242928623917305,0.5,1.0,36158.032173208194
828,14904,-0.32896599424767725,0.08431036801526165,0.26288041382269317,0.5,1.0,36199.15150929103
829,14922,-1.1098411991416848,0.5839412874104843,2.31523935903395,0.5,1.0,36240.89117054106
830,14940,-0.19417705682104547,0.11236898541133063,0.20639203382861138,0.5,1.0,36281.818781875074
831,14958,-0.293559094990143,-0.008023741455154672,0.12814850379503542,0.5,1.0,36323.56634179107
832,14976,-0.5961042042189204,0.05895647370446512,0.24413636573185815,0.5,1.0,36364.44941495801
833,14994,-0.5417416013131291,-0.05034455257025858,0.2056265088888061,0.5,1.0,36407.08140633302
834,15012,-0.5481977964880267,0.00910734572364137,0.2968487811234535,0.5,1.0,36448.43304050015
835,15030,-0.405862770582444,0.024207270485504553,0.2149935173913583,0.5,1.0,36490.169068207964
836,15048,-0.1306276204041188,0.0586662365266406,0.15584505414849614,0.5,1.0,36531.37553312513
837,15066,-0.44767492414454235,-0.012660273507643193,0.26229969128027025,0.5,1.0,36576.91938970797
838,15084,-0.37048983398848545,-0.01920492818224679,0.1544979799344148,0.5,1.0,36622.755207041046
839,15102,-0.143855054328359,0.058138498764674425,0.14070125395579808,0.5,1.0,36665.47201495804
840,15120,-0.5589539320368262,0.05479837988162152,0.35402453855665844,0.5,1.0,36707.35705925012
841,15138,-0.5585056931736085,0.4736600679072132,2.319289523887261,0.5,1.0,36748.65841024998
842,15156,-0.37768345289404426,0.029250530387585922,0.1743891797443584,0.5,1.0,36791.36839862517
843,15174,-0.5153912763850057,0.005814380228837044,0.18098629277128178,0.5,1.0,36833.21903729113
844,15192,-0.371700071556913,-0.002549844404795998,0.20232445148787875,0.5,1.0,36875.03492754116
845,15210,-0.37454330401758806,-0.011181289413141806,0.29183442419018096,0.5,1.0,36917.90921666613
846,15228,-0.5472401956884809,-0.02634077536541706,0.30709407713239883,0.5,1.0,36959.120455250144
847,15246,-0.31629194676205685,0.02238972160385207,0.18061069537505306,0.5,1.0,37000.637463208055
848,15264,-0.48850707426716244,-0.1272669217272713,0.2626867928722477,0.5,1.0,37042.40191958309
849,15282,-0.8837824389082192,-0.07055381921307739,0.28097550546982325,0.5,1.0,37083.31870554108
850,15300,-0.536287657126028,0.001977605504070606,0.3222532766751611,0.5,1.0,37124.57588424999
851,15318,-1.2259285697978806,-0.00030519524894723205,0.34523491636972564,0.5,1.0,37166.709345625015
852,15336,-0.548482446013999,0.02886000006148142,0.31748786010489105,0.5,1.0,37208.33674837509
853,15354,-0.2848142366033679,0.05090380542409396,0.16117751347854353,0.5,1.0,37250.212342666
854,15372,-0.5832498978270246,0.00021499140215267923,0.22859446091668456,0.5,1.0,37292.18725920818
855,15390,-0.3855679192188841,0.004618823822802949,0.17132577573025884,0.5,1.0,37335.982100958005
856,15408,-0.29140625193784686,0.050795184266762806,0.20522454774181237,0.5,1.0,37377.18349437509
857,15426,-0.32096011982851014,0.08231994802357884,0.24640950658489916,0.5,1.0,37419.1814198331
858,15444,-0.2189323970346102,0.6117411224290323,2.282047319812894,0.5,1.0,37460.70514316601
859,15462,-0.5871989856683619,-0.022093428880912775,0.30114135017676574,0.5,1.0,37501.84369854117
860,15480,-1.2557361787990136,-0.12425732318795986,0.3081592007451895,0.5,1.0,37544.43755320809
861,15498,-0.37072601453810883,0.029896058920942072,0.313441581389082,0.5,1.0,37585.67162070819
862,15516,-0.27077274822237474,-0.028636554688261453,0.15389862538582297,0.5,1.0,37626.48540962511
863,15534,-0.3703838396955055,-0.005940791394255641,0.24974149071312718,0.5,1.0,37668.16461108299
864,15552,-0.8306206365139683,-0.033690312162709755,0.23351446117348268,0.5,1.0,37708.829552708194
865,15570,-0.67569955043483,0.47165400954010966,2.3334505602423894,0.5,1.0,37748.6060133751
866,15588,-0.4018263984435384,-0.00228778742784044,0.16736110968039133,0.5,1.0,37789.953098833095
867,15606,-0.780835998867417,-0.05040634504412392,0.2977198899343883,0.5,1.0,37832.62196220807
868,15624,-0.3765588213600264,-0.09746411083004242,0.12913562513440535,0.5,1.0,37874.86892583314
869,15642,-0.7095362376816565,-0.07985461124971671,0.2784049669422354,0.5,1.0,37916.40110583301
870,15660,-0.5178101847375798,-0.02352875767202721,0.20288386861950483,0.5,1.0,37956.566170791164
871,15678,-0.3907946400212179,0.024402411271424826,0.23128396388107805,0.5,1.0,37997.523092624964
872,15696,-0.19376381721915692,0.06734836964989643,0.15455002227812545,0.5,1.0,38040.93743870803
873,15714,-0.1761119356517309,0.12949378173058404,0.2693290826646071,0.5,1.0,38082.49621420819
874,15732,-0.576021846741039,0.09619546470402766,0.3132772797572169,0.5,1.0,38124.02318508318
875,15750,-0.4580829529900736,0.030960092601332652,0.15040150667905852,0.5,1.0,38164.90738766617
876,15768,-0.2643854803982242,-0.04106349799547044,0.1320372941161471,0.5,1.0,38206.91003875015
877,15786,-0.28432837186362203,0.029573285876731345,0.14687285720329668,0.5,1.0,38247.56271525007
878,15804,-0.8950303861877202,-0.01603962351098451,0.27865797509718543,0.5,1.0,38288.521881625056
879,15822,-0.7271625881156885,-0.015550503156848559,0.24485332579015764,0.5,1.0,38329.835263666
880,15840,-0.7980819406220014,-0.06954692070323526,0.3300028205780334,0.5,1.0,38373.0259997081
881,15858,-0.4349665300880323,0.0721957009245795,0.2692729048169722,0.5,1.0,38413.52580683306
882,15876,-0.6273912736415985,-0.005523665852587258,0.3123984259692824,0.5,1.0,38455.01092845807
883,15894,-1.1129409648485673,-0.07338129644063354,0.2780582204604147,0.5,1.0,38496.106347333174
884,15912,-0.38049445990502306,0.5423291970235705,2.30018275152584,0.5,1.0,38538.429838458076
885,15930,-0.741287753852359,-0.06932170650064966,0.2456988249371969,0.5,1.0,38579.31153058307
886,15948,-0.3193412308878818,-0.013438881347176116,0.23986614710304816,0.5,1.0,38621.4342560831
887,15966,-0.4535170912945494,0.004160088380500415,0.18391881469989244,0.5,1.0,38662.468094208045
888,15984,-1.1428515567941018,-0.08469344400431152,0.41232911672375727,0.5,1.0,38702.28019712516
889,16002,-0.24432623124050412,0.11054567925810455,0.1937408582079661,0.5,1.0,38744.93574333307
890,16020,-0.2185141681255045,-0.0004752549866619364,0.12691048704437782,0.5,1.0,38786.48142541619
891,16038,-0.15746842493560376,0.07863480171234866,0.17883583732133118,0.5,1.0,38827.22679287498
892,16056,-0.20899062607302454,0.5881064018834194,2.286620862410896,0.5,1.0,38869.094942541094
893,16074,-1.18027598279353,0.004704952060229929,0.3695272430413031,0.5,1.0,38911.04500333313
894,16092,-0.42825525111893636,0.21402167326899935,0.38337643247949027,0.5,1.0,38951.984780750005
895,16110,-0.529995495541371,-0.06586445326706317,0.20397561796030786,0.5,1.0,38994.20058166608
896,16128,-0.5629593965291919,-0.01286975394300047,0.20746032133365372,0.5,1.0,39038.06676170812
897,16146,-0.6951558793848811,-0.03853141908255505,0.22568677778435958,0.5,1.0,39080.79150070809
898,16164,-0.26538783749169514,0.09994070387613012,0.27379618002062267,0.5,1.0,39122.1507934581
899,16182,-0.405709779709575,0.029555420416424068,0.2614726592162197,0.5,1.0,39164.91220941604
900,16200,-0.35730869604254334,0.0825380366797081,0.279217810796799,0.5,1.0,39206.11092904117
901,16218,-0.2201346505759565,0.008124768315276457,0.10592725802503568,0.5,1.0,39247.121313458076
902,16236,-0.8695198089537968,-0.06052547386477533,0.2628486468058492,0.5,1.0,39289.212092916016
903,16254,-0.6808624583433351,-0.054948086465225546,0.30136112084979755,0.5,1.0,39329.83618291607
904,16272,-0.37341191578294897,-0.011971949996363949,0.18572054271137928,0.5,1.0,39371.77059554099
905,16290,-1.459997394578659,-0.13016388725854458,0.4105484431801705,0.5,1.0,39413.219118708046
906,16308,-0.3420582947153763,0.6518551605897684,2.2785823022146228,0.5,1.0,39455.273060332984
907,16326,-0.6477214030779992,0.5309843254969141,2.309879888311845,0.5,1.0,39496.793528250186
908,16344,-0.28319658329820196,0.02998775911019062,0.16576533716179484,0.5,1.0,39538.238407125
909,16362,-0.9825378103528601,-0.12258454333395294,0.2971824923934981,0.5,1.0,39579.08261712501
910,16380,-0.2217312973674197,0.04148075015332845,0.1877344285805117,0.5,1.0,39620.17227866617
911,16398,-0.8573599190517678,0.5672330532970213,2.308885540963634,0.5,1.0,39661.267886708025
912,16416,-0.26914515826293695,0.012767792358969595,0.17819560155622127,0.5,1.0,39702.18351662508
913,16434,-0.2662376522357901,-0.003512880164540001,0.1551166150176869,0.5,1.0,39744.56820266601
914,16452,-0.26708517580316915,0.00903150399307743,0.14462113417548028,0.5,1.0,39786.827194916084
915,16470,-0.31463101034107055,0.07616415993331681,0.1736186881983242,0.5,1.0,39829.389707500115
916,16488,-0.4923531697551109,0.5534631821744855,2.3021718438672125,0.5,1.0,39870.492839124985
917,16506,-0.3549837914522005,0.0019365206289929165,0.27104237443529056,0.5,1.0,39911.81285033305
918,16524,-0.2783105492835469,0.024058464491000957,0.23995831833809883,0.5,1.0,39952.194994875
919,16542,-0.2763193785095659,-0.05511314196849377,0.15434832443406438,0.5,1.0,39993.90657966607
920,16560,-0.4296488785258701,-0.05794439506805387,0.17540706297204775,0.5,1.0,40034.993881458184
921,16578,-0.2029722087716923,0.0347803407669203,0.17059895268078928,0.5,1.0,40076.080306624994
922,16596,-0.418983767652926,0.10083301890923918,0.2637226672629682,0.5,1.0,40117.50449012499
923,16614,-0.5012779401201746,-0.00790371455329206,0.18012249373585665,0.5,1.0,40158.054621041054
924,16632,-0.5512391841569642,-0.024004732848964663,0.24505042389720436,0.5,1.0,40201.07335675019
925,16650,-0.18464126743031528,0.034169144837800806,0.1361990086740172,0.5,1.0,40242.850983708166
926,16668,-1.1127386969334623,-0.07225774469133735,0.3362465364358473,0.5,1.0,40284.5254758331
927,16686,-0.3014586273194144,-0.0362780973197456,0.20120536024984675,0.5,1.0,40325.30469645816
928,16704,-0.4939990419547744,-0.056434776496670044,0.18102286346299487,0.5,1.0,40366.104603208136
929,16722,-1.3043128797301087,-0.044209532852098686,0.3858497579479509,0.5,1.0,40409.687408040976
930,16740,-1.337090859984956,-0.09573661656771096,0.41945632886924616,0.5,1.0,40451.987492541084
931,16758,-0.6331835732728743,-0.040155214590534366,0.2611466007489453,0.5,1.0,40493.43367962516
932,16776,-0.3436826121095624,-0.015534586155138067,0.16026900817764037,0.5,1.0,40538.464978791075
933,16794,-0.6695687493246725,0.011023845605426845,0.25450744555979177,0.5,1.0,40584.38727208297
934,16812,-0.3948397512220838,0.5371261836955896,2.3030256901601196,0.5,1.0,40625.34446862503
935,16830,-0.19347385572030085,0.10421934114315709,0.23695157192882674,0.5,1.0,40666.28605004097
936,16848,-0.20199267215782335,0.00017182461100197067,0.10624324944642578,0.5,1.0,40708.26942966599
937,16866,-0.1673724133635357,0.014841238764166716,0.13364024350963516,0.5,1.0,40751.560895875096
938,16884,-0.6309186967740645,-0.10193611130836559,0.19810452265629253,0.5,1.0,40793.438986541005
939,16902,-0.6711298682430931,0.06866557585038269,0.2684761676644298,0.5,1.0,40836.54828379117
940,16920,-0.5847398163969562,0.5463521183796056,2.3060005912536545,0.5,1.0,40878.024800125044
941,16938,-0.19162962749466494,0.11535960188606914,0.19522760202954728,0.5,1.0,40922.33036650019
942,16956,-0.32330025080866864,0.02765984262058864,0.18180008467375605,0.5,1.0,40963.91679504118
943,16974,-0.3162867798740727,0.00691326015154677,0.16448010988276116,0.5,1.0,41006.104397207964
944,16992,-0.2672221230555252,0.5666787947407664,2.2937007714812867,0.5,1.0,41046.157062916085
945,17010,-0.392866696372808,0.022248156126376935,0.20889388839586287,0.5,1.0,41088.03881479101
946,17028,-0.5710786994409993,-0.022677412807660138,0.23576588172624072,0.5,1.0,41128.8686211661
947,17046,-0.6197311383362072,0.4798350563858512,2.3197654187869623,0.5,1.0,41170.00604554103
948,17064,-0.326611165835625,-0.004737961758621771,0.12799177274740509,0.5,1.0,41211.78830420808
949,17082,-0.29884672528475686,-0.016173420221968153,0.14635112753465135,0.5,1.0,41252.99099275004
950,17100,-0.22928648983476663,0.06507145452006426,0.16886503719280793,0.5,1.0,41294.13468700019
951,17118,-0.367591350124159,0.0409634797275997,0.2616611673551573,0.5,1.0,41334.35873495811
952,17136,-0.2563298624046828,-0.03516255110265205,0.12626530467340516,0.5,1.0,41376.46478675003
953,17154,-0.4900432088797997,-0.05274488778883793,0.12344480855797454,0.5,1.0,41419.75810208311
954,17172,-0.2367291021015827,0.00034230041863864754,0.12034029418733128,0.5,1.0,41461.864759457996
955,17190,-0.30037032128917485,0.01420736287743216,0.19903977969952966,0.5,1.0,41502.96804383304
956,17208,-0.5090624148084357,-0.039854598023534006,0.20512962274436625,0.5,1.0,41545.038507708116
957,17226,-0.6448544147325324,-0.026521498523511204,0.23830534262538355,0.5,1.0,41587.37613041606
958,17244,-0.5480501410811796,-0.07571890245855029,0.18574699142948134,0.5,1.0,41628.52485866612
959,17262,-0.31871265107151014,-0.02222827852307521,0.13072536068327884,0.5,1.0,41670.96263158298
960,17280,-0.47309141064617766,0.5255188773711656,2.3057734611938936,0.5,1.0,41711.002944500186
961,17298,-0.47718876981666725,-0.06641149243583798,0.21042388729026112,0.5,1.0,41753.35147850006
962,17316,-0.6253017684047091,-0.022277970536761456,0.21856071007544606,0.5,1.0,41794.79480237514
963,17334,-0.7046479243200485,-0.021183986099606738,0.3967332221392835,0.5,1.0,41837.227033041185
964,17352,-1.138869841720692,-0.03788367936756856,0.36171284463954967,0.5,1.0,41879.14276325004
965,17370,-0.5421778439036693,-0.1353184922994527,0.1759060471980401,0.5,1.0,41920.13392516598
966,17388,-0.7092790780009182,0.1284434645795309,0.3453309575400148,0.5,1.0,41961.39334475016
967,17406,-0.603373149397906,-0.08303341694742963,0.25756507871106915,0.5,1.0,42008.06164804101
968,17424,-0.3425138027063017,-0.025573078536301135,0.1870730793481404,0.5,1.0,42049.47445675009
969,17442,-0.9089650086390275,-0.007410326993763267,0.3095774524753436,0.5,1.0,42091.13087170804
970,17460,-0.506504661755967,-0.07523986084368753,0.23418735045803143,0.5,1.0,42132.07343612518
971,17478,-0.5340301595137618,-0.035721832459537715,0.20174477874270935,0.5,1.0,42174.50830629119
972,17496,-1.1805181734820813,0.04530486671694941,0.4149221904001064,0.5,1.0,42216.66402633302
973,17514,-0.3998664126594278,0.5304911916723198,2.303108120666553,0.5,1.0,42257.37740204111
974,17532,-0.5774156150806435,-0.13428902693120387,0.27197375487035796,0.5,1.0,42300.48038004106
975,17550,-0.3989460710633299,0.567799783572185,2.295138288420666,0.5,1.0,42346.42354891612
976,17568,-0.46192464778737996,0.07165708289405329,0.2354152605149517,0.5,1.0,42391.265248875134
977,17586,-0.24744359362721724,-0.0189866945262942,0.12250769736863824,0.5,1.0,42435.27465837519
978,17604,-0.4352472253565729,-0.007278565067172998,0.1884063670426819,0.5,1.0,42481.92954616598
979,17622,-0.35095931201853237,0.6199543127899291,2.2879848147082833,0.5,1.0,42529.61288587516
980,17640,-0.5836322915127861,-0.09295541141379123,0.22567875216405212,0.5,1.0,42587.89224795811
981,17658,-0.21739305665310127,0.013746300722807407,0.16410319471855672,0.5,1.0,42643.09540466615
982,17676,-0.43163220698921023,0.005639104411198205,0.23535282913572006,0.5,1.0,42694.997085166164
983,17694,-0.734387642397512,0.0015524451412206968,0.2736027903451565,0.5,1.0,42743.17140983301
984,17712,-0.6025704969621497,-0.08444430348186296,0.217319632728052,0.5,1.0,42786.766891000094
985,17730,-0.6404401416390897,0.47362820313127685,2.3201622095335996,0.5,1.0,42828.81497029099
986,17748,-0.4940945343329597,-0.013153755506555311,0.240393240075569,0.5,1.0,42872.01290512504
987,17766,-0.4391109651120235,0.054222415287921155,0.2683542659587314,0.5,1.0,42916.723865166074
988,17784,-0.5999374916248668,-0.037150714459628954,0.185509356694767,0.5,1.0,42961.948725208174
989,17802,-0.432616145104892,0.010839751874332195,0.21134274670440437,0.5,1.0,43004.19313025009
990,17820,-0.3399386879576394,0.5264652596695618,2.3021191697629773,0.5,1.0,43048.35902516614
991,17838,-0.3697941009746284,-0.005668896854982681,0.1597797247181349,0.5,1.0,43096.45393375005
992,17856,-0.4779139697772763,-0.021026411418125977,0.26335207092441926,0.5,1.0,43139.50349354115
993,17874,-0.3310979498742652,0.034934883257457146,0.22816051034602616,0.5,1.0,43182.3885890001
994,17892,-1.4981357231082084,-0.1404856300801388,0.40517765833358077,0.5,1.0,43226.925037541194
995,17910,-0.2610756340964384,0.07824619177244034,0.2654375476053885,0.5,1.0,43269.17463145801
996,17928,-0.8000167875038704,-0.05642069923677903,0.22499680061170488,0.5,1.0,43312.58140170807
997,17946,-0.504206646900581,0.1329803667100092,0.38989052009295094,0.5,1.0,43354.90393537516
998,17964,-0.5815934205318456,-0.054343766475128015,0.21607317369912366,0.5,1.0,43396.542741625104
999,17982,-0.3946251740546849,0.6312276091151336,2.288811845368218,0.5,1.0,43439.77163208299
1000,18000,-0.36108496466803874,0.06232826344424626,0.16440563138116482,0.5,1.0,43481.572106125066
1001,18018,-0.6442279550996597,-0.038075405206226626,0.33314386125759377,0.5,1.0,43524.082485166145
1002,18036,-0.23258671540602993,0.08139687718808923,0.23649110858595304,0.5,1.0,43567.321779416176
1003,18054,-0.3220185225336909,0.5976350892720933,2.2881391692075157,0.5,1.0,43610.287220541155
1004,18072,-0.42832234558735216,0.04185256266247409,0.22866645798068153,0.5,1.0,43653.09989254107
1005,18090,-0.43630650880865485,0.0495899902759041,0.29277272202658494,0.5,1.0,43695.936085124966
1006,18108,-0.5377063430543982,-0.008759329879016016,0.21850107820893913,0.5,1.0,43739.80614529108
1007,18126,-0.2809511925432302,-0.0064924041784301485,0.13330570362045147,0.5,1.0,43782.2486108751
1008,18144,-0.5309005030276808,-0.029685234928468567,0.17969998847485655,0.5,1.0,43825.03858275013
1009,18162,-0.4757757338209805,0.023917234980182882,0.31006282779100763,0.5,1.0,43869.01021337509
1010,18180,-0.7448156539230846,-0.056236162803513165,0.23722526498911126,0.5,1.0,43911.44381866604
1011,18198,-0.4876507093971849,0.573405897900132,2.299175109432068,0.5,1.0,43955.12766404101
1012,18216,-0.7436678166447166,0.0026060664413356527,0.34676114306696915,0.5,1.0,43999.945109500084
1013,18234,-0.3519864432611479,0.008606891207545085,0.1538936334479927,0.5,1.0,44043.12792424997
1014,18252,-0.4823762033272452,0.01225425596505013,0.21511405930377045,0.5,1.0,44096.75747637497
1015,18270,-0.4807403040201059,0.04280967626134746,0.24062949387491522,0.5,1.0,44153.36901066615
1016,18288,-0.10278334083176333,0.6449823778587012,2.2722562026763193,0.5,1.0,44202.231983707985
1017,18306,-0.4068948262115919,0.012350649363468365,0.22349383295178088,0.5,1.0,44249.03478954104
1018,18324,-0.286542509209486,-0.0034243235298683475,0.12159668682058049,0.5,1.0,44296.53087000013
1019,18342,-0.5513844126264669,0.022890069555273743,0.25929405474414535,0.5,1.0,44350.715136124985
1020,18360,-0.4644729959303504,-0.0020696321683322002,0.2015595698155296,0.5,1.0,44402.089284040965
1021,18378,-0.5202121255010885,0.06820835838320338,0.3132344755452787,0.5,1.0,44449.505397583125
1022,18396,-0.47085458402789815,0.015368075159386615,0.26128732246793407,0.5,1.0,44495.475441999966
1023,18414,-0.4117601665853492,-0.019044519180189765,0.16219417762941948,0.5,1.0,44540.548208541004
1024,18432,-0.5486202330558028,0.4981194177534337,2.312931517521016,0.5,1.0,44588.33654600009
1025,18450,-0.30113314934134827,0.05681167390325297,0.23076867842826282,0.5,1.0,44640.79036516603
1026,18468,-0.672525555443217,0.014789896077831037,0.24144648548228737,0.5,1.0,44688.82891599997
1027,18486,-0.6781829543788236,-0.08500361165205457,0.19268028700192547,0.5,1.0,44738.21881891601
1028,18504,-0.7689057532907588,0.0010516087155211116,0.24659837888694172,0.5,1.0,44786.53500254103
1029,18522,-0.2590227905932858,0.03510359821675917,0.12800092390214451,0.5,1.0,44836.79060395807
1030,18540,-0.757835685875917,-0.0038965045132261325,0.2237907601219384,0.5,1.0,44889.71126787504
1031,18558,-0.47052070603462415,-0.05320754986644463,0.16041210858239272,0.5,1.0,44943.87284950004
1032,18576,-0.8500833551092679,0.5944951435462023,2.3033840792274147,0.5,1.0,44994.98660979117
1033,18594,-0.3699785338017989,0.0045175249682222075,0.14687137847872328,0.5,1.0,45038.256293375045
1034,18612,-0.6276584737694622,-0.02083186337613964,0.2619787174853287,0.5,1.0,45081.49765995797
1035,18630,-0.6690490970774832,0.0027301462298701612,0.2577413394498266,0.5,1.0,45129.501559583005
1036,18648,-0.4643453920305891,0.006231252300493829,0.1531014196271567,0.5,1.0,45181.049827000126
1037,18666,-0.5780811434657602,0.037134392063152166,0.18874487102517395,0.5,1.0,45231.80340800015
1038,18684,-0.46065555119743795,0.022580206257727387,0.2544021850437987,0.5,1.0,45277.91419658298
1039,18702,-0.24616097496637046,0.017271556956945638,0.1789872192362559,0.5,1.0,45322.44009420811
1040,18720,-0.36533099844926475,0.008360622243729231,0.14628415447266635,0.5,1.0,45367.49347524997
1041,18738,-0.19324016616201245,0.07989355764755995,0.21262064058472013,0.5,1.0,45410.873658791184
1042,18756,-0.2606505207669443,0.025394026433157652,0.17909863117095673,0.5,1.0,45456.17983812513
1043,18774,-0.4705181290882985,-0.03807888264045313,0.18169168549446787,0.5,1.0,45505.50545683317
1044,18792,-0.3062965406138005,0.04811251182016655,0.18310399414825435,0.5,1.0,45548.866834750166
1045,18810,-0.7845466389184264,-0.08783217728065286,0.284085229143885,0.5,1.0,45591.42216458311
1046,18828,-0.8708191465653163,0.00016022632593834827,0.31112336603694585,0.5,1.0,45633.54758975003
1047,18846,-0.2309826425571302,0.033776961203081254,0.15473185999237188,0.5,1.0,45676.588675457984
1048,18864,-1.143335576800978,-0.09190859074226528,0.36608827732404803,0.5,1.0,45730.547959250165
1049,18882,-0.3009906244673255,-0.05506010866157461,0.15768658952115291,0.5,1.0,45779.22856508312
1050,18900,-0.9652774220573495,-0.1325400794909906,0.24119135729358354,0.5,1.0,45830.25580358319
1051,18918,-0.5597405185789555,-0.00897967535942865,0.24427237752106173,0.5,1.0,45878.368295875145
1052,18936,-0.19667444673607726,-0.01188308777854684,0.11465903114701595,0.5,1.0,45931.58147354098
1053,18954,-0.14639286864698597,0.051166849177533745,0.16353949589439543,0.5,1.0,45979.328634958016
1054,18972,-0.22104837050711978,-0.009140369330111012,0.10999055128723001,0.5,1.0,46027.24059445807
1055,18990,-0.31669782821300796,0.07443295880692252,0.2705620297865375,0.5,1.0,46079.19632237498
1056,19008,-0.3842253232736601,0.06409369395912866,0.22615862377862778,0.5,1.0,46128.26420904114
1057,19026,-0.18358869980482062,0.005336129638622141,0.11354819463391087,0.5,1.0,46177.804076500004
1058,19044,-0.7341227347526766,-0.0225177351436632,0.2256906272001415,0.5,1.0,46229.99229216599
1059,19062,-0.21286960829712598,0.04921584786424314,0.2356316469068954,0.5,1.0,46285.24695512513
1060,19080,-0.4103053542822117,0.5815582570264842,2.2949710367023757,0.5,1.0,46334.79020479112
1061,19098,-0.36432220820331374,-0.002436378502730473,0.15933834207427672,0.5,1.0,46387.90104075009
1062,19116,-0.22668482168765802,0.039084036717990274,0.18047116647151837,0.5,1.0,46432.82937654108
1063,19134,-0.6304997327208914,-0.064162856109556,0.24244773881811232,0.5,1.0,46476.71737512504
1064,19152,-0.5309053751983317,0.05089907110914213,0.24736444931097604,0.5,1.0,46521.911853666184
1065,19170,-0.5376719331231197,-0.05045804228605569,0.23950056211970444,0.5,1.0,46563.10573145817
1066,19188,-0.6359162582005666,0.5690289076062472,2.2985364366357914,0.5,1.0,46604.85270520812
1067,19206,-0.4356335299616214,0.000971495578793243,0.20715570538143455,0.5,1.0,46647.46218783315
1068,19224,-0.3390673420925152,0.002922019449835981,0.23770454228270815,0.5,1.0,46691.10004545818
1069,19242,-0.4313311910769819,-0.028535766443609716,0.22953773278933667,0.5,1.0,46733.32208349998
1070,19260,-0.2657813358514396,-0.01649726871198349,0.14711600818181295,0.5,1.0,46775.66543175001
1071,19278,-0.48745087640892315,-0.04131261363783453,0.28300048489934126,0.5,1.0,46817.626463333145
1072,19296,-0.739072603935619,-0.08193803041647889,0.32375051094914126,0.5,1.0,46864.553902582964
1073,19314,-0.26429547675118226,0.11066213535786604,0.23136159710933463,0.5,1.0,46913.98359179101
1074,19332,-0.5120641499397625,0.11615610210341229,0.36127015584354416,0.5,1.0,46975.45192154101
1075,19350,-0.18675605607294976,-0.0005356606898254432,0.1422442009894392,0.5,1.0,47030.83265591599
1076,19368,-0.2943605320639868,-0.018890910824482257,0.1169018030017522,0.5,1.0,47084.6775213331
1077,19386,-0.5874616397628563,-0.017577432008066878,0.22887317173669833,0.5,1.0,47135.66261325008
1078,19404,-0.4207046534599055,0.5004679653864061,2.308727569208813,0.5,1.0,47187.28853279119
1079,19422,-0.24299943446818162,0.011338775021825478,0.1942327062590635,0.5,1.0,47237.048446708126
1080,19440,-0.39131807377602623,0.0070059887287308165,0.21618317654570324,0.5,1.0,47289.042313500075
1081,19458,-0.29234065515060514,0.5366648349348557,2.300118974088431,0.5,1.0,47338.79725437518
1082,19476,-1.2785417685967841,-0.027559592132573998,0.32509140561456734,0.5,1.0,47389.69612420816
1083,19494,-0.8845228968064376,-0.10001150758985242,0.35345738447714287,0.5,1.0,47440.16698358301
1084,19512,-0.27956410336153237,0.662749354010622,2.276376045058401,0.5,1.0,47490.70856587519
1085,19530,-0.7446646943822364,-0.1369649657093984,0.27305387333886705,0.5,1.0,47542.84114058316
1086,19548,-0.531483319889464,-0.06316884946904332,0.23359965806884117,0.5,1.0,47588.228811040986
1087,19566,-0.15665902908680351,0.08330199852484027,0.18599004109628428,0.5,1.0,47631.17407358298
1088,19584,-0.6420719122836909,-0.051537549616318845,0.3406585625401415,0.5,1.0,47672.724256125046
1089,19602,-0.30211540127130565,-0.014549978856922774,0.14956570182106305,0.5,1.0,47714.82831079117
1090,19620,-0.43998675342084415,0.05095032349007416,0.239497211277172,0.5,1.0,47757.98230854119
1091,19638,-0.17796330136810923,0.0208913861109497,0.15463957369275702,0.5,1.0,47802.04267370817
1092,19656,-0.35222292628704555,-0.023094575178801226,0.20751492500067567,0.5,1.0,47844.318679040996
1093,19674,-0.2514745743159539,-0.01920038950280192,0.1260209267395844,0.5,1.0,47888.29240095802
1094,19692,-0.4544640900778161,0.02115355140326732,0.1786105165561897,0.5,1.0,47931.125873374986
1095,19710,-0.1436615283372591,0.07053938167809652,0.1825669963236075,0.5,1.0,47972.893459916115
1096,19728,-0.4746136062078765,-0.052825757473402374,0.2062349919669405,0.5,1.0,48015.10244275001
1097,19746,-0.39513210261145204,0.10888339937645479,0.3159370038075505,0.5,1.0,48061.88348400011
1098,19764,-0.38391977202167027,-0.0017943192766870137,0.20473235985586724,0.5,1.0,48105.62563329097
1099,19782,-0.6663323802073879,-0.0806671699492412,0.23157861476066544,0.5,1.0,48151.20480070799
1100,19800,-0.35167548970538487,-0.013826499929156189,0.14224687983527295,0.5,1.0,48195.47327512503
1101,19818,-0.6692488790357967,0.5440534990690882,2.3039883318971603,0.5,1.0,48238.364958374994
1102,19836,-0.6148039076133447,-0.01958359196502589,0.21042212961481188,0.5,1.0,48281.50751641602
1103,19854,-0.22048408739389647,0.04877341834874861,0.16214519373546998,0.5,1.0,48325.42935695802
1104,19872,-0.8400571443798155,0.05909099079879611,0.3595932298210288,0.5,1.0,48374.68058795808
1105,19890,-0.30683167403565026,0.045570527628517286,0.20194063407444168,0.5,1.0,48419.474171416136
1106,19908,-0.32845421147965403,0.03765122882474303,0.21934309662450927,0.5,1.0,48465.761320875026
1107,19926,-0.5309564100025232,-0.04283024972620872,0.23215992731026225,0.5,1.0,48509.6852612081
1108,19944,-0.5583560116352384,-0.07037176562348584,0.22742849726322859,0.5,1.0,48552.14523316617
1109,19962,-0.42596345667183044,-0.014248888361026977,0.24426623680358275,0.5,1.0,48595.951819624985
1110,19980,-0.5245747615531577,0.014347504890504847,0.27847122035304406,0.5,1.0,48639.96745545813
1111,19998,-0.5249274796295831,-0.02024678267584839,0.2239955904079645,0.5,1.0,48683.87414299999
