generation,evals_used,best_fitness,mean_fitness,std_fitness,sigma,condition_number,wall_time_s
1,19,-0.18043244372576428,-0.03094802850962783,0.10004747180963697,0.48709666409159147,1.009812437426095,72.85858266591094
2,38,-0.3919769435673466,0.4568197222396696,2.2550513663043414,0.4764190049451218,1.0107412599926189,141.82026479090564
3,57,-0.13244731047041647,-0.039540829062191356,0.0766353485971168,0.46684727963710004,1.0112581596358523,202.64170587505214
4,76,-0.43779946400032443,-0.04006117417944075,0.17635861354928098,0.45806281504372154,1.0123665008937224,263.2735533330124
5,95,-0.6236485827867462,-0.10602816024763795,0.18627774094042637,0.4504227780019353,1.0135238360139778,341.36864095786586
6,114,-0.13779421073497833,-0.022959854558307284,0.08671636022443016,0.4439427961109358,1.0148854206881526,408.6649109579157
7,133,-0.3360418827554348,-0.04146768192461242,0.13049603883722902,0.438222922653908,1.0166103676744098,470.7836329159327
8,152,-0.46323016116112026,-0.0483650230364981,0.21335307745234114,0.4329500402732241,1.0184171511910627,531.8088350410108
9,171,-0.49916837927186997,-0.046724711098256745,0.15365663371475982,0.4284383646195399,1.020785160149123,592.533685249975
10,190,-0.25319226370376136,-0.01936504876801368,0.13330405353759497,0.4242596347589132,1.023176259257204,653.8583761660848
11,209,-0.3196200857314162,-0.0893653285042717,0.11941421228257412,0.42039067167747507,1.0261358640935985,715.3415707079694
12,228,-0.6857625185971568,-0.04148982075472206,0.2257496130732915,0.41642558805172003,1.0291319336625486,776.8408423750661
13,247,-0.4892845474395813,0.43990475498498216,2.2578234363401695,0.41329245128663755,1.0320646046793762,839.8646840830334
14,266,-0.7874682426008572,-0.08044084257565982,0.19012490465049633,0.4107271378436542,1.0354344534782305,902.8487041660119
15,285,-0.2619705211472345,-0.048255781991091595,0.1501234526825433,0.4079951983235389,1.0389057592938393,963.9256682910491
16,304,-0.7586273141667474,-0.09016893246698439,0.23643713080077705,0.4053423874256765,1.0423674272641805,1027.7432941249572
17,323,-0.3729990481611525,-0.07318478134471056,0.14064012256236413,0.4030196786539383,1.0457375416134043,1091.603921083035
18,342,-0.4586877391634854,-0.04347968872669885,0.16096386873450852,0.4009644502400856,1.049311728553713,1152.4281958749052
19,361,-0.5217298060159932,-0.13701284584772064,0.2223141222325318,0.3991980251772525,1.053610865438082,1212.6067402500194
20,380,-0.7360233115506842,-0.12694685486568125,0.24820069080485627,0.3975651715217805,1.057597971555578,1273.603683375055
21,399,-0.5656032486410769,0.42228188578773124,2.2663355326727586,0.3961911342453763,1.0620635962062441,1335.9170136249159
22,418,-0.6417165730051009,-0.1271719713422279,0.22746441322240132,0.3949042502860491,1.0668079975992666,1399.7727104160003
23,437,-0.5560477420403984,-0.24147564575628855,0.22591795780569768,0.3932854387662219,1.0711062822773176,1462.4555042500142
24,456,-0.47213418362279747,-0.11910864172450386,0.15273071575405003,0.39203816887089,1.0757024126067476,1529.3250012078788
25,475,-0.6205419748350529,0.4739000953092191,2.253327891002594,0.39104290561825394,1.080552799162128,1594.71860487503
26,494,-0.616351629304356,-0.1192682370427633,0.23544424044694837,0.3898821882136261,1.0853453661917611,1660.9598610000685
27,513,-0.49644690690538607,-0.10864336519027654,0.17203843066443755,0.38847813771617434,1.090129734367985,1729.875426332932
28,532,-0.7059233305950636,0.3500687324225121,2.28666623022547,0.38709798653959676,1.0948606783342698,1795.2363381660543
29,551,-1.0105637156165201,-0.18206591164365948,0.2969437848060893,0.38562184744379807,1.0995535938771321,1861.1867383748759
30,570,-0.8656285645198398,-0.3098223568342911,0.23779449415754828,0.3844297947315866,1.1048371486582023,1923.7493166660424
31,589,-0.6343570099437796,-0.252775915563719,0.15997994418705058,0.38339895790607115,1.1101767469284105,1987.9962714579888
32,608,-0.5800015080834795,0.8677275922983373,3.1373162762762203,0.38249454007269484,1.1157306436983068,2056.6640860410407
33,627,-0.9197500508539722,-0.2962925817866568,0.3077863260169722,0.3817316420417049,1.1211568242556478,2119.366472540889
34,646,-0.9181552574322627,-0.26061860126502884,0.23500062141437092,0.3810386611934953,1.1266830265207375,2181.5498518329114
35,665,-0.5805014379354061,0.3484185203448101,2.2823805101360293,0.3803738066624048,1.1324047801018562,2243.144649582915
36,684,-0.8612495081788989,-0.3979351215102916,0.22968529265908405,0.3800500123893552,1.138404325664113,2303.107427916024
37,703,-0.576695879969443,-0.2933891419870354,0.15247784604221923,0.37976751640294426,1.144686789030236,2364.1580265408847
38,722,-0.6359344738980388,-0.3052279877205888,0.18902694077342203,0.3794818819522472,1.1505406065835595,2426.909600832965
39,741,-1.1308000890077787,-0.3914128626637944,0.276955275836522,0.37911610206629764,1.1568568804807315,2489.3119136248715
40,760,-0.8072998033476315,-0.3567621969693894,0.1930828909439659,0.37887460140112317,1.1630647071388862,2551.1112447909545
41,779,-0.9434491629934865,-0.49109576579673725,0.22703831056667845,0.37920207376248,1.1698295823612923,2614.5282164579257
42,798,-0.8763215662567978,-0.47608069109311274,0.2241620911672169,0.3793869737473289,1.1762094781603718,2676.7790485830046
43,817,-0.9112345607155499,-0.5592819665143652,0.22285327251057155,0.3795332878267796,1.1827660398915936,2740.4155394579284
44,836,-1.2231500165508526,-0.4615939682843501,0.28545804078849285,0.37965921244580775,1.1893024137510582,2807.0373983748723
45,855,-1.0419416095049607,-0.5628430213564964,0.25943064513343495,0.3799975942764721,1.1955683032897073,2868.6521974159405
46,874,-1.0134002276274856,-0.6496527008957833,0.2910976239109838,0.3804874805537533,1.2023245216502643,2932.334067583084
47,893,-1.2868695128329044,-0.6491099413073906,0.3169028607357779,0.38111027750748006,1.210354036257742,2996.963073707884
48,912,-1.1841508126409321,-0.738849880439083,0.27796509961952426,0.38163460955374356,1.217704715294395,3057.430016249884
49,931,-1.1385758305458245,-0.6414054773541573,0.2855167414760067,0.3820017648648862,1.2249645114155254,3117.194699374959
50,950,-1.18352796715725,-0.5875989340909709,0.3069667024191127,0.38224068012363127,1.232069040509804,3177.5694178750273
51,969,-1.2852791433205448,-0.741989933611153,0.23921436102237087,0.3830992016589502,1.239554380280391,3236.535730957985
52,988,-1.3588118765804609,-0.6170879304343517,0.3584113207170241,0.38370957319381566,1.2466938637620488,3297.8724675830454
53,1007,-1.4946812053192335,-0.7527440961031603,0.4081240650184936,0.38405088795717895,1.2537929922346247,3358.4755677080248
54,1026,-1.3547082562884825,-0.7375708884377216,0.3803005908077989,0.38423514383524876,1.2610249230311397,3418.3317493330687
55,1045,-1.3556238277768582,-0.8003057775551586,0.3498875467792699,0.38451072892235405,1.2682609481677531,3477.099780249875
56,1064,-1.4784810709419594,-0.7237069714110971,0.36751528455322713,0.38494078796237596,1.2753071948405155,3536.7445277909283
57,1083,-1.37154840366005,-0.7688578790230056,0.3423567206434824,0.3851971213154135,1.2821821549175545,3594.913329582894
58,1102,-1.3479231751702647,-0.7304557854148598,0.358254177373836,0.38524825849670163,1.2892412738616985,3652.7580079159234
59,1121,-1.2436068405775647,-0.8051095266021963,0.3014965121279985,0.38540440204312815,1.2964590582083826,3711.2433779998682
60,1140,-1.391425211017804,-0.8922973283534238,0.36225206281305306,0.3853864450504171,1.3032037905632388,3770.806511832867
61,1159,-1.4391577947510097,-0.7861654556618056,0.41484499008269143,0.3856679203164355,1.3101347090657167,3831.9651926250663
62,1178,-1.4871062507623485,-1.0629172277289298,0.3663416560164869,0.38593371777327184,1.3171138902788229,3892.5498815830797
63,1197,-1.4081831146295967,-0.9644677896744356,0.3175413116541113,0.3863176489792984,1.3243971732407758,3952.679338790942
64,1216,-1.2502570997817601,-0.7092827748753227,0.40839179424648187,0.3867277220374418,1.3317267380492126,4011.8734412910417
65,1235,-1.4653780980305688,-1.0932892200475792,0.2364118368437997,0.38737395162583305,1.338833979238086,4072.256373165874
66,1254,-1.4007719632013726,-0.951251701328223,0.4024656427436364,0.38768493519856484,1.345611816831227,4131.746726582991
67,1273,-1.3820211109142662,-0.9675105833238291,0.40513294487701157,0.38792831067281797,1.352171609112898,4190.805361791048
68,1292,-1.2866064736749045,-0.8518028481301115,0.38416727829727854,0.3881607054709034,1.3589290849370446,4251.141573499888
69,1311,-1.3172369761657023,-0.8904422877051105,0.4316419841333657,0.38818221825846166,1.3652211832481003,4310.110305582872
70,1330,-1.550624180755812,-0.8835222060929936,0.443722410356937,0.3885956708248565,1.371097768278959,4370.193733708002
71,1349,-1.4205416373618132,-0.9580005941491804,0.40230042960189827,0.38902913539270645,1.3773287805844687,4429.326353125041
72,1368,-1.4111511311406497,-0.9385698505220522,0.413558856730835,0.38959591889068146,1.3829092914111736,4489.077419999987
73,1387,-1.5139723622505832,-1.0147228403045876,0.5032872003570079,0.3899476718374549,1.3885517468497526,4551.323041958036
74,1406,-1.5252439588564144,-0.27586743443245626,2.458067454911517,0.39042341127572,1.3947674539275368,4616.852024832973
75,1425,-1.449476519758857,-0.5199666993189468,2.506575060646682,0.3910081262430129,1.4011300192424347,4678.40736000007
76,1444,-1.3984449974947353,-0.7932413459421008,0.4877397275211032,0.3917068849897395,1.4072877178485115,4739.158512624912
77,1463,-1.4999866851412609,-0.5502284434988878,2.511722295819208,0.39259060841294374,1.4130437447311108,4799.396041207947
78,1482,-1.5287803516438272,-0.49377467476276476,2.500537297819409,0.39364633290040746,1.4187486096433117,4860.203063125024
79,1501,-1.540107041495939,-1.0255635425690393,0.3648475372845267,0.3945979177495067,1.424297967215659,4919.1338324160315
80,1520,-1.4601907689623514,-1.1401100497434324,0.228415982208305,0.39542456668673287,1.4298108296094805,4977.748702791054
81,1539,-1.5580082031389804,-1.1792658315401248,0.3577546904298687,0.39650316556609927,1.4354935842193157,5038.532445790945
82,1558,-1.5333676857090728,-1.0931240705698784,0.3490596290505068,0.3974656976083646,1.4413634536421214,5097.603145624977
83,1577,-1.4583811211144821,-0.9505364839266679,0.3971717341799203,0.39809461952603065,1.4468380651959794,5157.699908500072
84,1596,-1.5561798829233346,-0.9580032486181352,0.37373474636905285,0.3985475639214405,1.4523980838656192,5217.697158624884
85,1615,-1.5386998697994825,-1.0397908276959056,0.43735838746546823,0.39885419362078045,1.457914117142074,5278.672528290888
86,1634,-1.4341067028460737,-0.9093958119793565,0.44478196041126083,0.3991862959350738,1.4634802994611018,5337.411744582932
87,1653,-1.4175365016353911,0.2290472535493903,3.3733133395321437,0.39900221967894567,1.468616920525336,5396.1653412499
88,1672,-1.5504022137194466,-1.0892185258271836,0.33319854229381246,0.3985239772414351,1.473366096874307,5456.98368024989
89,1691,-1.4920703424422204,-1.1041227435911687,0.3437397597078311,0.3976978573723992,1.4778252543839476,5516.769244333031
90,1710,-1.402849384836209,-1.1653473477791119,0.20391885871234378,0.39700468613866896,1.482224865908185,5575.019553249935
91,1729,-1.4402643170617297,-1.065519963281527,0.32171898956345063,0.39639771786431854,1.4866322993779841,5633.842406457989
92,1748,-1.5577957298079195,-1.2391837770761303,0.2281018879165205,0.3959738177584367,1.491462240916407,5693.248987541068
93,1767,-1.5552627915254362,0.026441044213428026,3.439328332758636,0.39556042643964723,1.496221238581039,5753.010505999904
94,1786,-1.5663869868457585,-1.261037602235951,0.26379258618253076,0.39506736689280975,1.5011596058334262,5813.803556165891
95,1805,-1.4917343219768684,0.644965466221141,4.06690759423654,0.39460006879363113,1.5060803211074154,5872.748150290921
96,1824,-1.5057847513359155,-1.016138053377678,0.43799486893528516,0.3938893642902784,1.5112042997083373,5931.990489291027
97,1843,-1.4509014628851986,-0.49673418066775676,2.5004529696334785,0.39308946382629206,1.5160004266731315,5990.814194208011
98,1862,-1.4037408891203738,-0.5447436268800259,2.49546699045063,0.39245332743541367,1.5208050748877855,6049.784077124903
99,1881,-1.5449183725135915,-1.100340729682362,0.4540963775764568,0.3915689325528687,1.5253747827115935,6110.912709333003
100,1900,-1.4194498818897285,-1.230370563287633,0.2130679539011461,0.39051656847366467,1.530063560629842,6172.011121040909
101,1919,-1.4360797925523716,-0.6747116935255407,2.522577789269201,0.38927456814579625,1.5345115457459106,6231.1064670830965
102,1938,-1.5348510943093645,-0.4682794399334895,2.5009153127713737,0.38809424049848146,1.538806699362443,6292.5301274580415
103,1957,-1.4390355437379405,-0.9935051086574994,0.37539052352368096,0.3872586314094488,1.543660448284433,6353.963493749965
104,1976,-1.5451784876163481,-1.033127379269748,0.4001840197488575,0.38640334325622594,1.5484410591295106,6417.824665291002
105,1995,-1.496504049288843,-0.9113326732100511,0.37366651165684756,0.38559044969131984,1.5529095398099362,6478.5595860409085
106,2014,-1.4261868702192961,-1.1460458952487642,0.21060957365982222,0.38479224653410204,1.5569832156347483,6539.045413041022
107,2033,-1.4391042837027301,-1.032300415018542,0.36191581488784397,0.38373379420158993,1.5609361165308269,6598.283632375067
108,2052,-1.4651456035302086,-0.6027800359031934,2.514815543898467,0.38315326212877227,1.564890032136401,6658.5625312910415
109,2071,-1.4644820916487946,-1.082112443863911,0.32761895356529674,0.3825706129527955,1.5688567100521482,6718.197216208093
110,2090,-1.4540240384181402,-0.9962292698169124,0.4147678632006973,0.38208527339228676,1.5728744839010935,6784.036836332874
111,2109,-1.5536901812704622,-1.1564203682421623,0.3608769855073433,0.3815415465731899,1.5767320954396833,6846.052940707887
112,2128,-1.50963997740062,0.09023321544016544,3.418576861755808,0.381043923276984,1.580491901739279,6905.152469624998
113,2147,-1.4686944644839386,-1.0417445707662527,0.452587011497905,0.38074424342784363,1.585119887064505,6965.075245165965
114,2166,-1.493193440665718,-1.1864509760966415,0.31832455639583707,0.38062110927094855,1.5886819228333224,7024.739703624975
115,2185,-1.5523095006402068,0.03863055005120422,3.437622102078771,0.38046765535208893,1.5928157554131102,7084.767183250049
116,2204,-1.532351139212352,0.5451014166042063,4.101739685795048,0.38036145168943924,1.5965118215622442,7143.627260999987
117,2223,-1.465824866403521,-1.1685116993716993,0.2761467385325002,0.38023021565343007,1.600916045709949,7209.144437415991
118,2242,-1.4990990448353152,-1.0955686258150117,0.28421555132890186,0.38000152671472437,1.6047073767143185,7272.301786832977
119,2261,-1.5387038106659308,-0.47079960479740757,2.503036885707718,0.38004553202663094,1.6086330114943375,7334.733536957996
120,2280,-1.552062687125277,-1.2130972808574867,0.2952408374448279,0.3800410179730736,1.612821645997465,7397.058909666026
121,2299,-1.5467606016659197,-1.3152835873337791,0.20056219180532572,0.3802028665566566,1.6160398414523103,7461.432791624917
122,2318,-1.4997752436811398,0.030291221352576243,3.4305870420757225,0.38010259571308685,1.6192105318010737,7524.238883082988
123,2337,-1.4528477426563997,-1.1346978612214134,0.36519261097748407,0.3795574334405151,1.622642512000901,7586.2906737080775
124,2356,-1.5426169770034868,0.04395908769295216,3.4285367929117845,0.37881378899316914,1.6260653045871885,7647.65686729108
125,2375,-1.5530958571840987,-0.08511326322201733,3.4626890914299286,0.37803404506494104,1.6291081474632096,7707.968063582899
126,2394,-1.440973837080879,-1.2322289077807933,0.176764209566845,0.37751027898184497,1.6320454254515664,7769.063045207877
127,2413,-1.4637121629739243,-1.1716607658144529,0.3162866430945503,0.37673474850447175,1.6347582816229875,7833.746996582951
128,2432,-1.5401601318544245,-0.11683176174471631,3.474318684807261,0.37554063189593073,1.6376397782726864,7897.015142082935
129,2451,-1.4688156383617637,0.46863384870970204,4.129350152004366,0.3745562384515523,1.641024306059366,7960.405887583038
130,2470,-1.5523773371354954,-0.7107848273364323,2.5280658535058627,0.37343939483796684,1.6440511962412656,8023.236207582988
131,2489,-1.5513848108623778,-1.1955454405787405,0.5736814784666022,0.372451145535554,1.646261303747235,8087.759241499938
132,2508,-1.5568172018630095,-0.760293744689195,2.542273459105332,0.37126160509403794,1.6488101202805885,8153.406590499915
133,2527,-1.5506693672640974,-0.7657593150998224,2.541295979564555,0.37042594484258745,1.65143048663964,8220.475820790976
134,2546,-1.587310675945667,-1.329816120207375,0.24595795548103097,0.3695525007213417,1.654227833088005,8285.573584208032
135,2565,-1.5225677260974644,-1.2526672049402765,0.261949074855474,0.36882808431295505,1.6569085084034785,8349.903962957906
136,2584,-1.5735195124065733,-0.6554529306858817,2.5278373113535175,0.36803562228768993,1.6595112864332326,8414.788999791024
137,2603,-1.5946963180986655,-1.3385647648131298,0.17616175468973594,0.3673761976995676,1.6618444552403455,8480.00286495802
138,2622,-1.5690429215507242,-1.3731668197968356,0.1450044157594149,0.366887606687416,1.6639504670983876,8548.23837783304
139,2641,-1.5501587274686761,-0.128894326166728,3.479915627963543,0.36657853972291665,1.6658507109625817,8620.54811337497
140,2660,-1.5544775522461682,-0.6888328120065761,2.525566505138872,0.3660520804389128,1.6677879971643745,8685.496232749894
141,2679,-1.573409606381781,-1.3582733821742636,0.15334774191615924,0.36586681606451343,1.6695609076915137,8760.49102933309
142,2698,-1.5608286857259417,-0.1347188041520211,3.4797194803041,0.3654337223439808,1.6708877745992519,8827.130698707886
143,2717,-1.5896034572295088,-1.3615090631745572,0.18736654113105727,0.36517439760829645,1.6725472479537722,8910.310801124899
144,2736,-1.5527753105424518,-0.1410603513711345,3.484288386486152,0.36521140836630267,1.6738785824276523,8984.163419458084
145,2755,-1.5573619553437812,0.42036098972779884,4.150141694113878,0.36539858351918075,1.6749181446278256,9065.973505333066
146,2774,-1.5339768581032018,-0.7645736795749278,2.53918541968825,0.36584568734249245,1.6763128984410596,9139.20536083309
147,2793,-1.5740339099516865,-1.3517540927167477,0.2579790960052829,0.36615160452241724,1.6778240418858699,9205.440021750052
148,2812,-1.5373445762871887,0.43601548021727343,4.14297641848053,0.3669222444676578,1.6794112286627485,9268.094566958025
149,2831,-1.5555497607158255,0.41887980282225473,4.151452227181232,0.36766461736531214,1.680726975497096,9333.851328416029
150,2850,-1.5642226425496846,-0.15937729460786976,3.489807595289731,0.36798553781112436,1.6824550567657734,9398.114260666072
151,2869,-1.5793887799207749,0.3933048845052185,4.161801243928797,0.3682351085335185,1.6841258066375517,9464.231867874973
152,2888,-1.5909081598006445,-0.7430462938479525,2.54871266645597,0.36857893557049193,1.6855171874612223,9527.906560832867
153,2907,-1.5804223171131655,0.43237163124398476,4.146762963145443,0.3688342260168055,1.6870030828367675,9589.815071790945
154,2926,-1.5655875177649108,0.5686193096636849,4.101103761295286,0.36868173957256767,1.688230553454494,9650.156210707966
155,2945,-1.6150769275279764,0.5481284121787943,4.110595517264501,0.36838369870894105,1.6897121429711983,9710.29283516598
156,2964,-1.553707215303466,0.005912027053896841,3.464046161982184,0.3679446707372004,1.6911203507938288,9771.906090457924
157,2983,-1.617948613352663,-1.3492045607693073,0.34119741852651864,0.36756996821487714,1.6925664275405858,9834.966576040955
158,3002,-1.5636180836645002,0.4407359280695994,4.143700669264885,0.3673836654679401,1.6937422674027973,9895.714276249986
159,3021,-1.5977501995246923,-0.7237221306509825,2.553743566780706,0.3667690351618216,1.694858310225919,9960.922723666066
160,3040,-1.5997005480964201,-1.453278256450991,0.10926930871222863,0.36635497097468195,1.696268483481531,10027.267907249974
161,3059,-1.6435892291081124,-0.22354243442328256,3.5188740273772026,0.36570448333411654,1.698048770255619,10092.238334666006
162,3078,-1.5838496836379177,-1.4020945977997206,0.25156557022124737,0.36552135550637926,1.6996638432814848,10167.867366458056
163,3097,-1.5919125436949875,-1.4355997362140147,0.09795418768981698,0.3652847114498287,1.7009497844187669,10235.148968457943
164,3116,-1.580147129333211,-0.20394604336823396,3.5033442826255086,0.3654449673702941,1.7020468407285865,10300.995809375076
165,3135,-1.5646848275528642,-0.6923157396198821,2.548446988433836,0.3657418915738639,1.7033589900950785,10364.61627124995
166,3154,-1.5784953116655185,-1.309762208469919,0.2580637300486147,0.36594886175949126,1.7046657293634295,10429.71466645808
167,3173,-1.5486372652947296,0.380388635097245,4.166012069670106,0.3664031525472672,1.7059350005539429,10493.68869379093
168,3192,-1.632686025469571,-0.2641235636640509,3.522025567403583,0.36694214333666997,1.7071117538381302,10560.937303333078
169,3211,-1.5962893031253786,-0.19522611493558656,3.4985697224852728,0.3673618692110985,1.7090106845299666,10628.902160000056
170,3230,-1.6019896287365674,-1.4200762021508884,0.23466811638891408,0.36822858614761794,1.7108424900468053,10695.747816124931
171,3249,-1.5998560317489572,-0.23328919980946983,3.51643820843127,0.3692829482372705,1.7122925009668797,10765.543764374917
172,3268,-1.6117521947868712,0.3656893500873636,4.175345013496956,0.37035304371642236,1.7137665220476284,10834.153197499923
173,3287,-1.5985798455773148,-0.79726777166615,2.554670110234879,0.371605984914816,1.7152091675264902,10901.132938165916
174,3306,-1.6498592832652133,0.35469940451064486,4.179302100258929,0.37295484951431707,1.7166732021682887,10968.818669790868
175,3325,-1.6488047089297142,-0.29100012711537976,3.531692347446139,0.37446558905130306,1.718223628079447,11038.562663499964
176,3344,-1.6420613646127507,-0.7592295747244151,2.552753626469694,0.37552852844013573,1.7200022168968554,11105.316342832986
177,3363,-1.6870820015860941,-1.5110677745027417,0.11969525104006731,0.3764723784702764,1.721643169540946,11180.083217832958
178,3382,-1.6750112396429069,0.3543131462417636,4.189941800582163,0.37756275438681947,1.7233245240560284,11252.387968250085
179,3401,-1.6386179082972,0.3964518104710464,4.167089557154429,0.37884846660773897,1.725499596819211,11320.663405665895
180,3420,-1.663609336353911,-0.7574578754688412,2.553363006042691,0.379932232394594,1.7272242319459892,11388.789492290933
181,3439,-1.6791098499515869,-0.212447136269199,3.5160860186580796,0.38123704843461886,1.7293753005879338,11457.066920415964
182,3458,-1.6495087812632079,0.3355557984931267,4.187185714747459,0.38171921225334837,1.7316042636238318,11525.23680445808
183,3477,-1.6720400847929398,-1.503739732844743,0.09491714839105206,0.38242239891701185,1.7344422259314314,11596.675362708047
184,3496,-1.6832851948410177,1.5890300608189167,5.030171853692651,0.38288121341435644,1.7373616028551309,11663.71815612493
185,3515,-1.6997562474825791,0.33442319348161914,4.190556282324216,0.38324513916146324,1.7396639033220545,11735.243912749924
186,3534,-1.7382765468069783,-0.27919255527998016,3.527549292995612,0.38336830771830155,1.7418798902638513,11807.130021749996
187,3553,-1.6931667149013219,0.9020333754217669,4.699086442815338,0.38343185233905114,1.7440709353940071,11878.924079040997
188,3572,-1.5921306138762787,0.5048351542886301,4.126539913239503,0.3832218115236949,1.7459645704104103,11945.861602915917
189,3591,-1.611454853108797,-0.2841880075155604,3.529323195191708,0.38283106476671164,1.7479767241057897,12017.394258457934
190,3610,-1.6218589443744609,-0.8946482086120177,2.5693128093465476,0.38252719598011103,1.7500279860618413,12089.258891915902
191,3629,-1.6711765450272713,0.9845495638633215,4.661817181836062,0.3821973214647599,1.7515362951676208,12155.530009625014
192,3648,-1.8008584023933887,1.5917545617890605,5.027564693003906,0.3820153460313327,1.7530962075548284,12219.429793541087
193,3667,-1.6488751557826555,2.212680910183892,5.2968646013663525,0.38216012943401323,1.7549619156898033,12288.201302458066
194,3686,-1.6941036596713106,1.619476148305275,5.015410440784364,0.38203538518678376,1.7563637022434138,12353.741063582944
195,3705,-1.6004635922145702,-0.8106210083615338,2.558304193848719,0.3815496962128468,1.7579254597922633,12422.51841333299
196,3724,-1.6319173660217468,-0.7656174684572951,2.5478527975511316,0.38150354139449005,1.7594253369783568,12489.260690832976
197,3743,-1.5961032306947063,-0.8275199325838356,2.5546165389580215,0.38094876781305453,1.7610364541003236,12556.922696375055
198,3762,-1.6056711546784044,-0.23612507215222434,3.5136530527736416,0.3809546541304565,1.7622794132727828,12625.577950041043
199,3781,-1.6803331878043046,-0.20913933622780423,3.513742628748234,0.3811916210864927,1.7631544820917782,12692.521048290888
200,3800,-1.7067705795300139,-0.06487937261437059,3.4784560709817343,0.3809230665739639,1.7639063607103553,12757.804899374954
201,3819,-1.680313899128734,-0.8353482205992987,2.5591916960816485,0.38051554672215576,1.7653450404269124,12825.241176374955
202,3838,-1.6968265876993076,-0.8259659713911579,2.5608136752800843,0.38011998474632974,1.766274977863744,12892.169745333027
203,3857,-1.7568263285390717,-0.8523052414369013,2.5652268618832683,0.37923065969395264,1.7671366252630074,12959.809614958009
204,3876,-1.6743269070452147,-0.8993765494986731,2.5710858082912047,0.3785115662851839,1.7678817697104734,13031.040440249955
205,3895,-1.635542470997044,0.04410892633405733,3.44909095191434,0.3778784628811236,1.7687878324545885,13096.181657665875
206,3914,-1.6057615900611255,-0.7981891111141877,2.55150621965841,0.37705700283281046,1.7695759966952715,13161.96675116592
207,3933,-1.6174546459988415,-0.12382628713386473,3.4984367764983664,0.3765233881277084,1.7702954677393603,13228.391317083035
208,3952,-1.651577323161158,-0.2083362260442066,3.505277177768547,0.3759849216578677,1.7714056048305316,13294.064114457928
209,3971,-1.6381891735079561,-0.1924741692563053,3.5101721121708125,0.3752593593700941,1.7722818611307667,13360.321973541053
210,3990,-1.59280258695318,-1.2400876695784937,0.3182099786526443,0.3746648767307171,1.7730773364144445,13424.247619915986
211,4009,-1.6053261282396996,-0.7498954065900997,2.548351589908227,0.3736604473447033,1.7734626480043538,13490.490809165873
212,4028,-1.5913943709189944,-0.2852362620732092,3.5288445467286746,0.3725007781578227,1.7739716005238837,13562.301580790896
213,4047,-1.6213151569085502,-0.25515623139227595,3.520520414631671,0.37127131276213327,1.7754048916835525,13630.74719491601
214,4066,-1.6230693347501495,-0.2586895326659314,3.521281010294318,0.3700312255269393,1.7762905728841687,13699.015630540904
215,4085,-1.6250668211878425,0.40596516638340285,4.167950242416702,0.3686909928308721,1.776958715663279,13768.828624082962
216,4104,-1.6175731791834558,-0.21925266290128756,3.512975398574954,0.36763776020238,1.7776604624142498,13837.565879208036
217,4123,-1.6295280494032136,-1.5623057194448478,0.0682380341839061,0.36648061203286725,1.7782250827780683,13911.37585929106
218,4142,-1.663609761670278,1.4799636209999805,5.092114732209552,0.36500454657331677,1.7793538925427193,13979.986257707933
219,4161,-1.7955880811783924,1.0427507544009764,4.643980465238677,0.36357088958465134,1.7810572837346408,14046.574045415968
220,4180,-1.6191573595121023,0.9680043426863735,4.667099330868912,0.3621394944450405,1.7820831014355436,14113.412672583014
221,4199,-1.6265677437229016,2.0792240516186986,5.38129832252455,0.36100418557340946,1.7835887723876431,14181.31495266594
222,4218,-1.614057492272031,0.4054429900070771,4.167397799379467,0.35948387191378056,1.7848636331104248,14248.640007582959
223,4237,-1.6865705702183522,0.8715218940197128,4.714736464023629,0.3583774919691082,1.7862694126407543,14319.676265832968
224,4256,-1.6232054641213214,2.7622399607206076,5.53050730797392,0.3574200857560385,1.7876095785804293,14385.483185166027
225,4275,-1.691118184388082,0.2832749667691401,4.208721031556318,0.3568369879896186,1.7893736139923213,14456.22049654089
226,4294,-1.784974365655657,-0.37489211079267476,3.5593117308725133,0.3563568267197013,1.7910377029836553,14530.274058250012
227,4313,-1.7726207286663644,1.4772629253258702,5.09378495042225,0.3556789882012143,1.7931364355604489,14597.824931249954
228,4332,-1.6395337443298068,0.338480028900284,4.193135870076704,0.3548556328428072,1.7949269427706647,14665.904317958048
229,4351,-1.6905987284611363,-1.5296948112482145,0.11193956318897329,0.3537740509577136,1.796812118251342,14737.810522290878
230,4370,-1.6457836242320827,0.8795400398108599,4.710119814670623,0.353000527714639,1.7987546443051292,14805.155732749961
231,4389,-1.6456516767504166,-0.9402809387339652,2.579823706070506,0.3521125343292146,1.800735288279712,14878.180677040946
232,4408,-1.6898253728081079,-1.5880436761307875,0.03598235683573619,0.3515715583328405,1.8025472724476594,14955.236446625087
233,4427,-1.9213410894477083,0.2264510458313844,4.233314762474346,0.351040893361364,1.8046210999948153,15029.351294416003
234,4446,-1.6450253917090754,-0.3667768253059143,3.556105905966067,0.35027443510544004,1.8064497613308585,15102.490418083034
235,4465,-1.7103230639023996,0.8844067742635493,4.708019557855919,0.34958422900875513,1.8089704932950088,15171.288592250086
236,4484,-1.6791652100838474,-1.5303612376344458,0.10774943367633376,0.3485446882719158,1.81125112857892,15244.075354832923
237,4503,-1.629094818238765,-0.9581814174752286,2.58344050729827,0.34760928691236087,1.8131019828628276,15319.093318665866
238,4522,-1.6512162516967894,-0.9410666082310781,2.579957727067324,0.3468901592713483,1.8147574207340378,15394.456336040981
239,4541,-1.7949975838042072,-0.9935430318499598,2.5920726386157282,0.3465445940175794,1.8166364863899986,15469.833841082873
240,4560,-1.9151665309955774,1.5595441164664179,5.064173865634403,0.3461625985783285,1.8187190653221876,15538.870877499925
241,4579,-1.6607654849423419,0.8696409843811858,4.715225532700449,0.345954998289244,1.8204252946331894,15611.775266750017
242,4598,-1.7698713407461684,-0.34740708496258393,3.550367274954292,0.34561078852550936,1.822231428493671,15691.048578999937
243,4617,-1.6263590803447885,-0.9514268646074486,2.5822559542818246,0.3453918123983995,1.8236824015101922,15770.903362916084
244,4636,-1.6361584769192525,0.883656292653884,4.708104922923401,0.34511956425880935,1.826275386782771,15844.37364062504
245,4655,-1.7000364209327756,0.23127034545239397,4.230133415188601,0.34513113421112557,1.8282733904057988,15920.553128957981
246,4674,-1.7183441999313782,0.24093250231468777,4.225978310127029,0.345072794363099,1.8303837157319243,15994.161766665988
247,4693,-1.6456635990751307,0.8684035431119327,4.715718170741601,0.3452403030646495,1.8326180364116051,16064.728910166072
248,4712,-1.8359257875155333,0.22843931320432145,4.232067520918453,0.3456264891705816,1.835681501379391,16136.221980625065
249,4731,-1.73930557784922,-0.3110321237278798,3.539007040698003,0.3459296348506904,1.8381634852532152,16208.719305749983
250,4750,-1.6307492352101303,2.0768480054374145,5.382805085150329,0.34629044258816716,1.8403857449550605,16279.644664458
251,4769,-1.610682036367102,-1.5354181033584542,0.06940932070934272,0.34660976180234354,1.8428427901213893,16355.302655915963
252,4788,-1.6173544489207305,0.8796178757537857,4.709933615432396,0.3464885531906355,1.8457820685447086,16425.701936540892
253,4807,-1.6246962335535766,0.2743155251468193,4.212153279947289,0.3463747612803375,1.848296359080975,16496.985244875075
254,4826,-1.61122356453052,-0.2809095236291927,3.5399642732235193,0.3457644625088098,1.851455895196004,16570.362604083028
255,4845,-1.6409045920183303,-0.33684597571178937,3.5464411900756505,0.34525236745699633,1.8547399143246408,16641.255516916048
256,4864,-1.6605607840624081,0.2821684800915931,4.209793555340331,0.3446350704756261,1.8581006399030395,16711.392446582904
257,4883,-1.7012488400313641,0.269991122871009,4.21404559075807,0.34425480329375807,1.8614819040726862,16784.302195833065
258,4902,-1.687880473074201,1.5669581964233528,5.051796731176873,0.34425509053471987,1.865109197565822,16850.66034545796
259,4921,-1.6539183092561691,-0.9181625312296715,2.575268248107208,0.3444321876425965,1.8683450005448103,16923.430335249985
260,4940,-1.8434165282711703,2.7465525440669523,5.543194127773068,0.3448802396996684,1.872280451962189,16988.735708208056
261,4959,-1.59531612758615,-0.19396439211032027,3.5116195506995798,0.34495791518750535,1.8759155037524429,17055.813550041057
262,4978,-1.6327477130182233,0.8885089998869922,4.705408060545708,0.3450011282096039,1.8795348694446405,17125.83134470787
263,4997,-1.6857968951769156,-0.8627828335286213,2.5742841557473244,0.34479118829494937,1.8829190133677998,17197.308149083052
264,5016,-1.9044783206059912,-1.5694460688568694,0.10658150805227469,0.3441809329728477,1.8861904752278045,17272.773002249887
265,5035,-1.6212073776624463,0.8964904055184928,4.701411720034169,0.3438798638248846,1.8897667462186667,17340.597157625016
266,5054,-1.6884407206892211,-1.5545682357032848,0.10923415648771012,0.34355098813762336,1.8929482753807396,17412.46664362494
267,5073,-1.696506223852591,-1.5359116590571718,0.08600633531614058,0.34329052831070783,1.8964953750850408,17484.83811987494
268,5092,-1.621437784511337,-0.8739372288769021,2.5746866655541174,0.34308041068150824,1.9002391145987803,17554.701063791057
269,5111,-1.656728302898868,-1.559378152327038,0.07311511405609927,0.3429798832635885,1.9038557920106165,17626.397572000045
270,5130,-1.6758099160652336,-0.9100943874575956,2.5772301127306476,0.3430089649869046,1.9074351566983645,17697.27949920809
271,5149,-1.6551922163915522,-1.5342253772444365,0.07388227850728728,0.3429320584082497,1.910629210224848,17767.534200415947
272,5168,-1.6554333579198506,-1.5227778171802882,0.09011476691426164,0.3427583510674624,1.913577246650255,17838.655369916
273,5187,-1.6575261057349655,-1.50424669300059,0.1533408349785016,0.3429937684234894,1.9165904431874163,17909.849819916068
274,5206,-1.6156147083921413,-0.8241467906997263,2.564929001958598,0.34313517349780487,1.9196963229858932,17980.386566333007
275,5225,-1.5916936633866792,-1.3974648339442772,0.2610150917415562,0.34315441964888477,1.922546356054445,18048.381770000095
276,5244,-1.671570087869993,-1.5442300086994847,0.08053142309595436,0.3433458134346957,1.9256465753591208,18120.635987207992
277,5263,-1.6670119975374904,-0.8610922205165676,2.575314128606983,0.3433067103049617,1.9287908478547613,18189.232933250023
278,5282,-1.6537716960681772,-0.8690720089611196,2.56622278800299,0.3432979017424533,1.9312259749174372,18258.591217125067
279,5301,-1.6900762010325527,-0.8773734724807296,2.573815652663592,0.34327162057360394,1.9342327079806976,18326.232228915906
280,5320,-1.6710723761612796,-1.3303542035452962,0.3313837403596073,0.3431521576743754,1.937211875282703,18392.774213416036
281,5339,-1.7026690120205794,-0.22649044686343262,3.5147376779018664,0.34329858288109466,1.9404569325204615,18459.205013790866
282,5358,-1.6238085160740177,-0.8289623248351083,2.5630903738438797,0.3432948539629977,1.94374504171734,18526.062907832908
283,5377,-1.6644707499587845,-1.5152300441476958,0.09258767971923818,0.34302388338592027,1.9460524400872519,18597.503090957878
284,5396,-1.6904573214104213,-1.5214223332964896,0.1286829631212908,0.3429631017300152,1.9489882533763645,18667.547440666007
285,5415,-1.6476762898578343,-1.511164848001415,0.07012235946065534,0.3426403965104993,1.9514449598408234,18740.63636287488
286,5434,-1.6454283139765966,-1.4572176101431296,0.32785887085300414,0.34230247925545654,1.954092316306129,18809.391140124993
287,5453,-1.718924856100151,-1.4568969144993844,0.25945237787195946,0.3420291039734493,1.955904021685049,18878.336802500067
288,5472,-1.675778346320616,-0.9403794816311363,2.580315671048349,0.3413454771996625,1.958212069905836,18951.647726166062
289,5491,-1.6426890512531696,-0.8339173781909701,2.561199141086518,0.3404680629772833,1.9610982861122082,19024.104345041094
290,5510,-1.668008344003601,-1.3790258527263384,0.23802810346536077,0.3398022286976949,1.9636822218988503,19089.82913762494
291,5529,-1.6328052996536053,-1.475361791981532,0.12924881596254492,0.3393037052560071,1.9676114988969335,19158.409767207922
292,5548,-1.6680793030548253,-1.508601733267128,0.1093166980529205,0.33819480555656883,1.9705010538455547,19229.596728832927
293,5567,-1.6741256427287778,-1.4674339097971263,0.1309723265157366,0.3372073213299486,1.97314154006051,19297.653135665925
294,5586,-1.6389585629725545,-1.4962671055565036,0.09759930797287296,0.3364746184946899,1.975704579180058,19366.195064458065
295,5605,-1.6406664627573937,-1.4319041494895373,0.18847061587038014,0.33576337244870935,1.9779697747764466,19432.22322870791
296,5624,-1.6643943564044825,-1.4819078433584638,0.12921720962231617,0.3348671302229471,1.9806898636991066,19498.34623933304
297,5643,-1.6085215773124713,-1.27244599018785,0.364977959612507,0.3341112066199457,1.983426330035721,19561.921945750015
298,5662,-1.6725186123024596,-1.4180699296678854,0.2764073090746789,0.3331658625575351,1.9860181186687216,19627.40500691603
299,5681,-1.6417777915538148,-0.7214062972533389,2.5485777861862093,0.3325160477642932,1.988381511439167,19690.81090116594
300,5700,-1.6517220707108526,-1.5245096162224478,0.12020392803034473,0.3318415478083519,1.9902439634090177,19760.97758749989
301,5719,-1.7705937303201287,-1.4793057931926845,0.2373732920103108,0.3313072729662772,1.99223612171718,19829.595777124865
302,5738,-1.6116625345463884,-1.3611421225145162,0.26556289159439816,0.3304678281940523,1.9938836001188485,19895.345365332905
303,5757,-1.674022580646585,-1.472370881291827,0.1768212651001165,0.32982090676873743,1.9954290635421306,19961.39175037504
304,5776,-1.9205521140676045,-0.7843028766105872,2.56227243231576,0.3292857403277191,1.9965861126434394,20026.319218833
305,5795,-1.7083564736094958,-1.400140828625311,0.36154496031793104,0.3285775428419338,1.9979798833545546,20094.502184165874
306,5814,-1.778051997631323,-1.3340864646640747,0.4168123494034051,0.32795677240692517,2.000031027839959,20161.86651304108
307,5833,-1.6282704877815979,-0.9129884601635879,2.5744859914119202,0.32726927704959796,2.0015018498629416,20232.220176625066
308,5852,-1.7836255408180488,-1.4607918752861582,0.24055328057219422,0.3262173137725579,2.0025605289292203,20301.416752249934
309,5871,-1.715357687240056,-1.5291218588165154,0.15264586254214343,0.3260085158338936,2.0036634374197018,20374.999384165974
310,5890,-1.6495397679100927,-1.4949048809901246,0.1389554585338197,0.325482164794949,2.0045822525931016,20443.363177875057
311,5909,-1.6937041634814065,-1.541437207049843,0.10432202242332987,0.3247756087961146,2.005606163938894,20514.132737207925
312,5928,-1.6995157533680212,-1.5207192038848238,0.11675886372705366,0.3242993957324552,2.0069178729416497,20583.95402924996
313,5947,-1.8071864521276089,-0.9405334209552364,2.5816919068758546,0.32414947507659075,2.0085091388597447,20655.227739583002
314,5966,-1.6533154010664495,-1.4057728949378516,0.2847988811628742,0.3236887806604677,2.009937036263768,20723.788836790947
315,5985,-1.636575538505869,-1.4307963121395064,0.29463967148055187,0.3228871308396072,2.0109097371738756,20796.942476707976
316,6004,-1.6602637563090363,-0.29104937016241367,3.5315534454936914,0.32205182430728585,2.012111045155747,20864.702858000062
317,6023,-1.730565519184811,0.9179351143909489,4.693400702355392,0.32141125934989384,2.0137547956630706,20930.57035270799
318,6042,-1.6217998344459028,0.3503259197697876,4.18317707604226,0.3205045214231757,2.0150626578671287,20996.21364054107
319,6061,-1.9106118117289559,-0.8533919245263357,2.577779772066153,0.31951466613077123,2.01681562935654,21063.07369704102
320,6080,-1.6825798328307435,-0.8820868900715504,2.5702232438658865,0.31805811015303204,2.0174895526541854,21131.31497333292
321,6099,-1.662592456452411,0.43095672777145994,4.1577197743334136,0.31685695470792286,2.0183227130061607,21198.285965332994
322,6118,-1.6779391506779593,0.3169997684425478,4.195438771404463,0.31594498339248106,2.0189408329332066,21265.330382040935
323,6137,-1.8889782006337774,-0.8509012694265286,2.5772942568114354,0.31530710446466537,2.0197506525863265,21333.978377500083
324,6156,-1.672251697101336,-0.8566325237743557,2.5742364905444566,0.3147489788633754,2.0203556720430598,21401.029496750096
325,6175,-1.9219690692625608,-0.9214432598769191,2.5781354790688287,0.31430152872671113,2.0210025155864915,21470.250861665932
326,6194,-1.6769052949650733,-0.8973496721125236,2.5790576871867885,0.31396418175937446,2.0221225610670603,21540.82174816588
327,6213,-1.8352002017154083,-0.2785893469075998,3.534209000129898,0.3138556901279701,2.0232179226547546,21608.702979957918
328,6232,-1.858704037042704,-1.4202935372736722,0.43816411683806306,0.3138718928609642,2.024202072483078,21678.916803374887
329,6251,-1.6905467742702207,-1.4952348594349438,0.2631257805085683,0.3137451721807707,2.0254204963631675,21748.768875207985
330,6270,-1.7536081317408678,-0.9841122838650416,2.5900014925897006,0.31366523744164876,2.026822679073273,21820.241124040913
331,6289,-1.6657153324806684,-0.8862988652316096,2.5758596398949356,0.3135088796369941,2.027712264402516,21890.668841040926
332,6308,-1.6648049557551516,-0.9034587574695102,2.572127411517469,0.31328670526509067,2.0285816069311196,21960.017992041074
333,6327,-1.864220017832983,-1.4906720048779984,0.32088291966642757,0.3132906914811265,2.029589926743763,22029.602821915876
334,6346,-1.819209844767307,-1.5597291395058472,0.1283817863657792,0.31332016410833263,2.0305117333060263,22100.76635766588
335,6365,-1.8514957686569873,-1.5578528087311703,0.10012709428827182,0.31325418497541463,2.03190935316935,22170.82584933308
336,6384,-1.7514121733072834,-1.5846834859950325,0.07558559732262118,0.31310268748002473,2.0332029135341965,22244.968624125002
337,6403,-1.8744213553260716,-1.550937459125279,0.1808948112387807,0.3129848364214193,2.0343467788212615,22314.867665207945
338,6422,-1.8880355994687408,-1.5556934960426978,0.3030089086199749,0.3129624505333043,2.035497592964028,22385.733943665866
339,6441,-1.8728480263784508,-1.609624458045547,0.07788367083872359,0.3128749636407274,2.036678208415637,22461.145354999928
340,6460,-1.8896449863262434,-1.591604880300803,0.16040282616741622,0.31304412602629567,2.0377617285245098,22536.395667207893
341,6479,-1.690269389402487,-0.9987587424781053,2.5930001232852327,0.31275791522646434,2.0394489373309783,22610.69302866608
342,6498,-1.6873713195296647,-0.9875918212026221,2.5903177366517944,0.3125220170190096,2.04059512989877,22683.739489916014
343,6517,-1.8130962675824955,-0.2839402990984601,3.537751507766954,0.3123893891790177,2.041959529291913,22751.78216916602
344,6536,-1.6632155474150192,-1.4768028333911751,0.22351680914433433,0.3119883010854729,2.0429396085671945,22819.935386125
345,6555,-1.6896650451181063,-0.30276085093641447,3.5380523810587223,0.311357563087578,2.043914482606743,22886.419863875024
346,6574,-1.870293707433548,-1.6052771897374452,0.07249111595906625,0.31116716098151664,2.045347249803187,22960.014665040886
347,6593,-1.6989263420996243,-0.32732421318535,3.546363963733631,0.31088397677906693,2.0463286697236893,23029.517732416047
348,6612,-1.686375270423392,-0.9385890733145827,2.5810675149715387,0.3104998830618015,2.047359624393858,23099.055028541014
349,6631,-1.846895492009268,-1.6217448138677004,0.10736182261717075,0.31018311832052237,2.048323085994502,23172.502619958017
350,6650,-1.7172819293778723,-1.5871742372554956,0.10308730311976116,0.30937416093794035,2.0487807948720618,23245.578024040908
351,6669,-1.734198384941,-1.536725907709407,0.2769488577922111,0.30875612884075254,2.0495864147698026,23320.23063741601
352,6688,-1.6765578824816565,-1.6018676149167483,0.059339385396225464,0.30842380610377357,2.050089562275924,23392.43299991591
353,6707,-1.6677581299706832,-0.9871456209466293,2.59020201653087,0.3081328486858596,2.0505817645565196,23465.060374333058
354,6726,-1.7058317078536938,-0.9481516621601833,2.5826300391789694,0.30771869338046154,2.052004189199686,23537.913405166008
355,6745,-1.657514673694883,0.8547678274454821,4.722684016417599,0.30764670060208826,2.0535845287066716,23609.771368165966
356,6764,-1.7619547969123452,-0.961344760024733,2.5842853354579485,0.3074170897218101,2.0543775949657235,23687.612662249943
357,6783,-1.860812802486917,-0.9847130425483608,2.59023175774042,0.306986478816865,2.055299474094782,23761.37453929102
358,6802,-1.9082840656682998,-0.3735895880582127,3.560265382232209,0.3066312258701343,2.0565613427014267,23833.114668458
359,6821,-1.9736219439126024,-1.5824857580214229,0.24118459095215317,0.30638091467821826,2.0575668852012323,23906.03990866593
360,6840,-1.9491559215183516,-0.33051638226410124,3.5496881480647966,0.3062229521488241,2.0584694822716076,23977.254198875045
361,6859,-1.914532419976855,0.8745977001978181,4.715035495487662,0.30610021965395434,2.059761014039656,24045.868379082996
362,6878,-1.688539344210648,-0.3715806373777214,3.557992683667963,0.30569282195131814,2.0607382160544523,24119.042628207942
363,6897,-1.896311162210675,-0.3935049907602395,3.5663510681769846,0.305523052654045,2.062847490343821,24193.086713958066
364,6916,-1.7934084661745393,-1.5483856831653244,0.09783112798982609,0.3055125943137655,2.0639251314925735,24265.02727366588
365,6935,-1.8718820776334484,-1.0113492080961322,2.59735106251178,0.3053140285530132,2.0649731232950645,24345.21924966597
366,6954,-1.930382151503359,-0.9513020602824254,2.584959080570308,0.30540803929461796,2.0664454426338437,24418.899318290874
367,6973,-1.913805175033171,-1.6379102811321558,0.13645494840633796,0.3054955550371891,2.067853598408647,24495.927743541077
368,6992,-1.8601999078917038,-1.0359728664145518,2.6025485869626865,0.30570320210593893,2.0694853227974948,24572.381885415874
369,7011,-1.7963527609606755,-1.6020665166610764,0.07113881177372343,0.3057537970298706,2.0708079822065053,24648.146554790903
370,7030,-1.8538046966762707,-1.0037893463395453,2.5957414175695037,0.305425463569358,2.0720697330629907,24722.775254291017
371,7049,-1.7752172884849742,-0.9940910056223106,2.5924267943771797,0.30535640407525944,2.0736912264766767,24796.552541875048
372,7068,-1.9179284683259628,-0.9945835234641658,2.593577319671459,0.30525499615922236,2.075471647923571,24870.505595291033
373,7087,-1.8975887638342361,-1.6383980707612642,0.10585564823461709,0.3048290526468217,2.0770255010035283,24946.891732000047
374,7106,-1.916708606041266,-1.0508015038923257,2.607130040577998,0.3044012125886392,2.0787674850186852,25023.652204832993
375,7125,-1.8317218642644604,-1.003484724562554,2.5953797697285172,0.30394596841922655,2.080686685341324,25101.76315079094
376,7144,-1.915997925613278,-1.6390854651061566,0.09934161621733227,0.3032056854621948,2.08215824665224,25179.056097750086
377,7163,-1.885934502069277,-1.6322123746376433,0.1295008829634208,0.3023828851140203,2.0835253520053856,25256.218921832973
378,7182,-1.8586929958431933,-1.6055980301961923,0.13979909433589208,0.30134592996032955,2.084692829490464,25333.92584104091
379,7201,-1.9067966320633896,-1.6392246110131605,0.10798273048164238,0.3006414212016605,2.086013518165117,25419.384371415945
380,7220,-1.8982026848588833,-1.6670950255566972,0.11786566536515433,0.30017291104664773,2.0882533852962406,25495.91913883295
381,7239,-1.7750816046844236,-1.6060924274569108,0.1294152681802765,0.29991663507886485,2.0900517852401523,25575.116886625066
382,7258,-1.8950497972756821,-1.6586504818788579,0.10568877907119448,0.2998764524861517,2.0921840650337304,25654.319367124932
383,7277,-1.9126740281173338,-1.7054106762221721,0.1430059416895023,0.3000852262182325,2.0940125913434655,25732.9558005
384,7296,-1.908706681056477,-1.6487276066591166,0.1297758305772386,0.30020048653104975,2.0961884641301816,25810.653729208047
385,7315,-1.9111521429538127,-1.6534957965327222,0.14367824222777856,0.30053089527185295,2.0986965349206663,25888.973884375067
386,7334,-1.9027515751040913,-1.686428360864128,0.13384023339804552,0.3007847436910999,2.1018066536679787,25966.296643374953
387,7353,-1.9054473759777553,-1.6738515420979894,0.1492956647629675,0.30107243478916396,2.104067107786557,26042.6169480409
388,7372,-1.9077137156374406,-1.6796099734136616,0.14157428761716484,0.3012219562214059,2.107309845885562,26122.72117449995
389,7391,-1.8909381531601714,-1.6870908884783358,0.13321190162705507,0.3011329618895128,2.1097209984027474,26203.50282520801
390,7410,-1.9003113173040598,-1.6607877275127638,0.13200839567210232,0.3009514131980945,2.1122536298571033,26283.224263707874
391,7429,-1.9004577665694047,-1.0375232091507534,2.6049263698057565,0.3006072154841194,2.1148404783496533,26361.586269249907
392,7448,-1.9732932815797675,-1.6781444694700198,0.12086847972998216,0.300222553689006,2.117320640365441,26440.78404275002
393,7467,-1.910768420964346,-1.6805371846447408,0.12733724454437273,0.29945683704241005,2.119153447669909,26520.882815958
394,7486,-1.918876009601611,-1.6495571981247876,0.12819096694892979,0.2990517799617136,2.1218038788462485,26604.333973333007
395,7505,-1.9138633613267064,-1.734555959845246,0.13535651437052568,0.2989611849721504,2.1243894285542946,26689.61722812499
396,7524,-1.9081770670940315,-1.67021442149096,0.1034828172354499,0.29882684654808056,2.126785126849485,26770.954248500057
397,7543,-1.9140305277744942,-1.6914466782575817,0.12641407248469394,0.29876129189504824,2.1290574642370843,26851.752125374973
398,7562,-2.0426245024245024,-1.7175386661819216,0.15343907441978719,0.2983651396345033,2.131370273088609,26932.77393050003
399,7581,-1.9122052573641088,-1.0254338738803843,2.6017617266523256,0.2983906093760585,2.134350153661318,27012.577451166
400,7600,-1.913827217494541,-1.6605285315476206,0.12705086463017462,0.29851614931686427,2.1373223744702163,27092.642939874902
401,7619,-1.9178793012567392,-1.6727422561399157,0.11616901532925027,0.2986537556642736,2.1405486003063254,27172.193698958028
402,7638,-1.9035683744220662,-1.7038617628330872,0.12221036308893916,0.2985561245476691,2.144089271605101,27250.555503041018
403,7657,-1.8956682353261556,-1.6790342616640332,0.12201223556597748,0.2984600963530157,2.14767412340263,27330.13675950002
404,7676,-1.90455572649411,-1.0966328850253986,2.6190699787326444,0.2981349214435481,2.150945775513144,27409.241693624994
405,7695,-1.9288156433965518,-1.6496164592141431,0.12120308071480768,0.29765069310734016,2.1539958280226443,27487.086612457875
406,7714,-1.901430224101417,-1.6836276538143007,0.12622972217795955,0.29745308168200224,2.156377565281758,27566.776917957934
407,7733,-1.839833654634739,-1.6358504109099876,0.07082681062914206,0.2971115586226217,2.158500774401433,27646.484258499928
408,7752,-1.9045944506095065,-1.6050037050502481,0.11843301755295077,0.29688438228030645,2.1612168180126865,27723.0959767499
409,7771,-1.694023913835391,-1.4424893225053939,0.4319121914464768,0.2968617738962088,2.163998841876944,27797.13078566594
410,7790,-1.928914024363309,-1.6190302992285688,0.10464510105298147,0.2966842685329398,2.1663495511518405,27873.756227874896
411,7809,-1.895244123077704,-0.37913464434674565,3.578141546332356,0.2965688403102193,2.1686515597797005,27950.131709875073
412,7828,-1.8646065635646836,-1.6513313550202868,0.10028833086876092,0.29660299013847163,2.1710753134181364,28031.32504604105
413,7847,-1.7830640160885203,-1.6301996418475475,0.0749802780702869,0.2966484523655211,2.173438677680069,28108.67556808307
414,7866,-1.90532081617526,-1.6368756394691344,0.10212967766224036,0.2967162873637967,2.1752960842485902,28187.595462915953
415,7885,-1.8704855036580468,-0.9005470380309466,2.6187795571381196,0.2966007469118693,2.177085352839911,28263.986290791072
416,7904,-1.8794034121938452,-1.667230012709209,0.10366811482437228,0.2967168642614631,2.1788708837397985,28342.868032915983
417,7923,-1.9146842401059834,-1.6523014161794751,0.10207050142598999,0.296682309361897,2.180861903661382,28420.742527625058
418,7942,-1.887418755305239,-1.7200954900043628,0.11622867679984727,0.29625542384948805,2.18276905041522,28500.999395041028
419,7961,-1.8884938405202045,-1.6291465449162543,0.12252111525926529,0.2961850089218264,2.1847134801834533,28579.745927250013
420,7980,-1.896781999196273,-1.6735009970280281,0.11705212613156217,0.29620051660804947,2.1863257019102607,28660.850998332957
421,7999,-1.6996240882778935,-1.5620741209152147,0.1445913979053901,0.2963943910321202,2.1879327609874517,28738.696132707875
422,8018,-1.8828055177960592,-1.5347418295994029,0.36838356526011584,0.2967000804277257,2.1894651059157964,28816.00027316599
423,8037,-1.9054246664631416,-1.6866014946711916,0.1277635156678763,0.2968734712261436,2.1910044487163214,28894.423068250064
424,8056,-1.9263940775593293,-1.7081724554231483,0.11882821603093777,0.2970638641362783,2.1926648531665265,28973.751276208088
425,8075,-1.8885802903560465,-1.6679072785425708,0.11046069842217437,0.2976102636025722,2.1938004795832713,29053.743947708048
426,8094,-1.8907587669844794,-1.6891321217854276,0.10414178903077513,0.29811148918980784,2.195527476205438,29132.834438957972
427,8113,-1.8701873725169205,-0.9614098470119228,2.5937872836148497,0.2983709476483904,2.1967027620391657,29208.465991790872
428,8132,-1.9179359572153571,-1.665104026476675,0.18203100076447531,0.29864367686749066,2.198477119493526,29285.23494825
429,8151,-1.921429911199795,-1.639659733724734,0.140915362875381,0.2983917203849708,2.200498520191709,29363.213525332976
430,8170,-1.9142509939154992,-1.6438242271177583,0.14684875006373618,0.2980385280429657,2.2027947395517633,29441.32477620803
431,8189,-1.8230126182598116,-1.0282430215566583,2.6012846845226902,0.2977873968137583,2.205286559283412,29519.44762033294
432,8208,-1.9222580920599794,-1.6404935111489707,0.15142324748403388,0.2974851017298605,2.2072686540890047,29605.050855708076
433,8227,-1.871918377813501,-1.6107479193221759,0.11356730844724675,0.29729263238747294,2.209815946411891,29683.131760833086
434,8246,-1.937700983071867,-1.6416685987075603,0.11883273833973859,0.2971394335013951,2.211604734278034,29763.019342165906
435,8265,-1.9125900898238575,-1.6962915680305177,0.13733577449901102,0.2969148596922287,2.2141363399914358,29848.194927582983
436,8284,-1.9100890843335656,-1.6027225974219916,0.097135455340912,0.2965707990065865,2.2161821577362115,29926.97972504096
437,8303,-1.9092223314380425,-1.6785115295248227,0.12232286566138287,0.296082986050528,2.2181280132015755,30007.397405416006
438,8322,-1.8748992802131617,-1.6459021222693853,0.133033939854957,0.295645467269557,2.220461211773003,30087.110350500094
439,8341,-1.8923380749352878,-1.651750872626892,0.11089949640686027,0.29533943320718237,2.2219205509007076,30166.04668583302
440,8360,-1.9423753629658398,-1.6843701494471666,0.14018059668672775,0.2949895359300491,2.2239208215080075,30247.755736208055
441,8379,-1.9083087745702736,-1.081491925132933,2.6151445308458707,0.29426781689151693,2.225415066514006,30326.65493433294
442,8398,-2.001644577361141,-1.69109339690213,0.15195465153998003,0.29323797116793954,2.226727163538664,30406.07074420806
443,8417,-1.942438581921837,-1.6650968980822924,0.14236456040302486,0.2922017934374078,2.2277943078503815,30491.153403500095
444,8436,-1.9243455392419162,-1.6804753956911749,0.13999029689086234,0.29137434437252546,2.2290134493125477,30570.378852332942
445,8455,-2.016710909482374,-1.6945860731234843,0.14333819360099034,0.29057610725951016,2.23075471565718,30650.360893791076
446,8474,-1.880059160008393,-1.6201705501423387,0.08030747033006548,0.28972329735543656,2.2326119314508577,30747.57571466593
447,8493,-1.8964083448234406,-1.612585592475329,0.10532179899919973,0.2890190334386515,2.2340124918464013,30825.864017666085
448,8512,-1.935683674991806,-1.611810888813169,0.20340489894929098,0.28835595840419287,2.2355245860947353,30904.599724665983
449,8531,-1.7222903156237175,-1.580846690757032,0.12480527439679534,0.28766679645260856,2.2367255414603293,30981.46164462506
450,8550,-1.90874250666332,-1.5150585481835146,0.40593617758847805,0.28690055216077215,2.237690006573439,31057.289665082935
451,8569,-1.6939631478940322,-1.5778405521462504,0.06318643013700989,0.2862589793357354,2.239677468986253,31135.53732654103
452,8588,-1.7369946721477483,-1.5651501987379044,0.12481869023927476,0.2857744692941227,2.241295811673892,31212.959031875012
453,8607,-1.6985515109580795,-1.6098003070892999,0.044033921755504066,0.2852933875180775,2.2430877785608643,31291.993531165877
454,8626,-1.8801834065990723,-1.5132130628336682,0.22678462655650086,0.28472608805553645,2.244213433109026,31367.004307582974
455,8645,-1.8622943826326295,-1.6103915275189984,0.11486722563492956,0.2844107512807949,2.2455139613800092,31444.434992082883
456,8664,-1.7118846462465829,-1.5908235006521163,0.06100855804486513,0.28386573963541467,2.246799417879323,31521.929857708048
457,8683,-1.753820982036678,-0.8937718525028934,2.5870253085529793,0.28318620118770493,2.24804197033196,31594.374611333013
458,8702,-1.8077255101432046,-0.9963614187874392,2.5934589919263296,0.28264017575956485,2.24967023457533,31672.104734333
459,8721,-1.8378758831125785,-1.6014813952327076,0.15899937272569756,0.2819194488934437,2.2505383586827343,31749.724716708064
460,8740,-1.8733649092101943,-1.6194020435733254,0.09222448601556872,0.28113975182002127,2.2517331187342267,31828.671441874932
461,8759,-1.7711327077434573,-1.001722206067899,2.5940669143364192,0.28029958622864176,2.2527619055389403,31905.744673707988
462,8778,-1.9206875456299288,-1.6123529091686735,0.14905183553446777,0.2797692539498247,2.2543233374398977,31982.950511750067
463,8797,-1.8575452970524018,-0.3704127743245866,3.5597034980540756,0.2790812896332919,2.2553902886923374,32058.508888375014
464,8816,-1.947978780001939,-1.545666610817573,0.4805985753629502,0.27825730869423954,2.2565696285482573,32136.575362832984
465,8835,-1.8420657128844078,-1.5240321663326604,0.2831667435760888,0.27763650101027265,2.2582457291130584,32212.343194999965
466,8854,-1.818939966536807,0.8230901633838221,4.739576125916997,0.2769919896584906,2.260019349942384,32287.70517095807
467,8873,-2.003811126208914,-0.3518766290130937,3.5539243338127613,0.27631105331424166,2.2619543855176274,32363.063231749926
468,8892,-1.9233845021450402,-1.569019861204053,0.12262388451090635,0.2758294357182179,2.263466185954894,32441.404761957936
469,8911,-1.9189021143619658,-1.6401660306260073,0.10741907390537314,0.27541464929054343,2.2654096274423665,32520.45397641603
470,8930,-1.9443680399541816,-0.4332180925516385,3.5810574367667836,0.27461691715110814,2.2668940436392804,32597.568600208033
471,8949,-1.798693515799278,0.22190240474182135,4.234477998574934,0.2739237543738773,2.2681001393558256,32671.728490750073
472,8968,-1.9145626410768806,-1.5697956266675661,0.14080221214016214,0.2732233870418832,2.27005359695767,32747.47135237488
473,8987,-1.6930610008096805,-1.5796568245390104,0.06901843393820672,0.2722677257844769,2.2715935427267455,32823.83896024991
474,9006,-1.8417818493450087,-1.0046652629597266,2.5952186854596566,0.2710092626716001,2.2724506313215325,32902.09694712493
475,9025,-1.7229087770314022,-0.9857830335294211,2.5900547972073524,0.2699304399626507,2.273366695739817,32979.40700566606
476,9044,-1.8875550922926658,-1.0231404914203581,2.6001641331440726,0.2687456127029856,2.2743900071043703,33058.20360516594
477,9063,-1.9180512999194748,0.1858117439615871,4.251082526389433,0.2675386265689655,2.2756826176525897,33132.415807374986
478,9082,-1.9247338680726398,-1.6218703310792966,0.10334815702495036,0.26647996200157564,2.2766535920775555,33210.56607512501
479,9101,-1.8949578440707895,-0.40725960648370085,3.5706245656799016,0.2655325622434437,2.2783570365726775,33286.95554975001
480,9120,-1.8977459101328882,-1.644479539180782,0.11879153274959144,0.26458421060488096,2.279546476789315,33371.29203233309
481,9139,-1.914684096904081,-1.6439394342695053,0.0789916563420733,0.2635481344211801,2.2801170791637677,33452.56552783307
482,9158,-1.8989218286123566,-0.4112051827413491,3.5726353717598767,0.2629891428926717,2.2811161074847197,33529.45840050001
483,9177,-1.8796632140602765,-1.598668295265151,0.11791438034350166,0.26228023996272193,2.2821098145960037,33604.42934791604
484,9196,-1.7405080367382473,-1.0034851525316577,2.594111332484274,0.26158903199341477,2.2833974515126854,33681.006648750044
485,9215,-1.9623229585542337,-1.664370490741919,0.2782504609006427,0.2615152646905512,2.284036439821335,33757.49558079103
486,9234,-1.916860313226183,-0.4110142917383561,3.571812173255203,0.2613022471698037,2.2850445818509177,33831.91252062493
487,9253,-1.9016416069564084,-1.5859730665320726,0.34990474746360395,0.26093199187458305,2.2860950032510026,33907.57541666599
488,9272,-1.8665385059068127,-1.000300491544377,2.5945321862041713,0.2604634237009416,2.287917046618209,33982.895840415964
489,9291,-1.9351555452625524,-0.4324927731066946,3.579844982949096,0.25995233958513747,2.2891932565796886,34059.073186916066
490,9310,-1.8116126908685675,-1.6076369770823546,0.0633190969370864,0.25968044581480565,2.2905027415394956,34137.14300766587
491,9329,-1.6256222785610133,0.2585220087072913,4.218384884052965,0.259319136489995,2.291548550431204,34212.26641074987
492,9348,-1.829289220779065,-0.4069420321502154,3.5700598258209095,0.25936009502049456,2.291793428813871,34289.22032729094
493,9367,-1.7791598140585547,0.8295254818617499,4.736089767163436,0.2591730207490058,2.2928900356546484,34362.52850541589
494,9386,-1.9218950561747867,0.8365333296707164,4.7335344600523435,0.25895987619728156,2.2939902241917407,34434.7261786249
495,9405,-1.6862967645979987,-0.8960363813741559,2.5898658957327685,0.25897553221303315,2.2952298135085667,34508.61348654097
496,9424,-1.8133091056404922,0.8597543263646203,4.721532489807549,0.2589164903935836,2.2957385072164533,34581.260397166014
497,9443,-1.8868958462579424,-1.0251871769360363,2.6013136122298754,0.2591652604564365,2.2964843297691,34658.16541283298
498,9462,-1.685196800700452,-1.532139077956876,0.31314305390691516,0.2596667227613941,2.2970556434722416,34735.46683775005
499,9481,-1.9229609161546461,-1.0703214943111332,2.611949099658813,0.259985599376848,2.2980302124384524,34812.460651832866
500,9500,-1.82822715183308,-0.8869055575639326,2.601384061540054,0.2599010392489083,2.299067938081597,34888.988504749956
501,9519,-1.916711779953526,-1.070994126407967,2.6129560129168987,0.26004513798764817,2.2993466248478036,34965.93158750003
502,9538,-1.904003033027398,0.21072081327483588,4.240062547509781,0.25992916349517103,2.300295007178864,35038.94210049999
503,9557,-1.7493349624747143,-1.483442513293263,0.3600672179647207,0.2598256781782117,2.3008074759709864,35113.565362666035
504,9576,-1.6754124071926357,-1.5911499834057916,0.05298948180639347,0.2597492504088354,2.3022110563038165,35195.526735625
505,9595,-1.9131263973767583,-1.5608262598060794,0.34835827697006555,0.2598063109017569,2.303132620729007,35277.731262916
506,9614,-1.916991757137387,-1.6415151207048293,0.08082423151591704,0.25985972758680637,2.3041381438541153,35356.99928179104
507,9633,-1.9791690505526307,-1.5551626894087172,0.344514906744743,0.2599447984055925,2.304783726094706,35431.12669462501
508,9652,-1.832233509111746,-0.27041301159325837,3.5401491143202732,0.2600041521425858,2.305404993556519,35502.79291645787
509,9671,-1.9068516048703321,-1.6948509876535083,0.12429733524406053,0.26017897615468477,2.3065627493733887,35580.27022966603
510,9690,-1.9216063590542234,-0.9876741491666272,2.6130420095425357,0.26071984879463006,2.3074778297626275,35656.112673582975
511,9709,-1.8917839567731005,-0.8568372280091615,2.60040963730183,0.26117438918614977,2.308649450093672,35730.188975000056
512,9728,-1.8873853220029861,-1.588493041996039,0.344708172735356,0.26158029135420485,2.3100209822590068,35805.32930024993
513,9747,-1.7293328920136268,-0.3160377566646525,3.5569091920122458,0.26226443457813864,2.312638599294669,35880.301900208
514,9766,-1.8924344880551374,-1.553899101808737,0.36962157328670237,0.26277505711651056,2.314683390770023,35954.64788658288
515,9785,-1.6593713415986135,-1.2799771411849168,0.6115146191062725,0.2633528512960032,2.3159071725536027,36026.37907795794
516,9804,-1.8575016337634778,-0.7900416377221896,2.5977863734896474,0.2640646548682403,2.3171514748629303,36098.43973500002
517,9823,-1.9149824385945249,-1.5019437974525598,0.47048498404220296,0.2647240592428921,2.3183495794221187,36172.40918762493
518,9842,-1.9056284059355302,-1.6773625686058884,0.10949748564734293,0.2653917844044518,2.3196516266535454,36248.84784512501
519,9861,-1.8916744757386685,-1.0066115047385755,2.595907609129502,0.26591212614418525,2.3206615922913594,36323.14024529094
520,9880,-1.9108381248901103,-0.4124616307764378,3.5739260729433577,0.2663517073920366,2.321401231592737,36395.77083775005
521,9899,-1.901626270089424,-1.6350984489257943,0.09320408086824747,0.2667393700247997,2.3221766552490846,36472.97115833289
522,9918,-1.9042904572166925,-1.6354976606732854,0.11464105875428064,0.2671422448293559,2.3232305453868687,36550.433938625036
523,9937,-1.8949693860655623,-1.6375569272435873,0.10944157339641154,0.26757999394245896,2.324541304045823,36625.857872375054
524,9956,-1.906788226751778,-1.008883819495764,2.5980977160865684,0.2682798854987848,2.3259683651999894,36698.656220125034
525,9975,-1.8446614861975186,-1.6115818407260478,0.0740060235864173,0.26860595904037665,2.3270465426778264,36775.07852849993
526,9994,-1.7813178785947903,-1.0164069704266303,2.597487399856489,0.2688993222974622,2.3280754571405335,36850.857875708025
527,10013,-1.908715793361686,-0.43546110550943706,3.5812395193615814,0.26879087722813955,2.3290836934054844,36925.94324474991
528,10032,-1.9140074347488594,-0.41161458968670583,3.572810244082098,0.26876917900306657,2.329985838772333,37003.65044624987
529,10051,-1.6707634436085987,0.221541383509899,4.234321655427718,0.268876679007657,2.331178661356853,37080.94308079104
530,10070,-1.8577416922776813,-1.036037487684665,2.602359355082435,0.26866859631352547,2.332209698129014,37157.074159415904
531,10089,-1.9383784325412052,-1.6713142376944834,0.14232762737166485,0.2682794518617857,2.3325614365169067,37233.76046654093
532,10108,-1.8132690389730488,-1.6280158616978955,0.07780432303074092,0.26786584776921923,2.3338701702414113,37318.126652833074
533,10127,-1.9051614752847361,-0.4340505062093569,3.580271375665013,0.2673026268150386,2.335042809763253,37393.48961170809
534,10146,-1.9118760400298909,-1.6850993913279684,0.13384677143630472,0.2670396238605773,2.335762424539644,37470.22020279104
535,10165,-1.9099947051911057,-1.7003401241898408,0.14031272550494753,0.26676076076874017,2.336343685738639,37547.20644054096
536,10184,-1.9145342313437173,-1.064129879257213,2.6112894756958975,0.2663610880489791,2.3368113276739138,37622.92309325002
537,10203,-1.9103992868558546,0.8476771195145699,4.728170517455511,0.26579596759104684,2.3377449645440227,37691.675161666004
538,10222,-1.9175941135653924,-1.6534564139959584,0.1291047100649001,0.26526019584896393,2.3383735635152734,37765.05425137491
539,10241,-1.8890492053942913,-1.5931159352539128,0.14939885520429405,0.2645873936997407,2.338991388206323,37840.3279053329
540,10260,-1.9100532631807354,-1.6171174668490873,0.13416135453588499,0.26402152797677475,2.339465096499112,37915.71609845804
541,10279,-1.8432429046067749,-1.6278006226553974,0.0991735212780781,0.2635521895010562,2.3402335598160797,37992.207880415954
542,10298,-1.9015083277608893,-1.0440536434347518,2.6054928473850185,0.2632765466830771,2.340889002659155,38067.415455915965
543,10317,-1.8734611670227515,-1.6381552905698766,0.1064955932313095,0.2627936502251535,2.3416771184342693,38146.482177416096
544,10336,-1.850405441210035,-1.6419908395828429,0.07415862200230036,0.26222169874314827,2.341947680855912,38223.864965207875
545,10355,-1.9104764585571625,0.7804519287698931,4.763037060623909,0.2619041051811295,2.342132361623651,38295.24349762499
546,10374,-1.9114258111432254,-1.6418826939314883,0.11753377503565052,0.26146876966592636,2.34260793309623,38372.149422915885
547,10393,-1.8735696972721616,-1.643383269685974,0.10231937048065477,0.2608626170244991,2.3431032759338413,38448.76917325007
548,10412,-1.903157733560386,-1.6492303048919752,0.10650149406131953,0.2605124307320064,2.3438222638308654,38525.190444125095
549,10431,-1.8554554767441105,-0.9772375843984413,2.5915890836343283,0.26017990825723675,2.3441817581627964,38597.014169665985
550,10450,-1.9082566864397665,-1.6233361309538081,0.10385309093266103,0.2600810157205661,2.344357771623987,38672.16896466608
551,10469,-1.8424502957735331,-1.6171955114501775,0.0930196612518142,0.26018707107305494,2.344697254019651,38749.36953204102
552,10488,-2.001512043656479,-1.613711041634825,0.3755891785124228,0.2603269411925819,2.344565161706788,38825.171967
553,10507,-1.8790124173234148,-1.6755288445958219,0.11315261951993764,0.26041804861619605,2.3446072434887935,38900.861136124935
554,10526,-1.9045063892783305,-1.0620803129670908,2.60995141227152,0.26070584222944326,2.3448167163464517,38976.66538625001
555,10545,-1.8910951174553698,-1.6595471936143351,0.10636238466103619,0.26111229300618766,2.3445564558497916,39053.99110662495
556,10564,-1.9019192975125887,-1.6540614631198733,0.12631445450189657,0.2613608416703718,2.344224245954028,39131.736616166076
557,10583,-1.8921952882399231,-1.614311387149494,0.09861383630000917,0.2618432894601431,2.3440857763125753,39209.20934424992
558,10602,-1.905191799071786,-1.691282824293376,0.10263802569484697,0.26254909186594383,2.3439614994104243,39285.807444749866
559,10621,-1.893476381825678,-1.639022795344949,0.10777560056279166,0.2633122633519828,2.3439879706255056,39360.62132754107
560,10640,-1.9131781031921347,-1.601758633869349,0.20764111342374497,0.2638858601040185,2.3439353323452483,39436.89995083306
561,10659,-1.8943456754182515,-1.657846713739497,0.10010676576633436,0.2643836165171824,2.3439155620548595,39513.214902291074
562,10678,-1.908101873559723,-1.66801810667349,0.12089285967314388,0.2645411813159689,2.3440880875572216,39590.8236049579
563,10697,-1.9069794013279968,-1.7040386123272635,0.11554287111741542,0.26484283242752116,2.343731165412016,39669.25132641592
564,10716,-1.9136629087896098,-1.6548538800025676,0.12440634537333482,0.2649451470318038,2.343628000840509,39747.059366249945
565,10735,-1.8892253580845817,-1.6670757605576172,0.11263360354909696,0.2651079196710651,2.343445605215804,39825.61663283291
566,10754,-1.892988427247039,-1.6294662725343907,0.12201347659934468,0.26538846509245506,2.3436844660940546,39901.321371332975
567,10773,-1.901332120420197,-1.6772696278911912,0.12934737151313572,0.26559162440631906,2.3440856704817334,39979.373879374936
568,10792,-1.8888545108342547,-1.677852856658964,0.1236028431969068,0.26583643361867687,2.3442608395325806,40056.82400854095
569,10811,-1.8850417925292207,-1.6411046237535003,0.11276169419429627,0.2659364643754865,2.345160615134643,40134.212203375064
570,10830,-1.9037747133453902,-1.6692929325811576,0.1163077387009016,0.2660418287237148,2.3455886279237754,40219.09456941602
571,10849,-1.8879971182988098,-1.635131111944014,0.12817680791379057,0.2661356726732835,2.3460687603845627,40294.77101129107
572,10868,-1.891857883282662,-1.6553836896118355,0.1576958551344912,0.2664861975226542,2.3460415666832604,40370.877947082976
573,10887,-1.8918368333230116,-1.6399461218555413,0.12794971527516882,0.26687938980093945,2.3462726861094585,40447.5473692501
574,10906,-1.901515692206,-1.667482670151346,0.13787024515942045,0.26735288566106674,2.346422326871061,40528.586774708005
575,10925,-1.9104837658747025,-1.7522610464279176,0.13649268962485375,0.26798712585412643,2.3461633513672817,40611.47871229099
576,10944,-1.9127471822186344,-1.6417061774752946,0.11875259573026502,0.2683917962359163,2.3463664413350096,40690.58454004093
577,10963,-1.8506541514784827,-1.6611080309084298,0.09444112941472137,0.2687383781334327,2.346810794980079,40769.061077875085
578,10982,-1.9001373947931453,-1.7137418583970483,0.12500575949942236,0.26928857631106173,2.347265346887031,40847.94001624989
579,11001,-1.8923812615485827,-1.6730588865309584,0.12591472848711147,0.26970795743202364,2.347309220770356,40926.31388533302
580,11020,-1.9032047430547951,-1.6819449937998896,0.1151169313910312,0.27000447720281867,2.347619350693445,41014.520085125
581,11039,-1.9007934804906998,-1.6506701744795427,0.14689026508272196,0.270196685484019,2.347990209419317,41091.74405737501
582,11058,-1.8869027043085054,-1.5870194343929873,0.11188872508575848,0.2705283390406285,2.3477950000558803,41169.42373974994
583,11077,-1.9051266834434486,-1.0386244099597777,2.6046007067237746,0.27068577479290457,2.348086219345157,41249.02803337504
584,11096,-1.9099572516982666,-1.622849952286806,0.2011014442646721,0.2709104782295611,2.3478691714501747,41329.13145066588
585,11115,-1.8289655129176396,-1.0297764978155137,2.6011804542805863,0.27134741388002787,2.3476859429724635,41406.327755207894
586,11134,-1.908307268006571,-1.6902332597824548,0.14078992161330345,0.2716849365529023,2.347797274141129,41485.515525040915
587,11153,-1.8990989003595984,-1.607621279250203,0.13634300643716746,0.27206073934920355,2.3476402184250196,41564.23067099997
588,11172,-1.9119485196703683,-1.6811132426087632,0.13235743039245915,0.2726649118889793,2.3474828362393785,41644.133637249935
589,11191,-1.904904897827727,-1.6844808891187,0.158319280943298,0.2730204234855661,2.3474991715482387,41723.75242016604
590,11210,-1.8998930368481228,-1.679826415798428,0.12656148544894918,0.27328333335799637,2.347710991834747,41803.21097062505
591,11229,-1.9034461242285068,-1.70751861498777,0.15735833957102902,0.27360002762737423,2.3475691266682746,41882.24945900007
592,11248,-1.9001554319159562,-1.6331434750039544,0.14621436012004008,0.27385611557525597,2.3477709928320283,41961.32424541609
593,11267,-1.9078525617867514,-1.710636758107279,0.1464864200647869,0.27439715081455535,2.348097594286049,42040.199554665945
594,11286,-1.9119906400325668,-1.6765264643279523,0.1285891759555923,0.27498712656443175,2.348856619896776,42119.021671666065
595,11305,-1.8436206857528101,-1.5785087846545744,0.10502960925517939,0.2756292410217427,2.348766997406066,42194.6335199161
596,11324,-1.8806192473944483,-1.5904963996225614,0.14850029290746242,0.276029606552218,2.3488900065347234,42271.94086416601
597,11343,-1.8964003960264968,-1.6411614457965868,0.10950218015516686,0.27635141007307534,2.348959205704782,42353.34774024994
598,11362,-1.9000993773151764,-1.6182524733653765,0.13206242350214586,0.276832680095812,2.3495447500648967,42436.37403966603
599,11381,-1.8511691012303642,-1.695228147332058,0.12417520121979586,0.2773829088357661,2.3498125103531486,42513.20666725002
600,11400,-1.8989144236673363,-1.6519561855088474,0.13290401700650162,0.2778412797598026,2.34989460199202,42591.146457332885
601,11419,-1.90617512853014,-1.6124909466225887,0.3866548732395007,0.27819016934565366,2.349947904896311,42667.77857458289
602,11438,-1.9049329894048204,-1.6287747892297222,0.23332672844419303,0.27848155923267365,2.350007227919236,42744.02169716591
603,11457,-1.8896490083184645,-1.0604199597294997,2.609563396926975,0.27840695571789636,2.3501439885837923,42821.02685729088
604,11476,-1.905413625006815,-1.665306556936395,0.12211423045407671,0.2783424862269205,2.3501365660259084,42898.90232304088
605,11495,-1.8910358767325848,-1.0448973554222794,2.606654916936556,0.2782334409881977,2.350501580577654,42976.792611791054
606,11514,-1.9072450084194719,-1.6364779900168755,0.15697398166785484,0.277955432036841,2.3508273169527025,43053.205031249905
607,11533,-1.8439401738090324,-1.0048317623864733,2.5954138964887687,0.2774051103453703,2.3511351975524004,43130.26165741589
608,11552,-1.898411828518865,-1.6820889282120794,0.15225160115186084,0.2769951313678334,2.3509631477496407,43207.98324320791
609,11571,-1.8891998098367182,-1.6750718004342153,0.11548590366397352,0.2765983679946839,2.351022721598103,43287.277518708026
610,11590,-1.8985110957845421,-1.0511239658624418,2.6080183145334472,0.27648317669895534,2.3508622383174305,43364.68071479094
611,11609,-1.9083411940085324,-1.6412217833219545,0.11834245860567143,0.2763393086764043,2.351170100559235,43443.350558332866
612,11628,-1.9100531343603748,-1.6100964652344776,0.34581523864456504,0.2758136188795989,2.3508570222497704,43523.39795012493
613,11647,-1.897399583151759,-1.070031442412852,2.613445104681809,0.27531730538867416,2.35112828529116,43605.54747054097
614,11666,-1.909236269114154,-1.659069776945918,0.28409219680234815,0.27487450245651784,2.3513771330640605,43682.725244290894
615,11685,-1.8915532747515522,-1.546327846051014,0.42198162550312873,0.2744676175058011,2.351304598988459,43759.18909891602
616,11704,-1.9063095760938928,-1.5864104482254118,0.452652022292229,0.2741497957957751,2.35172762518448,43835.43469608296
617,11723,-1.8942751853711246,-1.632453551275586,0.10837678608475741,0.2737707923428192,2.351939385107529,43911.72827341594
618,11742,-1.8883292670216183,-1.5866529390430482,0.342206648477591,0.27357870285674124,2.351793236255795,43987.62349816598
619,11761,-1.9007672132105897,-0.9932751705354118,2.6113100674490326,0.2733044492599111,2.351672342769032,44063.13081041607
620,11780,-1.8926321093885523,-1.6338620451582415,0.10329954655083363,0.273093488627051,2.3520927476087654,44141.895146457944
621,11799,-1.9111908830671775,-1.6512300599888885,0.14019092163113697,0.2727872412763937,2.352262687459936,44222.79101624992
622,11818,-1.8903917079651351,-1.6857256464128154,0.14093416787533336,0.2726274516630541,2.3527749836915577,44301.542369500035
623,11837,-1.891042874027336,-1.644823473965624,0.1396999423070234,0.2724590997852105,2.3530696503105966,44380.07923770789
624,11856,-1.9034774377621768,-1.692660874503584,0.13621246050080527,0.2726067904790629,2.3533096772942925,44458.116084041074
625,11875,-1.8904162488979992,-1.5974214208369724,0.2625472596673835,0.2726458328483836,2.353504824504367,44533.73972145794
626,11894,-1.9026607243290945,-1.6484313136031217,0.11559333624684688,0.2727427647495857,2.3539774539753044,44610.955588374985
627,11913,-1.8908222202750196,-1.5732517402496067,0.2603568054048071,0.2727455167508022,2.35406602169562,44686.774299208075
628,11932,-1.876804966200103,-0.9048716867435246,2.596970489990444,0.2728397055287989,2.3540652372327315,44765.30537408288
629,11951,-1.912757899774352,-0.9491329863326122,2.5925528104183906,0.2726071012422097,2.3545699050322315,44844.038938707905
630,11970,-1.8743698127433133,-1.5320495081212662,0.30800011416677575,0.2723377629848069,2.354727067945559,44920.83451229101
631,11989,-1.8877501085284316,-1.543930384318548,0.3038114503877891,0.27184359652310114,2.3549383364201795,44997.20944633288
632,12008,-1.8876123144694419,-0.9939015435091952,2.594563150995607,0.27124158251391417,2.355526297465273,45073.75747075002
633,12027,-1.8893208171919649,-1.0471678955216064,2.606759268720511,0.27056195991841947,2.355566452467009,45150.68979641609
634,12046,-1.9049911649060047,-1.6410433002619873,0.2766424263425631,0.27020503711044047,2.35525848631981,45227.54206399992
635,12065,-1.8862834517585023,-1.6714063071875511,0.13842202210856305,0.26984919453352557,2.3553167783396622,45311.722972833086
636,12084,-1.8910475249599745,-1.7209431962446455,0.1383414257624216,0.2695439685864028,2.355415230067719,45389.987580165965
637,12103,-1.889641744469289,-1.0901886878358926,2.6175972525057642,0.26942638048187556,2.3556157201022074,45467.383165416075
638,12122,-1.8743621487549258,-1.6035337413762316,0.10929823294146913,0.2697057905304293,2.3558228393825624,45546.73127279105
639,12141,-1.8929189676571494,-1.681388300830428,0.1450147223193246,0.2697370520494624,2.356227168774594,45625.98199274996
640,12160,-1.9012162697585993,-1.7426081395039477,0.16321454538631483,0.2697164224392281,2.3564746398149725,45704.560319083044
641,12179,-1.8935619352847168,-1.6570536445289974,0.13499607679596082,0.2695879336075415,2.356643104009556,45781.99793437496
642,12198,-1.8995030172184348,-1.6221448679050787,0.11435432858490215,0.2695792993286694,2.357033357678887,45859.440471374895
643,12217,-1.900183594847745,-1.6148985565349585,0.37585366952692045,0.2695651342089729,2.356853473977851,45938.57289108308
644,12236,-1.8902309234406038,-1.647796545306264,0.12763609846929666,0.2693026102047441,2.357121515174071,46019.7176499581
645,12255,-1.8933855992234299,-1.6807939725068521,0.14700694960773075,0.26879700753007807,2.357483052461984,46098.552715457976
646,12274,-1.8870198128867908,-1.6528090368016617,0.12746637859401497,0.26809958228949415,2.3577097650805254,46177.102299750084
647,12293,-1.897702380627325,-1.6494008345263105,0.11593194102953325,0.2677370255508934,2.357624766755152,46254.64409391605
648,12312,-1.893145905348995,-1.6694477607289415,0.1448444480026953,0.26723373503399456,2.357808598154878,46332.955762207974
649,12331,-1.8911580180206635,-1.617144770989785,0.12792448662036945,0.26661859200797433,2.3580180944617632,46409.39801245788
650,12350,-1.9047533326542858,-1.6453264096668931,0.1604255314419587,0.2660107215295945,2.358454804197953,46488.33755716588
651,12369,-1.8867098828506506,-1.0476613401678696,2.6076590974983738,0.2655265752608981,2.359593044853221,46566.84315541596
652,12388,-1.893575588952229,-0.9781557438589846,2.594368752967887,0.2651308525708088,2.3597875447264784,46641.831876249984
653,12407,-1.918640329235581,-1.6572165067444076,0.13529254809512567,0.26478243111313154,2.359857301888618,46719.31726337504
654,12426,-1.8953204526995204,-1.6610755560482486,0.13091622060344946,0.2645435297879944,2.3595584575630912,46795.94646800007
655,12445,-1.9170018831802986,-1.0040000781307756,2.6100586220391735,0.26432985706678147,2.3599500181666437,46870.761860915925
656,12464,-1.8024244620242151,-1.0009531195159251,2.5941734101165523,0.2639828977840171,2.360264169092493,46947.87953929091
657,12483,-1.888197540520503,-1.5754912725300712,0.3664000797746436,0.2637437433972433,2.359725812788173,47025.56485933298
658,12502,-1.8962001183416963,-1.7002390640640346,0.13720690926014242,0.26368863628155526,2.3604969828622595,47104.048269083025
659,12521,-1.9049299651466831,-1.6884424654181251,0.1453641820989532,0.26364392915274093,2.36014589013561,47181.502131999936
660,12540,-1.896192961735978,-1.6728379917761367,0.14093059960841867,0.2635704406440116,2.3602158205293398,47259.6068884579
661,12559,-1.9125900863014755,-1.0512139734023105,2.608407388566423,0.2635658545218733,2.359993604397135,47335.42023641593
662,12578,-1.904282514393043,-1.6817336531309348,0.16155877766734647,0.26374427397387845,2.3600266332696305,47413.83591699996
663,12597,-1.9146239970104695,-1.741134027660285,0.15008081399545248,0.26365035486786825,2.3604063883765436,47494.4991895
664,12616,-1.9110326500558026,-1.7287558228980995,0.14998758035573895,0.26340359145528225,2.3605097399917407,47574.194083624985
665,12635,-1.9128205955114037,-1.7098930672829815,0.1476000043286244,0.2630340326141061,2.360796676949235,47654.20778675005
666,12654,-1.9078912756224513,-1.7497876316222254,0.1379440320130934,0.263099569191592,2.3610980947850857,47737.272415000014
667,12673,-1.9065705814268536,-1.6608980958520985,0.139849226917329,0.26269973685752335,2.3612129431898645,47818.04534591595
668,12692,-1.9073777741843996,-1.0374398557887419,2.605745852359593,0.2624146643433297,2.361257128864977,47894.776090041036
669,12711,-1.9039495960234532,-1.7029072040464273,0.14794189936317306,0.2622786502433824,2.361440527378096,47973.85752216587
670,12730,-1.9058677205730703,-1.6865833672541704,0.15887082016545848,0.2625911769915243,2.3615917338950414,48052.10102974996
671,12749,-1.9126657830504716,-1.668689605652914,0.145568684322563,0.2630992127320416,2.361774514171566,48132.84661595803
672,12768,-1.893927602779145,-1.6618066654809105,0.13114688953095513,0.2635274106517277,2.361720168077375,48212.542160250014
673,12787,-1.897333621766042,-1.7190608325720103,0.1459382993229673,0.26374734377238335,2.36192943421747,48293.83014558302
674,12806,-1.8995524671137254,-1.6911145902707072,0.15015723708810397,0.26419431030168233,2.361843432454884,48374.78863149998
675,12825,-1.899873606583903,-1.0224692195597926,2.6002449609200213,0.2645171846739639,2.361926611361144,48458.90511029097
676,12844,-1.9137554775201866,-1.695016733866685,0.15307624296104494,0.26486898289357286,2.362402106747257,48542.47027016594
677,12863,-1.906967501179213,-0.4662896746525192,3.5924494053620877,0.2652329951449881,2.362856382799168,48620.33273991593
678,12882,-1.901851820478706,-1.7063168722411914,0.15565911884891467,0.26542691693806103,2.3631456915804097,48701.526215166086
679,12901,-1.9031597489549075,-1.7355078546480005,0.13855651084794823,0.26547213042642437,2.3634760443732534,48781.67452212493
680,12920,-1.9000880068746784,-1.698163831008766,0.14487961127028168,0.26583103720192647,2.363727653781883,48862.49103587493
681,12939,-1.8896414178520375,-1.6095336529702688,0.11278460162613826,0.2659395859600035,2.3639211419380235,48942.29627049994
682,12958,-1.9184077587076716,-1.1035491690096642,2.621565024713692,0.2660986047422381,2.364074819993418,49021.69343133294
683,12977,-1.9098762036133494,-1.6806864157079784,0.14570831827318528,0.26637245927078435,2.364208782445355,49100.295755333034
684,12996,-1.8980863862052084,-1.6677867025514317,0.14638622269558746,0.2666267473575991,2.364882239718285,49180.28088587499
685,13015,-1.9028378168993059,-1.6784256453008524,0.16336175189540955,0.2668912124485688,2.3651799346204077,49259.63163758302
686,13034,-1.9133480274621917,-1.6497428794872664,0.14116437806580487,0.2672243341953578,2.365630273078234,49340.16836237488
687,13053,-1.9187359017594385,-1.0251503522781824,2.60261179367722,0.26751238765686464,2.3657185330427684,49417.89894070802
688,13072,-1.9215082331979012,-1.6961183128367097,0.16228998285524068,0.267743261418197,2.365800073738616,49497.5877164579
689,13091,-1.9066561452562318,-1.670275683067234,0.1634142134932914,0.26823290583086273,2.3666330054621914,49577.87667450006
690,13110,-1.9121060332139894,-0.4721524927339853,3.5945360030447113,0.2686952246206559,2.36694410345562,49655.21375320805
691,13129,-1.9104474548252721,-1.742079429780467,0.13763729536296945,0.26934681217644285,2.3669322824964643,49735.62961725006
692,13148,-1.905997494646281,-1.7206384754740451,0.16281080645336402,0.269757057021646,2.366907253539206,49815.898370458046
693,13167,-1.8950144986070088,-1.6836516597764724,0.1302654396450771,0.2699173888047951,2.3668326432486206,49895.78251999989
694,13186,-1.918266766122827,-1.7085084665912498,0.16500162801436524,0.26982548151439867,2.367202758060931,49975.76388983289
695,13205,-1.9033806567178244,-1.0772271441964336,2.614962045603384,0.2698058464677351,2.3675762322103497,50055.59411933296
696,13224,-1.9142374791105645,-1.0728886999147067,2.61421472402153,0.26981162176246787,2.367534693913357,50134.76496758289
697,13243,-1.915012635577304,-0.983070150995378,2.5912193957664598,0.269554329973211,2.3677228232052028,50212.698498500045
698,13262,-1.9029797114581672,-1.0151993464698583,2.5980974366988554,0.26921064512722653,2.3684301308056748,50291.42392379092
699,13281,-1.9096387531343693,-1.6887381208900774,0.1387053272199807,0.26898598456026385,2.368577143169111,50371.25572633301
700,13300,-1.8438811548890142,-0.9707246305232092,2.5905199792792226,0.2689091592000747,2.3688047647907764,50447.25538274995
701,13319,-1.9182620668503874,-1.032453132173617,2.6034704752871423,0.26855266642612774,2.368771716642145,50526.04672824987
702,13338,-1.8959228961593855,-1.6102480877561027,0.11900410818903429,0.2682921245120017,2.368512622969112,50605.15682262508
703,13357,-1.9084913752847066,-1.632731152317137,0.18701437926722134,0.2683819683514704,2.3687090093041436,50682.80299724988
704,13376,-1.9191853988869583,-1.6703148039684985,0.14342459433503363,0.2683878696759214,2.3686604178048114,50763.441739124944
705,13395,-1.9168501526947437,-1.7041802952562286,0.16623992765862045,0.26821072290731446,2.3685006809591145,50843.52616120805
706,13414,-1.9009725660771881,-1.6502013659574946,0.15485473448247386,0.2678958941398554,2.3689434858366054,50921.01385429106
707,13433,-1.8775017559189524,-0.3971762013668368,3.567773746194848,0.2674801227738438,2.3683292702283234,50997.21175025008
708,13452,-1.896810544828579,-1.5753036665092348,0.09603636762462274,0.2669245661247103,2.3685192155875088,51076.079809583025
709,13471,-1.9091675311620229,-1.677721700278617,0.1506090360728268,0.2664057191777989,2.368568029618198,51154.91447512503
710,13490,-1.9094850264462275,-1.7304539777752808,0.1364479644474115,0.2655440653945887,2.3684993964623144,51234.95783016598
711,13509,-1.910410180799495,-0.9926440149041472,2.5935423731293508,0.2649206866059416,2.3686572884586177,51315.22376979096
712,13528,-1.9111453706565098,-1.6511238369992836,0.13340801988552908,0.2638666888867825,2.368836489658918,51396.37772845803
713,13547,-1.9120289145455018,-1.5780874243021112,0.40510615476140976,0.2630000747262496,2.368963588505401,51474.40657704091
714,13566,-1.9148553181484762,-0.2284529944995974,3.537387185391386,0.26265768449589766,2.369252409872643,51548.198953916086
715,13585,-1.8763445080449062,-1.5796482416895714,0.1648980146377294,0.2625125282608759,2.369494861085393,51625.50152162509
716,13604,-1.91382289821957,-1.7363051925251254,0.14942596950613576,0.262503829423575,2.369431608147408,51704.28167691594
717,13623,-1.9145648552931251,-1.6577917499737866,0.15787278726096318,0.26259001490313894,2.3690378775054546,51785.49703320791
718,13642,-1.9100236765472798,-1.6925906230576915,0.14524075404914502,0.26240149524560913,2.369258628752974,51865.64043083298
719,13661,-1.9133610790211764,-1.684474892188789,0.14583438574401394,0.2620301787848052,2.369273294235889,51947.012914249906
720,13680,-1.9095025898490903,-0.474638407686782,3.595733318892199,0.2614651386440204,2.3696699964775427,52024.48173987493
721,13699,-1.9103738570697026,-1.6922339743645285,0.15259069091401378,0.2609782717136589,2.369911280719322,52103.2634667079
722,13718,-1.9061927365171791,-1.6364815980614005,0.1422889204214437,0.2604852557539735,2.3698390756200776,52188.607939665904
723,13737,-1.904096042510175,-1.6689485298322495,0.14304847630398002,0.25977700450339725,2.3701106180642175,52269.383455165895
724,13756,-1.9072789877459009,-1.6699318132857461,0.14901497714886,0.2590493064574421,2.370214276794999,52348.481516208034
725,13775,-1.9172682167978814,-1.7228348508552496,0.15044892576273372,0.25848493268531775,2.3703226084612856,52429.70123262494
726,13794,-1.8938206924595988,-1.6477679867511776,0.11088464880245462,0.2579228685132906,2.3707344187579507,52509.53286441602
727,13813,-1.890676773023547,-1.6882595052625138,0.1456175429435431,0.25702718982110156,2.3710364980450698,52590.344147874974
728,13832,-1.9022377270012694,-1.7579383575941345,0.14445677279939748,0.255904005282879,2.371067484483236,52669.92367570801
729,13851,-1.9137435513955339,-1.6954511934472183,0.155543229939337,0.25476616351108566,2.371065055954173,52748.91795679089
730,13870,-1.9200126994045847,-1.6534646202273573,0.20614499188858407,0.2534490308573378,2.371601595767558,52826.68252779101
731,13889,-1.9170732039766594,-1.6744642411921,0.13672936656089094,0.25223895022479675,2.3721350206408323,52904.95112720807
732,13908,-1.907325411070317,-1.052167295071509,2.608700565385891,0.25097041212464266,2.3719219598266186,52983.177117999876
733,13927,-1.9125266366503002,-1.7339422005448286,0.15038064876588483,0.24984957778420852,2.3720318613290923,53063.61325554107
734,13946,-1.9122383034874462,-1.7308007736611202,0.14887050314603387,0.2488624748621022,2.3717419701521845,53144.65846558288
735,13965,-1.9121573203528675,-1.6258392258703644,0.15238018311935972,0.24803562675016036,2.371451808588848,53226.532688166015
736,13984,-1.9136181142733575,-1.7588154093112067,0.15202076572323298,0.24714887541661618,2.371343249531351,53307.20343829109
737,14003,-1.8943089626862322,-1.659607923547771,0.23412993773967883,0.2463922667039242,2.371891678289223,53385.99354591593
738,14022,-1.915929548356217,-1.6402888904139765,0.14426165578706088,0.24604053965844663,2.3727902108941175,53466.05822312506
739,14041,-1.9139437608491887,-1.67287857514437,0.1367484313546373,0.24531915399627627,2.3728397402226227,53547.50853370805
740,14060,-1.9132441852997628,-1.7117785853017138,0.19433206421658686,0.24482237744638718,2.3732640664739373,53627.41892520804
741,14079,-1.9113104097454494,-1.704144324787042,0.14048865095956203,0.2443778407572756,2.373432754755895,53708.41526016593
742,14098,-1.907544887128794,-1.730975252892991,0.1392690523162959,0.24399774959573553,2.3739551605508304,53790.489453708054
743,14117,-1.9090825667139875,-1.7722888831415975,0.1486174437163453,0.2437331943503362,2.3740193866295445,53870.32297279104
744,14136,-1.909541708891231,-1.6819734200612817,0.14590859048629465,0.24351590028205491,2.374022173151894,53951.2038712909
745,14155,-1.91548802272786,-1.6652986686221543,0.1725626334558639,0.2435647488611848,2.374407083675463,54031.513209874975
746,14174,-1.9249639492822759,-1.7523648235813727,0.15300021508439,0.2438793351028697,2.3745233849598657,54112.16082104109
747,14193,-1.915411903442298,-1.0339574083530898,2.604008071672411,0.24428067328151112,2.374917628470014,54193.17671387503
748,14212,-1.9130484168136506,-1.6588632260349232,0.13788686620352855,0.24475534131769186,2.3751527456901824,54272.59272020799
749,14231,-1.9121498698033323,-1.739435835914896,0.15315076198400965,0.245265227858415,2.3752925747036464,54352.79801170807
750,14250,-1.9083777600748704,-1.6835706246586388,0.1637771835463792,0.24550050574584434,2.3759161998333296,54432.451371415984
751,14269,-1.9066900443700217,-1.6379516937843108,0.16144828693733893,0.2458188080732642,2.3758766894233196,54512.29279716592
752,14288,-1.9095057340697053,-1.6424829967574837,0.17414692001330148,0.24591497787755656,2.375884968999516,54590.433212666074
753,14307,-1.8914812333616777,-1.6049403464215786,0.14165556054729722,0.24614482573422444,2.3757506893551725,54668.32175141596
754,14326,-1.8971936908081504,-1.6687748321798004,0.15532021349110112,0.24641513046356409,2.3760052115071413,54749.49662804091
755,14345,-1.901865009108839,-1.6020029306001669,0.10779719593940526,0.24658991826638976,2.3762599084020404,54829.15053016599
756,14364,-1.9058177165297074,-1.6118787927669884,0.14039543472662444,0.24690039015010834,2.376377016819729,54909.682920540916
757,14383,-1.9121049324258443,-1.6786828365280948,0.13886905146123885,0.24726177317282963,2.376499768262412,54992.62894325005
758,14402,-1.9120823487560306,-1.675457249062021,0.16170841233175784,0.2474135400703464,2.376688307053208,55074.83699962497
759,14421,-1.9086687248722143,-1.7197113654877836,0.17485393424538842,0.2476029745287374,2.376837718669837,55155.03620887501
760,14440,-1.9004961587763058,-1.7095099894660901,0.15816204040008439,0.24782032514395025,2.376944975524437,55234.52005658299
761,14459,-1.9177933704074133,-1.6738333427027252,0.1450164569582442,0.24823198576216401,2.3779792978366165,55314.642289041076
762,14478,-1.918925217294941,-1.6735270188059186,0.1669196000860046,0.24842653461544928,2.378121428359392,55396.405823457986
763,14497,-1.9161469634279458,-1.6924029934527771,0.16329756557146097,0.24820969339672586,2.3781109489925285,55478.54954520799
764,14516,-1.918586028815886,-1.083669002120644,2.616276892243024,0.247674552612576,2.377991681700308,55564.519142250065
765,14535,-1.9154561466288222,-1.6966799213321715,0.15485458920245937,0.24706359795035515,2.3782618087734155,55644.67984466604
766,14554,-1.91877883073672,-1.6270175306074877,0.12565166569443487,0.24638433121994513,2.3786248499422915,55724.3918272499
767,14573,-1.9063662166125028,-1.6690879415973863,0.14996530715753675,0.24564202259811602,2.3791029169073057,55805.20013570809
768,14592,-1.9027769515045483,-1.0218349071015476,2.601733946838948,0.2445685482298246,2.379869755583923,55886.488973374944
769,14611,-1.9113989599234902,-1.6657990828287002,0.14772572726152453,0.24328917866855757,2.380525066520225,55967.556968875
770,14630,-1.8985621036603155,-0.9921784300743814,2.594289842171027,0.2419495067332354,2.3808371349783783,56048.55017225002
771,14649,-1.8890734474805484,-1.6388476427095835,0.1111240573974844,0.24085346423777668,2.3810414361985757,56129.021829833044
772,14668,-1.9013594073954052,-1.7215103599511197,0.15443412915241256,0.23982812137500892,2.381822848068853,56209.84065483301
773,14687,-1.9130727891159363,-1.7229955408388613,0.16171583201501627,0.2386169207631583,2.3818525584651185,56289.91588325007
774,14706,-1.908741387524743,-1.6264366409550475,0.14387532782327728,0.23735274856905714,2.3821695133417236,56370.66299733287
775,14725,-1.897520631913677,-1.6756025787015578,0.16043449530478657,0.23596493794662177,2.3821360232981994,56451.41557554109
776,14744,-1.9093481998748665,-1.6934118983906497,0.1537816460545618,0.2348798179404236,2.381939871384656,56531.62302658288
777,14763,-1.9135698160239247,-1.7441090132976997,0.17473162648680912,0.2339638077203814,2.3823900498623214,56612.831891458016
778,14782,-1.9046349293748341,-1.6567998700810924,0.15329268409748048,0.2331660495919417,2.382472597338641,56694.00015233294
779,14801,-1.9081729953029782,-1.6334777973090886,0.13108403909040933,0.23241700889283484,2.382173563742443,56776.78899404104
780,14820,-1.893238076626964,-1.6413290542535328,0.13904522709243672,0.23178353556132186,2.3829708129081157,56859.55884950003
781,14839,-2.032481185045675,-1.68776812034817,0.20538331540107727,0.23102316344972718,2.3832092032456416,56939.889391874894
782,14858,-1.908110657770289,-1.7369619428092071,0.15739019432389573,0.23010434423060008,2.3841727918241054,57020.65096429107
783,14877,-1.9026092923818054,-1.667081445265813,0.1694197493751605,0.2294102644141617,2.3844534973525375,57100.209228791064
784,14896,-1.8969965619941371,-1.6714252202943423,0.1735105047730349,0.2287467897362431,2.384727493216597,57177.72136370791
785,14915,-1.9135892800843504,-1.716067870244208,0.16627222313284842,0.22824729788186407,2.385559368756033,57256.368113625096
786,14934,-1.912143763891061,-1.6190702648479787,0.14411818803093482,0.22785576485600403,2.385815776816996,57334.966682208
787,14953,-1.896689530130304,-1.7180150845204163,0.15807514310186985,0.22758481731255165,2.3861059909258397,57412.88862583297
788,14972,-1.8961074845383155,-1.7001546799663938,0.18535598810904236,0.22736289856972255,2.386519803200612,57490.95288333297
789,14991,-1.9011034992330367,-1.625540126927121,0.13766546091370588,0.2270007796525863,2.387015961485222,57568.16168470797
790,15010,-1.8870495824339493,-1.6221461283974747,0.13542519317387472,0.2268130617560769,2.387776127496009,57646.88336408301
791,15029,-1.8962665344692167,-1.6445022901544388,0.1555929927212695,0.22672266949658015,2.3886443380421922,57726.407011500094
792,15048,-1.906909096502872,-1.7000263066980528,0.2057654923358236,0.22665736167473044,2.3888584812952063,57804.94078354095
793,15067,-1.898601323248685,-1.6740087569031394,0.1391012849784602,0.22681264910631443,2.389463971627621,57891.39129304094
794,15086,-1.9110930957015229,-1.7511054465134859,0.15507587687127813,0.2269873274158261,2.3898263784014313,57970.50310662505
795,15105,-1.9163048954291577,-1.1023830142611388,2.621474861533669,0.22707070197392662,2.3898219726457444,58049.724864624906
796,15124,-1.9164663011212277,-1.697290433613404,0.1992070772168631,0.22730987719669246,2.3906254965457623,58129.09758000006
797,15143,-1.8938415546503897,-1.0739646818037876,2.613172081757995,0.22764238626311573,2.390503999127808,58208.55536716594
798,15162,-1.902551299471284,-1.697530308366513,0.19278927418611846,0.22792276791632762,2.390474224193318,58288.448162332876
799,15181,-1.9021912390431632,-1.7121286757375354,0.16414505202294938,0.2282506683439791,2.3906789230347574,58368.847622208064
800,15200,-1.9167813506718012,-1.7635989681135398,0.1592641611686461,0.22850163179291275,2.391359414879823,58450.02751204092
801,15219,-1.9209612758423087,-1.6281526664178945,0.12119271773744479,0.2287747025093215,2.3913695708912632,58532.33731304109
802,15238,-1.923104527929501,-1.652244967265826,0.18343646831989865,0.2291201824835955,2.391572121407595,58611.22925562505
803,15257,-1.914927713049222,-1.717425534644203,0.14120793338588267,0.22948751206412527,2.3915984637266097,58691.35211262503
804,15276,-1.9158452447362606,-1.062209150437266,2.611143763234715,0.22950775303526327,2.3923127789661027,58772.232964958064
805,15295,-1.9168708372033105,-1.7153084091928998,0.15524068512479935,0.22931434060096473,2.393036283374222,58852.43717666599
806,15314,-1.9095429179354957,-1.7177641180397616,0.15533795443802456,0.22912020373285852,2.3931579633646183,58935.090098541
807,15333,-1.9177373198986012,-1.78613101059606,0.14441712887446737,0.22896950637267344,2.393556804479886,59016.49498425005
808,15352,-1.9377400323940863,-1.7282636942115226,0.1495665654671547,0.22885921887724178,2.393550021788765,59097.73026383296
809,15371,-1.9142557978627361,-1.7823212285611452,0.14502196247633364,0.22881894527283303,2.3939299937145395,59179.49991429108
810,15390,-1.909087238823251,-1.739133470898996,0.17591417993006542,0.22853556495416,2.393961532279304,59260.80547533301
811,15409,-1.9126515726746165,-1.6958857946922243,0.147875331530774,0.2284937416265462,2.39402260565708,59342.67501783301
812,15428,-1.9037205358290739,-1.6962709555641233,0.14249251733049487,0.22863896281385895,2.3944153702167577,59423.45542229107
813,15447,-1.9139346912699784,-1.6879983300169927,0.17793303993480888,0.22874708040114017,2.3943618150701935,59503.10789054097
814,15466,-1.896013208146237,-1.748558231500572,0.1450645011360984,0.22890826222363053,2.3949950607723944,59584.394584415946
815,15485,-1.917806447529073,-1.7977504035316951,0.12871124113432172,0.22932394862367358,2.3949858372633357,59665.72681687493
816,15504,-1.9132232216237255,-1.7728002720580682,0.13853759788282535,0.22952244862428214,2.3940389185248216,59747.079393083
817,15523,-1.9013850780921833,-1.7411600594158296,0.1441144221488547,0.22957138161813156,2.3941426941673436,59830.21278587496
818,15542,-1.9158301521371985,-1.7444522420985764,0.14719906489088636,0.22945473809457448,2.3943618877172246,59915.27751633292
819,15561,-1.9132696746773847,-1.7809752087023139,0.1459293860678079,0.2290954820840129,2.3943264981870964,59994.8956488329
820,15580,-1.9072532704524607,-1.8036678499595853,0.13436088547824138,0.22882943529331945,2.394689043262287,60075.60917766602
821,15599,-1.9133399790015306,-1.7432952138625584,0.16494838551268984,0.22859078355533696,2.3947371061516796,60157.113610124914
822,15618,-1.9116840901849734,-1.6897408267174654,0.14995337515308557,0.22825122438827172,2.3948218023089187,60237.465833375
823,15637,-1.9169658618504828,-1.693943450173623,0.1477760940566235,0.22780539522337645,2.39461221631401,60318.85000633309
824,15656,-1.9147001493526403,-1.7776199955833176,0.1417338293751845,0.22756076807611023,2.3944421749621614,60400.16735058301
825,15675,-1.9166740083977776,-1.8262932929631601,0.11260956320397823,0.22723732027839955,2.3944741786087405,60481.1013809999
826,15694,-1.9150031157702307,-1.7402384628222007,0.1527373325757765,0.22695444522030472,2.394970820374172,60561.57021954097
827,15713,-1.9143029056252825,-1.7950780587424375,0.13917337651324527,0.22655405981603438,2.39509610925297,60641.13779245806
828,15732,-1.92008753480731,-1.7529216383306427,0.1548521316132988,0.22628110111731103,2.3953104175953612,60721.57715995796
829,15751,-1.9671004457740713,-1.746673250503937,0.14928317377158626,0.2257997975080597,2.395707742606053,60802.283954582876
830,15770,-1.9121466943848242,-1.771071636044722,0.15048152941518364,0.2254899128193588,2.396003640920377,60882.22190325009
831,15789,-1.9130811551655844,-1.7432770420345671,0.15829453407876762,0.22521269139821629,2.396576703716425,60963.17157595791
832,15808,-1.9133258316865724,-1.686685165960731,0.160595362230953,0.22477496596681518,2.3978916061365285,61042.392091165995
833,15827,-1.9125499257247256,-1.7487697202455796,0.15083452281967505,0.2244145838442994,2.39873703836246,61123.454757082975
834,15846,-1.9154443156649217,-1.7859786975870477,0.15055496271978566,0.2240727772253161,2.3989230188976145,61203.67537245806
835,15865,-1.915785301450554,-1.801150625095979,0.1486121390599803,0.22398489108539796,2.3990921920571466,61283.72097816598
836,15884,-1.9164190836199841,-1.7732210665012738,0.14623930852996198,0.223883343389301,2.399063619319912,61363.368270165985
837,15903,-1.9151474984239751,-1.0796956141445564,2.615659594979568,0.22375440831377327,2.399328493123702,61442.187251999974
838,15922,-1.9177432471373312,-1.7130553274198355,0.1537244016789365,0.22378307668201264,2.3995313277334867,61522.152781750076
839,15941,-1.916232934215094,-1.7377996354606164,0.17310293961622125,0.22390427520195952,2.4001282925773344,61602.68516820809
840,15960,-1.9139488100780229,-0.4910056741792472,3.601938910578337,0.22412683089949498,2.4005067297823266,61680.911101999925
841,15979,-1.9146278083492811,-1.7446662066471166,0.15104197340641784,0.22431478659955778,2.4010406946962797,61760.73887420795
842,15998,-1.916321440396159,-1.7325981800568202,0.14640875355473565,0.22451367369661562,2.4011838129812464,61840.80553454091
843,16017,-1.9166772374231043,-1.7398950227682513,0.17046227965133143,0.22479012556337624,2.4014324406651433,61920.8073185829
844,16036,-1.9171801460599842,-1.6736904810588649,0.2366305736774075,0.22535293548306007,2.401880757169523,62000.79824141599
845,16055,-1.917474801122233,-1.1355595183931948,2.629407906979186,0.22603561946732095,2.402019569357997,62081.975152499974
846,16074,-1.9138607409672526,-1.8116706307660788,0.1207077486552044,0.22687707240055613,2.4020689160860753,62167.62489024992
847,16093,-1.9209712408354478,-1.212498741021646,2.6454991650385273,0.22746430392833328,2.402383535276918,62249.02143529104
848,16112,-1.9196217620909555,-1.7673137469673885,0.15802701923179155,0.2279426132536091,2.402543195958995,62332.016691958066
849,16131,-1.9192738202390012,-1.7588198180580696,0.1584887034136875,0.22850817648825192,2.40274442952849,62414.64881650009
850,16150,-1.9153740543616937,-1.7028693983446463,0.16128630984932388,0.2288865558967056,2.402894713910128,62494.74821479106
851,16169,-1.9166830558152577,-1.7438963037654691,0.15906333668331066,0.2290951306389385,2.402968923779567,62575.53783895797
852,16188,-1.9137215517097483,-1.745932125179972,0.1493803201616977,0.22918889658550498,2.40306044338228,62656.18914999999
853,16207,-1.914017239114043,-1.7543817713061785,0.16472958098294893,0.2292772168698663,2.4030023970806837,62737.74602150009
854,16226,-1.9178242695461742,-1.7883939392461194,0.14897174426661489,0.22961217165050338,2.403013903058528,62819.09688120801
855,16245,-1.9181346931906154,-1.7411084847684168,0.16081495997986217,0.2298652464858153,2.403015587335825,62895.958889625035
856,16264,-1.9166665728427814,-1.708266529279071,0.15501835206309456,0.23011895169653335,2.403258269558546,62966.69221470808
857,16283,-1.9185162129841324,-1.7238960069753073,0.16501946966305459,0.23040003583704938,2.403800634834238,63037.28900095797
858,16302,-1.9181969669931456,-1.7906955690865392,0.14095652352378765,0.23075806156244663,2.4041342416811062,63108.900719291065
859,16321,-1.920136545687524,-1.7525237835618643,0.15472222805475652,0.2314245441838199,2.4044292946587387,63183.20494329091
860,16340,-1.9162696737952731,-1.165507683338076,2.6351179041316706,0.23196056257986045,2.4046608700514644,63245.094131333055
861,16359,-1.9975889659228425,-1.7514599203540235,0.16409043958975222,0.23235175502064404,2.405237563939085,63307.992657250026
862,16378,-1.9144711669133234,-1.6929107764383668,0.15042804746355415,0.2328124619601949,2.405451221361111,63369.75930858287
863,16397,-1.9171954159756774,-1.6925716663587171,0.14569831026224234,0.23327263785215221,2.406003315718489,63431.20665466599
864,16416,-1.9077679098677884,-1.6970106564538225,0.153050030526804,0.23404939915550102,2.4064667269209017,63493.035374665866
865,16435,-1.9113473421378488,-1.7467874400756074,0.15849192943888238,0.23469499338022487,2.4066871752942522,63554.760261541
866,16454,-1.9195900590938488,-1.7294487512998764,0.168102235896429,0.23524429749964265,2.4068100671863792,63616.90249800007
867,16473,-1.9102906318680075,-1.5822324410877355,0.2134442174042997,0.2359520933921831,2.4075957689284215,63685.846261708066
868,16492,-1.9196075047198544,-1.5746874247760125,0.4376586854590911,0.23651961174295133,2.40795402036175,63745.79243499995
869,16511,-1.9165417096491648,-1.700987888211161,0.1568197618894746,0.23714969200089578,2.407978790440579,63806.97824162501
870,16530,-1.91651331457498,-1.681355299964076,0.1444490231682296,0.23751963477174104,2.408691206622189,63867.7864489581
871,16549,-1.9171622066996759,-1.6501591268392508,0.38829826594488537,0.23810341529032156,2.409560097089078,63930.12202599994
872,16568,-1.9093208520738245,-1.6647066212615054,0.15975584701737397,0.23866498033810024,2.409804045363579,63983.255873624934
873,16587,-1.9099584401207115,-1.6792038754321323,0.14212566397236268,0.23920319836395135,2.409851036899299,64038.26365791587
874,16606,-1.917478127383637,-1.7169620476318272,0.15099997201440676,0.2397539663519373,2.410292279367112,64092.114912458
875,16625,-1.911735512329097,-1.7444146755501655,0.1397321168002344,0.24014213047349475,2.4105723798215557,64146.49597300007
876,16644,-1.9175183721306754,-1.5996814825855388,0.3662772168664781,0.2404744520906689,2.410883039799842,64197.42763991607
877,16663,-1.917169747476012,-1.6686492536174515,0.3201129239491601,0.2410647786710804,2.4111202195223305,64245.37144758296
878,16682,-1.9196768679582528,-1.7526019657652818,0.14292441927450725,0.2414363232029315,2.4116401617523784,64295.06400062493
879,16701,-1.9169330381887661,-1.7464265710622295,0.1689566319842595,0.24171275883880963,2.411875866023782,64337.64468474989
880,16720,-1.91536489821143,-1.742998743627043,0.149256164591184,0.24184137684438597,2.4118632055369984,64370.478231166024
881,16739,-1.915274104502044,-1.6128480040174793,0.3570447363764309,0.2418447522517594,2.4124159470606226,64402.66598349996
882,16758,-1.916520095721098,-1.6664381895952223,0.14745065004232727,0.24179316266756343,2.412808403849024,64435.428127540974
883,16777,-1.9176226576935584,-1.7220473827106133,0.16346947096456038,0.24189155798482181,2.4130715067171282,64467.903899125056
884,16796,-1.9078849778353004,-1.6919732815551263,0.17297715339453493,0.24234421121680744,2.4130547896853276,64500.076904708054
885,16815,-1.9129942651892988,-1.1204166906190922,2.625495700898324,0.24269386066648913,2.4133044111811612,64531.70096616587
886,16834,-1.914421158775864,-1.1078931015064788,2.62297512367824,0.24315019732700538,2.4137111495427788,64563.20193170803
887,16853,-1.917441512515301,-1.7690611721209024,0.1354400319922799,0.24355914182888067,2.413819042708227,64595.465014290996
888,16872,-1.9145323253537683,-1.757727137553668,0.16367226531497886,0.24412689441550464,2.4140458519744223,64627.734114124905
889,16891,-1.9162176432520548,-1.7582802048742936,0.13468487578816307,0.24443251572403163,2.414112093917621,64660.38951354101
890,16910,-1.9098548454338795,-1.7122086182518412,0.15138513766502007,0.24478418710377065,2.414406962346861,64692.79254858289
891,16929,-1.9083706959135585,-1.7618685213254235,0.14668789221078765,0.24539408059828438,2.4148071126086004,64725.42254545796
892,16948,-1.9149964663081942,-1.7462039566541547,0.1343997312771047,0.24598045212995745,2.415046942274036,64758.149484165944
893,16967,-1.909744959085184,-1.7050946894338554,0.1591602102009893,0.24634871024965282,2.416185755083023,64790.723379415926
894,16986,-1.9136589456907327,-1.6294770871508468,0.21387297154356819,0.24666860138388905,2.4164333850526583,64822.49647295801
895,17005,-1.9155086054636064,-1.7425588598673982,0.17840317106520898,0.24696427243037827,2.4169234737076755,64854.64546329109
896,17024,-1.921645180287047,-1.7198939367045025,0.17810207554444055,0.2472460739529171,2.4170698208527495,64887.611208040966
897,17043,-1.9084664532551554,-1.7102920334060578,0.16846984149090402,0.24730096956542377,2.417169409207757,64920.459489915986
898,17062,-2.0833060654958513,-0.46104581992791316,3.591478724886046,0.24726640912131218,2.4170608781077227,64951.602140165865
899,17081,-1.904682241278707,-1.7142167612475934,0.13670088185433885,0.24724423742774845,2.417288028709572,64983.943151958054
900,17100,-1.9328737352558303,-1.697268748071272,0.16222976888570803,0.24691727045063738,2.4180019873771075,65016.149936041096
901,17119,-1.9073537702974996,-1.0779937445852226,2.615727387434056,0.2464307432692788,2.418453720407984,65047.65138399997
902,17138,-1.9105303581132977,-1.7198621059912398,0.15528275650236442,0.24599395304660424,2.4185015467893005,65079.96777645801
903,17157,-1.9182371752102916,-1.1438420555683606,2.631397609319448,0.24574346459736948,2.4184785306178123,65111.984527166
904,17176,-1.9117913089120426,-1.0990035475288586,2.6199229089777245,0.24571142815253047,2.4184084639111445,65143.735784458
905,17195,-1.904583835546016,-1.6222193571352153,0.14049182181873418,0.24561482696407674,2.418390494641976,65175.756434499985
906,17214,-1.9987512634651643,-1.7383123646875114,0.1907566419133276,0.24542971492641208,2.4183301984702834,65207.68790312507
907,17233,-1.9211864703576929,-1.109004764916034,2.6228627617208726,0.2451724915491771,2.4183714659755706,65239.74030287494
908,17252,-1.923149086761788,-1.7361616411553265,0.16071992959821826,0.2448339895461588,2.418167055218618,65272.201532082865
909,17271,-1.922186830003441,-1.6816308932227793,0.14612863711381086,0.24450293364421474,2.4183128446606514,65304.446721958
910,17290,-1.9186576527121932,-1.5708740677979123,0.417892275361183,0.24399928903711526,2.4182598255470724,65336.276115250075
911,17309,-1.9208015702248131,-1.7648438421127182,0.1673859989623449,0.24342064859737808,2.4181882594230197,65368.61954533309
912,17328,-1.9220646093596794,-1.7200408443394644,0.15469018305290722,0.2429830708653891,2.4181680295862535,65401.07541312487
913,17347,-1.9182596397097536,-1.63995756273175,0.1538323598426104,0.24235375401923911,2.418336808977603,65433.13630699995
914,17366,-1.9238959975033243,-1.7080897559316601,0.1676419483106821,0.24188537699180623,2.4189499081472996,65465.96845537494
915,17385,-1.9154264804780365,-1.6665943708084638,0.14803830554465175,0.2412297924657434,2.419355547264975,65498.995211625006
916,17404,-1.9137056874400509,-1.7120579973932921,0.29957944105304285,0.24053762095021575,2.4191715328743895,65531.18041875004
917,17423,-1.9245802074763687,-1.7758040534584787,0.14586877639061066,0.23966274014059855,2.4191099681816643,65564.03779958305
918,17442,-1.9218553039526887,-1.7903881873449696,0.14886095358164322,0.2388777842291456,2.418975841747659,65596.13424745807
919,17461,-1.917929189129001,-1.7593007950935444,0.17515373159444442,0.23797955381947355,2.41919841043138,65628.57005241606
920,17480,-1.9218322072314171,-1.742428869170792,0.1665222446715364,0.23716932098920135,2.419100180193124,65660.80547366594
921,17499,-1.9145827574763565,-1.7794383426715512,0.1587902055857601,0.2363954708014364,2.419291349952742,65693.724546958
922,17518,-1.9259950683481355,-1.7336636330830832,0.28176998505205525,0.2356022219988259,2.419387687785995,65725.87735587498
923,17537,-1.9198321394891895,-1.8158410194726582,0.1461086060413977,0.23482394166155932,2.41957685176395,65758.56727500004
924,17556,-1.919438888124788,-1.7234492878355037,0.15910794512867707,0.23426657248314636,2.420023561176803,65790.44616400008
925,17575,-1.9182758636917896,-1.7626404900225925,0.16745136500517968,0.23366326742640786,2.42030551712002,65822.80659362487
926,17594,-1.91831507125249,-1.1591070192079955,2.6350604357495575,0.23308539127290098,2.4202798185369114,65855.16526295803
927,17613,-1.9197124712016826,-1.7369754954672372,0.27171855891943314,0.23238532018355637,2.420988424697339,65887.64134258288
928,17632,-1.9253825496878405,-1.6773747854244885,0.3340600868418708,0.2317217368155717,2.421605002578512,65919.60176370805
929,17651,-1.9400300303516316,-1.717708721177815,0.18299583467654373,0.23088862023658685,2.4222051120709565,65951.94989045803
930,17670,-1.918280289592905,-1.547614030988485,0.3493752281306135,0.23025947389829443,2.4223621014126886,65983.08519545803
931,17689,-1.92108134225832,-1.7071068426413585,0.32614361042951495,0.22961269603166204,2.422102421970344,66014.9430504581
932,17708,-1.9170261820968997,-1.7425707532762649,0.15199506868861434,0.22893237989007081,2.4218563494762604,66047.37748170807
933,17727,-1.9215580815410047,-1.7319561003008161,0.17054667353873554,0.22823061038199988,2.4221299910791054,66080.27202249994
934,17746,-1.9181501965233965,-1.795717515522107,0.1418925717018031,0.2276800914234813,2.422302162790155,66112.54177258303
935,17765,-1.9195835021930985,-1.770914198934603,0.1751391440655667,0.2270931721305425,2.422448862377768,66144.65260704095
936,17784,-1.9185189152153832,-1.7981012611003535,0.1585027173248974,0.22637304805420633,2.422711442116218,66176.8198662079
937,17803,-1.91880025097353,-1.8002138916558208,0.15600972695291546,0.225972734761283,2.423154117714321,66209.60398299992
938,17822,-1.9167526922757858,-1.7511066325517435,0.15216892180487437,0.22584960148006014,2.4234484734028503,66242.01409162488
939,17841,-1.9170441132955771,-1.8151402910165129,0.1375210472491657,0.22572746339616978,2.4243658109306017,66274.67041500006
940,17860,-1.9163898683935172,-1.7223108779475234,0.1598864021052225,0.22549891681081954,2.4243072369408614,66307.01163279102
941,17879,-1.9201863781376414,-1.7227652347320077,0.1686050112347548,0.22512292714334536,2.4243003910220757,66339.64348154096
942,17898,-1.9182414794673313,-1.7741759475344423,0.15622170835690774,0.2247350097864282,2.424608572606004,66371.90738674998
943,17917,-1.9186988419245936,-1.718706731486348,0.1610754966710458,0.22441364909661263,2.4246683575157495,66403.81629520794
944,17936,-1.9198531630522662,-1.7680878751333833,0.1590939955647283,0.22381662021511856,2.42502779327605,66436.078583
945,17955,-1.9229072483920788,-1.7050436547792824,0.17490188341150983,0.22320920338994202,2.425377813278436,66467.95985120791
946,17974,-1.9197348527760894,-1.7882203728365524,0.17556307096341228,0.22258891408874543,2.4252052924042227,66499.88725612499
947,17993,-1.9195201290997037,-1.780513117321705,0.15161117100397395,0.22208990636998233,2.4253265827186543,66532.06760099996
948,18012,-1.916432018095564,-1.7207171542205133,0.18603068591819463,0.22186968576295082,2.424927046103812,66563.5452740409
949,18031,-1.9196970753014222,-1.7695833294971914,0.16453053213940907,0.2215347694513867,2.425179481451614,66595.61990475003
950,18050,-1.9225847887988903,-1.7594083358376464,0.1777844842287602,0.22097872760582218,2.4249976746405406,66627.81725395797
951,18069,-1.9230154443287746,-1.7806739302202772,0.1664922729808679,0.22064577148190817,2.4250332097148877,66660.07202183292
952,18088,-1.9212710138439935,-1.6925940630595728,0.1563038724309481,0.22031749471892903,2.4250422508921727,66692.53019179101
953,18107,-1.9186919861063405,-1.6904872995796565,0.16629265129954005,0.22006672024229787,2.425184453412701,66724.9151917079
954,18126,-1.918237523107134,-1.1069359055820065,2.62383206625732,0.2197622688690047,2.42521719169962,66756.86680004094
955,18145,-1.9165456762530164,-1.0932938301915782,2.619607610613833,0.2193573257247967,2.4254315228299883,66788.70521975006
956,18164,-1.9225607183856899,-1.7787562609840972,0.1750930375771622,0.21906304369879265,2.425787336166692,66821.09946587496
957,18183,-1.9212125482263387,-1.0583825663982758,2.613858447594053,0.21888894213502674,2.425890645791832,66853.91626691609
958,18202,-1.9186886520139197,-1.059537990633544,2.6129760050988704,0.21877101156001763,2.4260214560686575,66885.34640966589
959,18221,-1.9158536384196192,-1.0506085031519492,2.608848952615157,0.21864921263289008,2.4261107761208778,66917.43703095801
960,18240,-1.9165990771050803,-1.7579020895019095,0.17941674783202874,0.21841662025310196,2.426184656317506,66949.51339904102
961,18259,-1.919479440579873,-1.7820915304771083,0.16387821747814055,0.21818979077824716,2.4266905885070935,66981.51197079103
962,18278,-1.9215495647979561,-1.7690429221535218,0.1596781521793819,0.21807286877401233,2.4269081300420132,67013.44981212495
963,18297,-1.9202736899031123,-1.6733328300970858,0.2648087199934838,0.21828051508650592,2.426780970324894,67044.66484766593
964,18316,-1.9198655878433653,-0.45348455566852364,3.589259957484384,0.21824779797508415,2.4268496596558293,67075.50640391605
965,18335,-1.9292660725644124,-1.727927206682178,0.1854433531511331,0.2181867459478606,2.4270516855395106,67108.13504237495
966,18354,-1.9205212575833084,-1.754607926292192,0.16780455207652464,0.21829471766898811,2.4270929116595066,67140.7136069159
967,18373,-1.9185216012761774,-1.7633126686288814,0.16819693966122642,0.21844382980226612,2.427247755838723,67173.17108183308
968,18392,-1.919800774183976,-1.7785218354725287,0.1578632328948568,0.2184729666536058,2.4275816794920932,67205.78008316597
969,18411,-1.924486265622145,-1.6767677951763345,0.17218265500961558,0.21840503577924392,2.4276220806891726,67238.13696341589
970,18430,-1.9272251771487143,-1.166390988590197,2.6371331792389507,0.21830327368175706,2.4281819995949223,67270.13487095805
971,18449,-1.9276437216254836,-1.6810852854014366,0.1610322234922773,0.21819114168822057,2.428334805408699,67303.928139125
972,18468,-1.9265939230697726,-1.1673015349234181,2.6368234657195364,0.21798575425978312,2.4280853666675184,67336.07966087502
973,18487,-1.9232105631935985,-1.647071137660681,0.3957706754773364,0.21754894588537954,2.427725194024041,67368.13711595791
974,18506,-1.9222947552020644,-1.7033966414083896,0.16707858068795323,0.21727373269781766,2.4269024450754793,67401.49637420801
975,18525,-1.9259207062128345,-1.7184055647387366,0.1765433902683063,0.21713862938784317,2.4270348682081684,67434.5753627501
976,18544,-1.9205123935915096,-1.7401836722802506,0.15822176692793827,0.21725557003927026,2.427066758779279,67467.18782429094
977,18563,-1.925435690852892,-1.143937900341071,2.6318258897978475,0.21737991152485306,2.4272124948093974,67499.43046620791
978,18582,-1.9203743785203509,-1.7380775837103117,0.15689285501625955,0.2174508761904336,2.4275398643947383,67532.33153387508
979,18601,-1.9228050102394683,-1.144088259110588,2.6314171503694808,0.21757757338388756,2.4279253804259295,67563.96272704098
980,18620,-1.9160003403660983,-1.6981246165949997,0.1635187473741271,0.21770025156325012,2.428646662482283,67596.44523366587
981,18639,-1.919241186064418,-1.6697372380764641,0.16257811707674014,0.2176642609784641,2.428471099577595,67628.53884841595
982,18658,-1.9171235626848082,-1.8012926798737452,0.14285581847886303,0.217819432650736,2.428446518288167,67660.89825024991
983,18677,-1.9220828358253135,-1.7433701986208634,0.16422815100365679,0.2177812635281337,2.4287165902513013,67693.15812258306
984,18696,-1.917581432405981,-1.0151293023384063,2.6003350301461836,0.21773273254984785,2.4288540108149914,67724.7698794161
985,18715,-1.93018270573626,-1.7400873099322294,0.17714454457776194,0.2177087073802443,2.428852646623209,67757.10031887493
986,18734,-1.9226229816653198,-1.0960938162775082,2.621982294357007,0.21744934220453252,2.429131229980076,67789.24790924997
987,18753,-1.921419473011749,-1.1269783489856626,2.628343957408142,0.21732124424678956,2.4293189674900577,67821.24048620788
988,18772,-1.9155622864544064,-1.0164343545352594,2.6007373203015796,0.21724241726200097,2.429354733297084,67853.33599270787
989,18791,-1.9232103795764086,-1.0257400234042957,2.613800470470314,0.2172432222153897,2.4293837082787415,67884.52021183306
990,18810,-1.9207277448182438,-1.7283393177599033,0.16508707133843967,0.21745385630355207,2.428797404801717,67917.09483737499
991,18829,-1.9206100871491865,-1.7285539581355034,0.16647240214335124,0.21772528447704143,2.42940150683578,67949.99346683291
992,18848,-1.9131038404329828,-1.6464478844178647,0.14263299780908067,0.21800769854952112,2.4291704021221485,67982.71205366589
993,18867,-1.9202627493693645,-1.6906658148426321,0.16050444662643173,0.21805592845792085,2.429878943667454,68015.289429083
994,18886,-2.0720340991716886,-1.7352898699585353,0.20443561963772308,0.21800174228349772,2.4296518671464664,68047.94602195802
995,18905,-1.9253317261488032,-1.6887650879285314,0.15464457709173166,0.21792206915487983,2.4295484130445106,68089.29798695794
996,18924,-1.9138559998033053,-0.43041291768972706,3.580197160583392,0.21784890673425494,2.429484142913916,68121.97431041603
997,18943,-1.9256436598645723,-1.7262133067591214,0.1584611680222683,0.21777467608930257,2.4294722962474675,68153.95093775005
998,18962,-1.9213873420291887,-1.6754915118758649,0.18243338187581137,0.2177222894523409,2.4295839915904702,68185.75419829087
999,18981,-1.9216788690112883,-1.688300791306899,0.17124535706582397,0.2176956121823368,2.429833469246678,68218.72889825003
1000,19000,-1.9245265143799868,-1.1204482819884058,2.6251822917847982,0.21763880233817542,2.4298069680841,68251.6044294159
1001,19019,-1.9186847002187113,-1.7876973762064459,0.147090205778938,0.21761374849741288,2.4297466405131183,68284.53232337488
1002,19038,-1.9156645882607393,-1.1297186899139513,2.627174091483748,0.21764320829772846,2.4302688426224544,68317.95196816605
1003,19057,-1.9222788147528318,-1.7340757450663724,0.17780964774374353,0.21761528660422735,2.430193526558623,68351.79203983303
1004,19076,-1.9208714608661004,-1.6817849585882416,0.1750471485512223,0.21750827386100485,2.4304442737264838,68385.67186320806
1005,19095,-1.9463018128452054,-1.7351348605214214,0.15640732774075775,0.21732442910420857,2.430374822644453,68419.32984995795
1006,19114,-1.9298487376634403,-1.728082203204603,0.16594809080512124,0.21713112686932606,2.4306603226237464,68452.83291679109
1007,19133,-1.9206613169394768,-1.6661052954090554,0.16924055722371834,0.21664063279271573,2.430841379296782,68487.09307120787
1008,19152,-1.9204354668220205,-1.7573986151082552,0.1548251244968581,0.21618053593039938,2.430958379345726,68521.68771887501
1009,19171,-1.9248046369668304,-1.0689606280623558,2.613324702471133,0.21583895448477042,2.431000012507767,68555.25100320787
1010,19190,-1.929445058675614,-1.6653418317865758,0.17313345555244106,0.21546246035420408,2.4305715716164444,68589.80989166605
1011,19209,-1.9200806021160401,-1.0921775341694566,2.6199600834714944,0.2150755867395456,2.431203746396105,68622.16523741605
1012,19228,-1.9200007750031087,-1.6637557887888406,0.15395765520203183,0.21483541976528997,2.4312512831150195,68657.45273366594
1013,19247,-1.9185296510074688,-1.1271758239313592,2.6271999358254905,0.21459538463553954,2.432085851275344,68699.82319099992
1014,19266,-1.9265856018723118,-1.6727266125981997,0.17937413251792073,0.21452139114218538,2.431929884727088,68736.61058329092
1015,19285,-1.9233146139925545,-1.712319942947741,0.15155003745529874,0.21466887973647883,2.4321049588034405,68774.62247658288
1016,19304,-1.9936753660286262,-1.7700775751859708,0.17504081641879937,0.214644627321968,2.4325675988709876,68822.49028845807
1017,19323,-1.9245499137315285,-1.6994378137850892,0.15625938032474074,0.21451707398546338,2.4331801567265714,68866.81123383297
1018,19342,-1.92659093642084,-1.7019680876779957,0.16300497151278584,0.21435191931305186,2.43335197225641,68919.84650745802
1019,19361,-1.9235181948963396,-1.740987660728484,0.16169330294328105,0.2143418032576518,2.433815535605127,68964.56763833296
1020,19380,-1.9257868992278429,-1.698042686470453,0.1713632264059232,0.21428421469482195,2.434479314826538,69003.02253841609
1021,19399,-1.9209136846688342,-1.7096388340749678,0.1711465703479357,0.2144371803597823,2.4347628266836523,69043.86545295804
1022,19418,-1.9235193580685532,-1.732428846360661,0.1727033378282273,0.21452843273012476,2.4351203276919478,69094.7273824159
1023,19437,-1.9251858808379523,-1.1014297815789391,2.6207589970534735,0.21464356922128833,2.4357168322093377,69137.01478770794
1024,19456,-1.9277274306922059,-1.1403684399488592,2.6299378130624116,0.21492326028307696,2.436247561093455,69185.47391591594
1025,19475,-1.9276362894003225,-1.7311009978742362,0.15915425457730384,0.21516136560319055,2.436683313156689,69225.91415950004
1026,19494,-1.9490443863622344,-1.7980265382392724,0.1692506600427134,0.21530388466603875,2.437039499957933,69259.38012020802
1027,19513,-1.9362950964691104,-1.7605494977659482,0.16310448610942474,0.21537034436991526,2.4372705176536638,69292.49896349991
1028,19532,-1.927524486892965,-1.1978669458759612,2.6429658803422122,0.215454703965788,2.4383970082649444,69330.29088279093
1029,19551,-1.9195508925676585,-1.733621378214809,0.16953549698861636,0.21543627769800297,2.438440988469843,69385.01458099997
1030,19570,-1.93073351854606,-1.8105204371129822,0.14151740428121562,0.2151738751113065,2.4384810336798997,69419.91957570799
1031,19589,-2.013517383982353,-1.7454734004605332,0.18381486015794513,0.21499254400052514,2.438622636177688,69453.62737604091
1032,19608,-1.9214776754817868,-1.7450970232047047,0.1552268810142732,0.2148806452201424,2.4391315445676787,69486.433636375
1033,19627,-1.914418399828171,-1.5439543248918481,0.44977765401680325,0.21474275316469985,2.4395904060659057,69518.54469958297
1034,19646,-1.9146409681311516,-1.732218244194773,0.17840472111369893,0.21471876392205844,2.439657887731413,69551.29605737492
1035,19665,-1.9232962358033485,-0.9964803888606856,2.6310449131466718,0.21465770096950315,2.439831766731705,69583.75981054106
1036,19684,-1.9353261632725656,-1.5957008102734929,0.44244533185900375,0.2144048567895821,2.4404601841469327,69615.33813258307
1037,19703,-1.9236280008940123,-1.0880938435299956,2.6197939329588436,0.21440172034827876,2.4409274141635895,69647.98245408293
1038,19722,-1.9132484966277934,-1.6778759421425304,0.1603582596385968,0.21435385111389257,2.4414395250753356,69680.67940991605
1039,19741,-1.9146078161392053,-1.727264998907538,0.17015599765107434,0.21424828329499243,2.442494272434025,69712.63381845807
1040,19760,-1.9146321606755077,-1.7244060491468753,0.15337380667932385,0.21413274786625744,2.4427663670117177,69745.52038033307
1041,19779,-1.9176850260031837,-1.704220505883391,0.1614049468602496,0.21373726032339108,2.4432189805088624,69778.38580699987
1042,19798,-1.9118723197715024,-1.6416424556879023,0.15063798872631437,0.21341703996265912,2.4434002896568363,69811.18777712504
1043,19817,-1.91749220450868,-1.682802565530497,0.22548735968708775,0.21329992037038975,2.443307442393625,69843.5867457909
1044,19836,-1.926350672754273,-1.619046258472399,0.5663268406145973,0.21325311631360575,2.442822127450584,69875.75201074989
1045,19855,-1.9212571423369553,-1.6835265391246999,0.15802952253401797,0.21334220999818648,2.4430411205927793,69909.02447924996
1046,19874,-1.9189290343644183,-1.6774243052796367,0.14567208928780068,0.21338799486644608,2.443150856960628,69941.78109466587
1047,19893,-2.023538542193276,-1.7324191730811758,0.17366737120748474,0.21323644272316314,2.443400200984598,69975.62539483304
1048,19912,-1.9243730509210701,-1.7377810651141505,0.14861411388050427,0.2128696216869894,2.443453164112262,70009.16999358288
1049,19931,-1.918464969583063,-0.44725681891279534,3.5866797014895293,0.21265259772909056,2.4438177599459325,70041.1878802909
1050,19950,-1.9207439846176397,-1.7019908889519837,0.14423043138241928,0.21257644408708937,2.4442931316400682,70074.36356299999
1051,19969,-1.903727058471563,-1.6716446277807488,0.15505085245523717,0.2124433729280584,2.445090856174055,70107.14588904101
1052,19988,-1.9218927934943077,-1.742438268339056,0.1555989866346875,0.21225004906036213,2.4441879596665967,70140.0855264999
