generation,evals_used,best_fitness,mean_fitness,std_fitness,sigma,condition_number,wall_time_s
1,18,-0.35954871419380563,0.003728893789362352,0.24015335864727255,0.48306816955073384,1.014412641007448,38.75750245922245
2,36,-0.5613963902321206,0.5240260814266186,2.31191510288254,0.4695679538237561,1.01635615662245,75.61756679206155
3,54,-0.43040723208935905,-0.00452797502856085,0.17009339379943025,0.4579293950771271,1.0178566541642775,116.3066729591228
4,72,-0.5192094177477999,0.5796714558771183,2.2957697310294174,0.44699022352628237,1.0200064110928322,156.0428712500725
5,90,-0.4354106662063941,0.007114543828256221,0.2070091087174995,0.43775204631220904,1.0224277526409027,193.14159095915966
6,108,-0.898756474846726,-0.07089521622063454,0.28942867719841586,0.4302564696974981,1.0249868388138412,230.47876283410005
7,126,-0.40839906428067874,0.04945034251778275,0.20145154629860212,0.42426207753491124,1.0305207756161652,268.80290662520565
8,144,-1.144994068415361,-0.0614257861909659,0.3868421564155132,0.41902613634466523,1.0346593793498413,302.30878729210235
9,162,-1.4584706314718696,-0.1719169389785906,0.44332717051016096,0.41416040389487424,1.0389971720457396,335.76427604211494
10,180,-0.8636601922985756,-0.09600072826122623,0.3467141028498073,0.4106301276988119,1.0443853979654425,371.15761816711165
11,198,-0.7459453816011123,-0.12312101027772664,0.28741187386298966,0.4074328134427943,1.0501982454177117,405.17616120912135
12,216,-0.7849531777524055,-0.08254730306492059,0.2863370187627908,0.40377415469679695,1.0555853769391752,439.64199350005947
13,234,-0.5526834323586396,-0.09476594810589188,0.21111830652686822,0.40009877047689935,1.061390341070959,473.88073079218157
14,252,-0.6642320847534888,-0.08133784465390824,0.22548463213078135,0.39660299668095056,1.0668622931486578,506.92421920900233
15,270,-0.6160865403891638,0.40755242508596906,2.34103768172579,0.3938550733288183,1.073425761941321,540.4036022501532
16,288,-0.755036728279852,-0.20518281352450782,0.2908065400858696,0.3913454296964371,1.0799264462495368,574.7928264171351
17,306,-0.6007064439081073,-0.14174439795607466,0.2445768922871911,0.3901973410363745,1.0883848059318646,608.9100769590586
18,324,-0.2665296666513832,0.04640995875425243,0.24758589573387188,0.3891662978919278,1.0962123097729717,643.3446188340895
19,342,-0.345361375987852,-0.026970619263225772,0.16317283152094733,0.3882733274286385,1.1038416326818097,678.1286829591263
20,360,-0.42027033277606485,-0.006465511122310986,0.22068463881902364,0.387365999268523,1.1111234757994433,712.8678135001101
21,378,-0.6575624415693273,-0.1348502757627315,0.1870559330643455,0.38561169326079076,1.1184061933654161,747.3901182920672
22,396,-1.0218356469080012,-0.17112279420705154,0.32847030603146793,0.3837262564119865,1.1253677641792057,780.813860667171
23,414,-0.7852376727454908,-0.2102545700886599,0.3256028214172893,0.38164616381661903,1.1318390543556298,814.6999512091279
24,432,-0.5957423185450033,-0.06060504876720607,0.2193598465896242,0.37892350987231066,1.1376709446260154,848.2374528751243
25,450,-0.61680468872395,-0.09227504633176903,0.24516764731545793,0.3768892135884013,1.143919078037537,881.8967460421845
26,468,-0.8208646962379991,0.46823154108194043,2.32374937297513,0.37435801528147544,1.150352901682223,915.5169400840532
27,486,-0.7462309220178165,0.3666527422146523,2.3525361144924375,0.371998872935037,1.1569422124893256,949.2840836672112
28,504,-0.8535076888532718,-0.21001598018059975,0.25294868274619664,0.36990968129337554,1.163408006116216,983.0763172090519
29,522,-0.676614001636251,-0.1823930430380556,0.21233850036298615,0.3673489299317604,1.1696566961248451,1018.4249852090143
30,540,-0.4381487595873077,-0.10018714882884033,0.16372975680276197,0.36538030842175556,1.1761046392069479,1052.7348701672163
31,558,-0.8504658377981098,-0.2921245703789558,0.3052894188908803,0.3622238258120253,1.1821186093864546,1086.6421665002126
32,576,-0.3804325485175122,-0.061107413577042385,0.20649548653662508,0.358992716999585,1.186901372734454,1118.253516125027
33,594,-0.8399743145850209,-0.30118224094851626,0.3939652135898557,0.35596402254529663,1.191372263104867,1150.5781452090014
34,612,-0.7168592536615428,-0.1403926917907873,0.3283239436504478,0.3520135899639589,1.1953647067822815,1183.8434445841704
35,630,-0.6660738038160492,-0.1608530892128137,0.25817711852932457,0.34902059455064777,1.2004705390217372,1217.2679232091177
36,648,-0.5897947285903005,0.49320621025343,2.3160614271996405,0.3466976082935173,1.2051646602346509,1250.34623629204
37,666,-0.8194668777484164,-0.11962838259210039,0.42892286878216446,0.3444273904631688,1.2098345312594985,1283.6720347921364
38,684,-0.74754847220066,-0.1592607746235444,0.28252225457608804,0.34206300821586727,1.2149321517291602,1316.651696417015
39,702,-0.770949247951588,-0.19557536602838907,0.33169023595634956,0.339672867298865,1.2198610404415962,1350.605654250132
40,720,-1.1389041200225112,0.20946870246887514,2.4307833627991133,0.3377108940234407,1.224874338256325,1379.6199043751694
41,738,-1.080311914821964,-0.3162979379993585,0.2900849437103375,0.336047422464372,1.2297515677742383,1408.8387718340382
42,756,-1.4003438622934725,-0.27881213440054475,0.33570134867994206,0.334248904485356,1.2343036757354617,1437.7055124170147
43,774,-1.1339868474905366,0.2654624851879575,2.406126732060835,0.3324508403222991,1.2394707100361129,1466.619952209061
44,792,-0.9717645035103253,0.24481463568737238,2.3795420368674294,0.33106161729217687,1.2455171513543066,1495.1739772500005
45,810,-1.2332604627208141,-0.32232870935729685,0.4209652267692382,0.32941013606072794,1.25104603469412,1523.7887557921931
46,828,-1.3378783652679376,0.8704091072429273,3.294633238968159,0.3277813756197097,1.2567833798821666,1553.1340176251251
47,846,-1.4394804795190153,0.20806709618687394,2.4326704153646146,0.32629323309611674,1.2632907214290112,1582.2703915419988
48,864,-1.5144755568635961,0.10929506283540756,2.4549097944118268,0.3247227065134394,1.2693526181040948,1611.7783538750373
49,882,-1.044193697979546,0.24395117993121238,2.3959886093140006,0.32334413353178326,1.275244712731825,1640.1482617091388
50,900,-1.4262744156483178,-0.45069473837132673,0.5266424695954849,0.3214769214962951,1.2804697977071828,1670.107980250148
51,918,-1.3136104178842931,-0.5387638324027384,0.3291445626227096,0.3194989453486158,1.2849647312664425,1701.6650580421556
52,936,-1.3224850362989002,-0.5722855995495135,0.36014350651582344,0.31770438241080196,1.2894445556082639,1735.591470542131
53,954,-1.3417127255323624,-0.5802777785595796,0.38968730450282835,0.3161769626260145,1.293768275204245,1769.8064985841047
54,972,-1.2607925552119692,-0.4840164525420487,0.38673305002008773,0.3143296379301747,1.2984188239332741,1804.373132834211
55,990,-1.3307174312369598,-0.4790558174293452,0.3637506258250265,0.31242455480054776,1.302525282265617,1839.2824681671336
56,1008,-1.0168506901155956,0.1253715111604471,2.41247894843957,0.31055878850354346,1.3071775291424317,1873.4321710420772
57,1026,-0.8577012586974515,-0.4001205263579648,0.29215176887095445,0.30832697027499806,1.31190304408246,1907.8567120421212
58,1044,-1.1689574102783,-0.4562762237349096,0.42925169186538853,0.30634327971660275,1.3166279680175792,1941.349428292131
59,1062,-1.0564401788452606,-0.3871544848911701,0.446490456403909,0.30417013051850833,1.3213353145481275,1975.0490128751844
60,1080,-1.1899865721178013,-0.4514410304534532,0.3507545808820312,0.301250500487318,1.3250112838922001,2008.280361500103
61,1098,-0.9736707999493115,-0.31928547997950946,0.3302404332354954,0.29866496203280446,1.3291932104088453,2041.2229431250598
62,1116,-0.9454507557115654,-0.4488996676440162,0.28116913334966565,0.2959696493075481,1.3328575476157885,2074.07103616721
63,1134,-1.436290101717006,0.031631339405426694,2.448444016078307,0.29354923097581953,1.337805764799298,2106.967922959011
64,1152,-1.3618774537071117,-0.5578602586967781,0.3937853244088632,0.2915894742516858,1.3421038356289354,2139.608812584076
65,1170,-1.2054641623845663,-0.5216933724022373,0.36832619108116066,0.2898672281903346,1.3462306467071925,2171.9222553751897
66,1188,-1.3346329737100113,-0.7014397976006425,0.3833523999517075,0.2876985041750478,1.3504616635260098,2204.2765788340475
67,1206,-1.5651719706615532,-0.5827364245289902,0.4929790127917344,0.2857719238412784,1.3541572791992655,2236.5842407091986
68,1224,-1.326595341012042,-0.7006026733455644,0.394307194687301,0.28435744751862885,1.3577889217194514,2269.880301834084
69,1242,-1.417403028223994,-0.052757726823269194,2.46541018347338,0.28367872849569625,1.3614258001922104,2302.3150990840513
70,1260,-1.3945280421519124,-0.29498160957916214,2.5196813183433857,0.28324364316486916,1.3656365822781178,2334.888931875117
71,1278,-1.5571842677170071,-0.31812864060859714,2.524036754120253,0.2826039306335479,1.368881001199371,2367.848754875129
72,1296,-1.5027877114716484,-0.8002270034600585,0.34889224116935524,0.2816373048258081,1.3722139430415803,2401.2023310000077
73,1314,-1.5677542970478182,-0.7243769536083172,0.36032917722819524,0.280717016568844,1.376048366169564,2433.6211169171147
74,1332,-1.4278204189060313,-0.6495190221659288,0.48461495839528246,0.28031802396143196,1.3793462869271966,2465.7871732502244
75,1350,-1.424091015924894,-0.8048405638099912,0.36699765967663356,0.2799198750818317,1.3824034699251264,2497.852209834149
76,1368,-1.4250331902183753,-0.713731276007617,0.42003004419842205,0.27941695320048104,1.3856960720312055,2530.708044584142
77,1386,-1.525647716190063,-0.3973775301378318,2.5400254287279047,0.2794763066817093,1.3883321674882085,2564.663958084071
78,1404,-1.4573283696847232,-1.0191812755827074,0.3801246671986537,0.28020125447977945,1.3908670618827883,2598.1067133750767
79,1422,-1.3892065941218288,-0.9060420656968113,0.3775802468072063,0.2813495816097198,1.394194745829807,2634.4278082500678
80,1440,-1.546420603299973,-0.35959398541628235,2.541989131199484,0.2825438191445485,1.398172573054509,2667.950678959023
81,1458,-1.537393913789371,-0.24396278973409558,2.5153384842120157,0.282597801061115,1.4020512968788974,2702.5741552091204
82,1476,-1.553606915491681,-0.8506192216682318,0.3655748733202501,0.28310011163937904,1.4049363029916389,2740.3004440001678
83,1494,-1.5682067839547367,-0.7981836950290353,0.3638779508296817,0.2833530688187887,1.4079569499498978,2777.430982834194
84,1512,-1.450950242792536,-0.8018482139606422,0.503259717966518,0.2831569143021944,1.411310428553098,2810.500001375098
85,1530,-1.3998425803095422,-0.8487808640870562,0.4278355079440421,0.2829222406537083,1.4155033480200025,2844.1878023750614
86,1548,-1.4949850664613624,-0.41978559311929625,2.543853360489586,0.2825726520024959,1.4198889841321276,2877.5457407091744
87,1566,-1.607082913818025,-0.5227932977857424,2.5753464162257704,0.2819785604728522,1.4241726129527894,2911.840125417104
88,1584,-1.5155626364585073,-0.4350046781455887,2.5706468362073362,0.2806614791291878,1.4275802997288602,2945.3467181671876
89,1602,-1.5465808250164388,-0.9674395949164949,0.3987189308189263,0.2786418682359932,1.4307822589067527,2978.1106859592255
90,1620,-1.6129492342452636,-1.1529097530911594,0.391796150775962,0.2763701381912678,1.4337579888962277,3012.760540125193
91,1638,-1.5820979083512237,0.10238153109301375,3.5160314311819487,0.27396771708420276,1.4373226004559045,3047.8014597501606
92,1656,-1.5393257218136531,-0.585755445502318,2.584837676540229,0.2712518778192564,1.4402469055559826,3082.835035833996
93,1674,-1.6120905757577813,-0.7331423096300715,2.609389312731984,0.2686509228009858,1.4429108489372378,3117.533975959057
94,1692,-1.8090080388288632,-0.4742899848636908,2.5840262265520866,0.2673375045229795,1.4474291626633644,3153.323852292029
95,1710,-1.6557244424689337,-1.0890094310806266,0.4301374896459783,0.2658262827338987,1.4507581618791563,3188.5875242091715
96,1728,-1.615511800984125,-0.4519807275702117,2.5631166989372947,0.26472129093389263,1.4547362103668684,3223.5799800420646
97,1746,-1.6233366717918365,-0.35956573772696643,2.5661877077793522,0.263783954808742,1.4585478624034358,3258.378626542166
98,1764,-1.9550146143432041,-0.6675578202898911,2.622750594156001,0.2634509157092036,1.4625616306510016,3296.4383575001266
99,1782,-1.725890019254848,0.5814628864246717,4.230333789654647,0.2633959488129666,1.466348422500414,3333.7072141251992
100,1800,-1.9079059297790946,-1.1722708821972243,0.5270869075090592,0.26357125262224995,1.4720479951829877,3372.338321584044
101,1818,-1.7325583850459347,-0.0759854428015793,3.589678497438547,0.26334304732961533,1.476737912905642,3411.4779459591955
102,1836,-1.9688975114332439,-1.2774980912129295,0.4957619331470009,0.26286195748830554,1.4808372531455072,3449.1053283340298
103,1854,-1.710342035700589,-0.8061916992384774,2.6467667000374484,0.2626058897655718,1.4852197591558198,3489.71479587513
104,1872,-1.9778161836563202,-1.3763695837554244,0.39726654944512463,0.26197163599225176,1.4904009834179222,3529.637279417133
105,1890,-1.9195853793410755,-0.8276373269187798,2.6406300753973047,0.2613465539876161,1.495686841044266,3569.593565000221
106,1908,-1.7055796383883886,-0.6369379593342046,2.6260447494634316,0.2614925452021435,1.500201043433306,3603.3043385001365
107,1926,-1.7393577503345528,1.775155942793976,5.106297329770415,0.261780542732939,1.5042730717368045,3635.2702760840766
108,1944,-2.254760520473224,0.34749857509790677,4.327225205107251,0.26214980374562713,1.5091561799846198,3669.032273667166
109,1962,-1.7370771786970538,-0.7190866057429682,2.6404369825813774,0.26336020754266837,1.5149123531052442,3708.2371127090883
110,1980,-1.6494722111071454,1.351038598567794,4.639350365853096,0.2643567606154258,1.5202305755086971,3742.9117152090184
111,1998,-1.8968299340508454,-0.23017346204742906,3.627173957286727,0.2652978852130034,1.525017067596008,3781.8982444170397
112,2016,-2.0780787750294345,-0.31017722188645297,3.653402197281291,0.26520065903137396,1.5304016960879006,3821.294602875132
113,2034,-1.9576861538216743,-0.09682904109201568,3.595221702528329,0.26443961543226907,1.534610255454673,3859.6833032090217
114,2052,-2.1062141361142106,0.33218368027639755,4.326234344418874,0.2637455227505511,1.5391455466940995,3897.3099281250034
115,2070,-1.7858289831611476,-0.12322891199420027,3.6063916810516203,0.2628842083900362,1.5427344025484357,3936.4390934591647
116,2088,-1.6991880761078821,1.8442452688762054,5.074498810372682,0.2620463181295508,1.5457531760098964,3972.6961520002224
117,2106,-1.8496203325126541,0.4404381571268353,4.284384795489995,0.26122473554253794,1.549343764012456,4010.418430584017
118,2124,-1.848665189349263,-0.006457805707044153,3.5783677533955585,0.2605563237964727,1.5519993495501045,4048.4619877920486
119,2142,-1.8441342648592771,-0.0027834904077362766,3.5723161175854656,0.2599983687633408,1.5542368639681647,4084.8348051670473
120,2160,-1.8994595237953238,-0.6536555514737471,2.6336130628917545,0.25946460756843215,1.5574249359657275,4123.683291917201
121,2178,-1.713771337220547,-0.1603633667347946,3.6051938141564226,0.258964519763991,1.5596201314321168,4162.596183209214
122,2196,-2.016074125499042,0.5233097403493358,4.255650896512587,0.2585990877913231,1.5631580044705984,4200.317879000213
123,2214,-1.8366430541840821,-0.8091213074066333,2.6482035746522934,0.25821282419145414,1.566304091998511,4239.36754675
124,2232,-2.031904179364127,-1.4769644045798864,0.4314666790939098,0.2574888913875072,1.5695977930360485,4280.0948670001235
125,2250,-1.8502712495065095,-1.461319643720612,0.3457753638779809,0.2561920904171959,1.5725627958122719,4325.854422875214
126,2268,-2.203720142668458,-1.3961780819977232,0.6155447319695242,0.2549508360691885,1.5760824525539534,4366.351768667111
127,2286,-2.2119925717715327,-1.0843260482776287,2.6973446751715473,0.2537946066111918,1.579289452346852,4406.8205272920895
128,2304,-1.9391009187589732,-0.26780314598154364,3.647607796842177,0.2530092826369678,1.5825312450451112,4445.736536959186
129,2322,-1.8978970219777223,-0.19845503867474834,3.627483283264629,0.2518438308110043,1.5856572975346506,4483.229207625147
130,2340,-2.04853727290198,-1.6653493194356335,0.22778837773356805,0.2509140772497233,1.589115974254335,4526.068446250167
131,2358,-2.0624475787847247,0.4182010463652365,4.310155873589308,0.2500407368022402,1.5925334620082316,4567.521633084165
132,2376,-2.308338319802778,-1.5885700740164055,0.32707895705801576,0.24881261264688756,1.5955128632507871,4606.286342709092
133,2394,-1.9912942066482318,-1.5232377459305488,0.39665918736451494,0.24794413880423824,1.5989332223494634,4647.029168709181
134,2412,-2.0093153079663897,0.342812408380303,4.334003414269437,0.24692289285674932,1.601582539709775,4686.299923375016
135,2430,-1.895602546972961,-1.5410618897126873,0.2367658270093934,0.24592518102940247,1.6041085795379206,4726.201146334177
136,2448,-2.0249337997807664,-0.34881469567301576,3.6637833558651898,0.24458897414772762,1.6065385215892716,4771.430479959119
137,2466,-2.222423074000516,-0.27716395141310984,3.660052755901118,0.24369126961039672,1.6095929645453007,4813.378206500085
138,2484,-2.103218026088306,0.33968769298402424,4.344544259145981,0.24317523728934595,1.6120947847899345,4852.292332334211
139,2502,-2.030842916335701,-1.035808213653619,2.6847244908687795,0.2424579163537532,1.6139736943629757,4896.303555375198
140,2520,-1.9107080386958022,-1.084093766990532,2.691388219436489,0.24241791282383815,1.6165436913282627,4939.42894245917
141,2538,-2.109741193240801,0.8203109686353294,4.909223108186239,0.2424864491467934,1.6190781018359808,4984.31223037513
142,2556,-2.227646379704874,1.505701929040886,5.274849375298562,0.2426341910424815,1.621409942203823,5024.440495250048
143,2574,-2.208431590884317,-1.7275427230202038,0.20930323102928963,0.2426105735669377,1.6246022968801823,5069.518514125142
144,2592,-2.1265454579834557,-0.4020210808181026,3.682122096422866,0.24283555923375896,1.6290282183862619,5116.325503417058
145,2610,-1.9509064854277822,-0.3582105718045429,3.665894633767466,0.2427826733585497,1.634172946259603,5160.846875125077
146,2628,-2.172063689913956,-0.29747614376644815,3.651424127373133,0.242654151351483,1.638994350275459,5203.8482177921105
147,2646,-2.0872731280526575,-0.393396208598663,3.68135900846507,0.24269851881091367,1.6427322222355045,5249.464514167048
148,2664,-2.220715494536248,-1.1058258494094457,2.7113409065444998,0.24241421417267622,1.646234231692906,5293.563325042138
149,2682,-2.2028660300226197,-1.7749668135339085,0.3719544973352705,0.24182380175992013,1.6497168362939088,5340.306890084175
150,2700,-2.095204068115046,-0.9943674289142534,2.6839675192406642,0.24155406921011716,1.6549954638297701,5383.874884834047
151,2718,-2.037948925098525,2.2324209841142584,5.500600503132149,0.24149706329599008,1.660728597484643,5428.711911417078
152,2736,-2.0864424849780625,-0.9824515797849974,2.67870201631124,0.24120064100654035,1.6657661475963177,5470.423548917053
153,2754,-2.3407010293374038,-1.8016316585628955,0.22331463365071524,0.2409253573377707,1.6700522867022243,5513.170472291997
154,2772,-2.147108327321381,-0.35446623011394296,3.6940057581242614,0.24039318016007316,1.6741316866910312,5555.565373334102
155,2790,-2.0575151022350946,-1.6199890853862584,0.4735226347723732,0.2396894257986659,1.6778062579240094,5601.980379084125
156,2808,-2.139501452226059,0.2764385025101969,4.358767733670381,0.23898915207675078,1.6815345309434284,5654.9288450840395
157,2826,-2.0059204780285396,-1.7182037833581418,0.18466648897754218,0.23863420236264668,1.68490135171642,5701.555421250174
158,2844,-2.1909579750565706,-1.214851875732219,2.726082752745668,0.2383759976864992,1.6885592328736128,5747.807238000212
159,2862,-2.369765419665179,-1.6512787616255613,0.6212081377471528,0.23806149153539805,1.6920403368511985,5790.334749292117
160,2880,-2.1551764201218235,-1.7921624289257483,0.16337516375141833,0.23769758745879513,1.6953951009673698,5833.6825536252
161,2898,-2.0865995887857416,-1.796376708666583,0.16150458570221188,0.23714333856066228,1.6983777834950933,5877.719944084063
162,2916,-1.9548632994873794,-1.1249328783374166,2.700521168860763,0.2368395645260036,1.7014007695008815,5922.154112667078
163,2934,-2.379936291584747,-1.1664762351826294,2.7161894320455833,0.23719662720873672,1.7039364777814598,5966.372050209204
164,2952,-2.169521999478308,-0.3942263122297529,3.6848985287052574,0.23817035560444244,1.7070693970140702,6008.9591652920935
165,2970,-2.105394934668062,-1.7026855103620204,0.2178291127829072,0.2388047646585384,1.710197317649745,6049.674852292053
166,2988,-1.8206917895385342,-0.25167149588259724,3.642032567617266,0.23929436372505167,1.7118556226711545,6086.657860792009
167,3006,-2.032289910833218,-0.971271995527048,2.678586616651761,0.23979973624014242,1.714149606157915,6122.913041834021
168,3024,-2.2503537418495245,-1.0678480687262024,2.7033270425165585,0.24047551769044065,1.716391472086352,6160.886776375119
169,3042,-1.9778283499561686,-1.008789556244896,2.6777523405933046,0.2410031921172146,1.7204484416183794,6197.506524417084
170,3060,-2.3330628974947625,-0.43049037181019734,3.702137373589211,0.24075422470060107,1.7235552920572157,6233.7319794590585
171,3078,-2.2922517554901507,-1.804226066579953,0.21560045383650372,0.24058273577588402,1.7254258025536968,6273.864771334222
172,3096,-2.3248508151650844,-0.5385971054544114,3.7336524824572517,0.24040684872212348,1.7274974942566592,6316.179565292085
173,3114,-2.3996099243607043,0.9249736595312802,4.86817513799811,0.240024742008096,1.730156517840647,6350.726076250197
174,3132,-2.252735249989474,-1.0046259997212326,2.7368717842711847,0.23990763976209464,1.7322077275715477,6387.695500292117
175,3150,-2.225910414324819,2.102334497041986,5.586826788947761,0.2397722126474486,1.7342520990838566,6423.255936500151
176,3168,-2.2770918681631485,0.7332122914522734,4.960437260209819,0.23999757818920112,1.7360169504718055,6459.281111292075
177,3186,-2.371351173769474,0.8902870378917469,4.87648327958825,0.2407109764063403,1.7380683400543158,6495.117125750054
178,3204,-2.2267115222666316,-1.6003777715188763,0.4703671586064682,0.2411137531994651,1.7398101878500292,6531.540251834085
179,3222,-2.216873288753801,-0.9316552018519102,2.6992512910874744,0.24176230887555905,1.7410133867508624,6566.580154500203
180,3240,-2.085986649468047,-0.9778435101322999,2.684775003442036,0.24271558967223042,1.7422846626759743,6603.782737250207
181,3258,-2.210825187621608,-1.2166008804360744,2.7278506146681,0.24366011192539408,1.744259369912529,6640.838143542176
182,3276,-2.2171322577615045,-0.2463189206562927,3.6475412544454366,0.24442341967870154,1.7463485344486078,6676.632540334016
183,3294,-2.1620833996028583,0.1839719486771886,4.393604338040359,0.24519870768498617,1.748027343008579,6713.305841625202
184,3312,-2.2432860008312208,-1.8926977811877572,0.22201208794148594,0.2456358274893111,1.750141781863942,6750.915205375059
185,3330,-1.9930528435625248,-0.15559553694967343,3.628002015147102,0.2457570895811236,1.7516946045985378,6786.702578667086
186,3348,-2.0400498343527103,-1.6102945938313722,0.25806391914456606,0.24618160606426387,1.7536357548230905,6822.435391875217
187,3366,-2.3621472396026704,1.5207465286378543,5.270224819461013,0.24720670136295184,1.7560940833126422,6857.15317116701
188,3384,-2.3511409153200553,-0.43402670381299474,3.6977039614841267,0.2481566524444466,1.7587517587032937,6894.499856917188
189,3402,-2.282443665569964,0.8436339926672543,4.910700827949095,0.24911057408826165,1.7604423752202143,6930.496188167017
190,3420,-2.328249238424996,0.7600494792810055,4.943789887205501,0.2501268597804838,1.7622673673775902,6966.296297584195
191,3438,-2.131036251802861,-1.0397296618645915,2.7060782459909873,0.25103028064028526,1.7638611571938794,7003.969270542031
192,3456,-2.2091640275197153,1.4666262690054925,5.295725648746516,0.2521632921939725,1.7656139243383977,7041.686263584066
193,3474,-2.1758107774507978,-0.4052817266567261,3.696706817305518,0.25304009121057525,1.767712099427926,7078.630868000211
194,3492,-2.2119145943610845,-0.2849802856110275,3.657527211490496,0.2540480434731501,1.769253959187568,7114.289223375032
195,3510,-2.174534197254328,-1.1425102928902975,2.7193031311797604,0.2548873871732198,1.7711457436539737,7153.085388375213
196,3528,-2.0112421157390323,-0.46044403779729315,3.704406654170837,0.25589090297364886,1.7740560347293368,7194.140055750031
197,3546,-2.358971350728993,0.854278090826308,4.90127309103085,0.25656160634349207,1.7763956714368094,7230.742154459003
198,3564,-2.295454568745038,-1.0157950581202366,2.6985022616461034,0.2569931293110774,1.77831087970507,7269.220049167052
199,3582,-2.197755910989457,0.16450106418580338,4.408081981453306,0.2571710511972477,1.7801605242877263,7307.201213334221
200,3600,-2.2284187997893747,0.2178115626851729,4.387336430444828,0.2572837980062428,1.782540939822528,7345.722636874998
201,3618,-2.2089342915866,0.8256183985074578,4.909526172727065,0.2575039725637807,1.7854714954148603,7382.664875167189
202,3636,-2.115258973291452,-0.20992893554303238,3.633302713820769,0.25770219713224135,1.7891889564850512,7418.6414567090105
203,3654,-2.0116661323542737,0.8724113400705745,4.881283787580765,0.25781073031009744,1.7928954657046932,7455.553298917133
204,3672,-2.29389409064731,-1.0485790866307367,2.704744799256703,0.2576384874881515,1.7977492563160329,7492.853558875155
205,3690,-2.0621779283150676,-0.46816416655653587,3.706159129458101,0.25695782744299456,1.8016638886222622,7532.104192417115
206,3708,-2.011092349844988,-0.9009666578254101,2.6925254653589445,0.25638508539174676,1.8047605192396383,7568.988326042192
207,3726,-2.199337264072454,-1.0735858725702083,2.69327307708565,0.2554806931066149,1.8077277340740312,7607.399346334161
208,3744,-1.853123822437691,-0.665442702750392,2.6557984632258735,0.25451296528331935,1.8099685174007916,7640.999891125131
209,3762,-1.9183586607572423,-0.849368955176769,2.677168707676678,0.25361785316649965,1.8125422780881189,7675.938193792012
210,3780,-1.9639077740744444,-1.4965826704577405,0.369064963954667,0.2526877379053338,1.8144035562171628,7711.353508667089
211,3798,-1.935418211214293,0.40411490901120506,4.31843573643612,0.2516123570338555,1.8159821125860796,7745.967591084074
212,3816,-2.1675898655713626,0.39352395755363323,4.32504414937815,0.2501007250980706,1.8178509258633528,7779.9430926251225
213,3834,-2.1671132249556013,-1.4198545525969704,0.5747094183202501,0.24855354057179951,1.8196223882147269,7814.901485625189
214,3852,-2.1436206880478315,-0.42702497389514477,3.6925967101805495,0.24693567655651288,1.8229869334202995,7852.323417667067
215,3870,-2.3357517848876586,-1.1020056256742885,2.707938299986455,0.24537496054168184,1.825160330343673,7888.880064959172
216,3888,-2.27098324059431,-0.38083310524705505,3.6799279158718927,0.2441837180456585,1.8276961885932228,7925.465614834102
217,3906,-2.1656402287196506,-0.9835531136135857,2.690764971827692,0.24347761625744144,1.8300755334704255,7962.335429084022
218,3924,-2.1746240588065895,-0.35279143407484487,3.6763455454665395,0.24264311486942663,1.8327319734315222,7998.748552334029
219,3942,-2.264709524657196,-1.8943911067175287,0.20731624499507878,0.2419702556276119,1.8352097989081244,8038.147542042192
220,3960,-2.109222092120447,0.18673177936749047,4.398267923900678,0.24127641015911178,1.838754573193358,8075.700972791994
221,3978,-2.203140407046779,-1.1724966303877622,2.7159083433555393,0.24120428677803052,1.842227175888888,8115.326310792007
222,3996,-2.1686806186799354,0.22233567972673127,4.375930604070004,0.2414785042859849,1.8459067233828652,8153.741840375122
223,4014,-2.0372904465403394,-1.7230220483983443,0.3005483071118536,0.24180260658350375,1.8498973834331929,8191.841213709209
224,4032,-2.178890763386122,0.9181753962305663,4.8568389385364785,0.2416518538091105,1.8531091533201898,8229.120685917092
225,4050,-2.047423446223578,-0.9331252144218252,2.6730207410845375,0.24122217809506036,1.8556875909776642,8265.835727459053
226,4068,-2.2298687481253916,-0.18498381905423145,3.669127219448764,0.24061184986153783,1.8579553941720452,8301.924025625223
227,4086,-2.130104845883046,-0.3273266436708582,3.6749537981913556,0.23998828194414518,1.8616609941891293,8339.977115542162
228,4104,-2.200959069265178,-0.4131598723871994,3.7100519775465215,0.23873491402007663,1.8638565661234519,8377.37261950015
229,4122,-2.10842912050363,-1.2000344933285507,2.723879973787239,0.23749974907538451,1.8678292479441592,8416.647514209151
230,4140,-2.3659646787473947,-1.0781587470356813,2.7047310285903916,0.23643033006123043,1.871539696441737,8456.251586292172
231,4158,-2.2196970985458493,-0.4835995486834995,3.7436602831098744,0.23595087694323458,1.875785137686189,8495.06545512518
232,4176,-2.1351892050608674,-1.147913991930858,2.712161043302002,0.23522342772964194,1.8788248362147442,8533.909891125048
233,4194,-2.139536659495665,-0.4865189675532097,3.7101184616671556,0.2347687727067013,1.8825518467967253,8575.576037209015
234,4212,-2.2137605802521905,-1.2356621141488193,2.7308033659460427,0.23465826019636477,1.8851298862097743,8614.785684209084
235,4230,-2.1054653507300123,-1.1327069471794826,2.7055335459743697,0.2343315803005382,1.8892974953850805,8654.042174875038
236,4248,-2.12246460527526,-1.0846127412775277,2.703985126317942,0.2339521486615098,1.8914422070269077,8697.431261584163
237,4266,-2.1777972992608814,-1.8153166796016142,0.2139697815709405,0.2332869419443349,1.8949700386943078,8736.731936417054
238,4284,-2.231013808834458,-1.238124310646202,2.7324288288666203,0.23265580074837044,1.8984234556480653,8776.444532709196
239,4302,-2.155616789340416,-0.6604688519248005,3.770196606401341,0.23266940060213054,1.9015543311263978,8816.415042500012
240,4320,-2.1428046024436282,-1.3057720708580465,2.74557403348332,0.23259417570767008,1.9050399584338773,8857.60450158408
241,4338,-2.2830410115979847,-1.173558556151998,2.7196293020082107,0.23235174055642524,1.908660244543826,8898.00219612522
242,4356,-2.2921677130272555,0.6472147797724586,5.002190425709673,0.23220466530647405,1.911901268603631,8937.735439667013
243,4374,-2.182801539567587,0.14041516398227852,4.413965155645857,0.23178609221070126,1.9157282108713876,8976.548680250067
244,4392,-2.3173131918521226,-1.22708596891984,2.7473693937065273,0.23157806697481995,1.9191191380101518,9019.08620858402
245,4410,-2.392212209820324,0.12813507120455803,4.441600037905865,0.23144901665069118,1.922368162157473,9060.116782542085
246,4428,-2.21341292801194,2.077360748550688,5.607684116269842,0.23159698550137012,1.9265963363525844,9099.797888292
247,4446,-2.314416818492431,-1.250427492645329,2.7370780532566186,0.23172724336747877,1.9311967426866374,9142.763767542085
248,4464,-2.3504362115178457,-1.934492771406051,0.23572015472587463,0.23185050229555043,1.936126990838846,9188.512004542165
249,4482,-2.2195981221725996,0.7500092374063009,4.947734901204584,0.23178491886032104,1.9393889474535646,9229.965603625169
250,4500,-2.1700996467917997,-1.1694014947613156,2.717962872454094,0.23200262009667133,1.9424203006659158,9268.899559292011
251,4518,-2.2265574821489285,-1.014064643976643,2.7113402033528198,0.23133862839817448,1.9459480666041995,9307.5284105842
252,4536,-2.218756885528562,-0.584911786842476,3.7461872446978854,0.23132404396784165,1.9492785780438746,9349.020314667141
253,4554,-2.2657582358156714,0.17705557602501573,4.400939833448059,0.2313427818419583,1.9532240562212426,9387.127441417193
254,4572,-2.295663544165231,-0.4976596403872801,3.7173533601287283,0.23146760929164437,1.9588980890850443,9426.017549709184
255,4590,-2.2687533029245257,0.12061264280725473,4.426890751347237,0.2318215393196229,1.9629163027568468,9463.172575584147
256,4608,-2.4157296922456784,0.8311327019923522,4.910754774545719,0.23236959111557784,1.9670823400729425,9500.576691625174
257,4626,-2.267567050391992,0.03406761957146198,4.463097418120938,0.23244479558312497,1.9711705176685401,9539.757754834136
258,4644,-2.219553001268054,-1.1472280637080816,2.7132858081584357,0.23206973378213058,1.9739653609791254,9580.149347209139
259,4662,-2.349133103368594,-1.1376939983409664,2.7209511568367777,0.2313737177410518,1.9764406150767206,9619.61707516713
260,4680,-2.2789735348954263,-0.4098587769872033,3.6918058850170294,0.23037032417434367,1.9781163069705245,9657.521729084197
261,4698,-2.1762620784632385,-1.8949018634688,0.21091131913288347,0.22957713292656512,1.9794091615524325,9698.935319875134
262,4716,-2.164094002585796,-1.152245641909575,2.711964408420028,0.22906772234581702,1.9803660054126109,9739.88382550003
263,4734,-2.3119771920872156,-0.6302230369323237,3.7644237626680246,0.22935921123411038,1.9814519977378868,9780.515397667186
264,4752,-2.2302666466512697,-0.6921013846216906,3.783455662986573,0.22914051175529374,1.9830475542896402,9821.455700584222
265,4770,-2.3515824117498902,-2.0320096022830763,0.16226522285385306,0.22863897017060536,1.983979264669094,9862.848977125017
266,4788,-2.3893504817147964,-0.6041916439838777,3.758716094208229,0.22795110270540855,1.9843615765822662,9902.23970229202
267,4806,-2.3451136844478637,0.09974940753844219,4.444156055234573,0.2276363166867971,1.9848449349411126,9940.970140375197
268,4824,-2.2976263888096575,-1.8415838582496573,0.27980508395700704,0.22756346126746252,1.9873877781727587,9981.754799667047
269,4842,-2.3420344615248343,-1.9814344064874152,0.2313696057995843,0.2268030198880704,1.9872148654172388,10023.533723959
270,4860,-2.287040259596329,-1.8043267734083495,0.23261051260575905,0.2260386028359745,1.987752327659372,10065.94106820901
271,4878,-2.3578354900431737,-1.2476684924161834,2.740823002761603,0.2253394410309489,1.9881199610328766,10107.484977625078
272,4896,-2.522363298109404,-1.9542461732406105,0.3467104760569562,0.22533791523011515,1.988988539503801,10148.293101292104
273,4914,-2.1336734310931873,0.21288108084537946,4.391279923485896,0.22509300526426218,1.9908190449534442,10185.02698887512
274,4932,-2.1135281645972457,-0.5340462214251319,3.7281104143902617,0.22468895446374057,1.992317231956445,10224.688144875225
275,4950,-2.2123987366839044,-1.1619171998693107,2.73153840098003,0.2240872500403266,1.9936537638237222,10265.242162917042
276,4968,-2.566877418873735,-0.47439403282911996,3.725919524129427,0.22339138496510533,1.9933271027871127,10305.00221975008
277,4986,-2.2057259122141386,-1.133478245076561,2.721085828303484,0.2225689138443923,1.9940414365997716,10342.750107417116
278,5004,-2.4087412504489807,-1.7252504792731298,0.3534075652216945,0.22142978138791555,1.9954628119384905,10383.493073167047
279,5022,-2.2360594982709108,-0.5497797905226806,3.7363509005171824,0.2199262754037273,1.9971104533396296,10436.359669792
280,5040,-2.1450798507668605,-1.0853078330522798,2.700683703349316,0.2187565975535391,1.9977519545184725,10483.985693667084
281,5058,-2.33005812163789,-1.1952585320110047,2.7303362071040036,0.21783316522094137,1.9982299318004055,10540.69441766711
282,5076,-2.3747315618714486,-1.2899206224268307,2.750572038205279,0.21660390109486033,1.9986885771224856,10589.885897417087
283,5094,-2.3972784592903933,-1.93751637189907,0.34252944915093686,0.2154117243546049,1.9988353551953921,10639.583575209137
284,5112,-2.3709492342800864,-1.18133363968195,2.7293487005352257,0.2139499328597123,1.9980742249784647,10691.698736125138
285,5130,-2.399313430059225,-1.2298672427994441,2.7349192290862607,0.2123910320971443,2.000007321495995,10740.20481650019
286,5148,-2.4392817165445586,-1.9648514498745324,0.28064681457880053,0.21098293885746996,2.000747495872843,10792.032801417168
287,5166,-2.336995211287451,3.9922288246164674,6.009026494549198,0.20919185729518294,2.001761946071359,10833.668069834122
288,5184,-2.2634661199474224,0.003293210464219623,4.474503799419271,0.20799779097240179,2.002335812039425,10880.632084250217
289,5202,-2.4840266994820706,-1.2570191300576918,2.7555034591442005,0.20657543166160247,2.002586864289863,10925.288543834118
290,5220,-2.3519406816395403,-2.0021708630130024,0.2866013283063883,0.2051788007364147,2.003028758643032,10974.055968709057
291,5238,-2.454965098386245,-1.9144619185729859,0.4149962115638714,0.2040518701299955,2.004614917843205,11021.623064834159
292,5256,-2.2738884051303234,-1.256649059655405,2.7441332026105605,0.20317980006780026,2.005705432520187,11068.772836000193
293,5274,-2.3827529222644173,1.2764246267269772,5.412480393353526,0.2023546872934162,2.006880134457611,11117.041945334058
294,5292,-2.4031936333796677,-0.4615855728835123,3.7134711803980163,0.20114972819222418,2.008895652338718,11161.420784167014
295,5310,-2.3416026852345984,-0.5347599401238566,3.7466797244088927,0.20006796334488924,2.0093843464486993,11209.630710042082
296,5328,-2.379540098207235,0.2913922543285875,4.375260909331501,0.1991589082167908,2.01045825082335,11267.627537709195
297,5346,-2.3656020555531554,-1.209761123473279,2.746835091688841,0.1987092029526935,2.011224920779226,11320.892257417087
298,5364,-2.2861372116657552,-1.2691345537097964,2.746695794912757,0.19807784423252198,2.0122993934609634,11372.49643370905
299,5382,-2.4029761642982175,-1.800894943692633,0.511790070351422,0.19752647953097102,2.0139700792836224,11419.967926417012
300,5400,-2.612207319756609,-2.0158737451961977,0.3850632268237821,0.19732766237858945,2.015176596470974,11466.843671584036
301,5418,-2.2885303209096475,-1.144667920679009,2.7202642831415598,0.19725361055699142,2.016507800202164,11511.297612459166
302,5436,-2.388214221636349,-1.9750424940785665,0.3235253471259063,0.19691270138938802,2.0178989648092416,11557.610954584088
303,5454,-2.3664000846858233,-0.7117935038844836,3.793676326122645,0.1967118164425671,2.018557072902316,11603.106044709217
304,5472,-2.4619197993508752,-0.4585209171378178,3.7284500985270452,0.19642010795250844,2.020038201719523,11641.771522667026
305,5490,-2.475334787990078,-0.5948277383884464,3.7627223337406095,0.19600644349615964,2.0215003794602597,11681.276696500136
306,5508,-2.373846210677035,-1.3652406782104656,2.7689854792696527,0.19585153875996278,2.0225369586719633,11723.959315042011
307,5526,-2.3348823832508563,-2.03588745308786,0.235967310884121,0.19578079047439764,2.022744422738569,11765.728449459188
308,5544,-2.4600039402689715,-1.7188535968388992,0.6376244823339032,0.19551960607124508,2.024150460733002,11803.995502084028
309,5562,-2.5154299060102554,-0.6802067521702574,3.792046755952984,0.19540540247253402,2.0249551274806397,11843.161134375026
310,5580,-2.378130302471859,-0.5900056866906853,3.7553986513391577,0.19551455406153442,2.0260140861353264,11885.814339417033
311,5598,-2.4619937874320317,-1.14117778999941,2.736883754114244,0.19512771817575042,2.025837862510438,11932.191340209218
312,5616,-2.5711456794008094,-0.7813260248136512,3.820020519154979,0.19479368496792818,2.026724630273995,11978.092571334215
313,5634,-2.461996346190925,0.1158384629580788,4.442686354668321,0.19422217176594123,2.0282171655090058,12020.62264416716
314,5652,-2.3646750191874575,-2.046508381276318,0.2972631467901133,0.1931689560298568,2.0284932220771474,12069.454180375207
315,5670,-2.4375776835357077,-1.4241276412865025,2.7783500514455213,0.1922516907112687,2.028746760130472,12114.598591959104
316,5688,-2.556334509537954,-1.3875734566268474,2.775793839859829,0.19142768838536442,2.0283868925768096,12161.255449875025
317,5706,-2.440293380746021,-0.6297995099585746,3.769836805142151,0.19069139235260935,2.029637605256692,12202.411430250155
318,5724,-2.3658977336313463,-1.8585207885813952,0.35650078372804656,0.18969197000654348,2.029871093426897,12245.43106108415
319,5742,-2.3518813892693693,-1.9699885428743384,0.2495414535012824,0.18863134917522442,2.03010761417824,12293.574935917044
320,5760,-2.3467284101460453,-2.037215310145133,0.23234167797854707,0.18753962834797752,2.030403868464908,12342.754047209164
321,5778,-2.3849240679847665,-2.0216307243270144,0.25800983247381326,0.18636147318825366,2.0326680520722533,12389.172780542169
322,5796,-2.454522077208928,-1.2598829813839219,2.7572027800224874,0.185590576240358,2.0333572931050066,12436.866874375148
323,5814,-2.37028702619877,-1.1844288138987258,2.7495734698315233,0.18475962494543738,2.0347251942094795,12487.250618292019
324,5832,-2.3898664688907725,-0.7723286826550615,3.8136916161492103,0.18398770809785922,2.035622225385107,12531.736269709188
325,5850,-2.3239044434111773,-2.0233834452038866,0.2471453124059741,0.1831248918105391,2.036803958853659,12586.670426834142
326,5868,-2.3457797015688846,-2.0536505939674523,0.24840816005666855,0.18235821227804422,2.038346654838154,12638.586415125057
327,5886,-2.3104287535764687,-1.4267672630991615,2.77469651581886,0.1819770115176036,2.039588013391467,12694.432327917079
328,5904,-2.492326352837389,-2.0534085351369846,0.20727457786228462,0.18147606333132885,2.0405813060123514,12742.503967167111
329,5922,-2.43808743797184,-1.345385047256731,2.76042336185167,0.18038148913306581,2.0412612698563253,12790.249990750104
330,5940,-2.3657163458610073,-0.06207075515325047,4.504948049995111,0.1793548732304249,2.0416683411288212,12832.564364834223
331,5958,-2.3695399275605205,-0.7551587244192587,3.8079845161188084,0.17822868496367686,2.042633466140854,12881.853747709189
332,5976,-2.3353001501270385,-0.7465230808690267,3.8022121255416983,0.17730366846870643,2.042853894295287,12928.19812116702
333,5994,-2.36839238104852,1.9312689606474729,5.707164385713576,0.17655299588595588,2.042648478399869,12973.18077070918
334,6012,-2.290236851738748,1.9433182954889088,5.699241029088765,0.1758183877049356,2.042777530375673,13015.085781792179
335,6030,-2.405651214208743,0.02049300510533926,4.470101973778901,0.1749654389934389,2.044145060066778,13070.543573625153
336,6048,-2.407162571916652,-0.02722934537098751,4.489010665035826,0.17402892095906802,2.044986833822681,13123.862383041997
337,6066,-2.3124718759908567,1.2253515836643603,5.442733343982344,0.17332778590591033,2.04642410885865,13180.220965167042
338,6084,-2.408613495919823,-0.082400605433249,4.5135043915581115,0.17279804620036412,2.0460113701388654,13223.010134417098
339,6102,-2.1870822388906404,-0.6130374408131385,3.7581951353984113,0.17202826869012725,2.046339389809529,13261.832129375078
340,6120,-2.2842201631703585,-0.008203936885212136,4.478845995507386,0.1712484188577274,2.04637090573209,13300.77944695903
341,6138,-2.344931404697364,-0.0378264406304493,4.492310551722879,0.1707167054493398,2.0469156657802876,13344.914214834105
342,6156,-2.3975090326245745,1.9269249177245358,5.711383332352381,0.17043692763850873,2.0482924577954673,13388.155664209044
343,6174,-2.3179247181259117,1.273436984461705,5.4146200099535235,0.1701043245204575,2.0490144788273903,13430.522810917115
344,6192,-2.4148726493526147,-0.12823479227660245,4.5344899638529785,0.16957593777952068,2.0491319994864043,13476.39552854211
345,6210,-2.3513936131577053,-0.06592448365927245,4.505153721374919,0.16873545751509222,2.049457551323844,13522.763709459221
346,6228,-2.2782610554129987,0.0388830887230834,4.461215580905606,0.16795444491753367,2.050790736356293,13568.311763042118
347,6246,-2.4572047260748158,-1.3150510858930298,2.7556658969039023,0.167128626386898,2.051145997419161,13615.89156633406
348,6264,-2.373181266172663,-1.4477497653984435,2.7817685910125105,0.16622054689441698,2.052033931292663,13663.115892500151
349,6282,-2.396795596418913,-0.8231122336846544,3.828942486654535,0.16529919633711676,2.0524179299558596,13709.697398584103
350,6300,-2.3964760745757085,-2.068638845136273,0.2574253513848115,0.16455464471309014,2.0525220018429544,13759.178989459062
351,6318,-2.3912343808794385,-0.5936867709143825,3.755128750012272,0.16409404782293066,2.0540145096925375,13800.645266625099
352,6336,-2.4463003018378204,-0.6832531826479136,3.782237295730263,0.16364619470020517,2.054609655070328,13843.627330875024
353,6354,-2.4652010954480974,-0.028849970433682523,4.490384243759633,0.16301164854405914,2.05509092221252,13889.926590250107
354,6372,-2.3772803418149224,0.6396253762372708,5.006880176333532,0.16245053758659178,2.0562938588099198,13936.406148709124
355,6390,-2.370920078910166,-1.3477772996131383,2.765514046647433,0.16211627543687296,2.0568842732213137,13985.600008542184
356,6408,-2.444205343325456,-2.1345827924074174,0.16496401457594517,0.1618641419000163,2.0575034143244775,14034.209821833996
357,6426,-2.368847995255806,-1.2545462671831742,2.7481541614839116,0.16173278797157822,2.057434868559942,14082.912890542066
358,6444,-2.414447999309251,0.5796533818729118,5.03793546620249,0.16164146011489997,2.0575515080302913,14128.545255542034
359,6462,-2.394218849561688,1.2622416296728578,5.421031438604799,0.16158906696452457,2.0571989633604435,14172.003049209015
360,6480,-2.3232417627726845,0.6615013737886835,4.996648479043272,0.1611541924448225,2.057263397866932,14216.769625750137
361,6498,-2.467949723918602,0.0564330968904096,4.4566447961230535,0.1608469680842291,2.0572852310237764,14264.616913542151
362,6516,-2.4460160009902068,-0.5513523360800286,3.7552635881741057,0.1602907515055058,2.0581754057112733,14310.93922762503
363,6534,-2.454051203010903,-1.2470004148286724,2.7516489941317586,0.15971021511197808,2.058515013490845,14359.103452792158
364,6552,-2.4720192166061317,0.603628861816935,5.030143800302173,0.1592922944316262,2.0589375044855935,14405.609655959066
365,6570,-2.3939184167754997,1.3641275772049428,5.3625848857748455,0.15872188541583815,2.0587407931700596,14449.732521125115
366,6588,-2.5976297985317385,-1.28684274587328,2.75273429366452,0.15823186624578525,2.0595374174722885,14498.508567625191
367,6606,-2.501016079958685,-0.7626062335542891,3.8119162556592907,0.15794248162760074,2.059683127324535,14547.57577670901
368,6624,-2.439985046598818,0.6656327454813113,4.998064703341215,0.1578037511354817,2.060891937778748,14593.796645667171
369,6642,-2.3717598336668884,2.024364709508384,5.645154730405604,0.1574099062106324,2.0616724038461935,14638.167777042137
370,6660,-2.494227722508059,2.081754824472265,5.605623990212045,0.1572187404308323,2.062602508996886,14681.620482750004
371,6678,-2.4794067568564593,-1.220654281231076,2.7432988284291406,0.15692001696009192,2.0623194079347638,14727.579579542158
372,6696,-2.4067948002744557,0.694952030511895,4.977846034633766,0.15659136514399255,2.0625586747039932,14768.952173958998
373,6714,-2.4184705277039686,0.03423545436064347,4.464915295672683,0.15612784943040464,2.063530776768497,14808.671317125205
374,6732,-2.443704948633589,-2.1890886204074884,0.1250080627288617,0.1550876746570105,2.062855257557697,14851.345931959106
375,6750,-2.419052299034372,-0.06243503239948711,4.508591888644526,0.15401676293428868,2.0630378502843634,14896.353414417012
376,6768,-2.3514723150807,-1.8958275687815354,0.2630650127201283,0.1528559918083615,2.063136890098281,14946.936525042169
377,6786,-2.3813175588785542,-1.1107329864563773,2.709661466931001,0.15164401495914298,2.063534161227093,14999.021280292189
378,6804,-2.4106909905021734,-0.5566467351953818,3.7430981295676387,0.1506951712360156,2.0637976346755447,15046.288423417136
379,6822,-2.519837257039991,-1.8811275884728396,0.3312479436609535,0.14985263429270892,2.0643810979511215,15094.091533750063
380,6840,-2.4236766268470413,-1.4423900847785964,2.786625704007009,0.14898001361355445,2.0660226303426272,15141.429671999998
381,6858,-2.5153925077341053,-1.413897499310969,2.785304831728646,0.14828111336461852,2.0659063413929624,15188.671081000008
382,6876,-2.404643802482853,0.0447483446816217,4.4591918879140335,0.1475727202492724,2.0665666329028283,15235.05125370901
383,6894,-2.427981636064797,-0.7982553146460992,3.823622600361638,0.14691404470371902,2.0676375259339546,15282.041083792225
384,6912,-2.530686935517244,0.5619585084748183,5.0520187982156,0.14616399522745707,2.0679028123362717,15327.10101458407
385,6930,-2.3931747692483967,1.9257541742866349,5.713819904828716,0.14560239483505544,2.0678874395916615,15370.154080959037
386,6948,-2.411565016250459,-2.0461769052228225,0.29311860888189534,0.14495554422762377,2.0682197203703137,15419.876440750202
387,6966,-2.5778156786422954,1.9806706015557312,5.678509373741053,0.14472563624504411,2.0684402114839697,15464.39105845918
388,6984,-2.378922938795371,-0.05855105109462327,4.504009105396801,0.14453749829235368,2.069150222737208,15512.718785667093
389,7002,-2.4962596769651015,-0.0829370419619745,4.5158983107742765,0.144460307752896,2.070271107379992,15562.341609334107
390,7020,-2.5018894824063747,-1.4646437442228308,2.7918634043593697,0.1445751584462436,2.0700781479676853,15612.975275667151
391,7038,-2.379396531772363,-0.029761397213357712,4.494204769938802,0.1445441768732541,2.071307082955081,15660.041007625172
392,7056,-2.419065994141877,-0.5764394151391714,3.750936710025944,0.1446954295190614,2.0712847843047246,15707.857755125035
393,7074,-2.553644474938999,-1.5145457897096666,2.804022045088898,0.14474964569180698,2.071578303458457,15756.764838375151
394,7092,-2.6799159426058305,-1.4502165616088436,2.793306193281498,0.14512855707405456,2.0712333645380396,15806.461148041999
395,7110,-2.6834712074923392,-2.0147808045939537,0.3847133105605469,0.1455034089874315,2.070762095522506,15854.851392125012
396,7128,-2.4306629762019405,-1.3814939762120193,2.7773293015676224,0.14552184215190003,2.0713701312344215,15903.179246250074
397,7146,-2.450023511451787,-2.1456842731479857,0.26699186438498895,0.14557990789944072,2.072141172733377,15953.365054959198
398,7164,-2.423027841648578,-1.5292599269011469,2.8004010247485085,0.14551829188777038,2.0725825218651206,16001.33299691719
399,7182,-2.4584980328049495,-1.4892491869122113,2.7938688258287745,0.1453890158817069,2.0727609209946807,16050.776600959012
400,7200,-2.4489076287663503,-2.2293621264328314,0.2559881173695413,0.14541970312388536,2.0728121314142736,16101.45826683403
401,7218,-2.504858218310056,-1.5933720285730764,2.813499639602892,0.1453867163475221,2.0743809598337553,16150.713860917138
402,7236,-2.48980769294759,-1.426050568235039,2.7912039585013377,0.1452092143214169,2.0753930528581055,16201.365591250127
403,7254,-2.443307479634491,-2.129132195228376,0.3249604894025064,0.1451610615918119,2.076215582729842,16251.276123084128
404,7272,-2.4594535939663853,-0.23297832553820352,4.581160941696984,0.14506366120632033,2.077060972192078,16298.22224137513
405,7290,-2.446255081449247,1.870333299480117,5.7542406684281335,0.1449394025224456,2.0777543192605425,16342.586300542112
406,7308,-2.4410031878449576,0.6282796046060174,5.016803159519907,0.14458661744583495,2.0783346347797105,16390.368004292017
407,7326,-2.574703516153217,0.5398329295023127,5.063681245755066,0.14412983961796896,2.0785047706888147,16436.619463834213
408,7344,-2.506905176998565,-1.476903351802016,2.7978092026897925,0.1440651262774546,2.078700098941288,16484.403904459206
409,7362,-2.4647887857670696,-2.151790978528623,0.2919959068637597,0.14407505460448877,2.0797898613962764,16534.0694102922
410,7380,-2.5208102378625665,-2.2875704731794415,0.16908801966134349,0.14384139213192879,2.0794296417022933,16583.582890584134
411,7398,-2.5508617323189577,0.6026438914504444,5.033573212782388,0.14368154100363548,2.08014482454062,16627.9751865
412,7416,-2.5227603579519156,-0.18152084280173822,4.5569989531903925,0.14364219047928606,2.080736591084629,16672.848207417177
413,7434,-2.49981627827983,-2.2196333206145624,0.1871318226211257,0.14350393396544134,2.081134081218329,16714.309729458997
414,7452,-2.4073089620834027,-1.3601562043119024,2.771436709623242,0.143342049081543,2.082606181450265,16755.522017042153
415,7470,-2.5611678757633216,-2.2162026979139924,0.2038332808814839,0.14355933938371124,2.083776956465831,16797.405210792087
416,7488,-2.4042056195624655,0.5801343014681164,5.039912089939747,0.14335466080078005,2.085695403927014,16836.16739279218
417,7506,-2.5240039469559696,-0.737405840024985,3.805348160002051,0.1430340603419702,2.0871333158753185,16876.011479334207
418,7524,-2.4899815995785954,-0.8011814041500712,3.8248381361561443,0.1427544809149851,2.087357382625863,16916.547621459
419,7542,-2.491418991994102,-1.4770978048581382,2.8023841350259375,0.14286616210239625,2.0865121739068857,16957.999216167023
420,7560,-2.5803471461604777,-1.50461020282822,2.802243214995464,0.14270481305672472,2.0863954014562576,16998.575412417063
421,7578,-2.4828579823854895,-0.08042130470390263,4.513830622878178,0.14270915157358316,2.085362852668803,17038.82163716713
422,7596,-2.5225999241083255,-0.22204979049575377,4.577144206574581,0.14236104839257682,2.08649153840186,17078.221322417026
423,7614,-2.407306398247578,-0.11178470375905297,4.527578160132164,0.14207199413750482,2.0877492867905207,17118.228046500124
424,7632,-2.432655597834224,-0.5992921899483226,3.763227836521901,0.14171314797287615,2.0878293717845144,17157.619866167195
425,7650,-2.4940775298725653,-0.8284470248088541,3.8389496013587454,0.14104389576481216,2.0883575802430125,17198.64798962511
426,7668,-2.441300256061902,1.2434039679177535,5.437119195177899,0.14043513065146387,2.0885824120099983,17236.694471875206
427,7686,-2.4374209978484997,-1.2924188518061768,2.7571837591473747,0.14008345516169804,2.0884611231439836,17277.541786042042
428,7704,-2.494084400362876,-0.6002461836150961,3.7739622807143247,0.13965782059253753,2.0897240302735534,17317.756852042163
429,7722,-2.394956271725622,-0.6741002148257113,3.78071563668224,0.13936463612781122,2.0907324656201416,17357.85299100005
430,7740,-2.4872083360511033,2.5170285057988093,5.971421183470803,0.1389442909427783,2.089903983998182,17392.197834084043
431,7758,-2.448564123140398,1.2277220278565197,5.443731166519955,0.1384032957163599,2.0902422769479507,17429.931142500136
432,7776,-2.4644721063983663,1.2429103065072087,5.435096416463659,0.13791747359402565,2.09084046300849,17466.974468167173
433,7794,-2.450373045017951,-0.16238770365624955,4.548426899481976,0.13729284613717202,2.0909469664285787,17505.893810292007
434,7812,-2.460722495164357,1.269319613592942,5.422793707085361,0.1368445686227092,2.092114271217518,17543.951687834226
435,7830,-2.447419902109415,0.5361904452825772,5.063864614547498,0.13647435814111478,2.092328349110075,17581.839370584115
436,7848,-2.328523585873787,1.4858834481855872,5.288114852845126,0.13611990688908823,2.094093393747328,17618.48639745917
437,7866,-2.4792238937103432,-0.6868461018682406,3.799960363406106,0.1359650840715287,2.0950541440437633,17658.572651709197
438,7884,-2.486590733264864,1.2185932884700843,5.450045303469982,0.13575123973544795,2.0958192729030944,17696.07841308415
439,7902,-2.5054221528200507,-1.4887372838638495,2.808199796984384,0.13558899069866637,2.097646494701533,17737.95580525021
440,7920,-2.476997673563724,-0.6765421968255781,3.7891216089007984,0.1353842866378987,2.1010687118987827,17777.33881554217
441,7938,-2.514851497812647,-0.05501068676244055,4.509054742118435,0.1352899551705968,2.102679796101509,17818.259784833994
442,7956,-2.4084747271732794,-0.6779674032547559,3.7842226333972517,0.13501749446525535,2.1051226959148375,17861.082627292024
443,7974,-2.483860862844698,-1.5078091118958783,2.8035717394603714,0.1351366203228116,2.1064683380287446,17902.35950812511
444,7992,-2.4641501229085727,-0.8369542597626831,3.843257306416256,0.1350299295381242,2.107494176410556,17942.286712625064
445,8010,-2.43006208618793,1.9433954995522364,5.70208260879257,0.13509946849380036,2.108989530775321,17979.514563000062
446,8028,-2.4611870065557073,-0.016115213212113448,4.502742863381698,0.1352342380977391,2.111834845803069,18019.163368084002
447,8046,-2.3734131179281244,-1.7084440521958344,0.45687318432391744,0.13546719404323168,2.114477479094462,18060.365466542076
448,8064,-2.4226530076959407,0.1003595665199007,4.462067594861296,0.1355989584217722,2.1165319455539358,18097.295016834047
449,8082,-2.5110875249732207,-0.7427842629206692,3.821275023612913,0.1357053248105829,2.1193600905762287,18136.050486209104
450,8100,-2.4728257175401427,-1.307346648361105,2.759920933878196,0.1358663857772443,2.1214683970646253,18176.662499292055
451,8118,-2.476890906791207,0.5060023254761055,5.077258491748685,0.13613759338353285,2.1263064006083856,18214.70518825017
452,8136,-2.4700017659806,-1.354743433601733,2.7826478846654896,0.13640839037052738,2.1297403069357443,18254.030355375027
453,8154,-2.475000193197555,-0.6485282570162823,3.7888167839621696,0.13681728977842555,2.1325524876880926,18293.006127834087
454,8172,-2.407708889689948,-0.6875088210221657,3.793156019523123,0.1373391741717269,2.1354028114249317,18333.026193167083
455,8190,-2.520935365680642,-0.7085447198298249,3.806925892213812,0.13750554377762944,2.138388509860203,18371.627544667106
456,8208,-2.47691708674691,-0.03180588710070283,4.494716132830235,0.1376046358257962,2.1415016140341185,18411.012524791993
457,8226,-2.4880119515450096,-1.457376635577498,2.795042094203053,0.1376449748179194,2.143035519542727,18451.06702375016
458,8244,-2.404267587523409,0.06934841569926611,4.459446275830639,0.13752859649265997,2.145443488128964,18490.94090291718
459,8262,-2.491477968619506,-0.7352633842583551,3.8119055408867046,0.13752780031977857,2.147215031415871,18529.87014250015
460,8280,-2.537415070085057,-0.7610371222025758,3.8391433803200665,0.13764845032325146,2.1490405374847397,18569.34684150014
461,8298,-2.3813229322627314,-1.0183291030623458,2.7069444679004286,0.13771413296033097,2.150822466863378,18607.745722459164
462,8316,-2.6327112487909923,-1.3858851104422132,2.7919426721406637,0.1376770315991323,2.1522501564234764,18649.261329292087
463,8334,-2.4828913783786972,-2.0812420287169164,0.38430613609212294,0.1374411585174492,2.154845399397179,18690.44924837514
464,8352,-2.492197093534593,-1.4949188296212164,2.806213700759736,0.13705608868539856,2.156989530844661,18730.987437209114
465,8370,-2.476891530434804,1.8469168370804563,5.770771589770804,0.13667619908918735,2.1585486622747947,18767.87515420909
466,8388,-2.4659817292719977,-2.2536381667885794,0.17461701878450261,0.13636250679911188,2.160806171859286,18808.99916958413
467,8406,-2.5408589849267234,-0.15825946628895002,4.549355318226868,0.136037472686177,2.162465115872554,18849.83429204207
468,8424,-2.5320165923345708,-1.5482977564790277,2.8098902066410845,0.13579794008313417,2.1648607216056113,18891.545732000144
469,8442,-2.4597999408716364,-0.6983137814732157,3.7969790872337343,0.13576633837559532,2.1649765268465457,18930.935074959183
470,8460,-2.5078505076115416,-1.3250020213476041,2.7670618106597336,0.13564906410882335,2.1685095295814536,18971.713298125193
471,8478,-2.490296210357979,-0.7355906502015686,3.808523356573082,0.13559246349472354,2.1712757174291055,19011.24422587501
472,8496,-2.475243703885426,-0.013285550543941661,4.488119277756009,0.13562090624276607,2.174402316333344,19050.118914709194
473,8514,-2.6323352261699804,-0.9394902763738292,3.8774318719787613,0.13572577323549082,2.176689073951503,19090.916461375076
474,8532,-2.5120478525745806,-2.1278551955544986,0.38009172487296955,0.13594493326135093,2.179815519436727,19133.13691250002
475,8550,-2.532066651543032,-1.551882363483725,2.8140608017966455,0.13636680752150043,2.182516135838068,19174.29961266718
476,8568,-2.476475685459522,3.8483861731384477,6.153099100114643,0.136536147150578,2.1865414479206207,19212.48982354207
477,8586,-2.493509524889958,-0.8367037023955731,3.84146128085385,0.1364192679534525,2.1895743273487973,19253.6253683751
478,8604,-2.6242471144500854,-0.939230959170332,3.8698564221867424,0.13608113968626281,2.192591695982859,19294.181328459177
479,8622,-2.604617093068875,-0.24892356663198445,4.587496791411618,0.13595688658048635,2.195711765544368,19334.772983792005
480,8640,-2.6601653024766243,-1.3855606869197143,2.8070930642439054,0.13556720022599586,2.198493344638005,19375.556513250107
481,8658,-2.518228865781733,-1.5310901701517554,2.8077317534938744,0.1350843303623237,2.201337134408304,19417.10683316714
482,8676,-2.5109928650329527,-0.9497296047398726,3.8807687576633647,0.1349135620173077,2.20357404894475,19457.833915834082
483,8694,-2.5395533324193167,-1.3161237489890742,2.7876042990283967,0.13485284586694035,2.2057107671075373,19498.732756459154
484,8712,-2.508600472418244,-0.9290083556418208,3.87249089521477,0.1345689760450751,2.207655385763304,19540.71208825009
485,8730,-2.4831563390103164,3.266718022821975,6.029052371456795,0.13389926555447212,2.209194899044844,19575.490519000217
486,8748,-2.5028188738201784,2.4504074219216125,6.0231951836540985,0.133208645466564,2.210476214220708,19611.0793856252
487,8766,-2.481638523490439,3.189003550540752,6.093871777279993,0.13256332158307688,2.212137125996419,19645.770840625046
488,8784,-2.478257479540545,-0.9285862523261612,3.8683665088021066,0.13191841978708416,2.21403572457513,19685.970006667078
489,8802,-2.485495030480707,1.2593972193125786,5.426208368269935,0.13150775115284283,2.2156519209900876,19724.170326875057
490,8820,-2.507317621279163,1.8674196545709387,5.759341692779442,0.13092354652421861,2.2181364562383137,19763.22564008413
491,8838,-2.5081459563998685,0.49335262031621796,5.089211199692056,0.13047613928513518,2.2206895442837764,19802.74659558409
492,8856,-2.4908331417089866,-0.6546813807082386,3.7915808088664247,0.13009747916526707,2.221601011573257,19843.434364042012
493,8874,-2.5283556434257473,-0.784630918125974,3.8258722213344205,0.1299062820628462,2.222492662121349,19883.614154792158
494,8892,-2.500593850007904,-1.643380275185249,2.826790930314487,0.12968683228654163,2.222232772052694,19924.90234466712
495,8910,-2.524210375259052,-1.6366151803027043,2.8273131965335705,0.1295439400891091,2.2219697772509863,19967.120353209088
496,8928,-2.4892753698481926,0.4059848485866502,5.132651653090677,0.12957375687825157,2.2222027597689054,20006.671764250146
497,8946,-2.4981573645927995,-1.6619358698651832,2.831754871872647,0.12943638444792088,2.2228799915467414,20048.961494209012
498,8964,-2.4928117666358687,1.191602136898335,5.468470243622565,0.1292848057869253,2.22276213252214,20086.151952792192
499,8982,-2.4444744603264206,-0.8888443570594597,3.8545506709372854,0.12906186260529648,2.2229095117640183,20126.96109837503
500,9000,-2.489072442591652,-1.6247135747928405,2.822365050793463,0.12896211763975116,2.223571212386941,20168.507472417085
501,9018,-2.5247539746144976,-0.28200707303102857,4.606922627162713,0.12884385702426934,2.2242753550858323,20208.37050108402
502,9036,-2.527899693303392,2.4728880943396887,6.0059160233501006,0.12835249384855804,2.224833652590879,20245.494130542036
503,9054,-2.482674630652943,0.4696997348927001,5.096745365421836,0.12795823344823504,2.224676910078712,20285.3487192092
504,9072,-2.49707439828166,-0.11639155208884218,4.534707655710112,0.1278056254316724,2.2257183684355,20325.98157937522
505,9090,-2.4810613323841744,0.44104914010316926,5.111139800369429,0.1276528440024044,2.225885517752332,20365.769286917057
506,9108,-2.5180710897021217,0.3591836544958794,5.154717481898271,0.12754527722902242,2.2262219811764394,20407.549948292086
507,9126,-2.489232242330375,-1.5666587169503807,2.81783424349918,0.12747277327113052,2.225864130093069,20449.05938079208
508,9144,-2.5004501998155173,-2.3263415723394187,0.20109359434000562,0.12701702891472544,2.2262541865154866,20490.785744750174
509,9162,-2.4620568740196367,-0.2209304912522013,4.573387025662433,0.12651087717949935,2.225946729004303,20531.77410404221
510,9180,-2.487921189385206,-1.637662354981209,2.825196015791128,0.12582646914694806,2.2259229091005612,20573.141529209213
511,9198,-2.4863318583077776,-0.8757019154069392,3.8504298023727737,0.12514598097273477,2.22559949068629,20614.089968584012
512,9216,-2.499673293650385,-0.29387386399312615,4.605479298915331,0.12468461014256853,2.2261513234907686,20656.021444084123
513,9234,-2.54437488825688,-0.26407273153501937,4.591742821894646,0.12455530274712995,2.2262850085693495,20697.193116084207
514,9252,-2.5466966058779357,1.0939158396550046,5.524450661492873,0.1244750199788212,2.228166644667755,20735.538726250175
515,9270,-2.568766823170867,-2.3876263172607213,0.12547771725629106,0.12438552111095467,2.227898886602527,20777.83552675019
516,9288,-2.529019837400482,-0.9691836741628025,3.8839635215848287,0.12434672740106076,2.225848567375876,20823.276862292085
517,9306,-2.4988891751911715,-2.3482237543987647,0.10114577588527737,0.12403321593986139,2.22745040362713,20865.448056792142
518,9324,-2.495550547395967,-0.8933991587961173,3.8552783588181807,0.12362241319430582,2.2276787807744736,20906.152612042148
519,9342,-2.514676901443582,-1.6376017226055366,2.83306392081518,0.12358277460643817,2.2278327248709884,20947.468914709054
520,9360,-2.5168326680807476,-2.320357474960323,0.21399607606612364,0.12362607700767371,2.228331082687775,20989.927066459088
521,9378,-2.5064880642875447,-2.300355085558413,0.1619079464823985,0.12328029857297505,2.2288355694061788,21032.374478167156
522,9396,-2.599054344590408,0.48238255448949247,5.093422956289973,0.12286526035240136,2.2289240283675564,21071.914485792164
523,9414,-2.58315742371513,-0.2526374500408315,4.588298570245282,0.12238070071485159,2.229260581596901,21111.43429308408
524,9432,-2.4944451084518455,-0.8639542227462449,3.8486514996960115,0.12170457670068884,2.2302843063950455,21152.10141345905
525,9450,-2.490793629914281,-2.3501194769310665,0.1038540021207786,0.12094363826525546,2.230175784855752,21194.494922625134
526,9468,-2.596432405070609,-1.6400203169581837,2.82754814805817,0.12047424378222053,2.2324167765760086,21236.034771542065
527,9486,-2.5142731000295835,-2.30226076006349,0.17388143175113485,0.11988832937277415,2.232538780690513,21278.752648625057
528,9504,-2.553564744698979,-2.3311477835393912,0.15032704071484407,0.11969996570923229,2.2314902641363146,21321.151300917147
529,9522,-2.494807035240084,-0.2127851513309186,4.572043599379112,0.1192892823890168,2.230894528462292,21361.239943875
530,9540,-2.5070229787511105,-0.9715083214117273,3.8808748862794347,0.11898780538209443,2.2305554240985765,21402.50885108416
531,9558,-2.632193194238933,-2.264289959390668,0.41249413166431104,0.11864711909659505,2.2299299103698207,21444.06045066705
532,9576,-2.664736202132575,-2.2766967518215244,0.3241003235090629,0.11841974345273074,2.231177688920235,21487.123320917133
533,9594,-2.5442483488417733,-2.153716102170825,0.4051975049227697,0.11813178035710872,2.2314006988096136,21528.94569358416
534,9612,-2.504031488953789,-1.505327014226201,2.804440367068653,0.11815088183389301,2.2315501819628745,21574.994464999996
535,9630,-2.611595825248949,-2.271433337683981,0.29470902214339895,0.11812812744361877,2.232842740159747,21617.437017834047
536,9648,-2.5619968430317797,-2.3186440990797306,0.21839883499705462,0.11799584895021949,2.232665837258998,21659.577139042085
537,9666,-2.4968902016254435,-1.6346350695352734,2.8296734704192374,0.11786915789299143,2.233830713660699,21700.372066584183
538,9684,-2.631696623839753,-2.2553832830749214,0.2540937482452558,0.11768921604934444,2.2342893932690386,21742.883810875006
539,9702,-2.5623307003552864,-2.3687362779342163,0.12328066973239066,0.1173165910685025,2.23436566151816,21784.74153829203
540,9720,-2.633847232853281,-0.3326574771636512,4.622218841088716,0.11706218744795001,2.234184637222437,21824.257193084108
541,9738,-2.5237513251190355,-0.9241838697337834,3.86566854202889,0.11680344984517692,2.2356413406955267,21864.35309316707
542,9756,-2.564779340387484,-2.2732989088108395,0.2818786173184806,0.11660352767928571,2.2346712431520523,21906.219329709187
543,9774,-2.6537534081946275,-1.548673415113621,2.828722020390357,0.11632480390019603,2.236352103116511,21946.648588750046
544,9792,-2.6414068669655015,-1.6091999275642377,2.8293696472881833,0.11580241791672151,2.236661247664099,21987.43748466717
545,9810,-2.573753693945379,-1.6412721971200979,2.830398381024254,0.11527139864740424,2.236437164360764,22029.343245917
546,9828,-2.4971642578600357,-1.5533010456811618,2.818609039707748,0.11503265049238105,2.2364616968097986,22071.670332125155
547,9846,-2.647913628876862,-2.3457526000427116,0.14694760112823932,0.11479890685215115,2.235088889632765,22113.111806584056
548,9864,-2.5967316028604213,-2.293819186296312,0.28202456206450505,0.1144928843122675,2.235078850593485,22154.83541337517
549,9882,-2.5353872562118203,-2.297786858503627,0.16004580859478612,0.11406121225070327,2.236193882274628,22196.738987417193
550,9900,-2.7166719722040162,-2.3115658121219242,0.34884794200668967,0.11354609149031397,2.236502607712264,22237.812074250076
551,9918,-2.6328524596310587,-2.3219580359878385,0.3548630416627093,0.11312350490775393,2.2368267924591865,22279.224096417194
552,9936,-2.5414545754785443,-2.2497267308335944,0.3202382044014415,0.11263905278742233,2.23885046626089,22321.353451209143
553,9954,-2.7866123261884272,-2.330943972782718,0.23471956086229384,0.11219952090100922,2.239251428101679,22363.475806209026
554,9972,-2.5517021537254987,-0.9850552655835377,3.8858174784990736,0.1116831747906552,2.2392291760335707,22404.877516500186
555,9990,-2.5648145385984544,-0.9690946024554548,3.881177138260104,0.11119498191854059,2.2407783693147056,22449.57253254205
556,10008,-2.666463191955362,-1.6533963521564183,2.8360688148203903,0.1110000674999828,2.241448018451688,22493.7472571251
557,10026,-2.6307622488352074,0.43990937544872744,5.113658290634907,0.11085851487987736,2.2427131495582846,22533.912548750173
558,10044,-2.547570321185008,-1.723215919852336,2.846364509669107,0.11086779585167937,2.2431204030228393,22574.732246917207
559,10062,-2.633985344563431,-2.386143758536228,0.25904032625458967,0.11102456640668304,2.2434710941943763,22617.263713625027
560,10080,-2.667922017582107,-1.6847943894876916,2.8391545432506655,0.11129667167752318,2.243715877543958,22659.390500417212
561,10098,-2.7061255258422188,-0.965903754252552,3.8886091610248923,0.1115242276986363,2.242186229017792,22701.58009095909
562,10116,-2.6477218524491017,-1.4419835935893244,2.823411304556812,0.11178007577433076,2.241983799972942,22742.986573667033
563,10134,-2.625629590479739,-1.3498836586923388,2.796865861280303,0.11179123769532255,2.242322388652496,22782.943462334108
564,10152,-2.6118150266270583,-1.5604756843998877,2.822583164126767,0.11183522911219754,2.242364154478873,22824.58776191715
565,10170,-2.5825589201747747,-2.1127278214778844,0.3715224502423663,0.11189871572242341,2.244227846517377,22866.95493366709
566,10188,-2.625725855971074,-1.4142573910666298,2.7870482115843886,0.11174710758694746,2.244587746777159,22908.31791254203
567,10206,-2.5711428098754454,-2.290062081995308,0.22240348296073817,0.111671877180008,2.2448085325289795,22950.33681008406
568,10224,-2.6611702735485805,-2.1004527355167664,0.6478913146766452,0.11182347752101472,2.2454139604790417,22992.109233167022
569,10242,-2.617897689428937,-2.2809522833895683,0.26295028589064207,0.11193233793254041,2.245640525691421,23034.199512167135
570,10260,-2.4935407352318557,-2.150078597297153,0.4719434164889696,0.11205827515238197,2.24499845034953,23075.540151084075
571,10278,-2.652432303673244,-1.6416525612262725,2.8383408460207273,0.11190171591440823,2.2453739804610358,23117.223478000145
572,10296,-2.6265027750325527,-1.5560034754148726,2.81421794740399,0.11173693514664426,2.245364391136824,23158.906433416996
573,10314,-2.660652267201973,-2.2101213467694003,0.3436728531161676,0.11159401417019914,2.2452454259291743,23200.762068209006
574,10332,-2.5481043517237536,-1.5998422576277815,2.826049960533482,0.11131759747011032,2.2475603474655617,23242.979437959148
575,10350,-2.6368814931453617,-2.280520507652532,0.26851017591821885,0.11106979677354664,2.248376083712366,23285.84786550002
576,10368,-2.568280883073506,-2.2623227504045267,0.2789938914093282,0.11082346650387755,2.2502203366107723,23328.35369312507
577,10386,-2.6243455448961384,-2.2732104821621535,0.2410671793297033,0.11056961158636074,2.2509740413008896,23371.415549792117
578,10404,-2.6589936079508387,-0.9869873246179254,3.8898051237725157,0.11029256902041333,2.2520803004229766,23415.884053334128
579,10422,-2.654836141739909,-0.9759133875747301,3.883019150365619,0.10995640287931692,2.2543906073538627,23458.07218266721
580,10440,-2.6291960051907677,-0.9723122787148282,3.8812070407877948,0.10986341368720723,2.25520122231067,23500.4634970841
581,10458,-2.6463703151460907,-2.356861200734591,0.17400619948073398,0.10976426787659335,2.25637009812282,23542.587466084165
582,10476,-2.564673187916195,-1.5916265234901061,2.833543025756567,0.10969420988834337,2.2573039473277974,23584.579837667057
583,10494,-2.470369690764296,-0.8413834248700888,3.840795138207683,0.10978296046015493,2.2582884325348758,23625.564060667064
584,10512,-2.6142255579413574,-1.545912169200895,2.8128713135117405,0.10981651303949325,2.259275623739316,23666.50964966719
585,10530,-2.6949612172568047,-2.3132683746613756,0.2875587722583874,0.10996580058213042,2.260015099753474,23709.53683129209
586,10548,-2.5083731718817392,-1.4242041897693687,2.8009119698108442,0.11003014435849799,2.259462186135682,23750.49490341707
587,10566,-2.4924930017949034,-1.9419829413849312,0.47584068702563953,0.11011643000768004,2.2610622967907448,23791.27981008403
588,10584,-2.7146966258709893,-1.4398171980533467,2.809002657212094,0.11020510588255047,2.2615164437711686,23832.15307591716
589,10602,-2.5230014726514893,-1.3532639399508166,2.778498529243417,0.11068992069409986,2.2612201074667144,23873.435627584113
590,10620,-2.5314812686067127,-2.3306978182296882,0.1295525371117053,0.11108224483603511,2.2617172139206705,23915.452418292174
591,10638,-2.637244729110646,-1.602734899323714,2.8283797655892937,0.11141550020190867,2.2613051669206854,23957.463915542
592,10656,-2.687006665722465,-1.6080896837374798,2.8259049562087415,0.1116986104241765,2.2621527754175585,23999.261830084026
593,10674,-2.5924403978059094,-2.1798924391387113,0.3729682250133114,0.11189996384541251,2.26302582951072,24040.806596584152
594,10692,-2.5666809256154117,-2.3003835816163036,0.335394344185645,0.1122542340032352,2.26396884267672,24082.61092891707
595,10710,-2.6004767779233715,-2.2357739170256257,0.3101278648199323,0.11286612775262,2.2639000335693926,24125.47462283401
596,10728,-2.4953916047521036,-1.4761523235430256,2.80003635504645,0.11329938807864245,2.2645055446533773,24167.454394875094
597,10746,-2.602174795211542,-1.5393970875209386,2.8140774368486112,0.11345620792623687,2.264249883137682,24209.668829459
598,10764,-2.6604803764133402,-2.2832569633130375,0.3634987038953214,0.11337378774044668,2.2634558919788366,24251.05005208403
599,10782,-2.603120109233567,-2.255385170831607,0.25498130350152526,0.11350065706004006,2.2634799143458317,24292.87601762521
600,10800,-2.6325614672136433,-2.2128346405082624,0.2655388955810658,0.11356199889395019,2.2641067756298123,24334.81109666708
601,10818,-2.656154560896232,-2.145558806700267,0.5324812606398505,0.11359716301075125,2.264202271925089,24375.597539709182
602,10836,-2.4971474207014106,-2.152451379461553,0.5029780330051611,0.11382655327365529,2.2643542423526837,24416.392633500043
603,10854,-2.5067353224911133,-1.5799612996812593,2.8167973023303983,0.11400379440267075,2.2647603088450547,24457.48641662509
604,10872,-2.672451108988469,-2.048660579499548,0.5341073850281711,0.11428074900412467,2.2655779319557126,24498.47677670908
605,10890,-2.561356623026793,-1.6091883230655437,2.8225656289682632,0.11463517024592555,2.266518686849646,24539.702376834117
606,10908,-2.56236945978961,-1.6387634925611718,2.8348781524280002,0.11488644278927902,2.2666720926713495,24581.40414058417
607,10926,-2.48731644779958,-2.2224706567075034,0.21761919336622257,0.11514811103092153,2.26668470949283,24625.535732292105
608,10944,-2.494087670998135,-1.590498621758658,2.8207295621176427,0.11545707985400849,2.267077540543026,24667.36382679222
609,10962,-2.4937458786223456,-2.282317208528958,0.23254327774148584,0.11584811291338944,2.2681902787024057,24709.46128945914
610,10980,-2.668305581337323,-1.0087687268403025,3.8939065378035633,0.11610190602405052,2.268709853699214,24750.429780084174
611,10998,-2.5202943218007334,-2.441054678094377,0.07893344872456652,0.11618140778709699,2.2693350910122314,24793.193209959194
612,11016,-2.6202920136391157,-1.6167827243629604,2.825365900992279,0.1163145746001041,2.269754794981417,24837.596080749994
613,11034,-2.539080720504741,-2.3365033632113374,0.1866926883492675,0.11640857090194989,2.2689723537708075,24879.7262123751
614,11052,-2.6716914400018488,-2.382455156860083,0.16728655457083688,0.1164530005378681,2.269880796282278,24922.689377459
615,11070,-2.630208765791599,-1.6522144500826694,2.8373267639283237,0.1164043688277995,2.269708925141794,24964.881765959086
616,11088,-2.63901766485571,-1.645389661982297,2.8370782106415815,0.11633926430368263,2.2692997938931305,25007.067894417094
617,11106,-2.5284174582975685,-1.6706769807977844,2.841177933668599,0.11631368228116784,2.26793889758119,25049.437639375217
618,11124,-2.5266705116472017,-2.3848414940289206,0.12344022928523476,0.11625741060807428,2.2674833787739472,25092.111976584187
619,11142,-2.5424964703681585,-2.1942010669151126,0.4624975214515513,0.11630403376625928,2.267735310448931,25134.057366792113
620,11160,-2.5844386199255442,-1.007705589008585,3.894434866665223,0.11637725896888393,2.2684221068216734,25179.287543709157
621,11178,-2.6054182561499104,-2.331560756996595,0.27597715126776673,0.11633291776029268,2.2686667206879187,25221.429090084042
622,11196,-2.6282347182167456,-2.321191903175844,0.367725165096394,0.11613702919517985,2.2694574778340058,25263.963578792056
623,11214,-2.5008351079303988,-2.2219672007192535,0.42712763829583844,0.11606214083679686,2.269896812602529,25306.730317917187
624,11232,-2.6441877665488116,-2.406371103380833,0.21276401971124045,0.1160861124222314,2.271077730930061,25349.256739209173
625,11250,-2.6449712563466106,-1.7479426169340788,2.8521634883660365,0.11613898080976258,2.2719908723658175,25390.033545084065
626,11268,-2.7224245832187144,-2.4262836841896505,0.1382309490842276,0.11621078167463389,2.2739603916150855,25431.90929662506
627,11286,-2.5354042706145306,-2.1835124682993086,0.3889531546618801,0.11643402047052248,2.2744290247017247,25473.7744027921
628,11304,-2.6580144191908177,-2.203047369566142,0.3885737609284923,0.11657908059050585,2.2751134536886832,25516.002814917127
629,11322,-2.5479663446887675,-2.149807237239235,0.5053053403196381,0.1166143670683295,2.2758325517166678,25557.244342334103
630,11340,-2.5988169923645503,-2.278662829074078,0.27624751467042175,0.11638121181861669,2.277638425454146,25598.55357450014
631,11358,-2.5772297704722447,-2.3318228202222926,0.22863427330861336,0.11635158968212937,2.278603439552303,25639.914452166995
632,11376,-2.6253483840831784,-1.472839661412662,2.8516072661706553,0.11635941730943347,2.2787733581762732,25681.36277395906
633,11394,-2.5799695752084917,-1.725794132424678,2.8471877829146135,0.11641925946853948,2.2794680605626096,25723.287503917003
634,11412,-2.672874612051772,-2.1647793208116237,0.4325485200056152,0.11636174786864562,2.2791269947380983,25765.41393433418
635,11430,-2.617065894936,-0.9803424723470017,3.8972036489558755,0.11640980895618254,2.2794303767995476,25805.444803209044
636,11448,-2.627744553384022,-2.3151387184616246,0.30781903440734826,0.11631867094059069,2.2803052720375425,25847.783645959105
637,11466,-2.6284178987161746,-2.3133161292794866,0.29042566683602483,0.11619553820041632,2.2822884869671105,25890.06441312516
638,11484,-2.502741505986691,-1.7359131654024873,2.8510561329651916,0.11592626848793204,2.282751362718006,25931.652693625074
639,11502,-2.678037133963358,-0.37218129456291443,4.639912162401055,0.11557988613908211,2.282854669514224,25973.7825896251
640,11520,-2.638648594752034,-1.7440984603955012,2.8511975046345426,0.1149675307477069,2.283645962834296,26014.626855667215
641,11538,-2.64818488443316,-2.367548530310563,0.31819327483746884,0.11439606107776282,2.28424725194455,26056.571777792182
642,11556,-2.5158954246453735,-2.360809989652205,0.3249454716587912,0.1138107692394574,2.285312787335541,26098.619491125224
643,11574,-2.617069863724625,-1.7289904554094133,2.8488071454111794,0.11323935934379306,2.2851991590409777,26140.211153917015
644,11592,-2.596610638710973,-1.0206256991313056,3.899318900051562,0.11268777968762944,2.2855565184668034,26182.142080167076
645,11610,-2.589870572260916,-0.9571611123142697,3.87901849907475,0.11216893784455764,2.2870419373456854,26223.127821209142
646,11628,-2.5142154116994644,-0.3419040003465046,4.626988650136259,0.11192301267334306,2.287085751991489,26263.02413683408
647,11646,-2.5854828251320257,-0.3481281706777711,4.6309503913074135,0.11149409126304857,2.2878399389942046,26302.99550925009
648,11664,-2.6320425864474237,1.034680451781726,5.5613575768950465,0.11132226492785136,2.2881542219876354,26341.83507108409
649,11682,-2.510903072800075,0.4760066248655993,5.097051463923619,0.11125715728970369,2.2889208229041538,26382.16346204211
650,11700,-2.710581714946241,-2.273156913408519,0.3065082205527462,0.11110527914265164,2.2894625833009505,26425.433750209166
651,11718,-2.645559136437072,0.4154357042412854,5.129025542202389,0.11091174760885103,2.289796642119063,26467.444691334153
652,11736,-2.7251912325911665,-0.9603182687448404,3.8875496280831903,0.1108248931437548,2.2896464508402805,26507.969224167056
653,11754,-2.598131185618759,-1.5540408514015314,2.83087658593944,0.11066807849513732,2.2906441533596227,26550.75339416717
654,11772,-2.823246951843679,-2.352035798812069,0.2738898353823761,0.1104653927016283,2.291018142786383,26594.54324350017
655,11790,-2.503116076618103,-0.9373354002183054,3.873116026610058,0.11027480584454694,2.2918629499578524,26636.686095167184
656,11808,-2.484942807994789,-2.2431020294203265,0.27484653136142445,0.10999931845928998,2.293130508620296,26679.682418625103
657,11826,-2.480062052631019,-0.8980926249640571,3.866625786848396,0.10972036700667814,2.2933436700515055,26721.3474115422
658,11844,-2.5095994151633616,-1.6709511166227726,2.8382975129861414,0.10947445210363743,2.293713893679158,26763.34007533407
659,11862,-2.4763366905929867,-2.2951300828976313,0.22961816217381573,0.10920790831182467,2.294469041671748,26806.875345334178
660,11880,-2.5141615860433157,-0.8633346745771888,3.857431097242198,0.10870229761754722,2.294381634999789,26847.983320750063
661,11898,-2.6668760771677045,-2.4337292304447904,0.1740770627065196,0.10828754271144303,2.2948559381106475,26890.891742542153
662,11916,-2.7131607933206077,-2.196376113558605,0.4059112568301094,0.10796027229515653,2.294079944317131,26934.140082834056
663,11934,-2.6123735488779367,-2.2751462160845817,0.33036235700077626,0.10753693717786675,2.2944596226579526,26978.64896229212
664,11952,-2.593780133658349,-2.3056501474864355,0.23618323545286557,0.1073954161489914,2.2950882648778235,27024.521559375105
665,11970,-2.5097529389694815,-0.9350537418973628,3.8737315215041423,0.10744365218561236,2.2945185731340745,27066.521289709024
666,11988,-2.499124993311369,-0.13347219558001241,4.549341171350767,0.1074874342594742,2.294427036606334,27106.669539875118
667,12006,-2.606615347288855,-2.260539258592275,0.3468557271019175,0.107575356422786,2.293637179471401,27149.333241667133
668,12024,-2.5878536442614934,-0.2811835957094118,4.601575463932171,0.10745953814088305,2.293598892264302,27190.977815459017
669,12042,-2.4758029944437805,-0.9077238821970902,3.8600834356720735,0.10757868443419058,2.2937135960379376,27231.862381209154
670,12060,-2.553068094517947,-1.6483837571411726,2.836899305845383,0.10782411573278344,2.2929230416577036,27274.549945917213
671,12078,-2.626227125841222,-2.265025393182257,0.31303842053498737,0.1080592992460423,2.293312648064246,27316.94546683412
672,12096,-2.623841195705924,-2.3579222765386536,0.21513099792059462,0.10841828617757378,2.2950537275473857,27359.09665670921
673,12114,-2.6412809866472773,-0.9260752498416038,3.8745759444795747,0.10857204743921264,2.2959052561523827,27400.155386459082
674,12132,-2.6594708879274935,-2.3480756807753185,0.24836921988228455,0.10880858027966246,2.2955256871113816,27442.650975125143
675,12150,-2.4872332017266965,-2.2769106285195306,0.20547050268732708,0.10931130993475686,2.2957455461807594,27485.66863629222
676,12168,-2.601706439161177,-2.3609770808667156,0.19894868153856823,0.10964701343813309,2.296195689012792,27528.318028459093
677,12186,-2.5364040463545567,-0.1964674535522768,4.574402808691252,0.1100007893855861,2.2966346716196004,27569.789295250084
678,12204,-2.542502051907405,-2.273503710874558,0.2664203535957658,0.11030623371831598,2.2971663095905464,27612.81112495903
679,12222,-2.6440399058166926,-1.5216347700781618,2.807990888659875,0.11032972132643135,2.2997340810873377,27655.18947825022
680,12240,-2.5125884855179916,-2.2683376432268165,0.31535506412106074,0.1103194315626087,2.300246366204455,27697.889514959184
681,12258,-2.512799567464119,0.4262406268457169,5.122044853759725,0.11003369782423557,2.302275517471486,27738.39117170917
682,12276,-2.7029702086533725,-1.6451604144151257,2.8414795544616673,0.10953788114229931,2.302773565652348,27781.025422167033
683,12294,-2.6335035481256215,-0.2815444756487935,4.602359255505543,0.10923858801446967,2.3035296961717333,27821.071664709132
684,12312,-2.7460563744057938,-1.0273752650558525,3.906092909435702,0.10910452137836912,2.303554351608924,27861.949102334213
685,12330,-2.50501620444267,-1.0256668053498887,3.899826388257704,0.1089771689419555,2.3033791622160757,27903.946074375184
686,12348,-2.745508319656812,0.33982809090895155,5.164958273970255,0.1088483498063152,2.3034369306288056,27944.606746834004
687,12366,-2.592660278065571,-1.719493874001876,2.844764079178155,0.10876826882190431,2.3034120124549124,27986.90030654217
688,12384,-2.50505959421234,-2.3124471071672033,0.28252216457188867,0.1085966203972604,2.3033688554721743,28029.995629250072
689,12402,-2.654789005014719,-1.6119994968566655,2.838119663921907,0.10842136205432913,2.3032774687194344,28073.285264125094
690,12420,-2.692749607635334,-2.1074987029276855,0.44202461543608434,0.1080958351362531,2.303272504269688,28114.77648933418
691,12438,-2.6608242206691197,-0.6813690805896968,3.8168997244525804,0.10761707469656057,2.3036285058727937,28156.549086000072
692,12456,-2.6086959908273712,-1.6388035116088782,2.8456612570443007,0.10729898135644884,2.303906238249198,28198.655714916997
693,12474,-2.532171585037186,-0.8298743756131808,3.8636991719495812,0.10704372653181621,2.3042009999924336,28240.308401875198
694,12492,-2.626877479984065,-2.310295061727605,0.2994364697919129,0.10662068288195894,2.3045337506637185,28283.609420875087
695,12510,-2.645082901136933,1.0560036001747914,5.5491600846341065,0.10620951578866461,2.305031330352763,28324.47163129202
696,12528,-2.6597758629633512,-1.5792390541504953,2.8378066121781798,0.10565932699343855,2.30608047473253,28366.613267125096
697,12546,-2.598828823247342,-1.1977003441662453,2.786843713803766,0.10512237103178257,2.307166284908726,28407.670929584187
698,12564,-2.522567173829378,-0.7699152938661703,3.8289285709063483,0.10464602152079468,2.3072643454093464,28447.88478633412
699,12582,-2.4871740486754375,0.4369783372736546,5.113155535447312,0.1042575691762675,2.305898736691302,28488.803412334062
700,12600,-2.7218921592500016,-0.3516470644102768,4.635122370792877,0.10396717850190235,2.30649105121965,28529.429897459224
701,12618,-2.6980400294450066,-0.3678651348158073,4.6381743452512705,0.10377796604175078,2.3060517114325636,28570.162014125148
702,12636,-2.630762723664032,0.35513709000713467,5.159914758174154,0.10348463304178848,2.306325383077905,28611.425776000135
703,12654,-2.507395463967413,1.7398681317994342,5.841402936287442,0.10313167503363997,2.3064174515609164,28649.607146334136
704,12672,-2.5568679825365987,0.3341872183986323,5.168523707863263,0.10283431549079643,2.3067701164602754,28690.489054209087
705,12690,-2.621464527521945,0.2823465854320806,5.194878667805377,0.10242083411840305,2.30717426911103,28732.854528709082
706,12708,-2.7326438708832503,-0.3374574454627992,4.627182440673041,0.1021128373133599,2.3067912254650498,28776.704682000214
707,12726,-2.62757681423529,-1.002759076283344,3.896115906631341,0.10168065524617434,2.307434555740012,28821.518079584
708,12744,-2.668045052088523,-1.8317411904741998,2.870730178394697,0.10120501041269296,2.3069930192231247,28865.565468292218
709,12762,-2.6582096365930243,-1.6467110571365755,2.8426195748213625,0.10106959471893748,2.3057839411200947,28907.846485584043
710,12780,-2.5994195114956336,-1.010729220979435,3.8997278348691324,0.10123164863480279,2.305118223449537,28950.170538292034
711,12798,-2.6485796197521827,-1.7020361935384645,2.849040139531515,0.10127365294508786,2.305167765162199,28992.29857479222
712,12816,-2.6135817435994246,-1.6775656493708058,2.8507138050822705,0.10108606740942992,2.304573424228162,29034.944126125192
713,12834,-2.5915262858755446,-2.3160321466825167,0.2698903256342111,0.10087100910342062,2.305950298451926,29077.848801000044
714,12852,-2.6255446528531743,-1.9977638079033606,0.5687934040104387,0.10070358486408848,2.3056427556304575,29119.63328645914
715,12870,-2.6595807713392094,-2.1959608928989747,0.49886135055952435,0.10055994223642965,2.306521361626194,29162.286374125164
716,12888,-2.6435945300404273,-2.333095685830046,0.2814472488184625,0.10052439472795523,2.3057862938854834,29205.162693292135
717,12906,-2.6517507740873216,-2.275484928230096,0.33096070427150504,0.10021364483565755,2.306415425318061,29248.181695792126
718,12924,-2.7021471822667764,-1.7104600320344632,2.8453786786477986,0.10010795651949873,2.306548817133831,29292.06338500022
719,12942,-2.4977534074645162,-1.6113382296441199,2.8231349835613764,0.10004292360816368,2.3061339059371653,29335.57229525014
720,12960,-2.641574321315731,-1.750066243879684,2.852820055129861,0.09994464563069777,2.3062942852468833,29378.054185709218
721,12978,-2.542215150208513,-0.9198015468534351,3.86903256482073,0.0998542088271886,2.30652601619982,29419.97016666713
722,12996,-2.883923443537527,0.2725951570177132,5.2019628943077905,0.09989009860773072,2.306306242812477,29460.33742291713
723,13014,-2.6387828940622047,0.36639566231541554,5.1510339253474235,0.09993215237041898,2.3066480192109027,29501.3109441672
724,13032,-2.6486590812408175,1.093474578862095,5.527370274983617,0.09986903054841517,2.30745054646522,29540.823153459
725,13050,-2.6167979757377093,-0.3085385156881039,4.612378745889548,0.09983232466673439,2.308405842785332,29583.166401042137
726,13068,-2.538394393252731,-1.6712278372504288,2.8342202995827894,0.0997435922199647,2.3084675617326345,29626.409197750036
727,13086,-2.6422559397890497,-1.7813417197076713,2.8582422363051587,0.09939862980810081,2.3091021424108105,29670.95886820904
728,13104,-2.716202054242653,-1.7398319744209347,2.853581814403362,0.09932391398525554,2.3094665548798927,29714.04323925008
729,13122,-2.6455570977055896,-1.6400368990766667,2.8418886724365846,0.0995321845400198,2.31000708433755,29757.87848470919
730,13140,-2.5700239655921884,-0.20266435447070288,4.570453678317488,0.0998847793197781,2.3104863489124208,29800.2135170002
731,13158,-2.5156050492642126,-1.502896537380083,2.8028039454270006,0.10045708601650936,2.310226518270798,29842.722017250024
732,13176,-2.5150662588007666,0.4136065696817712,5.12624953244767,0.10086535401029255,2.3099608556122764,29885.68239200022
733,13194,-2.547932682418113,-1.742996262544433,2.848977162724132,0.10131817926016612,2.3109965806306882,29928.48167600017
734,13212,-2.539126412225611,-1.6762037164920147,2.835425619011614,0.10186501784509745,2.3115034400572565,29971.316162209027
735,13230,-2.580772508042627,0.39146581424547433,5.138656495315472,0.10234237102889797,2.3115101387990973,30013.13516550022
736,13248,-2.5940782547570675,-2.2766419760232783,0.19504447282130116,0.10278206063457539,2.311165399951164,30056.345920792082
737,13266,-2.5746660756323716,-1.0152749121614995,3.8980160498401775,0.10335751440210017,2.310374759981531,30099.861137208994
738,13284,-2.583559396279059,-0.380863269184487,4.642925529585903,0.10405344049781735,2.310102008859353,30142.110111874994
739,13302,-2.523148277648965,-1.6786631589774217,2.8363279151160015,0.10478371755569306,2.3105497912425257,30185.561740834033
740,13320,-2.619144115077182,-2.315184834062007,0.22757278487970317,0.10526381386536837,2.31212701701614,30232.421932125
741,13338,-2.7139703308534466,-1.0068308739880687,3.8977670880312045,0.10572866254136022,2.313238313646448,30278.34712470905
742,13356,-2.6926544950182696,-1.6864899336768937,2.840185154148529,0.10630728949119901,2.313134472498605,30321.835630042013
743,13374,-2.509968335483177,-1.675833613510704,2.834401734288838,0.10673059349657465,2.312785535135062,30365.720411917195
744,13392,-2.5873667191096104,-1.6363411854051693,2.8280025494963135,0.1071041505475339,2.3136810718666454,30409.574467584025
745,13410,-2.5983845898772886,-2.389273296807546,0.19371398412412566,0.10752906103200509,2.313547104413422,30452.98916125018
746,13428,-2.6290446376646917,-0.9990339364511777,3.8916687565629546,0.107884887072803,2.3129428365207048,30496.648708459223
747,13446,-2.480453072550679,-2.2246182714177594,0.3351771764127981,0.10803382807052431,2.3134873186430163,30540.323975042207
748,13464,-2.6324683007733642,-2.3249423911377654,0.31069785191413807,0.10812968484245217,2.314457977416093,30583.638367417036
749,13482,-2.7091951595095507,-2.2744271557761504,0.3443913966308534,0.108181269036876,2.3148049459571096,30629.00572820916
750,13500,-2.6655807003647443,-2.314112233079104,0.3105767693314242,0.10794481207154333,2.315263948980914,30674.310836834135
751,13518,-2.616087962372349,-2.292851033102803,0.2828576875591522,0.10783127176043653,2.316261499113392,30717.814133625012
752,13536,-2.7067047695914703,-0.9072782387058554,3.8717523120167097,0.10745323432134936,2.316057011484982,30761.308640167117
753,13554,-2.590510489524374,-2.2733773857421093,0.2702532791716011,0.10739802819390373,2.317625176739368,30804.72354920907
754,13572,-2.6132119427453717,-1.6803689452173989,2.842054910947847,0.10720170764318483,2.318941627625194,30847.96022729203
755,13590,-2.705324434050839,-1.628150744068987,2.835812600127012,0.10686418871480566,2.3203045744110997,30891.24430266721
756,13608,-2.5875074481863094,-2.361433921269299,0.20385439268498282,0.10657841126761584,2.322070875284166,30936.50426154211
757,13626,-2.6391532783565643,-1.6617528894313698,2.8450931086170788,0.10631477487953582,2.322686400570969,30980.132142542163
758,13644,-2.588167457126149,-2.3159350209023657,0.23241151373193955,0.10630875394611458,2.3241556034018616,31025.248925167136
759,13662,-2.690393854786493,-0.27133087157680497,4.600763171227587,0.1064409374980505,2.3248285495059466,31069.445988167077
760,13680,-2.634677563940493,-2.37892004595715,0.22884245838290837,0.10648144112095824,2.3256131450539064,31111.948285584105
761,13698,-2.5149765932572437,-2.3761235542388217,0.15318274215493125,0.1065023158148739,2.326594741272478,31154.776324959006
762,13716,-2.619557756510879,-1.6214246201435925,2.8316539135104133,0.10644825026282413,2.3273894072245174,31196.87723591714
763,13734,-2.599307341215972,-1.0118789141443338,3.8961107115249556,0.10626079205121854,2.327268468363168,31239.00312158419
764,13752,-2.6109331157860067,-2.3876848430686355,0.14344454879522817,0.1061335798968126,2.3276846494531664,31281.94025683403
765,13770,-2.6134588929403333,-1.6626885988486202,2.8365841694319904,0.10589282511091873,2.3290901585532353,31323.50608283421
766,13788,-2.5834260475129605,-1.611505959517629,2.8239824456409512,0.10557265579497471,2.328504580740143,31366.03123845905
767,13806,-2.5752306292790608,-2.342552001339181,0.21359813665067134,0.10519026228313318,2.3278086292133504,31408.25329808402
768,13824,-2.5886046016468374,-1.5946613206725442,2.827994550834754,0.10472820358169123,2.328006379926152,31449.652393500088
769,13842,-2.574067693823207,-0.18108856048680774,4.55941784045558,0.10425890045303339,2.3280556415839757,31489.183991625207
770,13860,-2.624833311355899,0.529670131629904,5.072346158150708,0.10405318628293159,2.329568107154164,31527.92089904216
771,13878,-2.5426750544523604,-2.1178903775310456,0.3777006592565069,0.10360408327900716,2.328848311760624,31570.42022908409
772,13896,-2.554066184544118,-2.184798149091392,0.35448337055873236,0.10315712769122062,2.3285143543149576,31612.92435433413
773,13914,-2.5984619790593695,-1.6711019582309428,2.8419523537994005,0.10287369770152507,2.3286106560013073,31654.702858209144
774,13932,-2.6056699235348404,-2.2801208289049484,0.3069877113543597,0.10264553294891146,2.329859701212942,31697.646219667047
775,13950,-2.5688940830751323,-1.6245652835083118,2.8373486951649998,0.10261041702066853,2.331114921118516,31739.808491834207
776,13968,-2.55666932618142,-2.1040422786688087,0.449621881095781,0.10247674941954502,2.331110643633081,31782.3597310842
777,13986,-2.650900297797335,-2.424148462355678,0.2490730183206804,0.10245097498789722,2.331128281430112,31824.91245708405
778,14004,-2.5171047076281603,-2.243556507141919,0.2944463691639375,0.10253122911303963,2.331182870795752,31868.11248716712
779,14022,-2.690826475302954,-2.306496510771746,0.27890245206555003,0.10258419945172084,2.331152500546292,31910.98034062516
780,14040,-2.571063641283748,-1.6842384713287022,2.836413249984317,0.10253482996036045,2.3299976072871407,31954.249211834045
781,14058,-2.587397800745217,-2.3775428090355586,0.2192523542219242,0.10242654190817402,2.330741619222185,31997.119142542128
782,14076,-2.5323976598279727,-0.9418060689470319,3.871362102137648,0.10223485635798847,2.330650972034677,32039.131656167097
783,14094,-2.7042631009773768,-1.0230654945070023,3.901940553363878,0.10209220248190949,2.331632955539942,32081.795374000212
784,14112,-2.7790980051894953,-0.29685673470330826,4.611843560055828,0.1019696319746778,2.3326418024211417,32123.970738292206
785,14130,-2.5579160839127444,-0.17695460950689496,4.5606365620975104,0.10185158772989765,2.3326915421073564,32166.53633087501
786,14148,-2.5431151343003364,0.36180351406182304,5.155140240072794,0.101871240403971,2.332024339232574,32208.2540043341
787,14166,-2.6371923453825077,-1.6856578556415982,2.842224210259034,0.10186644817503275,2.3332083216546478,32251.029584625037
788,14184,-2.589101568477277,1.0365816256181204,5.559906676146581,0.10170029604415244,2.333909190461632,32293.488050500164
789,14202,-2.5275899197003424,-2.324884328555795,0.18248131508815457,0.10157624814416026,2.3340431472986563,32336.402088834206
790,14220,-2.592819597400672,-0.3275357199123681,4.620834488182382,0.1014023519662574,2.3338907102599116,32379.737440084107
791,14238,-2.5582043713956546,-2.4145445656316307,0.1514463919577133,0.10096553387426095,2.333432887586687,32424.65723570902
792,14256,-2.605657803640389,-0.33143573907890794,4.622641176342359,0.10050225998564992,2.3335200334613484,32466.581644334132
793,14274,-2.5798161660222205,-2.405771211635174,0.11760490417326656,0.1003421874291694,2.333223635267103,32508.791406625183
794,14292,-2.6424389286229966,-1.6470720160374612,2.829038979123635,0.10026876445901027,2.334268929657882,32551.0207274172
795,14310,-2.5837322877761566,-0.34265414869143956,4.627152426687799,0.10026577475759978,2.3330095632240746,32593.191720125033
796,14328,-2.600632538776585,-2.3583506520552113,0.1954055147301388,0.10025664617496687,2.333347345382557,32635.870526875136
797,14346,-2.664060500720737,-1.768492913979528,2.8559833881854764,0.10013652241571724,2.3333832118400375,32678.943695084192
798,14364,-2.7752183636992185,-2.4214506155791664,0.1547025577454982,0.10002822302578629,2.3333621999948204,32721.60287029203
799,14382,-2.527701671846058,-2.393884523931531,0.1235692857429428,0.09994775963086855,2.3331642972717535,32764.519352250034
800,14400,-2.560546246070363,-0.9776104184353558,3.884365888819014,0.1001124646105657,2.333173206445988,32806.664691167185
801,14418,-2.5956874083574752,-1.6786970308129696,2.8431011211535036,0.10027452319336647,2.3351985138896754,32849.17232020921
802,14436,-2.5463145618183782,-2.3035271023489186,0.20754929956473345,0.10053598320927153,2.335174407225468,32892.55143837514
803,14454,-2.5983863654891306,-1.6631219062554115,2.834885119621709,0.1006329841876064,2.337122132319674,32935.48147862521
804,14472,-2.5989306209230283,-0.9864578349830645,3.891628411366506,0.10070490235419097,2.338551892350737,32977.87861979217
805,14490,-2.6564026060977053,-1.0029754604025352,3.895235403345637,0.10057164634923246,2.338664778902864,33020.215649042046
806,14508,-2.601970727301794,-1.7350238540757228,2.8508866612846897,0.10033052785107469,2.3382959717193783,33063.401955000125
807,14526,-2.544701269290216,-1.6316145265479385,2.829465849279442,0.10015141532875724,2.3388601680483885,33105.94674091716
808,14544,-2.595076775001911,-1.708128646621968,2.84407338880116,0.09983209328983823,2.3408567159089952,33148.34270170913
809,14562,-2.597977634292379,-2.3233089764891566,0.2527010503468055,0.09960112319091609,2.3417854354483483,33191.432361542014
810,14580,-2.593634614533514,-2.363904543586178,0.21429399368064514,0.09944562247922543,2.342442279688385,33234.229891625
811,14598,-2.5722196901454417,-1.5770501456119683,2.8235182313949343,0.09932167593198443,2.343002542002977,33276.96082420903
812,14616,-2.6619630246388786,-0.9233243570498464,3.871449228593219,0.09915752492251599,2.344609823008315,33319.116492542205
813,14634,-2.579459057670067,-1.735597649441134,2.8492789909723015,0.09910280551776926,2.347896346052339,33361.99103479204
814,14652,-2.9765285620057895,-1.0953938922897997,3.927926561024097,0.09911487594018051,2.349980641897822,33404.933556209086
815,14670,-2.608358559560811,-0.29593075308198724,4.610022508022876,0.09910435652397433,2.350909064883632,33448.62287016702
816,14688,-2.757449903497777,-1.1058902140393845,3.927879278697858,0.09927132243184747,2.353253399278476,33494.515155417146
817,14706,-2.6042988593877667,-0.26901041591584435,4.598484854237732,0.0997298622083095,2.354095869142582,33540.0832517501
818,14724,-2.6899422601112057,-0.24122833074217423,4.58769760821521,0.10027123854566995,2.3560135662089934,33582.13340283418
819,14742,-2.590468499018598,-1.7482306267349956,2.8559251558094827,0.10055521601985802,2.358189191274742,33625.34787166701
820,14760,-2.584914005025724,-0.21728899143748637,4.576602423465421,0.10073871481349524,2.3592571323387337,33669.01047725021
821,14778,-2.5637184992161512,0.38038155330791174,5.143837624242545,0.10094707986291201,2.359762841366778,33711.69649437512
822,14796,-2.636104119224514,2.4213215201267158,6.049393659112382,0.10098373017309253,2.3604987586892907,33751.13581987517
823,14814,-2.6197335230679735,-0.9754039668465754,3.8889772062266164,0.10093180420365779,2.3614816020439604,33794.96567779221
824,14832,-2.7715388857029155,-0.9414606549681521,3.8813030754701194,0.1006436998543313,2.362374549176796,33839.84842570918
825,14850,-2.550791053365761,-0.8550802291989892,3.8510949564790646,0.10040929846658604,2.3637408164500453,33883.06228637509
826,14868,-2.7932250724800056,-1.7060084894825864,2.848382931454453,0.10023928731771718,2.3649765905543156,33926.387613000115
827,14886,-2.8046104610566207,-0.9764694550165909,3.8895699834992232,0.10019626801902387,2.3656705752555527,33969.56003562501
828,14904,-2.805278455006685,-2.3944835473149455,0.3378883229868256,0.1001388225257751,2.366975003246618,34013.014009709004
829,14922,-2.7135004175453874,-1.0766955056466394,3.9219707015142604,0.10007793785710054,2.3685214437910678,34058.262424334185
830,14940,-2.6922752478180074,-0.27473679370848547,4.601929980212944,0.10003798717610281,2.370833811221117,34101.936033417005
831,14958,-2.5848490360722565,-1.6645019444801987,2.837638959646312,0.10007943318143935,2.3729738982002564,34143.114313709084
832,14976,-2.587975488283046,-1.6534981281325036,2.8408428969988213,0.10019620973842434,2.375899195705537,34182.495773667004
833,14994,-2.8916594509154936,-1.0780198579931772,3.9268291888521922,0.10027250819044353,2.376960888059969,34222.1927176672
834,15012,-2.733024703254361,-1.7464440320801355,2.8527218781787607,0.10036846221983377,2.3789567861560723,34262.1455933752
835,15030,-2.637774440822258,-1.7189163556229212,2.8529378573116353,0.1004099323382564,2.381854385407342,34298.143073584186
836,15048,-2.6806268725868208,-0.984962684509198,3.8917875601381517,0.10025094695524729,2.384554289198442,34334.261995667126
837,15066,-2.7558057599976507,-2.3922921359033005,0.3310002997769675,0.09996987564016692,2.387935017150155,34370.73549004202
838,15084,-2.6131743482340877,-1.7138716865524042,2.8461146930776953,0.09951506098133536,2.390406542990426,34407.34532970912
839,15102,-2.739948270335834,0.3097264711232875,5.185860950824796,0.0992812626099635,2.39175055395153,34442.50229991716
840,15120,-2.807972189054255,-1.112211604847601,3.9315197057330282,0.09905292994202428,2.3945031563542414,34476.80603233422
841,15138,-2.688078241987952,-1.7645637949954869,2.8578206035175366,0.0987877607490642,2.3972585079187305,34511.98567220918
842,15156,-2.9782476011669172,-1.1163736738521395,3.935109663492883,0.09858376051076022,2.4009899997068525,34547.26564929215
843,15174,-2.728069558425198,-1.1141286356516273,3.93198288384879,0.09834536485955028,2.403051959201138,34581.93939450011
844,15192,-2.671689377562241,-1.0168863440993157,3.905124993728935,0.09779780901472748,2.404163814741288,34616.86988816713
845,15210,-2.6662883165644606,0.3046716762906817,5.18542971086823,0.09751106680127611,2.405144727102582,34651.156910167076
846,15228,-2.7717201700371135,-2.4267328931183396,0.16535204214173987,0.09727708132450684,2.407094726147886,34686.476669959025
847,15246,-2.6412474696931505,0.32964271967376707,5.170655577454842,0.0971195603625754,2.408659838467466,34720.22975016711
848,15264,-2.6599904868119175,-1.7328333757059953,2.8510915497599947,0.09681084194474437,2.4110271173249136,34754.33803750016
849,15282,-2.614721375253222,1.053824540887681,5.550031404465804,0.09647278830061673,2.413937211944294,34787.86623579217
850,15300,-2.731102472365857,0.3194397625004468,5.177976382513014,0.0963705972682789,2.416140257405279,34821.80981775001
851,15318,-2.641332650515379,-1.0696387777410716,3.9163171899487583,0.09603300731381459,2.417837951048583,34855.978558209026
852,15336,-2.803956890728053,-1.804536881427453,2.8686191797129434,0.09585163025828192,2.419169673213287,34890.55918408418
853,15354,-2.6243358735511877,-0.30534558056985106,4.611509164206963,0.09556997676911118,2.419435423460639,34924.02816820913
854,15372,-2.687510949655155,-2.461722013580643,0.12133735972097788,0.09533657882398962,2.4201237591616453,34958.58835975011
855,15390,-2.623541370409563,0.372105143400094,5.147298456629139,0.09516680943569805,2.4212350599115333,34992.54447512515
856,15408,-2.694835222515929,0.3402605228499013,5.165516549291647,0.09497120874446105,2.4221064241905434,35025.67315191706
857,15426,-2.6466478652349004,-1.0430130238046127,3.9088684127767364,0.09472803859999283,2.423570564204228,35059.05243216711
858,15444,-2.6519321600661776,1.0360533134558505,5.561359504618701,0.09460639869092552,2.4240602396860815,35092.24059941713
859,15462,-2.6892944236582492,0.3171027127394895,5.177741662067719,0.09440563192882742,2.42451982472942,35121.38591133407
860,15480,-2.5948653058900697,-0.38072144252477447,4.6434747238553795,0.09408693133857991,2.4290399205427033,35151.78269054205
861,15498,-2.654261456112156,0.31537413415353693,5.178276680508171,0.09361772770734879,2.4294061422688014,35181.550448375056
862,15516,-2.651207524106142,2.3784224146989237,6.081713900919873,0.0933884288989337,2.430500543456252,35208.849010250065
863,15534,-2.6663540366342975,-0.9845995016134217,3.8870731613477827,0.09314853968641738,2.4310195495033096,35236.83916737512
864,15552,-2.721035400229963,-1.0605133337166515,3.9138914846277344,0.09296326063959036,2.4311340313078262,35265.847400667146
865,15570,-2.6567258373373885,1.0067436280533786,5.578920643038807,0.09278022995929272,2.4306906045676904,35293.826392792165
866,15588,-2.626758210521977,-0.9260708215764962,3.873226283323489,0.09262117426310004,2.4309023317566774,35321.83358537522
867,15606,-2.6280747106636695,-1.6977584253720255,2.8447680185790007,0.0923856629402947,2.432185333316334,35349.990523834014
868,15624,-2.595913552058454,-0.3331102474977005,4.624484900184657,0.0921727431709241,2.432669480989,35377.975269417046
869,15642,-2.650714326816557,1.7049461114986881,5.869206702329069,0.09182006153716442,2.432594167885821,35405.795441042166
870,15660,-2.692192935112028,-1.7752897787430997,2.860167808173278,0.09127990935208281,2.432538125445938,35434.208415417
871,15678,-2.7319676556431878,-1.0675538863477243,3.918054613177343,0.09084561792588744,2.4331532155141313,35462.4467512921
872,15696,-2.6402111478556183,-0.35839802816221666,4.635815924456736,0.09050907406334865,2.432279159620081,35490.24730129214
873,15714,-2.6324326878767,0.2930169645468695,5.190709526374872,0.09034082330078526,2.432528365251042,35517.86783679202
874,15732,-2.6771118823755735,0.2790458982859753,5.197393873976471,0.09026881568820021,2.433444059604292,35545.619112084154
875,15750,-2.6274749800611548,-0.26183639549613286,4.594774305006453,0.09014639250823715,2.434436214949151,35573.33894337504
876,15768,-2.6875113230712704,-1.0553397344044249,3.9138260416362023,0.090135808635197,2.4343340676256053,35601.48180325003
877,15786,-2.6774416192720785,0.36572467988661683,5.154878018950314,0.09011695837243047,2.4343535486362553,35628.83328820905
878,15804,-2.6555436156356778,1.0230056059866237,5.568837785127827,0.09008737525544926,2.433147428218366,35656.61139345914
879,15822,-2.6917848114807184,-1.0966666813428658,3.926266441413537,0.09004626841133127,2.4327720113852616,35684.535021292046
880,15840,-2.680752031270112,0.3429177481191934,5.1639704461183396,0.08990545346750596,2.4313926985213823,35712.90287562506
881,15858,-2.8113393793652373,-1.6603179311222134,2.842842694000945,0.08962358745261922,2.4312738483576637,35741.45170241711
882,15876,-2.636624421871495,2.4367481114014664,6.036335427319516,0.08931783687373483,2.429923179262312,35769.20217225002
883,15894,-2.647258687045119,0.3613160506184643,5.156472866832717,0.0888954944390675,2.430381110046374,35797.18306487519
884,15912,-2.7213427648851773,0.9921499167476069,5.589485202470206,0.0884716727484875,2.430033781917056,35825.044529125094
885,15930,-2.685159200649992,2.3572338205537195,6.098395085869313,0.08818615323669489,2.4311738082962067,35852.38686416717
886,15948,-2.600650345562608,0.28581569588947786,5.193208274685421,0.08785300095356477,2.4302446596751013,35879.35743512516
887,15966,-2.6212112950703506,0.34123599008608524,5.165389309912483,0.08745140970603599,2.4290480255481204,35904.07842779206
888,15984,-2.634914191367875,-1.6652511618219847,2.835613617266567,0.08722610100421174,2.428329479661144,35929.09886350017
889,16002,-2.683875261933602,0.3337351786445181,5.170252073299413,0.08690020800323177,2.428199102419729,35955.23719241703
890,16020,-2.7048965976672292,-1.7742957714350034,2.8615742772772266,0.08646413787808584,2.4280958966624735,35981.07597525022
891,16038,-2.792773669234519,0.33356231562323635,5.1697309702286125,0.08625661004322899,2.427756194153697,36005.59776616702
892,16056,-2.6322987270231453,-1.014256710863009,3.898566716285645,0.08605706783790076,2.4275129116182637,36030.627056375146
893,16074,-2.6387407617872443,-1.0126010312965708,3.901767296574514,0.08579862210609095,2.427071182966197,36055.68231800012
894,16092,-2.6001237472876877,0.3431284273710732,5.164780224663126,0.0853871632715799,2.428190776121483,36080.86535216705
895,16110,-2.63258695793347,0.31915869416396464,5.1771216241183895,0.08484005969717125,2.427851698419378,36105.879926167196
896,16128,-2.6016852719776846,0.3868950773261513,5.143201713636947,0.08445529069662663,2.431135144711907,36130.71307237516
897,16146,-2.701157706317781,-2.3737162563945806,0.21939307767919394,0.08406383757519714,2.430908921739808,36156.194750291994
898,16164,-2.620552416474771,-1.0448802995593582,3.906488149640702,0.08368504496729466,2.4311318499194754,36182.04351616721
899,16182,-2.63433447680347,0.2709841107671753,5.201990709059367,0.08334060670834426,2.4312386080201542,36207.21482312516
900,16200,-2.6156037297440884,-1.0728536952870424,3.9173065793674215,0.08286050645678836,2.4332528369320574,36232.74046441703
901,16218,-2.725852100846031,-1.0197420569712377,3.9062217296160067,0.08236773182082982,2.4334328416298687,36257.93678983417
902,16236,-2.6820679276468025,0.3765127896081957,5.148193347958276,0.08178070211031466,2.4351461725301813,36283.005622959
903,16254,-2.6627426661796845,1.0461930620573956,5.556300368907227,0.08133396967685672,2.4353258261223276,36308.53363633412
904,16272,-2.62983090527454,1.7043805062193274,5.867177444768983,0.08088480261394229,2.4369740384759697,36332.95089025004
905,16290,-2.6453155866230933,1.6824818371330663,5.883869414161947,0.08046712848120602,2.4393210068715687,36357.760579625145
906,16308,-2.668219319378127,1.66013162436085,5.8983312285650555,0.08031895732861914,2.4402964605888458,36382.48336400022
907,16326,-2.6688823667700974,1.671104530355213,5.891575917622198,0.08003687126943736,2.4422093231094832,36407.28308579209
908,16344,-2.623916764609596,-1.0617720656627156,3.916804377508306,0.07974573957149206,2.443530310751912,36432.90607716702
909,16362,-2.8046119030360206,0.2647187925383445,5.2063345154813545,0.07941703574976682,2.4454347840947586,36457.98393491702
910,16380,-2.7227045583434566,3.0661455908373854,6.205023903522039,0.07898713338400318,2.4499210150497435,36483.189957334194
911,16398,-2.8073865515290386,1.697660686097933,5.874436761780429,0.07874861357558638,2.4502326110188504,36507.98060025019
912,16416,-2.7119735859728684,-1.7140257571677262,2.851659371382295,0.0786004027392701,2.4524472402808195,36533.968453584006
913,16434,-2.624061000113359,0.3150242347908561,5.179170696056816,0.07847066920100687,2.4539769024827707,36559.12354995916
914,16452,-2.6791222470026455,0.9363642811815447,5.6252354284610036,0.0784102811517317,2.45456909738319,36584.10294120922
915,16470,-2.7244188190960807,3.032272099488718,6.233701676019768,0.0784531209354603,2.4556105188116213,36608.43909
916,16488,-2.604843042765408,0.344001943096785,5.1638673828269495,0.07855210591155024,2.4568266024764736,36633.73001308413
917,16506,-2.845400088154995,-1.8071104653161616,2.870531597852009,0.0786094473194409,2.4584291849135798,36659.85953720915
918,16524,-2.713239150275931,1.0297151638312134,5.566471659638538,0.07875925486881834,2.4608695457275145,36685.338336917106
919,16542,-2.6684338273850936,-1.0779790930341084,3.9256305292661926,0.07888177970078987,2.462356042952339,36711.23261137516
920,16560,-2.6480667363065344,-0.4174763644154111,4.661046770520333,0.07890353351493953,2.4646944244897435,36736.815827792045
921,16578,-2.6238377423487003,-2.4148334813955348,0.26816562868625865,0.07896255041780079,2.4657920808319633,36762.81231562514
922,16596,-2.784478252687751,-1.0455856987064318,3.9121794529677265,0.07887179714744881,2.4674786771298653,36788.326739542186
923,16614,-2.81389577772677,-1.7156688037003462,2.8559067683527832,0.07886830746562898,2.467778912412694,36814.231448417064
924,16632,-2.7217500722130223,-1.784343394850586,2.8636001734243104,0.0790256451971915,2.4680252757975243,36840.041833375115
925,16650,-2.797996460984301,-1.0576367450123831,3.9196081539392114,0.07926524462217406,2.4693505026056393,36865.743611042155
926,16668,-2.709124639121133,-0.416822045909232,4.660860391129609,0.07950402926663003,2.470648775468781,36891.449981584214
927,16686,-2.811269891154426,-0.4282210832008509,4.6661124700064684,0.07966065515637828,2.470608253679087,36917.524570792215
928,16704,-2.682823322530329,-1.7423231911882469,2.855057149807379,0.07964326968597077,2.470420125389694,36943.356681625126
929,16722,-2.7141792512751968,-2.5003345040452234,0.18324920636978903,0.07942505089113339,2.4709674611110444,36969.31948108412
930,16740,-2.666428970530724,-2.509909380789386,0.1579422326910535,0.07921158546085649,2.4724456670837394,36995.48293875018
931,16758,-2.7061480342154045,-1.1225257233500892,3.9393337773094075,0.07892664631936865,2.4728576329804968,37020.765394500224
932,16776,-2.6943077795455093,-1.1468320488798112,3.9430235886686247,0.07869961755320415,2.4726471310592624,37046.27274783421
933,16794,-2.741573362039941,-0.3411047914704228,4.630905878797161,0.07851735268530578,2.474173581322059,37071.253170375014
934,16812,-2.6887286831473185,-0.3927321784316142,4.649592945135971,0.07851600797248401,2.4747050986956527,37096.797835209174
935,16830,-2.8166360060157194,0.966511622786195,5.604748451652021,0.07844323600044287,2.4742330619891346,37122.26589216711
936,16848,-2.71766317696627,-1.1365308703115566,3.9386034230211124,0.07838759238956738,2.4755018465253573,37148.21075591701
937,16866,-2.8775311368314274,-1.1730300394269395,3.9531415144822364,0.0783264883747565,2.4761089177422,37173.97482595919
938,16884,-2.716180121227953,-2.4881128934049377,0.19504892497969023,0.0784950718110722,2.4766945359007715,37200.01285320916
939,16902,-2.7077088187879452,1.6753317837255985,5.8878021145937005,0.07854781458945902,2.4766716054573137,37224.91991508403
940,16920,-2.688239936633472,-1.784272440098751,2.8631023379625593,0.07862706978436218,2.476876823987497,37250.76100104209
941,16938,-2.6444175358626167,-1.7878985141910908,2.864862513436731,0.07855777736621097,2.4779066591463677,37276.62195204222
942,16956,-2.6467984000499785,0.9825100260411368,5.5944048949432785,0.07835205393046386,2.478399638105868,37301.90840541711
943,16974,-2.6807983291869264,0.9510160376709883,5.6127327787788195,0.07825655484410195,2.4785851888753907,37327.61098891706
944,16992,-2.705174447903468,-1.7635117090538646,2.8582526271353577,0.07822988041974527,2.4784433017236007,37353.65450287517
945,17010,-2.747628457802311,-0.43063308674323597,4.665671710271041,0.07824140867092616,2.4793200688281316,37379.05715933419
946,17028,-2.712796553747606,-1.1724952650410536,3.9521763442178646,0.0781949074412908,2.478538267613866,37404.56309375004
947,17046,-2.6114726126811334,1.6422272025533635,5.910389920688578,0.07822323803747187,2.4793735408919666,37429.90222687507
948,17064,-2.787097894991791,-0.4006117711122624,4.654440790727188,0.0782289249611748,2.4796857802859074,37455.49229800003
949,17082,-2.6304349749894556,0.29781514002270687,5.187941580024183,0.07813909521518718,2.48099911470591,37481.025950167095
950,17100,-2.7104575994296143,0.34711585582927235,5.164315215497012,0.0780164645683324,2.4820637146393216,37506.37855883408
951,17118,-2.673515447265755,-1.1249260918409272,3.936813670282828,0.07797276582370555,2.482625080102942,37532.20361625007
952,17136,-2.80810757836857,-0.4017310083530731,4.656081597831591,0.07802236354350477,2.482822334710619,37558.227581667015
953,17154,-2.7345285858378507,-1.1064960710934484,3.931806002567492,0.07795116527500938,2.4813782705604113,37584.24726800015
954,17172,-2.713412318008966,-1.780125418198522,2.8617887063033103,0.07800458601783342,2.4818201824793276,37610.61502141715
955,17190,-2.658685207619934,-0.40543106622277136,4.6551431645817045,0.07809524197121008,2.4826612472792102,37636.247766625136
956,17208,-2.6630255028134027,0.2712000736008746,5.201243213195578,0.0780794718554841,2.4827743064418732,37662.08824766707
957,17226,-2.8691715916265443,-1.877993827274712,2.884912375108601,0.07783046354079656,2.4826787959395524,37688.62186320918
958,17244,-2.710412575285062,0.32228435443240205,5.175955548311407,0.0775795033316759,2.4847409762364703,37714.272952459054
959,17262,-2.7087395229134494,-1.0808211372942713,3.9213009414988345,0.07751266617713214,2.484116837503137,37739.946227125125
960,17280,-2.7183089309105184,-1.093266548335131,3.9250188924354146,0.07726881919608804,2.4838008092723802,37765.60997650004
961,17298,-2.8016238573589525,0.9460584325403603,5.616834044695176,0.07709198493118795,2.4837246905503725,37790.96889904211
962,17316,-2.678677761380825,-0.35902347644591315,4.636399702686105,0.07691538985617372,2.4849865368745507,37816.64656000002
963,17334,-2.710028770965345,1.673218382230937,5.888996553685869,0.07673336087347209,2.485060905445634,37841.76010791701
964,17352,-2.8564715176162423,-2.5208109457158074,0.23502111263608275,0.0764896091977671,2.48554901605665,37868.04929729202
965,17370,-2.688282339088585,-1.11537963997589,3.931481186168957,0.07612752739241473,2.4856867297168024,37893.868908750126
966,17388,-2.804215475243369,0.2867089512321494,5.1946785910945845,0.07605272240507087,2.4856184050373114,37919.347505792044
967,17406,-2.9167632444332288,-1.1216241919478176,3.941811224894678,0.07588350871971969,2.4862753939778948,37944.95559016708
968,17424,-2.863439988833348,-0.4558383694392365,4.67757370002536,0.07568411955567413,2.4867064302228834,37970.58201670903
969,17442,-2.907756808540137,0.2596259226977547,5.21405422355413,0.0755992857732272,2.487085924898551,37996.299815292004
970,17460,-2.7937299014671475,0.9686910596515139,5.6034611033025055,0.07559571852655168,2.486806668235336,38021.28094866709
971,17478,-2.7754346159599135,1.6696114648364953,5.891953342408807,0.0756011380525935,2.487281024763525,38046.33066333411
972,17496,-2.7319148656110497,0.2787149146191213,5.198853512702147,0.07559463163589952,2.4870957290880416,38071.53541929205
973,17514,-2.7365784312705146,-1.0559107622418695,3.916881557634423,0.07557616977814957,2.4882437618117255,38096.983163458994
974,17532,-2.797692869577431,-1.1459015838726518,3.9445953864790875,0.07551114412102522,2.4889598342856725,38122.662871250184
975,17550,-2.8954454058256416,0.2782308977702015,5.198816630336852,0.07547447993634288,2.489134763464799,38148.06932858401
976,17568,-2.8834195147154937,0.9401798086871604,5.621241059946128,0.0754351656462108,2.489519143798027,38173.28389354213
977,17586,-2.727776694442211,2.397294952368723,6.069106715038769,0.07522096476052212,2.489818068263256,38197.90608058404
978,17604,-2.822806532608553,0.21180445758502067,5.233555523640897,0.07496038628051666,2.488186045197961,38222.732025542064
979,17622,-2.838000928211882,2.298396371406314,6.1453146733898345,0.0747670815269559,2.490398309270168,38247.36252412503
980,17640,-2.6812632441519457,1.0326281453777497,5.563740963623062,0.07482429247962474,2.492119396626903,38272.618744917214
981,17658,-2.7211216106495053,1.0445862596415958,5.5565895982120646,0.07485223215663651,2.4915157642336467,38297.142582
982,17676,-2.903202835187082,1.6757073789075656,5.888576892151488,0.07488723692401564,2.491384930715353,38322.06436108402
983,17694,-2.7016615455313193,0.244061055607188,5.215643657949233,0.07492145241229026,2.492375448968898,38347.48847125005
984,17712,-2.6625585968984242,-1.747030301882751,2.853660210665997,0.0750649288531553,2.493322502132086,38372.8931357502
985,17730,-2.769051860456673,0.24248673043022725,5.217271661354425,0.07511223580135656,2.4933281645170715,38398.32109645917
986,17748,-2.7973743704497585,0.23840090011791107,5.221044138820185,0.07522327891433363,2.4938126647888135,38423.62194491713
987,17766,-2.723550413585213,2.3523234869495133,6.102174783126724,0.07531577882722006,2.4939042083374465,38448.14850779204
988,17784,-2.622208844416106,1.7156824422421948,5.859329166725272,0.07539718975651577,2.4959020406736347,38473.23469208414
989,17802,-2.7337515721142127,0.9609782406751238,5.607854900205028,0.0754185387387544,2.496111727935212,38498.16847800021
990,17820,-2.8994140272090987,-2.5694292454033674,0.13491611546888033,0.07523360003663893,2.49581150740646,38524.38412937522
991,17838,-2.794575355335601,0.9759452101977154,5.5981858032395015,0.07499420760709614,2.4953266636907183,38549.26467825007
992,17856,-2.7195276919454616,0.23615320450773755,5.220158114845613,0.07483116568589447,2.4949242703338927,38574.75805508415
993,17874,-2.629669609860553,0.29337010113422857,5.189400367935806,0.07468470302760526,2.494073072432301,38599.83764400007
994,17892,-2.7937105574035725,-1.1082575095679035,3.9306667047141537,0.07442402605292474,2.4927561508659783,38625.6433298341
995,17910,-2.647211529061422,-0.42474947304464866,4.6629534341112855,0.07398617574623484,2.493026863386585,38650.884529209
996,17928,-2.757309824170987,-1.8394610861128777,2.8745456264676434,0.07365781426588819,2.4935302648350666,38677.05535750021
997,17946,-2.895106165554721,-1.1463817721276564,3.9455636981710063,0.07324923947543348,2.494286000044506,38703.108037709026
998,17964,-2.7219574871241976,-1.1181296566882475,3.9359934104782845,0.07277455065613382,2.4950217542168547,38729.080346500035
999,17982,-2.8108040572563264,-1.8510932060996572,2.879474069053883,0.07231492736716712,2.495593275113714,38755.28540041717
1000,18000,-2.779965922324769,-0.45773393618822145,4.679524641980746,0.07190129913259523,2.4957053326081433,38781.47038695915
1001,18018,-2.750668321133074,-0.44142771649232454,4.672315013039956,0.07150625334707436,2.496091961181987,38807.48269708408
1002,18036,-2.795337774785283,0.8939477078737063,5.647888854456351,0.07114137522437584,2.496900726874447,38833.376880334225
1003,18054,-2.7647713114131007,0.19356619015484733,5.242088424235508,0.07080874349426348,2.49605635539491,38859.07052837522
1004,18072,-2.7881949003952236,-1.1528372160075007,3.946397686336058,0.07055978003563222,2.496912143838607,38885.36815820914
1005,18090,-2.709506701972385,0.9335248895316776,5.623542264201884,0.07033338503408805,2.4959248386893798,38910.37926983414
1006,18108,-2.8897198988614594,-1.1790963359736173,3.9560362985528386,0.07009721151854015,2.495619617819594,38936.23240733403
1007,18126,-2.7402130998673297,-1.9187975548361682,2.8924215214269116,0.06982410782353218,2.498024232507017,38962.16668100003
1008,18144,-2.713529114506054,0.19499212782367217,5.241513629231493,0.06958070357351794,2.498610978986709,38987.913760792
1009,18162,-2.7621853881906757,-1.9036182675803859,2.888503411980986,0.06933467144062515,2.498966389072948,39014.01311087515
1010,18180,-2.7840784619812586,-1.1538241421942732,3.9468053640229215,0.06920567876937193,2.499527414938438,39040.030901417136
1011,18198,-2.835513121290015,-1.2115636974281558,3.9668142106486237,0.06906246460814565,2.4989510033418543,39065.848409000086
1012,18216,-2.9705634766018556,0.2069968163409091,5.236572956028413,0.06883710982890498,2.500027976209709,39091.23452941701
1013,18234,-2.796341400247979,-1.8500587092912524,2.8769242723827952,0.06856469016626106,2.5002067793656257,39117.07756550005
1014,18252,-2.8949969978997103,-0.4546672016201943,4.678654491097016,0.06833847755815751,2.500185846889847,39142.89159145905
1015,18270,-2.8082154539358557,-1.0608490256674,3.9204530367365544,0.06796907728923954,2.5003228036546554,39168.274675334105
1016,18288,-2.7367261092609563,0.31390672073396547,5.180728728776428,0.06760011149260524,2.5002001206448488,39193.670872250106
1017,18306,-2.9886655709928527,1.5877593527372544,5.949508664261677,0.06730130432337005,2.49979163074007,39218.96333241719
1018,18324,-2.694068937539015,-0.39750701072110495,4.6521220218471075,0.06696840271727734,2.501534388327057,39244.70275141718
1019,18342,-2.6758842689012865,-1.0469594485274967,3.9099490951729723,0.06658537212931388,2.501332582402331,39270.89126970922
1020,18360,-2.800273282731228,0.2178063709454945,5.229486896757515,0.06612665020501757,2.501545336111143,39296.32933595916
1021,18378,-2.8048755903863545,0.23693573159635958,5.221513650855723,0.06570535926114711,2.5020708117216093,39321.83671258413
1022,18396,-2.8055127917914597,0.9483022036778558,5.6156612912803405,0.06533459632254761,2.5008705798398787,39347.30968045909
1023,18414,-2.7089614573551,-0.9933485530431542,3.898253559922692,0.06503703485796822,2.5016696764523205,39372.95829529222
1024,18432,-2.7974011838789106,0.8805076915163172,5.65696269494857,0.06478735028408746,2.503479133195173,39397.816623584135
1025,18450,-2.714058842901575,-0.4987172119617765,4.695965892646014,0.06458974507941775,2.50379944350797,39423.237303709146
1026,18468,-2.7287881336125435,-0.4996522088996017,4.696732912903183,0.06433869971448296,2.5046898944687985,39448.72438725014
1027,18486,-2.6985420252030696,0.23210276536808758,5.222265492877716,0.06417380436111716,2.506050693981127,39474.23651995906
1028,18504,-2.7090169946791236,0.2954725762321139,5.188754183295787,0.06388635682872337,2.5067037491697106,39499.55904608406
1029,18522,-2.7026741570850907,-1.118179075080499,3.9355901046118893,0.06361630302668381,2.5070094002045775,39525.60360837518
1030,18540,-2.8171935707672167,0.9773927158950908,5.598142602205776,0.06328079453590638,2.5065224305701976,39552.832393709105
1031,18558,-2.8468002738917266,1.0118008437341666,5.577910577745051,0.06293681913896824,2.5076940715531153,39578.21064754203
1032,18576,-2.6643603491336485,-1.7802554894680283,2.8602392720035086,0.06267937959947928,2.5079616677147816,39604.24246491701
1033,18594,-2.7812476572307654,-1.1681420247201153,3.950086934825925,0.062423054889014444,2.508566855959884,39630.13233366702
1034,18612,-2.6971993728010726,0.309096696992706,5.18339475659227,0.06230137404007362,2.509895074400802,39655.61523483414
1035,18630,-2.8166172504567872,-0.378050243771476,4.645627819302232,0.06215679209272825,2.511103615110544,39681.30513937515
1036,18648,-2.908212779915197,0.879356031207932,5.658598502216324,0.06194654023659929,2.510622633110446,39706.211505459156
1037,18666,-2.810545580972647,-1.1562802263620329,3.9470911693783166,0.061588631490923376,2.5101603872109797,39732.09463875019
1038,18684,-2.808010689237164,-0.47522546134560745,4.686947086127616,0.06126991590676252,2.5099190677038963,39757.899860917125
1039,18702,-2.858320267653559,0.22757911970477196,5.225468763358501,0.0611227093555025,2.5099642670783,39783.5046948751
1040,18720,-2.71470211102541,2.394159676208514,6.070783046357717,0.0610131491375536,2.5104276807329082,39808.22623541718
1041,18738,-2.799412609606145,-1.1279032375265698,3.9443128047246168,0.06089345035298834,2.5097004097299873,39833.725528834155
1042,18756,-2.705093935918619,0.28496522958197024,5.195854635010907,0.06082937415587313,2.5102084056051313,39859.24038995919
1043,18774,-2.794492639877005,-1.8725257367888437,2.8809097975974036,0.06080077506252099,2.5120741893484944,39885.43052325002
1044,18792,-2.86022342809261,0.944437029414202,5.619967958999785,0.060689189388999476,2.512631653348833,39910.65144366701
1045,18810,-2.887972304874536,-1.135791645572851,3.942996386217213,0.06067721382250341,2.5133742021453354,39936.56609591702
1046,18828,-2.699212309385445,-0.41171497722526745,4.658881365307356,0.060596531774440555,2.5111596641827307,39962.32687004213
1047,18846,-2.860356982541878,-0.4179731571300888,4.664285455362976,0.06048754860796431,2.512158684833064,39987.52872841712
1048,18864,-2.7573158935422217,-0.40747059132869373,4.657925025517773,0.060559148213909654,2.5124950067090297,40013.08938729204
1049,18882,-2.7147438882678934,-1.0128236511371433,3.90227968819466,0.060487806581435904,2.512890169413572,40038.8934678752
1050,18900,-2.7484644956616107,-1.8634366502858215,2.880587907120794,0.06050796977343181,2.513867276203438,40065.22760808421
1051,18918,-2.8964324710002196,1.6510295128352783,5.905934153173587,0.060608528669575654,2.513647477366801,40090.35688937502
1052,18936,-2.832926786895332,-1.7915798189857897,2.8686650697234395,0.060639791208487615,2.5137953618921443,40116.1022948341
1053,18954,-2.8502700827179313,-1.1531194715104682,3.9472125559000655,0.06081573793933836,2.5147764204430754,40142.263775542146
1054,18972,-2.7880184778111703,0.2721255490818175,5.200990990004215,0.060896985523241375,2.514770381942869,40168.03537566704
1055,18990,-2.7069285810947754,0.24310449682648805,5.217339695445361,0.06097327689655988,2.515357506715184,40193.44563595904
1056,19008,-2.7843364032417526,2.349560431528963,6.1053388733035465,0.06096528184526167,2.5152773710407534,40218.31067058421
1057,19026,-2.924559276112234,-0.482657822887204,4.690476507925036,0.06085384233082452,2.5151553944897893,40244.09303008416
1058,19044,-2.637628216708005,2.3628161799647787,6.09319599589342,0.060731533317456496,2.5148324031389238,40269.6456452501
1059,19062,-2.7913325876272834,4.401827098545867,6.260277535948444,0.06068374473483739,2.514279276934646,40294.51605116716
1060,19080,-2.8841030993770267,0.19953625520938234,5.240937518974527,0.060498271342417226,2.51372382440097,40320.060052792076
1061,19098,-2.7691074561244684,0.9773182879252518,5.598523976159168,0.06048999206239973,2.5134083963882916,40345.34541212511
1062,19116,-2.803055770494769,3.037714950095976,6.22904774001602,0.06058887014653175,2.513230559347732,40369.690839417046
1063,19134,-2.762602610190365,3.795316736007023,6.209152085503369,0.0605471543264412,2.5126091134859783,40394.358356750105
1064,19152,-2.7590990679864498,0.2681514884951681,5.204909315972328,0.06061108751080289,2.512855678288326,40420.056296000024
1065,19170,-2.917093125992785,1.654364366117651,5.905713226340608,0.06059158396744346,2.513961691967063,40444.999599334085
1066,19188,-2.6957784350579885,3.7381347809320227,6.2630428027032155,0.06050291190122893,2.514211869936828,40469.877241875045
1067,19206,-2.91697130061105,-0.4673887452792314,4.684632719479913,0.060325895335232124,2.5148108343561995,40496.48722350015
1068,19224,-2.780240804686903,2.36213892273563,6.094636625800593,0.06015301871067905,2.5178720612926426,40521.45000791713
1069,19242,-2.7419424421927605,1.007721185571709,5.581240673524623,0.059817163208088026,2.518693278104438,40546.653206667164
1070,19260,-2.73519829668168,0.278562040821,5.199513386103938,0.059496328168394313,2.5202149189065604,40571.855975792045
1071,19278,-2.7751445128681675,0.9978356716602215,5.588113326961735,0.05922445510775495,2.520468748787135,40596.897706542164
1072,19296,-2.7471493853355193,3.732023079491306,6.268936757561625,0.059055194112724765,2.5209706292070133,40621.782487667166
1073,19314,-2.9211764360012573,2.3568410620624696,6.10018896769583,0.05883531336784653,2.521119282257197,40646.81991470908
1074,19332,-2.7079809027350077,0.9786484961194897,5.596534908866805,0.05862329533309344,2.5210695959848812,40672.41837445903
1075,19350,-2.802701278204147,1.616529570674887,5.929077639460855,0.05829936784406431,2.5206826943572156,40697.18384866719
1076,19368,-2.7408529156436776,3.715000162108663,6.285430875405541,0.057997335161539126,2.5204371699209216,40722.367234834004
1077,19386,-2.842587147424255,2.304318510651834,6.140624405618561,0.05762531713486339,2.520958000401539,40747.53707008413
1078,19404,-2.8215538249214913,0.17806106988284437,5.251037216457839,0.0572925522861731,2.520227689740396,40772.9304702091
1079,19422,-2.8481161490142157,-0.4545765669742827,4.680382969367489,0.0570695752834955,2.520249203599883,40798.64864325011
1080,19440,-2.742528133765962,-0.5300739509118666,4.710379906510268,0.056848952497421626,2.520286034928723,40824.63071070914
1081,19458,-2.8376898048583277,0.9053261603958629,5.6416303519662545,0.05667876507342064,2.520565452731095,40850.08464608411
1082,19476,-2.9206142432469036,-1.194730033388952,3.9609745813271653,0.05648685729867467,2.5204938797768506,40875.99958883412
1083,19494,-2.768960823376976,-1.227365965278811,3.9734420021452443,0.056434142555177716,2.520270062179253,40901.49286191701
1084,19512,-2.8357774946493755,-2.6322995331536676,0.13616754901418232,0.05631040214578064,2.521059743600906,40927.50617100019
1085,19530,-2.838785447499654,-1.1801413933727545,3.9593579721184398,0.05629637544332846,2.520404649420179,40952.85492179217
1086,19548,-2.885472198709151,1.6126954606474193,5.9329858221084395,0.05610840385543889,2.520635092692203,40977.74276870908
1087,19566,-2.7076696953991775,-0.4299265386128659,4.667890551722932,0.055994238083941335,2.520730008398496,41003.07464866713
1088,19584,-2.7481868179792217,-1.8161775538966312,2.873580068146265,0.055865580901844694,2.5209376771077596,41028.72557862522
1089,19602,-2.8565049072436026,0.9246163730735736,5.6305069819337525,0.05583659399378953,2.521875230576637,41053.861831542104
1090,19620,-2.8117250006110264,0.28134338907269796,5.201092337800671,0.05578956763146397,2.5221332458121304,41078.69069262501
1091,19638,-2.7918277594311487,0.19331332539984988,5.244611132469105,0.05569258878928096,2.521265775996868,41104.03969737515
1092,19656,-2.8000505005517153,-0.48598191652918465,4.692983493265374,0.05562660250202769,2.523349902519756,41129.74190641707
1093,19674,-2.8067366066721715,1.5591341447189238,5.969165098074538,0.055624334910968444,2.5226575652007535,41154.90191550017
1094,19692,-2.7838380418172815,0.8732013886082693,5.6608447515492735,0.05564038386425299,2.5219184255542872,41180.094604375074
1095,19710,-2.7529669620473682,0.16954647080370894,5.255635626245,0.05560773146684232,2.5227273901217275,41205.42625070922
1096,19728,-2.7843368361555187,-1.180805948102213,3.9566763423409492,0.055613471981696104,2.5239770257955367,41231.0704662092
1097,19746,-2.8031412166690166,-1.8730682370769856,2.886269840595696,0.05550833106236573,2.52458789222296,41256.82545104204
1098,19764,-2.7986633128901373,0.9323605838243384,5.625394420289483,0.055472226215757,2.5258985763375232,41282.304609917104
1099,19782,-2.879141362987161,-1.2435467041937756,3.9766296875704787,0.05536612852087723,2.526351202079889,41308.22499908414
1100,19800,-2.727927335713354,0.21691415962581892,5.230996330295352,0.055222900678843036,2.5264389989443123,41334.06703408412
1101,19818,-2.885180115507239,-1.299762196627752,3.9962631461995204,0.05507422617611846,2.527049722945965,41359.50841920916
1102,19836,-2.9278857211654565,1.5928400411368786,5.947661556922511,0.054984522840681,2.526827598359252,41384.79054775019
1103,19854,-2.748916908949349,-0.47393360342614904,4.686039499740716,0.05491409519768367,2.527032949891036,41410.4086657092
1104,19872,-2.779972576059198,0.9453283555832499,5.618008284532576,0.05474350991781114,2.527262522635261,41435.70205525006
1105,19890,-2.9106290521922724,0.8692119372268986,5.664033442198146,0.054541218596453035,2.5257541747421723,41461.16657725
1106,19908,-2.9456063639364367,-0.5688008829020563,4.727751050800401,0.05436353142060092,2.5270300714364624,41486.62167587504
1107,19926,-2.8864442929138825,0.9271758963553172,5.629452589188626,0.054190760388201344,2.529022999647806,41512.04600850004
1108,19944,-2.827269132222994,-2.6346926037259712,0.13587417378090824,0.054087302907365034,2.529994740525446,41537.903686500154
1109,19962,-2.91002617032677,1.584650168586932,5.951837441388939,0.05389728308161085,2.530708959844329,41562.83838787512
1110,19980,-2.733884995912033,-1.8095027524209444,2.869213110772963,0.05367497456043904,2.5316038990068277,41588.853203834035
1111,19998,-2.8476223667152167,-0.4707804317929031,4.68670054450411,0.05349912825093675,2.5324276324903052,41614.47901395918
