generation,evals_used,best_fitness,mean_fitness,std_fitness,sigma,condition_number,wall_time_s
1,19,-0.178804185061181,-0.004456083297770884,0.13400552555803716,0.48765699748986185,1.0105350310718446,72.80258387513459
2,38,-1.1527576933591783,-0.0607035421538936,0.2759107301077918,0.4768879963952502,1.0122587819592708,142.58227595803328
3,57,-0.5223918441218993,0.008567767715508968,0.20555959629931986,0.4676706083722357,1.0132901265114405,204.94851433299482
4,76,-0.49481905550382965,-0.029441340478851327,0.1553833664723378,0.4598964627618789,1.0147486187168395,265.1820885001216
5,95,-0.33365487777005676,-0.047852522352565055,0.15736178132471462,0.45301374511703096,1.0154718851748166,344.04792737495154
6,114,-0.53492412588486,-0.10864001457035462,0.162876294626136,0.44725923941071943,1.0166193656109161,407.32662791595794
7,133,-0.39006272906068595,0.5332727265675569,2.2363083145949663,0.4418663680651381,1.018208868497092,467.5758363751229
8,152,-0.4731011808091603,-0.08408888125738076,0.144472146402246,0.43737511529855977,1.02091265332162,529.1716971660499
9,171,-0.7693197912143841,-0.08641450077480699,0.2216568321929896,0.4331341104072032,1.0234805743814706,588.9551512910984
10,190,-0.26239915316177953,0.5382796446094129,2.2335103195121784,0.4297178244853012,1.0269037057521562,647.8455811250024
11,209,-0.5963832828228188,-0.1690809205584072,0.22819641079218364,0.4269805679109742,1.0309093588091403,707.0753326250706
12,228,-0.4828063259158544,-0.14284115441652356,0.17429081702787771,0.424187444114227,1.034671602156124,767.8223850829527
13,247,-0.2994843309318016,-0.07570907957459995,0.1783195295484637,0.4215231831162847,1.0384444344171926,828.8756784580182
14,266,-0.3896960187043481,-0.08943360349142916,0.17521350184533993,0.4192453213420481,1.0422582389279416,890.0472711659968
15,285,-0.7127792858283994,-0.18356213613471964,0.2475164777606503,0.4174994321154407,1.046741440847166,950.7869634579401
16,304,-0.4756905558097797,-0.10121259669993701,0.21664005828722038,0.415799564574673,1.050875959719639,1011.0672366251238
17,323,-0.5725744306844405,0.3954378557124527,2.2732730995037826,0.4140062878336443,1.0548313127806555,1071.09914466599
18,342,-0.24086030456211116,-0.049664470218830116,0.17307312386552748,0.4121139635311296,1.0587619109174926,1133.2063734580297
19,361,-0.9251243828280602,-0.14317895973386738,0.25354705430861524,0.41044154177083314,1.063032329179154,1195.7139756660908
20,380,-0.4659866917251101,0.3979113460245806,2.2683730519438217,0.40900810414092065,1.0672796553721056,1257.296446125023
21,399,-0.269734453684789,-0.03084639563026969,0.1465726450476455,0.4077132274882384,1.0717889570938772,1316.330932999961
22,418,-0.840441230628449,-0.15152564788236977,0.2835234563996014,0.40604541451304466,1.0765126880682103,1376.593538416084
23,437,-0.7079840794395889,-0.20319960499000037,0.25597394162586984,0.40471737686323805,1.0809365535092388,1435.9535139999352
24,456,-0.5628516668408601,0.4343623284979491,2.264513260576974,0.40304383448291314,1.0851751330055823,1494.4696426249575
25,475,-0.6687845565179833,0.47383093180352825,2.2556663719575463,0.4012641351699308,1.0893842779970497,1557.055350166047
26,494,-0.5308359819835751,0.42665829371251784,2.264672363102453,0.39990311034614046,1.0939776461149562,1615.9924943330698
27,513,-0.6413327213411062,0.2857172969332398,2.3005297662869113,0.39864512601419155,1.0986453963968454,1674.619384041056
28,532,-0.8635800960927895,-0.20684902556950896,0.3131662211204523,0.3977132086959254,1.1041744545005976,1733.380423540948
29,551,-0.37841778315595676,-0.10032731000053295,0.17227606801983,0.3970714350601173,1.109417250975519,1793.827440208057
30,570,-1.0291789765171337,0.373650390913466,2.2881419329608086,0.3963224776865365,1.1143439265062158,1856.0416497080587
31,589,-0.6952875237560923,-0.09947860284072557,0.23308487822219004,0.39566800286639187,1.1191875739552162,1916.8271187080536
32,608,-0.7747306187274354,-0.1759517536573058,0.2638795910205258,0.39478189563718274,1.1238632260641916,1977.4506176661234
33,627,-0.5581806392877544,-0.13452660596933877,0.17819037112726188,0.394093480144348,1.1287593758800525,2044.5056731251534
34,646,-0.5811074378093988,-0.16883519025515561,0.19669738454732985,0.39358501518318806,1.1340581482342973,2107.114378000144
35,665,-0.709724894185416,-0.15499813384716052,0.33106481375140306,0.3932966047800749,1.1397238760537056,2164.215587124927
36,684,-0.6486374783658535,-0.21112055087535567,0.23363645643202022,0.39265234232530305,1.1450954984379185,2223.3403056249954
37,703,-0.5417985522300519,-0.2168676166827288,0.18779856368514813,0.3920034263994273,1.1503842736363978,2283.1562625830993
38,722,-0.5798524002126237,-0.1633703513411927,0.1761489688304832,0.3912910147308822,1.1555694816854563,2343.4780500410125
39,741,-1.2414718004115723,-0.10476858294208424,0.36549957774165526,0.3901463472710901,1.1604811540593458,2403.886488707969
40,760,-0.4497446797211939,-0.07155618078625903,0.19485188285759852,0.38884023707938853,1.165000277484026,2464.859117000131
41,779,-0.5632233892797336,-0.10642660690976853,0.15333661684183555,0.38754437649570356,1.1699304692308943,2526.0749984160066
42,798,-0.5250490632655476,-0.14918441387744855,0.17554378636110876,0.3858635727231454,1.1741450483937217,2587.5853899160866
43,817,-0.6904603229224229,-0.1664386474651303,0.215705831393451,0.38441258790535027,1.178011432083931,2652.426468499936
44,836,-0.38022395479584414,-0.12933316275604603,0.17022658066714103,0.38235331471546824,1.1818920531265584,2716.8913646249566
45,855,-0.38042270856719806,-0.10564748986323254,0.1624802930651764,0.3804953799553714,1.1859084218491402,2784.131457624957
46,874,-0.4610636490592226,-0.08757632845263126,0.16337995397060293,0.37918164638693674,1.1901090753756094,2849.611854708055
47,893,-0.5575990128990851,-0.12275385020753142,0.18562898109583034,0.3779227105105537,1.1945230034562033,2913.2661913330667
48,912,-0.5780183684721623,-0.13718172007661036,0.1971619303455286,0.37667580181287647,1.1990550679373895,2980.6590973751154
49,931,-0.4463594824409931,-0.15636501515028534,0.15024163515508623,0.3756180622688939,1.2035432423741028,3044.7508489999454
50,950,-0.38364281942099954,-0.09234429458502355,0.15116714883420984,0.37478776076927356,1.207842649385033,3107.3955732909963
51,969,-0.556429746924751,-0.1507143028370991,0.19364571985646048,0.37403446160550385,1.2120786056828732,3168.5993373750243
52,988,-0.5027731223371834,-0.15165817887245323,0.1771037423271107,0.3730790771428287,1.2160085762851895,3229.5522257499397
53,1007,-0.4558872297449037,-0.15851528349992433,0.14073002809138002,0.3719344804996697,1.2197339959260236,3289.949854625156
54,1026,-0.4623049133809829,-0.19224101153704395,0.14707646875535804,0.370695963011096,1.2233434686480922,3352.020937875146
55,1045,-0.4270414611684892,-0.22854598776851917,0.13119362397732445,0.3695371027713752,1.2265982062444742,3415.123326333007
56,1064,-0.5615425429170298,-0.22231985682264843,0.14470851021135844,0.36828570309363984,1.2302311337433804,3476.841155041009
57,1083,-0.8756754142865768,-0.2517456106574499,0.2544869374911026,0.36712427441581547,1.233642813371876,3538.307655957993
58,1102,-0.6560747402604861,-0.17350497823065003,0.2469702063429584,0.3660177085186334,1.2374709457308168,3601.082479665987
59,1121,-0.4100865201275852,-0.16392800006486594,0.15886712620836313,0.36477223318658547,1.2411559360265714,3663.833187500015
60,1140,-0.6638893358518736,-0.19048140789806123,0.20073129640721443,0.3639556985832032,1.2451722671319683,3726.7294745000545
61,1159,-0.46859456287733003,-0.23332342038490894,0.1632731467648828,0.36330422076642516,1.249316573982094,3788.8562022501137
62,1178,-0.6635131484412602,0.2782214210488268,2.29957078115556,0.36310648740507956,1.2532746793974097,3853.851499665994
63,1197,-0.5947559687043533,-0.27529186275877854,0.16776961743960653,0.36264147325594176,1.2572499694355384,3916.5031425410416
64,1216,-0.5324019296467561,-0.19115583492029328,0.241532997565218,0.36240245704828217,1.261100124527848,3980.330807833001
65,1235,-0.9131472563906868,0.4012820454486266,2.275185997441892,0.361950346975906,1.2649851671664303,4041.578037416097
66,1254,-0.6599168395568134,-0.23312057211588022,0.20520505178660653,0.36161579648966474,1.2687918859898757,4103.797528625
67,1273,-0.6090114282405477,-0.1412175358527945,0.20164833575891458,0.36077224209540715,1.272705248536205,4167.373528750148
68,1292,-0.3850287699500514,-0.14671377616125222,0.17067270724312564,0.36023465329743976,1.2762156294212879,4232.3772192080505
69,1311,-0.5985759983218486,-0.24567761572788643,0.17073056857702523,0.3597999841524726,1.2797836762876886,4293.758472291054
70,1330,-0.5941261114543721,-0.2420300119222114,0.19383751539832483,0.3594938018405556,1.2836534252351246,4354.292014375096
71,1349,-0.5649436284391225,-0.20201938723479318,0.18683936746901103,0.358901484738341,1.2882216887330484,4414.723149833037
72,1368,-0.7170329142823384,-0.24283459304846292,0.21808109029773773,0.35844264125623254,1.2926244858951712,4476.773412875133
73,1387,-0.7395151944744773,-0.2785638147820062,0.19708437664248962,0.35783088104584415,1.2968157691536204,4538.241494165966
74,1406,-0.6400933615568141,-0.3423704902961071,0.1622243587087839,0.3568805118765282,1.3008005781244598,4602.689926082967
75,1425,-0.7931199987282147,-0.3455759894496605,0.20668407280588755,0.3559684554084323,1.3046449831808073,4664.907602624968
76,1444,-0.866277346801045,-0.20229442567406186,0.2681569094904262,0.3548389085451075,1.3083640833631713,4729.747157375095
77,1463,-0.7707968118056909,-0.20966876716773625,0.2255234319453847,0.3539668510688128,1.312281754817989,4789.847464791033
78,1482,-0.6525000487252655,-0.3449258909194682,0.18213383271961356,0.3529878857610037,1.3158701833859798,4850.566156540997
79,1501,-0.63445708208795,-0.3187892149001749,0.20015368298682548,0.3520388578178424,1.3193090146533915,4910.480944874929
80,1520,-0.9823534560584859,-0.35417023836090483,0.3019439601737448,0.35139001874606723,1.3224782724051016,4970.453745499952
81,1539,-0.7876630352907501,-0.16787857553452448,0.27437270381266954,0.3507441530903355,1.3260895377286632,5031.021150541026
82,1558,-0.6194404699622149,-0.26297613718533186,0.216806182098947,0.3502979361891032,1.3292483989414399,5091.0018433330115
83,1577,-0.6221698758372067,-0.40111668847999854,0.17295901040108255,0.3497807982530089,1.332110037574224,5151.651984583121
84,1596,-0.7473648725458348,-0.2571926426559024,0.24881423309769898,0.34979384787889023,1.334779748198706,5211.218038458144
85,1615,-0.8521289679199793,-0.3723295013936543,0.27136612052546766,0.3496273874158651,1.3374615749825098,5270.884639583062
86,1634,-0.5772578157255026,-0.20210765240001555,0.20933373629843618,0.3495434332076842,1.3407017937672792,5331.206541124964
87,1653,-0.7265173449593911,-0.35383423113100393,0.23924744823157448,0.3497508517133209,1.3439674639073182,5390.775339041138
88,1672,-0.8466502754296092,-0.31047865029007676,0.2860695714023896,0.3502200384910004,1.3472957098864722,5451.586251375033
89,1691,-0.7082563114076876,-0.3653453851007297,0.2174919242554296,0.3504678326800603,1.3505223455429811,5511.74432966602
90,1710,-0.9164441668585734,-0.3034308415904245,0.2867112822045301,0.350599012964805,1.3535007970660908,5570.77037033299
91,1729,-0.7167598780585118,-0.27647032143107314,0.21066531661444773,0.3502895092432825,1.3565615124814823,5631.068169125123
92,1748,-0.7365224429883082,-0.2696727073011146,0.20853413263538573,0.34976479284880224,1.3596536115703088,5692.013055250049
93,1767,-0.689379334330682,-0.27341337221404577,0.20877110139822233,0.34920561525803145,1.3628943646470082,5751.563086207956
94,1786,-0.9940609344623796,-0.3113969284242985,0.3159631274923869,0.34910034672301404,1.3665797616972677,5810.868825666141
95,1805,-1.0670444534689354,-0.4383293199151148,0.2572200496236502,0.348705441715085,1.3703646272759837,5869.410607750062
96,1824,-0.6525962962989285,-0.30120603684464947,0.22104345074636594,0.34869439989243395,1.3744272850851915,5928.54788354109
97,1843,-0.8065281745349022,-0.30339142162433125,0.23426477465756693,0.348436630891182,1.3779323849090779,5988.296519333031
98,1862,-0.710200576949453,-0.3482617658807275,0.24064758771612751,0.3483173469298001,1.381902943752696,6046.993927540956
99,1881,-0.8329788408752661,-0.339934967879126,0.22926272982251028,0.34843441099240163,1.3861483787281883,6106.7069206661545
100,1900,-0.6904958932771459,-0.299463287413033,0.2644988141904321,0.34883117468590535,1.3903990264029003,6166.665262500057
101,1919,-0.8759095327243269,-0.27363071085854,0.27781963552848293,0.3490892377609496,1.3946473098722332,6226.564758250024
102,1938,-0.7935635327223141,-0.38590423404338736,0.2285153622261922,0.3493053623687585,1.3986743863665947,6286.023341916036
103,1957,-0.6770080117732036,-0.20689655104353888,0.2558980999969295,0.3493882457824867,1.4027469054452293,6345.298237500014
104,1976,-0.8338692829503156,-0.3898513556989311,0.24341662278903364,0.34933407719667775,1.4067205760505457,6408.31963500008
105,1995,-0.957177749309392,-0.42978363883796883,0.31033289771721495,0.34898187698043653,1.4104797820729873,6467.996841415996
106,2014,-0.7214375279874963,-0.3402788252683674,0.31277583202664305,0.3486143101464219,1.4144982957401984,6526.743792332942
107,2033,-0.8467036803049526,-0.44619509323257656,0.25293229725660094,0.3484748282412431,1.4185185222915027,6585.41318679112
108,2052,-0.8740586082264636,-0.5323025260933332,0.21508224826392888,0.34839166960113904,1.4227202392083877,6643.603400333086
109,2071,-0.8861762259994341,-0.5357983271121584,0.2841998763590732,0.34838466718180183,1.426920099490635,6701.345467833104
110,2090,-1.1177728330183534,-0.44079270434399215,0.3886026767211747,0.34867230380229414,1.4309853005796507,6764.2910359581
111,2109,-0.9942188115422699,-0.4947120621584132,0.28200128795571394,0.34917519056343943,1.4356741184946402,6826.208717083093
112,2128,-0.8829325258248284,-0.5255620475219346,0.22825617064686518,0.349651832340387,1.4404093650687362,6884.759539915947
113,2147,-0.9409436375419116,-0.5083528209553613,0.2524541557937055,0.350153945454859,1.4451744120005563,6943.753355083056
114,2166,-0.9318580114873143,-0.5695665834344051,0.235552628496906,0.35082746096089207,1.4507755212201816,7001.1751338751055
115,2185,-0.9277489669773571,-0.5616483938884895,0.22677406296167366,0.3515003830538158,1.4566647277937397,7058.763065624982
116,2204,-1.1089013100226488,-0.589902035719388,0.2543176130367203,0.35208895507107807,1.4621787110708102,7117.031236707931
117,2223,-0.9550691727811254,-0.6556059814695875,0.21683244756053596,0.3525248195205086,1.4675183530677811,7175.025672458112
118,2242,-1.176612986926954,-0.642143752978871,0.3518366329476899,0.35324540476549754,1.4728003027273804,7239.712471750099
119,2261,-0.9504429383398829,-0.5714188448583191,0.2511349918638263,0.3538186762272587,1.478138315928447,7299.959232458146
120,2280,-0.9653410116878538,-0.6773322845979244,0.2532542902357638,0.3543558722562886,1.4832683874733792,7358.820672499947
121,2299,-0.8965997982058731,-0.6214936666813693,0.1763299238139648,0.35484942710563305,1.4887030854648005,7417.726408000104
122,2318,-0.9167593287795546,-0.6729157156300747,0.1951345498140082,0.35544508344044196,1.4938203122742018,7477.366906708106
123,2337,-0.953056266862073,-0.6891383339315741,0.16536988362158297,0.35597548753584457,1.498887014424582,7536.19275358296
124,2356,-0.986567654051643,-0.6396219288779367,0.20104532502673042,0.3567364190082089,1.504700427316409,7595.439285291126
125,2375,-1.104922193863482,-0.5489814846619111,0.27034932203227546,0.3573317979342443,1.5100245788387987,7654.678123583086
126,2394,-1.0079160001183016,-0.5291110503907174,0.24125332291790005,0.35760516629034267,1.5154974534185748,7713.363806165988
127,2413,-0.9413236378129044,-0.5666274671045507,0.18643653162804666,0.35794633094927036,1.520722946607946,7772.179325333098
128,2432,-0.9207523964009745,-0.6391796221006532,0.24992173609113214,0.3582265937056575,1.5260353462176182,7831.3554999160115
129,2451,-1.0107172414395453,-0.5904381447812133,0.2498128650252558,0.358370481868081,1.5312178252213193,7889.579756665975
130,2470,-0.8290611765880671,-0.5545563803992919,0.18245583564437037,0.3585580961340917,1.5366025431103973,7948.189948166022
131,2489,-0.8362629561635035,-0.3936863198354164,0.24394233667971293,0.35899618430159336,1.5416914975405573,8007.0991617499385
132,2508,-0.8439770908491981,-0.4002574791439308,0.26676301780437106,0.3588901184533047,1.5470280429089012,8066.016952540958
133,2527,-0.738765479020743,-0.5005228060080856,0.16247982781730944,0.3586367415211294,1.5515961845977944,8124.73468949995
134,2546,-0.8900412785339666,-0.4867281499908198,0.24440315983916328,0.357757020637754,1.5559834772663206,8187.264941666042
135,2565,-0.863029296433143,-0.47750272922404385,0.23193869139616433,0.3569902018408156,1.5606464765915784,8246.496177958092
136,2584,-0.9346969494310331,-0.5369273432173509,0.21318703520796858,0.35610155100033275,1.5650521882266495,8305.68388433312
137,2603,-0.8771537710667365,-0.4060579061456895,0.24099115248358308,0.35553863712288625,1.5701116516221554,8365.63006029115
138,2622,-0.919310295592954,-0.47956523297143056,0.28618471132089907,0.35493082710582113,1.5748003090491551,8425.24073483306
139,2641,-1.0117192225738068,-0.49858373029558334,0.280688136130513,0.35455519116481365,1.5803466405781272,8484.300910083111
140,2660,-1.0185205620204112,-0.5839233872435873,0.21061556929662326,0.3544063261577671,1.5853080605615013,8547.71922541596
141,2679,-0.9895995427899864,-0.5845674844207916,0.17169273256957746,0.3543471856623097,1.5900756063998034,8614.489866750082
142,2698,-0.7980305530404248,-0.4968028226935431,0.2331571683147982,0.3538888617861957,1.5946335833601206,8675.303989999928
143,2717,-0.9205194850012735,-0.4978449304595951,0.2348223165877348,0.35318718221197126,1.5991962170955196,8744.135892166058
144,2736,-0.9017166898102396,-0.47196387324820893,0.2789806335494554,0.352790721516395,1.6037250149778115,8807.446508249966
145,2755,-0.7809749729313227,-0.40640944567531845,0.33458740337832205,0.3525445687185582,1.6080156803744607,8874.56615154096
146,2774,-0.8669795076662323,-0.4978393444029834,0.20311316950002686,0.35214419102562655,1.6121446314399617,8950.211159083061
147,2793,-0.7478541494965238,-0.42456631973002584,0.20033338311970592,0.3513647210232165,1.6164992507420681,9026.313801791053
148,2812,-0.8457977047421652,-0.535328447328885,0.17255214761334836,0.35025425974647834,1.6206654595008927,9096.604077916127
149,2831,-0.9870601745196383,-0.544145775969189,0.20973850408859662,0.3492754790820579,1.625710788609781,9156.877921832958
150,2850,-0.9810998144223815,-0.5774794883188716,0.1615204608353249,0.34811578945579896,1.6303869742646058,9215.213416290935
151,2869,-0.9987485708754411,-0.5257938517858041,0.305847113214592,0.34656067303396887,1.6347646843609516,9272.605612208135
152,2888,-0.8963494129532972,-0.4762565203339331,0.23804597461712873,0.34521600577323736,1.6390300190040503,9331.682566625066
153,2907,-0.9551649699706175,-0.4063361959426521,0.2933052408312275,0.34401590003930754,1.642962454422522,9391.500522250077
154,2926,-0.8571142803083189,-0.43605686786377823,0.2670849266361857,0.3425024452759804,1.6468226579373906,9450.954154290957
155,2945,-1.0189986257169181,-0.5448141999029928,0.22701823309833669,0.34080513913920824,1.6504694172229941,9508.963110875105
156,2964,-0.9091905086025793,-0.46746382336306275,0.30272621810121886,0.33925583038821766,1.6536666052879463,9567.084978583036
157,2983,-0.9008588865066427,-0.5626632215139279,0.2927384138911117,0.33785510257308965,1.656949671760971,9624.263363958104
158,3002,-0.9741053578696715,-0.5734820457101178,0.24655304682348386,0.3366044740687013,1.6602963563566937,9681.085741083138
159,3021,-0.8696691756819241,-0.46467300212479973,0.261211585141187,0.335649389769448,1.6632723582820337,9738.09695004113
160,3040,-0.8398810472130718,-0.4914368833329594,0.139446492375007,0.3348338492047418,1.666103627873591,9795.180316666141
161,3059,-0.9564830118843206,-0.5319341270621619,0.2487359701043358,0.3344077516642697,1.6688887549004503,9852.42412183294
162,3078,-0.9689160995776014,-0.5283783087932792,0.26421736558223147,0.3339936242544989,1.6723358282884335,9909.867517750012
163,3097,-0.8327425695387207,-0.5816800309654317,0.1895709642579358,0.3332458979874341,1.6755621770786755,9967.04216220812
164,3116,-0.8305024061041326,-0.5025607264727637,0.24013351248025427,0.33259042846349196,1.678203130016158,10025.5258225
165,3135,-0.9751680549985045,-0.6215627079418211,0.25493823038679,0.33180614629435456,1.680910283547697,10082.379077082966
166,3154,-0.8726942193918887,-0.5512365569988525,0.17056879752807322,0.33106909483462843,1.6834651846020148,10149.010682416148
167,3173,-0.920539129310451,-0.5681238413664109,0.24432557822650947,0.3304916630588726,1.6857511015298303,10208.512862958014
168,3192,-0.9697708098759028,-0.5799470848998325,0.2628079967462699,0.33014329510583046,1.6880451515292583,10266.982122250134
169,3211,-0.9355948619558303,-0.5831833865565151,0.22349527064184427,0.32959461993972466,1.6904949396284854,10325.199502540985
170,3230,-0.8572859741098009,-0.4704562663329593,0.24401008975951008,0.3291944305869715,1.693396594575305,10383.86121150013
171,3249,-0.861666327647467,-0.557108653179261,0.18641906561166555,0.32892806669891356,1.6962076623323123,10441.793135791086
172,3268,-0.9773591991393564,-0.5594807537675767,0.2841961476695281,0.3286090918929726,1.6990871676948396,10500.263597000157
173,3287,-1.009486707836884,-0.495629998453051,0.24893619223092525,0.32821612634083197,1.7013693410776372,10559.220066708047
174,3306,-0.9934699132330129,-0.5611674030405186,0.25447904173243624,0.3278523914766735,1.7040651809425766,10616.754578375025
175,3325,-0.863671104253469,-0.5814363637805533,0.18186060840666293,0.3276257291509437,1.7070830209530239,10674.463313125074
176,3344,-1.0331700535106751,-0.578715536782752,0.29678857324831787,0.32754602350803064,1.7102009961861835,10732.16295312508
177,3363,-0.9691888599403145,-0.5493758216736877,0.2892095199705404,0.3274485791409916,1.712879088501955,10789.756820624927
178,3382,-0.9543889835456207,-0.518157110452427,0.24886842995050376,0.32722976114710783,1.715578507652434,10847.581641500117
179,3401,-0.995961823995315,-0.5225607311219157,0.3262997284253915,0.3271862930190819,1.7182024296972893,10906.202998375054
180,3420,-1.0006815096331785,-0.6422778405062975,0.2443423262944511,0.32724878137040275,1.7211746411266116,10962.988032791065
181,3439,-1.055110614675863,-0.659661068381509,0.29133967262815996,0.32698701969614163,1.723720658967444,11020.116867125034
182,3458,-1.1100217071224359,-0.5940135814322287,0.3729684111666182,0.3270370413177819,1.7267089008062302,11077.056447040988
183,3477,-1.1093875887897244,-0.7157714429894305,0.24501911911021296,0.326923710196579,1.7292817458280245,11136.79144425015
184,3496,-1.047044003105591,-0.6569213603356883,0.2903667692879888,0.3272030091806907,1.7320236149012966,11193.478369208053
185,3515,-1.1105427462712578,-0.7219347642576271,0.35001049992014077,0.3275289478345499,1.7348260923067225,11251.253167875111
186,3534,-1.1570314138868305,-0.8175432274703882,0.26865303782081795,0.32775527432632323,1.7374244851198444,11308.150861750124
187,3553,-0.9567599712783927,-0.7456930599235595,0.2354161666156581,0.32802805567107163,1.7399087998413336,11365.663543875096
188,3572,-1.0643683814048996,-0.7450390625553602,0.17600499350017057,0.3285366136058514,1.7420228825011606,11423.142552208155
189,3591,-1.032281341618459,-0.724376829761136,0.22523568060957472,0.32942239571441406,1.7453510215816794,11480.191003957996
190,3610,-1.011525909346891,-0.6899721390466871,0.2138624787790155,0.330215596869338,1.7483145849034178,11537.926674125018
191,3629,-1.1123117700854843,-0.18104867671452768,2.409126039965875,0.331094419043588,1.7509874345307124,11594.515131874941
192,3648,-1.0606215642092467,-0.5244557307743328,0.2958294449812525,0.33233167361899935,1.7547548776360515,11653.455691332929
193,3667,-1.0600479368805038,-0.6407104194933275,0.20384208326461523,0.3334088533787479,1.7584192324464631,11712.042878750013
194,3686,-1.0582652002544046,-0.69494452295186,0.20837137527411576,0.3349644016738175,1.7621067559330181,11770.622785832966
195,3705,-1.0548334764138119,-0.7290548166415597,0.29480099407476784,0.3362652706975762,1.7658681835204764,11827.750797166023
196,3724,-0.9808297861570789,-0.700222167329127,0.18946503447166338,0.3375114450612363,1.7692350933170937,11885.259857000085
197,3743,-1.057463561315954,-0.7174161728250837,0.16921361904258625,0.3387142448600674,1.7724434853740185,11943.354763749987
198,3762,-1.0589996994114284,-0.8078976984408149,0.1880212914484544,0.339565172030444,1.7758671589887118,12000.970635083038
199,3781,-1.1516391438242914,-0.7594481464321274,0.20753448895629928,0.34055795911330994,1.7790255642609862,12058.528864666121
200,3800,-1.0664701502312584,-0.7674506960984185,0.1835913961488152,0.3418506097545512,1.7829746606403978,12115.918333790964
201,3819,-1.2399759902497864,-0.8619979008698585,0.20298669797567645,0.34321213077802537,1.7868359550957917,12173.635729125002
202,3838,-1.1183046170900166,-0.7317754771192012,0.18568635543723425,0.3446633725248502,1.791320877907936,12231.015599083155
203,3857,-0.9793221904835718,-0.7512523626523894,0.16607307981495617,0.3462329958776192,1.7953794092728175,12288.46029579104
204,3876,-1.0598099259058245,-0.7222883802712383,0.2770697054287056,0.34752807075409403,1.799304778660996,12346.773770208005
205,3895,-1.083913386269006,-0.11541572972872458,2.397606160238849,0.34868422926878423,1.80344631282511,12403.553793750005
206,3914,-1.1047234313273657,-0.7906620337498497,0.28203587527987234,0.3497978978523864,1.8073926903644975,12460.971170500154
207,3933,-1.1983107512493802,-0.2563778665376119,2.429872650614916,0.35066532329044126,1.8112383470857762,12518.470079708146
208,3952,-1.0165331763505794,-0.18236565034499225,2.406348975159018,0.35129423992999637,1.8150854729209844,12575.98111445806
209,3971,-1.0352075868545798,-0.09014034352233799,2.392253178533292,0.3519453376735719,1.8188691100046288,12634.439309083158
210,3990,-1.0590668538999362,-0.1468421049457816,2.402443482908546,0.3524592427138296,1.8222322469477066,12692.911163375014
211,4009,-1.0352849383492408,-0.7070638164187014,0.21350822545443518,0.35309999283847704,1.8261702007219982,12750.287663750118
212,4028,-0.9536593084990805,-0.4857145774204456,0.3075884468113574,0.35368835941097176,1.8297665296644114,12808.938553791028
213,4047,-1.0494008024263968,-0.7989481023805923,0.1725428874645777,0.3545146971112312,1.8336919949017225,12866.34471433307
214,4066,-1.0318348685169427,-0.17248177619712432,2.412641513329797,0.3548376239616362,1.8374416091169348,12923.61819275003
215,4085,-0.9660402016810714,-0.6423075665328432,0.29592556915616613,0.3551214137654327,1.841413546572044,12981.929786041146
216,4104,-1.1276570780523736,-0.7105166858601222,0.2726225972666468,0.3550293005086912,1.8453104849031678,13039.183117666049
217,4123,-1.128670783664015,-0.7736448868662509,0.2025488026160349,0.35509738196745166,1.8495296425425158,13096.208511583041
218,4142,-0.8899397118016372,-0.6742557113146009,0.1532369334672415,0.35541610372274185,1.8537132972636703,13154.206504291156
219,4161,-0.9413613355653165,-0.6651781507303256,0.1903424266320242,0.3558138420570608,1.8580675978090624,13212.424317958066
220,4180,-1.0711180405642118,-0.6856236619599312,0.250008917046414,0.35549919543769765,1.8622404352983035,13271.31301212497
221,4199,-1.1780106881025922,-0.6167248172084151,0.30130541919308157,0.35553004726258153,1.8657639307904386,13329.918875708012
222,4218,-1.0965667363382519,-0.6981588699918118,0.23390915660270484,0.3555355097518954,1.869258662465442,13387.99064574996
223,4237,-0.9753755622186908,-0.6447335764675944,0.2808025076693292,0.35590282382349364,1.8728757736331774,13445.320967708016
224,4256,-1.0403551934064863,-0.7340257490100681,0.21742065793097917,0.3562622397635177,1.876513091414723,13502.976863000076
225,4275,-1.1590885594782634,-0.18067706457597424,2.4116656903151283,0.35637277779418247,1.8800858554190085,13560.742338665994
226,4294,-1.2271523782669451,0.3823448627296062,3.308803756485972,0.3560727064102905,1.8837313399344633,13617.766884499928
227,4313,-1.226763901355926,0.3379852891557662,3.325226816003377,0.3561835606667474,1.887827902338506,13674.440212165937
228,4332,-1.1527916315192162,-0.7783811069082807,0.24763756783421007,0.3563615288206313,1.8926775950758814,13731.43485312513
229,4351,-1.062747657467499,-0.7057311059989244,0.3021185404117883,0.35717136475853034,1.8968283985034442,13788.776637083152
230,4370,-1.1055865729929097,-0.7870515219077653,0.23892536516622495,0.3576176829012135,1.900525250047765,13846.25944604096
231,4389,-1.1551663761049147,-0.7739883228588225,0.2300073029907114,0.3577397583952636,1.9040749069201501,13902.87642487511
232,4408,-1.1669949519867435,-0.7142106978187318,0.3586470367091069,0.357879754036763,1.9072300365918615,13960.410305166151
233,4427,-1.1611307689019759,-0.8088095242042165,0.23832128860976745,0.35842056761450736,1.9102862451281442,14017.011115249945
234,4446,-1.1938540739196917,-0.8335142691194497,0.34103155168843924,0.3590526671674685,1.913351314902043,14073.678636000026
235,4465,-1.1692507732108508,-0.76235156085727,0.23590308144344663,0.3594216674486769,1.9158798330982305,14131.65790870809
236,4484,-1.1717922008156645,-0.8814405876989921,0.16529066568033177,0.35939652619083357,1.917886148147015,14188.166988207959
237,4503,-1.1332753846276216,-0.6808155700691279,0.35924325662433243,0.3592648716923449,1.9200436724048455,14244.134767166106
238,4522,-1.0804021447313366,-0.17982159868772776,2.4128963236980674,0.358950764000011,1.9221732179972286,14300.49572966597
239,4541,-1.2249606468528738,-0.8491787197675761,0.3219593998763593,0.3587097256701328,1.9243486749699894,14356.140952290967
240,4560,-1.1946142914077909,-0.7805216192628979,0.3206719701451997,0.35846855873973743,1.9261712606594206,14412.746909165988
241,4579,-1.0983241622522062,-0.853163439079341,0.22393962642942028,0.35841774950027727,1.9280414718917223,14468.63361604116
242,4598,-1.181421675048064,-0.23117765145979355,2.4277562368877454,0.3585274294544231,1.9297950152508438,14525.565834166016
243,4617,-1.074512292254961,0.4046516052911511,3.2999070516974207,0.3585954469196277,1.93150017624008,14582.165178291034
244,4636,-1.2510831056446792,-0.7095654182156907,0.3254851150604957,0.35864194521738174,1.9329969044344166,14639.340476250043
245,4655,-1.1976740125831746,-0.7503958661762514,0.2718480448945008,0.35860907603697023,1.934521620051947,14696.25043575
246,4674,-1.1845426796631422,-0.7239523660733117,0.32888884391420087,0.3587298707574913,1.936402067490809,14753.782828958007
247,4693,-1.1689971838410402,-0.17600747344673764,2.4155015736315026,0.3588957325625028,1.9380114045203645,14809.451731583104
248,4712,-1.0791440106314099,-0.8194328431417021,0.21514743082302243,0.3591322166728932,1.9394568420939968,14864.896033250028
249,4731,-1.1757999345116703,-0.9302546322363812,0.1739113060887837,0.35931332327341936,1.9413485847601952,14920.287732625147
250,4750,-1.1080933062262535,-0.8149029488603869,0.2597167476228813,0.3596366169487249,1.942731793076489,14976.761668666033
251,4769,-1.170629315469422,-0.8808307881003182,0.1961905206899678,0.360187204386657,1.9442265825493272,15032.652918040985
252,4788,-1.1280682214465756,-0.8176916257341468,0.2621440320233637,0.3605781534330112,1.9461825018379535,15088.851605208125
253,4807,-1.144663660958214,-0.9000199157067887,0.20599234887695247,0.3604306221685655,1.9481336171938974,15144.09697420802
254,4826,-1.1909556912053816,-0.8463922484980744,0.30813576845298524,0.3604270275274165,1.9493952491763493,15201.0901511251
255,4845,-1.3437974882772243,-0.9976516417591543,0.19035311523326856,0.3605530917884187,1.9508421166939536,15258.393682791153
256,4864,-1.3414588278134838,-0.8152807775708343,0.33402568651829384,0.3607007146642163,1.952403371753187,15315.402571666054
257,4883,-1.096813982107741,-0.8390469698580553,0.2435438759737154,0.3603590703374108,1.9543185191651777,15371.888267333154
258,4902,-0.9371452155090472,-0.6159574495297033,0.24394148074564473,0.35998878175246024,1.9557495995108274,15430.105711041018
259,4921,-1.1726889617608451,-0.7815066275846624,0.2332368762309164,0.359776287139894,1.9572355743896193,15487.308444665978
260,4940,-1.0413623733523991,-0.812766231341466,0.1303761690262701,0.3592169831651309,1.958867988807906,15544.95163195813
261,4959,-1.1398731555775319,-0.29501205379544115,2.431422201516225,0.3585715841522155,1.9603022836179846,15601.406565416139
262,4978,-1.176831273990687,1.4296326043327106,4.428212746421709,0.35791483392993756,1.9618383715990357,15658.655421165982
263,4997,-1.0832011009716256,-0.8021995797832391,0.21541833882490694,0.35752735268295444,1.9630112989655057,15719.141307041049
264,5016,-1.1412922246564765,-0.32827034826983986,2.439079378046721,0.3571894367448164,1.9643712087531418,15778.988193040946
265,5035,-1.2147444986392948,-0.3468055416392635,2.4462711809784046,0.3569163394584548,1.9655082566223065,15835.422819916159
266,5054,-1.2068971960686232,0.2480076513685839,3.3518487479648384,0.35687265274622054,1.9668550320477807,15892.73265945795
267,5073,-1.1491772351526546,-0.8052563109044376,0.18946420987193596,0.35682320483118396,1.9682974152399668,15949.16227900004
268,5092,-1.197427002160862,0.7848999434755551,3.9934731182703542,0.35689081478473345,1.9698860518794705,16005.105835125083
269,5111,-1.2097319180936195,-0.7971398867718448,0.3186245113851975,0.3569767201271622,1.9716117096867576,16062.77365483297
270,5130,-1.152128179081565,-0.8043730793369458,0.1847128001760459,0.35726528780587774,1.9729222142185912,16120.02476429101
271,5149,-1.278386683951588,-0.8477127503307309,0.2015495612930937,0.3576339959389284,1.9742399889912983,16177.51544395811
272,5168,-1.1018506586830057,-0.22317505276243205,2.425381046930384,0.3579854535827338,1.9754464343544287,16235.03252858296
273,5187,-1.2491300638259464,-0.837548948808789,0.25551494252797624,0.3582351541742752,1.9767623948886643,16291.966992374975
274,5206,-1.1323788403142743,0.9053074644785476,3.946967112561282,0.3583100190981412,1.9785202943414077,16347.989378041122
275,5225,-1.2538767869727137,-0.9359217707274692,0.20998996430695469,0.35851932415510374,1.9800899612611058,16404.241361957975
276,5244,-1.3073775460294232,0.3221838760272267,3.327990596257259,0.3585881090204497,1.9813692067154867,16460.4889397081
277,5263,-1.3785662581100437,-0.8227263890782369,0.30296268418228456,0.35861765026094183,1.9824386560071006,16516.722307416145
278,5282,-1.2571893971830814,0.32533157412308816,3.3365953622872273,0.3585757420498492,1.9837464987693363,16572.461468208116
279,5301,-1.2949317971797036,-0.9036278908160578,0.31734228143472937,0.3584025240241874,1.9853785124967287,16628.450733833015
280,5320,-1.319866120211051,-0.9192811580090735,0.27731923887917703,0.3582560954364716,1.9867042931852155,16684.939123958116
281,5339,-1.4340452118592735,-0.8882536368945158,0.39478054806184576,0.35798608561501644,1.9877992497679011,16741.990025791107
282,5358,-1.436967769512755,-1.0163104928141646,0.2784216098803622,0.35782769334548525,1.9882357142588138,16798.188505666098
283,5377,-1.3569878989660609,-0.9843601402117628,0.3891873632601902,0.35749903629450724,1.9890817082728374,16854.651191415964
284,5396,-1.4266990063366594,-1.0483567374329972,0.2158565489720538,0.3573851660184599,1.9905936063866971,16912.069712625118
285,5415,-1.4348006654354455,-1.087864971133986,0.2405811102644395,0.3573423886186724,1.991676275395633,16967.942260041134
286,5434,-1.4470025069413195,-0.9877036812764698,0.3276341034706666,0.357233017998091,1.9928859623320658,17024.23408945813
287,5453,-1.4309767850575748,-1.116878266789872,0.22282760376915384,0.3571094688559784,1.9933535319260494,17081.003061541123
288,5472,-1.3214703989003533,-0.9552033392878087,0.2565497382103083,0.35678794655843793,1.9937009973385047,17139.190408875
289,5491,-1.4250435882371741,-0.9472843721571669,0.37750980714079685,0.35636448471598514,1.9943952704918066,17196.98819220811
290,5510,-1.3937589151707508,-1.03071014125944,0.3085200046048519,0.35631558921624457,1.9951753156727534,17253.740994957974
291,5529,-1.4402013532185807,-0.736574609718527,0.39725784595189667,0.3566510500786937,1.9961140061263958,17309.440423583146
292,5548,-1.5695480333204443,-0.4599562968901799,2.5030509059843653,0.35683404450881534,1.996971058364289,17366.663477125112
293,5567,-1.4899906363510373,-0.14825532066041924,2.468817603771139,0.35702745428418003,1.9973773231817455,17424.01849795808
294,5586,-1.5208418559006311,-0.32742635398234493,2.495620992006709,0.35734947375772563,1.9978463485706608,17480.72434254107
295,5605,-1.4755248846351776,-0.9079594110692409,0.4434249417869626,0.35783791570000106,1.9981053545452216,17536.694361458067
296,5624,-1.4890969270084993,-0.4363312993846401,2.5061759399159493,0.35825134507957374,1.9987130204270067,17593.53080991609
297,5643,-1.5663654399073579,-1.1319040422025624,0.27155083056374885,0.3588849186221487,1.9994394016997392,17650.24678741605
298,5662,-1.5741729031487548,-0.28422071807371946,2.459593501412039,0.35941039087767146,2.0000525210537226,17707.712444541045
299,5681,-1.5135408146614155,-0.44414308523491325,2.4917097518301574,0.3600786621039667,2.0006882819271583,17763.988871958107
300,5700,-1.5091577905754265,-1.0158058031153492,0.3732868599595214,0.3605988687044228,2.0015723749737537,17821.28260641615
301,5719,-1.482925254997534,-1.0513813313621538,0.37112236433566015,0.3609356838195943,2.001948647502052,17878.58998950012
302,5738,-1.487142160646135,-0.9176496583817048,0.4131753907933768,0.3611873406559544,2.0027067163425785,17935.957386125112
303,5757,-1.4794626749987785,-0.34550934503267205,2.4717097523543594,0.3613870721482582,2.0031874877446225,17994.909458708018
304,5776,-1.5008259657184704,-1.2101857286663489,0.31961571441712705,0.3616672349310058,2.0032722551087345,18052.377011707984
305,5795,-1.5630926679717465,-0.9784067707076404,0.493827169401497,0.3621565263551999,2.0036018891187837,18108.706924333004
306,5814,-1.5800251974475463,-1.2249090691797275,0.29050701995625333,0.3625343272118072,2.0040597662208417,18165.55320191593
307,5833,-1.5399684595173895,-0.8427411550822819,0.5016988767997919,0.36284278339561665,2.0042236283208377,18222.39784037508
308,5852,-1.56776950593048,-1.0496098169291326,0.4248450360554466,0.3630367929186757,2.0045874501197325,18280.591292000143
309,5871,-1.4921830944808425,-1.0529015483381765,0.47859396424740136,0.36300270560039904,2.0056891073273957,18338.37725525
310,5890,-1.5032783664268274,-0.37807156095320915,2.480459429443043,0.3627764957992857,2.0065688225853884,18395.721355583053
311,5909,-1.405298172480121,-0.9029882150250464,0.47810806804645595,0.3623874012623224,2.0070844253764086,18452.17443324998
312,5928,-1.4632640410331392,-0.22100973066714893,2.478893197415676,0.3619079318106773,2.0074380096691105,18509.102480875095
313,5947,-1.5437578804211247,-0.9524938742258966,0.5065855806411013,0.3615282555680744,2.008484215087769,18567.0009325
314,5966,-1.5536865844181333,-1.084644561252161,0.42046846478908895,0.3613958309582182,2.0095455416002106,18624.3298200001
315,5985,-1.5954418842258375,-1.082697989758197,0.41348232030119136,0.3613170831764099,2.010405507024941,18682.082355791004
316,6004,-1.4866106414058606,-0.9843864880039173,0.4527161036441816,0.3613185844717258,2.011006492018254,18739.732305665966
317,6023,-1.5664119391394822,-0.968374998325108,0.4387521526767535,0.3614269542002646,2.0124144759030553,18797.867375500035
318,6042,-1.47335566469605,-0.936428544159616,0.35389907810565724,0.36149332146482505,2.014446198120483,18855.33541554096
319,6061,-1.5213916924159525,-1.0717901731209671,0.3771702571108108,0.3618368700648026,2.0161850538093344,18914.642280708067
320,6080,-1.432215566854448,-0.8633986091682124,0.4046205001716889,0.36205976855086935,2.0175990118192244,18975.37404670799
321,6099,-1.4862438434538037,-1.1205043656961238,0.3487633840636505,0.3625212574892605,2.0194561751826132,19033.905734541127
322,6118,-1.460806077238825,-0.9797738567340337,0.39544221673646557,0.3627934047032678,2.02123544254354,19091.764759458136
323,6137,-1.5012361199662525,-1.0253512658421298,0.3804777606872244,0.3627899418562005,2.023615738527031,19149.395763125038
324,6156,-1.5044910076385332,-1.0878998189059534,0.3629368676892598,0.3627033265547433,2.0263168533077325,19208.206570333103
325,6175,-1.467656326249207,-1.108757387004592,0.3283700903628616,0.36258449296803363,2.02861497807474,19265.244375416078
326,6194,-1.3843146905743469,-0.9446416632975737,0.37832405547535697,0.36230702518812674,2.030938344430014,19323.069358041044
327,6213,-1.5832534174746673,-1.105018112347713,0.3727731827693436,0.36212088075422927,2.033376502719635,19381.131737166084
328,6232,-1.5547749627273495,-0.5290963328823745,2.504393606039424,0.36201716840360454,2.0357425029707126,19438.57901658304
329,6251,-1.5656944809225903,-1.3218597946349884,0.20920802980266306,0.36198438109087877,2.038811663844901,19497.189182790928
330,6270,-1.5648378531106335,-1.1100911974138403,0.3777437384259797,0.3622122092047764,2.0422155176124934,19554.918446999975
331,6289,-1.5646600736557685,-1.0491281392586258,0.45879404388644796,0.36239083321781657,2.045359747019928,19612.163127125008
332,6308,-1.4995212572824208,-0.9999884242227113,0.41694607628480906,0.36278708070059357,2.0486047043854323,19669.220499583054
333,6327,-1.4650302587967445,-0.4617022807808098,2.5121012258612163,0.3629044079921887,2.0519112083164073,19726.257403583033
334,6346,-1.5043452731317037,-0.6009619950457549,2.5313548256021994,0.3627453537556318,2.0545050435766194,19783.889545875136
335,6365,-1.5505077105156841,-0.9853245679754424,0.48010575685828316,0.36245854240377273,2.0575412550029997,19841.67800887511
336,6384,-1.5877384037892481,-0.5651007076333201,2.509151932617781,0.362074615627944,2.0606040812568924,19899.364142208127
337,6403,-1.5714017233584983,-0.693420698500829,2.5301227106704367,0.36172836429764316,2.0635145627534515,19956.563288165955
338,6422,-1.5906757552036455,-0.9206895531825737,0.5268329568718376,0.36141734505075956,2.066445025018362,20014.521362041123
339,6441,-1.5226779877514494,-1.1291699197004352,0.37772149936797245,0.3609554419233876,2.069041552550841,20071.817518749973
340,6460,-1.530261217332404,-1.1333257811981505,0.33029936366102347,0.36034974422224575,2.0716789109071403,20129.80405408307
341,6479,-1.5734097852608198,-1.2867408076950269,0.21201429597109472,0.3595880376514871,2.0741889317850295,20187.394246374955
342,6498,-1.564377877794315,-1.1103536434532613,0.2850045241456367,0.3588109910924498,2.076811801098982,20244.424968250096
343,6517,-1.5749106998639624,-1.3233078825005802,0.3136077351693699,0.3579973864699451,2.079346440729891,20303.21609474998
344,6536,-1.5676596582329427,-1.2782960527397293,0.31735386165169116,0.3570603609614518,2.0815360779386687,20361.765976916067
345,6555,-1.5957639330925115,-1.0731009299746013,0.47750122876019657,0.3562286172914133,2.0839548705736,20419.62514458294
346,6574,-1.5796077000029394,-1.2829358804758317,0.34567362985909333,0.35545496977343777,2.0861839840883447,20478.566157707945
347,6593,-1.577471346551249,-1.2792430431801443,0.2891586229602071,0.35461221721643343,2.0884677467203625,20536.931208375143
348,6612,-1.5800490853750162,-1.1001134975403721,0.5065470150148235,0.3538072045396787,2.0909993383521353,20594.375324374996
349,6631,-1.5472452577659572,-1.3118214088912405,0.17243005798664446,0.3532633147055415,2.0932552847946977,20651.802416749997
350,6650,-1.5411829951086116,-1.2251706204018487,0.392601510928182,0.35290964216950327,2.095016451948066,20710.94090216607
351,6669,-1.470802266699624,-1.0787632082253737,0.3045403075702511,0.3524883486321866,2.0969652793893365,20768.084832750028
352,6688,-1.5684343145811432,-1.186782263565311,0.4977915298960269,0.35248158434421495,2.099642793993534,20830.30761733302
353,6707,-1.5649277502813899,-1.280200009078283,0.339143801433635,0.3526833266965684,2.1019799457909842,20888.5243366661
354,6726,-1.6122269439836279,-0.960369688465284,0.6753228074993501,0.35272542439882676,2.105110341871065,20947.839111957932
355,6745,-1.6083916662308857,-1.3778173412695969,0.23279869000034056,0.3528857173528227,2.1080454159456554,21008.39703708305
356,6764,-1.6013224688067957,-1.291463738437713,0.3608328037808702,0.35333671209487183,2.1116994082919374,21067.397042833036
357,6783,-1.5644497664834818,-1.4047206483251773,0.13975541508949715,0.3536554465624344,2.1151863001072955,21127.658967500087
358,6802,-1.5760221460698416,-1.1532645248137705,0.4631992320888633,0.3538643861278986,2.118460066724962,21185.48486325005
359,6821,-1.6429411087335852,-0.6761190812566396,2.5497459120045427,0.3544697092022267,2.121866712030542,21245.093724958133
360,6840,-1.6087899658193257,-1.2717686529408874,0.321314992565906,0.35508004777208013,2.1245433228909483,21304.689585541142
361,6859,-1.6107192780442254,-1.3523578020335,0.16891993621509258,0.3558109374852736,2.12757767428214,21363.613973665982
362,6878,-1.610560576248682,-1.4278055786845945,0.14704753141614363,0.35642240118400176,2.130693252280909,21424.2623733331
363,6897,-1.6024402069547437,-1.3477121429404122,0.25470448552322106,0.35708512291117817,2.1340524930596363,21483.368508333107
364,6916,-1.5717226832121973,-1.163560387502485,0.4349576758343272,0.35730883566104804,2.1366903866715528,21541.930109333014
365,6935,-1.6039050725963904,-1.3374662086435618,0.29976194343919765,0.35744092770165914,2.1392682030390002,21601.207631125115
366,6954,-1.6214215695960084,-1.3634468830646058,0.23780478551418044,0.3574667504891105,2.14141763157202,21659.878569124965
367,6973,-1.6165451404761138,-1.2740559256260766,0.3515263006065892,0.35768727496574104,2.1435989094683614,21718.04230583296
368,6992,-1.604334075246138,-1.3260022560886566,0.31369428251962345,0.35773224762533734,2.146031332374041,21777.134150958154
369,7011,-1.6135571610612223,-1.1905525183622943,0.5268776198095455,0.3577028376349329,2.1484923153523936,21835.007913999958
370,7030,-1.606632667060464,-1.0323770315740097,0.5165370480661321,0.3575713889773346,2.1509596133900115,21893.333655958064
371,7049,-1.5808268791938245,-1.1413029727042652,0.42508521260148235,0.35726424883710817,2.1535178855476476,21951.395756208105
372,7068,-1.5798353015167033,-0.6280352955768893,2.518637189521272,0.3574161398142781,2.155902897665753,22008.29856516607
373,7087,-1.5475176000696127,-1.2097041413095595,0.3017130123845582,0.35766478852235023,2.1580608633300917,22066.14353445801
374,7106,-1.5794804450734334,-0.5936635442003139,2.533280994375775,0.35768366817214986,2.1601593541445836,22124.003786750138
375,7125,-1.519644532827746,-1.0815452332485493,0.4389664517851436,0.35753332274401334,2.1619317468685764,22182.506956041092
376,7144,-1.5943626755383606,-1.0797835794654855,0.46282867933332955,0.3570696508368671,2.1635227372818124,22239.356163040968
377,7163,-1.559955830462032,-0.8993175316484056,0.588096743680048,0.35660799352356776,2.1649917681942514,22295.77880054107
378,7182,-1.5963632512623773,-1.2398701775835375,0.3150853526165667,0.35572267697355753,2.1667402356853,22353.74046495813
379,7201,-1.5838159218589922,-0.8127639623725454,2.5510339798932886,0.3550853644546899,2.16855567051528,22413.059462707955
380,7220,-1.5411667561616786,-1.27960282275722,0.35391319129849047,0.3541859396326396,2.169846623650638,22471.88380179112
381,7239,-1.5910133841080398,-1.1667141852599956,0.37174547509421063,0.35344742552633407,2.171754318623789,22530.61407595803
382,7258,-1.5754718281268776,-1.2397756185242153,0.30558663056195795,0.3529326583919708,2.1736568705862194,22589.13614516612
383,7277,-1.5493081456691362,-1.250226718319514,0.2954454274922013,0.3521011224209227,2.175145680425136,22648.004440250108
384,7296,-1.5846924880368238,-1.4081696398709824,0.14717420321691257,0.35148132658136294,2.1769918411309335,22707.86917283293
385,7315,-1.51661412180127,-1.274632022558642,0.38785597930730276,0.35043954915825143,2.1787190248071697,22766.910616707988
386,7334,-1.575208282266635,-0.7853310876360545,2.547805433438445,0.34936475899022307,2.1805953392881583,22826.195472916123
387,7353,-1.5720501588182572,-1.367695652296105,0.2793418564384539,0.34869035407863513,2.1825099284463496,22885.615303541068
388,7372,-1.5674262471826044,-1.3518318322164151,0.14507782954591064,0.3475324012044012,2.1845578261468153,22943.018879916053
389,7391,-1.6122913308325497,-1.3580461309206044,0.22374042170404618,0.34666145879814503,2.1865709543418888,23002.15524474997
390,7410,-1.586573273748824,-0.7293166610960495,2.545695860821003,0.34584777300546143,2.1886596229859596,23061.890887832968
391,7429,-1.5710230610654685,-1.1992165774996901,0.5185165952085817,0.3452475702806716,2.1905178834213843,23121.433852582937
392,7448,-1.5934728771019087,-1.3328623087950624,0.31595935338698483,0.34467707355063193,2.1919736878736593,23181.69637395814
393,7467,-1.5996303676929378,-1.2921171956606974,0.4250703532482556,0.34424045779522733,2.193036735865712,23243.29160087509
394,7486,-1.5814415211253348,-1.372826963213705,0.23426029990097727,0.34377299560330143,2.1945322814623305,23303.62979370798
395,7505,-1.5852288088006459,-1.396477061110216,0.27554823953939067,0.34346676316297114,2.196091337142481,23363.906638249988
396,7524,-1.5785696413353882,-1.3864202270580759,0.20698874698682887,0.3429638000462648,2.197860249375483,23423.531561875017
397,7543,-1.61452895372486,-1.3922934494634187,0.292024305698643,0.34261191752877496,2.199479273657388,23485.104458000045
398,7562,-1.576850723764581,-1.2989146479491434,0.24600739430323396,0.3427602784353125,2.2010741207891957,23544.772809040966
399,7581,-1.6007304495120351,-1.353318961074899,0.23246910334781964,0.342844439480554,2.2023391422299015,23605.24937129114
400,7600,-1.6101138156358168,-0.8179283619474895,2.559726884305269,0.34262504834096713,2.203639738214756,23670.56637862511
401,7619,-1.5771666227050627,-1.2830264250457943,0.29867481423737097,0.34245332871789486,2.204624910131709,23731.317526125116
402,7638,-1.5864519263092722,-1.3648739747917598,0.2484183288065534,0.34251802605761766,2.2057531298148993,23791.043728416087
403,7657,-1.5872629140842092,-0.06738284216630572,3.4720956533780294,0.34229359954983113,2.2065126965856705,23850.022010416025
404,7676,-1.5837020686670087,-1.257811500735544,0.3246005408613851,0.34239439545329514,2.2076519732632303,23909.083136750152
405,7695,-1.5950681247431246,-1.0162639354587828,0.5448223616003658,0.3425650055697537,2.208249526587557,23966.867064583115
406,7714,-1.5877568619271756,-1.1409551249010608,0.35728951013437715,0.3427178458545459,2.2097545217821497,24024.592687583063
407,7733,-1.5988038563873879,-1.2967745895347869,0.34003354893497945,0.34304110572097984,2.210648878342398,24083.497140583117
408,7752,-1.59300188855567,-0.7441730955303004,2.545080184228025,0.3434467340750287,2.211110590112329,24142.656669416
409,7771,-1.5919665971039922,-1.4146756491002874,0.1884949302433174,0.3440715770828723,2.211828957018427,24202.206335583003
410,7790,-1.5783704284041713,-1.363076105416451,0.1629267794811018,0.3449939850342764,2.2129430223889854,24260.93569104094
411,7809,-1.5517841540392707,-0.479342062915225,2.5292059224923897,0.3451791835841993,2.2139600167853994,24322.71013420797
412,7828,-1.5730589236369275,-1.3283360988197477,0.22731468373535876,0.3455919722882242,2.215159784583827,24381.97583233309
413,7847,-1.6043718421288293,-1.3907202432170427,0.17100651671555914,0.3460112338196632,2.216204629810131,24442.526962165954
414,7866,-1.5764174077838389,-1.2307570023340368,0.3779032424130008,0.3461766001360352,2.2171830035512214,24500.8054955001
415,7885,-1.5965954432938405,-1.3045473078759044,0.4722857573605534,0.3457299578686907,2.2180617113042946,24560.615818333114
416,7904,-1.5473607861639547,-1.1999914034735233,0.3092512657732982,0.3454314352811362,2.218629584723491,24619.190941000124
417,7923,-1.599572968027763,-1.3239355853353962,0.27027252112262967,0.3449080137564884,2.219003341223715,24679.25781579106
418,7942,-1.548510117613347,-0.9878303274060858,0.5039072036207224,0.34440322598784134,2.2200801487321282,24739.34218450007
419,7961,-1.5147105139830623,-1.2028774733296448,0.35424778107875854,0.34413776658234146,2.2207687115438195,24798.20536462497
420,7980,-1.5685834455818863,-1.3750636559680232,0.21783292457675205,0.3442350509950583,2.2219397796036864,24857.928244041046
421,7999,-1.5788247151803656,-1.3213159317607732,0.22521993134397097,0.34443718882614427,2.222781256178147,24917.697259375127
422,8018,-1.572331619774193,-0.8102776337083988,2.5507130003339378,0.3445396722793619,2.224261182976516,24977.502192165935
423,8037,-1.5615134292184267,-1.386780936164093,0.20684126781578002,0.3449385049899547,2.2250253454737794,25038.086261874996
424,8056,-1.5543066848118734,-1.4072456585924418,0.13837672490617922,0.34485407077194635,2.2258890679966394,25098.811157416087
425,8075,-1.6144321143701905,-1.2782787295867664,0.3755810596194983,0.3445122659888783,2.226904188792543,25158.280378666008
426,8094,-1.6077202402442543,-1.3883613769217997,0.26353761879780696,0.34430886752742385,2.2278262453316158,25219.265060666017
427,8113,-1.6285165001474766,-1.2767310992248007,0.427606233545597,0.34427376317005204,2.2286465025023205,25279.74771562498
428,8132,-1.5978518057308575,-1.2491944294765298,0.40651043824144195,0.34407274638522667,2.2298258819567383,25343.74070737511
429,8151,-1.5710635302027454,-1.2819730587048308,0.4285475139982643,0.3436899982332046,2.2315154446246472,25408.44698254112
430,8170,-1.5369262492517883,-1.2956791044797813,0.32379101082314926,0.3431152740553362,2.2326200816691486,25468.44513100013
431,8189,-1.5492647581186487,-1.3518017923246946,0.1475639711687108,0.34250567989761366,2.2334557849310333,25527.775110041024
432,8208,-1.606213131966041,-1.3557545017245145,0.2901270823130836,0.34171771883639224,2.234966416185075,25588.214925541077
433,8227,-1.585380114755786,-1.387643671517781,0.18921355579939178,0.3406361321449801,2.2368405150419237,25648.81181366602
434,8246,-1.5958322518974457,-1.456113039044651,0.12661396994243507,0.3399118147888567,2.2381638045618075,25710.65140783298
435,8265,-1.6122721143690502,-1.3122004354363657,0.3300568762910361,0.3392414926033106,2.2393137328137227,25771.278096250026
436,8284,-1.603368326581359,-1.3019482838606253,0.2737398573319766,0.3384857824571249,2.2402942668304777,25829.984069040976
437,8303,-1.5792060513759267,-1.3476473873404347,0.2713759813209084,0.33786641540924467,2.2415082997856346,25889.890456415946
438,8322,-1.581447747800274,-1.235823453160257,0.41618769493893754,0.33717732077146767,2.242425704017405,25948.75427737506
439,8341,-1.6067316790111184,-1.3852967414823238,0.1998748793788801,0.3365201523868057,2.243307052510935,26008.49555275007
440,8360,-1.576772392473499,-1.2597569116771514,0.44048759006650223,0.3357896813563071,2.243216986430724,26068.345656000078
441,8379,-1.5758029285820685,-0.6936405228601522,2.5339613035982387,0.33520538307744996,2.244350894824119,26128.785595500143
442,8398,-1.589495334386661,-1.3317091564405181,0.273833122022093,0.3345284272634622,2.245081411517456,26192.02195308311
443,8417,-1.5583296399461615,-1.3136179049984027,0.2954845248068455,0.3338232420035016,2.2458826847189344,26251.67236274993
444,8436,-1.5850952039270219,-1.3887120261412096,0.35253482403882813,0.33295399356079336,2.2473191824597145,26312.992891500005
445,8455,-1.5959856731046633,-1.2496078535459598,0.3665019852259985,0.33216377513855666,2.248114007217943,26371.727384833153
446,8474,-1.6009690722811456,-0.7030711991138632,2.544374490898867,0.33143377339655067,2.2490254115992894,26431.928419666132
447,8493,-1.599206765979587,-1.3190874371224393,0.3153000125966702,0.3307786908329768,2.2500256487454355,26492.327790915966
448,8512,-1.588173594482572,-1.2083055899390203,0.44783185645858126,0.3302281992352621,2.251179769630828,26554.470147083048
449,8531,-1.582142104641397,-1.3256696372930943,0.23135331329442785,0.32960747013557096,2.251531972659742,26617.35269979108
450,8550,-1.5797359996550373,-1.1931642593359355,0.34230141026105365,0.32923771131767765,2.2522374860610985,26677.941578750033
451,8569,-1.5449666427325361,-1.291352366570478,0.2484165525961305,0.3287125262514227,2.2527680722304306,26738.51246200013
452,8588,-1.5130057327675006,-1.1985486640239322,0.37455011847354636,0.3283397810261876,2.2529729247120795,26797.60464154114
453,8607,-1.594621731674268,-1.3820784446237837,0.2196438707906928,0.32763492937221367,2.253743837866252,26858.05455012503
454,8626,-1.5924536217380636,-1.4639493478857681,0.12556146834445872,0.3268331133796558,2.2541442188277205,26919.163730166154
455,8645,-1.5932624633950043,-1.3642889524214745,0.27071104629061304,0.32590628948823636,2.254788011645046,26980.119860291015
456,8664,-1.5978802746105778,-1.0707367710153988,0.6100843733266449,0.3246129681105965,2.2550861285348702,27040.56507474999
457,8683,-1.5868949060168847,-1.2063667756110419,0.4205279365031684,0.32360171192538506,2.2560023944731262,27100.912389124976
458,8702,-1.5860637020876078,-1.1754796414732651,0.4250296204910861,0.3227119511316622,2.256417718124147,27160.935170791112
459,8721,-1.5999509372268976,-1.0914045743338814,0.5274346322314709,0.32204506209221706,2.2567687128446963,27219.710079750046
460,8740,-1.6143523741102141,-1.4487030810576362,0.2378474288200974,0.32149375651865214,2.2581179539602565,27281.334233625093
461,8759,-1.6353333699397377,-1.2391073259007879,0.49402219659946245,0.32116937320917543,2.2585351223334227,27342.489227791084
462,8778,-1.6114876749419746,-1.1953342569812118,0.4874055633024734,0.32102860525120913,2.2592514217847373,27402.37741245795
463,8797,-1.6094572155980167,-1.2745490933956776,0.3169639592982072,0.320895744876645,2.2597734174919624,27461.492226958042
464,8816,-1.608221040093233,-1.1136605845803673,0.5024782163436107,0.32051622993036555,2.2605828059048334,27520.28358258307
465,8835,-1.5839078115897882,-1.3241198713972726,0.30453995501971737,0.32010227817481873,2.2619193298949725,27579.260701250052
466,8854,-1.5839190603696052,-1.2152343944633592,0.33390253803856595,0.31978979850347433,2.2629730062789957,27639.223316458054
467,8873,-1.6243917531084904,-1.4468126937865011,0.14791516017281897,0.3196965731006772,2.264317350817128,27700.202283916064
468,8892,-1.5868293155563755,-1.301837286542742,0.38229234853888067,0.3196525911102136,2.2654358116525484,27760.606261166045
469,8911,-1.5750521713800811,-1.2880430915992769,0.261183501374531,0.3195042222278574,2.2666842298515495,27820.09352433309
470,8930,-1.6087903352488278,-1.3671474646229156,0.270220922531773,0.31933068364285166,2.2677317289778847,27880.969401082955
471,8949,-1.6223235997068093,-1.4175798304831024,0.15739718128556732,0.3192704412901852,2.2687737884661265,27942.836314290995
472,8968,-1.61228533283062,-1.464624075474849,0.1707412455170842,0.3195012185284758,2.2704995661074863,28006.658272207947
473,8987,-1.6114713240017657,-1.401781835667729,0.40445300103513315,0.31975060552465095,2.271291302302863,28068.082719250116
474,9006,-1.6297676197071267,-1.359313817742801,0.34216938232819594,0.3201161637484045,2.272608562332718,28128.485966457985
475,9025,-1.6255045054067274,-1.489305036111938,0.09324952263383379,0.3204767641629879,2.273609759276904,28190.395937582944
476,9044,-1.6059319544528945,-1.3666874374143219,0.26182091610796027,0.32063242688178073,2.2744098765555996,28250.711100707995
477,9063,-1.598841400277288,-1.4760066885839818,0.11681029805757968,0.32087485897425827,2.2754289089648267,28310.874577416107
478,9082,-1.640893304462554,-1.3976350367373747,0.2976013657165328,0.3212740965374106,2.2766252757843852,28371.579979583155
479,9101,-1.612650720682315,-1.3885790868600196,0.22712677119436828,0.32152800015669997,2.277527271473275,28430.906812041067
480,9120,-1.6122037410543593,-1.4789138806447497,0.1126190860373618,0.32173778017614335,2.2782011550457026,28490.924309666036
481,9139,-1.5902157651441824,-1.4770466049523694,0.10655683240668223,0.3222425105640397,2.2790081667042488,28551.345930624986
482,9158,-1.6244443296089601,-1.4814832306697379,0.08691895415892427,0.322397205712252,2.279970443826957,28611.415444916114
483,9177,-1.6126409944363198,-1.3997491854548252,0.3212421166690339,0.3228344143809894,2.280483465177571,28671.532747166
484,9196,-1.6208988408808427,-1.4479700968826748,0.24734519272440153,0.3233563968838377,2.281496507808981,28732.23393158312
485,9215,-1.608945255735473,-0.28180680046651635,3.5293313973347833,0.3236885942004883,2.28243490133492,28793.185722333146
486,9234,-1.6351439661521132,-1.522074264897651,0.0806273968956012,0.3239374047847242,2.2837656116855425,28855.34372170805
487,9253,-1.6174268634874194,-1.464730010383632,0.20312810663139935,0.3241702944385259,2.2845857360839483,28916.366028500022
488,9272,-1.6081236026315766,-1.4164049646907866,0.16240275589976422,0.32440001431522786,2.2854092517794347,28976.47119570803
489,9291,-1.6125539116675256,-1.4811976641058406,0.11418831113237357,0.3247319741351662,2.2864419362063826,29037.66607979103
490,9310,-1.6193112411649624,-1.3425500466088625,0.37157576834004574,0.325438472129563,2.2879828655525065,29098.580481125042
491,9329,-1.633450104802912,-1.5160994533940775,0.08125688738338277,0.32615078102032197,2.289138389055725,29161.289674333064
492,9348,-1.6245796244144266,-1.4756698723651256,0.11900701888234301,0.32715160364623064,2.2901545325600208,29222.49709866615
493,9367,-1.597928862604336,-1.4244465523526968,0.12921168875722844,0.32835208101403435,2.2914973169894144,29281.93504250003
494,9386,-1.601321022076795,-1.4455306046240441,0.19738521499403267,0.32920200855687165,2.292687066902823,29342.480765083106
495,9405,-1.6399990981764452,-1.4788725335289732,0.15142867381185435,0.33004915009196434,2.2937287597705356,29402.934815916
496,9424,-1.6189564462082808,-1.380615737702026,0.27727734178943053,0.33077582888805346,2.2946781534615517,29462.43525220803
497,9443,-1.6143543620330156,-1.4664670113798852,0.12365151367303497,0.33142231880457124,2.2961692300488576,29523.58423083299
498,9462,-1.6215737000783292,-1.4551822327494373,0.09049405284891891,0.33200978198647,2.2971105299125383,29591.140679500066
499,9481,-1.6259742972428457,-1.483889577064387,0.1637500820983798,0.332489950134712,2.298664418617603,29652.436050083023
500,9500,-1.5963945418340977,-1.4362853115373249,0.1226237502204348,0.3334257620579415,2.2999675636494272,29714.260404875036
501,9519,-1.6323163501277804,-1.5204240603821624,0.07773414586732338,0.334213673964685,2.301518554460973,29779.31369012501
502,9538,-1.6049674645674044,-1.3690579549568058,0.38512646850983895,0.33492424569901985,2.303793927216809,29844.166134708095
503,9557,-1.6240156408478068,-1.4983919789121927,0.09062179139158898,0.33531449163128707,2.304866264755456,29906.791535625
504,9576,-1.6066737011870513,-1.4740480574780368,0.08398880911828005,0.33561924567303303,2.3060977571316243,29968.834148958093
505,9595,-1.5857426252851115,-1.4800720490665469,0.11671165272479664,0.3356112079205384,2.30695658837035,30030.844461875036
506,9614,-1.6159942668681175,-1.4656899335147069,0.2036129699125017,0.33582557310028455,2.3081474031601457,30093.31321054115
507,9633,-1.603216556660671,-1.4770944574251652,0.12233442411448914,0.33621991507940485,2.3094727645738398,30155.286880624946
508,9652,-1.5949478974532036,-1.4933124031396787,0.09633473156349971,0.3365444659265533,2.312416212602147,30219.317969250027
509,9671,-1.6514347359701755,-1.526742212724809,0.08151315116943555,0.33702743079814146,2.3147638860926096,30282.32330633304
510,9690,-1.5886164920860333,-1.435523641458551,0.12276357260928747,0.33752978105000014,2.3163533960956526,30344.24790537497
511,9709,-1.6208069355317374,-1.4745400408089098,0.11158607052372402,0.3382272841456009,2.3181826058447705,30406.34220829094
512,9728,-1.5997913371599877,-1.4344251787476343,0.14965642150783462,0.33900888810183016,2.3202575405650294,30470.947434250033
513,9747,-1.605669636535131,-1.4589717985339818,0.1397027868874332,0.3395814119223397,2.321780056980559,30532.188945790986
514,9766,-1.606451025250796,-1.4963913271479343,0.14332975721367494,0.33986573085309346,2.323743771858336,30594.468433625065
515,9785,-1.635811983273924,-0.8718281804355841,2.5650913965124644,0.3402522790409409,2.3251347079479325,30656.212126250146
516,9804,-1.616732038438478,-1.4623932494792233,0.1001545984747856,0.34088812087175596,2.326858618355012,30735.25504470803
517,9823,-1.60193834731571,-1.4435607779944508,0.24054274685665358,0.3412122500066426,2.328534986675699,30797.645570041146
518,9842,-1.6234652636127462,-1.4515346968674632,0.14325009127678534,0.34156967426728135,2.330413174283879,30859.00148470793
519,9861,-1.5999363670940863,-1.4993046329240463,0.06346613396328275,0.34173859644889215,2.331656918590299,30921.914707041113
520,9880,-1.6157462474523339,-1.4903613976867254,0.11941196818283493,0.3417597555200366,2.3334359510554306,30985.310179250082
521,9899,-1.6251096315766382,-1.4810277199847228,0.13201054805099036,0.3418482586105168,2.334967550566609,31046.946112375008
522,9918,-1.6060571770167051,-1.488650821052284,0.16917023609596704,0.34166963655279636,2.33636065123995,31109.047395
523,9937,-1.614655950354214,-1.4795617932748182,0.0929940514987779,0.341966706274295,2.337908850283226,31170.645922583062
524,9956,-1.5947708934335036,-1.4588222948540424,0.12239530900979638,0.34248292324614,2.339260978063314,31231.63303504116
525,9975,-1.6272425633917944,-1.4890645407727747,0.12506091925269744,0.3428874412547844,2.340465254992172,31293.905081500066
526,9994,-1.614991421616221,-1.5023244936317461,0.07157210323469207,0.3433412647344684,2.3417337800324014,31356.02358641615
527,10013,-1.62392964954629,-1.4908084935002108,0.08665967868652613,0.34384621307984126,2.3437294949900274,31417.85703395796
528,10032,-1.6159446434703106,-1.488076336975731,0.15741969562974562,0.3443871344925675,2.345302501614978,31480.544496416114
529,10051,-1.6017085774572788,-1.3522055050874497,0.1829172384646265,0.34471267512460557,2.346715832960577,31541.22338995803
530,10070,-1.6259228510692258,-1.522592562917948,0.09926061079298391,0.3451735021756381,2.348787802522229,31606.85622279113
531,10089,-1.5942100050713446,-1.4824450131704832,0.1101301535065674,0.346080521732134,2.3498300910912073,31668.15931354114
532,10108,-1.6165676185764877,-1.3972769676464545,0.3284440009024278,0.3468183902413014,2.350724634150249,31729.5896462081
533,10127,-1.6056773355634766,-1.4306296227250461,0.3170976345127832,0.3474917720118206,2.353170989506894,31790.830550916027
534,10146,-1.6114051648704049,-1.497564273058843,0.07819196339585109,0.3483252875649325,2.3546517814448635,31852.981686500134
535,10165,-1.6017313530215516,-1.4612451743410497,0.166683677934158,0.349387966483735,2.356435232076763,31913.60933445813
536,10184,-1.606503532778957,-1.3968177915016813,0.21859071436631533,0.35046740143801075,2.357969515762894,31973.933063457953
537,10203,-1.6657542127837148,-1.4906384995317874,0.10638007085653231,0.35172024687254966,2.3597126333230394,32034.870953666046
538,10222,-1.6216825403628041,-1.3574389612117606,0.22145124305781844,0.3531608923580346,2.362064343531652,32094.154149708105
539,10241,-1.6281003469463045,-1.5117975183763106,0.1440367016856356,0.35458284133289675,2.3644340336189043,32156.130715165986
540,10260,-1.6035455352602668,-1.434665520574739,0.19338655575397318,0.35550142263696655,2.3674376812029396,32216.52377166599
541,10279,-1.6261727858743376,-0.7905698670595145,2.552979703469558,0.35635827671380327,2.3697987343290343,32277.4381580411
542,10298,-1.6261230754229894,-1.467727774145996,0.18756041713725027,0.35778084261910564,2.372613982963367,32339.87972133304
543,10317,-1.6496983726586052,-1.3717115953775947,0.41794360391977714,0.3589181894597393,2.3749696551372548,32400.451303208014
544,10336,-1.6144159521864374,-1.321791957357542,0.3756228133747848,0.3605293995127515,2.3778486464839794,32460.70766845811
545,10355,-1.6122579414656633,-1.414718014529527,0.2526752937702821,0.36204093014018546,2.380299716450913,32521.07061058306
546,10374,-1.6019114700138335,-1.1957600954714531,0.5209514245035255,0.3632835725649984,2.3828882358431214,32580.93484766595
547,10393,-1.6211109372405792,-1.3711918799141898,0.37099345118279675,0.3646314793268234,2.3860350812715283,32639.6341245831
548,10412,-1.6102437387516746,-1.3328228739834955,0.3987136934666019,0.3660355928812707,2.38957578372548,32699.311198082985
549,10431,-1.601291236881444,-1.3252065916559006,0.4112963616473453,0.3672153324497508,2.3929080892074333,32759.323762000073
550,10450,-1.608054913414004,-1.405912945886781,0.2122096722243469,0.3679835392667239,2.395606223550759,32818.30439679115
551,10469,-1.6067580165403692,-1.3444012106963596,0.2674236017784174,0.36855083051238885,2.3993758471566795,32876.30783783295
552,10488,-1.5842657230688992,-1.4403771567996124,0.27306621065112957,0.36873743808527754,2.4021474100893205,32936.682768166065
553,10507,-1.6073395307822977,-1.476567058733922,0.10436014134419984,0.3690472297477886,2.4050077017131253,32997.73496920802
554,10526,-1.6098433010308462,-1.399860992395914,0.230223046269842,0.3691477209289368,2.4073473023823455,33058.22364033293
555,10545,-1.613872264159978,-1.4279194224236698,0.31611919025385027,0.369181498315577,2.410608466547663,33118.80983820814
556,10564,-1.6093192844501258,-1.2918473737121345,0.5241754805752886,0.36885692318134916,2.413031122881658,33179.65260187513
557,10583,-1.6137307028983505,-1.3502128367378905,0.40944306094759675,0.3684727203370701,2.415363392261407,33240.101677291095
558,10602,-1.5795634701412764,-1.4205228106376513,0.15749513295179596,0.3680801088353788,2.417505854516508,33300.554959458066
559,10621,-1.6135754013894514,-1.4869021941602456,0.09290299547758031,0.3677495891117289,2.420013002338618,33366.679766500136
560,10640,-1.6237493170996506,-1.3677117686974014,0.3727624816452186,0.36762056301506396,2.4220237474135704,33430.85349954106
561,10659,-1.6147698862882747,-1.4716088942059253,0.19208811982704818,0.36763504521093787,2.4238157438537624,33492.17888791603
562,10678,-1.6075499019295565,-1.4678140317148232,0.15825598247357586,0.3676337925031052,2.42547139709936,33552.88007270801
563,10697,-1.624610339060359,-1.4968204297418997,0.07800060039320507,0.3676658178431699,2.4271200978219003,33614.478928916156
564,10716,-1.6137150184676967,-1.434411978496335,0.30276465127615143,0.3676415986956974,2.4286895960954933,33675.042780457996
565,10735,-1.6059115271580753,-1.423012462940763,0.13834840440031815,0.3672162517609881,2.430299448836637,33735.5104928331
566,10754,-1.6194343764076633,-1.333465765324177,0.2471551070388663,0.3667145518657084,2.4322511267897657,33794.68841654109
567,10773,-1.600798321285387,-1.4526873792885973,0.14983054391054013,0.366328426105953,2.433569484948129,33854.60908433306
568,10792,-1.61172516265471,-1.4285257708231962,0.23368727775524709,0.3663594783679068,2.435091343300238,33915.71301629115
569,10811,-1.6103909178240494,-1.4068807720458452,0.2349870476762337,0.3664417786215296,2.4362437018460974,33976.68866679096
570,10830,-1.6324302798318078,-1.4555433658304266,0.14292484276125697,0.36644566400885054,2.437565455289267,34037.237524833065
571,10849,-1.6233254283889185,-1.3761518330822002,0.3115757216159446,0.3661069061145819,2.4391981563707237,34098.00792554114
572,10868,-1.5943648672405475,-1.2805068171587461,0.2980494133691196,0.3655769473533103,2.440441979600129,34156.88441341603
573,10887,-1.592439245167709,-1.408433790819523,0.28169169829509494,0.36526797830453966,2.4419455927805003,34217.95516358293
574,10906,-1.660439627719576,-1.416130409339163,0.22373330607351138,0.3649807530811206,2.443545261924952,34278.20490304101
575,10925,-1.6177561934674385,-1.4222850335266988,0.1926192463413218,0.36460519668857594,2.4454456717139132,34339.19626508304
576,10944,-1.6023589352972225,-1.485821158521933,0.10107618126093934,0.3640849851137924,2.4466557143804497,34400.795230332995
577,10963,-1.584616217161134,-1.4128890772152318,0.20726473797812286,0.3635206522888606,2.4479452128882353,34461.71216504113
578,10982,-1.5971077820354624,-1.3971282097006763,0.2380826939348008,0.3630110576343295,2.4489227626897807,34522.29297133302
579,11001,-1.619002063369268,-1.334402865597797,0.27834182695830284,0.3624174562837917,2.4500771889763664,34582.62325354107
580,11020,-1.5975371002998546,-1.4152953160127246,0.17325531780625397,0.3619896799838179,2.450978231985355,34642.89436100004
581,11039,-1.608224431484917,-1.247864264796476,0.37008758409848097,0.36170848616148554,2.451736578391321,34702.190406915965
582,11058,-1.5927272606685214,-1.329193187325665,0.23438578054146858,0.36088754545011525,2.4523799760014056,34760.917550916085
583,11077,-1.6127927058364753,-1.3209852563294724,0.2905390277128896,0.3594335432935355,2.452715393166224,34821.37771237502
584,11096,-1.5914393731730172,-1.3732058474990807,0.23945707213866846,0.35834385192682316,2.453053135899363,34881.5659598331
585,11115,-1.6112833755884415,-1.430606836391183,0.19429082655272215,0.3575002594370217,2.4532612614343736,34942.68327841605
586,11134,-1.636565587832731,-1.423331083910618,0.24305849250089523,0.35669449797037267,2.454255269054564,35003.069734541
587,11153,-1.6085343379567751,-1.4021163199351687,0.21444734572998783,0.35605790917718494,2.4548786930849267,35064.43126004096
588,11172,-1.6150534651981525,-1.3363271875766205,0.2632069119376554,0.35547365794010294,2.4554711717876736,35125.775675041135
589,11191,-1.6060562232174211,-1.491769525047814,0.11415905570621829,0.3549320479838064,2.456225861828485,35194.047042041086
590,11210,-1.5910922740903768,-1.44464900564381,0.10283770077012755,0.3545105064385835,2.4566791853481633,35264.03108916595
591,11229,-1.5794499299201883,-1.405966111334869,0.20293789195936346,0.35404303319960767,2.457765685736829,35326.00150191598
592,11248,-1.596221443486165,-1.3455826297052178,0.4022742043894804,0.3539682244416224,2.458543478500851,35388.26299795811
593,11267,-1.6025829231467084,-1.4508615501919906,0.16888870485701343,0.3538538674467245,2.4594247060753514,35449.898104916094
594,11286,-1.599490771274347,-1.471129194909345,0.12368521541130006,0.35348146862988217,2.4608315771990807,35512.40396654094
595,11305,-1.6059711365548157,-1.4632221909397671,0.125533423504707,0.35283520993883244,2.4616132515117473,35574.08619429101
596,11324,-1.6129063844422014,-1.4276933886175527,0.17158848114436256,0.35191231661765315,2.462356895727085,35635.76177016599
597,11343,-1.6117991671811103,-1.4287383470126542,0.19991896606527773,0.35102715136686324,2.4635686799228758,35697.36345170811
598,11362,-1.6041082688344934,-1.437794944441457,0.1647787789921073,0.3504295564999819,2.4641156618061983,35759.76202949998
599,11381,-1.5996743284592556,-1.3802411834591874,0.2513319330913208,0.34980022178796644,2.4649305775271206,35819.988989958074
600,11400,-1.6059332058164708,-1.2911910104621267,0.2630764784673001,0.34956716443575725,2.4653851304035395,35879.02958020801
601,11419,-1.601214070801059,-1.5241444144077523,0.06539390786078463,0.3497084196075929,2.466052975490078,35941.18953904114
602,11438,-1.6138286723404827,-1.4411687376658882,0.16090731656097132,0.34970196651159835,2.466750325356668,36001.73859891598
603,11457,-1.638701938465081,-1.4684480240737354,0.2130991262965048,0.3496017749303464,2.4679012339749624,36064.01705612498
604,11476,-1.6191041858029482,-1.4704887230271215,0.09066451069776264,0.349562492194395,2.4688099846613296,36124.969018500065
605,11495,-1.609479648807718,-1.4591608872446067,0.17368948451616045,0.34958489883451016,2.4696371641036254,36186.15899266605
606,11514,-1.6011525242255917,-1.4732332544979918,0.1791626648391941,0.3493889921339274,2.4703270623130136,36247.64323533303
607,11533,-1.590611386841454,-1.4441180755555156,0.15090749274806858,0.34893094661540214,2.470849472542095,36309.181299916
608,11552,-1.6045168312644789,-1.4169786348392694,0.2206197779012168,0.3485758476891567,2.4716279531711765,36369.79968833295
609,11571,-1.5996084774397312,-1.4059835347892229,0.3638344656762348,0.34841228787596357,2.4722632561831013,36431.01151341596
610,11590,-1.6086578995720453,-1.412112244757064,0.3466402824378034,0.348482886570871,2.4730299454590012,36492.595123541076
611,11609,-1.5821008690215725,-1.4567000266193044,0.1110314085383506,0.34861133400043254,2.4737727202455573,36553.19271316612
612,11628,-1.6050994903303355,-1.4915827601385554,0.17710617716748236,0.34877881531705446,2.4740829692522697,36613.807583000045
613,11647,-1.6126397209978673,-1.4697499336800142,0.10497191245115094,0.34929063490078677,2.4745053928529392,36674.23195499997
614,11666,-1.5904322723483961,-1.2375516572773573,0.5028857389568199,0.3498716527920846,2.4747339727525555,36735.345160332974
615,11685,-1.6079385305450522,-0.7783707531410187,2.562137858897681,0.35042134177196854,2.4750666286338396,36796.099429707974
616,11704,-1.6093529712759356,-1.2843672718209362,0.4496592149951036,0.35125900046564756,2.4758518216524377,36856.821506000124
617,11723,-1.5771021673270553,-1.3846986539876684,0.3255511892124221,0.35216524644305064,2.476552962042802,36918.919802041026
618,11742,-1.605626474137738,-1.3065253572763598,0.45862427326690125,0.35287490404160626,2.477051291834922,36983.373310165945
619,11761,-1.5808499097217483,-1.45608187742813,0.1196450006747062,0.3537581971968052,2.477832002213499,37047.31517866603
620,11780,-1.6117453807474087,-1.483008540108457,0.06597271711843779,0.3541018950697201,2.478376581289701,37108.68438758305
621,11799,-1.5786608941487748,-1.3840761882037977,0.3040002273475688,0.35452315478078383,2.4789579431476785,37169.63326437515
622,11818,-1.6175116626626824,-1.4707568834311637,0.08330673709715139,0.35497890773119595,2.479521184382813,37230.375441791024
623,11837,-1.6075599277733117,-1.413038300362907,0.3619725971328326,0.3553087315776587,2.480057284489411,37299.140231541125
624,11856,-1.6066312337954285,-1.4001991920324977,0.3392511555295688,0.355571005054427,2.4802542348716905,37360.28912354098
625,11875,-1.5729322978068891,-1.3674221687425472,0.3320222484703441,0.35586434326665695,2.480656726459125,37420.857589875115
626,11894,-1.6021790910856017,-1.4348917599678968,0.14133545099138017,0.3560351355836964,2.480983725452757,37481.3993375001
627,11913,-1.5678326678071803,-1.2747828493953353,0.45262142796525656,0.3560823431024935,2.4811384237781935,37541.521813458065
628,11932,-1.606375616773457,-1.4926345946598005,0.07306142071135718,0.3561279301041911,2.4813370802597854,37602.6117648331
629,11951,-1.5896084705498925,-0.7840000637118437,2.553308077528061,0.355923839793016,2.481549698099122,37662.9603433751
630,11970,-1.6389338662062372,-1.3477270249497322,0.41885129591578535,0.3556053506195061,2.4823692794453387,37723.867512583034
631,11989,-1.5999804858707982,-1.408198055440926,0.19722258748998225,0.3552326151994249,2.4831295389883286,37784.71114295814
632,12008,-1.5890315664847385,-1.4464465920695162,0.11768680987135662,0.3551553154283634,2.483294704527424,37844.933857833035
633,12027,-1.6165582976725412,-1.347531400229732,0.307290302958832,0.3551625120689805,2.4831228891336847,37904.289036750095
634,12046,-1.5716952977596987,-1.3788327233603714,0.34621853167089395,0.35550961856850677,2.4837701939497094,37964.55891566607
635,12065,-1.6090421052210173,-1.2507327271289914,0.43544932690867966,0.35599300454201527,2.483820739568097,38023.57392858295
636,12084,-1.609731501003874,-1.3226603714297596,0.2646655462818622,0.35640580992311677,2.484182974418177,38082.3359002911
637,12103,-1.6117727369074535,-1.339339307650836,0.37195920827787904,0.3567450973101557,2.4844750838456577,38142.60580475
638,12122,-1.5958636403221913,-1.4261850514977188,0.21017626734049852,0.35727730115984735,2.4850594305064506,38202.93304916611
639,12141,-1.6279251382106787,-1.4279790543696145,0.3452545969490241,0.35776126078999365,2.4857402974883085,38263.94981687493
640,12160,-1.6283056813905281,-1.3720536696232053,0.24597352051984833,0.357976327616384,2.486383059266074,38324.17353437515
641,12179,-1.5873171953408045,-0.60191541467794,2.553295905228095,0.3582472142536861,2.487056775735304,38383.44461320806
642,12198,-1.6018618961224647,-1.4443965906958012,0.09242221165770077,0.358385790523739,2.4875335515746895,38442.598952915985
643,12217,-1.5837209562429484,-1.4814902758321107,0.09239761544050293,0.35849627174353255,2.488057850454708,38503.149852208095
644,12236,-1.6028922769606604,-1.4493686170193822,0.2426096176454323,0.3585227608405725,2.4883482500365792,38563.96751950006
645,12255,-1.569428669191784,-1.474110947395627,0.09907523205314638,0.3581116745336469,2.4882177169821698,38624.844934208086
646,12274,-1.6010082546412763,-1.3768515544989839,0.3690200996270351,0.3577841140709661,2.4887742368426626,38685.798013916006
647,12293,-1.5848817606474848,-1.2517473701894988,0.4832168387189863,0.35724142795286895,2.488991231585106,38747.499618041096
648,12312,-1.6162857832049378,-1.4285344899591106,0.3452813743477991,0.35704478752497454,2.4893950748405524,38808.08263483294
649,12331,-1.625577637304799,-1.3151635878571335,0.4565049935065131,0.35662446058676606,2.490371074650745,38868.797000915976
650,12350,-1.6035668406757484,-0.7728722086214143,2.5635404297686213,0.3562758791987705,2.490191730811335,38928.721437125
651,12369,-1.6164119572157825,-1.5303196033170865,0.07431792717668186,0.3559018494642543,2.490762996416015,38990.62570391595
652,12388,-1.608036825730931,-1.4446726575657223,0.11625227434323164,0.35535763271163784,2.491274939100935,39050.08867950016
653,12407,-1.619553213598203,-1.4423046963230397,0.161542122943802,0.35473732787262,2.4915416325426865,39109.56337945815
654,12426,-1.6168194155716415,-1.3277175119840159,0.3440870954900342,0.354262543104351,2.4916800132606007,39168.85784895811
655,12445,-1.5977220549154119,-1.2225790476660245,0.3771548175350135,0.3541381715964742,2.491722672506607,39226.55299216602
656,12464,-1.5938354048116166,-1.4615902151089286,0.12684626870047225,0.35409257471849215,2.492360951779236,39285.56326720794
657,12483,-1.599110214842252,-1.3862933214552764,0.2747107869274833,0.35361427847001153,2.492698782650338,39345.553370208014
658,12502,-1.589080206265649,-1.3497336563005502,0.24135165619013443,0.35320344077498855,2.4928365497519005,39404.325654000044
659,12521,-1.6068292243287408,-1.4279183203367705,0.12702075212823433,0.3523889147772016,2.4932300099073967,39463.63251358294
660,12540,-1.6291151866974074,-1.4635738643063432,0.13003536862162307,0.35154000677297986,2.493670456215676,39523.87536345795
661,12559,-1.6223651541013941,-1.42607547463616,0.14382042930670325,0.3503359173656821,2.4943506658190273,39583.940751000075
662,12578,-1.6288829963064888,-1.4659550940515493,0.1297829055086124,0.3487166280172038,2.4946825304184057,39644.78484066599
663,12597,-1.6251588849794238,-1.4594465062933515,0.15238579752916867,0.34746339256967557,2.4950504898510575,39704.890694790985
664,12616,-1.6181516599427885,-1.420005970022888,0.1447810563967825,0.34653814653856274,2.4966119244694305,39763.58289829106
665,12635,-1.6084818428194732,-1.3570996091780045,0.18541337361655572,0.3461816098927263,2.497132300273443,39822.57922141603
666,12654,-1.5741515152684151,-1.4152697183750005,0.10486550244205882,0.34560750153111436,2.498579512034957,39881.531377166044
667,12673,-1.6068910471729163,-1.4192030218475735,0.20630364291485664,0.3453304634241447,2.500704245026266,39941.38156116614
668,12692,-1.616940888026364,-1.4755412833067558,0.10951842251090914,0.3453330701800397,2.5017501374782585,40001.358246040996
669,12711,-1.6240079670059782,-1.5286741233356664,0.081746184843618,0.3452516332415267,2.502923236967499,40063.657426583115
670,12730,-1.624550943114266,-1.3932823913222383,0.3350411595733702,0.34481887030664216,2.5041385659891513,40123.61603741604
671,12749,-1.6126387025248272,-1.4384252899779733,0.29971073071130555,0.3442335661091749,2.5056202062504767,40190.42381091602
672,12768,-1.6226665799177367,-1.5221207603657054,0.13399638231155026,0.343371165263662,2.507333113313483,40254.42985233315
673,12787,-1.6120040772332445,-1.5222689681210781,0.07289775483916543,0.3426261878067684,2.5088811874903367,40316.72029220802
674,12806,-1.6133339325208773,-1.492107305008223,0.10335589527708675,0.3421349609252098,2.5101284070563534,40378.806989124976
675,12825,-1.612662463731545,-1.5010705255038912,0.1313228523374089,0.3415255619088402,2.5114916970542644,40440.490664333105
676,12844,-1.6182561745165387,-1.4512320927982858,0.14794265442716395,0.34084482294876606,2.5127446074759106,40504.884500582935
677,12863,-1.619342186997426,-1.4888520867809507,0.17132814295286225,0.3400809906267938,2.513740158127722,40567.574991291156
678,12882,-1.6171220734107994,-1.5245152895071337,0.08186189987033238,0.33936025054913416,2.515428044841018,40633.985587290954
679,12901,-1.6156515065899173,-1.5119452974566236,0.11464648348120934,0.3384657407756247,2.516309340237935,40695.848258832935
680,12920,-1.6175676127630103,-1.5101134713146902,0.12477436075640645,0.3377145720783362,2.517841212730293,40757.99456987507
681,12939,-1.6088771626676186,-1.4486455828188176,0.30580724402563925,0.3371871847301838,2.5183329637121967,40820.0721217501
682,12958,-1.6187490057470892,-1.5105957442736047,0.08275153093107845,0.3367371744452958,2.5190096479939865,40882.53753712494
683,12977,-1.6127354537150271,-0.8827359637816173,2.5714928731496376,0.33645598743679955,2.519753980005171,40945.36127150012
684,12996,-1.6342143771032527,-1.5351400436843063,0.07799208946042217,0.3362184552061168,2.5208997770128576,41015.97117554094
685,13015,-1.617721957549934,-1.5484637186532222,0.07698359840641969,0.33612588396435694,2.52140139905494,41079.30095537496
686,13034,-1.6316947678583755,-1.4787419277078007,0.1643693889824187,0.3361161030730687,2.522006338248617,41141.56385466596
687,13053,-1.6357286720716946,-1.5075974512406938,0.09778152479527796,0.33587902080259424,2.522659406432174,41203.26856587501
688,13072,-1.6211798363874372,-1.4866834796285675,0.13973747957528349,0.3359747634207557,2.5233117375870573,41264.228811332956
689,13091,-1.605575059600838,-1.4914546576057373,0.10426376967351297,0.33582824257289506,2.524249307333066,41325.55959087494
690,13110,-1.6270619561390793,-1.5029382322112441,0.09022260729001007,0.33581197679261476,2.52503130358931,41386.56484062504
691,13129,-1.6181856442305689,-1.4544639286909467,0.18108279054296786,0.33578829648326247,2.5258688839733128,41447.80105033307
692,13148,-1.6261610960069666,-1.4449949606988954,0.19250769667552659,0.3355515568075106,2.526584054229177,41508.50600225013
693,13167,-1.6224430311616,-1.4724490687720617,0.15340981573974366,0.33550582256771655,2.528776734085287,41569.093049749965
694,13186,-1.619965317829208,-1.5200905898793862,0.14665183064735973,0.3354359453782245,2.529166632112037,41630.038483583136
695,13205,-1.6263914449860915,-1.4335532525282462,0.21846608463887018,0.3352394066979366,2.5295395605218784,41690.48986033304
696,13224,-1.6143055428613007,-1.485651177211205,0.12574786579727096,0.33500655361510145,2.5299175427705083,41752.23493283312
697,13243,-1.6227913799543874,-1.5171620256725324,0.12122282097389955,0.33476270393196816,2.5306481034108526,41813.87608904112
698,13262,-1.6198974013249252,-1.4172750247063142,0.35664020339179686,0.33475894287364444,2.531224267488571,41874.885555125074
699,13281,-1.6234615175947473,-1.41721504283301,0.1933777735708786,0.3347681798176536,2.532546993670924,41935.16354075004
700,13300,-1.6150742820197603,-1.4746448135180321,0.19100785165581846,0.33496533697369224,2.533295900098427,41996.97482287511
701,13319,-1.6189684837422869,-1.4316345355612308,0.2949916089021059,0.3355622683727977,2.5344050058487557,42057.484792666044
702,13338,-1.6191422247413767,-1.5301107365826543,0.14592282198691575,0.3360263784640971,2.5359850948408904,42119.563906250056
703,13357,-1.613081695066671,-1.5155131194870384,0.10715007994715808,0.33655649905194474,2.5374554745405353,42181.18642616598
704,13376,-1.6223366966630115,-1.5347976618133032,0.10477675389995401,0.33703771860544973,2.5386711002438527,42243.187694791006
705,13395,-1.6398569237628067,-1.5370189263282845,0.07557746583699594,0.3370955741793013,2.5401560115334165,42306.16504620807
706,13414,-1.6155282187583193,-1.521460016521119,0.11175324210707276,0.33754317489874297,2.5418389449097103,42372.40001091594
707,13433,-1.6037798904417953,-1.4739960079077257,0.12572610040747417,0.33803557990066413,2.543508200096709,42433.057767665945
708,13452,-1.5937851116712665,-1.432245765940112,0.24293440922752849,0.338969126016077,2.545271538122908,42493.75027454109
709,13471,-1.6272496710426125,-1.4263137583087402,0.33854665756161795,0.3398453767377292,2.5465200525606075,42554.22716400004
710,13490,-1.5916673729450839,-1.472087914196672,0.19627173493806627,0.34082673699741894,2.5474628677300646,42615.701964874985
711,13509,-1.6338884377414562,-1.4561021561118401,0.1983997774590524,0.34183744743279515,2.549115060399464,42676.9756158751
712,13528,-1.6254737883712655,-1.4926203556102284,0.19955719203403197,0.34265851101820183,2.550681826084168,42739.07064862503
713,13547,-1.6185905858954568,-1.4194701862365524,0.3221582864535751,0.3434217899032831,2.5518147261342996,42800.56369954115
714,13566,-1.6479952071632962,-1.5100389024971619,0.09368149624545231,0.3439302730979079,2.5528054214476135,42862.604122833116
715,13585,-1.6184672266920446,-1.5258377151372284,0.06205662768905174,0.34450689507709065,2.5535950945824504,42924.60406225012
716,13604,-1.6212470852378704,-1.4892712777112083,0.14339819751099425,0.3452488093303262,2.554951263813663,42985.290976749966
717,13623,-1.6377093430635252,-1.446492379512589,0.3081852414825204,0.34593885842218214,2.5561205012740276,43046.282268790994
718,13642,-1.61565243597264,-1.4820354570673593,0.10155766706402511,0.346026631250399,2.556819143167125,43107.42579783313
719,13661,-1.6344058056110198,-1.536352321629858,0.08128350946005501,0.34574266429291944,2.557792277863967,43169.04631720809
720,13680,-1.6234260858892933,-1.5420232651305565,0.08548614878535941,0.3456398374445149,2.559718534309691,43231.70013595815
721,13699,-1.6226527722677604,-1.4721619160776698,0.11881873211913667,0.34565750484745256,2.5613617647644933,43291.60293187504
722,13718,-1.638608248338718,-1.5557805888633156,0.07612420477245031,0.34575047533246317,2.5624202356848436,43353.70390441595
723,13737,-1.6193226147738908,-1.5073337408146306,0.1028442937839957,0.3458705684728079,2.5638608912036442,43416.16083954112
724,13756,-1.616414795434725,-0.8897280039470367,2.570328735126283,0.34606489354992,2.565682945656885,43480.84647020814
725,13775,-1.6175403479393644,-1.547414808238455,0.07430259790893215,0.3465803478347529,2.567460989325288,43546.66090737493
726,13794,-1.660804053707504,-0.8479802129401528,2.5672030455538493,0.3473242199132769,2.5686942580667784,43611.750300457934
727,13813,-1.6118234410673251,-1.5511486958326497,0.05818682220960758,0.34818636058532615,2.5705525785278276,43675.50674704113
728,13832,-1.6500597784802018,-0.913411234810293,2.5744501302911007,0.3491751763087128,2.572187501026469,43737.14575241599
729,13851,-1.6008415581221556,-1.482307402239737,0.1257573624678575,0.35011485393324426,2.5742414215704756,43798.21231999993
730,13870,-1.6286416603860197,-1.5291736037129198,0.08625393988096176,0.3509198579059149,2.575985179824277,43860.078603625065
731,13889,-1.6373793139883537,-1.4967463573079982,0.09346674864517018,0.35145698186125485,2.5776232409944853,43921.65812904108
732,13908,-1.6437041808504178,-1.4754060141889975,0.32880657888727566,0.35198719975114423,2.5799098811625476,43984.31398433307
733,13927,-1.6148509636483421,-1.5100138666134886,0.10983543973156078,0.35223299702091043,2.582369895606838,44047.30331104109
734,13946,-1.6189306411713469,-1.4770197305340362,0.147304050298239,0.35254492666012155,2.5848163431887308,44110.62923791609
735,13965,-1.5908185834245847,-1.5278009060399012,0.06543219439386624,0.35265749951946107,2.586551424569,44173.64759037504
736,13984,-1.6484866456410314,-1.532171724253681,0.09300291883250418,0.3525738964873845,2.5882042575149606,44237.958344791085
737,14003,-1.6095990245710254,-1.4953058455600996,0.1283402863133413,0.3524600628134945,2.5903057151513287,44300.890872040996
738,14022,-1.6532892819096405,-0.8936345442152996,2.5737656695444846,0.35253532525042347,2.592515337925348,44362.633803791134
739,14041,-1.6117921931166785,-1.3788470605263354,0.2838885526172654,0.3522545020832629,2.594272093461763,44423.59721362498
740,14060,-1.6242550962810345,-1.5405049913524937,0.07121105363137387,0.35215665644222427,2.596033000068904,44485.98388320813
741,14079,-1.6320356671171998,-1.5270525973954518,0.08579265413066531,0.35232777852472386,2.5973492716884374,44548.41816137498
742,14098,-1.6204306773424664,-1.5054089192237528,0.12370683166685884,0.3525785296512644,2.5994088125270425,44610.232076833025
743,14117,-1.6161764092487392,-1.4984922715917037,0.12528741191493903,0.3525412621589775,2.6010921101024134,44671.57926575001
744,14136,-1.627336725949406,-1.3825282319506444,0.3850927237043119,0.3523367735428089,2.6022191196313256,44735.957791666035
745,14155,-1.6156446211459876,-1.4663848673439979,0.21216829652230712,0.3519414376267462,2.603608764588969,44796.69025979098
746,14174,-1.6184001279687585,-1.4328579529225387,0.24306330642532792,0.3518471003806483,2.6051107159322857,44861.855097458
747,14193,-1.6332018443562761,-1.4600638419379919,0.18149691205619736,0.35212658211434916,2.60643001963191,44922.364929832984
748,14212,-1.61828132520428,-1.4186516451998017,0.3589286931077724,0.3526233436029731,2.6077980771571165,44983.75530312513
749,14231,-1.6401036735336652,-1.5074933409043638,0.11367499091979735,0.35309213729484207,2.609340726258654,45044.54799754103
750,14250,-1.5985563746099754,-1.4097094590410901,0.3491919748448288,0.35353778104875905,2.6103795273924826,45105.03186174994
751,14269,-1.6155571060432736,-1.385259629986692,0.41116941789290806,0.3537679630835282,2.6114713664075033,45166.47889458295
752,14288,-1.5900396456545236,-1.1970986900629816,0.5052817317077968,0.3540635526999632,2.6126315373072875,45225.00115912501
753,14307,-1.6006811832547632,-1.2487850169185948,0.47279465445950347,0.3541715731501045,2.6139438230719474,45288.11432362511
754,14326,-1.618044436233025,-1.4735362687872517,0.15056146482890098,0.3539787753903039,2.614997360323328,45348.89894095808
755,14345,-1.6411071086877635,-1.4065259241123875,0.2946665990174206,0.3538989035409139,2.616077962078698,45409.62344283308
756,14364,-1.6329890820409272,-1.5012237908068549,0.16167162932666068,0.3535853334142225,2.6170197616419735,45471.31828679098
757,14383,-1.6122434962165348,-1.452528434774821,0.20876193886298874,0.35324241556521285,2.6177813980638995,45533.01694170805
758,14402,-1.6171495716789916,-1.417034849113851,0.33307953022364556,0.3531270832702217,2.620177525683378,45595.981185750104
759,14421,-1.628557503076543,-1.512498752179915,0.10791811574250905,0.3529382128383359,2.6226358855537235,45658.50368454098
760,14440,-1.6239752173821769,-1.439861874799716,0.24927945412059677,0.35278600173253666,2.6245330240491387,45719.940112750046
761,14459,-1.6406625494792735,-0.8599358065398243,2.574118605468108,0.35281853503621363,2.625887418620179,45781.97659912496
762,14478,-1.6083986334788056,-1.465809310563567,0.17597710297187583,0.3527681751428179,2.6278551779963126,45843.99615016603
763,14497,-1.6254563255121814,-1.4037186050619348,0.14825035572359505,0.3526685224117895,2.6289289163598126,45905.43627599999
764,14516,-1.6236075294891448,-1.471253014027556,0.12920855370226184,0.35258736144289776,2.6309861201771794,45970.49934991612
765,14535,-1.648051192303286,-1.4852460733345576,0.11892129425349256,0.35270347392034124,2.6329734418493658,46033.65483858297
766,14554,-1.6495072839374547,-1.4740137748303068,0.11457061274740991,0.3528674313139324,2.6348456325743452,46095.98806620808
767,14573,-1.618150935153003,-1.5139899105371255,0.09778993426496602,0.3531493695802751,2.6361427017758534,46159.38271108293
768,14592,-1.6216245347892757,-1.4181805046010891,0.1629110309575076,0.3534875753794981,2.6374459739867087,46220.83276591613
769,14611,-1.6182968662714874,-1.5106076382108373,0.11710379685171862,0.35370706873329416,2.6392055167325617,46283.99449145794
770,14630,-1.6335288601627633,-1.4656479366202404,0.14510827895125844,0.35415321370719066,2.6399922174848807,46345.96808849997
771,14649,-1.6176787700093405,-1.520285141614167,0.07145711884232432,0.3544677546615134,2.6406455830378976,46409.03643979109
772,14668,-1.6215440706648296,-1.3732748154861194,0.39277252112166194,0.35457449903652255,2.641639890196944,46470.179798166035
773,14687,-1.6252734611441166,-1.5239663772391088,0.08985840385191006,0.3545584048870547,2.642006911362425,46533.07624758314
774,14706,-1.6323501449565798,-1.4847146155441704,0.1052921801239238,0.3543361153757186,2.64282863226776,46595.84936966607
775,14725,-1.602687245376461,-1.435383564692561,0.2716099027400067,0.3540370740910649,2.643529114214186,46659.024735375075
776,14744,-1.6170995260750027,-1.54077834325332,0.07210433902229581,0.3543367129838209,2.644396844012132,46722.28958799993
777,14763,-1.6110127588381236,-0.9094908162563937,2.5719514765414484,0.35478075449003216,2.6453475279745398,46784.960374207934
778,14782,-1.6119666899072298,-1.4863827377752548,0.20960478865631743,0.3546936689063983,2.646206578874624,46846.987643125
779,14801,-1.6124247679531907,-1.4551135092206822,0.14907093981212607,0.35468197350056746,2.6475560661157584,46908.54912362504
780,14820,-1.6593872773736953,-0.9023322742947929,2.571805959680319,0.35432039186109915,2.6480705919216776,46971.229716083035
781,14839,-1.620332677056168,-0.8781655262015695,2.570738074322656,0.35361506629158707,2.6487711326896464,47033.14572883304
782,14858,-1.6067510941489802,-1.4394679389582743,0.24801226061963522,0.35262735374222776,2.649461462919107,47095.38318729098
783,14877,-1.6059794657281223,-1.3781881091135775,0.3504633112872455,0.35187674690669535,2.6499960459329515,47157.43838833296
784,14896,-1.6189980708515375,-1.4960536122912371,0.12050819748672305,0.3514102251125743,2.6507390838904064,47218.74464066606
785,14915,-1.6165853675617834,-1.3711769434501015,0.31508307589045487,0.35092502967668754,2.6514143399917627,47280.201969916
786,14934,-1.6032321999692494,-1.4490373181822909,0.23388413249266832,0.3503934084780368,2.6526840510381415,47342.765026125126
787,14953,-1.6030343605215416,-0.9175455267510744,2.5747461319823364,0.35014454123937927,2.652925008111622,47405.45899154106
788,14972,-1.5903574719087246,-1.4829864284884842,0.09144011076034296,0.3493608840846877,2.6534132348137898,47467.59700595797
789,14991,-1.632959505846241,-1.4887341809379753,0.12581007592147608,0.34847003326835935,2.654020965540281,47530.083933833055
790,15010,-1.6246863216970437,-1.482599954830512,0.12487347707607488,0.34794216794415456,2.6565530044845826,47592.425226124935
791,15029,-1.6149754857771557,-1.4966142115650243,0.11268009826524522,0.34723370190046765,2.6577749091605534,47653.71333845798
792,15048,-1.619856296636061,-1.4743541875100685,0.10793287197879148,0.3467111418424931,2.659344754270754,47718.36986033316
793,15067,-1.6237871857867612,-1.4958460951460617,0.1849382272937747,0.3460694816466817,2.6598871702616735,47781.75720112515
794,15086,-1.6246193825812165,-1.4754586956991083,0.13497706843866847,0.345429628100305,2.6606852432245875,47845.94840770797
795,15105,-1.6273323347845885,-1.4436937228996825,0.21048239299158877,0.34449450783431834,2.6611345427954443,47908.25943008298
796,15124,-1.6225124418386114,-1.4660907860333519,0.11779357939963858,0.34346450839998954,2.6617045191449944,47969.47478012508
797,15143,-1.6076558209156397,-1.4324397409915839,0.14368772315391098,0.34255755188120846,2.662302040368468,48030.49836095795
798,15162,-1.6525323214128411,-1.4690292008042762,0.10408707040535727,0.34156189174449836,2.6622410851760603,48092.884437333094
799,15181,-1.5881708190289041,-0.8270995409009799,2.554699102103262,0.34075940774813707,2.6623482805986702,48153.66445100005
800,15200,-1.6114939299485354,-1.4409681527164164,0.18394669600592084,0.33991453885380746,2.6631173098069327,48214.67047412507
801,15219,-1.5931779267238344,-1.3410705805862604,0.23623879850124052,0.33888720049576754,2.663450945111166,48275.344979125075
802,15238,-1.6281646987494334,-1.4086641069702512,0.18501751321886575,0.33767424367946874,2.66418120762167,48337.37501504109
803,15257,-1.6191514085033525,-1.407278840788761,0.1923583247970014,0.33662192885205144,2.6652565035841116,48398.94903775002
804,15276,-1.6348763121817766,-1.4370654269911285,0.2300415377822452,0.3355373661939709,2.6658648444337154,48466.53875258309
805,15295,-1.6189768835635494,-1.440818338372432,0.16461635821759016,0.33407092675211914,2.666559759657401,48530.315545541
806,15314,-1.622545364922881,-1.444805012608803,0.15526801582886776,0.3329176071196915,2.667386861285154,48592.58999991603
807,15333,-1.611446487956437,-1.4818311129174164,0.12646382196400188,0.3316840639244015,2.667866812268426,48655.3913110001
808,15352,-1.6202267868427978,-1.408543200753575,0.19534261600368716,0.3304607141441574,2.668421534011099,48716.59631379112
809,15371,-1.620639557552268,-1.3839900194206014,0.2285007016714682,0.32955564396412285,2.669193415445618,48777.01521329093
810,15390,-1.6129859648535652,-1.380307509027385,0.234813515728704,0.32849653829310027,2.669985431567445,48837.87805145793
811,15409,-1.6088294878041136,-1.253429617389944,0.38361091723494084,0.3276259246316112,2.6712635421110495,48897.16013208311
812,15428,-1.616143275885892,-1.4134174615674227,0.2340124248784724,0.32677689083015904,2.67220634210261,48957.854118416086
813,15447,-1.6186127974076658,-1.4133475034122902,0.2148010256043005,0.32629141347367974,2.6729639995481267,49018.23434225004
814,15466,-1.639202459951096,-1.4191105140299367,0.2159294673068475,0.32544325793468953,2.6741281081205956,49079.7656037081
815,15485,-1.625503975525647,-1.4043037551226751,0.31999417860981294,0.3247568432439545,2.6746414876248097,49141.46320541599
816,15504,-1.6286883238682401,-1.4352958232230502,0.22785727305986944,0.32400676237402076,2.6753711034307255,49203.39638241613
817,15523,-1.6386074328374471,-1.3915848427184816,0.28073555503196945,0.32308187031272295,2.675910708907171,49263.86533170799
818,15542,-1.6165917554705942,-1.3809103347510217,0.22249858567481404,0.32188609653854183,2.676022324053162,49324.67359512509
819,15561,-1.6425642822241686,-1.5107913845042422,0.1970151833356663,0.32063707603537617,2.6763537381017954,49386.789845041
820,15580,-1.6343051990820534,-1.4182511120541879,0.14154582348817324,0.31962274417261993,2.6771847444164916,49446.79559900006
821,15599,-1.6215841768696118,-1.4889695680576727,0.13955614099208669,0.31915275110522007,2.6775796060506374,49509.73726516613
822,15618,-1.6184172688455494,-1.4957013744342125,0.19647163319231026,0.31875798453231674,2.6781710260792915,49571.98023437499
823,15637,-1.6364290078676715,-1.4700077258087816,0.11183612251410838,0.31841519309997446,2.678940279591688,49633.137568375096
824,15656,-1.620268189543352,-1.4831134076942114,0.19489003731324656,0.3180208964791566,2.6793543349630142,49694.87315541599
825,15675,-1.6144977221380588,-1.5438096851717522,0.07701152170257919,0.3177367944062167,2.679525006165543,49757.68738979101
826,15694,-1.6290099345099769,-1.4981858988240206,0.09277623987213189,0.317615203875612,2.679720100293113,49819.36837333301
827,15713,-1.628223037919632,-1.5027452559940562,0.13611924971879488,0.3177941486295249,2.679874882507789,49882.6312917911
828,15732,-1.6294607777454315,-1.5444506245895406,0.06331744954087828,0.3178214910457893,2.6800736061175727,49946.30122254114
829,15751,-1.6183204496245143,-1.5192800773584256,0.09804629271825462,0.31781976871825074,2.6808340209512145,50009.19464679109
830,15770,-1.6078081385386378,-1.5021492303329647,0.10180178709106132,0.31769699110531585,2.6810493802732065,50071.34275733307
831,15789,-1.6270996443561545,-1.5103964013084237,0.19709333853639677,0.3172070864232532,2.681315857241361,50135.05171695794
832,15808,-1.6336360513352064,-1.5410265645821009,0.07163346919543093,0.3169985831876061,2.682259388725598,50196.87017579097
833,15827,-1.6239546005307437,-1.5063642100859445,0.08618946493720446,0.31626905545351625,2.6826228683303417,50259.3713925411
834,15846,-1.6378535572560002,-1.4748258100248477,0.28272354595108107,0.3158841012988269,2.6830039320856924,50321.93995829113
835,15865,-1.6207652034171813,-1.4761863793512566,0.21653518621056297,0.31529963262447097,2.684047402826687,50383.71717600012
836,15884,-1.6100905543392434,-1.458091354153921,0.20096270379259892,0.3148109434475488,2.6844885655800526,50445.472323083086
837,15903,-1.6194925736519634,-1.5446100106633045,0.07678813672222216,0.3143335522440391,2.684822646731543,50510.0216048751
838,15922,-1.6265926756285953,-1.4917248813312651,0.2193279125692439,0.3137856689178874,2.6856810923994123,50573.31539666606
839,15941,-1.6227523870438905,-1.504607099653714,0.13761908430074163,0.31352641254232194,2.6859259585419726,50637.006390250055
840,15960,-1.6365354044494431,-1.3533027358315521,0.3766998069789113,0.3132396766411187,2.68620492657077,50700.08854299993
841,15979,-1.6120602365035648,-1.4819362664821274,0.17470257455731686,0.31300449033903954,2.6864679431638883,50763.66576462495
842,15998,-1.616903355239363,-1.514482255708264,0.10610870524809018,0.31259795881342417,2.6867934759185035,50827.237419625046
843,16017,-1.615461330931658,-1.574398313037993,0.040944190867574184,0.31229529306409387,2.687100812923349,50891.82696558302
844,16036,-1.6235077450200253,-1.4788900340350593,0.11068288877235256,0.3121197126639045,2.6877360188427852,50953.71001824993
845,16055,-1.6180234599741086,-1.5332117431668604,0.09321613596759544,0.3118422391383843,2.688731872782081,51017.71346058301
846,16074,-1.6526026233645554,-1.520632514750503,0.19632653975295658,0.3113816669865371,2.689101452709436,51082.55198070803
847,16093,-1.6329793685499077,-1.4847758868453418,0.12965626599757157,0.31069886674845015,2.6895487530668456,51143.99110183306
848,16112,-1.6179691405023178,-1.4088091084015268,0.36660019798367494,0.30987877164948985,2.6900359381014565,51207.41325654113
849,16131,-1.625173758679268,-1.545424735758281,0.09230656977491952,0.3091368008222953,2.6903163545475506,51272.112137333024
850,16150,-1.6226721340058807,-1.3104569141598699,0.4881731822541722,0.3081512372090489,2.690475073297634,51338.656981915934
851,16169,-1.6326575891450315,-1.3761974081235284,0.43174686481799496,0.3071745006465098,2.691312732434118,51401.78704820806
852,16188,-1.6261753853000886,-1.361191021088574,0.4998161317838994,0.3063740451335269,2.6913325902773306,51465.338110916084
853,16207,-1.6081980809489798,-1.3009973987374892,0.389249477411223,0.30557447032526686,2.6922456443528047,51526.990692333085
854,16226,-1.6335407434738478,-1.2963359637815433,0.4807984313729213,0.304717098118863,2.6929458369102113,51589.41410808312
855,16245,-1.6269914121369133,-0.8251229248176762,2.5715565451733022,0.3040589506815763,2.6933549809531088,51651.20944324997
856,16264,-1.6383181120242734,-1.4049017832685105,0.35383260915002457,0.3031140616700051,2.69399564042442,51714.261055083014
857,16283,-1.6348518986696066,-1.5109043663748956,0.08446830467452165,0.30222138114237146,2.6942431348634877,51777.19620137499
858,16302,-1.6339803096492895,-0.8454549217103384,2.5627007615374104,0.30134976403964414,2.6957882481904307,51837.98597666598
859,16321,-1.6237737899668208,-1.5127855158192922,0.122964825681219,0.30091176856374263,2.6962045084915283,51901.89958683308
860,16340,-1.6927097261985349,-1.5158762795535308,0.0929062405781329,0.30084437963727145,2.696587733040859,51964.43881445797
861,16359,-1.633186876826957,-1.4379164868865084,0.315426296996588,0.30081567301403267,2.696809286772128,52027.79685383313
862,16378,-1.6282575190680637,-1.4420475170891998,0.16548351787729038,0.3008470034494206,2.6972902132237757,52088.994965916034
863,16397,-1.660958485873441,-1.5275911323655784,0.10896296181012077,0.3010023544872722,2.6982956862782634,52153.19466170808
864,16416,-1.6405560504478318,-1.5469121893139983,0.12462781912556395,0.3012854882269453,2.698759132429108,52224.090866124956
865,16435,-1.6182650191144683,-1.4757714496457104,0.135662774481437,0.3015241879066331,2.6990460258619744,52285.43650983297
866,16454,-1.6329889226913004,-1.5008995239360694,0.1677349712846427,0.3017620784964469,2.699334307526787,52347.81050695805
867,16473,-1.6304804978736778,-1.4886343053074091,0.13555779113810099,0.3017190874597776,2.699597128829297,52409.45352995815
868,16492,-1.5870588681018836,-1.3220238065892158,0.46966879742507206,0.3018777094032061,2.6999569337791867,52471.840899041155
869,16511,-1.6555456884950468,-1.5190863922437206,0.12560943720069256,0.3018020349858528,2.700312079870125,52534.83316404093
870,16530,-1.621170061302447,-0.8712667050173453,2.5666109615771813,0.30169482616611065,2.700603064357069,52595.744849083014
871,16549,-1.607308617807706,-1.4855119279244025,0.11310009612831733,0.301546888889322,2.7009171875573297,52657.44206945808
872,16568,-1.6170054351699683,-1.456851622439677,0.15241262545019746,0.30097240416613685,2.701242843129713,52718.90753858304
873,16587,-1.6239012247948894,-1.4304520941618277,0.26464076078251236,0.30037025723156796,2.700917513012483,52780.47763908305
874,16606,-1.638931695836832,-1.1972544752060745,0.5968610048132851,0.2997632208394362,2.701518101025856,52843.26314279111
875,16625,-1.6297845492214886,-1.513881945086936,0.09347599164663868,0.2989140054845189,2.7016973384280263,52905.4937411251
876,16644,-1.6309758605241544,-1.4069980126647557,0.3408653787738301,0.29802082362075677,2.7024247537743276,52967.78613758297
877,16663,-1.6285092739702716,-1.4217811164324292,0.27729351355001963,0.29715015212210555,2.7025990378333824,53030.06404170813
878,16682,-1.6204594926508369,-1.2405192734639572,0.5765876367672591,0.2962612255605501,2.7031676318650857,53091.760688458104
879,16701,-1.6310690590776407,-1.4312600634556147,0.359982651591756,0.2956052148291091,2.7033800324861263,53154.97200941597
880,16720,-1.6371992163433013,-1.4697863298373257,0.25358228461345356,0.2952353843450307,2.703485970774065,53221.13061487512
881,16739,-1.664301091452467,-1.5298283478014951,0.10522480932091562,0.2951606945871362,2.7037112150092923,53284.50720237498
882,16758,-1.6303828038858201,-1.5008984925883464,0.1193256184504152,0.29493612827956733,2.704426558663849,53347.055743625155
883,16777,-1.6441294785553646,-1.5307169354148433,0.10476926208240946,0.29473237047309003,2.704468325656209,53410.819688624935
884,16796,-1.6264168308735565,-1.508775746356953,0.15393943926246445,0.29445952399844005,2.7048614280907337,53474.27760920813
885,16815,-1.6272858897380145,-1.5363390725849038,0.07559285732206424,0.29417258923668194,2.7053646594474494,53538.16775625013
886,16834,-1.6117908980397964,-1.4763652581465219,0.2517327580840103,0.29355471966559354,2.7057759944852586,53600.44015608309
887,16853,-1.6459688620669528,-1.4901333312889413,0.2787527347571569,0.2925247091072465,2.7062195382815752,53663.47264541616
888,16872,-1.6221427586668398,-1.428339036273723,0.18761318783187914,0.2915953979652936,2.7065485560562483,53725.541739874985
889,16891,-1.6392208615256028,-1.5273635943353898,0.13584541772004696,0.2908434980918425,2.706832169565592,53788.80998245813
890,16910,-1.6489872269718768,-1.5242655944090935,0.11751547764579484,0.2902844692592922,2.707067315174454,53851.19148220797
891,16929,-1.6315283795605344,-1.5803138172731306,0.039645662732824216,0.289657294470827,2.707281149666011,53915.301908415975
892,16948,-1.6519987035908272,-1.490874701251447,0.09084687787129532,0.2889302858611887,2.707945977005186,53977.67314149998
893,16967,-1.6506446324372614,-1.565495970184194,0.06740205967230156,0.2884237488515304,2.7081773062464434,54041.43314483296
894,16986,-1.653238308530801,-1.5613581234735117,0.07244147597362821,0.28821020084312926,2.7084643196548437,54105.23154600011
895,17005,-1.6306080901644178,-1.4406602311387318,0.34827599630010475,0.2878732739947265,2.7093924349315848,54168.5120716251
896,17024,-1.6335858107846173,-1.548184990889333,0.07036714061206042,0.28767396738657425,2.709828953534039,54231.23342412501
897,17043,-1.6248674350718773,-1.42522773849567,0.2594045053407205,0.2873866680156574,2.7101162898170776,54292.45347520802
898,17062,-1.628521846093295,-1.5017200836941949,0.154048345133146,0.2874728333776693,2.710323315750111,54355.77948945807
899,17081,-1.6601090415653497,-1.484114989311249,0.20014532965244128,0.28758973334227866,2.7109977928692213,54418.28696658299
900,17100,-1.621589584539799,-1.5513409058279237,0.09485528604606575,0.2877115805253443,2.7111517310697972,54481.93887979095
901,17119,-1.6194436391827587,-1.5252855634605031,0.10602684970866125,0.28779713842739996,2.7114334644919023,54544.29860512493
902,17138,-1.658618713269571,-1.571119933592466,0.06854635296075998,0.2876870279456686,2.7118650588342934,54608.69660299993
903,17157,-1.6636365424321253,-1.5435182281424484,0.0809858669470866,0.28750801218678895,2.7130676085886294,54674.000727582956
904,17176,-1.6406953594686895,-1.5429106708221256,0.0720445548740275,0.28736914664254204,2.7136916355965486,54737.840241166065
905,17195,-1.637165180609128,-1.517943040019082,0.10788126994987174,0.28735522576487577,2.7138672924990983,54802.30280654109
906,17214,-1.652403666431594,-1.545211243179534,0.14653706132760577,0.28691982544899464,2.7144055198264208,54866.21941012493
907,17233,-1.609708039562971,-1.5035788010219138,0.11247079006646658,0.28639872900835944,2.714667567493442,54930.02549208305
908,17252,-1.6423980906102544,-1.514353214547057,0.131171912988994,0.28633869991441374,2.7149287570299996,54995.74283370795
909,17271,-1.6133133102211685,-1.4492735210912067,0.12806671131477612,0.2866915194832463,2.7159669620848157,55058.18735483312
910,17290,-1.6328806339896174,-1.5294177953712083,0.09785098796430947,0.2869235373263061,2.7165287210410662,55120.89827995794
911,17309,-1.641616422596118,-1.5293015820669138,0.13093137280322487,0.28698830858502156,2.7168819880965,55184.08911870816
912,17328,-1.61015506899962,-1.5261993946928607,0.11445954625465274,0.2871255097108764,2.7176895066448723,55247.556578458054
913,17347,-1.6242055611797621,-1.3996376763310836,0.3795590081076871,0.2871552179010508,2.7182775718974024,55309.521143374965
914,17366,-1.63596719462112,-1.5551247370251893,0.0938606381374395,0.2873467645600816,2.718888673731118,55373.47322887508
915,17385,-1.627817546605792,-1.5732062000307139,0.07393605272975556,0.2872825254693653,2.719156640926792,55437.60604550014
916,17404,-1.6213241116121857,-1.5040866490326013,0.1700854141722658,0.2874634142722045,2.719087046082621,55505.011878750054
917,17423,-1.6285665035764465,-1.5350154048954852,0.08331789564967063,0.28751278910874345,2.719938271818749,55572.516183875035
918,17442,-1.6262437417699092,-1.4704208292108414,0.18746785768793173,0.2879261182866211,2.7210219004938736,55635.26338558295
919,17461,-1.6229343311581612,-1.448159543157178,0.24343231184031977,0.288321968911709,2.7211139235661497,55697.96933087497
920,17480,-1.6322742257838287,-1.525763598763634,0.1954627472244924,0.2886708644986983,2.7221862961292227,55762.11917566601
921,17499,-1.6309977507416145,-1.5236517958333047,0.11171953704106508,0.2886953680230043,2.7228723556588577,55824.68080962496
922,17518,-1.628627369916119,-1.4841736152432083,0.2323190195072962,0.2888239609513297,2.7236449258477746,55887.98782108305
923,17537,-1.6202529855423942,-1.542766338838564,0.11597520440517872,0.2887116014985259,2.724136300331192,55951.20985920797
924,17556,-1.6416300085971853,-1.4717507853538496,0.30344147781370967,0.28844190811973536,2.725221193157844,56013.59082225012
925,17575,-1.6219496705008467,-1.438292351600137,0.3334216806863571,0.2881000651433946,2.7259594933246842,56078.42497729114
926,17594,-1.6261533377828261,-1.4847910125713104,0.10547060894187836,0.28788085412460074,2.726542498596619,56139.37069025007
927,17613,-1.632518721496269,-1.526486035402502,0.10523754387690056,0.28777985132024003,2.726982168887214,56200.921408582944
928,17632,-1.615858331625323,-1.4768631445327183,0.14824708803812447,0.2878457511987519,2.727496508280432,56261.74878366594
929,17651,-1.6157882918933835,-1.4611608694300444,0.35145438994268713,0.2878134488858637,2.7279098029280098,56323.88992541609
930,17670,-1.6329766145342681,-1.483754429058201,0.16560867989844388,0.2877837029340451,2.728770102195142,56385.84308125009
931,17689,-1.6238906864628593,-1.4927805419900302,0.17509891957626414,0.28789044238471023,2.7291744549885473,56447.92732633301
932,17708,-1.6337123350151392,-1.4286046926730664,0.22905052271719006,0.28820078890478223,2.729595953433857,56508.49991566595
933,17727,-1.6184999695258488,-1.1745640903321346,0.551512773742008,0.28855018060892246,2.7306520816583535,56568.025812749984
934,17746,-1.6068060765983079,-1.0785464632706425,0.628101929935331,0.2888032281800245,2.7312323376086525,56627.47664120793
935,17765,-1.6168070347258165,-1.4423686150221668,0.43329521876709987,0.28887140712714776,2.731661361730974,56689.72364212503
936,17784,-1.6267868633439724,-1.5585976590623924,0.054863432515539746,0.28887140150777996,2.732192868851632,56753.419040250126
937,17803,-1.6289892865548197,-1.4856684778355143,0.14603185595220872,0.2889871891583526,2.7327681333171294,56814.57401416614
938,17822,-1.625587957552825,-1.5586610762779058,0.0474541472131912,0.2893189740232183,2.7333147893004703,56878.75928433309
939,17841,-1.6295899241257663,-1.4215496374303918,0.27344970827152665,0.28946595585294305,2.7339743810257215,56938.676082541
940,17860,-1.6237068125915313,-1.3465697097265168,0.3402760219688599,0.28992582905637926,2.7350497143109487,56997.57533200015
941,17879,-1.6367590703773676,-0.8266779673317843,2.56223717573112,0.29054917504731415,2.736198325434666,57057.547501957975
942,17898,-1.6391935432898048,-1.5060725633898095,0.1326796868081007,0.29094896278631605,2.737214939754383,57119.10635387502
943,17917,-1.6255110088149012,-1.3090824397201788,0.45639908638361903,0.29114570514718424,2.7386524457623436,57180.30630445806
944,17936,-1.6107522310673987,-1.513610470788424,0.10402775025522322,0.2912863297800991,2.7396464226732253,57242.54833975015
945,17955,-1.6255562095134781,-1.484721371335711,0.18537328434729003,0.29142054194510203,2.7405865777189753,57305.17939983308
946,17974,-1.6129317149839117,-1.556039159098942,0.06697267283393472,0.2916247071205201,2.7419919702701554,57368.81951100007
947,17993,-1.627023335829577,-1.577780634131303,0.045086031622371486,0.292034252513898,2.74257105154696,57433.28959945799
948,18012,-1.6108948226387287,-1.516139466786868,0.12177650913160329,0.2922614751250312,2.7435699652697423,57495.89996733307
949,18031,-1.6397368091963989,-1.5288081935091764,0.1020727155629325,0.29246029968952975,2.7443163879069274,57557.82197079109
950,18050,-1.628521697209333,-1.4774645067527326,0.2605027256497814,0.2927802261079926,2.7453316340921607,57619.745192124974
951,18069,-1.6023632319116592,-1.515778207184351,0.07369818986494023,0.29301874077895734,2.745992834032779,57682.14615020808
952,18088,-1.6290616390361627,-1.4825123793931336,0.22354579360002266,0.29326398853184893,2.7469681084134665,57743.636700375006
953,18107,-1.6052463656170781,-1.5295240146547215,0.06946418177755155,0.29336723168084194,2.7477927036449383,57805.753136540996
954,18126,-1.6240276470859127,-1.3874733840388664,0.38685552139610613,0.29338766779894865,2.7485939810733404,57872.23374112509
955,18145,-1.619234680920516,-1.5319778576854175,0.09967177598803567,0.2932028460272158,2.751212854663265,57937.35111716599
956,18164,-1.6257386908998779,-1.5246077378831215,0.10704111608089854,0.29305801002973886,2.752269197256875,57999.22588341613
957,18183,-1.627316140523095,-1.4835780125065086,0.2021469978550817,0.29282354847762676,2.7534548793716755,58060.17375441594
958,18202,-1.6312728395161358,-1.5468128525638825,0.09318152689936271,0.29246346144091023,2.7542085447147446,58122.44545791601
959,18221,-1.6395612973356481,-1.4488016366862302,0.23422442823532627,0.2920884015503251,2.7553947031184913,58183.92747875
960,18240,-1.630947576677955,-1.455648512548353,0.29612137834634655,0.29194878299296456,2.7561048422648122,58246.62276841607
961,18259,-1.617811047419825,-1.4960096098265996,0.18097355258692735,0.29202065979245667,2.7571757816830025,58308.91378395795
962,18278,-1.6247214298924728,-0.888534227629068,2.573164792127186,0.29191562081220257,2.7581538588267724,58370.30064487504
963,18297,-1.619385518668655,-1.4218897042500422,0.37758170152809517,0.2916867472422096,2.759163028701458,58433.11092737503
964,18316,-1.6506356890549885,-1.5772940537319744,0.04711153345977087,0.29141220406537643,2.7598452219548624,58500.67718275008
965,18335,-1.6475701037683645,-1.5360364471219163,0.0998692551450328,0.29117970608089155,2.76166719876142,58564.507652790984
966,18354,-1.6276891749367186,-1.5688987966947254,0.05981454042208261,0.2910321786005473,2.7627223627107167,58628.32436137507
967,18373,-1.6475543970020867,-1.5660732386837888,0.07017461415709347,0.29080320783079333,2.763399736244152,58692.117794166086
968,18392,-1.6330289851119861,-1.544565734080197,0.0780818627408769,0.29048545746832805,2.76439937351477,58755.817351832986
969,18411,-1.6326658383980321,-1.53577323062411,0.14761843750858403,0.28987750446348837,2.765662374130315,58819.25439187512
970,18430,-1.612612620709263,-1.5470528461752546,0.1068846909567865,0.2893824060146963,2.7666994658611066,58884.80234345794
971,18449,-1.6320025801755946,-1.5693693468992769,0.059950096654242474,0.2885771232589808,2.768080695388988,58949.04404770816
972,18468,-1.6276728392866184,-1.539075605841133,0.07930624974356779,0.2875641748824754,2.7686812225626594,59012.38237091596
973,18487,-1.6105890515596606,-1.5230395215328514,0.11072977097143716,0.2870096425259125,2.7693587283060808,59076.02772408305
974,18506,-1.632808967212405,-1.562274216241123,0.07073749533789618,0.2864648389305522,2.7699706255064247,59141.01120687509
975,18525,-1.6284432692296589,-1.4867782926091364,0.3668170869249522,0.28614113674401365,2.770830148087296,59205.48621641612
976,18544,-1.6309020873067528,-1.582011234615484,0.04958815945457984,0.28585242535231864,2.7714154424846242,59270.60366250016
977,18563,-1.624850005095559,-1.5632365551238576,0.07625911158356016,0.28571427425128504,2.772467823904483,59336.34303479106
978,18582,-1.625094238977085,-1.5244413249524142,0.20314503800744355,0.28554396649579145,2.773130217357324,59400.738727000076
979,18601,-1.645726902534422,-1.5899388374202459,0.04500944698194491,0.2853109465434598,2.773130735592554,59465.64318616595
980,18620,-1.6569460282103563,-1.5543602658826938,0.05515628317457204,0.28502495483900886,2.7735276944565435,59530.1827275001
981,18639,-1.6288999323764255,-1.5487575234045012,0.07592804989244128,0.28472488380070143,2.7737947391332676,59594.29272312508
982,18658,-1.657071472147008,-1.5616897882187442,0.08032733363296823,0.2845859646698101,2.773703380976561,59657.990587749984
983,18677,-1.6290372886571198,-1.5591593364932428,0.06722405414943583,0.2843928278326837,2.773799011612198,59721.83056375012
984,18696,-1.631167552718897,-1.576714789548257,0.05606739214943655,0.28428346659407067,2.7745264449656712,59785.74579137494
985,18715,-1.627511580736277,-1.5382873652263023,0.07509180706834011,0.2840210531006109,2.775156359103838,59853.07012104103
986,18734,-1.6193702170837403,-1.5711559010881277,0.04150292760245432,0.2834993101603955,2.7763316453320814,59919.62431679107
987,18753,-1.6166257796908328,-1.5547238344560457,0.06533976599079425,0.28288068729803756,2.7769985831961774,59983.427347583
988,18772,-1.6572372983523165,-1.5701948806522232,0.05821144408220092,0.2821773408477613,2.7772929270629976,60047.63666620804
989,18791,-1.6231694331228965,-1.573659325058735,0.06416547200844033,0.28166602973537336,2.7774691060869166,60113.4066020411
990,18810,-1.638231304807471,-1.5501783518289909,0.07250182823352241,0.28112466831284516,2.7779999143834404,60177.388661791105
991,18829,-1.6263466127019797,-1.5732568946855963,0.04061952593527566,0.2807491933692484,2.7776826260804213,60242.48188262503
992,18848,-1.6332587509938152,-1.575460325974857,0.045014766437289,0.2803754023320621,2.778079737912006,60308.44455504115
993,18867,-1.6447233068128027,-1.5695951673373272,0.06368876878302651,0.28023216651264926,2.778651938136517,60373.917070833035
994,18886,-1.6350972612142591,-1.5575314534692486,0.05933525324794315,0.27998883430695576,2.7791991005390027,60438.12297029095
995,18905,-1.6266911506032553,-1.579942415178746,0.03740159997638456,0.2795732668122755,2.7797255433088406,60502.786152791
996,18924,-1.630672321864516,-1.5756686232628767,0.05446841972795843,0.27909410561862674,2.7800027129628817,60566.992140416056
997,18943,-1.633379441329387,-1.5672651565508384,0.06311057121085953,0.2784750095590553,2.780354573280076,60631.30803879094
998,18962,-1.627710814115229,-1.5755681494244627,0.07057868355678301,0.27762095854965313,2.780777129439105,60695.510461416095
999,18981,-1.6290239142224605,-1.5898771900039945,0.03352910486825311,0.27662088971515597,2.7814057375634866,60760.42502945801
1000,19000,-1.6288204956694186,-1.5447707930014503,0.07334573909040977,0.2755429877672088,2.782537071076524,60824.17111170804
1001,19019,-1.6295662437072487,-1.5604418263096311,0.061906464957439684,0.27469044798764697,2.7832836337039715,60888.37158991606
1002,19038,-1.660393184637086,-1.5726042863695624,0.054433791211198325,0.27422559440338873,2.7841392102752462,60953.02563145803
1003,19057,-1.6433456592740008,-1.5402691990872464,0.14542991668691435,0.2735590915642909,2.78493465793606,61017.24573550001
1004,19076,-1.613480940295104,-1.5626549121511075,0.06364583380234931,0.2728528574424865,2.78588713616614,61081.34075041604
1005,19095,-1.6270151526770675,-1.5465563178129849,0.06525725874119062,0.2723041120167247,2.786382059410781,61144.39444850013
1006,19114,-1.625801715178457,-1.5444014735837583,0.08283510276785938,0.27174369570612744,2.787975451882318,61208.45882820804
1007,19133,-1.6146882304667338,-1.5759421530627125,0.05182773874798104,0.2712166359644615,2.789559162832952,61273.19425166608
1008,19152,-1.6335113851650451,-1.5734866919229524,0.051280824884656746,0.27041616980481525,2.7900648554028704,61337.13251925004
1009,19171,-1.6260551804047507,-1.558893581054835,0.07002781178164465,0.26929816193837525,2.7902950770722965,61400.11560216616
1010,19190,-1.632010057182014,-1.5668101054335226,0.05423554574305963,0.2680332871144727,2.7913468872922467,61464.04259808315
1011,19209,-1.6303580541869955,-1.553741198098226,0.06222688154918833,0.26694333590308505,2.7922716820068465,61528.527907458134
1012,19228,-1.6301599535625222,-1.5582656927519716,0.07096364597802665,0.2657234895352763,2.7928158974520225,61593.46034020814
1013,19247,-1.6271464843892396,-1.5665149516666403,0.05995566535505064,0.26471816924696023,2.7937027585083136,61658.25289599993
1014,19266,-1.6332848595621332,-1.5838500782577938,0.04610802427572161,0.26397811137245303,2.794852494022875,61722.76463250001
1015,19285,-1.6388466731799483,-1.533836906180154,0.15150719743846153,0.26320356437141745,2.7955592268066702,61786.514359290944
1016,19304,-1.6237787448934746,-1.5311358121297167,0.09267014317016288,0.2621662772539555,2.796498804465803,61849.83602266596
1017,19323,-1.6498690333549684,-1.523016960835784,0.13701463570582775,0.26110722244416035,2.797361187574263,61914.07051504101
1018,19342,-1.642485615012193,-1.578664868802687,0.07495011178829333,0.25979375392714843,2.798123598989889,61978.87500904105
1019,19361,-1.6263146812527696,-1.5795314182736007,0.05855754159883561,0.2585814563697687,2.798302082154911,62043.95928858314
1020,19380,-1.6549411568441217,-1.5653097982388393,0.07028744114810012,0.2576608724296643,2.799585028403666,62112.49384516594
1021,19399,-1.649195665479625,-1.5640324558530678,0.08677785513385261,0.2565711511950802,2.7998748232390676,62178.50507574994
1022,19418,-1.6295162309065807,-1.5469801459545278,0.0802043295219754,0.2558154952989609,2.800548878333211,62244.01158558298
1023,19437,-1.6375831112098211,-1.5783510469754773,0.056088592712425785,0.25501739117220035,2.801517319088778,62310.87849012506
1024,19456,-1.638682292768208,-1.5830963409272965,0.05390516832873663,0.2542129720403584,2.8014247519701003,62377.69499525009
1025,19475,-1.6284981521833446,-1.5677718614517544,0.06810684972944779,0.25354839888440484,2.801530905519563,62442.787536000134
1026,19494,-1.6158601792806788,-1.49062761563957,0.2159869293736437,0.2529404451095264,2.802402574626848,62506.4557932911
1027,19513,-1.6349521458293497,-1.5618647486535555,0.06745840361603624,0.2524474805512455,2.802791310431097,62570.858173541026
1028,19532,-1.6531060617519433,-1.5425443185147187,0.11629652899348843,0.2520622136094436,2.803565404930673,62633.28905595816
1029,19551,-1.6324466367191084,-1.566424769593687,0.06230773846642914,0.2516002678578466,2.8038344529317816,62697.30186937493
1030,19570,-1.6256163847044265,-1.5255808069828902,0.16560884518231314,0.25095044510980646,2.804110704553648,62760.803796916036
1031,19589,-1.6220787296026566,-1.5077040735176193,0.24313350228625552,0.2505721235034547,2.8042608031784853,62824.38461383316
1032,19608,-1.6176282125602626,-1.4492492613565275,0.36729419788563195,0.2500267321233454,2.805205307919617,62886.00754458294
1033,19627,-1.6349561744187193,-1.5081817530690298,0.2407970463838118,0.24975342547485227,2.8049127012112653,62942.07277466613
1034,19646,-1.6307908519995165,-1.557550625787032,0.0713132385822466,0.24934597914841028,2.8049700475173363,62998.07569041615
1035,19665,-1.6205518444647744,-1.3953491286297295,0.41852577845014277,0.24906149527887672,2.8052849236961297,63054.10368691594
1036,19684,-1.6317290336148087,-1.5628392768130652,0.06923005126984169,0.24917197107332606,2.805629589963913,63110.35355495801
1037,19703,-1.6481689639487351,-1.5594813860847563,0.06469260986772209,0.24901191253697907,2.805434492052043,63169.48961279099
1038,19722,-1.612557890878242,-1.5732899586736828,0.04501260037131627,0.24887801073186086,2.805387061657789,63221.37608487508
1039,19741,-1.6231382971224617,-1.5614318697046055,0.12001316138660553,0.24863898301871187,2.805764392626681,63270.892220708076
1040,19760,-1.650702255043801,-1.576841445695067,0.0504402729851083,0.2482427534935105,2.8060057246924006,63320.944757833146
1041,19779,-1.643286669569048,-1.5568054047684103,0.09761696982921485,0.24786906580655446,2.806551316842462,63370.71994987503
1042,19798,-1.625228225298084,-1.546741639270586,0.09176199845613743,0.2475864922927231,2.806467648914765,63420.127930874936
1043,19817,-1.6256896627976323,-1.5527283443501074,0.1211027973603302,0.24719118274525032,2.80698498849879,63470.01122570806
1044,19836,-1.635319916784181,-1.5212469102135264,0.1873792216464519,0.24658285809278066,2.80691440203115,63519.29574395809
1045,19855,-1.618160061023242,-1.5704274118444248,0.05763557340477794,0.24626652762894571,2.8067120820641462,63568.34622804099
1046,19874,-1.6639846492612804,-1.5992100357959893,0.04455931770525573,0.24583608111033814,2.8067399631158385,63618.678675540956
1047,19893,-1.6480660181167242,-1.561076337529233,0.07373920242304914,0.24582318968331437,2.8073426419077174,63674.593671208015
1048,19912,-1.6601140519089999,-1.5704018041672438,0.07375610953169998,0.24575248621635518,2.8076273878271087,63726.79064775002
1049,19931,-1.6121549204535865,-1.5675744711893358,0.055835172934616845,0.2459103070394932,2.8074223496843755,63776.71149200015
1050,19950,-1.6155527686999331,-1.5685033438314806,0.05637664498171314,0.24609719914084865,2.8076606121769148,63826.74322875007
1051,19969,-1.6536514990232725,-1.5635845690673669,0.07120505015294049,0.24616267366613326,2.807374514106044,63877.27874870808
1052,19988,-1.633270203414579,-1.5811665166536895,0.06445254092555223,0.24618787194769556,2.807253080702905,63928.31792875007
