generation,evals_used,best_fitness,mean_fitness,std_fitness,sigma,condition_number,wall_time_s
1,10,-0.106650816214243,-0.013926711277079206,0.07035777461752606,0.49067820028235026,1.007760843552704,17.849859334062785
2,20,-0.3028701487360248,-0.05155379274502847,0.115634709436463,0.4824269861306625,1.00816286476263,33.89185729203746
3,30,-0.22354548445319722,0.011501503662215917,0.10545341485314813,0.47506277705213107,1.0086118076092558,49.58977345889434
4,40,-0.10147129346862283,0.007089152863080006,0.08285693224947137,0.46865702170903295,1.0099857803118153,65.75998387485743
5,50,-0.16758588980572497,-0.041490685916228995,0.10516231854433554,0.46301005574626686,1.011721290226748,83.95128545886837
6,60,-0.24578031236404296,-0.04535821163051832,0.09561953663694604,0.45755926175957634,1.013441083759099,100.84130879188888
7,70,-0.2649403811222717,-0.027813503812584982,0.10620293533260641,0.45265508411683963,1.0152751049521382,122.04110066685826
8,80,-0.30134438172808853,-0.04151969099405619,0.11496345484226675,0.44812874012151505,1.0173023873852498,139.34630375006236
9,90,-0.20905521855973674,-0.02238781199012836,0.08437366616351076,0.4439044959503195,1.0194256363659258,160.96785241691396
10,100,-0.19757271131242238,-0.008752191095023587,0.07880119637890262,0.4399790841710699,1.02202910088501,183.68130875006318
11,110,-0.07335545705343005,-0.005054246831843035,0.03930840956856143,0.4363606158821392,1.0248501245978316,207.37931574997492
12,120,-0.19895764013909023,-0.01575540922978984,0.08171306439278958,0.4328131850228556,1.0276978158387735,226.0839911669027
13,130,-0.11494138541336696,-0.02222400752744518,0.052516453690216215,0.4293974685212944,1.0305694080689674,257.02358074998483
14,140,-0.16484864333819438,-0.031176345734854484,0.06205538319747167,0.4262168558158205,1.0337722701346899,298.4081834589597
15,150,-0.16398704950600784,-0.06735129562274142,0.055768205037414,0.423042608104265,1.0369164681663845,319.6890518749133
16,160,-0.12241154993894376,0.9729169376548213,3.009424026203632,0.42022697406825654,1.0403546293983987,341.34898495906964
17,170,-0.14755201590066758,-0.06333710033758341,0.04206874665557832,0.41772612309770035,1.0438950529572892,359.9282774999738
18,180,-0.19766005438309797,-0.0654889355063987,0.04780670442628511,0.4152796323793695,1.0474663907877275,378.9452349168714
19,190,-0.2641884539950343,-0.02085224416968039,0.09668003833949916,0.41327119883155977,1.0517163645161203,397.55522337486036
20,200,-0.20920596031015304,0.9581013785182428,3.0146822259720234,0.41160459007745853,1.0564508034348516,416.8036700838711
21,210,-0.17959691016003188,-0.07426159416116099,0.0676091545884602,0.4101523467711957,1.0614570889191806,440.07313904189505
22,220,-0.16235554337925695,-0.07163499757759988,0.05899562923324717,0.408867699927208,1.066430504910576,462.4540084588807
23,230,-0.22384696820755856,0.9655687682070961,3.0136978073504705,0.4078101629844262,1.0719575244494248,478.8797042919323
24,240,-0.20347695429748036,-0.04316685375099612,0.0962583268497126,0.40656711733390327,1.0771481225612587,495.51167729194276
25,250,-0.1540326151272371,0.993178772323812,3.004362277947505,0.40532046649141285,1.0821345126043798,513.4222657498904
26,260,-0.27221411489917813,-0.13299690288366878,0.08299847427624274,0.4041810851743018,1.087538947046349,532.0071696250234
27,270,-0.24348005438625897,-0.01227092462624979,0.12744844966556446,0.40312988793474963,1.0929000851454769,552.5565392500721
28,280,-0.33071746362214416,-0.10963037385107191,0.12730265325040954,0.4022220745051705,1.098585413204055,572.0904734998476
29,290,-0.38077308534802246,-0.13371194424250002,0.14907663810124902,0.4013684067694253,1.1043797777253548,590.6340411668643
30,300,-0.4151179443355,-0.19313525450577976,0.13251458643899025,0.40052433177581764,1.1100695733264347,606.6135387499817
31,310,-0.3430143404484438,-0.17975817636659777,0.1111935000832282,0.3995801716722934,1.1154811882781999,621.6184576249216
32,320,-0.17858474247917666,-0.07507300609195075,0.06607588586868895,0.3987002992241324,1.1209910730308679,638.8549753748812
33,330,-0.4119297457507338,-0.1433567393513778,0.13791409501479696,0.39778890715440773,1.1265561011547742,653.5414247089066
34,340,-0.39912241484205513,-0.23909180596191026,0.11485624230941474,0.3971129522621019,1.1324126510599637,670.1450920840725
35,350,-0.46834155393473864,-0.19715225289504001,0.16128026312991103,0.3965146390418922,1.138227157738054,687.8384197920095
36,360,-0.2973078711301751,0.8403849045165064,3.0539257261747337,0.3957854177489316,1.143947177780504,703.3993311249651
37,370,-0.6353994090278734,-0.2837868482474543,0.1914718173009256,0.39519754317179195,1.1496711646693083,718.4640820838977
38,380,-0.5613006113323431,-0.3146041820577311,0.15829171345541598,0.3945890382166852,1.1553698469273248,732.939296958968
39,390,-0.5393046136972357,-0.3054514233316893,0.19030019731537626,0.3937558178640112,1.1607098353440828,749.6261308749672
40,400,-0.5654390763725816,-0.33678058561311647,0.13721584146222532,0.3932367838040303,1.1664712730771836,765.667423625011
41,410,-0.43942601474986986,-0.29808431391269,0.13945994286025315,0.39271364585963653,1.1723444605222164,780.2291733338498
42,420,-0.4292229757429791,-0.26862861646564734,0.16941012670319947,0.3921116649824128,1.178073702375466,793.9956992499065
43,430,-0.34069825839997847,-0.18908038665195476,0.11456139096533058,0.3914457240140969,1.1837388635299029,808.7530404168647
44,440,-0.4979810692789801,-0.19710708492537501,0.18973520296422394,0.39087051618904156,1.1894269084639966,826.4916025840212
45,450,-0.5168041066876174,-0.3662958610525239,0.09928592425539601,0.3905163952077827,1.1953811794416174,843.5469020840246
46,460,-0.48543988314960096,-0.21697573764597777,0.1511156161626151,0.3901930645461747,1.2014645358993141,860.4440233749337
47,470,-0.5340249549723959,-0.2738264379868863,0.16736726801058388,0.38985829290666246,1.2074736874734895,877.1879506669939
48,480,-0.4373509866801877,-0.28402390757893264,0.12401061990578069,0.3897948770930488,1.2139738509242732,893.0705031668767
49,490,-0.5957681403078574,0.72519507234028,3.0942025277248097,0.38974949234834694,1.2202193075550734,907.3374229590409
50,500,-0.4755910881191534,-0.35853643517180994,0.12067121484249037,0.3898412232306513,1.2267541305331509,921.4358147920575
51,510,-0.6509927240340403,-0.41496581208595185,0.15370176600333146,0.389631073561651,1.2329625272219868,935.5011478748638
52,520,-0.6507634955253705,-0.382724845547404,0.21249048827884853,0.38963743130479767,1.239333550692944,949.6893282500096
53,530,-0.5663059282456944,-0.3595239612344935,0.18264602835318888,0.38986941960314087,1.2459322542379163,963.8896767089609
54,540,-0.6112967106675882,-0.34395453360515793,0.1430100149344449,0.3899923447518917,1.252409816856624,977.6805845419876
55,550,-0.6874062479722047,-0.3449488453544104,0.20097930105972114,0.3903015499768831,1.2592061032473736,992.252929084003
56,560,-0.6041235883910083,-0.4310849389005014,0.139259596581364,0.39056077406748607,1.2660122792787487,1006.1110293748789
57,570,-0.6952140686190642,-0.31202328494098647,0.2644059946530722,0.3909147223022024,1.272919716711984,1020.8706984170713
58,580,-0.599287982642899,-0.3112445753998839,0.17304343202666592,0.39130926341961025,1.2798670113381307,1034.908257958945
59,590,-0.7440568087710977,-0.3830372446045006,0.20966268448351785,0.3917049365552262,1.2867077856107207,1049.0864669170696
60,600,-0.5304883529312585,-0.2789375770878827,0.15465273804105661,0.3920804504572786,1.2933641360148003,1063.6992661249824
61,610,-0.4879742797354174,-0.2440833105980534,0.12046878575792358,0.39266459553993904,1.3007591699338037,1078.8471591670532
62,620,-0.4966671492362691,-0.17682899941092112,0.189673027641849,0.39339386225253054,1.308103076474528,1093.5659373339731
63,630,-0.5502719062026928,-0.2635526750355971,0.15727339809557098,0.39408668515894235,1.3156589668524523,1108.193264249945
64,640,-0.5166311691284262,-0.20697905519571122,0.1658849458179525,0.39455093994133456,1.3227041566913482,1122.449421291938
65,650,-0.5723016448636464,-0.3039436595631682,0.17489888850885602,0.39486922686091275,1.329495601104833,1136.4737973338924
66,660,-0.421526532902484,-0.2011395517535508,0.13885975429557082,0.39476573052570557,1.3358369963560466,1150.9836740000173
67,670,-0.5007859372812025,-0.3010387375984657,0.1574569565100027,0.3948028523709119,1.3420736958531012,1165.4978940419387
68,680,-0.4612432805975786,-0.2677918368008815,0.10730257784077343,0.39479802008944836,1.3480538160175513,1179.6028475840576
69,690,-0.44394933574975415,-0.2451663115469172,0.12743602602300946,0.3949847245023602,1.354098387236665,1193.8072805418633
70,700,-0.44648542711718875,-0.25847373085270703,0.1576711213400608,0.3953074521356152,1.3609987501784286,1208.2475682920776
71,710,-0.5374800917275611,-0.19985762085956874,0.19841375508211193,0.3957228746416551,1.3676848011701692,1222.315964124864
72,720,-0.3041746499909106,-0.1602823427746988,0.11609218773839353,0.39620403151754163,1.3744307302023688,1236.9113203340676
73,730,-0.33373913231531827,-0.14028052860362913,0.10852368577954766,0.3968502925179058,1.3820431637639965,1251.322206333978
74,740,-0.4617466056700783,-0.21039751585149613,0.18510218467499556,0.3972925746710018,1.3891808166660062,1266.1269215838984
75,750,-0.4984444560365944,-0.19721428620318351,0.21237516400119263,0.39763231112521824,1.395956776385339,1280.463885041885
76,760,-0.6110761636877609,-0.24390775376396742,0.1791451174456345,0.3976974006672734,1.4024021624524063,1294.8888929998502
77,770,-0.4733733505857929,-0.22709038097696563,0.12099686655751447,0.39784140691595227,1.4088967776819858,1310.2513004590292
78,780,-0.5919309969890998,-0.4121352794786726,0.15714075941386868,0.3980038756453057,1.4153107997232766,1324.3364447499625
79,790,-0.6344336268729016,-0.3702933673903111,0.161878414247379,0.39816183031103286,1.4217088522179748,1338.6361012919806
80,800,-0.6598545111597955,-0.35995232692559637,0.13279492239274165,0.39823239012507883,1.4278131140063386,1352.595470166998
81,810,-0.6055635905191048,-0.29590810487958635,0.17688208882464015,0.3984916176758492,1.434316945171252,1367.001166916918
82,820,-0.6445452110124803,-0.253460916536208,0.21622066670345844,0.39874682204403483,1.4405890512040518,1381.032548374962
83,830,-0.5084122112518035,-0.321552822896888,0.13347938755929178,0.3988778648805926,1.4466595923162573,1395.4897509170696
84,840,-0.6521956714362913,-0.31655316922800775,0.21330941425225658,0.3991141690874444,1.4529272421140331,1409.8540692499373
85,850,-0.6701698059306045,-0.20792255063851436,0.21331294680705298,0.3996869490334516,1.4594100548217996,1424.375838042004
86,860,-0.5029468725006749,-0.2981861024036293,0.10903671913200683,0.4004909032470576,1.466363339556778,1438.8033050838858
87,870,-0.5534974293698323,-0.30869862531567555,0.17116602803667538,0.4011867441748455,1.4728796982193573,1453.2851791670546
88,880,-0.5796424327188046,-0.26903687112658253,0.1858788576199854,0.40195179350129695,1.4792069661834064,1468.6257528339047
89,890,-0.8366584105688686,-0.2481705725223664,0.2587425785105355,0.40208311232514876,1.4850924107116437,1484.5471388748847
90,900,-0.6611743841722975,-0.19040176137521492,0.22712458997395282,0.4022719263678591,1.4910608215078756,1499.2772559588775
91,910,-0.5679877786338832,-0.20176152495109595,0.19833201714211146,0.40259134993869505,1.4976385380670842,1513.7851663338952
92,920,-0.530172221192549,-0.2029927402536366,0.21269178256988217,0.40285326909779,1.5036873650002434,1528.3492414169014
93,930,-0.699029649779372,-0.3394265846261025,0.23183654802297937,0.4034383798881132,1.5100256113290724,1542.3880025418475
94,940,-0.7033622167299187,-0.2593346361187655,0.18542017850174836,0.4041395723964154,1.516761078243313,1557.027289083926
95,950,-0.8195882832659711,-0.26716678700828744,0.2896971846845495,0.4048081011611775,1.5237358661160556,1571.4369201250374
96,960,-0.87922526849737,-0.3764045195857705,0.27581602617970863,0.4054419855650678,1.5306217937957196,1585.4307905000169
97,970,-0.7757318422942703,-0.36189295786513986,0.2453371524788985,0.4062323062593018,1.5377220116591133,1599.8323901249096
98,980,-0.8636340334431241,-0.3493362317410516,0.2719834164827707,0.4070712774503928,1.5446526953725508,1614.1244164588861
99,990,-0.9149706722265813,-0.44309040734423755,0.2550817845194392,0.4078723294211403,1.5517232931016076,1628.311314709019
100,1000,-0.7412265028806848,-0.4102502147913037,0.22630639670371336,0.408861033075436,1.5590504560885852,1642.2986325419042
101,1010,-0.9088250502187236,-0.6102548871266162,0.1709412150252547,0.4097981003715909,1.566450782680786,1655.9557177498937
102,1020,-0.7624812893404966,-0.48643873587961084,0.2550899381945905,0.4107309789496005,1.5741519841896445,1670.3286083340645
103,1030,-0.9086959910082237,-0.6431119857440121,0.24400558709661474,0.4117844723386305,1.581639922501806,1684.4453060419764
104,1040,-0.8897042254459695,-0.5351733332134707,0.3353630063689434,0.4128013584516334,1.5891886881206108,1698.7801883749198
105,1050,-0.8063195971371373,-0.5000063740192383,0.2846224296965413,0.4139500175930479,1.5969072209041066,1712.865355459042
106,1060,-0.946915917914879,-0.7769982428984016,0.09420661799925896,0.4150655124306311,1.6048294408277388,1727.1379180839285
107,1070,-0.897031697561177,-0.5535526782955349,0.367332233107896,0.4161486375920031,1.6120626311498911,1741.4305079169571
108,1080,-0.8962041584261824,-0.526775299450028,0.32478207173083995,0.41723365017113245,1.6191538633010654,1755.6248770840466
109,1090,-0.9789617818725862,-0.6746908173166568,0.2933159713669039,0.4181871826052405,1.625831681734746,1769.731605958892
110,1100,-1.0474036302535703,-0.46061713161590034,0.3922018139721824,0.4191859980599873,1.6325110251115573,1783.8352184998803
111,1110,-1.0108106978528113,-0.5655616272352877,0.30995083308782245,0.41997777339335335,1.6385102008259083,1798.0397843339015
112,1120,-0.978254739482816,-0.47638342958652274,0.3952542817403283,0.4208929272203105,1.644764855404409,1812.8276147500146
113,1130,-0.9581876979219244,-0.624857150762359,0.28497967995757545,0.4216402565776981,1.6506275261874006,1827.2565507090185
114,1140,-0.9844766946903523,-0.519229265323994,0.346258322550052,0.4220959398553918,1.6562973290778893,1841.0781978750601
115,1150,-0.9630302085658835,-0.4271081359048092,0.3691281361610022,0.4224888786444909,1.6621091670820303,1855.3563378339168
116,1160,-1.0719081738740446,-0.7777818726137873,0.2070356150185551,0.42294307590564456,1.668138205618949,1868.9831609169487
117,1170,-1.0762717422821853,-0.5422349289554116,0.4352755969601861,0.4236336083642399,1.6743615419888394,1883.2671104590409
118,1180,-0.9684350425381387,-0.418009832295124,0.3437571824851889,0.4240893863443615,1.6800069463932092,1897.5262404589448
119,1190,-0.9978212158051623,-0.5451528518787698,0.41419345605181784,0.42464852292316413,1.6862411380046156,1911.359209083952
120,1200,-0.9808607151931348,-0.7979662259803704,0.24751535002415612,0.42525645969019094,1.692399962351291,1925.1986255839001
121,1210,-1.0311650304088813,-0.6832368788112237,0.28133640192654447,0.4259087499877,1.6983639777115551,1939.046694458928
122,1220,-1.0118677866125516,-0.37974359379219075,0.3690662093838715,0.4264807609518324,1.7043851515606159,1953.7434167920146
123,1230,-0.3832573247789286,-0.11409431789425409,0.10829684758215298,0.4270398150939372,1.71010231300303,1969.1286514590029
124,1240,-0.9438593807292595,-0.30124265672700146,0.3296299386643898,0.4276151993528772,1.7155112360533902,1983.9347975838464
125,1250,-0.8835531663945142,-0.46327625980781856,0.25237334388816707,0.4281245143313715,1.720685778920355,2000.5731074169744
126,1260,-0.9329801484196878,-0.42110745583213544,0.27785641870737343,0.428869520798128,1.7256155018526482,2016.3318514998537
127,1270,-0.6889593557984703,-0.32541211801310055,0.2315795254493964,0.4297507700766862,1.7306836214965582,2031.5539129590616
128,1280,-1.10948046046828,-0.3630563844220527,0.3445850789390673,0.43081296015110054,1.7358460930980346,2047.876698459033
129,1290,-0.9021886184836312,-0.29058792205384626,0.2529827814711617,0.4319193769193762,1.7413346130741583,2063.1332194588613
130,1300,-0.4663523556073512,-0.21541690186013113,0.13430348836608094,0.43253603501796634,1.746383471095906,2077.686534541892
131,1310,-0.5562143427170048,-0.2443716986291979,0.16239911774668678,0.4332451481475434,1.7513259713619054,2091.9178416670766
132,1320,-0.7702775553198355,-0.3108566692942354,0.25109075182784735,0.4340377173108625,1.756625340151954,2106.1112944169436
133,1330,-0.4817761718101785,-0.23347660801213488,0.14887094797117942,0.4347926400770956,1.7618118151727942,2120.475560291903
134,1340,-0.8978801327639143,-0.3741289879937999,0.23251015340562195,0.435659267393808,1.767078770119638,2134.4669028338976
135,1350,-0.6607800589493502,-0.29484643203995786,0.17654611422622618,0.43649646533840164,1.7721481187355657,2148.288445000071
136,1360,-0.8288580177717666,-0.4112160425896677,0.2164383058274443,0.43718844023356535,1.777499920261309,2162.615563124884
137,1370,-0.6638329876440956,-0.316838592808485,0.19879265486859019,0.4379555060951727,1.7826603526590998,2176.710232750047
138,1380,-0.3486050669193661,-0.1774828867888522,0.09292852933283662,0.43860814305381124,1.7880245270454334,2190.932236792054
139,1390,-0.39358614100671296,-0.23361348045115182,0.08359044411927911,0.4391065241281807,1.7931848430592705,2205.289012749912
140,1400,-0.44325507269893194,-0.23255915108346487,0.09478721139941237,0.43949124488146396,1.798224824177626,2219.386056083953
141,1410,-0.333479645961102,-0.23348065236614318,0.0823067859969575,0.44008165712276165,1.8030292603919607,2233.526756959036
142,1420,-0.5080869234133552,-0.2881813503051549,0.13616501362021682,0.44066882750221725,1.807609057947767,2248.1839861669578
143,1430,-0.551553763656166,-0.2954560261804084,0.1646957349646128,0.44108439628109014,1.812444177889219,2262.1732448749244
144,1440,-0.3931773042185469,-0.26947397386699806,0.1127785243372883,0.44169460468790867,1.8171931011063625,2276.512744124979
145,1450,-0.6004422034396102,-0.34502148298526236,0.1868561600849023,0.4420608021638939,1.821853369190903,2290.3767022499815
146,1460,-0.7646313310171395,-0.46314877820021116,0.17486141471535016,0.44241406979418585,1.8262146540603772,2304.5466692498885
147,1470,-0.7083594952705061,-0.30847391906019644,0.17548146190294736,0.4427173721091721,1.8307626199679772,2318.8073555419687
148,1480,-0.6144772487048735,-0.3512583138707589,0.12704400792216278,0.44286008150925465,1.8347913539398268,2333.1568173340056
149,1490,-0.6925298280199206,-0.36196295726194183,0.20079590440024836,0.4430385606180554,1.8385212986812813,2348.316079791868
150,1500,-0.5408184496587447,-0.27903760633244207,0.16760780561022018,0.44355402056817883,1.842649439384926,2362.7830472500063
151,1510,-0.7504939862824136,-0.3683797539754985,0.17237758802781467,0.4441104104508935,1.8464628211663474,2379.062083041994
152,1520,-0.8569092826638691,-0.33590645957184906,0.22291922192877633,0.44456821154226767,1.849892848098214,2393.647906959057
153,1530,-0.855781808282611,-0.39208214225244775,0.23318138467996252,0.44526507661918113,1.8536876927062136,2408.7950296669733
154,1540,-0.825876499972984,-0.46307821419100054,0.2783527574378797,0.446085085521729,1.8579855654150224,2423.53176333406
155,1550,-0.7670280481043328,-0.41228389447154595,0.18076640153259965,0.446621887293647,1.8618039844414522,2438.345521667041
156,1560,-0.7966592598989131,-0.4554604525295682,0.24685602520525193,0.4471997033269901,1.8657340812172318,2452.5918329588603
157,1570,-0.7608695889585926,-0.44187810966614877,0.2035182090810214,0.44799964113673535,1.8696383937113845,2467.1054904588964
158,1580,-0.8472034682378018,-0.6171547596320185,0.1513582496014099,0.4489107969854146,1.873404474111771,2482.614360708976
159,1590,-0.8226407664778836,-0.5444055492787805,0.22097506071769477,0.4496701077591016,1.8773714905393288,2500.222947958857
160,1600,-0.8829968664316663,-0.45026200244631587,0.24117937522293081,0.45056372883107515,1.8820164007969213,2516.921835917048
161,1610,-0.848687005806724,-0.4854730111782518,0.21114465200958168,0.451327503238102,1.886020646209097,2533.366073125042
162,1620,-0.8163894321887764,-0.42452629812327236,0.2134192387363206,0.4522359785981198,1.889761279414404,2550.752721542027
163,1630,-0.9230906076164054,-0.48072455575822304,0.23105191969951894,0.45308009310177116,1.8938006611629208,2566.5529760420322
164,1640,-0.7850886639926182,-0.48211445197749414,0.18066179370308036,0.4538747314568129,1.8976472686071422,2580.927518334007
165,1650,-0.8486711867937498,-0.4714146276842296,0.20314543627791115,0.4546527440229987,1.901346872801463,2594.7805004999973
166,1660,-0.8257410130253664,-0.5738371397062539,0.19725586594111683,0.4555287967800401,1.9054809191628101,2609.1875627918635
167,1670,-0.7504785962337284,-0.5789316455992357,0.13213564110068396,0.4562920947098785,1.9092501234272774,2625.144396791933
168,1680,-0.7566806737141745,-0.5164477681489219,0.18964516054942163,0.4569426459272043,1.9133735816903437,2639.3392054168507
169,1690,-0.8490571677885432,-0.5687455118534483,0.1321288100035737,0.45767906240676876,1.9177479006106641,2653.3877924168482
170,1700,-0.7754578033201485,-0.5974648060526573,0.11824974512499697,0.45819600668823435,1.9216285838591265,2668.193353666924
171,1710,-0.8612458696535548,-0.460844591911935,0.22701511332931473,0.45864285563136586,1.9262417522265896,2685.312632499961
172,1720,-0.7707236071044692,-0.4979752066368993,0.1967580376692863,0.45910901056635056,1.9305179590237123,2700.268182042055
173,1730,-0.9478519173424358,-0.6323123892436563,0.18539365356215867,0.45968834441383716,1.934583978522276,2714.250988584012
174,1740,-0.8190847758580402,-0.49939929344775863,0.21075859042969006,0.46039342633491437,1.9384032041716341,2728.8779133749194
175,1750,-0.9196715539234495,-0.36219071637309896,0.3191419877520862,0.4612960415700438,1.9422357599962259,2743.053380041849
176,1760,-0.745408581113268,-0.4953491841726887,0.15675918175518283,0.46186994120043223,1.9456323610329544,2757.8041486670263
177,1770,-0.9788401618996536,-0.5161386761660879,0.21758906286041954,0.4621211368946096,1.9485193227820297,2772.2268454588484
178,1780,-0.8854041317332344,-0.5218637908571492,0.22721023524720996,0.462396269480634,1.951279394338333,2786.4606913339812
179,1790,-0.764601065812144,-0.4234831232846159,0.1582799116677001,0.4627099389636984,1.9538860126667703,2800.4421341249254
180,1800,-0.6617533203803116,-0.46536407824847686,0.12690871567277034,0.463151153297083,1.956537723971448,2815.2371829170734
181,1810,-0.7448293070145526,-0.3939727709358172,0.23928030044207527,0.46324409468006045,1.958973792634698,2830.3791809999384
182,1820,-0.8738262707088555,-0.5341580477396997,0.2272771641941732,0.46332934288773886,1.9611402236356579,2844.7639514170587
183,1830,-0.9286010569545322,-0.46828785893132663,0.2022703586724787,0.4632657640033561,1.9635289489991683,2859.8286641249433
184,1840,-1.0040659074162503,-0.5157506363284412,0.21124130831887777,0.4632785780079905,1.965867385893804,2874.2169644590467
185,1850,-0.9511808818337544,-0.6408553334827946,0.1754943933998454,0.46348326233138276,1.9682344615175156,2888.4892625838984
186,1860,-0.8597303366141364,-0.6598891245162559,0.21946712344746291,0.46392699281124583,1.971204853161611,2902.922177749919
187,1870,-0.944254652201951,-0.5695193933225229,0.2997193092347013,0.4640224669038326,1.9736379760095146,2918.1095417500474
188,1880,-0.8180930610902388,-0.5994773908201958,0.13609294090682217,0.46412220096839024,1.9759705074574232,2932.132970958948
189,1890,-0.7572292463737469,-0.44215262660957144,0.2352611040599008,0.46402302320395694,1.9778777800371814,2947.339859624859
190,1900,-0.9258853705012751,-0.647293335225801,0.307440270009698,0.46373230782992364,1.9801214588133278,2961.8534486249555
191,1910,-0.9405713755881742,-0.49799100245455713,0.28147225392835096,0.4634614058563022,1.9823799648750073,2976.758796625072
192,1920,-0.9474033457514173,-0.561141516200948,0.29358322314882845,0.46359766810815833,1.9842859338330887,2991.357844250044
193,1930,-0.955357407635046,-0.6035602662508439,0.241337524601533,0.46366173140951755,1.9859916024037456,3007.8438913749997
194,1940,-1.1515950315517127,-0.7047771990190922,0.239634033110303,0.4637795273934294,1.9878629492743958,3023.180424167076
195,1950,-0.8835719506974344,-0.6283298533207462,0.18855076943421137,0.4635271664709834,1.989632413335603,3039.0362096668687
196,1960,-1.0338685045309193,-0.7757586353703962,0.1918769588168975,0.4631650482328785,1.9912646390000683,3055.068671541987
197,1970,-0.9237615396507692,-0.6995624514344697,0.25452549127505253,0.4630722797262793,1.9936770975379512,3071.759391708998
198,1980,-0.9178739144301042,-0.7284115774266374,0.128961494864383,0.4630829001975346,1.9955217982480773,3086.180560916895
199,1990,-0.9024421614575093,-0.7338877881684971,0.1381314790776981,0.46331736653671696,1.9973765609918934,3100.39327624999
200,2000,-0.9773005239430441,-0.7110481380293288,0.1862990392443264,0.4635519419835341,1.9997945352932605,3114.9776980420575
201,2010,-0.7868450478157776,-0.5257981533909086,0.23439683277230025,0.4635973172240209,2.001823470322364,3130.540828583995
202,2020,-0.8774068275904989,-0.6585919567026897,0.2203952889754393,0.46381569602636424,2.0037518049353436,3145.077352958964
203,2030,-1.0699913289024554,-0.7123948094813569,0.25356609337296676,0.464189403224363,2.005701700792688,3159.5546751250513
204,2040,-1.0118424015988614,-0.7226782220295774,0.1596945631658304,0.4642842073549008,2.007540171991449,3175.491674249992
205,2050,-0.9376724056544754,-0.671581280614317,0.14922127987103376,0.46448822786762956,2.0098360322488196,3190.4933928749524
206,2060,-0.9903865800975478,-0.5911835138772393,0.21379783944395012,0.464262182823227,2.011759372959359,3207.774074292043
207,2070,-0.8983246570079162,-0.6580519193740625,0.17788770442812255,0.46393926745484354,2.0137087095255275,3222.8194146249443
208,2080,-0.9796291564034894,-0.7911151431432056,0.20194673378703437,0.4633954069225094,2.015324769052547,3236.7691287498455
209,2090,-1.0118298723998196,-0.5641547936392529,0.2982019935995327,0.46292818196168495,2.016725366561839,3252.4378367918544
210,2100,-0.9647542894504584,-0.5427935115815175,0.2726454365676256,0.4624793509888938,2.0181445722082962,3268.7642322499305
211,2110,-1.0268568837370555,-0.6681495872327543,0.2971240286992599,0.46177647430548024,2.019338241133354,3283.931166499853
212,2120,-0.9171639112015946,-0.6138824557574163,0.23170787883500057,0.46135736549655215,2.0210015694219385,3298.088999291882
213,2130,-0.998657520724537,-0.5472937809160829,0.24376513359664134,0.46083321943811584,2.0224884779799943,3312.3164413750637
214,2140,-1.018363035081161,-0.6861110072009385,0.35826682368394047,0.46023245752273767,2.0238614554626326,3329.1817129589617
215,2150,-1.018766403264725,-0.7416332246027548,0.251540231715619,0.4597963843203957,2.025881168274687,3343.6684453340713
216,2160,-0.9464864473681907,-0.6891908527766593,0.26406234224008,0.4591675527380813,2.027365244736437,3362.9563374589197
217,2170,-1.0338376966696314,-0.45074961035052674,0.30862241014664016,0.45865761340729,2.028999056971549,3379.9903666670434
218,2180,-0.957166839702678,-0.6835761793594902,0.1698527076414614,0.4585580066520016,2.0308174413551696,3397.460931458976
219,2190,-1.0125764197525857,-0.8621229729558191,0.16553356126216195,0.4583279796431775,2.032568591864369,3411.9623662088998
220,2200,-0.9850928731841391,-0.6712629599864826,0.25049583032020545,0.45816055561540453,2.0342654883841864,3425.9641942919698
221,2210,-1.010980413728113,-0.8203078638739514,0.23582895600135978,0.4579362974677666,2.035918334866647,3439.9706884168554
222,2220,-1.0313683662125888,-0.8276718983477144,0.18427323515477098,0.4576542194215028,2.0378604369236886,3454.102374417009
223,2230,-0.9036061167275742,-0.7062795749483162,0.1545344828104259,0.4574506072468554,2.0397666116681314,3469.1182915000245
224,2240,-0.949719869040015,-0.7072630814343466,0.21480223125394612,0.4571609797417046,2.041449872383658,3483.479570916854
225,2250,-0.9471493546770562,-0.6410356627685367,0.2819706286862384,0.45707902432341574,2.043134537170788,3498.050003834069
226,2260,-0.9688833813703024,-0.7783224072513196,0.14642890071708836,0.45668653106484,2.0448000209781823,3512.304779042024
227,2270,-0.978941428891166,-0.7344736738994275,0.2028916799873401,0.45631080548702546,2.0465249658429947,3527.0174320000224
228,2280,-0.9804190970690998,-0.8333455666128735,0.10967831687600449,0.4555460699427086,2.047993093019152,3542.247727249982
229,2290,-1.0321096685748863,-0.7698114536515368,0.19335237377684258,0.45486662446496423,2.050069045338103,3556.634563291911
230,2300,-0.9595862822950618,-0.7673980076782712,0.19091934846596026,0.4538835581312014,2.0517534288219554,3571.2107735420577
231,2310,-0.9226615850754767,-0.7310898213752097,0.15906222285741917,0.45310226264111414,2.053516859150129,3585.5806647918653
232,2320,-0.961588365610794,-0.7433454382434295,0.1484422084598392,0.4523791755655707,2.0551578960703507,3600.7596003338695
233,2330,-0.9397983391483438,-0.7336529443076542,0.17800160087864592,0.4515284200204763,2.0569873037470723,3615.4335632920265
234,2340,-0.9926433670729118,-0.7900003740093924,0.11393783406791538,0.45073465166611804,2.0587053528987656,3629.381912834011
235,2350,-0.9991936710097606,-0.7548506011969153,0.17194640040776346,0.4496139241096627,2.0604053164585965,3643.723994625034
236,2360,-0.9247743658661705,-0.5100937066450445,0.2742352084792549,0.4487706086323158,2.0617366317453643,3658.059601834044
237,2370,-0.957043818706806,-0.7803433766849897,0.1621053400337515,0.44791181690406745,2.062785717663303,3672.11253462499
238,2380,-0.9533586085109276,-0.6819037520910036,0.2497878214888838,0.446882007868803,2.0639440209083633,3686.049447249854
239,2390,-1.046770864178158,-0.5756360489764225,0.2340504874496453,0.4457607311691414,2.0651465581465165,3700.752288041869
240,2400,-1.009596102877076,-0.5981496327422078,0.26960111074248333,0.444748206316205,2.0668346231903345,3715.176205334021
241,2410,-0.9259200443566069,-0.5359758679897755,0.2721501457524157,0.4438944716074367,2.0682524049294253,3729.4085664169397
242,2420,-0.9283523791082224,-0.8394602707627541,0.09117641124180209,0.44315491343775987,2.069482838696495,3743.870487584034
243,2430,-0.880883188041885,-0.6845066747326821,0.1253800361467367,0.44253713849854537,2.0709717112057273,3757.586136208847
244,2440,-0.8620254471847639,-0.4734735953631941,0.2586729833189628,0.4416971830065719,2.0722534273041395,3772.0714204169344
245,2450,-0.8709129873534955,-0.6650253096979841,0.1670736409782969,0.4409106308014884,2.0737160052729955,3786.1996759590693
246,2460,-1.102642790936784,0.40423867252568674,3.2058361682412846,0.4400453524559788,2.074841328941596,3800.644823834067
247,2470,-0.805751477495849,-0.5746307015342594,0.20870154531465793,0.4392431800180333,2.0761433071419946,3814.8293502088636
248,2480,-0.9822657200182716,-0.5802787635328743,0.24951068104706448,0.4386517720903992,2.0772483581660515,3828.8062997090165
249,2490,-0.9505170916933139,-0.7071254008764235,0.16049768232903983,0.4380608291188566,2.0781344368332837,3843.197121958947
250,2500,-1.0270927737066433,-0.7062535148091761,0.15126765008561724,0.43749354415745856,2.079389217798328,3857.083763750037
251,2510,-0.8541760290928657,-0.6649534306731812,0.11009020158092117,0.43695614477824607,2.0810868734584185,3871.0415925839916
252,2520,-0.8942211872293306,-0.6106681026003142,0.18722944280473275,0.4362320211914669,2.0821567940692893,3885.5061405419838
253,2530,-0.9389177857422695,-0.6649135134162418,0.25948657952132215,0.43555460679939584,2.083636467003564,3899.7605086250696
254,2540,-0.9485221755963211,-0.7553925511183639,0.10509974017762018,0.4348974732204534,2.0847732257144433,3914.110615374986
255,2550,-0.9165593063613109,-0.770367388704907,0.08726675913209371,0.43463749790011574,2.0860619880847278,3928.1234557500575
256,2560,-0.7727028982617297,-0.613188163277162,0.1688517155004536,0.4345173034380943,2.087261277086806,3942.6867536669597
257,2570,-0.9585445578360785,-0.5903804044935157,0.2542560843172818,0.4343903408947424,2.0882271325769315,3956.9765119589865
258,2580,-0.8584902365170892,-0.5706786451374999,0.188213613644268,0.4343652088652265,2.0893974547377194,3971.1666457918473
259,2590,-0.8759546924746786,-0.5803631134273742,0.23974474868964743,0.4343902024019898,2.090673829657539,3985.440509958891
260,2600,-0.869395635027618,-0.6633796882073764,0.1546843328292255,0.4342010692654428,2.0918956064839596,3999.77061662497
261,2610,-0.9170168076450178,-0.6870997711751953,0.13674447003148935,0.4337670749209612,2.0930260052512866,4013.807934459066
262,2620,-0.8965105976410115,-0.6402921025720618,0.22151402083361715,0.4334430033680751,2.0944953915181843,4028.1658809999935
263,2630,-0.9231895448585261,-0.663043420247585,0.20401639786344844,0.43311525850014376,2.0962445215085275,4042.3872969590593
264,2640,-0.9319309545969654,-0.6957585234933541,0.1704100632260186,0.4328562471232495,2.09741717998891,4057.116698167054
265,2650,-0.9384173937445857,-0.6678382553803307,0.19382036243271267,0.4325947531511102,2.098519715552648,4071.747726083966
266,2660,-0.8596445257808032,-0.7486872969561453,0.10871744506272749,0.432712765649464,2.0997490311053184,4086.230823583901
267,2670,-0.9638357947850205,-0.8150009889925205,0.10623597834296306,0.433223016766569,2.1012181512227466,4099.882689124905
268,2680,-0.8881966631647931,-0.7215684445876591,0.12012423527813078,0.4336239501830386,2.1026517210482014,4114.567721041851
269,2690,-0.9300355728337832,-0.668968280515117,0.2325607584841859,0.43425012460487095,2.1043518939622547,4128.879415999865
270,2700,-0.9533369008572308,-0.5673319523735222,0.29271272796645387,0.4349072653016317,2.106123238761898,4142.987484500045
271,2710,-0.8654398358254074,-0.6632884150989014,0.12595737797180312,0.435350737486998,2.108168091163246,4157.368619417073
272,2720,-0.9558296434263971,-0.7706161611311468,0.13547321925099856,0.4357938641004855,2.1093987417686515,4171.645554083865
273,2730,-0.8335134273724334,-0.594355794249645,0.13412795689968762,0.43633202117596803,2.110525498726761,4185.866641874891
274,2740,-0.8384508029406383,-0.6907549015641724,0.13555747780383393,0.4369855549516835,2.1116784458745395,4199.8387493749615
275,2750,-0.832144446783218,-0.635431744094385,0.12337151462352851,0.4376035624174732,2.1127019110723473,4213.930029083975
276,2760,-0.928376155492483,-0.6264178156863959,0.22148346936923421,0.4381207663034579,2.1137625801168203,4228.143756208941
277,2770,-0.7978201194987564,-0.5222477661045738,0.13787627590463378,0.43855527986113874,2.1150197018387136,4242.571024667006
278,2780,-0.8241784049855525,-0.5928181885973758,0.21800631721205088,0.4390048697601272,2.116063337640232,4257.059048333904
279,2790,-0.8777933242504572,-0.6666146658404506,0.1937104919875694,0.43931502307410863,2.117465728653303,4271.759763292037
280,2800,-0.964087389713236,-0.5413204248386082,0.2445736372683817,0.4397231627168757,2.118594308025826,4285.895807208959
281,2810,-0.9432625901082838,-0.555010576356687,0.24991696519511714,0.43969569008646886,2.11961223383831,4300.047855542041
282,2820,-0.9478071871065064,-0.5314919987397966,0.23106104507812938,0.4397921656934112,2.121051821152351,4313.970956959063
283,2830,-0.9966448614644348,-0.5819727670897916,0.2396521570525028,0.43969849974359815,2.1220762040127825,4328.068749875063
284,2840,-0.8238014089024128,-0.4394387354175181,0.20581038650750316,0.43954396100330995,2.1237862771123006,4342.446307874983
285,2850,-1.015467827766968,-0.6293763748620973,0.24502789869572417,0.43923387120375573,2.124851639639728,4356.822603709064
286,2860,-1.0496389203977818,-0.516423805518351,0.25431605773161364,0.4388441197936468,2.1260062710657692,4371.359792500036
287,2870,-0.9836757379083769,-0.7320443454319004,0.2280643445980783,0.4384390676434939,2.127103624329032,4385.575086291879
288,2880,-0.9938741767109214,-0.5972028087540234,0.2439902657808709,0.4382206672512124,2.128512612907227,4399.774362375028
289,2890,-0.9100451604274173,-0.6563715988456722,0.17588475968085235,0.4380491090158707,2.1298095173318097,4413.9984177919105
290,2900,-0.9313686044324516,-0.6606313222488135,0.1710065708008501,0.4375703786322972,2.1309792043590603,4428.033980333945
291,2910,-1.0063210909828868,-0.5773611790872951,0.22947351304500085,0.4371052236233999,2.1320693282731136,4442.109047167003
292,2920,-0.8337999800035174,-0.4677348846371078,0.22715394535819225,0.43668568478274306,2.133937078628062,4456.515305291861
293,2930,-0.9409142911697836,-0.6626660744705456,0.1766631273787235,0.4360165528776193,2.135227873364178,4470.613455541898
294,2940,-1.0444241976968192,-0.7099139201339447,0.18336410034751754,0.4355751111189641,2.1364058922127462,4484.419613417005
295,2950,-0.8514662488456768,-0.6551079249638063,0.1550154132751509,0.4348492987154555,2.137511519021466,4498.5121712500695
296,2960,-0.9969078605735611,-0.7679700056335466,0.12817631922047185,0.4342264568377316,2.138586836502022,4512.9524389589205
297,2970,-0.9425377262140682,-0.6444843823399705,0.17892432153082596,0.43376939318230356,2.139477559750947,4527.109721584013
298,2980,-0.9197730779288529,-0.6833138164548674,0.2455547750002464,0.4331583387911469,2.1404804358647573,4541.004256292013
299,2990,-0.8600490832221173,-0.4821174372522621,0.23545167003253342,0.4326692080910371,2.1414986335254467,4555.145818874938
300,3000,-0.9670119545204576,-0.6940527631717595,0.1978052942530183,0.4320595235440373,2.142082311311378,4568.830143416999
301,3010,-0.9281063534420078,-0.4835514817781042,0.2789468874876391,0.431408466543254,2.1426878478760436,4582.704663167009
302,3020,-0.8639585660512337,-0.66024163930214,0.12686506974203846,0.43045257938139514,2.143323328306325,4596.468144000042
303,3030,-1.017428797934616,-0.6666820604690883,0.17649766774825854,0.42983428731271117,2.143954633570889,4610.5292704589665
304,3040,-0.8329823379983745,-0.5817128298146925,0.14784748002847437,0.4290300550702044,2.144417964339635,4624.5836974170525
305,3050,-0.8708129366648416,-0.5513080666586664,0.22073731016633605,0.4283297362511771,2.1449913945796304,4638.8112204589415
306,3060,-0.968468565513227,-0.47238797391432674,0.22324724633069623,0.4276885523696359,2.145638355620461,4653.1392775839195
307,3070,-1.0625788649259933,-0.6857274788257016,0.2202789421588398,0.4274280195453822,2.1460923466647355,4667.131138500059
308,3080,-0.9580872715658124,-0.7421095710744086,0.14933167221592447,0.4274743452420969,2.146718735081299,4681.642370000016
309,3090,-0.9369458973271954,-0.612366471550775,0.25129221089216885,0.42758460037825907,2.1474765656356287,4695.413227125071
310,3100,-0.9059340135923311,-0.6341318269630845,0.22669119849695765,0.42780340251044063,2.1477431399666855,4709.601226249943
311,3110,-0.8570885513529269,-0.5664672113095296,0.20218355777140737,0.42793971835677946,2.1485400515775614,4723.875204958953
312,3120,-0.8437169346948767,-0.44694249565102895,0.1775399840699966,0.4280274616819628,2.1490817040212398,4738.017503666924
313,3130,-0.7273751252322525,-0.546354175504638,0.12707794099684522,0.4280842906292828,2.1497116781726433,4752.5155308339745
314,3140,-0.7512000792881066,-0.4098764745983434,0.20428795400994731,0.4279775204596196,2.150313858396874,4767.127107833978
315,3150,-0.7999563771697877,-0.6393776545706734,0.10950558981926757,0.42773597907662547,2.1506666590720016,4781.108730375068
316,3160,-0.8297474409643426,-0.5923272589644586,0.12617684665051138,0.4276777113689394,2.1512365998577634,4795.160681125009
317,3170,-0.7938868406600532,-0.5598010561406579,0.21842625151246936,0.4274974636296223,2.1518200551286375,4809.361555208918
318,3180,-0.7823066210458149,-0.593829782534244,0.15629182598227953,0.42740144498089,2.152586951971835,4823.078775167
319,3190,-0.8605214076393715,-0.5988186095341554,0.23420087342805015,0.4272346453506568,2.1533808123830163,4837.303763041971
320,3200,-0.871914224518445,-0.6825217306652945,0.14729625289580775,0.42695684003370504,2.153882582685754,4851.017599208979
321,3210,-0.8372973745292649,-0.6201392546394684,0.20044813305481177,0.42648404158934455,2.154306226770424,4864.816284833942
322,3220,-0.8825120165517575,-0.7573176639134664,0.1257594832083226,0.42592767631529127,2.1549323056199547,4878.669990416849
323,3230,-0.8790485439689588,-0.6997397174151466,0.13241128187484408,0.4255068778865568,2.155554777042644,4892.535308749881
324,3240,-0.9651517636545819,-0.7584508003209549,0.17060512978805353,0.42508249946549587,2.1560349404546213,4906.645803999854
325,3250,-0.9074331513662033,-0.779237440612722,0.12369189462131172,0.42483962600338754,2.156456765312081,4920.585062874947
326,3260,-0.8680450358376159,-0.6605616412051927,0.14772156999074235,0.4246275349335753,2.1571516525490115,4934.823550625006
327,3270,-0.6979717117800748,-0.5211594199559894,0.12111720150934334,0.4243691355106052,2.1574971600609185,4949.202660458861
328,3280,-0.8001437214953802,-0.6076176876715865,0.2570519017766322,0.42391027931537123,2.1576619954700633,4964.432250750018
329,3290,-0.7895212205284592,-0.5663782517241006,0.18811440890637543,0.423395115102798,2.157899445782735,4978.767760833958
330,3300,-0.9078516393029687,-0.5500988144430965,0.27002155188386623,0.423033682388449,2.158335798116547,4993.102546917042
331,3310,-0.869016655292687,-0.6252009793902179,0.24650550577409272,0.42242450002210286,2.1586472450013696,5007.404116624966
332,3320,-0.8042665513930523,-0.5302648594754121,0.1982413460249231,0.421861820010402,2.159101803992066,5021.529688209062
333,3330,-0.8654691207417633,-0.6123136984042556,0.2377237783230955,0.4212527384799217,2.159388356571782,5035.841832041973
334,3340,-0.9029824289687758,-0.498934607241308,0.2770867047063412,0.42069173397468046,2.1596696378607754,5050.596264749998
335,3350,-0.9121745676525768,-0.6704492615716117,0.20124057498520492,0.42010988371153035,2.1597318930258838,5064.669425209053
336,3360,-0.9074435459854175,-0.6484303800187547,0.20285054623990684,0.4196531392463157,2.159836185270208,5078.84879458393
337,3370,-0.804429873706944,-0.5992445106695884,0.17793655541640807,0.41919194718021013,2.1600169434228347,5093.148253584048
338,3380,-0.9194681081287976,-0.5728734442721855,0.25133990434346654,0.4187208022850436,2.1606792913217703,5107.308916084003
339,3390,-0.9748860834357211,-0.7987404348946112,0.1344272640134045,0.41822127871329534,2.1609312773033222,5121.082074666861
340,3400,-0.9276642735689,-0.7462370777928136,0.12096471069279949,0.41791310172552393,2.1614922116949584,5135.4170090418775
341,3410,-0.9851419533544847,-0.7358922226552952,0.14324540794575177,0.4176507035864125,2.161636390427265,5149.483120374847
342,3420,-1.066445077690756,-0.6985127882965468,0.2402827046105828,0.4171646476801821,2.1621354023797132,5163.721547459019
343,3430,-1.0169312632934595,-0.6104179202046526,0.2764741367443667,0.41682733857554544,2.163156084038813,5178.01979762502
344,3440,-0.9981113890756275,-0.7052730680513564,0.19548746865216524,0.4163651845287477,2.1638052083697183,5191.927383041941
345,3450,-0.9821483584712816,-0.7360427500040093,0.23551706017178672,0.4155050061797989,2.164050316252886,5207.729676958872
346,3460,-1.0436048743058777,-0.7625968204521867,0.2671942189170385,0.4146186454707949,2.1644053216955,5224.52165337489
347,3470,-0.9989942609911253,-0.7522088598622404,0.2433741731897227,0.4137655181325017,2.164462100442013,5238.689600917045
348,3480,-0.9664399045299579,-0.6256163208974753,0.22839543591777314,0.41303284641751403,2.164753676816046,5252.386124291923
349,3490,-0.8480958572985582,-0.62825107940584,0.24253117541216881,0.4122649902783989,2.1652901196131755,5266.729437874863
350,3500,-0.8984910391482535,-0.6751122995973317,0.23532077780435853,0.4111685175588886,2.1656299494395217,5281.61055699992
351,3510,-0.8198451014387098,-0.6177654950467428,0.1815083626485324,0.41020011842361526,2.1660263881976194,5295.896232416853
352,3520,-0.8012639322516302,-0.63230322284087,0.1306035794989219,0.4093852423891644,2.1665799155327528,5309.994098125026
353,3530,-0.8807147168056328,-0.6845827059495802,0.0935551539129446,0.4083425190676308,2.166772272740098,5323.728633583989
354,3540,-0.8905757298857093,-0.6603345537150132,0.17742246624875102,0.4073932599398445,2.166944215565206,5337.737522125011
355,3550,-0.7590126794166547,-0.49360718216532984,0.17408358598402698,0.4065201436048012,2.1669432391262484,5352.313011708902
356,3560,-0.8603444412924075,-0.5879571501686015,0.23994561962768868,0.40566495934545077,2.167757236304836,5366.304110375
357,3570,-0.8486205201670431,-0.6006866547577736,0.21266421790963813,0.4049658682721703,2.1680026197370568,5380.561268124962
358,3580,-0.8254860395965622,-0.48493744075025036,0.21345360751994258,0.40437168093051895,2.1681750926274517,5394.838674791856
359,3590,-0.8966920723867311,-0.6831563544061584,0.203194312927343,0.40414420085762137,2.168355334656373,5408.9982382089365
360,3600,-0.9360132281596236,-0.5059205235341409,0.2976107721957131,0.40413386571142396,2.1685064083605456,5423.553670709021
361,3610,-0.8628797928553711,-0.6198975139989542,0.1844177585451386,0.4039717378060724,2.168742119846355,5437.695782084018
362,3620,-0.8599107279537606,-0.6543373588151703,0.14630982127877232,0.40398251035061056,2.169104480847643,5452.036156666931
363,3630,-0.8791368029698354,-0.7598687745944246,0.12053595329126417,0.4038537173851136,2.1692775042430283,5466.281729416922
364,3640,-0.9232397909823824,-0.7390025930360344,0.1634849088842245,0.40379408522822186,2.1696677152739543,5480.36012633401
365,3650,-0.8004699424407544,-0.6527050777432587,0.165848323785969,0.4034525827832913,2.169809943719697,5494.62717424985
366,3660,-0.9158032665860603,-0.615025313706499,0.16665495745154926,0.40309642248617333,2.1699996663854666,5508.8260751669295
367,3670,-0.9393111902845304,-0.6465387614905241,0.303059501222133,0.4027557372104508,2.169955983538658,5523.2158737089485
368,3680,-0.8877779037537143,-0.5474171855929334,0.23354831666648576,0.4023918041279331,2.1701892062349915,5537.351074416889
369,3690,-0.8747994295011345,-0.6172379759904507,0.24469310469967948,0.401806173793036,2.170348161118886,5551.965703167021
370,3700,-0.8277898921911628,-0.2939656092564588,0.22347368383889205,0.4011993400636732,2.1704798487979016,5566.603614666965
371,3710,-0.7644103747381896,-0.5743023160156354,0.16556065456481842,0.40053466807893956,2.170647301609491,5581.252180666896
372,3720,-0.9221717170891326,-0.5421529486781538,0.2070822898426397,0.40001391698293565,2.17090828071701,5595.4962637498975
373,3730,-0.8892674998749763,-0.4880578306060122,0.2641421540774666,0.39957469739390883,2.171098705872655,5609.63539916696
374,3740,-0.8833307617239745,-0.4905360429606177,0.29119055367604085,0.3991427715725895,2.171410193248766,5623.856521792011
375,3750,-0.7574267028575496,-0.5141752245757008,0.18221821144820474,0.3984314849315256,2.1717862243269246,5638.65163320885
376,3760,-0.8733263641039519,-0.6319726337510418,0.18782543736185217,0.39767761150186676,2.172069433509874,5652.63007620885
377,3770,-0.8524093985672252,-0.5371549342774231,0.23690762811276322,0.39692756513618394,2.1723611890226553,5666.879958875012
378,3780,-0.892959663464735,-0.5519295518199756,0.20449394228931891,0.3963380895496912,2.1727764571958894,5681.356526041869
379,3790,-0.862688412051912,-0.4877297816899258,0.2455917220162827,0.39554804544214145,2.173090454927349,5695.603678334039
380,3800,-0.8518512382653141,-0.5510586203614432,0.2020804490973272,0.3946279615983267,2.173525811373113,5709.490550749935
381,3810,-0.9675984814577987,-0.6333005875534066,0.2136461439653277,0.3938227480883638,2.1739534089628108,5723.470864333911
382,3820,-0.9223361346408661,-0.5216164813001734,0.2436795444609425,0.3929573201787158,2.1742563665790113,5737.7759447500575
383,3830,-0.8468880204349727,-0.5015874057434682,0.23862430925241238,0.39205536368211835,2.1746144080658216,5752.299011999974
384,3840,-0.970378060358251,-0.6690738394930927,0.15263654731835186,0.3913354196392767,2.174745934964702,5766.611297416966
385,3850,-0.5953669824653876,-0.364675865238285,0.1588423076745963,0.39062632471012093,2.175584036442495,5780.936347249895
386,3860,-0.8269799011643979,-0.4983580941963438,0.17923078334132933,0.3900644421839369,2.1760182208896914,5794.760944542009
387,3870,-0.8086010197144544,-0.3420877487749284,0.23322578818493436,0.38946632935675063,2.176596163186907,5809.135134999873
388,3880,-0.9357480799715789,-0.4863080470304526,0.2183254390759208,0.3888368303459208,2.1778149220692984,5823.538689666893
389,3890,-0.7767426313759831,-0.4385483081499174,0.20647339194486833,0.38816332354780847,2.1788537277731437,5837.8220415420365
390,3900,-0.6509201971855401,-0.33131257947045223,0.23014915889712984,0.3876105363021007,2.1801910224676213,5852.519580208929
391,3910,-0.45155031136885704,-0.31835447013423934,0.10479174560697724,0.38703033241853924,2.181006412161816,5866.735675459029
392,3920,-0.5603111206654585,-0.29872653547765937,0.18846378885243806,0.3863179604543579,2.1817425980258522,5881.403890958987
393,3930,-0.7668174546710596,-0.45893588708333566,0.17911202923422828,0.3857471608078651,2.1823833790719345,5895.58068662486
394,3940,-0.850638083423461,-0.47297071884623626,0.2122431068197758,0.38524069027399627,2.1826780573457443,5909.7929825838655
395,3950,-0.5620425430720593,-0.39410678119994086,0.1646474109771073,0.3846550639695584,2.1830785902790617,5923.911872958997
396,3960,-0.6156937971264647,-0.42019683930475155,0.16481512137768742,0.3838621361945675,2.183700853402977,5938.350122042
397,3970,-0.8635363077535834,-0.4719523131344355,0.27259596936485797,0.38290513970992135,2.1844868901376286,5952.795041458914
398,3980,-0.8339951625907913,-0.5505938648014005,0.16229455059583162,0.3819138008889796,2.185135601683983,5966.805579209002
399,3990,-0.9482506003955207,-0.5224774302503292,0.2559026176163226,0.3809703501689987,2.1858436280620714,5980.641402124893
400,4000,-1.1122815200491827,-0.6772210894521242,0.30717940033112345,0.38012726519899254,2.1870705368044,5994.700004250044
401,4010,-1.0395387842484087,-0.6887521229492096,0.295155763195853,0.3792763293905392,2.1878364032992477,6008.8474144169595
402,4020,-0.9148611196011078,-0.6009308178888175,0.2414047166115474,0.3784964124069568,2.188533127113987,6023.175344249932
403,4030,-0.9465740550592718,-0.5965257831608699,0.32736765700726317,0.37769640521491427,2.1891202183317255,6037.761424917029
404,4040,-0.9496742416113175,-0.5371117181386011,0.28580491379671386,0.37683176889603476,2.1896277872637526,6051.986949374899
405,4050,-0.9480589046419228,-0.5530681077595371,0.26173177813861953,0.37643314624176305,2.1901352630226003,6066.447995000053
406,4060,-0.9542142935585378,-0.5335493334820497,0.28305548772016464,0.3760947213421216,2.190634056151984,6080.835019958904
407,4070,-0.83483379341292,-0.4596513278885889,0.2482851965289385,0.375865298285653,2.191278378991261,6095.203244166914
408,4080,-0.9382508630563953,-0.6965610633497987,0.19969636544674527,0.3757963548634543,2.191753755553833,6109.1359373750165
409,4090,-1.018989404163575,-0.7760559243675887,0.16304423735905077,0.3756561923678173,2.1919789130654332,6123.289169250056
410,4100,-1.0390837985482282,-0.5042529198792004,0.262096136228001,0.3753757645629887,2.1925497792942705,6137.842191749951
411,4110,-0.9252959946043644,-0.5548810906159549,0.29838688512872136,0.375125782669701,2.19304134593458,6152.124096791958
412,4120,-0.944031271458031,-0.7403956963609531,0.1460694738605611,0.37470166823846945,2.1935457490768244,6166.400606292067
413,4130,-1.0225990385157617,-0.843279937108596,0.16539865076859483,0.3742150539773289,2.194042319011799,6180.8998440420255
414,4140,-1.0801657953746515,-0.5484225023586208,0.2900239788888199,0.37376284520014463,2.1943879725255813,6195.17706050002
415,4150,-0.9788593841754523,-0.5768166543348926,0.41802257466325965,0.3731432068696136,2.1949465210147223,6209.35679733404
416,4160,-1.0484381598103623,-0.5308266710175984,0.4164149001677472,0.3722909257883633,2.1950990947360003,6223.949997500051
417,4170,-0.7898398917602227,-0.3955302585076832,0.27388094431447285,0.37145206157434746,2.195472455990036,6238.4471179998945
418,4180,-0.9063915666518358,-0.5674722588988448,0.24488598216474353,0.3705547357608471,2.196275622411027,6252.583837291924
419,4190,-1.0393359012985526,-0.5947146410441582,0.29405702783917526,0.36961571514129987,2.196363408712622,6267.094794249861
420,4200,-1.1494810541673859,-0.551263926107175,0.23433738809084304,0.36881078073002993,2.1968898868258053,6281.273870917037
421,4210,-1.0641673701738448,-0.6637953412496997,0.31305391135174554,0.36820294153304584,2.197305999532801,6295.483658666955
422,4220,-1.0527194613088255,-0.6059200176690533,0.2663135866438603,0.36736265846638555,2.19754905222436,6309.511733042076
423,4230,-1.1644650249800659,-0.7110587586062569,0.31506593609697947,0.3665448579842693,2.197742092224799,6323.928714375012
424,4240,-1.0702047275889317,-0.834588327492364,0.25315247162014826,0.36578071325636036,2.197979892952687,6338.06298037502
425,4250,-1.112767609314167,-0.7497134372517087,0.2860731253986888,0.3647542606251066,2.1982006979923456,6352.160106249852
426,4260,-1.0043098397952566,-0.7299796399088796,0.3310551426772064,0.3635762023063926,2.198473982856246,6366.023300250061
427,4270,-0.9957594710261759,-0.7164135116277573,0.16276847418611318,0.36285080779467993,2.1989439995201066,6379.969896999886
428,4280,-1.0402274699051093,-0.7604971412272791,0.1727411526156211,0.3621144097406627,2.199046136483468,6394.197903791908
429,4290,-1.119966998714422,-0.6359301759368472,0.35854843885527854,0.36156669415242404,2.1992081779790325,6408.612560499925
430,4300,-1.0614280101675941,-0.6926629365489064,0.3335482057493099,0.36105539981102236,2.199613329835695,6423.081576624885
431,4310,-1.0171352363468795,-0.7289320647024496,0.19297948106842072,0.3605447000936805,2.1999029297172785,6436.885454458883
432,4320,-1.089780870834515,-0.6481109419095494,0.40833454079600084,0.3604001396087733,2.200437744198969,6450.9689349590335
433,4330,-0.9948004274947309,-0.7053106138084028,0.23037628184857162,0.36008031326436235,2.200694658828044,6465.446375624975
434,4340,-1.0261170695307982,-0.625276504535338,0.30441349883642976,0.35979238577468037,2.200921055780809,6479.9049047918525
435,4350,-1.1389001778061756,-0.6413640862573259,0.32869441040878383,0.35938256194838003,2.2013192193944726,6494.1687163750175
436,4360,-1.1096618338972242,-0.6333735614404276,0.3524909582909552,0.35888887214013176,2.2015399395997823,6508.553866583854
437,4370,-0.9928404383771996,-0.6815185119636146,0.20012950977156574,0.3585060101508048,2.20198181962314,6522.511418999871
438,4380,-1.0402234456897599,-0.6706974582439842,0.2179412311879022,0.35813596182396173,2.202448664239779,6536.338000166928
439,4390,-1.0278567066318365,-0.639937600433406,0.22942533212522673,0.35767022696218914,2.202736057581472,6550.3549228750635
440,4400,-1.0408973805520674,-0.8152717553876663,0.17863515011607026,0.3573635835454526,2.2030083290193616,6564.401700000046
441,4410,-1.0817031318298547,-0.6609638405665097,0.2708754781388064,0.35716538146412874,2.2034577607847425,6578.353845417034
442,4420,-0.9153680380862932,-0.5044870610439074,0.27709217850010726,0.35706817160320853,2.203661451925972,6592.863474166952
443,4430,-0.7117631329994936,-0.4007495950082739,0.17850055754226873,0.3571927830669288,2.203764286602444,6606.8401251249015
444,4440,-1.010109501286614,-0.8036594067559714,0.1713921520829622,0.3573883127410232,2.203935041323764,6620.543250333983
445,4450,-0.978534693309669,-0.6379500207440014,0.2660639143734876,0.35771447708403425,2.204407803353313,6634.510782208992
446,4460,-0.9320999698240149,-0.7334714530807857,0.19924872180782738,0.3578885031680325,2.2043193719607093,6648.343698083889
447,4470,-1.0548981450005774,-0.8080200301361142,0.24911224909712132,0.35785120733841175,2.2043986509990647,6662.719294250011
448,4480,-0.848195159467731,-0.5370231853364704,0.20800882759370112,0.35775796927617176,2.204496198540131,6676.5646089590155
449,4490,-1.085494922316112,-0.6106671558200973,0.2836044418802762,0.3574000444895656,2.204594235142711,6690.5833991670515
450,4500,-1.080810479157722,-0.7246300919057156,0.2557499586096716,0.3568807787520727,2.2047047339867816,6704.498951541958
451,4510,-1.1067101763883889,-0.6014030460211021,0.3552358115468776,0.35632256754125735,2.2048932199699838,6718.918013583869
452,4520,-0.9426471152806188,-0.7385433977861232,0.09943601187548512,0.35585538159945185,2.204988695448006,6732.851715500001
453,4530,-0.9547447652391545,-0.5349264965750349,0.208182306036563,0.3553164881311444,2.2048433130621823,6747.110937499907
454,4540,-1.021749068161033,-0.6304910499624872,0.3127362349364771,0.35475525171368205,2.205021140121466,6761.6422402500175
455,4550,-0.8748399167145671,-0.48918758297322895,0.3037663551324978,0.35409358851736167,2.2050607709023056,6776.236950916937
456,4560,-0.9983890025919528,-0.6606175103924312,0.22565169900789586,0.3536173467148787,2.2050116343530797,6790.6549324169755
457,4570,-1.0761753706201347,-0.7577972527305648,0.19606343630708664,0.35305639939993816,2.205071758686736,6804.761022625025
458,4580,-0.9521426687894703,-0.43403775897421254,0.24067440043068225,0.35252814193600335,2.205031077693412,6819.096217416925
459,4590,-0.9007919288409685,-0.482373632784013,0.2845472454061966,0.35211513367867486,2.2049900097361292,6834.513736583991
460,4600,-0.8428411083564287,-0.49245885829686653,0.22962953224133878,0.3515953699210607,2.205122740518568,6848.757116166875
461,4610,-0.8218511652616058,-0.5918873451885067,0.14921900013628547,0.3510955049538742,2.2052820714956307,6862.542792167049
462,4620,-0.8775493991291663,-0.666031342692262,0.18335188890122986,0.3506928076238427,2.205524386631122,6876.14569820906
463,4630,-0.9283058617950202,-0.5305785201373093,0.278824766129083,0.3501040831455474,2.205617499888455,6890.319831583882
464,4640,-0.9914904923783334,-0.4951265497305723,0.2682827917803073,0.34956068954238645,2.205701778600127,6904.431828459026
465,4650,-0.8719290437855429,-0.6066681189693302,0.22025141665380663,0.34904655823862923,2.205956874631797,6918.744627750013
466,4660,-0.8872090325609037,-0.5907482102223033,0.18010272659839618,0.34881520819246603,2.205996392778733,6933.166433749953
467,4670,-0.8685744555708554,-0.6112369140146783,0.20527831543099165,0.34868666041264684,2.2060274126818884,6946.9583787499
468,4680,-1.006568185999785,-0.5739293477527173,0.260491729110417,0.3484998991603879,2.2062528161843225,6960.991326999851
469,4690,-0.7896560115049418,-0.545817756036808,0.20779292011572287,0.34820346240493194,2.2064222191437186,6975.219826749992
470,4700,-0.8889289648219725,-0.4150879916172082,0.219867134931016,0.3478734870118277,2.206544638724135,6989.671958999941
471,4710,-0.9072023022357651,-0.6062154154044159,0.2096764532392699,0.34761713314843184,2.20662229210528,7003.554847375024
472,4720,-0.7914385833495379,-0.4077340861785325,0.142706970836352,0.34740176889608826,2.206834135030705,7017.443967750063
473,4730,-0.897236229150594,-0.40610307714951555,0.23312869907409395,0.3471600683985399,2.2068009792597465,7031.510387042072
474,4740,-0.7515177120262049,-0.45825353631767163,0.24437551441431885,0.3469901041407343,2.206926375334962,7045.773483624915
475,4750,-0.5800312272795374,-0.39378532211561196,0.14859575924375562,0.34675087353720185,2.2067277454101415,7060.154244416859
476,4760,-0.6926953512451517,-0.4603128861950146,0.20601014741833518,0.34633494896530853,2.206935488758696,7074.650456459029
477,4770,-0.6637528153011791,-0.42653953860761884,0.16129111199745028,0.3458676092631093,2.2070384551845095,7088.7451077089645
478,4780,-0.8009333043880646,-0.6066406387195511,0.2033779762403636,0.34527683588920904,2.206989765815006,7102.279584625037
479,4790,-0.7361064707557299,-0.49085957376688727,0.20185554328831917,0.34465261576633505,2.2068302286623487,7116.188586874865
480,4800,-0.7857602339369665,-0.5051372925640699,0.14076054023781961,0.34404846632363817,2.207014100169408,7130.105407458963
481,4810,-0.9972377988748642,-0.6181952186154471,0.17872228322946881,0.34340558953226025,2.206941745983864,7144.211782374885
482,4820,-0.8796536929362917,-0.5342806199901243,0.15096358811387076,0.3426404849741111,2.2073062962828343,7158.046735042008
483,4830,-0.9157465954862944,-0.5476882362388873,0.21650390469450348,0.3420785838931409,2.2071941096379466,7172.220598042011
484,4840,-0.9966997638105486,-0.5453899237246304,0.2279598817807326,0.3416927729217566,2.2073033413071985,7186.383425917011
485,4850,-0.8389259401056934,-0.6763010237806193,0.16058974764668676,0.34142204733864434,2.2072118179463787,7200.633588041877
486,4860,-0.8213074742193145,-0.5514330964792147,0.20546158538042208,0.3411741297431412,2.207218033278673,7214.580726000015
487,4870,-0.8329817142188816,-0.45038812809973805,0.25661153210968796,0.3408703926566809,2.2074277227874735,7228.691130124964
488,4880,-0.9141520314493112,-0.5569514240019035,0.29301280551312114,0.3407363829636191,2.207384394493592,7242.776027374901
489,4890,-0.9007972313249946,-0.47063724549796626,0.29773687403963933,0.34065878986531206,2.2074197610131687,7256.885553542059
490,4900,-0.9354210894257058,-0.5848817526292892,0.29850856473856696,0.34028167056177083,2.207395764136916,7271.117375249974
491,4910,-0.8963559187560621,-0.5603164966167281,0.2643957546487872,0.3400032935192442,2.2073050327394177,7285.519408124965
492,4920,-0.8629408232951628,-0.5287166470104137,0.2705411589738664,0.3397642224362361,2.2073517470098243,7299.710416124901
493,4930,-0.7477224604756421,-0.5054888586004261,0.14506353321122717,0.3397176858951285,2.207301229075493,7313.772210333962
494,4940,-0.8588576294588242,-0.4969884106012271,0.21630130896969185,0.33991307077019806,2.2077140147769883,7327.781466084067
495,4950,-0.8515713329285326,-0.43956732665075143,0.28169500326474156,0.3400993018166869,2.207917908451486,7342.424708583858
496,4960,-0.8419962435921358,-0.5159234933758774,0.17444406490221417,0.3403822031801436,2.208043054362227,7356.550693874946
497,4970,-0.7963698921731179,-0.5643720472488256,0.20423408028676976,0.34053067986668206,2.2081699208287118,7370.836399500025
498,4980,-0.8393444989880328,-0.542115909855488,0.26637811259646077,0.3409338097136859,2.208266339479029,7384.919266917044
499,4990,-0.8371537608378521,-0.47069438621002807,0.23940434803852403,0.34145992927479096,2.208384432536675,7398.885093374876
500,5000,-0.8165829866304621,-0.5915566749001537,0.24185979678002345,0.341954929855952,2.2083052831023373,7412.710208874894
501,5010,-0.8097850886861595,-0.4860646773830003,0.28561644286770044,0.34251669283876524,2.20843953679551,7426.705455041956
502,5020,-0.8188071418136724,-0.6563781199941298,0.17056073175017084,0.3429935322763687,2.2084889288580367,7440.740889583947
503,5030,-0.8061294669890353,-0.5506305481144491,0.27000862114143775,0.34342445601076715,2.2086099433890523,7454.212728125043
504,5040,-0.9066357610054743,-0.6674783221826187,0.24593047233187132,0.3436820970784853,2.208569780598403,7468.392099749995
505,5050,-0.7862545049284568,-0.5716549507243978,0.16651342454701415,0.343838084021297,2.2086431017366084,7482.417191667017
506,5060,-0.8367961481212731,-0.6303547646106255,0.1890123584358473,0.34398690128210346,2.2086921767509513,7496.396385999862
507,5070,-0.8260938823702606,-0.655114561310307,0.15802908812228045,0.3441347021725089,2.20869173142896,7510.235148750013
508,5080,-0.8702772848252893,-0.7178050815276669,0.14866651145429632,0.3440744249363048,2.2086508621911296,7524.07668004185
509,5090,-0.8564133786267094,-0.7194933210268848,0.12916198716990251,0.3440896770537248,2.2086746224495775,7537.729754499858
510,5100,-0.9729765608735814,-0.7717317830543046,0.09499034852858616,0.3441951828014612,2.2087442949799003,7551.813987166854
511,5110,-1.0171598871990657,-0.832765547242257,0.08475216991765647,0.3442909963171209,2.2088989039150864,7565.583042416954
512,5120,-0.9067377630180795,-0.7558850166978964,0.14386873797429914,0.3442839059613959,2.2088790366992743,7579.593031208962
513,5130,-0.8633078959163498,-0.7353176679210637,0.13119856465136365,0.34431573479673105,2.209298754022025,7593.584997209022
514,5140,-0.8710023728699925,-0.6872595936259204,0.18048608645489989,0.3442119604858792,2.2093034648857492,7607.476888041943
515,5150,-0.9388962777052967,-0.6218740513816171,0.26116884831715664,0.34416172211239954,2.2094563923164254,7621.179226709064
516,5160,-0.873701788997578,-0.6994782225663629,0.14964933404756336,0.3439389495012937,2.2102792278772148,7635.390702958917
517,5170,-0.8714215919213988,-0.6992477777262993,0.15371322370704785,0.34378454459258506,2.210285494041623,7649.455840708921
518,5180,-0.8735581526027367,-0.7447558540583079,0.11112303669776728,0.34340203253730067,2.2105443706240373,7663.16389325005
519,5190,-0.8882957019133517,-0.7080061050724614,0.17025181499635894,0.34305876196185475,2.2106716809966507,7677.7788436668925
520,5200,-0.9431227914829465,-0.7624516714000955,0.19437863880454273,0.34252507829174467,2.2109371229302894,7692.20390020893
521,5210,-0.8926590249888262,-0.7090085723607913,0.14411875015908635,0.34192138505109754,2.211197824798204,7706.703261167044
522,5220,-1.0057977904882227,-0.8485593336269446,0.0940921791396298,0.3411275090907861,2.2111699528277153,7721.330854583997
523,5230,-1.0595661129315612,-0.8789246138724135,0.09086663564252721,0.34049463596400886,2.2111374877964907,7735.58951254189
524,5240,-0.9085427334771801,-0.7113995549280251,0.1309163778131924,0.3399766601981283,2.2115392134058243,7749.856082124868
525,5250,-0.9753039003579067,-0.7299612676911447,0.18140355726407045,0.3394994810568063,2.2116197099044577,7763.532064042054
526,5260,-0.928616437452833,-0.8272531525081839,0.0680371987342307,0.33909967179060707,2.2116392941361487,7777.405942250043
527,5270,-0.8957009174342891,-0.7472164354403734,0.11515163438414405,0.33866739948917896,2.211788599138854,7791.180687959073
528,5280,-1.039824718295324,-0.835877569721298,0.12058336140564452,0.3380382146558223,2.2118956446214506,7805.0873848749325
529,5290,-1.0203445042587536,-0.8197154861342021,0.140949198624849,0.3374022045939869,2.211868041210981,7818.982296916889
530,5300,-0.9493266245290997,-0.7195094286902777,0.12565195980398924,0.3366533888604955,2.2124060008674613,7833.115038916934
531,5310,-0.9894164962504544,-0.7869086228687872,0.1455011125406526,0.33584654346547455,2.2125897026321537,7846.962156333961
532,5320,-0.9547672920029457,-0.8021268628257918,0.09705716288794788,0.33502275293458184,2.2126743040238326,7860.720553374849
533,5330,-1.0430963453536721,-0.8373744942916488,0.1415688083576945,0.3342404013226426,2.213005165138302,7874.665933334036
534,5340,-1.106670734876908,-0.8236955206519138,0.20088042205276135,0.33357923873578676,2.2130679102396917,7888.65391791705
535,5350,-0.972162632443994,-0.7419414910030675,0.1743222057085105,0.333016676651273,2.2132998135296713,7902.68184270896
536,5360,-0.9399928321113986,-0.8181100586858131,0.09973147349618268,0.3325776103240295,2.2136176146330335,7916.881570291938
537,5370,-0.884229982979102,-0.711440512360549,0.14604924194871477,0.33208948783012876,2.2140356328818123,7930.906747124856
538,5380,-1.0269887728269795,-0.7358341086836484,0.13149962939767576,0.3317254637070171,2.214393480158433,7944.9182719169185
539,5390,-0.8859703441990758,-0.6747966139016395,0.22632366389971456,0.3315049525620202,2.2149093566542786,7959.154164874926
540,5400,-0.9293129275236645,-0.8007204440441127,0.1610046843539679,0.3312592130068009,2.215213551684866,7973.217726999894
541,5410,-0.9231298397191336,-0.7539601091267102,0.18843688423155613,0.3310644211302611,2.215388606335569,7987.512952708872
542,5420,-0.9421759511798466,-0.8028102305568007,0.16026198042692796,0.3310310959444737,2.2155993367715263,8001.32488900004
543,5430,-1.0396517029194383,-0.7976250495370275,0.1978246719504659,0.33070719578088503,2.2159231623977345,8015.408200583886
544,5440,-1.009173423698705,-0.7887518687323885,0.16711859095281306,0.33039132089721135,2.2162851775125714,8029.696383999893
545,5450,-1.0245955128821125,-0.786567496332671,0.26630698341362213,0.3301570335590537,2.2164916804315467,8044.244675958995
546,5460,-1.0690350138324645,-0.8913571800330086,0.09023150420506217,0.32984991557066734,2.2168613890860582,8058.667197542032
547,5470,-0.9560043423159419,-0.7996082022344404,0.1358348965936085,0.3295917289443646,2.217132739215424,8072.619423374999
548,5480,-0.9422987358981842,-0.7130409212468981,0.2799560481696436,0.3292497257871306,2.2172256552158482,8086.644692291971
549,5490,-1.0148678161756353,-0.6838371267446404,0.3303986465377717,0.3288818347972415,2.2176275806071115,8100.560993500054
550,5500,-1.0223918921358086,-0.7316711367559071,0.22193189226279483,0.3285856699976659,2.2182120281356195,8114.609633709071
551,5510,-1.0362471998678178,-0.8209201048039259,0.15107309797471685,0.3283151451297977,2.218708242513824,8128.741821750067
552,5520,-0.984055151896464,-0.7417779787992361,0.18509832297701131,0.32801004790636,2.2189939720817478,8143.071143166861
553,5530,-1.0281051809059214,-0.7310086516739699,0.22976665789130302,0.327714990685192,2.2194853234272633,8157.281171333976
554,5540,-1.0633967521328946,-0.8250342544391274,0.15123734090923244,0.32741291053362936,2.2197320764349375,8171.275325083872
555,5550,-0.8817009906754478,-0.7830979850237539,0.07989609078148315,0.3272115354867893,2.2203325695277587,8185.330494249938
556,5560,-0.8774272277148638,-0.737190219657337,0.09178292850226051,0.3270584174862532,2.2207805556744047,8199.178562541958
557,5570,-1.0655539925607904,-0.7960004347633691,0.18567324692991669,0.3269909644905867,2.221004321975916,8213.52693237504
558,5580,-1.0179748100644375,-0.8262310021338717,0.14143267217032365,0.32686296150604727,2.2216134137984915,8228.071062000003
559,5590,-1.0935928546300842,-0.7645087331423759,0.19080570909035915,0.32672267204202515,2.2218756246894213,8242.226408709073
560,5600,-0.7991296410739057,-0.6020238342156146,0.10924420182762963,0.32662835960553355,2.2221146240927228,8256.899878583848
561,5610,-0.9908380298037525,-0.5941745032354406,0.230707654528779,0.3264846887690979,2.222350898082488,8271.46093366691
562,5620,-1.0393709497067851,-0.7449582874906642,0.25655881602751074,0.3264678193533924,2.222715936307442,8286.37532212492
563,5630,-0.9223080502136423,-0.6146215116013906,0.18715574051569053,0.3263601426104854,2.223238843387324,8300.633285499876
564,5640,-0.9634659285456904,-0.6245525858798502,0.24346263851542008,0.3263021797470656,2.2234253452706185,8314.565612667007
565,5650,-1.0530679557786309,-0.5974428034415739,0.31841215022989494,0.3261122850015257,2.2235567345733243,8329.997676583938
566,5660,-0.9713993395345994,-0.7221225567918823,0.13634172895901278,0.3256988623701819,2.2236531024031643,8344.351123041939
567,5670,-1.0089285657305265,-0.7196008718310309,0.2649474585753868,0.32544566969157673,2.2237917559334104,8358.906285959063
568,5680,-0.9894928870561497,-0.7792155314842075,0.20452033634688577,0.3252750153818295,2.223860427522239,8373.160561874975
569,5690,-0.9411885258938506,-0.5695511856214847,0.2868339612100219,0.3252524836248134,2.223912148790995,8388.017188291997
570,5700,-0.7792297090417266,-0.5258949077573749,0.18536641449663782,0.32523960003432967,2.2242308314930375,8402.322367249988
571,5710,-1.0143045681100595,-0.6499288552746536,0.239409538574221,0.32515602274092986,2.2242818722599487,8417.154378833948
572,5720,-0.9690536778770102,-0.5857768101896147,0.23463865767307424,0.3251974938291832,2.2238671482383188,8431.455466625048
573,5730,-0.9770172778347579,-0.7228316946100847,0.2114681672575038,0.325186702095907,2.223915951649256,8445.443485624855
574,5740,-0.9928253534703666,-0.5702136474794963,0.23972177916141005,0.32514860034771004,2.2241236132333144,8460.128392583923
575,5750,-1.003105017214514,-0.6090069429830801,0.27203472716975297,0.32514305653336606,2.2239258620772206,8474.70387941692
576,5760,-0.84523697182098,-0.5399756508041693,0.1833905954241825,0.32523461445151264,2.223826803283179,8489.178425208898
577,5770,-0.8954085091161721,-0.7082830028402517,0.2023654873791639,0.32549197254100365,2.2238832347400552,8503.72111875005
578,5780,-0.8559202182444992,-0.4083778538221302,0.19989014099316138,0.32569456677269076,2.223993117368146,8518.393115916988
579,5790,-0.9339448667153842,-0.6039236709376761,0.23447007953627494,0.32594203179124687,2.2238500464106603,8533.040739541873
580,5800,-0.9144218861127742,-0.6137901499696065,0.21756175228877503,0.3263417201238267,2.22401847924186,8547.158793583978
581,5810,-0.9203952718464112,-0.6184781917491966,0.19638297321221856,0.32651797367634355,2.2240778819575016,8561.139289000072
582,5820,-0.9224050205146863,-0.6132091238913351,0.24527859873034402,0.3267083394181337,2.224092730133789,8575.643572041998
583,5830,-0.9615224047540973,-0.6462939065595111,0.2034448922231337,0.32706220718342743,2.224221951279469,8589.948554249946
584,5840,-1.031857866918819,-0.7668266925796441,0.1961397275660872,0.3271371140799302,2.224248204280248,8604.068660416873
585,5850,-0.904407919656558,-0.6685461716904774,0.19292557640874874,0.3270719365265374,2.224027412609611,8618.753540041856
586,5860,-0.9337693875655155,-0.7183905607605598,0.1763750392413351,0.32705339668563943,2.224578879639854,8633.090696417028
587,5870,-0.923898688449488,-0.6383987017063951,0.21588748875197533,0.32699176762534365,2.2249637082486062,8647.656323999865
588,5880,-0.8503214757162505,-0.5412601896210972,0.17311993577238446,0.3266623193641778,2.2248170130932388,8661.749149499927
589,5890,-0.9074746096983022,-0.5788822762127562,0.22357723659306974,0.32630120558166587,2.224792195916353,8676.520759708947
590,5900,-0.9317534204444078,-0.7320652525411846,0.1891019506803723,0.3258367980679354,2.2249827931509305,8690.612948458875
591,5910,-0.9455433282726817,-0.7377398029887459,0.21592662039819366,0.32531648796803314,2.224964526583742,8705.07954137493
592,5920,-1.0291098188154795,-0.8115085363486181,0.19338615442262708,0.3245543094957576,2.2251295596232574,8719.326972916955
593,5930,-0.9717267621742369,-0.7704144538208493,0.2253565166322344,0.3239653775801299,2.2252744141632577,8733.888885542052
594,5940,-1.0540242550805736,-0.7427854965872209,0.25341284306391476,0.3232569050468885,2.2253332901598966,8748.243072750047
595,5950,-1.0137766479748898,-0.8555032007645638,0.19346377230109943,0.3225383895035586,2.2257805663861334,8762.517523458926
596,5960,-0.9838897494199328,-0.7284429443284031,0.25885863163064593,0.3217255030831187,2.225968768612586,8776.048929749988
597,5970,-1.0286540464260154,-0.8409633161383774,0.22735305374726994,0.3208263333099076,2.2261602126261293,8790.34530345886
598,5980,-1.0586020737777773,-0.9152032076625634,0.08208857767760934,0.31997904331022303,2.2263256604198216,8804.01428491692
599,5990,-0.9681457988154945,-0.747294943623491,0.22165500646113404,0.31905973276729666,2.2264531365407243,8818.85026624985
600,6000,-0.987032734941824,-0.7880058607592597,0.21064376591849754,0.3180976352619668,2.2264998512525236,8833.551243041875
601,6010,-1.0040487912921998,-0.8276611443111156,0.13450050783835843,0.3171056059281889,2.226742080285671,8847.536720792064
602,6020,-1.002325929179606,-0.8012072708087159,0.21764835342869646,0.31623387492996413,2.227232056129828,8861.748305708868
603,6030,-1.029214791797055,-0.8752141278895277,0.08889311919747749,0.31537707614332866,2.227275014725063,8876.10276887496
604,6040,-1.011269647699355,-0.8777941465755392,0.1388691460500276,0.3145362176727491,2.2276917645710017,8890.132850749884
605,6050,-1.0294194767962344,-0.8378877931082938,0.18629419707264533,0.31369074580918355,2.2279705122733455,8904.179987041978
606,6060,-1.01134237479602,-0.7155453459263157,0.25126348664945247,0.3128528156624902,2.2281069759271874,8918.247839000076
607,6070,-1.025114818674549,-0.7986051520931537,0.24620856547815975,0.31208454010897635,2.228284295333283,8932.509319291916
608,6080,-1.0379174276151675,-0.7803363665121411,0.31596834451039546,0.3114957693891108,2.2283081999400385,8946.748413583962
609,6090,-1.0206350074069261,-0.7634171589322123,0.2702901210949037,0.3109648570049161,2.2284642429315618,8961.1032894589
610,6100,-0.9979534767955949,-0.6702750526233748,0.2813200352493311,0.31051144736488945,2.229040947510329,8975.457980041858
611,6110,-1.0414984585792668,-0.861992854949038,0.2564106017631214,0.31003453584371754,2.2292377910680448,8989.779169499874
612,6120,-1.0271381206974661,-0.7216065111339093,0.28507537723831794,0.3094029271279036,2.2298882970860032,9004.105164834065
613,6130,-0.9904811462725966,-0.612479781814445,0.28220307046933324,0.30871783285772997,2.2301130161295135,9018.391350291902
614,6140,-1.0255982258310512,-0.742888193323107,0.30609406706887415,0.308078527908949,2.23045232801357,9032.573401042027
615,6150,-1.1021361230357352,-0.7468490716811933,0.2563421086679747,0.3075527632806676,2.230608213106104,9047.001583500067
616,6160,-0.9726979651995098,-0.5890064618495569,0.27483012977877863,0.3069621177337164,2.2306934203251587,9062.127860666951
617,6170,-1.004041817751868,-0.617655344997432,0.30876085983340457,0.30656742706435,2.230680147996255,9077.10700183385
618,6180,-1.0424798748241724,-0.6818760353482969,0.3202017920825041,0.3062381439849484,2.230961834663011,9091.886577874888
619,6190,-0.9876900257508918,-0.6629425263444707,0.31144045647569074,0.30588278038737027,2.230980719894643,9106.007973541971
620,6200,-1.0323717770525471,-0.6362617821437133,0.31684129166697905,0.30540149082700097,2.231071820825033,9120.452493666904
621,6210,-0.9400999121653788,-0.6100373445760574,0.2604350527274888,0.30500023944584276,2.231232319294132,9134.820394166978
622,6220,-1.058518886268021,-0.803115889090359,0.20765613070382466,0.30470421285739513,2.231368616645865,9149.010346333962
623,6230,-0.9814181976218279,-0.6011719211053007,0.2388325891242006,0.304348692956066,2.2313063490173897,9163.618409791961
624,6240,-1.0813171093671903,-0.629199737965823,0.3358410711590545,0.30392620678210425,2.231573753639659,9177.806522042025
625,6250,-1.0927631914600529,-0.8324704643609646,0.2432163158536091,0.30351152101535245,2.23197385093656,9191.790183333913
626,6260,-1.1008076281037935,-0.8444331129904927,0.2542478002551987,0.303040522461758,2.232453083675581,9205.572056750068
627,6270,-1.0230991572873442,-0.6878712136936456,0.30460011582163604,0.3026802592696869,2.232539091155066,9220.160510750022
628,6280,-1.0251653457464727,-0.5606240192787626,0.31321380035463053,0.3025090391419893,2.2327476021422448,9234.552269666921
629,6290,-1.0450600729352066,-0.601430062038675,0.29832292642481956,0.30252703523833,2.2330077107489816,9249.176191041945
630,6300,-1.0459950290179325,-0.811784347547184,0.2139738174212589,0.30255488653566953,2.2334259908304475,9263.174765459029
631,6310,-1.0698590155137735,-0.7663150144800921,0.26524448785064203,0.30248072992205355,2.233799502940691,9277.148906667018
632,6320,-1.0750158190851051,-0.6637291066714066,0.2657927129777686,0.30244418834227266,2.2340449057948093,9291.08653879189
633,6330,-1.0579681682364672,-0.7222648332874708,0.29346329190445014,0.3022541024978341,2.234380134563522,9305.236769834068
634,6340,-1.0775129029490627,-0.7196770044152097,0.3029394593515108,0.3020429893778511,2.2346642773102303,9318.910415875027
635,6350,-1.0451563128597323,-0.8632438980473118,0.2427239893422619,0.3017858661274244,2.234730737251749,9332.582057541935
636,6360,-1.0893907498029893,-0.8857569983865877,0.16390498929247763,0.30166871208625007,2.2349934147399635,9346.452267959015
637,6370,-1.076692846718342,-0.8297963078504715,0.24226017247456128,0.30162759994436916,2.235230319871184,9360.238766500028
638,6380,-1.0419644618440227,-0.8795448474353129,0.17801532202929862,0.3015724398721659,2.235371877372414,9374.339942709077
639,6390,-1.02426693237038,-0.9029682265355836,0.14505113201983516,0.30135875928980205,2.235618340030993,9388.159726124955
640,6400,-1.0636285752931762,-0.8419794406016269,0.17529416455105476,0.3010421251066918,2.2360536550634458,9402.101400417043
641,6410,-1.0705778778451167,-0.7022882010398737,0.26380530601278773,0.30075128137866913,2.2361681846456705,9416.57126416685
642,6420,-1.0635206575306215,-0.8247324842044153,0.18227458302992902,0.30037491019080154,2.2362976782693824,9430.760129124857
643,6430,-1.153709024640782,-0.7782366102966287,0.27587218314044176,0.30005790087686296,2.2365047258960415,9445.446148041869
644,6440,-1.0642813318569404,-0.8273650309180669,0.19995582872604187,0.29972701168346616,2.236695773898851,9459.058722459013
645,6450,-1.026849959627615,-0.8442631339475863,0.2224082773993049,0.299300256999852,2.236899825976767,9473.759172749938
646,6460,-1.0812280118144733,-0.8696615210167649,0.23605182923327292,0.2988487807959249,2.2370180748584945,9487.568685750011
647,6470,-1.096155861426598,-0.9988646610424731,0.09017698534112521,0.29841592346948237,2.2371820132499067,9501.517518333858
648,6480,-1.073116225527789,-0.7384609629635646,0.3331041725225166,0.29795044598931464,2.2374181242986175,9515.753341916949
649,6490,-1.067218165703916,-0.9550954546235542,0.10497426415915907,0.2972696927602029,2.237393957320616,9529.636608375004
650,6500,-1.1015581862406423,-0.9378184931008313,0.1506641316637348,0.2967141654566257,2.2376526276095037,9543.528537624981
651,6510,-1.079184810235895,-0.7575924356114585,0.320223063002337,0.2959478759222097,2.2380269174609464,9557.607041833922
652,6520,-1.0310257265055336,-0.7724589918883186,0.17857324406283362,0.29514435756212354,2.2381428335867564,9571.682364250068
653,6530,-0.9906390692491742,-0.7511898398350628,0.1920234671098421,0.2941916836681772,2.2385520340076983,9585.829790499993
654,6540,-1.073851382260937,-0.8359822699156793,0.22577468935164835,0.29325403982475945,2.2388376986922998,9599.604057834018
655,6550,-1.0800363531163724,-0.7607791964188009,0.2520866041048574,0.292489381854206,2.239555724461737,9613.526042500045
656,6560,-1.2037583906257687,-0.8737630285525132,0.28218649818862723,0.29183081070979416,2.239829738793115,9627.663114708848
657,6570,-1.1331753920406307,-0.9084242650286594,0.17869544797220718,0.2912584405404212,2.2401426374406133,9641.970802708995
658,6580,-1.1843085077163789,-0.8838676023600215,0.24031455584517067,0.2907360828629731,2.2404380748368946,9656.037081083981
659,6590,-1.1951223910154756,-0.9479648438539492,0.25990890623657387,0.290246149255303,2.2406728911837157,9670.433710125042
660,6600,-0.9891564610180206,-0.7370107209427629,0.21690586615827784,0.28983696550595983,2.2407554347467395,9684.884364166996
661,6610,-1.1742780028544546,-0.7612302636558117,0.19179571056776837,0.2892703183846336,2.241026428540016,9698.446834249888
662,6620,-1.0886738315017839,-0.6778411586005114,0.28850770320233754,0.2887729761732037,2.2412093359326914,9712.372442916967
663,6630,-1.266161066660647,-0.8800119696772531,0.2974926650770883,0.28845088969760674,2.241434853531746,9725.886966834078
664,6640,-1.1885471287818055,-0.8047438694783713,0.30002487213797824,0.28811399705101337,2.241442655124543,9739.607436416904
665,6650,-1.2054672058933242,-1.02049682017213,0.23449044863233753,0.28776934236023516,2.241532564258312,9753.977647250053
666,6660,-1.2330307714667628,-0.9937290836024634,0.1711253603933209,0.28759482553156973,2.241709068089105,9768.170338541968
667,6670,-1.108749850209887,-0.8677507519778189,0.1810828124310125,0.2873178816506174,2.24177346418053,9781.871333166957
668,6680,-1.0455406094849895,-0.8002820507915651,0.22654129683425447,0.2871899964983892,2.2422942524118152,9795.716134249931
669,6690,-1.1224695489172314,-0.8686580977135236,0.21875715399982262,0.2870777195763178,2.2424475420260794,9809.846428042045
670,6700,-1.0516912226510247,-0.7674748869881511,0.25728986274300586,0.28694448545188755,2.2424634162459878,9824.06432424998
671,6710,-1.1941548235132977,-0.7384134847773647,0.2971224833332024,0.28685886539329086,2.2425204208197274,9837.883370833937
672,6720,-1.076064343256725,-0.8884845268373194,0.18049757233051206,0.28675777704236405,2.2427146982628328,9851.63729654206
673,6730,-1.1433444912418596,-0.8846498560254767,0.2539911446789712,0.2866153723468753,2.2427902800759223,9865.562683374854
674,6740,-1.160266484268531,-0.7487370665076453,0.36580561245636684,0.2864882192027686,2.243130074232393,9879.624134416925
675,6750,-0.988503179032536,-0.7310810452587508,0.2910938979767155,0.2863600531682579,2.2432459571551044,9894.025174083887
676,6760,-1.1678794441540772,-0.9913455916243731,0.1500865535087818,0.28626990932539365,2.2431704801361225,9907.77998308395
677,6770,-1.1155560121348174,-0.7584239961255278,0.3454065975036877,0.28617179834631107,2.243514743458578,9922.190573167056
678,6780,-1.147439389387464,-0.9638316204521811,0.21573228525267635,0.28613109714034857,2.2436769261966965,9935.840621291893
679,6790,-1.2069584566482776,-0.8893488113705654,0.23562372627701617,0.28613503655304773,2.2440080271556377,9950.101790708955
680,6800,-1.0859186822024371,-0.8378357144973908,0.31015923758223557,0.2862676753245804,2.2441468451219166,9964.362350041978
681,6810,-1.1615042186772007,-0.738244507056189,0.3144594299176506,0.2863473426839546,2.244297146240695,9978.495793666923
682,6820,-1.1230320468043917,-0.7756860039767808,0.30076074802244185,0.2864514543596486,2.2447797833764023,9992.855534750037
683,6830,-1.1278983641335731,-0.7124547628774712,0.374107925540645,0.2864832690527916,2.244970671464544,10007.179656416876
684,6840,-1.1164151849138833,-0.718584365656626,0.32366206360835176,0.28657767075478374,2.2453301329791806,10021.264913459076
685,6850,-1.1567499272285984,-0.7579547693224198,0.279398754071128,0.28665563259291016,2.2454037844221744,10035.751453291858
686,6860,-1.2712485025424867,-0.9951076791943546,0.2620459673034062,0.28636352995642134,2.2454975134695823,10049.762847499922
687,6870,-1.22810196197522,-0.9657431142694616,0.27938096570585924,0.28616884779430923,2.245414813551222,10063.758049624972
688,6880,-1.2095848919548828,-0.7672829921845621,0.33372586538833515,0.28614335137024866,2.245618275734086,10077.901365417056
689,6890,-1.204422296021102,-0.7318713218332038,0.35638862619418754,0.2861835985194263,2.2462494418537955,10092.036699875025
690,6900,-1.156759860157778,-0.7938899165650867,0.2930722527359978,0.28608210815540563,2.246653027052794,10106.326429791981
691,6910,-1.1469191339362403,-0.6541197138632906,0.3235773450817515,0.2858775367924119,2.2468137285722007,10120.61189295887
692,6920,-1.0995381291458903,-0.9147935902270096,0.22199556067116838,0.2856690443620035,2.2470351503566883,10134.339092249982
693,6930,-1.227669327969056,-0.6383159819523558,0.3374650060004604,0.2855999683777475,2.2474134283047453,10148.327967084013
694,6940,-1.2079528385763076,-0.7608931502829143,0.3170836434632728,0.2856498148248791,2.247736080446735,10162.237947541988
695,6950,-1.277156205380722,-0.980611890944117,0.268383838768255,0.2857745011187331,2.247864526501803,10176.4837818339
696,6960,-1.2132739985708518,-0.9980925393464073,0.1544852319530832,0.28603983793853727,2.2480188813590996,10190.365990709048
697,6970,-1.212321715264891,-0.9037866648868302,0.2938694641472061,0.2862702201795288,2.2481790648806785,10205.118797208881
698,6980,-1.0856748573547552,-0.7636850211649173,0.28914621638536936,0.28648187771503236,2.2480609632797743,10219.249918999849
699,6990,-1.2092830635747118,-1.0150325122490969,0.24954651390173582,0.2866194800010102,2.248105993499628,10232.642475291854
700,7000,-1.1585404477624257,-0.8994251128868485,0.26281441390783394,0.28663625036280616,2.2483769737694668,10246.665712709073
701,7010,-1.223957524634188,-0.7157805077243592,0.34408128640171665,0.28661495186034724,2.248424065269156,10261.236115624895
702,7020,-1.256788608457394,-1.0581838408165583,0.12871262262415314,0.28668422446753644,2.2484338176668532,10275.522165209055
703,7030,-1.2677889211300215,-0.9426385358019858,0.35473165122887407,0.28681288489413037,2.24851928541238,10289.980846500024
704,7040,-1.180933667527146,-0.991982066091061,0.2697545972615139,0.28693720377669196,2.2486630965254077,10303.814017083962
705,7050,-1.2390257683393884,-1.012693529774609,0.23478959055122564,0.28704161205986195,2.2486856952750394,10318.029656333849
706,7060,-1.204920407391704,-1.0606180597179475,0.09507339117558757,0.2870978184383258,2.248719455838328,10331.590140583925
707,7070,-1.2443047204360917,-1.0110698469331996,0.2799918654607771,0.2870771326178134,2.248684461526952,10345.562598875025
708,7080,-1.2260545830180574,-1.1252850320686072,0.07605423346737121,0.28712929079828703,2.2493279510143225,10359.854385958984
709,7090,-1.2123159908277845,-1.0037679900098335,0.2896454428293112,0.2873754531666142,2.2495127941468764,10373.62468124996
710,7100,-1.1162565395685622,-0.9042594112409716,0.20129994947197,0.2876070130697083,2.2494357732085195,10387.663030291907
711,7110,-1.2621168317333744,-0.9373237674656186,0.2840725547525862,0.28782820983629376,2.249408928859747,10401.521848666947
712,7120,-1.2639507172858542,-1.0630684453341108,0.22552687158965276,0.28803528909541426,2.2493223748024964,10415.563928624848
713,7130,-1.3114393212844586,-1.034337664277308,0.3621030657484718,0.2882459596167433,2.2493842541472406,10429.332759625046
714,7140,-1.292633126922171,-1.190195340585447,0.09228048471681106,0.28866798510052843,2.249534196788194,10442.798622000031
715,7150,-1.3256774364500332,-1.021236777060864,0.41622347086833034,0.288843750475668,2.2497546243673785,10456.61561400001
716,7160,-1.2779230200096938,-0.9701436864707735,0.4198166259191319,0.28895615717676526,2.2500574986328608,10470.487331541954
717,7170,-1.3467511196232858,-1.0965301679427355,0.2035048096527527,0.2891976168784884,2.249955050668359,10484.302837708965
718,7180,-1.3347588355960776,-1.0638112090557084,0.2726670466590895,0.28955170479462117,2.2501566319769033,10497.911301125074
719,7190,-1.2984412434407115,-0.8993096337683504,0.3909573201324655,0.2899624535068086,2.2502356302760957,10511.835298625054
720,7200,-1.2784123200710429,-1.166320562668651,0.14729795549443161,0.2903098394779139,2.2502496252751594,10525.680243792012
721,7210,-1.227473804183158,-1.121895528794027,0.09029011849099551,0.29064289322174736,2.2501664499177694,10539.551519375062
722,7220,-1.2669300629302649,-1.1425113542551513,0.16744229326801827,0.2909517908938917,2.2500674292417377,10553.568604375003
723,7230,-1.2527105338219453,-1.0397067335320944,0.17359299354869281,0.29122659069785173,2.250291205746293,10567.422349291854
724,7240,-1.2622350054482512,-1.0711437147705918,0.18866187815165364,0.2915360274543138,2.250292069543507,10581.14641537494
725,7250,-1.2589096633514911,-0.887578257129735,0.3725826359167211,0.29183038136413175,2.25038633859386,10594.968538458925
726,7260,-1.2366625045327426,-0.8979510884223731,0.30114938244784234,0.2920601293995336,2.2505877640391754,10608.722985791974
727,7270,-1.237864308065718,-1.0267605845960843,0.28054660546313936,0.29231879577260633,2.2508930077124973,10622.590567458887
728,7280,-1.291852985551757,-1.0520484788922821,0.1956552445727972,0.2924826206287908,2.2508451137741785,10636.42881937488
729,7290,-1.2392994449755603,-1.1062614553779262,0.18682333347162508,0.2923982085192952,2.2511767117913513,10650.207480292069
730,7300,-1.296526266610445,-0.8876101070655371,0.33814450858718376,0.2923552074621944,2.251296295941403,10664.184859334026
731,7310,-1.3048052814289344,-1.162012980714863,0.07579666208536996,0.29226706844074435,2.2512628209130368,10678.492320124991
732,7320,-1.2634842423494783,-1.0010823203011259,0.2742380605556863,0.2920015142162543,2.251674939895557,10692.277554624947
733,7330,-1.297951589903736,-0.7612092860467176,0.42145020565842856,0.2919425266180882,2.2517729747028965,10706.650093541946
734,7340,-1.3028480252804746,-1.0012379307853,0.3274092610415022,0.29204679387503374,2.2519173355701017,10720.598969666986
735,7350,-1.2900477307073874,-1.0906137241508644,0.22235154468971688,0.29208785420538436,2.252152302263353,10734.568841292057
736,7360,-1.2252215839147569,-1.0257561802348831,0.19782969737066042,0.29191052145210716,2.2520829414047663,10748.542145417072
737,7370,-1.2925165929085685,-1.0742882950091075,0.29199464916293044,0.2917845646570818,2.252294881210407,10762.487458084011
738,7380,-1.2431285784559716,-1.10242406305886,0.14549185264874462,0.2917471832437847,2.252494410838431,10776.474524792051
739,7390,-1.244209160221187,-0.88714786918812,0.3293955932495391,0.29178539132071835,2.253109044239527,10790.168252291856
740,7400,-1.3106555847116939,-1.0677077353515345,0.13376673443202233,0.29170849487296313,2.253226427620633,10804.18587733386
741,7410,-1.3048480448811866,-1.0332737761475856,0.15146406674514956,0.29160257567119247,2.253302401300593,10818.156191291986
742,7420,-1.3096857494162695,-1.1066638535349056,0.15262034728962998,0.2914455561926908,2.2537865269113677,10832.199402458966
743,7430,-1.3231701737877604,-1.1125534235929018,0.17698403028252133,0.29137816601704014,2.25356651333341,10845.819024999859
744,7440,-1.278089429232537,-1.047117458953792,0.2800923983159353,0.29146474040764303,2.253746652756404,10859.516128042014
745,7450,-1.3105995951671243,-1.1448235146153871,0.17300376210759408,0.2914206583070388,2.2537657551555665,10873.091193750035
746,7460,-1.3021111304497346,-1.1708656175243857,0.12537723911072285,0.2911784686107619,2.253728122068826,10886.840536833974
747,7470,-1.2670343899867529,-1.023994591652245,0.19784801702267382,0.2909349657134842,2.253858239305438,10900.699011791963
748,7480,-1.2282133618666826,-1.0020948301874915,0.28079936988834264,0.2906792197174042,2.2539269042345,10914.451550416881
749,7490,-1.3114856039175633,-0.9922696185603866,0.17890580166438325,0.29038510944424395,2.253952229135565,10928.275343583897
750,7500,-1.290218896351992,-1.108179806284306,0.09866518277925887,0.29036970370493137,2.2542848295766187,10942.045263791922
751,7510,-1.2875860112374395,-1.066421278049654,0.14620463598880362,0.29032871705333013,2.254453050008061,10955.946938249981
752,7520,-1.2752901068991562,-1.0487408798047586,0.2018842485984772,0.29016796240905196,2.254641971481062,10969.969072083943
753,7530,-1.257926341680517,-1.0059652619565482,0.35837952980175636,0.29006425329707164,2.2549177112987966,10984.16469591693
754,7540,-1.3456795277129059,-1.0810438687050854,0.1703315989230896,0.29000843823495703,2.255127077384338,10997.902747999877
755,7550,-1.3175373362327552,-1.0546636208066746,0.20785072997417145,0.2898583479487508,2.2553832715581588,11011.869639042066
756,7560,-1.214941921797065,-1.025326224622325,0.1650446107744429,0.28960274674999803,2.255534389257572,11025.874405791983
757,7570,-1.2423988495055074,-0.9572812527860194,0.2590388791613282,0.2893511995889413,2.2559996249676564,11039.956101709045
758,7580,-1.2584592999305455,-0.9457455317079493,0.3126160968526562,0.28923116870923954,2.2560026220428053,11053.528317624936
759,7590,-1.2314526021016974,-1.0113127845830323,0.21258379172020533,0.28872079049546,2.2565159653725217,11067.438551709056
760,7600,-1.264215429912725,-1.0762679950994658,0.16242661865476976,0.2882491284348635,2.256558290073056,11081.687512916978
761,7610,-1.3436893468382536,-0.9753029839703136,0.3473754582056465,0.287929172972453,2.2567256432374476,11095.683681041934
762,7620,-1.2519740163294681,-1.1212368022894743,0.1207054255791056,0.2876203028786789,2.2568094235374625,11109.7562743749
763,7630,-1.2579960062849382,-1.0829673274561669,0.13644203831860685,0.28738230519326136,2.2570043916257236,11123.985421000049
764,7640,-1.2962706719123798,-0.8993554961992501,0.2353317437890515,0.2870582184905481,2.2572375003447673,11137.883902249858
765,7650,-1.2461969032672915,-1.0544978187996115,0.218428624716827,0.2868767085905003,2.2572161226786287,11151.776318209013
766,7660,-1.2373227677855558,-0.9696447510265636,0.23987271989539458,0.2866755332308782,2.2571802875706193,11165.381992042065
767,7670,-1.2616166203359578,-0.9205633111321007,0.22275493481994416,0.2864496911582806,2.2574384708737516,11179.250420541968
768,7680,-1.285775415568482,-1.1238556950187537,0.15977941084360023,0.28619251804505835,2.2578112859319486,11193.085645792075
769,7690,-1.3352156543993035,-0.9293040372013637,0.27407909599800084,0.2858952627322168,2.2580519896518534,11207.228157874895
770,7700,-1.266509233863708,-1.0358079635338517,0.26018433128290425,0.28565561117306487,2.2585579360895967,11220.924503667047
771,7710,-1.2587713653928922,-0.9444949221397785,0.24626957074449896,0.2853785050842076,2.258586667527524,11234.812009333866
772,7720,-1.245255191642256,-1.1247224491173857,0.11226787716208571,0.28520664842197524,2.258780519214747,11248.609861041885
773,7730,-1.2497387782224934,-1.0548933456019387,0.2817700086083613,0.2850908543238517,2.25915603473498,11262.457081374945
774,7740,-1.2333664034660154,-1.0497687516326029,0.13669905845790328,0.284800080962255,2.259458561107102,11276.924737749854
775,7750,-1.312872208166655,-0.7768444422540172,0.3239708169671862,0.2846980332331905,2.2596962763154895,11290.562629249878
776,7760,-1.2562936646092542,-0.9585296163866893,0.264812728496601,0.2846622493639109,2.2597296533364535,11304.198164667003
777,7770,-1.3380870946167969,-1.104560069453711,0.258313883691861,0.2845688099408963,2.260058848234766,11317.844247875037
778,7780,-1.348073949698513,-1.1639764701003807,0.12608968687432334,0.2843626022568034,2.260210907992964,11331.711173374904
779,7790,-1.3150583057087717,-1.1550134895978903,0.15563569679641462,0.28412548278245076,2.260245989685085,11345.408466958907
780,7800,-1.3296721543821421,-1.10947028206284,0.2576010357642483,0.2837701945239738,2.2603454694861655,11359.359822083963
781,7810,-1.3748414071626316,-1.1550139726403674,0.22133027074208433,0.2833301415503609,2.260496713614379,11373.372930624988
782,7820,-1.3005469769409164,-1.026297820928836,0.25414645323846113,0.2828665353825916,2.2606359683460835,11387.385828542057
783,7830,-1.4120743525555053,-1.215448846570712,0.1914632350459794,0.2825516132701961,2.260991108247414,11401.340757041937
784,7840,-1.3587943565712317,-1.0953350033105873,0.21318385372175022,0.2823360346010913,2.2611376857848486,11415.392245250056
785,7850,-1.3656433511449366,-1.1633400343341926,0.2920702153752908,0.28201921885910625,2.2612388134087795,11429.337815624895
786,7860,-1.359630667322282,-1.156405375368757,0.26970558913025544,0.28171412297990683,2.2613334900504904,11443.13865537499
787,7870,-1.3308239574448386,-1.0780328245593758,0.3338781610248594,0.2812139738054541,2.261471788965754,11456.923986000009
788,7880,-1.3635477751106837,-1.1066950914962284,0.15933759590380395,0.28076350404267997,2.2618197701541582,11470.874518834054
789,7890,-1.3136131732699647,-0.9524376789075649,0.3964050301462013,0.28033170012562464,2.2620726122612647,11484.8673772919
790,7900,-1.346358194885271,-1.0296534392961922,0.3991761304561115,0.27973390611096105,2.2620096343420317,11499.056058041984
791,7910,-1.3474530526237585,-0.9215609393286008,0.33038173368206114,0.2790796674804469,2.2620179503841467,11512.992487124866
792,7920,-1.3445754233128282,-1.0696712927007468,0.309131731484051,0.2786471957827834,2.262467528502093,11526.882519291947
793,7930,-1.281528277800879,-1.084554994333865,0.2087857891743946,0.2781916802369944,2.2626699228566105,11540.659292459022
794,7940,-1.331895164871372,-1.1828762934230204,0.1399296211164329,0.27778302470458494,2.262923829429658,11554.49827316706
795,7950,-1.273443192742282,-1.0778131121595014,0.15838515015822355,0.2773146750917996,2.263043067797216,11568.279112125048
796,7960,-1.340218763947731,-1.1495746230771533,0.1359282156797606,0.27692996482579807,2.263186703850524,11581.812369375024
797,7970,-1.4118606467875967,-0.977196979295857,0.47237816152298895,0.27636601372500463,2.263414957227245,11596.076907458948
798,7980,-1.3338834923426033,-1.1823721730978385,0.12141108440986687,0.275855225104182,2.2634414550394917,11609.818467041943
799,7990,-1.3552698368162934,-1.1130799100752555,0.31377466250953445,0.2754538471332458,2.2635536781980834,11623.693830125034
800,8000,-1.3968259390154332,-1.263262450660984,0.10337938891848132,0.27485182997442814,2.2638803804290815,11637.155446666991
801,8010,-1.4097482578206142,-1.1416566737141847,0.2777875272112626,0.2744532959266862,2.264075126954478,11651.204094624845
802,8020,-1.4175491248708205,-1.067647869625792,0.4613668262738912,0.2738710323649405,2.2641265438555185,11665.350883624982
803,8030,-1.4131915545805525,-1.074822945741578,0.4113494101091041,0.27330709103088413,2.264172781965524,11679.104236499872
804,8040,-1.3945977523337314,-1.0734184062243632,0.42004881316148596,0.2727647628106225,2.264189353578568,11692.821386708878
805,8050,-1.3534227019845266,-1.0884960432275936,0.3593661558556787,0.27210765842052936,2.26418734419248,11706.78633824992
806,8060,-1.380609342748686,-1.0765285234903375,0.35987087904643184,0.27142582330002757,2.2641325227581355,11720.865259625018
807,8070,-1.4165364510667535,-1.2361446300428742,0.2244478578369916,0.2708833665142996,2.264219991447027,11734.494114666944
808,8080,-1.3601296526547202,-1.2321812792715012,0.15366637487227283,0.27036226920417933,2.2641418502648323,11747.899518209044
809,8090,-1.374633056586445,-1.092987183784477,0.3262866341336059,0.2699543195190223,2.2641404185521736,11761.692754458869
810,8100,-1.3935008816601986,-1.1965804536998932,0.2968034640367726,0.2694523517471079,2.263885766142492,11775.351108042058
811,8110,-1.3749081103405647,-0.9530739496928987,0.47647480925174956,0.26900182433221853,2.263808238941421,11789.433903083904
812,8120,-1.361870998547059,-1.1559411446094963,0.3253535467005524,0.26855097392406335,2.263730513416774,11803.409754291875
813,8130,-1.35101012967331,-0.8903112335072432,0.389819612869331,0.2681323706722832,2.263830234723317,11816.96726066689
814,8140,-1.4102672930630753,-0.6364280893219559,0.4678631060894278,0.2676368020871383,2.263911011863544,11831.373123334022
815,8150,-1.40100780548606,-1.0604482900418255,0.40456537497095546,0.26700186484458865,2.2641050305383144,11845.31884366693
816,8160,-1.318251444176597,-1.066331889178615,0.35452831074237684,0.26636443916204106,2.2641577213427375,11862.324159499956
817,8170,-1.4072375815916818,-1.1678659478333313,0.36726374736272743,0.26585327502909606,2.2641958552340764,11878.151252750074
818,8180,-1.2525165350145908,-1.0452725024760716,0.27853039967129944,0.2654250997608246,2.264019075341466,11892.237901041983
819,8190,-1.3673773726024798,-0.9856114151697686,0.3615385739174417,0.26496767897222606,2.2640733608214676,11906.008481958881
820,8200,-1.3093928178114789,-1.1319224747027943,0.27794675049044343,0.2646831288399181,2.264186535376605,11919.737443374936
821,8210,-1.299258663840848,-1.103375683572425,0.20461089981187955,0.26434061845177115,2.26411807879538,11933.178431167034
822,8220,-1.1923148270481247,-0.9783284303794041,0.24821600511258632,0.26409266175139845,2.263898671875956,11948.82007520902
823,8230,-1.2908779428418518,-0.8033129885541521,0.5327625373096003,0.2638471719583567,2.264167336780226,11963.825265874853
824,8240,-1.2974960163074156,-1.0314842073230879,0.26928260868270393,0.2635870911654082,2.2640828502003267,11977.62179591693
825,8250,-1.2542404871814439,-1.0271719203719616,0.26469634753083765,0.2631867056157121,2.264191505629842,11991.411051417002
826,8260,-1.2560245201686255,-0.922273053756555,0.3289421679974366,0.26289488181586657,2.2642901868425627,12005.3314299169
827,8270,-1.2081711693066275,-0.8920848039788556,0.33189717604837504,0.2626022350033346,2.264319970530105,12019.326040792046
828,8280,-1.260166852577794,-0.986696891695324,0.25312376471514586,0.2624122417597683,2.264399021349921,12033.12763895886
829,8290,-1.347089060798857,-1.1043090246235527,0.16602304737671983,0.262055456446869,2.2646556341605217,12046.759290375048
830,8300,-1.3208399114462965,-1.0624891563291747,0.32628012806590406,0.26153272957124735,2.2652969745937255,12060.504946500063
831,8310,-1.304190714234326,-0.8963550776402357,0.3891191352153768,0.26107985356101515,2.2651068714517324,12074.469609666849
832,8320,-1.3596100721961273,-1.2528257027586551,0.09820953431070023,0.2606956552608446,2.265006306417453,12088.287409499986
833,8330,-1.3608514292419285,-1.140641515323809,0.34810042552539144,0.2602430987134474,2.265064718453269,12102.251197583973
834,8340,-1.3401780802189167,-1.1485937573821974,0.22931249743359908,0.2597635948242313,2.2651338538778547,12115.891922167037
835,8350,-1.3526089155066439,-1.2188896043950348,0.10726990024162159,0.259217300346858,2.2646491705277576,12129.47379841702
836,8360,-1.3600900662568662,-0.8928648962443685,0.4338772727494655,0.2587584547596705,2.2645845942790874,12143.546429541893
837,8370,-1.388800246407941,-0.9919785849022873,0.3582097460155328,0.25823780833469406,2.264318994082992,12157.173049459001
838,8380,-1.3838959560687103,-1.1015843117044348,0.29008245708774527,0.2576909997990185,2.264109111842326,12171.540357041871
839,8390,-1.3134817884884304,-1.0089563899910807,0.2915713131210628,0.25708657562909343,2.2640633955167857,12185.35343483393
840,8400,-1.354514309093049,-0.9740507065017363,0.3221174838138879,0.2564734855631214,2.2640005869852717,12199.344400875038
841,8410,-1.3630974847163255,-1.0740200117657277,0.3298314141413099,0.2558734468026813,2.264290338266281,12213.110665834043
842,8420,-1.32783297216164,-0.9642696903577639,0.3675867371407039,0.2554853147101401,2.2642445814166137,12227.41024862486
843,8430,-1.329016475192887,-1.0638631941873506,0.2761435854493616,0.2550857923029702,2.264474924814107,12242.013346708845
844,8440,-1.3915960057856411,-1.0823605080082899,0.27818556621905777,0.2547726980899471,2.2644859680476466,12255.600251124939
845,8450,-1.4062859008034518,-1.2797671015952456,0.08026047840125454,0.25465174027127335,2.2646096088364627,12269.338446249953
846,8460,-1.3592609219136245,-1.2069984254857977,0.15124480415114672,0.2545525271159666,2.2649053205387863,12283.062624208862
847,8470,-1.417065583697184,-1.228490589916784,0.11168649834648466,0.2544702619096156,2.2649516100197142,12296.67107979185
848,8480,-1.3948289616677263,-1.1437931389476335,0.3005237669885256,0.25433252975242493,2.2647048239022567,12310.67334337486
849,8490,-1.372199624769979,-1.1827762819007872,0.22369796198694045,0.25417384678520877,2.264792480325064,12324.486107917037
850,8500,-1.3403018147890693,-1.0361846122563918,0.3159018564595827,0.2541274256908388,2.265095966955708,12338.71118379198
851,8510,-1.317177776431091,-1.134753563887201,0.21225094267702688,0.2540330109769614,2.2650502455152544,12352.293371292064
852,8520,-1.3411252823786715,-1.1691116714652274,0.13317920106294656,0.25395687657344984,2.2649323212943613,12366.242851374904
853,8530,-1.3234678859987117,-0.9747373949883311,0.33322269420583045,0.25374860573109465,2.2651419465599023,12379.915809208993
854,8540,-1.291077967279147,-1.1197208436434654,0.2060303508754824,0.25365764011924724,2.2650345810358923,12393.62133683404
855,8550,-1.2923200160845933,-1.1179904974533266,0.1583331357067065,0.25355927323338295,2.26502105217681,12407.455982999876
856,8560,-1.3901607871371136,-1.1822652276988337,0.14804580374228526,0.2533453615883157,2.2651807255709153,12421.160249209031
857,8570,-1.3795439018127906,-1.120845195982429,0.1851337580548158,0.2531806858483538,2.2653112497500665,12434.878891417058
858,8580,-1.3880410089030821,-1.1759552289114563,0.15888577873926843,0.2530550679578235,2.2654178061441574,12448.52427741699
859,8590,-1.3710261501412626,-1.1641879046420929,0.22142802879096402,0.25287722543774543,2.265246236887584,12462.286433291854
860,8600,-1.3301784872088493,-1.1236818094381325,0.2733741678621881,0.25263790355196253,2.2652848563172174,12476.342085416894
861,8610,-1.428970239784797,-1.2492005447754306,0.2250624836286196,0.25244669639656037,2.265438385378984,12490.636005166918
862,8620,-1.3879942799770424,-1.1862269167622528,0.24226916704621407,0.25233588738220747,2.2655183441375732,12504.673136417056
863,8630,-1.3703925500322667,-1.1051964313973364,0.2574669261988673,0.2524469875198338,2.265669243110019,12518.505616625072
864,8640,-1.381358652163862,-1.1045787523085537,0.2424398686160956,0.25256550127309,2.265603553995605,12532.44008316705
865,8650,-1.3530601833770914,-1.1872483369966935,0.17105321748673166,0.25257346325449814,2.265650561552741,12546.059205249883
866,8660,-1.3940752324959655,-1.2558360253557468,0.11609205147120896,0.25258696384279583,2.2655735642727786,12559.780261209002
867,8670,-1.3858303350502226,-1.2534868755522313,0.24453411224154695,0.25262339772379255,2.2655555002064176,12573.942949374905
868,8680,-1.4548364262342872,-1.352179287519824,0.09967744720657257,0.2527523491252824,2.265470594429315,12587.551046625013
869,8690,-1.4301411868347493,-1.2895924420408424,0.12329806708408877,0.2530167967926579,2.265519358141136,12601.459815917071
870,8700,-1.4383195578664303,-1.3020208376661024,0.11080979437190841,0.25315825637413464,2.2656413619152,12615.684539583977
871,8710,-1.4213950109964424,-1.260604021589223,0.25106690260494885,0.25316487215490047,2.265560866414719,12629.4237347499
872,8720,-1.3981829931755287,-1.318373130751366,0.08824640291877921,0.25326135021715446,2.2657505784400027,12643.10082429205
873,8730,-1.41194397991673,-1.2602111207882207,0.21917887105519732,0.25322341385033537,2.2662408787333046,12657.124187416863
874,8740,-1.4202328686771155,-1.3536133947955957,0.056024958833239324,0.2531873740612578,2.2666885117068283,12670.867805792019
875,8750,-1.416901572367931,-1.291526274278817,0.16865902542487693,0.25343711045668327,2.266707852725517,12684.702509583905
876,8760,-1.4245411585341463,-1.3720602955374868,0.041404713229740604,0.2537816957722349,2.266818644287126,12698.271038166946
877,8770,-1.443089760872434,-1.346646168964488,0.08866206788815369,0.2540636689370803,2.2669621414278893,12712.245991916861
878,8780,-1.438596690490467,-1.2497322910573252,0.1262528546005187,0.25421050525939426,2.2671035154079826,12726.608036499936
879,8790,-1.4680765436304082,-1.3096872448165935,0.1473871238187525,0.2543880533288446,2.2674259490444215,12740.635552542051
880,8800,-1.467746567286242,-1.3331298751040408,0.1000431263450016,0.2545073022172181,2.2674164097627054,12755.011893916875
881,8810,-1.4222461072755586,-1.3361627962963203,0.07284903361593592,0.25460490426262516,2.267392029629177,12769.917018959066
882,8820,-1.4784284774405707,-1.3511965161947554,0.10972027532784523,0.25479950128116063,2.267235446798495,12784.30693824985
883,8830,-1.4697420071027318,-1.3109161750522869,0.12728614944256283,0.2551120555436034,2.266523515675816,12798.878104958916
884,8840,-1.444188071157254,-1.200583636661397,0.41045385772380866,0.2552804661432638,2.266593573460019,12813.188856916968
885,8850,-1.3863327224974302,-1.109239870254529,0.20895773980007573,0.25542885471294186,2.2667276566902115,12827.198838334065
886,8860,-1.4314874281677197,-1.2447199643971032,0.197912479665668,0.255508149969783,2.2669227767168088,12841.2860035419
887,8870,-1.449860094895671,-1.2673484668827917,0.14959778776390736,0.2555739757993378,2.2670694443119945,12855.230433374876
888,8880,-1.416221095233758,-0.880585016102209,0.5003232633694475,0.25563394058794886,2.2670778411149546,12869.730485458858
889,8890,-1.4610979396719257,-1.2468850877512208,0.16693298257395758,0.2556957466922101,2.267135317749935,12883.525344375055
890,8900,-1.455946928777606,-1.3299382700694191,0.19464264388485047,0.2557563388018654,2.2672353320768495,12897.676723958924
891,8910,-1.4345932883636658,-1.28695592853907,0.1064553175843894,0.25592016753892055,2.2673182164405468,12911.54685104196
892,8920,-1.4312164471052933,-1.3770277264730126,0.03762496334494202,0.2562301975273901,2.2674747963977713,12925.496391708963
893,8930,-1.4637667327215675,-1.3742249822112602,0.06849253790186421,0.2565823614691553,2.2672999727081,12939.768804209074
894,8940,-1.4350021185477466,-1.2636640296296335,0.23529843064281517,0.25679932478549927,2.2673959595454423,12953.559197749943
895,8950,-1.4697564078128398,-1.376741639846197,0.1618146788973008,0.2569714556219902,2.267422346933968,12967.661983584054
896,8960,-1.4711813718885072,-1.3920798822202087,0.06937397425984845,0.25713344009949973,2.2673413600211796,12981.48313191696
897,8970,-1.470369437918146,-1.2952327210454597,0.15424840853474558,0.25732659697327537,2.2676738099607334,12995.693032874959
898,8980,-1.48153324828606,-1.4466040950319585,0.025590385842976952,0.2574611133821474,2.267976609461631,13010.122668666998
899,8990,-1.4755353316920985,-1.408367662042083,0.06585289366373645,0.2575586237136335,2.268125900093586,13024.355357874883
900,9000,-1.4834018133180074,-1.3715318576021656,0.09907003816348434,0.25770714952382356,2.2681721798596435,13038.665210041916
901,9010,-1.4815670751263559,-1.307052651472911,0.2046781118917505,0.2577414255607029,2.2681522484610808,13052.595104666892
902,9020,-1.4697140661027204,-1.3653320670963356,0.08700377650169992,0.257715272015263,2.267916241205226,13066.796940708999
903,9030,-1.486215246113927,-1.2410289479295862,0.2563323385484501,0.2577114681560151,2.2678969652696157,13081.26697274996
904,9040,-1.487270872129094,-1.2310276776514855,0.3832283274467696,0.2576596228335968,2.268121101788141,13095.556755083846
905,9050,-1.4655630084832465,-1.2815808961141673,0.18790939655244276,0.2575402448177361,2.267969621976925,13109.898663999978
906,9060,-1.4873972703968477,-1.32886106270213,0.14233870654765185,0.25733505248357097,2.2678933706000404,13123.776115749963
907,9070,-1.4758595257902742,-1.4046112577665344,0.06055081918357164,0.25721748189214,2.2676917206303147,13138.18147920887
908,9080,-1.4643610059216359,-1.39116140494097,0.08587684902892266,0.2570380186134876,2.2680814023559033,13152.574948542053
909,9090,-1.4677777594617698,-1.4087123313962746,0.06135618518110074,0.25708938700773554,2.2682812873595077,13167.653827250004
910,9100,-1.4644647603897756,-1.4382070968732912,0.02407526371180508,0.25708189647337587,2.268303458063743,13182.251305209007
911,9110,-1.4576092454366965,-1.3315656711401833,0.2277468359658864,0.2571291058044456,2.2683662090960492,13196.867447542027
912,9120,-1.4397489232267358,-1.3045235920950393,0.19467746638026515,0.25714978725978527,2.2683874999150877,13211.186241999967
913,9130,-1.4750916905379778,-1.404976525355392,0.05263603680466871,0.2571396712618024,2.2686507730060543,13225.49870037497
914,9140,-1.4627354130144585,-1.4051097493804434,0.07803779477924914,0.25720215922498174,2.2686865681852604,13239.621040249942
915,9150,-1.4724515901157114,-1.399115364912884,0.0934794364176659,0.2573514711179267,2.268785921406273,13254.02976024989
916,9160,-1.4593547901954338,-1.3842388051782542,0.05768883692515388,0.25733034225965234,2.2686801288037155,13268.260202874895
917,9170,-1.4472851731349445,-1.2923189541433213,0.1799551926276557,0.257282482451033,2.268668699788261,13282.196031791857
918,9180,-1.4661649190672135,-1.2006389819894367,0.3783168353924121,0.25726961300887785,2.26841538941556,13296.326568624936
919,9190,-1.4538954480124042,-1.3283521365096491,0.12156953918228659,0.25716309074863863,2.2686076215943234,13310.24251004192
920,9200,-1.4637808938681598,-1.3887926853020465,0.04254399398469757,0.25698466790683655,2.268646203462775,13324.32207200001
921,9210,-1.4609102280948143,-1.402708900339118,0.055729828234162566,0.25675464234125034,2.2690414926410876,13338.439430041937
922,9220,-1.4719426028290394,-1.2591501652703183,0.2979952290374125,0.2565088283226527,2.2689839417633286,13352.551906791981
923,9230,-1.4588928463078386,-1.4308596293631772,0.024692869023784435,0.2562053011231247,2.269019356280894,13366.433043083875
924,9240,-1.4865181259293623,-1.3818280739072393,0.08829313825452924,0.2559194576970038,2.268679831605219,13380.509282958927
925,9250,-1.4950230447855386,-1.4364946365439788,0.040974916257793786,0.2558107884992505,2.2687686538535874,13394.791206334019
926,9260,-1.4753563613974183,-1.4236709250674673,0.050058102251841895,0.25584477240797543,2.268935308543114,13408.925548000028
927,9270,-1.486267021782754,-1.3743670671511787,0.0940025372019629,0.2560524388702414,2.269286181600055,13422.930542709073
928,9280,-1.4493684599480128,-1.2827555438599814,0.3680424913665954,0.2562071765609913,2.269805155294715,13437.122815791983
929,9290,-1.4468979824963855,-1.1258578559367276,0.4706796425174555,0.25646854152184156,2.270149982774187,13451.001232875045
930,9300,-1.448722608883945,-1.3745347955693519,0.0984859183044054,0.25665548170773395,2.2706071623135125,13465.015720291995
931,9310,-1.4521642958954306,-1.2256379487205258,0.42790993708355607,0.2567098144626035,2.2704340198295294,13479.578422249993
932,9320,-1.4689974843073133,-1.313552470564638,0.27413980487959727,0.256864900299862,2.270662994207975,13493.957786499988
933,9330,-1.435932496233037,-1.224288805090827,0.4163443722694855,0.2570012106302127,2.270622531179484,13508.056408375036
934,9340,-1.4814969275522518,-1.4258771125475078,0.0370866676533969,0.2572462277507925,2.2707694316542284,13522.47017895896
935,9350,-1.4711127532311012,-1.3472744686604632,0.1801602042354734,0.25736056112152356,2.271173309571464,13536.420049666893
936,9360,-1.4808999986505365,-1.2056814905994941,0.4292750143915191,0.25751206562703227,2.2713315899381303,13550.474839125061
937,9370,-1.4479001173035284,-1.1827065569513622,0.3956162457680373,0.25758597614669826,2.2713587247939064,13564.832130542025
938,9380,-1.46487181675578,-1.206626028971113,0.30565446429356113,0.25770436489034376,2.271255175617323,13578.807454416994
939,9390,-1.460858798670463,-1.355372212235504,0.08640306884986959,0.25781666208491616,2.271365348340363,13592.740115166875
940,9400,-1.4242984723443124,-1.148920806440879,0.427345713683781,0.25815249006985974,2.271502857223641,13606.847803999903
941,9410,-1.4526187273563034,-1.1750617366596063,0.44859337193578736,0.25862832076696696,2.2715802327553627,13621.197898583952
942,9420,-1.4532841211209346,-1.2538980783440874,0.18613002731198483,0.25907365792519965,2.2715950591601324,13635.145242708968
943,9430,-1.4774141875758637,-1.301450681476394,0.22923653014215387,0.25958285025580213,2.2717485425248176,13649.11940687499
944,9440,-1.4658372087425056,-1.3159277878202467,0.1284352164714788,0.26012909885338753,2.2720350298851426,13663.156008749967
945,9450,-1.460383724866296,-1.4266414213958112,0.023651576815487487,0.26065838797139756,2.2720855745017907,13677.748229624936
946,9460,-1.4635381325157004,-1.3494948802029416,0.1078488656428477,0.2611762656350214,2.2721198404858605,13691.995848541846
947,9470,-1.4612048549046852,-1.386262728656271,0.06917552267140978,0.2617339621860447,2.272352295585615,13705.900800624862
948,9480,-1.4238429580038252,-1.1198489869412322,0.3882649963900148,0.26224483854594294,2.2727037174781444,13719.97017533402
949,9490,-1.4230380169291266,-1.2463936811538825,0.3791380635187234,0.2626929590100456,2.2727743321065876,13734.398362916894
950,9500,-1.4223147890947985,-1.2745393265247937,0.17426964227131886,0.2630732823474597,2.2729599387950206,13748.83458975004
951,9510,-1.4342220181116652,-1.311519791432606,0.15393228771962753,0.2633951975303807,2.273005460834148,13763.101899416884
952,9520,-1.4305560948418306,-1.216908973360675,0.18332328629648356,0.26377831559970144,2.2734435481612927,13777.196649083868
953,9530,-1.4517051453519203,-1.0771959276304723,0.44174576564801143,0.26438498436837893,2.2735539977029804,13791.185622459045
954,9540,-1.4564146973584577,-1.2063723732142813,0.3324142793461035,0.26512534313925545,2.274497611286498,13805.127932583913
955,9550,-1.4426214733489031,-1.2184909810088729,0.41470049715980706,0.2657259817085485,2.274773123058143,13819.196606958983
956,9560,-1.4651644176187277,-1.3139197279952366,0.2652159121558117,0.2662368824928049,2.275122072246031,13833.254123166902
957,9570,-1.4617334094015133,-1.3724067841978669,0.10704479971847713,0.26674532760681297,2.275195656513374,13846.993621333968
958,9580,-1.4550752257575637,-1.2073696450465061,0.3802462832656143,0.26701094492444366,2.2753419756405653,13861.048449958907
959,9590,-1.4589588136699714,-1.3323864331788144,0.1013657085303335,0.2670790939794336,2.275439158001362,13875.05307745887
960,9600,-1.4626723397104415,-1.3408973994845137,0.11658077080449238,0.2670549572943575,2.2755396754270034,13888.991959208855
961,9610,-1.4565244344937858,-1.405824199338594,0.05275191337203159,0.2668895494476463,2.275609630235929,13902.945276624989
962,9620,-1.4722754216480363,-1.4055730226444045,0.08906216374506219,0.2667669769260315,2.2757054629256337,13916.90979704191
963,9630,-1.4459799256735275,-1.3593178072340226,0.11192615173760077,0.26661745597998987,2.2755149743495724,13931.22870916687
964,9640,-1.4759146022721028,-1.3923857407623685,0.09083726973207056,0.2663557375273025,2.2752629019628547,13945.419776833849
965,9650,-1.4436161794204594,-1.3643439705791096,0.120793617157489,0.2659635013274653,2.275263948428304,13959.208425458986
966,9660,-1.4728208303391686,-1.3745343956515093,0.11074184708087546,0.26562879735410855,2.2754529635804146,13973.13840541686
967,9670,-1.4647551380233432,-1.3507588890744593,0.09344428344921371,0.26529984012476265,2.2755432827250655,13987.101092374884
968,9680,-1.4751036514098015,-1.3158939557816964,0.2171208448664145,0.2650484788905122,2.2754779995350805,14001.351013167063
969,9690,-1.4576011358608323,-1.4047814755405779,0.09922989511274669,0.26481807028370835,2.2755945449597847,14015.34794279188
970,9700,-1.4798133422778408,-1.38972573266655,0.0977247011290183,0.26445598163236667,2.2757093143668827,14029.275720875012
971,9710,-1.4703393124765318,-1.4298293687905297,0.031168272636242153,0.264080663015271,2.2757583261320717,14043.956537124934
972,9720,-1.47219516919988,-1.4203360050402658,0.0380780015443692,0.26386172374202344,2.276045190150104,14058.508540875046
973,9730,-1.4796186417702204,-1.4094312553277106,0.10928121258064409,0.2637368932644437,2.2757051073691272,14072.591710624984
974,9740,-1.4568993812222635,-1.3617978529741497,0.11606765240873637,0.26371866009852835,2.2757958655527393,14086.570067666937
975,9750,-1.451873964166091,-1.3962332151947785,0.05961073303985098,0.26359111682014386,2.275840201972065,14101.215649124933
976,9760,-1.4588684903104143,-1.430102486448657,0.03620559809425752,0.26337780529131266,2.2758632965268872,14115.716490916908
977,9770,-1.457956576022566,-1.3476127520951764,0.17930989104292902,0.26298511799301794,2.2758416615814276,14130.085402374854
978,9780,-1.4751546427512316,-1.3936731419488235,0.06038852513216296,0.2626299174972626,2.2760102838874126,14144.619760874892
979,9790,-1.468321575958905,-1.354061880442845,0.19451967514604748,0.2621622476498491,2.2760538384545153,14159.271420958918
980,9800,-1.481690577466705,-1.2985556207262987,0.3422594205928131,0.261786024867028,2.2759680582101884,14173.539210124873
981,9810,-1.4636778026688022,-1.3855491205340797,0.06993375626044177,0.2613453744398907,2.2758851548376593,14187.965530541958
982,9820,-1.4859349424517276,-1.405497525773351,0.1374705175238617,0.26107380775610267,2.2757816970199407,14202.828025666997
983,9830,-1.4719388460365828,-1.3549927151474814,0.15070441687124134,0.2608829565003669,2.2758771148434085,14217.052864916855
984,9840,-1.4621217742770165,-1.3834189996918433,0.08287959843602248,0.26068065017369224,2.2762690807314807,14231.086458167061
985,9850,-1.468727857714022,-1.4402741751258366,0.02334127611247975,0.26049855442252196,2.2765040017635862,14246.234811541857
986,9860,-1.4731945942428162,-1.3842309684924423,0.06157042334446725,0.2602844472348447,2.276729656052378,14260.620087083895
987,9870,-1.4619164489244376,-1.2824367311632163,0.15972349177066936,0.26019638461003747,2.27696552072292,14275.196625958895
988,9880,-1.4653166001295022,-1.2721538262465053,0.30281181475853836,0.2601631087952689,2.2771515326075886,14289.79821849987
989,9890,-1.4626847428000662,-1.4252814550939874,0.044657562241569644,0.26006909676009526,2.277297575073663,14304.0174972089
990,9900,-1.4416479895081773,-1.350655603575322,0.20639798734644244,0.25997583511401434,2.2774449129007617,14318.217579999939
991,9910,-1.4651833725943035,-1.2723265219081323,0.3192259569564166,0.25999055835836044,2.2775006306239813,14332.53582666698
992,9920,-1.4450966093211317,-1.351465715928208,0.11691680960882067,0.26000884008746256,2.2779051050809915,14346.610321542015
993,9930,-1.447488768109154,-1.1955813017750585,0.29926096928778184,0.260036986026469,2.2780905220289447,14360.300206375076
994,9940,-1.4526442318088977,-1.3515193336748492,0.12581413839688507,0.26000807170633505,2.2783004216708966,14374.342716834042
995,9950,-1.456123129501619,-1.190840676300552,0.3837502172621092,0.2598565543937024,2.278345740606196,14388.161544791888
996,9960,-1.4648106259647893,-1.3603969506014497,0.09481850334056939,0.25981046767919436,2.2785991858126473,14402.070097958902
997,9970,-1.433854515044528,-1.3150896112597787,0.1534143207555094,0.2598405787690814,2.2789329543086496,14415.987732874928
998,9980,-1.4700790065644567,-1.3474895233465887,0.21671054244604093,0.2599996744696805,2.279153861979477,14430.167935208883
999,9990,-1.47922168347882,-1.2828136547970643,0.2577008930544887,0.26012277110487647,2.2794313910812996,14444.054199999897
1000,10000,-1.4649578205654823,-1.2969332704446532,0.1641682677436791,0.2600265641361255,2.27966502740976,14458.068320292048
1001,10010,-1.4809603992616784,-1.2641024269621437,0.35232167084240945,0.25991655029468747,2.2809401905010103,14472.517637250014
1002,10020,-1.4685482276690793,-1.2921388546668624,0.23062814435248438,0.25980090583876186,2.2811419987444004,14487.274641416967
1003,10030,-1.4515651199789703,-1.2743799060196193,0.33193055232112023,0.25970305762178014,2.281685474247906,14501.27447424992
1004,10040,-1.4492027995114398,-1.3949103018039906,0.04894720577732711,0.2595659163702574,2.2824445345099362,14515.696966874879
1005,10050,-1.4477920305831953,-1.2657220038131982,0.2811026100307979,0.2595619656422716,2.282906499973057,14529.94728549989
1006,10060,-1.476652429956304,-1.2328041550426687,0.291961640969186,0.259497022537397,2.2836086546785586,14544.492138542002
1007,10070,-1.4767739914111013,-1.0333400209676886,0.43476913946725826,0.25948277033965766,2.284326988280328,14558.835427917074
1008,10080,-1.4118165733830708,-1.2534758687469858,0.3968588533000976,0.25928880247295033,2.284819269912398,14573.667407833971
1009,10090,-1.4740667527921127,-1.2642704467501489,0.21129617944916407,0.2589387058087594,2.285247897759989,14588.003592791967
1010,10100,-1.4706549394956872,-1.3590931028894233,0.13878493755166665,0.25847369147236704,2.28605025194771,14602.141822709003
1011,10110,-1.4490357543831358,-1.3482130367790526,0.11243773606850913,0.258183803770826,2.2868417315048446,14616.555116791977
1012,10120,-1.4593360079003244,-1.3704302841438885,0.05920521807951924,0.25800664785551425,2.2872612465108095,14630.927716916893
1013,10130,-1.4371150548130185,-1.2887471923088767,0.2211128591068114,0.25790519247208316,2.2879089483588597,14645.40569758392
1014,10140,-1.431942919507625,-1.3957743813303496,0.040737559453238134,0.25784895488005,2.288584412396099,14659.59581195889
1015,10150,-1.442086871554598,-1.0424186001260758,0.503722733548065,0.2579369725031537,2.2889488983046538,14673.735418542055
1016,10160,-1.4422784859882025,-0.9696423450239179,0.4948267016019377,0.2580170138081371,2.2891087583180574,14688.492368916981
1017,10170,-1.4510355932230352,-1.1892683518662845,0.35692468754638507,0.2579435002854931,2.2894117078887586,14702.900917917024
1018,10180,-1.424005668345628,-1.3176799301377375,0.1324778490493816,0.2578778033196421,2.28963858506647,14717.093426459003
1019,10190,-1.421712058446225,-1.062503160882792,0.4609163552141567,0.257856287035322,2.289847523845166,14731.391380874906
1020,10200,-1.4212199455157917,-1.337303116185392,0.10965795785129812,0.25798939091633016,2.2899891049419066,14745.3292705419
1021,10210,-1.4458085070750455,-1.2890442064559735,0.22225217802301955,0.2580192069058935,2.2900740475953163,14759.468341583852
1022,10220,-1.4374657650244664,-1.317521971289884,0.21542208261378135,0.25787691671900326,2.2902014045675925,14774.207472834038
1023,10230,-1.4461635447207346,-0.9671268514982604,0.4819404974292417,0.25772356278740827,2.290316373181763,14788.562461209018
1024,10240,-1.4258779236294545,-1.0609012675076261,0.4665945278934852,0.2577017476668101,2.2903952038545636,14803.037120874971
1025,10250,-1.4388317435221305,-1.2869909137410809,0.3168540996937714,0.25749478504814816,2.290336972500739,14817.562941875076
1026,10260,-1.410985871917866,-1.3006255516543728,0.26735727334498716,0.2572474955151661,2.290708379057289,14831.914594667032
1027,10270,-1.4618556969842524,-1.296308387962118,0.16665648087843468,0.2570257437764697,2.290561550742754,14846.37438229192
1028,10280,-1.4623014090069342,-1.3362106616782872,0.14653545552966446,0.25668827061324806,2.2909025713028206,14860.93714104197
1029,10290,-1.469753715239575,-1.2496323427865426,0.1590917500597895,0.25641843355230826,2.29106837513155,14875.091944291955
1030,10300,-1.461683989993273,-1.3244795273284962,0.08323930645688228,0.25605883766547205,2.291198318531956,14889.281389208976
1031,10310,-1.464972828203022,-1.1573765413696406,0.38957912528433675,0.2557576792035881,2.2913548882709938,14903.812589416979
1032,10320,-1.4351380584033135,-1.3204757109004002,0.1334147256683732,0.2553509195047033,2.2912130975380887,14917.947466084035
1033,10330,-1.453620341704931,-1.3708287603555676,0.07207756097031447,0.2549281145583221,2.291071895981895,14932.407112083863
1034,10340,-1.469173463028608,-1.3180174320030669,0.14919629424229755,0.25451773755352813,2.291137844005249,14946.622300624847
1035,10350,-1.42945711730306,-1.3474225727065205,0.08942983014683857,0.2540846249124358,2.2911054871750482,14960.631190167041
1036,10360,-1.4276745284909538,-1.3628478331912066,0.06641160975611889,0.2536213394751238,2.2909555369522483,14975.25885299989
1037,10370,-1.4482550994642471,-1.1006909450729725,0.495876301295499,0.2529900376357485,2.2910037964382512,14989.750235666987
1038,10380,-1.4340525779142093,-1.1857231374062525,0.3675596284063941,0.252471657617365,2.29096495994055,15004.297216875013
1039,10390,-1.4439493691818202,-1.2772697398328567,0.1536533044841765,0.2519377488895085,2.290691167812389,15018.364962042077
1040,10400,-1.3945827485437716,-1.289370241606512,0.23140559053746929,0.25146135354691596,2.290860479088219,15032.537883209065
1041,10410,-1.4625488556607484,-1.350144765248659,0.10121486767592694,0.2510308534718179,2.2908592345696057,15046.793742459035
1042,10420,-1.4035624822195194,-1.2675815188075668,0.3022244412333103,0.2507440734984819,2.290958512497046,15061.155897958903
1043,10430,-1.412936727583089,-1.167829663245236,0.3024333351361239,0.2503438609671524,2.2914222945871696,15075.033323833952
1044,10440,-1.429773865606526,-1.2395833170188777,0.38127091465706237,0.2497358379290198,2.291420995678272,15089.088625833858
1045,10450,-1.4318843688421419,-1.254922885439926,0.22481375391452316,0.24915350870040162,2.291376860221366,15103.06513466686
1046,10460,-1.449351833234271,-1.393157105327268,0.04342211959194996,0.24860594004624617,2.2917192284305274,15117.372372333892
1047,10470,-1.4376321148768332,-1.3857618991423053,0.03855186431158168,0.24797100755660462,2.2917028723930373,15131.50807849993
1048,10480,-1.4499947110493334,-1.3309724429888057,0.08495541483704315,0.24739196365683577,2.2918436119428716,15145.399589834036
1049,10490,-1.4297131507894774,-1.1172145767567856,0.3628986464676652,0.24683927847004788,2.291957833063799,15159.486882416997
1050,10500,-1.4328314260414725,-1.2986065329381824,0.22391841769474566,0.2462792505426373,2.291996907092009,15173.19700741698
1051,10510,-1.424355847113615,-1.2647822570102059,0.16209424114106707,0.24547211300552157,2.2921589611526727,15187.255168333882
1052,10520,-1.423736681355864,-1.2894478653152097,0.11101864817034975,0.24463772109080503,2.2921463851947186,15201.149037624942
1053,10530,-1.4201971447396051,-1.367672951354108,0.06778856294412328,0.24398329957856144,2.29222310857964,15215.695918624988
1054,10540,-1.4063591025226359,-1.33880558211514,0.07548489561962606,0.24326577631075658,2.292217595710998,15229.706661792006
1055,10550,-1.4180230471358914,-1.368368565908398,0.04197924018370552,0.24256364563388533,2.292273324270117,15243.782599916914
1056,10560,-1.389760827419635,-1.2409677770866765,0.24117023899793202,0.24184023878772665,2.2922185243900866,15257.839099333854
1057,10570,-1.4151853927021572,-1.3302270626667738,0.08708145896343429,0.24118798368566705,2.292680063451107,15271.625002417015
1058,10580,-1.3957022062328113,-1.3627722317012458,0.03264237930550185,0.2406802011127064,2.2928980639195435,15286.363024374936
1059,10590,-1.396783080053818,-1.1746391515078476,0.37404724971804865,0.2403088432605399,2.293055402598669,15300.49173516687
1060,10600,-1.3943686278494178,-1.1546987581519457,0.313249910660192,0.23995965019082505,2.2934584962390536,15314.838325167075
1061,10610,-1.4315587791579727,-1.2084103493156397,0.3284442552581823,0.2395805560722864,2.294022455164066,15329.018762208987
1062,10620,-1.4231856075850926,-1.3110129089439675,0.12962099977394076,0.239231493925278,2.2944364902380765,15343.061216125032
1063,10630,-1.419529518739215,-1.2222689283957997,0.19198557395581897,0.2389064327300284,2.2945265606582015,15357.462859083898
1064,10640,-1.409785605151475,-1.353522958018692,0.034441384534850024,0.23856934515213885,2.294579885095311,15371.467619458912
1065,10650,-1.4085634492234824,-1.237106399297303,0.29465845288337317,0.23820013923141756,2.2945164283696964,15385.425642000046
1066,10660,-1.4192184824533438,-1.2144208268856478,0.2541358190507866,0.23770421104287984,2.294789636324649,15399.775628125062
1067,10670,-1.4117426594000992,-1.321084584073334,0.13742290488613798,0.2371803968474085,2.294877428382738,15413.928067249944
1068,10680,-1.406344645004367,-1.1803517223750664,0.28437032035315213,0.23672385777205326,2.2946446520170865,15428.171198458876
1069,10690,-1.412639312024499,-1.256901252552335,0.2741036222314667,0.23626242214834312,2.294685091290115,15441.99787391699
1070,10700,-1.4001676764445365,-1.3278219754344385,0.07885163153826988,0.23588795394769518,2.2947369845341536,15456.526247083908
1071,10710,-1.43034133193843,-1.2750859990377774,0.20321689921650893,0.235514849045995,2.2947298095893762,15471.067551125074
1072,10720,-1.4170787945034302,-1.1929703680170296,0.2825328241178895,0.23504130563754394,2.294701756725999,15485.062663750025
1073,10730,-1.4289237485289057,-1.2342918530221736,0.2341638157093631,0.23467329781896817,2.2949707632494105,15498.928616249934
1074,10740,-1.425913271722374,-1.3450569006743947,0.06501871098825525,0.234368075831324,2.295208601243483,15513.171864166856
1075,10750,-1.4154292163952045,-1.2334517698707639,0.25245958165115245,0.2341220819077664,2.295226235233342,15526.973423916847
1076,10760,-1.4325098729198533,-1.3005269555538017,0.18276761365526414,0.23390267245186933,2.2955260501247814,15541.04270999995
1077,10770,-1.4078666855575008,-1.2886734423841177,0.1296532778030341,0.233739960374659,2.2955880014511476,15554.853989166906
1078,10780,-1.4295293407636898,-1.2175728845698621,0.3310870981649017,0.2335612663443232,2.295611250793329,15568.987101499923
1079,10790,-1.4025917926485736,-1.2177581371923751,0.2501601242188894,0.23333335320783435,2.2955074865319163,15583.04964699992
1080,10800,-1.424742775519988,-1.263453028147278,0.27721924262600317,0.23312518141484026,2.2955209052880017,15597.27259762492
1081,10810,-1.40644171395998,-1.3481676435415824,0.07583011464547462,0.23286819977500406,2.295644345819607,15611.32818145887
1082,10820,-1.4020530898719334,-1.3559939592789119,0.04695344483750913,0.23255444041564163,2.2958267052792074,15625.198470416944
1083,10830,-1.4141724179057,-1.2364637598972816,0.19305024827611242,0.23239384340257915,2.2957221605300764,15639.135927584022
1084,10840,-1.4346257700263898,-1.2189097744805069,0.2729178137311544,0.23230072498046384,2.2958827645334585,15653.121645624982
1085,10850,-1.4131840950397407,-1.1902625519253078,0.25895550305286197,0.23227524211565115,2.2959242143540095,15667.164905708982
1086,10860,-1.3997071460488195,-1.1971114413168227,0.30395607885950177,0.2323196525997539,2.2958362563595,15681.047745541902
1087,10870,-1.4265341964008629,-1.3206866132498178,0.17495466784147026,0.23214614363226843,2.2957804360030996,15695.128929791972
1088,10880,-1.4276368504136885,-1.2227782673006171,0.20433661390545516,0.23199792718370016,2.2957567675018424,15709.20073225
1089,10890,-1.4040388468571061,-1.266432427316798,0.2176639206956512,0.2318744289810259,2.295585243214255,15722.963508791989
1090,10900,-1.4512329530237373,-1.267954931239674,0.3055578362836682,0.2317410881374243,2.2955760758466477,15736.763619042002
1091,10910,-1.3806584262217783,-1.1277112734453212,0.22649354338735417,0.23152001275466713,2.2955504477424187,15750.64437391702
1092,10920,-1.4453670607937132,-1.1602070861638984,0.32657690755006935,0.23128945613094903,2.295631484189303,15764.307959042024
1093,10930,-1.417385874269856,-1.2931074078132174,0.14402717472702942,0.23105445907961822,2.295580177850442,15778.114525292069
1094,10940,-1.4139901675365776,-1.1734116831775476,0.2850283991932457,0.23089264339750507,2.2957132330081844,15792.29087483394
1095,10950,-1.3888645376557252,-1.0602480234621847,0.2844961706168597,0.23069452303612545,2.296042753716139,15805.960862959037
1096,10960,-1.4154442141021386,-1.28560185409501,0.16449880764085323,0.23047020169753604,2.2962587829687093,15820.181202458916
1097,10970,-1.3945301020417586,-1.0856689246306623,0.291700354721146,0.2302015307939288,2.2962375102471393,15833.708375749877
1098,10980,-1.40642692752769,-1.2527699039403144,0.26909858217414107,0.22998650170478832,2.2963311550145544,15847.500030916883
1099,10990,-1.434518510362813,-1.122159837369399,0.39894689914784615,0.22973675716791878,2.2962244803693723,15862.174903667066
1100,11000,-1.4331228285959003,-1.205411765465363,0.29539689007942665,0.22963787287173923,2.2961889755616056,15876.70144966687
1101,11010,-1.4360542609227203,-1.3490782331107432,0.07038335322205823,0.22973198255459437,2.2961955174367996,15890.666761250002
1102,11020,-1.40866142712738,-1.2531342087803174,0.2026310799802986,0.2296856640756648,2.2961502944098626,15904.26019699988
1103,11030,-1.4400975363478228,-1.0973511148899378,0.2681816581486612,0.22958973102401392,2.2963555012886587,15918.011390958913
1104,11040,-1.4382007280626379,-1.1709330400327969,0.158001257039434,0.2295475146486458,2.2964508964325363,15931.829131333856
1105,11050,-1.3870105504150665,-1.2013346738645563,0.1586643847489114,0.22945088800031557,2.296650537343108,15945.845415791962
1106,11060,-1.3777997765889305,-1.1040938957451134,0.2813605205855628,0.22927981375097756,2.2967210950445973,15959.793156584026
1107,11070,-1.3709359880510652,-1.1395721894184923,0.275327349559255,0.22915449914318026,2.296752571648362,15974.151692333864
1108,11080,-1.4185921265039445,-1.1590071368259913,0.3501861498763492,0.2291058776165533,2.296944344611774,15988.754062375054
1109,11090,-1.4323191789468979,-1.14409674735691,0.3796709748563537,0.22879777066576693,2.2966497421998207,16002.548518792028
1110,11100,-1.4157298102964875,-1.3004527126953644,0.1452314152070213,0.228623134743031,2.2967593421699015,16016.452454084065
1111,11110,-1.458829390825903,-1.337398973122621,0.11275353547473782,0.22855117039754688,2.2967038028908253,16030.23669141694
1112,11120,-1.4530030208420142,-1.2362904511293604,0.25312088491277385,0.22844685702588485,2.296572641127124,16044.626841541845
1113,11130,-1.4548476754458566,-1.2120900974140114,0.3562220413885122,0.22828186284882004,2.296412478720789,16059.01732379198
1114,11140,-1.4336888444435658,-1.1209685098577928,0.4142999449513657,0.22823127378180688,2.2962527724598654,16073.653843916953
1115,11150,-1.4518610885278287,-1.1632116714099183,0.3137125212719896,0.2281204694910667,2.296240868241139,16087.491050499957
1116,11160,-1.4445553517913279,-1.3267800050446088,0.15783867560271433,0.22808423391113314,2.2960417877355512,16101.75384183391
1117,11170,-1.4524498087380735,-1.2216902302881845,0.27964405716701213,0.2281934085510107,2.2959024250609565,16116.229927666951
1118,11180,-1.446656216743702,-1.2663974930206474,0.3405269283465037,0.2281939649957816,2.2958262819296382,16130.69966633385
1119,11190,-1.4513251449790534,-1.4219745168624356,0.026695308905056774,0.2282790730484743,2.2957053611537312,16145.079878750024
1120,11200,-1.4665708559303496,-1.3135803513171043,0.24747623933348759,0.22841112739926955,2.296214940028872,16159.23632454197
1121,11210,-1.4270339022302885,-1.0828328751877834,0.35894204284518183,0.22852483039771915,2.296232253037618,16173.665433584014
1122,11220,-1.4390256074415309,-1.1811590914120251,0.37326023641621225,0.22873763870378355,2.296394654972048,16187.673012542073
1123,11230,-1.4656451988718775,-1.1551421926276142,0.4423175333462516,0.22901466905818446,2.2964386347244816,16201.704106624937
1124,11240,-1.440306855375459,-1.271612973355208,0.2905159668887254,0.2293722932053887,2.2965591164284826,16215.464972709073
1125,11250,-1.4617433733225234,-1.3122786635522932,0.26874378586443365,0.22977336276178636,2.296814020725799,16229.584142500069
1126,11260,-1.4712429281938153,-1.3564800886150787,0.1414467291189126,0.23014449894021444,2.296911353729366,16243.919184374856
1127,11270,-1.4386130883326,-1.3463778309476346,0.10356234997749492,0.23055038616605136,2.2966636250817096,16258.078104000073
1128,11280,-1.4241003872045317,-1.2881032114097535,0.1418518997412204,0.2308717438364862,2.2969537477987045,16272.254081167048
1129,11290,-1.532774087772447,-1.280258425441184,0.26510336590315,0.23099636202565785,2.2975111504541137,16286.252659499878
1130,11300,-1.4500331419227548,-1.2029567534141852,0.2996309600289385,0.23101566445137744,2.2977567031477024,16300.31055449997
1131,11310,-1.480162496170844,-1.1659581874207916,0.3108004685278707,0.23115766408879737,2.297673535365721,16314.596207999857
1132,11320,-1.4143597242830959,-1.37012026306153,0.030308314145329474,0.23118370648649536,2.29810871939479,16328.907833166886
1133,11330,-1.4505616424955674,-1.3757311320174677,0.054583632272168676,0.23133401204864978,2.2983055340101934,16343.070439874893
1134,11340,-1.4720369727582217,-1.3405264108909534,0.11741865424116374,0.23159320638504202,2.2983965607940138,16357.275087584043
1135,11350,-1.4626479380475335,-1.3157715690665732,0.16269931501053345,0.23192060984050586,2.2986951977265693,16371.828454124974
1136,11360,-1.4671490400439566,-1.3965945357416074,0.06812696965225186,0.23216658242916927,2.2990158125569122,16386.21907679201
1137,11370,-1.43631982267157,-1.3400384281807534,0.07631810640555164,0.23221454086696297,2.2994565555607145,16400.0423824999
1138,11380,-1.445139744007168,-1.290086442815694,0.3345828967940007,0.2322722947670435,2.2999511311106127,16414.266680708854
1139,11390,-1.4753449129559346,-1.325205429667953,0.3135023654915298,0.23234106688571998,2.300414399440725,16428.89218620886
1140,11400,-1.4975225615339411,-1.3773427060857568,0.10351734588114105,0.23257545616655498,2.300904048869425,16443.156541874865
1141,11410,-1.4444405813988208,-1.3745942324674003,0.0649161712608588,0.2328865223196147,2.3011574131776484,16457.225488083903
1142,11420,-1.4466402735840642,-1.3947551843135593,0.05700628598413508,0.2332183958066483,2.3014924767060334,16471.45296762488
1143,11430,-1.4722388765642016,-1.3736134283114154,0.07481339600489868,0.2335145343189031,2.301689699206658,16485.66314212489
1144,11440,-1.4665050952151972,-1.4068281144208956,0.041681311549652565,0.23380026333994322,2.301873560640431,16499.79806587496
1145,11450,-1.4471117989484092,-1.3494281497163443,0.13257710856381572,0.23423103555717634,2.3018751066415795,16513.801367749926
1146,11460,-1.4367570750173915,-1.3978341776656271,0.044983146255266046,0.23471033641454922,2.30193972652704,16527.99524233397
1147,11470,-1.4631130671987833,-1.4145858036162142,0.04412653585902434,0.23527263943119403,2.301926852738886,16542.429794125026
1148,11480,-1.4532185512945697,-1.2871136421463405,0.2196370929564348,0.23569496153574546,2.3023305344270413,16556.49483416695
1149,11490,-1.4684366691783852,-1.3965066520541483,0.06921326910967943,0.23621551780522418,2.3025761232321496,16570.79400283401
1150,11500,-1.4502154092934694,-1.3506296761060712,0.06596943764654138,0.236856368573618,2.3028604196628497,16585.22128079203
1151,11510,-1.4683035798212094,-1.415390138180444,0.0598418588666934,0.23739513480876182,2.303102670854149,16599.702116
1152,11520,-1.4709216283294637,-1.373412706486819,0.10414278970607352,0.23794660309238103,2.3033649055518337,16613.992947374936
1153,11530,-1.4709904663362297,-1.3657662537363051,0.1254310787759195,0.23840977632568602,2.3035830986990735,16628.465135917068
1154,11540,-1.464635087038232,-1.4044253232097907,0.04241919632605955,0.23894754101489793,2.3036548861700545,16642.985725959064
1155,11550,-1.4533488594165798,-1.3492088263153295,0.13735490071506534,0.23953325693242658,2.303857706314474,16657.270212417003
1156,11560,-1.480843508851513,-1.4345582809855373,0.020802434660911678,0.2401847625471092,2.303981433696368,16672.038824209012
1157,11570,-1.446305256162086,-1.363784291427697,0.06447268004468926,0.2406800475031822,2.304375310998366,16686.41533716698
1158,11580,-1.4553152842121602,-1.411515333194791,0.03462913056155077,0.24104347307723134,2.3045041861970894,16700.601223459
1159,11590,-1.4619618407897805,-1.41799230207237,0.04410597464980466,0.24140908540487802,2.304504877753441,16715.309154999908
1160,11600,-1.433058584565953,-1.1999452338927792,0.34083939533628305,0.24170410596703795,2.304858424654772,16729.47042849986
1161,11610,-1.463567808651022,-1.0535960856942015,0.4455548064151338,0.2418922417132933,2.3049544595794886,16743.88469333388
1162,11620,-1.470138150946128,-1.2042859901807872,0.3135792543329799,0.24204600163766868,2.305203389158418,16758.060126041993
1163,11630,-1.4814959277363196,-1.1431308282246022,0.40112770260035263,0.2420250187062761,2.305303746309377,16772.544871042017
1164,11640,-1.4638835077021746,-1.3675189044813336,0.061546465443955166,0.24202709698477054,2.3054523195529155,16786.977945541963
1165,11650,-1.4787100580082218,-1.4181717893663979,0.03157224938920766,0.24204737001044938,2.3055897875817655,16801.27966800006
1166,11660,-1.464628769500064,-1.2383001076204185,0.3332844169364115,0.24215479877904394,2.3058000194855266,16815.37579908385
1167,11670,-1.4633093943554156,-1.3045477135472847,0.28534497631850286,0.24213086347945323,2.305699016728877,16829.290766124846
1168,11680,-1.4775057101235172,-1.06376236650738,0.3603431963720108,0.24218632450779667,2.3062039302627615,16843.69275441696
1169,11690,-1.4681406519511588,-1.192294627602343,0.46073847478973906,0.24220693564557752,2.3062917300356487,16858.21713158395
1170,11700,-1.4279405388944486,-1.1976547199465426,0.26378604320708215,0.24218150724017973,2.3063008452544054,16872.809996749973
1171,11710,-1.4656826656337003,-1.379083402820929,0.06797774412833749,0.2422103488779884,2.3062511490984723,16887.07172079198
1172,11720,-1.466713700738385,-1.3449233001903154,0.22765345172517673,0.242336650449156,2.306299218871105,16901.478686333867
1173,11730,-1.4682845965254074,-1.2104872681670245,0.24206837807262124,0.24254917802795,2.306310239518309,16915.60009379196
1174,11740,-1.4575129801534175,-1.2519013701507227,0.33952064181326197,0.2426461973366195,2.305932793824648,16929.652556374902
1175,11750,-1.4711310796172326,-1.3113151087067385,0.13201942777304415,0.2429646018187716,2.3059827197347014,16943.954211124917
1176,11760,-1.447026668263959,-1.081221996836573,0.3666440460946764,0.24323419344741418,2.3058649663234996,16957.898089166963
1177,11770,-1.4623413088239898,-1.1809911752682176,0.42270742989817095,0.24350077989448643,2.3058473718592647,16972.168637084076
1178,11780,-1.4695320997001664,-1.0864118649132428,0.4087463535058845,0.2438106872708721,2.305973788424595,16986.36204300006
1179,11790,-1.4192407751331517,-0.9987439823453206,0.34426268650336594,0.24408927006525122,2.306229614965709,16999.86222845898
1180,11800,-1.463584422121321,-1.087171483417249,0.425867227630445,0.24424248572068882,2.3063588690995376,17014.187054750044
1181,11810,-1.4767449000086028,-1.286510586778503,0.2622215065571978,0.24433878872759338,2.3064107147780746,17028.434317499865
1182,11820,-1.4777471160483397,-1.157929164871519,0.2938912883458832,0.24441090699336246,2.306624240910396,17042.609931292012
1183,11830,-1.413642156204376,-1.2186440903427165,0.19446282614707677,0.24451661633811952,2.3066677635349824,17057.139659875073
1184,11840,-1.4652430732345225,-1.1842363240168148,0.3015458185077283,0.244548066107945,2.306842786516174,17071.272921375
1185,11850,-1.4337185838987914,-1.2901991143827418,0.21150137066584754,0.24446912317894112,2.3070153213995352,17085.75277645886
1186,11860,-1.473689833125273,-1.376087740487661,0.14567726149711677,0.24430473364659547,2.307285204727507,17099.630348624894
1187,11870,-1.454462210184725,-1.3127461880086273,0.175468364230916,0.24426542696616804,2.3074089023448594,17113.618916624924
1188,11880,-1.4455483599244907,-1.2401017170055848,0.23608218757355717,0.24417685469029485,2.3075644059360276,17127.575028334046
1189,11890,-1.4535031482261243,-1.3283930742524608,0.1261416395354222,0.2440688781826985,2.3078087963207152,17141.592888084007
1190,11900,-1.464489608004615,-1.2524409298819155,0.23374865454997648,0.24406161454117964,2.3084611566061652,17155.82114491705
1191,11910,-1.462002092013699,-1.1816714000959248,0.2921259109732242,0.24400770898877638,2.308611953417969,17169.930747249862
1192,11920,-1.4484725555436668,-1.2953769302269904,0.19899451020451822,0.2439252996283805,2.309053197430511,17183.893254874973
1193,11930,-1.440428204361723,-1.1912386750498514,0.38293415113867096,0.24390300378043622,2.309315598834649,17198.08634970896
1194,11940,-1.4749047384364955,-1.376099535349395,0.11929562298226404,0.243817691014426,2.309723559533198,17212.214953708928
1195,11950,-1.4820836080594573,-1.2804213304795677,0.26494361686505113,0.2437506083988505,2.3094755842754204,17226.633830084
1196,11960,-1.510456434473694,-1.3499887708343281,0.13337962437111053,0.24366870873244556,2.3100534403632964,17240.865845291875
1197,11970,-1.4657988927644352,-1.1555558488845548,0.2882112707592654,0.2435722835832408,2.3106660681764795,17255.309296916937
1198,11980,-1.4513520177372916,-1.2619942832810689,0.2587684804226935,0.24350448066282762,2.3109639305811926,17269.803891208954
1199,11990,-1.4876689894043542,-1.2070903450180963,0.3165256416990605,0.24344232848420289,2.311441188955889,17284.104797458975
1200,12000,-1.4445856641932613,-1.2551029124161566,0.20779013919664474,0.24332306915035323,2.311537413816778,17298.35873708385
