generation,evals_used,best_fitness,mean_fitness,std_fitness,sigma,condition_number,wall_time_s
1,10,-0.0819667249557261,0.03756108193742271,0.08287508476539703,0.5,1.0,15.170351875014603
2,20,-0.14995420532719184,-0.029548492502776823,0.06974783577968488,0.5,1.0,30.14112091693096
3,30,-0.19806444290289704,-0.007627830973490646,0.11554440699297552,0.5,1.0,44.934767874889076
4,40,-0.20969710256575613,-0.03107273908999897,0.08152505238535028,0.5,1.0,59.94118941691704
5,50,-0.33047216201990715,-0.04200793814301118,0.10134041630311898,0.5,1.0,72.56210591690615
6,60,-0.13540803387457867,0.0010120442235916015,0.08926441697606907,0.5,1.0,85.38021995895542
7,70,-0.49546138720616995,-0.09093266170560836,0.15243295872030493,0.5,1.0,98.39277995890006
8,80,-0.06375639283036261,0.0023589836447938774,0.028845169974442378,0.5,1.0,111.29236975009553
9,90,-0.10492652418026172,0.0030945524814937285,0.056114733585127245,0.5,1.0,124.71507762488909
10,100,-0.13652428580142395,0.012219036234629232,0.06435978291436835,0.5,1.0,137.532146750018
11,110,-0.18065719781410117,-0.0111930637732085,0.07245437946072728,0.5,1.0,150.5647317499388
12,120,-0.062436450686950806,-0.0020418026666310317,0.050895349691986426,0.5,1.0,163.78976895892993
13,130,-0.1418562933362315,-0.0019920956398930658,0.07057666101412141,0.5,1.0,176.46843779203482
14,140,-0.17919897225303316,0.019991532616769093,0.08422550783398448,0.5,1.0,189.214116709074
15,150,-0.03640154661406836,0.013675434298442113,0.05326858076377447,0.5,1.0,202.2572645000182
16,160,-0.2082837263301478,-0.03246669069849837,0.09252051332777818,0.5,1.0,215.30179508402944
17,170,-0.09501662846853876,0.006347823006855879,0.05422541295139002,0.5,1.0,228.18533308408223
18,180,-0.19713663817690463,-0.029986194596717298,0.0971797747521729,0.5,1.0,240.89682391704991
19,190,-0.1490551459403946,-0.007444849827145816,0.07788838484927695,0.5,1.0,253.72141154203564
20,200,-0.08573139888822734,-0.0033558280782024497,0.05933938388731576,0.5,1.0,266.1852835000027
21,210,-0.05880896248763712,0.00920021061009777,0.03637500062108214,0.5,1.0,279.0980472089723
22,220,-0.3260152942270338,-0.04815099108798933,0.10835117093962923,0.5,1.0,291.92685320903547
23,230,-0.13156991503890936,-0.021777992560982007,0.07988423221347332,0.5,1.0,305.4699589589145
24,240,-0.38354256746456894,-0.06068456677626832,0.11337095180167744,0.5,1.0,318.7119120839052
25,250,-0.45549033002091033,-0.11579669885131105,0.1740826686565725,0.5,1.0,331.1273002089001
26,260,-0.07813965396081546,-0.00017895829610328206,0.050183656771783755,0.5,1.0,343.80503854202107
27,270,-0.11348583380986366,-0.02286586034447886,0.0596904824138347,0.5,1.0,356.5167570419144
28,280,-0.2135309102278944,-0.026714103884058017,0.1068881928741383,0.5,1.0,369.5591410419438
29,290,-0.2859760948698309,-0.03194354553736822,0.1025787886754954,0.5,1.0,382.763188916957
30,300,-0.2651543727824732,0.009399278442985538,0.10292585929215489,0.5,1.0,396.1809825839009
31,310,-0.15397353079796616,1.0202945344736103,2.9948185691172324,0.5,1.0,409.6442476250231
32,320,-0.3516496372136224,-0.0009079131288573627,0.14431921959343014,0.5,1.0,422.5259835841134
33,330,-0.045334213517171484,0.003504957362259109,0.04208917526562733,0.5,1.0,435.9157498748973
34,340,-0.20783467438161995,0.006778113889170445,0.1449688858827906,0.5,1.0,448.7377481670119
35,350,-0.17156889827115762,-0.02542702008534432,0.10600044965471742,0.5,1.0,461.92226245906204
36,360,-0.3049491621519014,-0.00742618924674252,0.10654962923278763,0.5,1.0,475.21798820910044
37,370,-0.07667450975103396,0.025455136638987595,0.079693177249171,0.5,1.0,487.84528241702355
38,380,-0.3726996315678983,-0.02640253249631881,0.15043342492334424,0.5,1.0,501.2200358340051
39,390,-0.2066210445221568,-0.02431516343371447,0.09137746694891094,0.5,1.0,514.213269167114
40,400,-0.2809248936498019,-0.02705231156875163,0.09152933917434637,0.5,1.0,527.9167514999863
41,410,-0.15221348080345543,-0.010120607431375727,0.07034006095690022,0.5,1.0,540.9884480840992
42,420,-0.12558278189804017,-0.03517580094012969,0.04733391353422539,0.5,1.0,554.2109696669504
43,430,-0.40494918414777636,-0.06991673846169029,0.13251212375501623,0.5,1.0,566.8625485419761
44,440,-0.17258862005689135,-0.003990974853309126,0.0729200703419712,0.5,1.0,580.7390865420457
45,450,-0.06075204103082754,0.036790160260605734,0.09635004627590721,0.5,1.0,594.131859709043
46,460,-0.47238073018257243,-0.06573963036322947,0.15153033527635235,0.5,1.0,606.98975362489
47,470,-0.043045378979306825,0.03974782635091696,0.06453292022307973,0.5,1.0,619.9884327920154
48,480,-0.16776109320225618,-0.04837066973808213,0.07824277275234251,0.5,1.0,633.2755176669452
49,490,-0.2526565963074656,0.03381903779718272,0.11469952817166483,0.5,1.0,646.9130653340835
50,500,-0.11380533467526988,0.023782871939692994,0.0867741379384026,0.5,1.0,660.215319625102
51,510,-0.04523779958179741,0.009506015645039589,0.07066401351726129,0.5,1.0,673.1774733751081
52,520,-0.22714809849217232,-0.018122843151957824,0.08292080126238588,0.5,1.0,686.1678796249907
53,530,-0.12274842171307299,-0.03049439538896408,0.05043896530945084,0.5,1.0,699.5822394590359
54,540,-0.1598965786687776,-0.03220541707088538,0.05859214703493551,0.5,1.0,712.9735364590306
55,550,-0.11933782971435658,-0.037060746228524,0.06841830588235445,0.5,1.0,725.8437685840763
56,560,-0.08753157423772606,0.004702098653022358,0.05184024313415035,0.5,1.0,739.1992872920819
57,570,-0.08082922152819894,0.0021043973839062423,0.04500672424262772,0.5,1.0,751.9021413750015
58,580,-0.3173476365793739,-0.07042328497499932,0.11230810995173268,0.5,1.0,764.7713700421154
59,590,-0.15026442603860257,-0.00508698150165694,0.09219827109537387,0.5,1.0,777.5828375420533
60,600,-0.22804996926805732,-0.00012571226724142904,0.09500491803077957,0.5,1.0,790.5417352500372
61,610,-0.09729935774188991,-0.0017890574011979687,0.05935328345841769,0.5,1.0,803.2383097501006
62,620,-0.30858485426407256,0.9528472847458016,3.0177159807291707,0.5,1.0,816.0800725840963
63,630,-0.3433521973584961,0.008538124168160887,0.15278382481862096,0.5,1.0,829.1146614169702
64,640,-0.27572318278407515,-0.05800855817215176,0.08937885515758257,0.5,1.0,841.9608819999266
65,650,-0.2887007634584906,-0.047649124304704936,0.0860341397852776,0.5,1.0,855.3115664999932
66,660,-0.15813719664706127,0.0006014670234027797,0.08550005476199155,0.5,1.0,868.5731152500957
67,670,-0.10682052401427278,0.052524507996075796,0.14334188864167563,0.5,1.0,881.0988186250906
68,680,-0.08861032706320948,-0.0060371848634174444,0.06724822709293307,0.5,1.0,894.0123280000407
69,690,-0.07637321254978513,0.01643061370880856,0.07369262421795933,0.5,1.0,907.5543797500432
70,700,-0.08767103710715585,-0.021845293955087365,0.044055364523771096,0.5,1.0,921.6032476250548
71,710,-0.3541934487661793,-0.04603549147945261,0.1274039727393235,0.5,1.0,934.8555895420723
72,720,-0.11143961320068652,-0.007671673236114529,0.04783124574114324,0.5,1.0,948.293685792014
73,730,-0.2565079693733816,-0.015026909134860045,0.12004473334348541,0.5,1.0,961.3565997499973
74,740,-0.1713008492134609,-0.02457108484796162,0.07139441028610836,0.5,1.0,974.8153594590258
75,750,-0.2786445715799237,-0.039251977692027394,0.13151509144152806,0.5,1.0,988.75726433401
76,760,-0.12587202761750138,0.008384598884574412,0.055275945416160925,0.5,1.0,1002.3229282500688
77,770,-0.08713454976225421,0.0034561307050412714,0.047304551209200456,0.5,1.0,1016.0499791670591
78,780,-0.3630531110330564,-0.06635655627087607,0.1616040100396402,0.5,1.0,1028.945808666991
79,790,-0.2015882718355666,-0.016317641158265596,0.07972002234789945,0.5,1.0,1042.2305811250117
80,800,-0.23507069578270468,-0.01757084707233645,0.1057592154971411,0.5,1.0,1055.8491163749713
81,810,-0.2322908883815371,-0.02877934790768464,0.11157122033934791,0.5,1.0,1068.9689187500626
82,820,-0.03997409628290072,0.0002003085394401971,0.036902709021870095,0.5,1.0,1081.70684166695
83,830,-0.05487254786451068,0.03343704619448493,0.04857750421149437,0.5,1.0,1095.0909919170663
84,840,-0.12880016492993107,-0.0005794257941944992,0.09127195859024541,0.5,1.0,1107.825378583977
85,850,-0.20864966663964957,-0.0626872101321693,0.06174198817093103,0.5,1.0,1120.5232824170962
86,860,-0.2602564932080291,-0.010361202125956481,0.1127434026254605,0.5,1.0,1133.4138811249286
87,870,-0.0678418833005372,-0.005674614166542469,0.035870225044693005,0.5,1.0,1146.755937000038
88,880,-0.1661311124356022,0.01166950065910619,0.12025123193460868,0.5,1.0,1160.0380594590679
89,890,-0.13894838930265507,-0.00987132741178547,0.06416444581961193,0.5,1.0,1172.6427530839574
90,900,-0.25473249930631336,-0.03780112853564255,0.10623590472325822,0.5,1.0,1185.6531852090266
91,910,-0.08451246228809062,0.009574438647929196,0.04489048065975784,0.5,1.0,1198.8457800000906
92,920,-0.07249499047374108,0.0008403902962337284,0.0366570753327246,0.5,1.0,1211.784427583916
93,930,-0.2929566525928715,-0.05632918355627261,0.10522896222311968,0.5,1.0,1225.3675043340772
94,940,-0.33890361943940306,-0.056595073375429905,0.1055221741844859,0.5,1.0,1238.350315042073
95,950,-0.18262142328055742,-0.04392899780973236,0.05660736264793567,0.5,1.0,1250.9339807920624
96,960,-0.09439993464465157,-0.018228262720358667,0.05189186975654021,0.5,1.0,1264.2892132089473
97,970,-0.1042741367121085,-0.03037575507627146,0.04030414663031596,0.5,1.0,1277.2033771250863
98,980,-0.11152785336083415,0.007553847494111743,0.06265647685360257,0.5,1.0,1289.9732567500323
99,990,-0.18854788769418906,0.011515790406347915,0.11093757137744088,0.5,1.0,1302.6380840421189
100,1000,-0.14976580700913011,0.0020334669823521166,0.13410293977405344,0.5,1.0,1315.5950823749881
101,1010,-0.16663982243021014,-0.011422206087743803,0.0738289235804949,0.5,1.0,1328.5720025841147
102,1020,-0.1760012002269038,-0.0329130669882316,0.06348287711835646,0.5,1.0,1341.6635548749473
103,1030,-0.25048580262270814,-0.003926491989600845,0.10193742123934278,0.5,1.0,1354.3621307499707
104,1040,-0.3046560364366657,-0.06268423113055474,0.1453355126381151,0.5,1.0,1367.6146017920692
105,1050,-0.10440129657400998,-0.0167232802594655,0.05325734009930533,0.5,1.0,1381.1761021669954
106,1060,-0.30302811985822853,-0.0022550051721609067,0.14345493227233638,0.5,1.0,1393.5236545000225
107,1070,-0.15692430925713374,-0.019952722298034863,0.09141071863005527,0.5,1.0,1406.2938325840514
108,1080,-0.09961837702716725,0.033004716208625065,0.09457154199412403,0.5,1.0,1418.778982708929
109,1090,-0.07975839080871427,-0.008563652156417589,0.05292063578347234,0.5,1.0,1431.8161668339744
110,1100,-0.17330134558032828,-0.008464016025818477,0.10125725637573053,0.5,1.0,1444.3499348750338
111,1110,-0.2582548741402899,-0.02511040715067949,0.09454126053432582,0.5,1.0,1457.3016774998978
112,1120,-0.33241064144062715,-0.06844447796547196,0.12121559615112044,0.5,1.0,1469.9386546250898
113,1130,-0.1209437449965689,0.00564568562754868,0.09206547414430447,0.5,1.0,1482.9251686669886
114,1140,-0.09934021352585098,0.03049697957643289,0.07960039814900005,0.5,1.0,1495.3973035840318
115,1150,-0.1396356638424363,0.0695707614600928,0.1862988114198701,0.5,1.0,1508.4584820000455
116,1160,-0.12530629724111808,0.013715821155768105,0.10047973422145294,0.5,1.0,1521.3482365000527
117,1170,-0.021151003130046142,0.03597302821227908,0.07838089793936777,0.5,1.0,1534.5655297089834
118,1180,-0.08333223618854024,0.011347123655915059,0.06842972084987906,0.5,1.0,1547.6627114999574
119,1190,-0.14705937236427236,-0.0452271838228838,0.05637629967683643,0.5,1.0,1560.5649639589246
120,1200,-0.10474250556233677,0.013309181282891113,0.07547050494264418,0.5,1.0,1573.3580935420468
121,1210,-0.30172256701242084,0.0003923029088078067,0.1122535199948573,0.5,1.0,1586.3385024170857
122,1220,-0.20224354069353545,-0.0376263914871382,0.07461547381535057,0.5,1.0,1599.1849614169914
123,1230,-0.23830181189171107,-0.0938750862470811,0.06683697675350299,0.5,1.0,1611.6401080840733
124,1240,-0.14647151892091603,-0.006748664559149198,0.07684676197951615,0.5,1.0,1625.0642869169824
125,1250,-0.14768754787670524,-0.0193716976804442,0.0678103683777262,0.5,1.0,1637.9626887089107
126,1260,-0.14489282008601645,-0.025939022005270918,0.08879721725961219,0.5,1.0,1650.5259792089928
127,1270,-0.08801991996983904,0.010589582419123911,0.051074755512253905,0.5,1.0,1664.3191748340614
128,1280,-0.12793798414109414,-0.0020901375768961118,0.07822574651784855,0.5,1.0,1677.818516083993
129,1290,-0.05181263780222878,0.9966273790606894,3.001488710150999,0.5,1.0,1691.885424542008
130,1300,-0.10367808528262401,-0.0034093695228990307,0.04912204850460702,0.5,1.0,1705.50504091708
131,1310,-0.050768655432900545,0.013132935368675724,0.0388607427948398,0.5,1.0,1719.7091295421124
132,1320,-0.12755768460543582,-0.015890900074190206,0.07082427338085243,0.5,1.0,1732.7766997090075
133,1330,-0.11880786962211776,-0.01084344419154899,0.0713422750642535,0.5,1.0,1746.208172291983
134,1340,-0.1479926071777644,-0.012294261665418915,0.07910217106982373,0.5,1.0,1758.900906875031
135,1350,-0.2631015038066771,-0.05544521934724678,0.09725458880771055,0.5,1.0,1771.3799314999487
136,1360,-0.21848494000182583,0.049606580081531335,0.14007202802116417,0.5,1.0,1783.8661173339933
137,1370,-0.07341567853863573,-0.0017882702166638787,0.041676939473205624,0.5,1.0,1796.6057934169658
138,1380,-0.1894868688403566,0.02041494728919835,0.08406606611136125,0.5,1.0,1809.8418982920703
139,1390,-0.11750689960373606,0.027506553188191063,0.18587654660565783,0.5,1.0,1822.6516787090804
140,1400,-0.16882021270908343,-0.04224007304375155,0.0700754651264886,0.5,1.0,1835.5328714998905
141,1410,-0.1701243126884604,-0.03724274306924809,0.06522014327816211,0.5,1.0,1848.8428674999159
142,1420,-0.11252004267420279,0.0068013251251557,0.0563338934194384,0.5,1.0,1861.6999125420116
143,1430,-0.23680743515950553,0.018771877401179006,0.1230038531225406,0.5,1.0,1874.440156583907
144,1440,-0.21685976745889768,-0.002792550421253548,0.15304484123213696,0.5,1.0,1887.0998754589818
145,1450,-0.1466818593750192,-0.024461838592694372,0.07337804287513021,0.5,1.0,1901.1818898341153
146,1460,-0.16363677832113854,0.04109666832012282,0.1468700929497195,0.5,1.0,1913.662613792112
147,1470,-0.13922346890272763,0.03989397048944543,0.12867535614495398,0.5,1.0,1926.879572249949
148,1480,-0.3305837879402045,0.012639537315602033,0.1279385080469301,0.5,1.0,1940.0909179591108
149,1490,-0.0670535444282665,-0.009120419314426531,0.04736453489215665,0.5,1.0,1952.7857435420156
150,1500,-0.21173445364501564,0.9885797062767014,3.0050262762362676,0.5,1.0,1966.001702874899
151,1510,-0.12421818564602383,0.03022000423926663,0.09683259637851858,0.5,1.0,1979.0326882500667
152,1520,-0.19438330004638527,-0.013267614693284724,0.08813575813388692,0.5,1.0,1992.4949507920537
153,1530,-0.08407646767763755,0.04263743915220539,0.07928217680920953,0.5,1.0,2005.0766326249577
154,1540,-0.10413245049319375,-0.0022350730789202798,0.06773788359564777,0.5,1.0,2018.5874168749433
155,1550,-0.12864351159169907,-0.024122828610327662,0.047108394660103914,0.5,1.0,2031.9412384589668
156,1560,-0.24555801062871918,-0.029310691390126032,0.09148343491948718,0.5,1.0,2044.414480458945
157,1570,-0.07692185943375573,0.019600905440622273,0.054933660891114955,0.5,1.0,2056.850855875062
158,1580,-0.27296190032304324,-0.08721361116636546,0.0903801017021182,0.5,1.0,2069.7674349169247
159,1590,-0.06788718640555746,-0.0022622753155441266,0.03810210167321454,0.5,1.0,2082.8137142919004
160,1600,-0.057466671639114786,-0.0040093330875758506,0.04263678977760525,0.5,1.0,2095.65034654201
161,1610,-0.0786734167257741,-0.02731713220644343,0.049198253897833964,0.5,1.0,2108.9766083750874
162,1620,-0.12499158274267952,0.008323276498947063,0.0697846990563005,0.5,1.0,2122.3650257089175
163,1630,-0.09456546205875416,0.02063550363782447,0.09254677869667878,0.5,1.0,2135.2342583748978
164,1640,-0.017667106185481174,0.045905243175192026,0.050684477641357785,0.5,1.0,2148.1236529171
165,1650,-0.24768383028824292,-0.042093560194878865,0.11248861987915498,0.5,1.0,2161.2924029170536
166,1660,-0.08681630435870069,-0.00924952824345313,0.08897081242031447,0.5,1.0,2174.0381235419773
167,1670,-0.15124824231721679,0.0043376323058305745,0.07518421782584002,0.5,1.0,2186.9234982091
168,1680,-0.1693334999093663,-0.0028859984239061553,0.1009030259581312,0.5,1.0,2200.4729552499484
169,1690,-0.18804042875335547,0.014857047844210935,0.10537935634671862,0.5,1.0,2213.415147416992
170,1700,-0.21787077435175473,0.012170359442732792,0.14115037359643487,0.5,1.0,2226.1710409589577
171,1710,-0.08632255675014111,-0.0066225009979834935,0.05333927223387362,0.5,1.0,2239.3353791669942
172,1720,-0.12567269528832803,0.03848366708885829,0.1348478705034377,0.5,1.0,2252.1134827090427
173,1730,-0.08491513673828788,0.03218867512049082,0.0976072904355688,0.5,1.0,2266.02734883409
174,1740,-0.2226318752430929,0.010405195611721573,0.09522615537144159,0.5,1.0,2278.9874462499283
175,1750,-0.1282460461663728,-0.04907780095208301,0.06774538602820263,0.5,1.0,2291.903398167109
176,1760,-0.10207721778368484,0.004081189739886959,0.06236843830402843,0.5,1.0,2305.2130539999343
177,1770,-0.11177413119887714,0.002261500788793036,0.08179559164816247,0.5,1.0,2317.994662791956
178,1780,-0.15398114479030411,0.00791007026106838,0.08436280751194733,0.5,1.0,2330.542197041912
179,1790,-0.10817652856404081,0.022672450101692655,0.08277597509353263,0.5,1.0,2343.666524417
180,1800,-0.045215261045383315,0.026102444301535944,0.06241011930976746,0.5,1.0,2356.69087779196
181,1810,-0.2140170511692201,0.0166808631168875,0.10675938606728168,0.5,1.0,2369.9185076670256
182,1820,-0.14430064411836163,0.002810555678566207,0.08907652623773776,0.5,1.0,2382.8530577919446
183,1830,-0.4321214946642762,-0.039183024128893074,0.13599864079270374,0.5,1.0,2395.664620249998
184,1840,-0.09461302844116037,-0.0001831789144521423,0.04532217902409675,0.5,1.0,2408.429339000024
185,1850,-0.2507390525122064,-0.04676557350163861,0.12382772448943649,0.5,1.0,2421.2521268338896
186,1860,-0.16259065089400693,0.013153804633929234,0.07921877480500782,0.5,1.0,2434.1983125419356
187,1870,-0.1594304821971555,-0.022951124749068175,0.0602440641271599,0.5,1.0,2447.3321351250634
188,1880,-0.1476709606181723,0.02191702614348303,0.10499871311147951,0.5,1.0,2460.0696154590696
189,1890,-0.15040922871690032,-0.046284580720037646,0.06637833755908944,0.5,1.0,2473.306341666961
190,1900,-0.046796446391023316,0.0385101971730065,0.06917935893847592,0.5,1.0,2486.561780875083
191,1910,-0.2729098037942981,-0.01626431539404196,0.12824167929003585,0.5,1.0,2499.8005987920333
192,1920,-0.03771380633066457,0.04795304031048433,0.07473303998123723,0.5,1.0,2513.2187348750886
193,1930,-0.23186293315383733,-0.027350777207321108,0.12550358493079145,0.5,1.0,2526.4253223750275
194,1940,-0.25360574777730616,-0.049778677925317184,0.10768255817529306,0.5,1.0,2539.5714902919717
195,1950,-0.09144954019458851,-0.02874910805773929,0.03981300465676677,0.5,1.0,2552.265311416937
196,1960,-0.32202003848908856,-0.07659306482785792,0.1154575334767984,0.5,1.0,2565.907793459017
197,1970,-0.15850516652680113,-0.03500333365938424,0.05795658264321509,0.5,1.0,2578.570162292104
198,1980,-0.14466766272815956,0.0042599554225598805,0.07378672846067923,0.5,1.0,2591.5187368339393
199,1990,-0.14881684014740237,0.9892457455270328,3.004398135207467,0.5,1.0,2603.8699611250777
200,2000,-0.34893702426244744,-0.03492737068572582,0.15151549254817087,0.5,1.0,2616.964251291938
201,2010,-0.345569401074191,-0.05425689826469524,0.11079969549449277,0.5,1.0,2629.259028959088
202,2020,-0.17363040773141947,0.055045870517954044,0.16950127158906048,0.5,1.0,2641.973251333926
203,2030,-0.4249705444410159,-0.037739245676147525,0.17771977314881374,0.5,1.0,2654.434233542066
204,2040,-0.3069401433763854,-0.06788370822942706,0.11581921314357987,0.5,1.0,2667.1740047091153
205,2050,-0.5390398681812343,-0.062459003753661334,0.16974749408228784,0.5,1.0,2680.2751279170625
206,2060,-0.15835210565364033,-0.0072897655517464525,0.07748052166339303,0.5,1.0,2693.082673334051
207,2070,-0.07192804199672675,0.03073231352931538,0.08620123191869371,0.5,1.0,2706.3672731670085
208,2080,-0.38410633774677727,-0.02159554149843581,0.12890798149359223,0.5,1.0,2719.2744292919524
209,2090,-0.15316683522352736,0.01658046513013165,0.08533971236563018,0.5,1.0,2732.468922500033
210,2100,-0.17668621112711946,-0.021032956719905283,0.08765348482500744,0.5,1.0,2745.6912495419383
211,2110,-0.06089101563877897,0.02836231453111333,0.0628048358711064,0.5,1.0,2758.7711894169915
212,2120,-0.16756502771477066,0.9740952391023407,3.009793778333962,0.5,1.0,2771.591793041909
213,2130,-0.13134152488725892,-0.014396949788417856,0.056001210476213946,0.5,1.0,2784.9164008339867
214,2140,-0.21163882419432234,-0.03354015706142706,0.08199249188786426,0.5,1.0,2798.1858076250646
215,2150,-0.12178275267394412,0.030867063216107216,0.0697652386738583,0.5,1.0,2811.531366334064
216,2160,-0.0565329989562251,0.0051803278434668695,0.027441590360211727,0.5,1.0,2824.099143625004
217,2170,-0.10749709639799043,0.004769491309033924,0.057465625793046766,0.5,1.0,2836.6672506250907
218,2180,-0.19483897418157436,-0.06717264104161433,0.07132518774681684,0.5,1.0,2849.00511329202
219,2190,-0.2176020595309236,-0.02034176710544715,0.09164490687012082,0.5,1.0,2863.2848439170048
220,2200,-0.13339366061911484,0.01767059627263734,0.0640543287561524,0.5,1.0,2875.832724292064
221,2210,-0.1803042255330629,-0.0005025322244708086,0.09169430509723385,0.5,1.0,2888.336726249894
222,2220,-0.11210861575889819,-0.04223862451650166,0.056651623913217555,0.5,1.0,2900.9504773339722
223,2230,-0.17695603344331,-0.011308019544581693,0.10028658097893763,0.5,1.0,2913.1337260000873
224,2240,-0.231026856594867,-0.010206624468520609,0.10852075119190654,0.5,1.0,2926.2287208749913
225,2250,-0.18935974331686367,-0.03940770526385799,0.10733519343092053,0.5,1.0,2939.0356591250747
226,2260,-0.14086201765975304,-0.0133385076737631,0.07884992883666089,0.5,1.0,2952.2336955841165
227,2270,-0.15922863409717358,-0.029906813737633355,0.06508160329943177,0.5,1.0,2965.2896253340878
228,2280,-0.10628007355176994,0.011776086150348775,0.060990187730053005,0.5,1.0,2978.6429127498996
229,2290,-0.11389553991928825,-0.00493535769971114,0.07290198762601743,0.5,1.0,2991.9356919170823
230,2300,-0.13808187855600007,0.006024507967438808,0.10623575445268281,0.5,1.0,3005.1691422089934
231,2310,-0.2009119501304042,-0.028062383088842503,0.0859306284034011,0.5,1.0,3017.802550625056
232,2320,-0.12978090461673464,0.009020150855763376,0.10082463146751362,0.5,1.0,3030.7000275840983
233,2330,-0.08262135295043116,-0.02156106970504954,0.053708658660135467,0.5,1.0,3044.1863694170024
234,2340,-0.12533684636979192,0.0029546479473856026,0.0809289568506372,0.5,1.0,3057.044931875076
235,2350,-0.08563419629106672,0.026695257828360665,0.07262134152704891,0.5,1.0,3069.6879411248956
236,2360,-0.08415921016252703,0.01718543975213178,0.08305837818870757,0.5,1.0,3082.678253500024
237,2370,-0.041320602434175235,0.058840868411357675,0.08800301838577941,0.5,1.0,3095.692400125088
238,2380,-0.04933003749743925,0.022067425367641124,0.07901889931337841,0.5,1.0,3108.9552888749167
239,2390,-0.05287017343046774,0.018454176477185235,0.06258453683658075,0.5,1.0,3121.4767081669997
240,2400,-0.019387571899059708,0.0650680118287215,0.05564314793342108,0.5,1.0,3134.4532054169104
241,2410,-0.08823583522051681,0.004321189849377749,0.06474332110202664,0.5,1.0,3147.6822817090433
242,2420,-0.30407787482908333,-0.03761322092820611,0.12506892381307505,0.5,1.0,3160.69955816702
243,2430,-0.11270261474545151,0.10491686684496279,0.20551315222591263,0.5,1.0,3173.0648344589863
244,2440,-0.26843904430566745,-0.027579360010552632,0.1216085226972597,0.5,1.0,3185.7944694589823
245,2450,-0.3197981415269444,-0.014699309907603375,0.10975776809442636,0.5,1.0,3199.182718666969
246,2460,-0.0925377985466822,-0.004921066464377688,0.07714910752669081,0.5,1.0,3211.927284250036
247,2470,-0.043231059160421026,0.044648700721212096,0.06474022426647251,0.5,1.0,3224.5864444999024
248,2480,-0.14009674459328725,-0.03705851637830513,0.08852232669839283,0.5,1.0,3237.0976525000297
249,2490,-0.11970392691119347,0.027421768824255822,0.09517354446745435,0.5,1.0,3249.7115985839628
250,2500,-0.2868939375208308,-0.04264897764075002,0.11396109787819549,0.5,1.0,3262.6509865839034
251,2510,-0.28109002537631067,-0.031956884305494704,0.09750368803077054,0.5,1.0,3275.139848208986
252,2520,-0.2643796437601402,-0.024549534987717347,0.1162382136884083,0.5,1.0,3288.5816521670204
253,2530,-0.20296685357866195,-0.0009676417435766638,0.12189745297806948,0.5,1.0,3302.0140791248996
254,2540,-0.032985600897356804,0.07038696666079139,0.09770845970878328,0.5,1.0,3315.6487667919137
255,2550,-0.10352744153974047,0.0036679640437207615,0.054168244072753315,0.5,1.0,3328.845331874909
256,2560,-0.5410999879198348,0.9397206605015007,3.025742017860117,0.5,1.0,3341.6428915420547
257,2570,-0.10830427682589328,0.014370834310977276,0.06359408938014648,0.5,1.0,3354.2230672501028
258,2580,-0.09702375694316068,-0.016749440226376144,0.07479261457880956,0.5,1.0,3367.3199793340173
259,2590,-0.12275947529491216,-0.0004840115128216027,0.0872302506782238,0.5,1.0,3379.7712019169703
260,2600,-0.48051572833009626,-0.05444527550065441,0.14761927511228298,0.5,1.0,3392.4957376669627
261,2610,-0.08902338338163407,-0.001514951794575481,0.05929549290012652,0.5,1.0,3405.5303951669484
262,2620,-0.15956142231764847,-0.025816686489258788,0.068743770330473,0.5,1.0,3419.073978458997
263,2630,-0.031231711546023888,0.01132755125690208,0.04201470621776151,0.5,1.0,3431.784522375092
264,2640,-0.12251155240989942,0.03698771276178805,0.09733057894577515,0.5,1.0,3444.354906792054
265,2650,-0.08822625679357987,0.0006598818365704418,0.05422096829470486,0.5,1.0,3457.392439709045
266,2660,0.014196328727801522,0.044878260571752995,0.02458196107654374,0.5,1.0,3470.607770791976
267,2670,-0.20014367633273356,-0.008152695086679351,0.15954751857025867,0.5,1.0,3483.9500293750316
268,2680,-0.1235636220230294,-0.02366597020011447,0.0690833317393089,0.5,1.0,3496.679611833999
269,2690,-0.2144799079252797,2.5543307187003705e-05,0.10207522973797326,0.5,1.0,3509.6999615840614
270,2700,-0.11810297735485076,0.024146526864261997,0.12367641139477545,0.5,1.0,3522.6613473750185
271,2710,-0.10687325696570937,0.0034739435828258893,0.07087195971687878,0.5,1.0,3535.3273480420467
272,2720,-0.21769655240602148,0.01833110768192183,0.12131012722162474,0.5,1.0,3548.1193317091092
273,2730,-0.32936570100796025,-0.03271522115378946,0.167617003129564,0.5,1.0,3560.731250291923
274,2740,-0.12431256229503607,-0.015123173633240405,0.051358170694760105,0.5,1.0,3573.27826820896
275,2750,-0.22731129162497865,-0.02851924843225211,0.08917819529895946,0.5,1.0,3586.0678733340465
276,2760,-0.08866378377553463,-0.012557387100616425,0.08235667963020966,0.5,1.0,3599.2265256668907
277,2770,-0.13955112519779966,0.01828348649742102,0.07646760765558724,0.5,1.0,3611.9242410419974
278,2780,-0.2235281098598474,-0.035881148361567125,0.0804628682561858,0.5,1.0,3624.845788625069
279,2790,-0.1756582550422836,0.024444114819160402,0.14044414040603065,0.5,1.0,3638.201746917097
280,2800,-0.18478071468391377,-0.0069943010366775304,0.14565183095132941,0.5,1.0,3651.256352167111
281,2810,-0.06966752418588751,0.03624790093325627,0.1331506813865277,0.5,1.0,3664.2002177499235
282,2820,-0.15359216763915828,0.02997670665461989,0.09367875415230491,0.5,1.0,3677.055841667112
283,2830,-0.1409415001186538,-0.01235729145834048,0.05489466468764199,0.5,1.0,3689.859529417008
284,2840,-0.2295682221223636,-0.03577726038760707,0.09570534758068153,0.5,1.0,3703.6561524590943
285,2850,-0.42293529366714555,-0.039746595293415246,0.1392130283106404,0.5,1.0,3717.1163550419733
286,2860,-0.2319800122136657,-0.016743508946947115,0.11653484695241442,0.5,1.0,3729.751824375009
287,2870,0.0024517860207868836,0.0468919024394391,0.05359746955161609,0.5,1.0,3743.275407416979
288,2880,-0.06956399589146667,0.0011128774854749501,0.03828994408291841,0.5,1.0,3756.1525312499143
289,2890,-0.10975959492754583,0.029102139350247747,0.11405888548136822,0.5,1.0,3769.068560084095
290,2900,-0.054954811803701986,0.022690141281470223,0.049203345084078115,0.5,1.0,3781.9492312090006
291,2910,-0.24729556121156637,-0.0700812483660358,0.07953178464610682,0.5,1.0,3794.3532877499238
292,2920,-0.2135928021888951,0.019539933256483087,0.11976384635227304,0.5,1.0,3806.9944235000294
293,2930,-0.15472866156979403,-0.008621671722154289,0.08939180935889521,0.5,1.0,3820.327009000117
294,2940,-0.09780837363238426,0.04267635825006977,0.0710127778437464,0.5,1.0,3833.273015917046
295,2950,-0.044995893999051795,0.02826331077245099,0.05933926571907064,0.5,1.0,3846.5098194999155
296,2960,-0.16659107064421974,0.002958819176529559,0.06920639365868697,0.5,1.0,3859.61004912504
297,2970,-0.14368615573774157,-0.0036815043190135733,0.0529616538622564,0.5,1.0,3873.2143745420035
298,2980,-0.15228220554599137,-0.02414125653743815,0.0660692992947229,0.5,1.0,3886.5952558750287
299,2990,-0.1095010149754927,-0.0013892235814370935,0.05584655744266217,0.5,1.0,3900.1191413339693
300,3000,-0.05894162017009119,0.007621828464722568,0.04715226774620253,0.5,1.0,3913.1499320839066
301,3010,-0.18342665341141373,-0.04162142565526912,0.071792197829007,0.5,1.0,3925.7845019169617
302,3020,-0.2919626826639057,-0.0461122411708824,0.11401748696406781,0.5,1.0,3938.656660916982
303,3030,-0.13475159309063578,0.02484216720329213,0.0935602844025423,0.5,1.0,3952.0445025418885
304,3040,-0.24540539155847707,-0.04668930085630878,0.07771506017975953,0.5,1.0,3964.615220667096
305,3050,-0.26512877412619495,-0.03441402213707336,0.10303310668421119,0.5,1.0,3977.733412208967
306,3060,-0.06475987062190658,0.042339952107482225,0.07588338139011072,0.5,1.0,3990.5038780840114
307,3070,-0.13878253167057775,-0.03832879346411842,0.06587208749029014,0.5,1.0,4003.060054041911
308,3080,-0.3710607852506964,-0.05087483342250918,0.13335367839836532,0.5,1.0,4016.2819713749923
309,3090,-0.525100690570893,-0.012986023109096667,0.1912608150209651,0.5,1.0,4029.0446804170497
310,3100,-0.09788614534587836,-0.012969868719303789,0.04761457612534152,0.5,1.0,4042.1932672089897
311,3110,-0.1836935697530926,-0.029650961420785826,0.09321379512077502,0.5,1.0,4054.598373667104
312,3120,-0.21277101295516498,-0.012308663200844717,0.07388878155816582,0.5,1.0,4067.7264455000404
313,3130,-0.29633781221024424,-0.0405750630154782,0.11110038014025926,0.5,1.0,4080.407337124925
314,3140,-0.11864162880672868,-0.02653545843428127,0.06858465385880971,0.5,1.0,4093.2899259999394
315,3150,-0.18503408942114152,0.002828347109772267,0.09118839838803955,0.5,1.0,4106.198737333994
316,3160,-0.0993802578317684,0.035927570107897024,0.08175962136723154,0.5,1.0,4119.039590291912
317,3170,-0.12964982337284514,-0.02428514425952768,0.053732081509802895,0.5,1.0,4131.784552542027
318,3180,-0.16286838115175062,-0.0015070415226550616,0.0665181615440084,0.5,1.0,4144.775556291919
319,3190,-0.05337894900886386,0.017568966615338955,0.06560049004679307,0.5,1.0,4157.6226640839595
320,3200,-0.0599850291849533,0.016807752122610875,0.04997012070889556,0.5,1.0,4170.643396083964
321,3210,-0.23025157634040117,-0.015233951590007778,0.0847191988954843,0.5,1.0,4183.977059625089
322,3220,-0.29410467587398514,-0.013744366814876407,0.11643837204154424,0.5,1.0,4197.317703000037
323,3230,-0.21445908713413075,-0.010044615188161733,0.10052895071335856,0.5,1.0,4209.8982570420485
324,3240,-0.14536735596863082,-0.020089612580474904,0.08718585837595226,0.5,1.0,4222.945987875108
325,3250,-0.14447147053872378,0.9529658891215543,3.0161748332560463,0.5,1.0,4235.328511208994
326,3260,-0.15420677491303092,-0.006329599541719766,0.05854653648072843,0.5,1.0,4248.604332874995
327,3270,-0.20989993945269614,-0.01078375705002257,0.10601643606561055,0.5,1.0,4260.937292000046
328,3280,-0.15213349687254318,-0.023593909098582076,0.07105623493766487,0.5,1.0,4273.926529542077
329,3290,-0.27541344794036693,-0.06611516307368008,0.10978305945304052,0.5,1.0,4286.72208733391
330,3300,-0.11478124935594636,-0.03529641747040575,0.04668705378914673,0.5,1.0,4299.872208291898
331,3310,-0.15716373217098223,-0.03032519703701997,0.07504549065552155,0.5,1.0,4312.917530042119
332,3320,-0.16013120118523005,0.002906548644990714,0.10953894953720603,0.5,1.0,4325.723451042082
333,3330,-0.14099041476005336,-0.016736714114648256,0.05625292386569786,0.5,1.0,4338.228275374975
334,3340,-0.1611430198766879,0.0035048374651172943,0.0929308783837791,0.5,1.0,4350.819240666926
335,3350,-0.14934623443202888,-0.021825177700657773,0.05439522580572403,0.5,1.0,4363.788501624949
336,3360,-0.31011187558123776,-0.017241069246972707,0.14606224043943788,0.5,1.0,4376.293447833974
337,3370,-0.07311541655699205,0.029690227365974754,0.05986142587903351,0.5,1.0,4388.9427782089915
338,3380,-0.17775563611235956,-0.04357009062166748,0.09341207588242673,0.5,1.0,4401.678264667047
339,3390,-0.2996907134057736,-0.05624430171529404,0.10417297486378566,0.5,1.0,4414.820461584022
340,3400,-0.1103130225585458,-0.014994486476087676,0.07790593377177128,0.5,1.0,4427.78978500003
341,3410,-0.1937213664245805,0.017891513338591382,0.08980244016156401,0.5,1.0,4440.242060542107
342,3420,-0.19729065487493536,0.02691219992499567,0.1145671299526155,0.5,1.0,4453.631394417025
343,3430,-0.1108204837508362,0.02116362703644494,0.07094728008398755,0.5,1.0,4466.4913030839525
344,3440,-0.16183607165875546,-0.015555727720288903,0.08573063041011887,0.5,1.0,4480.0902455421165
345,3450,-0.21481208210441505,-0.04608324894055649,0.08100383122778536,0.5,1.0,4493.189290500013
346,3460,-0.06955966273676761,0.03833870585252956,0.0951666492450635,0.5,1.0,4506.5032588751055
347,3470,-0.3055292559743732,-0.07898703111129572,0.09736859176907794,0.5,1.0,4518.897153124912
348,3480,-0.22417202249698498,0.025714110159011483,0.11747867743006303,0.5,1.0,4531.423964000074
349,3490,-0.07384733354405171,0.01600687751370291,0.05560275597941545,0.5,1.0,4544.752017833991
350,3500,-0.12283692420057868,0.9667265309499795,3.0114700930802307,0.5,1.0,4557.312490124954
351,3510,-0.11896912087038736,0.00895378905350892,0.07649768950513083,0.5,1.0,4570.3759435419925
352,3520,-0.1740468398030881,-0.04096415525736994,0.0833379909011938,0.5,1.0,4583.026072167093
353,3530,-0.15388645896326647,-0.015854257932578088,0.05007175112805972,0.5,1.0,4595.6835815839
354,3540,-0.24760407990459488,-0.012773515564490712,0.12139109089868333,0.5,1.0,4608.719044167083
355,3550,-0.09858394823250816,-0.021492205967083143,0.07236232584090485,0.5,1.0,4621.974926416995
356,3560,-0.10967970374333191,0.0007757530116308864,0.10824237314334503,0.5,1.0,4635.031398792053
357,3570,-0.10530388049734274,0.0049228422848605295,0.09318176562063249,0.5,1.0,4647.5477807500865
358,3580,-0.13590878167541476,-0.03331956571564785,0.04126097238422956,0.5,1.0,4660.592573791975
359,3590,-0.053505575165831765,-0.022271937494136827,0.01955836963216394,0.5,1.0,4673.639022791991
360,3600,-0.4157538672174166,-0.01736006777394339,0.21386330493645345,0.5,1.0,4686.847379666986
361,3610,-0.17198712510372438,-0.005342961454923412,0.06395640210326946,0.5,1.0,4700.021721417084
362,3620,-0.31154396546145335,-0.07314241454292389,0.11964004427815493,0.5,1.0,4713.0266567920335
363,3630,-0.06351197448381463,-0.00894964904095268,0.03387048371612703,0.5,1.0,4725.8718985419255
364,3640,-0.2905444091494269,0.030832009365591606,0.1339885020419592,0.5,1.0,4738.976943291957
365,3650,-0.20884464532754965,0.0005004141224601355,0.10614822884714266,0.5,1.0,4751.529997458914
366,3660,-0.08088497304197606,0.01319537305582763,0.07132217786612714,0.5,1.0,4764.436003291979
367,3670,-0.11399230847388253,-0.0019233910176158276,0.05478999236409123,0.5,1.0,4777.586945834104
368,3680,-0.07581625601709163,0.021765873408464476,0.05511888578674469,0.5,1.0,4790.374173708959
369,3690,-0.10098620671758862,-0.016794191251484757,0.0655075644189291,0.5,1.0,4803.328931292053
370,3700,-0.08659391660060045,0.04041630005448003,0.08414712480647289,0.5,1.0,4816.3341756251175
371,3710,-0.1350161100044618,0.00018443772017491257,0.08078932298632624,0.5,1.0,4828.641287708888
372,3720,-0.2596321062136644,-0.09292447721124227,0.09645172636080061,0.5,1.0,4842.067035709042
373,3730,-0.1532940164213521,0.05060620093228474,0.11309015184196147,0.5,1.0,4858.447776209097
374,3740,-0.14827195766898793,0.011816087826329546,0.09877549628388277,0.5,1.0,4874.816536917118
375,3750,-0.14868671519162024,0.018428427638459068,0.08444733395053884,0.5,1.0,4889.06367850001
376,3760,-0.11295197695727133,0.03232558897002251,0.09172497780458488,0.5,1.0,4904.154310875107
377,3770,-0.10247444357791302,-0.02424464020766113,0.07969789568642267,0.5,1.0,4918.355141917011
378,3780,-0.2253441494528161,0.019614836337902553,0.15064434346649153,0.5,1.0,4932.989164625062
379,3790,-0.07929744106645842,0.0093583112705109,0.05922548591359153,0.5,1.0,4947.23860083404
380,3800,-0.2311828302834149,-0.029819104815893116,0.09597956292424177,0.5,1.0,4962.634309000103
381,3810,-0.14725227726469203,-0.018384014905231894,0.07024469765736183,0.5,1.0,4977.291703209048
382,3820,-0.30812145239702904,-0.031295798262441644,0.14248573342790707,0.5,1.0,4992.290935334051
383,3830,-0.05792125439688345,-0.01464907909407751,0.049797013980376996,0.5,1.0,5006.171584584052
384,3840,-0.2075761112615746,-0.03549444176993051,0.10314732566508582,0.5,1.0,5020.752063584048
385,3850,-0.14612091225970847,0.023325133638778882,0.11049685811844506,0.5,1.0,5035.694129375042
386,3860,-0.22305447643391485,-0.009728977262146277,0.0930339264778726,0.5,1.0,5050.126364791999
387,3870,-0.07748189213718071,0.10911530658047557,0.15097865728101614,0.5,1.0,5064.939133499982
388,3880,-0.13217945774696904,-0.01836631372402673,0.06279951148295841,0.5,1.0,5079.965232708957
389,3890,-0.19654810247201215,-0.012567429718197598,0.07702778978036924,0.5,1.0,5094.6297595419455
390,3900,-0.27844825124973127,-0.04024159500918687,0.20900270481130506,0.5,1.0,5110.106399666984
391,3910,-0.31005931113312,-0.06711675736491056,0.10102669661831198,0.5,1.0,5124.746271084063
392,3920,-0.0942894778253871,-0.026395686060885028,0.053413084256419656,0.5,1.0,5139.834581125062
393,3930,-0.2959366540800348,-0.04021696353986046,0.09343565430545216,0.5,1.0,5154.757614334114
394,3940,-0.11928066553455619,-0.03997322594174744,0.05582905407712858,0.5,1.0,5169.164078708971
395,3950,-0.06271022010837957,0.022729151477454756,0.07658737905437074,0.5,1.0,5183.53359050001
396,3960,-0.10392458120862091,-0.002465044401292715,0.047262236076129525,0.5,1.0,5198.228115041973
397,3970,-0.08527520958728196,-0.006074538401033447,0.06190503698271706,0.5,1.0,5213.5047863340005
398,3980,-0.2186257725051144,0.03507338906120809,0.10131892518030358,0.5,1.0,5228.0178846670315
399,3990,-0.1065621971617281,0.01080908980766777,0.06338704627316404,0.5,1.0,5242.70861775009
400,4000,-0.30813956270882237,-0.02985736665820804,0.10425371070738652,0.5,1.0,5257.457918250002
401,4010,-0.10988177401505084,0.03630647495114729,0.07101700720574541,0.5,1.0,5272.078350249911
402,4020,-0.18842072280413102,-0.003793317986525846,0.10272942077598828,0.5,1.0,5286.9594773340505
403,4030,-0.1472701104282006,0.03416731126574977,0.09006137777072204,0.5,1.0,5301.795058042044
404,4040,-0.05786369767811195,-0.005610728316899305,0.03573919576983046,0.5,1.0,5316.803865500027
405,4050,-0.08684278366180997,-0.024349562409590585,0.048655382446633436,0.5,1.0,5331.021639750106
406,4060,-0.36580900250275583,-0.0046960248921132045,0.16658177204998367,0.5,1.0,5345.378646000056
407,4070,-0.13490053180790706,0.006258970813138642,0.11098368654988156,0.5,1.0,5360.719964666991
408,4080,-0.1073949753467236,0.011730825505004372,0.07906468199585516,0.5,1.0,5375.0865931250155
409,4090,-0.06221131756920073,0.004266622674545051,0.03662231062127944,0.5,1.0,5389.58615175006
410,4100,-0.13048968820242823,0.025946010769673844,0.09334583127024375,0.5,1.0,5404.138286834117
411,4110,-0.20024944134200862,-0.031834296389988026,0.09398661339755747,0.5,1.0,5419.276109291939
412,4120,-0.12211344152440429,-0.012781979268276445,0.0873129425665551,0.5,1.0,5434.277268209029
413,4130,-0.19816124218941944,-0.025833369054594168,0.08877200830800175,0.5,1.0,5449.352106249891
414,4140,-0.0620890864135788,-0.009753860039139983,0.05613260916347354,0.5,1.0,5464.141114125028
415,4150,-0.053589885184349484,0.039228710727844354,0.09136446070155567,0.5,1.0,5478.631522208918
416,4160,-0.10203535294210209,-0.00638866207377573,0.09764707978107906,0.5,1.0,5493.237836125074
417,4170,-0.3064714305112064,-0.022905825643741374,0.12023119273639601,0.5,1.0,5507.290138584096
418,4180,-0.10289455455886554,-0.01423178976800088,0.03603515125687529,0.5,1.0,5521.626910417108
419,4190,-0.18857110630612262,-0.016874932260084918,0.06741959462373573,0.5,1.0,5536.767632500036
420,4200,-0.029494482826894597,0.013213516157600403,0.02539485503248574,0.5,1.0,5552.095823541982
421,4210,-0.168801268639033,-0.0038018939945442475,0.07265706169761467,0.5,1.0,5567.069898792077
422,4220,-0.25974220606778875,-0.013158448399200306,0.10576430901952644,0.5,1.0,5581.958930459106
423,4230,-0.04824377479653652,0.0032810644184122495,0.04004680234023839,0.5,1.0,5596.461687792093
424,4240,-0.34692204299563656,-0.013000057231895656,0.1553614080663214,0.5,1.0,5610.853452458978
425,4250,-0.06054864258675696,0.01784445595681623,0.0477371333546992,0.5,1.0,5625.430153750116
426,4260,-0.16339701053673217,-0.03424777371869574,0.07951611754995198,0.5,1.0,5639.906198791927
427,4270,-0.35326974113744836,-0.047139432440546344,0.13216518840044914,0.5,1.0,5654.909435499925
428,4280,-0.0956099259574259,0.006263522907928021,0.05320627604590793,0.5,1.0,5670.124184458982
429,4290,-0.15377787496191697,0.026279485182955042,0.09180395399307195,0.5,1.0,5684.825754791964
430,4300,-0.18521334938424783,0.00322180275544266,0.12452233992229982,0.5,1.0,5700.009687667014
431,4310,-0.09652695925614196,0.03623531114034062,0.10765311675972337,0.5,1.0,5714.087054499891
432,4320,-0.4710159337854556,-0.04709711492710653,0.14832867184069093,0.5,1.0,5728.34044891689
433,4330,-0.10012050131577155,-0.006633578152364539,0.06586943219404186,0.5,1.0,5742.880886791972
434,4340,-0.19481791417519378,0.021839127963263573,0.0881107162942875,0.5,1.0,5757.86535537499
435,4350,-0.14364770813268724,-0.012304126184381481,0.06097163496634453,0.5,1.0,5772.297116250033
436,4360,-0.1753991038189433,0.009137421864156359,0.07716517626859325,0.5,1.0,5786.957897209097
437,4370,-0.11886167668730341,-0.00206022219886135,0.0748118930528317,0.5,1.0,5802.025732334005
438,4380,-0.15503973061470067,-0.006015914567495617,0.10044116225235884,0.5,1.0,5816.385666166898
439,4390,-0.11130133230732575,-0.021304253775853432,0.059201255056579145,0.5,1.0,5830.847075749887
440,4400,-0.16525108966639301,0.005280254623275127,0.06766975641718129,0.5,1.0,5845.321540958947
441,4410,-0.15923318443165613,-0.006763448431569152,0.11880336751762817,0.5,1.0,5859.7556428341195
442,4420,-0.1701854740615536,0.010886186594383673,0.1145007482530236,0.5,1.0,5874.311096874997
443,4430,-0.14402241197419663,-0.012054561472410352,0.06112405386669089,0.5,1.0,5888.838003041921
444,4440,-0.08669162467042213,0.015360534816984739,0.056582911628736327,0.5,1.0,5903.559014708968
445,4450,-0.10941120713877694,0.01337509169666804,0.07567791876013374,0.5,1.0,5918.428430916974
446,4460,-0.1646511067390497,0.03404665636786932,0.1705665295541056,0.5,1.0,5932.773783792043
447,4470,-0.22538502516325476,-0.013324024831628468,0.13192206820838875,0.5,1.0,5948.099287375109
448,4480,-0.1193759650536359,0.019207370453299254,0.1086083742397591,0.5,1.0,5962.589659333928
449,4490,-0.4031909650902632,-0.031242583782171707,0.16097862653530506,0.5,1.0,5977.571148166899
450,4500,-0.23078217273142698,-0.007656876968105042,0.1044125652252728,0.5,1.0,5991.891489208909
451,4510,-0.14087000298215635,-0.03197231880649047,0.06979462484362225,0.5,1.0,6006.237905875081
452,4520,-0.0616978747545156,0.020794711517677998,0.06290810917113773,0.5,1.0,6020.456036417047
453,4530,-0.10635768690710723,0.02113159766739825,0.14672848709098002,0.5,1.0,6035.148213125067
454,4540,-0.07546230441783752,0.013853240057770045,0.05728753940889428,0.5,1.0,6049.946687042015
455,4550,-0.43533012845404784,-0.01821720428537752,0.1499255548773152,0.5,1.0,6064.364144416992
456,4560,-0.15499389622917903,-0.014970565308350725,0.10933762302334663,0.5,1.0,6079.024812459014
457,4570,-0.10104005837494334,-0.039233921597702004,0.04000773459359912,0.5,1.0,6093.776736584026
458,4580,-0.14345940486074227,1.039361738887019,2.9890517789575153,0.5,1.0,6108.226334499894
459,4590,-0.3271383202716116,-0.09605278547207172,0.09614501888259405,0.5,1.0,6122.505202417029
460,4600,-0.22591670472531966,0.06065585538821479,0.1803210237090025,0.5,1.0,6136.546804124955
461,4610,-0.30436043237390287,-0.05085437544739548,0.1302266269694219,0.5,1.0,6151.483280000044
462,4620,-0.17663760231753045,0.010857444784360926,0.09535553609654104,0.5,1.0,6166.6963190420065
463,4630,-0.5441921703585377,-0.0908095377917073,0.16527791819411491,0.5,1.0,6181.505657125032
464,4640,-0.1617978472402415,-0.041202760083071686,0.08671309148919316,0.5,1.0,6195.798420999898
465,4650,-0.18397516414541304,0.014227820086674026,0.09673127684092953,0.5,1.0,6210.5795451249
466,4660,-0.16322166566222496,-0.021259540978141624,0.09261142309844037,0.5,1.0,6225.143573499983
467,4670,-0.1882386445346036,-0.042088869417874264,0.10128868863517523,0.5,1.0,6239.729124499951
468,4680,-0.13543464721541199,-0.0015992394747912364,0.11899402626937877,0.5,1.0,6254.543589584064
469,4690,-0.39448464758390855,-0.07495059747056124,0.14622914891844316,0.5,1.0,6269.397679958958
470,4700,-0.1061129397799565,0.001451984584105759,0.06324878523107566,0.5,1.0,6283.868472666945
471,4710,-0.057978110040007635,0.0003350949279879778,0.042720962890210455,0.5,1.0,6298.816484125098
472,4720,-0.27600061118867547,0.00036834567961143707,0.10397284132931696,0.5,1.0,6313.42542695906
473,4730,-0.2079062438660797,-0.03660000627898565,0.08385529381231743,0.5,1.0,6327.9710886669345
474,4740,-0.48736901024688883,-0.0690349122269219,0.15539985336187664,0.5,1.0,6342.8945513749495
475,4750,-0.22440018699234443,-0.0068905019413909585,0.11276666029869274,0.5,1.0,6357.806073209038
476,4760,-0.10517191621290767,0.007460116214714052,0.05595478985013398,0.5,1.0,6372.389025042066
477,4770,-0.2514712090629505,-0.03887910117212305,0.12107889505023928,0.5,1.0,6387.124987208983
478,4780,-0.09408106730549548,0.009427413969289321,0.05941537033204273,0.5,1.0,6401.940918833949
479,4790,-0.11226686460604984,-0.01726999012928383,0.06632827367356428,0.5,1.0,6416.705535416957
480,4800,-0.2900170161987434,-0.029699254263653784,0.11352774072347765,0.5,1.0,6432.056295749964
481,4810,-0.3632998648456587,-0.02574349210065021,0.14783218252611832,0.5,1.0,6446.2113295421
482,4820,-0.029773343203152614,0.03969628115845891,0.09963366123805698,0.5,1.0,6460.78127762489
483,4830,-0.346240008087487,-0.030495460483600034,0.14764782552542483,0.5,1.0,6475.532144250115
484,4840,-0.21722967629092604,-0.04377060842618308,0.07428082433036975,0.5,1.0,6490.410188375041
485,4850,-0.17673879280217353,-0.005229777753980702,0.09828473836006132,0.5,1.0,6504.57415070897
486,4860,-0.11764649388823223,-0.012438438269894991,0.08764438303497747,0.5,1.0,6519.074975250056
487,4870,-0.19536729254900465,-0.007186222888667437,0.11154570765962334,0.5,1.0,6534.1992629999295
488,4880,-0.06439990283592678,0.015612484461737974,0.06494153957871371,0.5,1.0,6548.5948194589
489,4890,-0.19875540803532843,0.00021338196430082946,0.11068222901417996,0.5,1.0,6562.943121874938
490,4900,-0.10526933842992481,0.0019928208087127254,0.046613916422766154,0.5,1.0,6578.5277492499445
491,4910,-0.24917909871848032,-0.03949242334794558,0.11044800695138422,0.5,1.0,6592.448244125117
492,4920,-0.18744828081951415,-0.022307413171133116,0.09410747477682195,0.5,1.0,6607.488867624896
493,4930,-0.27977864345921066,0.024835438698430058,0.13292118887931179,0.5,1.0,6622.025218625087
494,4940,-0.288195073569411,-0.02186719689079686,0.09575790208634505,0.5,1.0,6637.140216416912
495,4950,-0.3340937191293296,0.009291150768813062,0.14258759859368433,0.5,1.0,6651.568690791959
496,4960,-0.06349971986073477,0.002530691112068162,0.03733326777525807,0.5,1.0,6666.300453291973
497,4970,-0.2266223367210296,0.0007882886639377418,0.1307162813880653,0.5,1.0,6680.930270292098
498,4980,-0.09218495467469712,0.00801364427506428,0.06442009115180265,0.5,1.0,6695.532952459063
499,4990,-0.33681791234061276,-0.04798731867199022,0.11073225594707994,0.5,1.0,6710.430651792092
500,5000,-0.09787759161585097,-0.02065004715426628,0.057406864996759524,0.5,1.0,6725.056574667105
501,5010,-0.24286644581071926,-0.00895279159101232,0.13055359435781974,0.5,1.0,6739.8807734590955
502,5020,-0.26980750477312654,-0.010382470073988603,0.09898321096554134,0.5,1.0,6754.866131667048
503,5030,-0.08724468203300262,0.04681516895249871,0.11620284268594769,0.5,1.0,6769.992983249947
504,5040,-0.18265627600411438,0.02606173562340288,0.18826993932061542,0.5,1.0,6784.522273666924
505,5050,-0.0963210162973338,0.01406762097087615,0.08747515489881091,0.5,1.0,6799.10959291691
506,5060,-0.11998273280349103,0.030158015041128205,0.09454696267413938,0.5,1.0,6813.9146668340545
507,5070,-0.2514023160933041,-0.02784379733099973,0.08531079027295978,0.5,1.0,6828.8015238749795
508,5080,-0.09145704396132093,0.024821680006345926,0.0793027921757757,0.5,1.0,6842.849474333925
509,5090,-0.10742867273108914,0.011835335564481398,0.08641367730599822,0.5,1.0,6857.697030541953
510,5100,-0.1358992298873396,-0.04905642501660745,0.0554471524096825,0.5,1.0,6873.184179916978
511,5110,-0.07911293101147887,-0.020456842713006296,0.04860070769801812,0.5,1.0,6887.6362529171165
512,5120,-0.09039540721340433,-0.0032700569993508568,0.0881548472788848,0.5,1.0,6902.478205374908
513,5130,-0.18959601866158593,-0.012185847091699032,0.07587363800886136,0.5,1.0,6917.7063368749805
514,5140,-0.11237787502459717,0.006900256666715609,0.06822804485862928,0.5,1.0,6932.665513667045
515,5150,-0.15747100090572808,0.0010811205011833636,0.10071365361672334,0.5,1.0,6947.037668416975
516,5160,-0.2927636728054237,-0.03276020315539041,0.12189420809851433,0.5,1.0,6961.294919499895
517,5170,-0.33369792388216,-0.07588928239111245,0.11408719330315768,0.5,1.0,6976.195662917104
518,5180,-0.2145721901074067,-0.011092046080372776,0.10028314484164522,0.5,1.0,6991.599644958973
519,5190,-0.13750364251059466,-0.005823907270438156,0.07645546562332688,0.5,1.0,7007.160449624993
520,5200,-0.2113923263737023,-0.0003828726189195386,0.09124237552543026,0.5,1.0,7022.054873584071
521,5210,-0.14445038932890775,-0.004966031949100636,0.07206220750090023,0.5,1.0,7036.837872667005
522,5220,-0.25967065457126726,-0.012947940905763034,0.12375394180877766,0.5,1.0,7051.131601542002
523,5230,-0.23284681235303228,-0.007507697461324981,0.07698666685419277,0.5,1.0,7065.798267416889
524,5240,-0.1654025720095076,0.005835052531108609,0.0929639800010302,0.5,1.0,7080.530211499892
525,5250,-0.3825620606575697,-0.05384551815047365,0.12618681364434975,0.5,1.0,7095.010693291901
526,5260,-0.0929567476528117,0.008540181729451212,0.07842903864261695,0.5,1.0,7109.5263397500385
527,5270,-0.13371930680665933,0.0037751613039697317,0.07629038588605118,0.5,1.0,7124.544420625083
528,5280,-0.26478994462229277,-0.06817493759666533,0.11180236804800178,0.5,1.0,7138.757946291938
529,5290,-0.14753045502347906,-0.015055332571314306,0.06751522472315687,0.5,1.0,7153.4086957499385
530,5300,-0.17984613616648826,-0.04173357452651629,0.05873159176956558,0.5,1.0,7167.796399541898
531,5310,-0.1845073568324862,-0.02524143422592724,0.07576301730700334,0.5,1.0,7182.174658375094
532,5320,-0.17508718531787437,-0.02233916600506509,0.08298756533098073,0.5,1.0,7197.013014124939
533,5330,-0.18775664168464523,-0.012894886197928113,0.10514600492545566,0.5,1.0,7211.853021208895
534,5340,-0.12736819590824666,0.03948346390616582,0.11752450748282707,0.5,1.0,7226.045407375088
535,5350,-0.26266090125994523,-0.020132880171278254,0.14222397415299873,0.5,1.0,7240.234082374955
536,5360,-0.2215180391650664,0.002098361423437911,0.11459114505857448,0.5,1.0,7254.722215208923
537,5370,-0.18982898238827417,-0.013051242034396093,0.08147944226602186,0.5,1.0,7269.978853000095
538,5380,-0.07697112853841848,0.008617282167690376,0.08799216648437864,0.5,1.0,7285.769642167026
539,5390,-0.04845833126724308,0.02575057225836854,0.06507285908417595,0.5,1.0,7300.185130124912
540,5400,-0.6151522278519455,-0.0893678014640777,0.18397308845245844,0.5,1.0,7314.8449437920935
541,5410,-0.12510620156310193,0.005712309521829972,0.06269328119867593,0.5,1.0,7330.095044041984
542,5420,-0.09257677124954888,0.01272004188339162,0.061336674007265495,0.5,1.0,7345.2854007501155
543,5430,-0.06747338346903664,-0.01575152050140023,0.0329524166925828,0.5,1.0,7360.226919499924
544,5440,-0.04691068867237114,0.019921912369448336,0.045075154761065675,0.5,1.0,7375.262051166967
545,5450,-0.478909936451994,-0.04351689905118139,0.15523125578090471,0.5,1.0,7389.382797917118
546,5460,-0.13305858531639103,-0.0032725085701005518,0.06577978396499726,0.5,1.0,7404.063774375012
547,5470,-0.14025506934000465,-0.008823591323498992,0.059994560079341765,0.5,1.0,7419.264633750077
548,5480,-0.13499802563714702,-0.019363362219751677,0.055796080408094015,0.5,1.0,7434.16977300006
549,5490,-0.14393168328007366,-0.003934632152240258,0.06074711667586141,0.5,1.0,7449.439020167105
550,5500,-0.38147831849867053,-0.005783318670626691,0.1459237753998023,0.5,1.0,7464.083523459034
551,5510,-0.1920694810644159,-0.030737134596543304,0.08402258043247149,0.5,1.0,7478.747145083966
552,5520,-0.11695332047025708,-0.020188536732825658,0.06242749616641675,0.5,1.0,7493.811266584089
553,5530,-0.10014318253891741,0.013357811094880212,0.12486583619881096,0.5,1.0,7508.720204625046
554,5540,-0.24864819591047027,-0.02192556539625059,0.1200563383494972,0.5,1.0,7522.985628749942
555,5550,-0.0742497898512644,0.018345592403113287,0.11148100841341088,0.5,1.0,7537.798758750083
556,5560,-0.18329796992948655,-0.029673682113597888,0.07300344943101468,0.5,1.0,7552.022271709051
557,5570,-0.21536061275175822,-0.0075083876574882245,0.08543441289563125,0.5,1.0,7566.886534041958
558,5580,-0.2846411879567192,-0.049023578483859256,0.09911814575925841,0.5,1.0,7581.591731959023
559,5590,-0.08208997827225684,-0.004928018621022989,0.0551875503801062,0.5,1.0,7596.97697399999
560,5600,-0.07252336442056606,-0.0036771880383406953,0.04787859939388455,0.5,1.0,7612.06665258389
561,5610,-0.1140292281925186,-0.01577063617675236,0.060748822248784654,0.5,1.0,7626.824596709106
562,5620,-0.10718260255160228,0.02150607395033797,0.09402897256347545,0.5,1.0,7641.207065124996
563,5630,-0.1428817257072792,-0.02003091140184754,0.069220165991702,0.5,1.0,7656.328943250002
564,5640,-0.03795954518268463,1.028143765372309,2.991076563255664,0.5,1.0,7671.419835167006
565,5650,-0.30290214395207826,-0.046485046147983856,0.11249338999205734,0.5,1.0,7685.746545667062
566,5660,-0.4450591693957069,0.006629052564504167,0.17906827002854,0.5,1.0,7699.761503583984
567,5670,-0.126393828986326,0.015941571876928594,0.07980666673262095,0.5,1.0,7714.79056408396
568,5680,-0.1251987788827078,-0.028434484012233162,0.059035247949212125,0.5,1.0,7729.518159125
569,5690,-0.15775600996154893,0.016366182397204377,0.0829060005489504,0.5,1.0,7744.634791624965
570,5700,-0.1595047477344842,-0.030030565983466227,0.07906059644857304,0.5,1.0,7759.248838499887
571,5710,-0.09187661093718358,-0.008231322426209785,0.05343855769371543,0.5,1.0,7774.325015959097
572,5720,-0.11836069624969525,0.00855178978756781,0.09075332899952983,0.5,1.0,7788.830568999983
573,5730,-0.18682932485637416,-0.01345038689903184,0.0817538750882558,0.5,1.0,7803.320937959012
574,5740,-0.25520006354506464,-0.011722444828541345,0.09470586958083652,0.5,1.0,7817.617733916966
575,5750,-0.15653976932834546,-0.03403203252563545,0.06982128347589989,0.5,1.0,7832.511470959056
576,5760,-0.17726152104935622,0.0010256670346278085,0.10098739703351782,0.5,1.0,7847.76768291695
577,5770,-0.4421792827500024,-0.057478296567242904,0.14942661602944748,0.5,1.0,7862.935343541903
578,5780,-0.5257020368077994,-0.061324378161283374,0.21605779965383254,0.5,1.0,7878.075234292075
579,5790,-0.04330120028224904,-0.00153347621935076,0.03441414942145897,0.5,1.0,7893.216681125108
580,5800,-0.07414641560875523,1.0045755737143645,2.998914070353393,0.5,1.0,7908.047620542115
581,5810,-0.2662737908000459,-0.02284019704350042,0.09140536315267399,0.5,1.0,7922.865688541904
582,5820,-0.2040958853393473,-0.03345989059656871,0.08930342285154992,0.5,1.0,7937.2011178750545
583,5830,-0.12907852704000256,-0.029364112144776033,0.06095763720869147,0.5,1.0,7951.560931958957
584,5840,-0.25336095972839434,-0.04761014095430891,0.08894598670976502,0.5,1.0,7966.44519554195
585,5850,-0.3462144107031575,-0.06411095157346472,0.1323040597824515,0.5,1.0,7980.584996625083
586,5860,-0.12323649002864023,-0.03232066892621814,0.04458525215695158,0.5,1.0,7994.659871083917
587,5870,-0.21913180069536242,-0.028485989727714767,0.08623792542265879,0.5,1.0,8008.9823745840695
588,5880,-0.060752244912582576,0.020378538163112924,0.07562832664076727,0.5,1.0,8024.212521916954
589,5890,-0.21930532289994886,0.0009769054233885299,0.09875754432228032,0.5,1.0,8039.329130583908
590,5900,-0.2138175115260159,-0.009678016689059543,0.09735648791060036,0.5,1.0,8054.009764959104
591,5910,-0.0876787380799815,0.030462805474089284,0.07229004738829398,0.5,1.0,8069.666333541973
592,5920,-0.24342498562265735,-0.060007370110368365,0.09131794401956851,0.5,1.0,8084.68538183393
593,5930,-0.2302742169725711,0.019070167884270274,0.12457532996672857,0.5,1.0,8100.062814041972
594,5940,-0.1166090781900353,-0.021844333480504564,0.05327897064253539,0.5,1.0,8114.579246999929
595,5950,-0.2051164056714212,0.002661121844487191,0.097737541097902,0.5,1.0,8130.092026999919
596,5960,-0.2679239762921988,-0.06251451889008548,0.10981753402028013,0.5,1.0,8144.84351200005
597,5970,-0.41670848820343576,-0.05039721914899138,0.13126203882312215,0.5,1.0,8159.266624416923
598,5980,-0.18260190026164302,-0.01649408215702062,0.10416364810897662,0.5,1.0,8173.942110708915
599,5990,-0.13506104477066572,-0.017440222643753955,0.07313938511924284,0.5,1.0,8188.530132541899
600,6000,-0.1356388308940426,-0.028621701823701072,0.06311726197154559,0.5,1.0,8203.722049917094
601,6010,-0.066689117918445,0.006226957693914415,0.04367671394142512,0.5,1.0,8218.696580833988
602,6020,-0.07427046574006368,1.019471875263913,2.994410506615415,0.5,1.0,8233.659816334024
603,6030,-0.08863337691203732,0.020744274479465384,0.06855889678596003,0.5,1.0,8247.911163249984
604,6040,-0.14777987310723795,0.03410220597369742,0.08173581490659652,0.5,1.0,8263.427301249932
605,6050,-0.1399121688889231,0.025133411734463974,0.11907381705395179,0.5,1.0,8277.660428833915
606,6060,-0.0981034038952533,0.03647529714103799,0.09008960899801169,0.5,1.0,8292.301478791982
607,6070,-0.1090091074337689,-0.028270957966372735,0.060183169469473975,0.5,1.0,8307.512405666988
608,6080,-0.11976767912200526,0.002555487901833864,0.05319746821228558,0.5,1.0,8322.437574292067
609,6090,-0.3256717333552688,-0.06320640288502784,0.10923807912700237,0.5,1.0,8337.495420624968
610,6100,-0.11798610744834104,0.012589322594176977,0.06679271487362863,0.5,1.0,8352.776288500056
611,6110,-0.011251937950393476,0.06429647764778616,0.07324521600774585,0.5,1.0,8367.983391792048
612,6120,-0.14732410035568844,-0.0025307426381946385,0.07821395668104975,0.5,1.0,8383.182001834037
613,6130,-0.07941801069142684,-0.00292860482370525,0.046899512411521946,0.5,1.0,8398.187687125057
614,6140,-0.19225215379336458,-0.02928473328118244,0.06607946010727707,0.5,1.0,8412.595240249997
615,6150,-0.04585883550023695,0.01144548977867279,0.050004664317189175,0.5,1.0,8427.678812125
616,6160,-0.05176129413690855,0.0172830580621401,0.03350193926973512,0.5,1.0,8442.436235208996
617,6170,-0.2548953316216336,-0.02630736421574582,0.14413145196653854,0.5,1.0,8456.587552208919
618,6180,-0.07978786885542899,0.013889470781660496,0.07589880496664636,0.5,1.0,8470.997823541984
619,6190,-0.24862584826961776,-0.04141706098088216,0.11660872270173722,0.5,1.0,8484.965241084108
620,6200,-0.15626312699732736,-0.019162795903441145,0.05636900040354564,0.5,1.0,8500.021755791968
621,6210,-0.16090851244576498,-0.038063199053918154,0.07679762677553884,0.5,1.0,8514.460522041889
622,6220,-0.06826407301733273,0.004056696758166467,0.061133804775516214,0.5,1.0,8529.30124183395
623,6230,-0.1820884797395106,0.012719546392710423,0.09996583177837358,0.5,1.0,8543.984547917033
624,6240,-0.19948755587457523,-0.040223771383556615,0.0972829762616561,0.5,1.0,8559.010572749889
625,6250,-0.314112079016188,-0.038940003437593164,0.1438640690723482,0.5,1.0,8574.440645999974
626,6260,-0.2847920892618383,-0.012746836333855694,0.10871983261862338,0.5,1.0,8589.396867000032
627,6270,-0.1515564387883055,-0.0058527873127474095,0.07898106198451318,0.5,1.0,8603.929185792105
628,6280,-0.2601252900359654,-0.043903565729881945,0.0960835309915868,0.5,1.0,8618.865717083914
629,6290,-0.1974268635057621,-0.057709768070947035,0.07369583705727173,0.5,1.0,8635.677400958957
630,6300,-0.21430574843368433,-0.043946234473937196,0.06660595188420826,0.5,1.0,8653.382407374913
631,6310,-0.16266050193809622,-0.00602242030323179,0.07561429052254698,0.5,1.0,8669.45695908391
632,6320,-0.24595428291474342,-0.04129774683609888,0.10505842033357828,0.5,1.0,8684.081924125087
633,6330,-0.09657730790507024,-0.008133621720398044,0.05460374405772762,0.5,1.0,8699.734624000033
634,6340,-0.16581952832200741,-0.056899575947235714,0.04816144048347078,0.5,1.0,8714.321246749954
635,6350,-0.26801569405361647,-0.07213612158903393,0.10257967967354761,0.5,1.0,8728.853633333929
636,6360,-0.2895850886831983,-0.05134662130574821,0.09644654214516711,0.5,1.0,8743.922825792106
637,6370,-0.06293173810303454,0.03460075617631544,0.08117124466305717,0.5,1.0,8758.396738874959
638,6380,-0.059137817970952966,0.006600247278171345,0.0543907458487585,0.5,1.0,8773.203956542071
639,6390,-0.10286438593401304,-0.00257009581418739,0.06034334227883204,0.5,1.0,8788.02164637507
640,6400,-0.144698550139835,-0.013200696813099455,0.05733758275944613,0.5,1.0,8803.85132145905
641,6410,-0.2627067988288969,-0.0316617708909682,0.08715718849520966,0.5,1.0,8818.166941042058
642,6420,-0.12731394609570135,-0.022178014141001512,0.09069785427924583,0.5,1.0,8832.979123875033
643,6430,-0.2067656164905518,-0.04010675284716445,0.08753216173398187,0.5,1.0,8846.991611625068
644,6440,-0.11383899634452987,-0.0045093956998345066,0.08508371769865175,0.5,1.0,8861.11752637499
645,6450,-0.37992355740215533,-0.0123640914320573,0.12690700937971794,0.5,1.0,8876.711689583957
646,6460,-0.08995475507501993,0.006149079338572161,0.05374158819540505,0.5,1.0,8892.068196916953
647,6470,-0.07506138665935413,-0.005056505405001044,0.05949332030072955,0.5,1.0,8906.421516750008
648,6480,-0.20950124097207024,-0.032486602254240625,0.08445061615782896,0.5,1.0,8921.184336292092
649,6490,-0.2841420327182522,-0.015403822691390534,0.11229526516146592,0.5,1.0,8936.349698584061
650,6500,-0.4088749003991863,-0.021737214707919873,0.14406099305333847,0.5,1.0,8950.801954624942
651,6510,-0.2305230749456033,-0.02432986726437809,0.1028810540026598,0.5,1.0,8965.521389124915
652,6520,-0.1315038974669216,0.004949870688395919,0.09143792408909956,0.5,1.0,8981.02064112504
653,6530,-0.0954168489497409,-0.009851610865794313,0.047832831172200385,0.5,1.0,8995.951688624918
654,6540,-0.04206536676100736,0.035602950059548985,0.05733831595177952,0.5,1.0,9010.67562825
655,6550,-0.10015077451056076,-0.005800259472056623,0.056879426618139814,0.5,1.0,9024.536863584071
656,6560,-0.24287094212751992,-0.015439067764140724,0.10618407523534257,0.5,1.0,9039.551537124906
657,6570,-0.1243415558756098,0.05226467983860692,0.10552371124437801,0.5,1.0,9053.802178249927
658,6580,-0.273852090567698,-0.0023054792180538185,0.12964910792963774,0.5,1.0,9068.968079125043
659,6590,-0.15911519108779792,0.03581747959464439,0.11563312566267331,0.5,1.0,9082.814525417052
660,6600,-0.08601081247140563,-0.0062814205921027265,0.04938415553904544,0.5,1.0,9097.69876729208
661,6610,-0.12373641126910861,-0.02747647987207049,0.05983489130291298,0.5,1.0,9112.305085042026
662,6620,-0.05307576254186941,0.016539939560008765,0.05058698856669862,0.5,1.0,9126.895094667096
663,6630,-0.06759972923049862,0.0607547481335474,0.07873791762082269,0.5,1.0,9141.699987875065
664,6640,-0.12327270568197779,0.03546539831508459,0.10879652606159407,0.5,1.0,9156.118576166919
665,6650,-0.21351127110214208,0.019879441862766977,0.1639120343491973,0.5,1.0,9171.150199125055
666,6660,-0.0902337889817435,0.0029358455369345115,0.05551716327671442,0.5,1.0,9185.677931041922
667,6670,-0.08262649839212521,0.04510984057295575,0.08184503717342559,0.5,1.0,9200.216983166989
668,6680,-0.08177580726974654,0.024162753512649893,0.04823854688055538,0.5,1.0,9214.737311417004
669,6690,-0.11289783287904775,0.010965303814052519,0.08492628699740738,0.5,1.0,9228.922786334064
670,6700,-0.14934821981491186,-0.03730717784654134,0.06911712218318446,0.5,1.0,9243.84712833399
671,6710,-0.09756515577342473,-0.024354229655193828,0.06391784118510904,0.5,1.0,9259.268258125056
672,6720,-0.15492859672146064,0.027446634857996876,0.10209232027423178,0.5,1.0,9274.168585834093
673,6730,-0.18818593215127777,0.006044514457369576,0.08508906475588071,0.5,1.0,9289.821027583908
674,6740,-0.07670824220333561,0.0021693419358590482,0.06973549786149581,0.5,1.0,9305.119657750009
675,6750,-0.11169483618464326,-0.032394546099920166,0.06559135253564927,0.5,1.0,9319.822974875104
676,6760,-0.14159870261192875,-0.023871172402840823,0.06316570403010913,0.5,1.0,9334.288670541951
677,6770,-0.1770675027850288,0.02668230600510446,0.10621339446863737,0.5,1.0,9349.154679124942
678,6780,-0.12408234494357906,-0.008649588829272404,0.08006908834422259,0.5,1.0,9362.704981334042
679,6790,-0.05705857601669706,0.0007878546070151593,0.05504244847273724,0.5,1.0,9376.77027425007
680,6800,-0.2442568454022993,-0.032916955866544306,0.10948639081674119,0.5,1.0,9391.451702292077
681,6810,-0.06317860989468471,0.06326847318623932,0.0791632479105793,0.5,1.0,9406.229958875105
682,6820,-0.11502924378713164,0.003383930781347999,0.04792013169017445,0.5,1.0,9420.986659708899
683,6830,-0.24200561830122158,0.012878043121768901,0.11896506215629578,0.5,1.0,9435.4455177919
684,6840,-0.0797309825379191,-0.012877136030578652,0.027859615912419578,0.5,1.0,9450.555089625064
685,6850,-0.17032527390103702,-0.008657754565504217,0.07820044560284123,0.5,1.0,9465.134526292095
686,6860,-0.059857642434372416,0.014348387145089524,0.05740592224708088,0.5,1.0,9479.624022583943
687,6870,-0.07012872004235682,0.06805333702865424,0.14059349428602902,0.5,1.0,9494.622145124944
688,6880,-0.16765896797734658,0.009757607732803476,0.13251724777881718,0.5,1.0,9509.703979999991
689,6890,-0.2299525004432752,-0.02388240145469158,0.08610943297524117,0.5,1.0,9524.646478875075
690,6900,-0.24196765083113014,0.007685145553186867,0.09920714091028116,0.5,1.0,9539.348484124988
691,6910,-0.10635527859761229,-0.014241647705745385,0.04435424160901047,0.5,1.0,9553.822344041895
692,6920,-0.0936743019222197,0.010775363601279597,0.07451005343558004,0.5,1.0,9569.191091333982
693,6930,-0.1296749286623715,-0.001607485390842811,0.07863845561917676,0.5,1.0,9584.390163166914
694,6940,-0.0696795508955006,0.04383036712007389,0.10689749117156876,0.5,1.0,9599.020667459117
695,6950,-0.10524288538998672,0.00883225932914602,0.07980806463070347,0.5,1.0,9613.201064750087
696,6960,-0.15053100304539058,0.0004330418722174656,0.07719101675171057,0.5,1.0,9627.720523458906
697,6970,-0.31796741766383363,-0.07361827288712401,0.10613512469266201,0.5,1.0,9641.900541709037
698,6980,-0.2187681092552225,-0.044719198872085905,0.10074070610073751,0.5,1.0,9656.482450749958
699,6990,-0.11940683487724879,-0.03145555767400303,0.06710317181802296,0.5,1.0,9671.511027709115
700,7000,-0.36687000453395946,0.006805282995290263,0.15871177329519134,0.5,1.0,9685.696889749961
701,7010,-0.0913370588961282,0.04391619615798126,0.1056982013800059,0.5,1.0,9699.759139542002
702,7020,-0.3961648509504494,-0.030155287942952656,0.18421298282597184,0.5,1.0,9714.668382250005
703,7030,-0.3141544937531462,-0.04401480542392564,0.11190069291488186,0.5,1.0,9728.940978083992
704,7040,-0.18585293880974785,-0.026728615109503907,0.06881693093108536,0.5,1.0,9743.389442542102
705,7050,-0.154096091920362,-0.023110139756498692,0.09049295139850115,0.5,1.0,9757.940883958945
706,7060,-0.16242541149621648,0.014756251140785803,0.16598124662326674,0.5,1.0,9772.19808866689
707,7070,-0.0866150017742342,0.04122467509339556,0.07491810708494527,0.5,1.0,9786.898450749926
708,7080,-0.06646064032808319,0.01347185598082028,0.05465501737345897,0.5,1.0,9801.312503417023
709,7090,-0.14257548002354614,0.01198582734177398,0.0609650437952975,0.5,1.0,9816.221513458993
710,7100,-0.1477656382175745,-0.027898046504496676,0.07773250582150525,0.5,1.0,9831.389560333919
711,7110,-0.158721096823232,-0.042702319939874125,0.07083597611110674,0.5,1.0,9846.037528542103
712,7120,-0.17506801913733128,-0.03774380996738831,0.06418062600096429,0.5,1.0,9860.971814250108
713,7130,-0.05116557712579173,0.03746381213688332,0.07173216977962937,0.5,1.0,9876.389849292114
714,7140,-0.20979986013135576,-0.029002867713939562,0.07937888369115817,0.5,1.0,9891.836507499916
715,7150,-0.15148966484072446,0.00307507592029328,0.1054339022855576,0.5,1.0,9907.402171124937
716,7160,-0.037533021915020726,0.01460742398282564,0.04608709953335116,0.5,1.0,9922.965188541915
717,7170,-0.541865167019413,-0.06901249611945186,0.16325661487173845,0.5,1.0,9937.672259541927
718,7180,-0.21323909053188128,-0.0033395925986454246,0.11290425056100702,0.5,1.0,9953.131856125081
719,7190,-0.18064020745094123,0.007019672531482701,0.12342413717034781,0.5,1.0,9967.322256583953
720,7200,-0.06283550938297022,0.03514838522494479,0.07417312849369352,0.5,1.0,9981.19521629205
721,7210,-0.23011556584254134,-0.0006870864451963499,0.08706196922708827,0.5,1.0,9995.63093591691
722,7220,-0.12770851225335367,0.008171797821321292,0.054385787377172576,0.5,1.0,10010.934649375034
723,7230,-0.14677399002012415,-0.008480705040493674,0.08698696635191167,0.5,1.0,10025.757895333925
724,7240,-0.26667121164607455,-0.015291424623399585,0.13427585405941092,0.5,1.0,10040.31712462497
725,7250,-0.1333309871133661,-0.0030120138860972646,0.05978625674835851,0.5,1.0,10054.701479084091
726,7260,-0.07381027078474034,1.033021390458133,2.9906056593612593,0.5,1.0,10069.559787584003
727,7270,-0.15045144189320236,0.03259323003796988,0.10860042247882491,0.5,1.0,10084.116230542073
728,7280,-0.13179934113676595,-0.0009877450352869133,0.10070973645053007,0.5,1.0,10098.55570066697
729,7290,-0.36537411696394884,-0.05467254538334636,0.11534673655927176,0.5,1.0,10113.085983458906
730,7300,-0.09369476756016581,-0.00028005038387624026,0.05930967448937645,0.5,1.0,10128.53716254211
731,7310,-0.12148839230257735,0.036870960380411065,0.08309645541767482,0.5,1.0,10143.084502500016
732,7320,-0.13845927404862302,-0.0020356588472097313,0.08483122698963252,0.5,1.0,10157.80809674994
733,7330,-0.18826875876064975,0.0018006935131149148,0.11894825587254873,0.5,1.0,10172.654095459031
734,7340,-0.13043469150873577,-0.009058876300598585,0.06756652547060206,0.5,1.0,10187.568238042062
735,7350,-0.26993424717687464,-0.03253033315271834,0.1252941382311701,0.5,1.0,10202.630848624976
736,7360,-0.0724799157055731,0.012947182650402667,0.05156788734695604,0.5,1.0,10217.843681749888
737,7370,-0.10746912463880065,0.021065587476147486,0.053767441522108564,0.5,1.0,10233.021035084035
738,7380,-0.12650394970047696,0.011570319364666747,0.0915633494963027,0.5,1.0,10247.949661124963
739,7390,-0.07742563738649455,-0.0032511659758438505,0.04810445402725716,0.5,1.0,10262.488558416953
740,7400,-0.15531115723332967,-0.01932773153811773,0.056770043737947806,0.5,1.0,10277.533861459
741,7410,-0.20608994404829684,-0.04681310155832463,0.09065549913996554,0.5,1.0,10292.22394354199
742,7420,-0.12504677058117064,0.02548143135042329,0.11413972089834432,0.5,1.0,10307.157178542111
743,7430,-0.022316008666561693,0.07499800525832531,0.10877330879099605,0.5,1.0,10322.03593129199
744,7440,-0.057210012146328815,0.040646902565716125,0.05804716122978786,0.5,1.0,10337.563649083953
745,7450,-0.3122457701590893,0.003957912434655597,0.136205972802143,0.5,1.0,10351.911334584001
746,7460,-0.09007154806998408,0.03414473685237214,0.07103054615437676,0.5,1.0,10366.103959375061
747,7470,-0.08156707396780138,0.003286650898212695,0.04726492173053705,0.5,1.0,10380.759476667037
748,7480,-0.166254123053867,-0.02812432140945855,0.10361295544290458,0.5,1.0,10395.42568116705
749,7490,-0.13875271925726995,-0.07418241690087904,0.03830214825160116,0.5,1.0,10409.57576495898
750,7500,-0.3117413668295512,-0.04568480076490182,0.12229661592059046,0.5,1.0,10424.156075875042
751,7510,-0.10151777178251908,0.0031366694829078057,0.08456999234323004,0.5,1.0,10438.501536125084
752,7520,-0.04870737073661058,0.015237808150660559,0.05482755542133365,0.5,1.0,10453.59053408401
753,7530,-0.24710495375859676,0.004982913450377158,0.10321461578118768,0.5,1.0,10468.41683920892
754,7540,-0.06978128172370202,0.031200310890462202,0.07443809900362658,0.5,1.0,10482.989021542016
755,7550,-0.25661983891098483,-0.0787802694916893,0.0889421421246475,0.5,1.0,10497.00675504189
756,7560,-0.1483127341042012,-0.012540623422098652,0.06269656881245761,0.5,1.0,10512.251371334074
757,7570,-0.1684185883384366,-0.0029803048171616275,0.08306933271322156,0.5,1.0,10526.75575474999
758,7580,-0.06072388984626986,0.02986949871525004,0.06161107992914104,0.5,1.0,10542.05486958404
759,7590,-0.22780931200001842,0.013267369477290635,0.1278091253987877,0.5,1.0,10555.788064084016
760,7600,-0.14174184450433458,0.021935719578595504,0.10958320639612301,0.5,1.0,10570.428539959015
761,7610,-0.24799554228845455,-0.020586192658119895,0.09708601362439262,0.5,1.0,10585.029565209057
762,7620,-0.090375012650739,-0.018716354030805606,0.04353940434612079,0.5,1.0,10600.464399249991
763,7630,-0.1257128506465408,0.0185017245632638,0.08761368521075902,0.5,1.0,10615.619881374994
764,7640,-0.11980368724685775,0.007294175747243248,0.0686408600514645,0.5,1.0,10630.43967583403
765,7650,-0.22843832119926155,-0.059708651558279514,0.10912501308552688,0.5,1.0,10645.335792667
766,7660,-0.15248387908515681,-0.02883134631568529,0.07379231278887652,0.5,1.0,10660.514824250014
767,7670,-0.3620119736294347,-0.0010758599210979546,0.1499096310951102,0.5,1.0,10675.156984084053
768,7680,-0.10252587400242597,0.004035950294627088,0.0585763002820783,0.5,1.0,10690.140394875081
769,7690,-0.32629047878112605,-0.03608942517751208,0.1281754975906993,0.5,1.0,10704.86189279193
770,7700,-0.11985543869773796,-0.0246279084294323,0.051326219498585825,0.5,1.0,10719.392184166936
771,7710,-0.08159059111516953,0.010476615073300267,0.07133792587722702,0.5,1.0,10734.347470042063
772,7720,-0.19299817049680268,-0.0033575112056571043,0.08114037327039678,0.5,1.0,10748.66023679194
773,7730,-0.3918860509166837,-0.059722423875870234,0.17822186151220742,0.5,1.0,10763.174091916997
774,7740,-0.12450793498052004,0.012088943679875008,0.08087535631244905,0.5,1.0,10778.261402291944
775,7750,-0.26558447843274635,-0.029215933639776103,0.1309736790704272,0.5,1.0,10792.89076716709
776,7760,-0.2904134683492323,-0.04338816783672952,0.1145787950581945,0.5,1.0,10807.302816584008
777,7770,-0.08368827538451118,0.01703021984128954,0.07182808613686599,0.5,1.0,10821.43379566702
778,7780,-0.18200388162907988,-0.023104441424555765,0.06321738942550341,0.5,1.0,10836.372193916934
779,7790,-0.2737351904076295,-0.021777667692326474,0.09411744638096611,0.5,1.0,10850.633966208901
780,7800,-0.19218553423905593,-0.05160170363623999,0.09173485798294337,0.5,1.0,10865.148874291917
781,7810,-0.1330262978030312,-0.0009732660679735439,0.10183217303550295,0.5,1.0,10879.218252750114
782,7820,-0.30173015384124824,-0.0396733187284072,0.12482557559359593,0.5,1.0,10893.832488541957
783,7830,-0.08561050881245613,0.05479653154365556,0.09096488692205165,0.5,1.0,10908.606151500018
784,7840,-0.10914095468834528,-0.009592779342851543,0.04881474816050835,0.5,1.0,10923.594982666895
785,7850,-0.050398845551665516,0.011267006100374477,0.044482896447794754,0.5,1.0,10938.856129625114
786,7860,-0.17802400534873808,-0.037456304116270454,0.0721715407511585,0.5,1.0,10953.560252083931
787,7870,-0.2377255032104717,-0.01926316668585004,0.11763833684296698,0.5,1.0,10968.369164542062
788,7880,-0.1618582788744769,-0.021499901936050492,0.07719136547930305,0.5,1.0,10982.954728333978
789,7890,-0.14618067790725053,0.048220690753448994,0.11686566872812856,0.5,1.0,10997.51938679209
790,7900,-0.37654863781944226,-0.04832039476374108,0.12548671193534902,0.5,1.0,11012.243894666899
791,7910,-0.11963801446749134,-0.006389132583822743,0.07544051025150741,0.5,1.0,11026.472095333971
792,7920,-0.3960734830762771,-0.06888525427377941,0.14537798629869564,0.5,1.0,11040.860306167044
793,7930,-0.04489740997352687,0.03988185685137387,0.08601661358162377,0.5,1.0,11055.625256167026
794,7940,-0.31809587058464306,-0.055047598095667546,0.11041743122303115,0.5,1.0,11070.368126875022
795,7950,-0.21210091017779575,0.0004032533248789605,0.15357796047876265,0.5,1.0,11085.404995209072
796,7960,-0.24220194149733043,-0.059682667882832253,0.0937890458135255,0.5,1.0,11100.205873624887
797,7970,-0.08289228704256946,0.004617572925602165,0.07614510002870087,0.5,1.0,11115.14636833407
798,7980,-0.3591036259182845,-0.11289875843347925,0.11823200948460552,0.5,1.0,11129.107669041958
799,7990,-0.07021479727670332,0.009169201301800012,0.07177317346333603,0.5,1.0,11143.715526875108
800,8000,-0.3100605326816037,-0.004467714056787475,0.12114137190400612,0.5,1.0,11159.174866166897
801,8010,-0.2159125107961266,0.0009083628013224932,0.1296863434333388,0.5,1.0,11173.785025374964
802,8020,-0.10290747286545887,-0.0006270805695532289,0.06870209891311665,0.5,1.0,11189.426041166997
803,8030,-0.09868201702696311,0.00151644349937321,0.07979650975843226,0.5,1.0,11204.79386812495
804,8040,-0.061536991980442934,0.024709016958139964,0.06433757616064122,0.5,1.0,11219.587344709085
805,8050,-0.16284770882579735,-0.016346749798138306,0.06566285240402914,0.5,1.0,11234.525322209112
806,8060,-0.17219973204165395,-0.0031533454058210175,0.1277263044866856,0.5,1.0,11248.472734000068
807,8070,-0.23504283209382404,-0.03381670638490793,0.08022901058980426,0.5,1.0,11263.351527333958
808,8080,-0.12250937274498064,-0.022262663508270376,0.047749847265416624,0.5,1.0,11278.017036542064
809,8090,-0.1393656287635423,-0.034738091118071066,0.06027811298640211,0.5,1.0,11292.704474875005
810,8100,-0.174810482085884,-0.04038970423551369,0.07348424346825043,0.5,1.0,11306.800356541993
811,8110,-0.21313246398500496,-0.002255379817237557,0.07641986590810078,0.5,1.0,11321.586596125038
812,8120,-0.2059448118857663,0.012405168005566925,0.13023531989234072,0.5,1.0,11336.891630084021
813,8130,-0.17247094577605182,-0.011277640603214501,0.09206179171445387,0.5,1.0,11351.469497499987
814,8140,-0.09414877972380609,-0.0035143268243094995,0.05652550387797365,0.5,1.0,11366.90037491708
815,8150,-0.24784637706438062,-0.0517851531231381,0.10006060730769507,0.5,1.0,11381.979809167096
816,8160,-0.19900595609300442,-0.04312974440732047,0.06967242278801629,0.5,1.0,11397.021570000099
817,8170,-0.09481349387987947,-0.003998925752732596,0.04301383043963938,0.5,1.0,11411.524359292118
818,8180,-0.06042591426255495,0.014981214033380662,0.035362275374092915,0.5,1.0,11426.278553459095
819,8190,-0.29119213548181033,-0.0985692002115707,0.11181573014703647,0.5,1.0,11440.903989125043
820,8200,-0.12190270846536144,0.012674339155625436,0.082354318293161,0.5,1.0,11455.878445833921
821,8210,-0.023918154645516942,0.04902363508766916,0.05825340145668072,0.5,1.0,11470.37464812491
822,8220,-0.04954228577553366,0.03237531841554135,0.05300752968228132,0.5,1.0,11486.111610916909
823,8230,-0.04113423127177107,0.02409495434324347,0.059749375017008735,0.5,1.0,11501.258770999964
824,8240,-0.1541533214716857,-0.006231180716257878,0.07045661691415285,0.5,1.0,11515.812615083996
825,8250,-0.03369529108167768,0.07103461465975114,0.10025570651910813,0.5,1.0,11530.720101125073
826,8260,-0.2698532541671961,-0.03154974182076549,0.11261003660780577,0.5,1.0,11544.456827874994
827,8270,-0.12097250625452904,0.020236935310243,0.10107074180689248,0.5,1.0,11558.845024375012
828,8280,-0.09554066431528607,-0.003791865185699894,0.0698628051703238,0.5,1.0,11573.600161249982
829,8290,-0.17802529679813173,-0.04110850096810772,0.0896671033973377,0.5,1.0,11588.57713316707
830,8300,-0.19547940855565393,-0.028353235787419707,0.10055757163213692,0.5,1.0,11602.844762542052
831,8310,-0.10599172815120905,-0.019920403373811357,0.055396939016036616,0.5,1.0,11617.13728445908
832,8320,-0.11390562901757573,0.025093076998702203,0.11684669290489662,0.5,1.0,11631.671210916946
833,8330,-0.32437602116941733,-0.07459313679576987,0.14392486101669524,0.5,1.0,11645.925770374946
834,8340,-0.048203551165693526,0.011357587382048617,0.04992190758252249,0.5,1.0,11660.863476250088
835,8350,-0.27442408111806493,-0.05360665285031292,0.10544127283974569,0.5,1.0,11675.28941774997
836,8360,-0.19589025851584907,0.02446902435961702,0.14251463414959661,0.5,1.0,11689.230926250108
837,8370,-0.26713553278021873,-0.008593023288553247,0.10443371666378554,0.5,1.0,11703.947580334032
838,8380,-0.09531821137368013,-0.019211939748329597,0.048562095438234705,0.5,1.0,11718.6794224591
839,8390,-0.14045965468650223,-0.044019234104049065,0.06236539621139891,0.5,1.0,11733.608299416956
840,8400,-0.05588182259522956,-0.00036364068376002476,0.04566243745811238,0.5,1.0,11749.343265834032
841,8410,-0.16882993537907964,-0.0410695929694402,0.05355659998606998,0.5,1.0,11764.042979500024
842,8420,-0.15761810307622603,-0.0077572140367187185,0.07438018650960422,0.5,1.0,11778.050480917096
843,8430,-0.08802238885861957,-0.025634745189774134,0.03617001996766079,0.5,1.0,11793.2013464591
844,8440,-0.15407162232853544,-0.023970217705426577,0.0703903299906281,0.5,1.0,11807.692429583985
845,8450,-0.10968357577759935,0.00480117457571323,0.10819889520721897,0.5,1.0,11822.242523249937
846,8460,-0.06036492612492328,0.004607660724274343,0.03074566277991051,0.5,1.0,11837.269709500019
847,8470,-0.09191982106759067,0.002280297624793626,0.05129507918989808,0.5,1.0,11851.381134791998
848,8480,-0.15438838033617142,0.0008364883363297437,0.08395518803377047,0.5,1.0,11866.426442458993
849,8490,-0.30053999507434437,-0.02363716259593964,0.10101324387106993,0.5,1.0,11880.747564834077
850,8500,-0.18727953309895096,-0.006331803602893693,0.12941849463171537,0.5,1.0,11895.21002487489
851,8510,-0.0807351410382493,-0.0058704151632424486,0.03926886457860418,0.5,1.0,11910.622418124927
852,8520,-0.28014060097861027,-0.056639220539839205,0.09601163450631281,0.5,1.0,11925.509263250045
853,8530,-0.2949448190054733,-0.061657784033045004,0.11068034603197131,0.5,1.0,11939.603961166926
854,8540,-0.1319536148065552,0.00355988788228645,0.05938220253257843,0.5,1.0,11954.44422758394
855,8550,-0.11354017932735783,0.010582681835407915,0.08707445578384664,0.5,1.0,11970.034435458947
856,8560,-0.2056049887338247,-0.01075297410008016,0.09982911013629178,0.5,1.0,11984.904227416962
857,8570,-0.3151523874833506,-0.06461095406593138,0.12453575235504372,0.5,1.0,11999.89501645905
858,8580,-0.17941060270258458,0.0034356521394171224,0.09610692715470406,0.5,1.0,12015.153305459069
859,8590,-0.09176598048523044,-0.022090661789052123,0.03268638547353393,0.5,1.0,12030.29641191708
860,8600,-0.2199626120285023,-0.030987800806997347,0.13265032068048896,0.5,1.0,12044.512535458896
861,8610,-0.2261907244889123,-0.0024534061896422264,0.10421748372371357,0.5,1.0,12058.649533374934
862,8620,-0.1002602408554889,0.0002678352895343572,0.05123439579613941,0.5,1.0,12073.630124459043
863,8630,-0.15648989644946898,-0.0070035595714663225,0.1015476162943928,0.5,1.0,12088.450026042061
864,8640,-0.24669757248684654,-0.032479791595266594,0.09232292672924038,0.5,1.0,12103.02201733389
865,8650,-0.19552477229788767,0.044593443200008395,0.13746290981626785,0.5,1.0,12117.319476667093
866,8660,-0.22731409742151243,-0.029814309496202986,0.08648131419481561,0.5,1.0,12132.078777417075
867,8670,-0.11577110395473511,0.009790043703413253,0.08381650949432042,0.5,1.0,12146.385469916975
868,8680,-0.12863077019376146,-0.022208748832257007,0.057459597582582816,0.5,1.0,12161.47931570909
869,8690,-0.13410979428623104,-0.018667845519374816,0.056891843137932704,0.5,1.0,12176.369187833974
870,8700,-0.20171424803764193,-0.02410149390877665,0.07570944863627158,0.5,1.0,12191.17840837501
871,8710,-0.2634404560200716,-0.027452309055744185,0.11616606929397101,0.5,1.0,12205.662197875092
872,8720,-0.1368754174725746,-0.01837273714148511,0.07336849122657749,0.5,1.0,12221.378796333913
873,8730,-0.2557137812031378,0.007847370702027411,0.11997268965353569,0.5,1.0,12236.077771958895
874,8740,-0.17919165505217105,-0.010632791648273887,0.09777095822045874,0.5,1.0,12250.644146374892
875,8750,-0.40571941364807085,0.003528552340003621,0.2397844514245866,0.5,1.0,12265.47274079197
876,8760,-0.12429810509115224,-0.0007200477020804285,0.06625662625323236,0.5,1.0,12280.422371041961
877,8770,-0.19230624311749622,-0.011067356516598802,0.0846647599495982,0.5,1.0,12295.071337667061
878,8780,-0.2693122572408626,-0.03211791550292009,0.10448320095638451,0.5,1.0,12309.786372625036
879,8790,-0.1629180890505184,-0.058802788477236946,0.0604701727914093,0.5,1.0,12324.891543916892
880,8800,-0.3803772117115294,-0.038010718695806744,0.1566659493250289,0.5,1.0,12339.354712500004
881,8810,-0.07155601834621006,0.028305990918015667,0.06545972686434819,0.5,1.0,12353.861714625033
882,8820,-0.11500064686419265,-0.015111433897247294,0.05333133481639929,0.5,1.0,12368.245598291978
883,8830,-0.2900861156057548,-0.08113907487208065,0.09499264131754517,0.5,1.0,12383.024085334036
884,8840,-0.2194572482133097,-0.027213853281158863,0.07225400533892917,0.5,1.0,12397.95370695903
885,8850,-0.09811716560744443,-0.0018271033114349855,0.08700539372101224,0.5,1.0,12412.972742374986
886,8860,-0.2417327835765377,-0.025902869161859687,0.1175297844303556,0.5,1.0,12427.009647042025
887,8870,-0.12646869303651442,0.023423457859451168,0.07673395179975216,0.5,1.0,12441.289948916994
888,8880,-0.17399589341567712,-0.01422239710530313,0.07608354394372324,0.5,1.0,12456.372884833952
889,8890,-0.19169464840995598,-0.015564888467950854,0.07923703603684587,0.5,1.0,12471.676786584081
890,8900,-0.05228722611780601,0.01692463053033517,0.04338603099549341,0.5,1.0,12486.580479084048
891,8910,-0.22502756835696047,-0.0329524016492142,0.1246364121482383,0.5,1.0,12501.680052791955
892,8920,-0.17056286395701203,0.031650114434650066,0.15872674903820153,0.5,1.0,12516.358873875113
893,8930,-0.042710997642389614,0.017688815262410174,0.05696601461971573,0.5,1.0,12531.263907459099
894,8940,-0.08410566077502857,0.043811593545164486,0.09036711378982196,0.5,1.0,12545.396897667088
895,8950,-0.2448718029531456,-0.01675427370757925,0.08727727908343438,0.5,1.0,12559.939645041944
896,8960,-0.10072940373670392,-0.018903560655306517,0.06107925330354552,0.5,1.0,12574.088010292035
897,8970,-0.1029235764298786,-0.01604015662560405,0.06462493778285928,0.5,1.0,12589.500781875104
898,8980,-0.09296273422303525,-0.0029540351969398414,0.04431996119515559,0.5,1.0,12604.196488334099
899,8990,-0.23011852845852765,-0.01584042974360216,0.09983298222444204,0.5,1.0,12618.799008958973
900,9000,-0.1571446519904489,-0.015538728208218888,0.05934364206462835,0.5,1.0,12634.08549450012
901,9010,-0.27218476927708846,-0.039688540372904056,0.09513655063260908,0.5,1.0,12648.821299584117
902,9020,-0.3357259242838406,-0.05098271305698239,0.10597993910458994,0.5,1.0,12663.644108749926
903,9030,-0.2888372624603637,-0.026294977240146268,0.1259394533612883,0.5,1.0,12678.113864375046
904,9040,-0.3178165275773859,-0.04839547553553354,0.11934282204767745,0.5,1.0,12692.765096334042
905,9050,-0.34190904408374667,0.004452431803449031,0.1808736602347415,0.5,1.0,12707.044066250091
906,9060,-0.10666611413211058,0.002678870272258127,0.0717892914581191,0.5,1.0,12721.907745999983
907,9070,-0.31898628547199337,0.9992019995791303,3.0027960983555992,0.5,1.0,12736.738124999916
908,9080,-0.12416701624396342,-0.025670746531351086,0.07164544863854055,0.5,1.0,12751.33498183405
909,9090,-0.19229014264319133,-0.017431596994938837,0.07544654578667259,0.5,1.0,12765.905097208917
910,9100,-0.11175098725361021,-0.007496640305467306,0.10021446623172815,0.5,1.0,12780.440959916916
911,9110,-0.26152734072609185,-0.11003587392801446,0.07726296057122034,0.5,1.0,12794.985798750073
912,9120,-0.34886312525155905,0.008077437398200615,0.18342603100987018,0.5,1.0,12808.83950558398
913,9130,-0.09626675166524645,-0.002240062009793942,0.04006399075388571,0.5,1.0,12823.94690275006
914,9140,-0.100350346092406,-0.016209763965871992,0.05418975588248981,0.5,1.0,12838.512277417118
915,9150,-0.1163231980824575,-0.022253267235011087,0.08509744751096927,0.5,1.0,12853.253581749974
916,9160,-0.10802988305641481,0.012655433550347261,0.09238714310307418,0.5,1.0,12868.11075074994
917,9170,-0.3227203360420816,-0.08172282082052203,0.12056425882048688,0.5,1.0,12883.823062499985
918,9180,-0.13383819313625,-0.019011530492210583,0.0664251085844563,0.5,1.0,12898.957974042045
919,9190,-0.3835664591324006,-0.09056364370146204,0.10746521301922295,0.5,1.0,12913.566539624939
920,9200,-0.11417140873064557,-0.0021123428420128042,0.08411824250689588,0.5,1.0,12928.090975916944
921,9210,-0.26263147499200823,-0.04559649698583845,0.11634053240033475,0.5,1.0,12942.628435666906
922,9220,-0.16179138852582753,-0.010626320709858828,0.09039902030862693,0.5,1.0,12956.973967625061
923,9230,-0.3699828858051335,-0.018515185610387695,0.1236434577317018,0.5,1.0,12971.936444249935
924,9240,-0.31965988134511125,0.007046846654415351,0.16305285386983126,0.5,1.0,12986.480208999943
925,9250,-0.15593116698091247,-0.03130947541685538,0.07274838272887206,0.5,1.0,13001.595721374964
926,9260,-0.055411849531668445,0.021491679246907935,0.05666139451425304,0.5,1.0,13015.948071334045
927,9270,-0.07199925915418426,0.007179765260408999,0.06284469832991794,0.5,1.0,13029.939734000014
928,9280,-0.1318641828860576,0.04443028058602545,0.1298571089840113,0.5,1.0,13044.410693875048
929,9290,-0.10728165326021877,-0.002694712967025925,0.05785503856440973,0.5,1.0,13059.722790166968
930,9300,-0.03531928516218841,0.03412500542523418,0.052233825360706906,0.5,1.0,13073.95814129198
931,9310,-0.09125528852342502,0.03114388791467615,0.08037935512071223,0.5,1.0,13088.768941459013
932,9320,-0.19970332441926253,-0.022477950066808906,0.10400918492758988,0.5,1.0,13102.941663209116
933,9330,-0.144146314616993,0.012593728625092115,0.08101915047026553,0.5,1.0,13116.843546666903
934,9340,-0.3995918820204478,-0.04473962304892263,0.13878487849391855,0.5,1.0,13131.899353584042
935,9350,-0.2647325448593545,-0.04626927539551575,0.10332564205472247,0.5,1.0,13146.76465662499
936,9360,-0.17344322496600206,-0.01067213498818349,0.09534744813254944,0.5,1.0,13161.317261083983
937,9370,-0.10000604565668247,-0.009121800903638188,0.06214874003436134,0.5,1.0,13176.001966709038
938,9380,-0.1644394736346655,0.007411232939226231,0.08180757862820572,0.5,1.0,13190.30012349994
939,9390,-0.102418171098285,0.0013410599736467077,0.06555278186201566,0.5,1.0,13205.039410166908
940,9400,-0.2645065575067225,-0.03996740347621826,0.09116587580820615,0.5,1.0,13219.703373834025
941,9410,-0.46986220845262494,-0.0358293571803169,0.1524485854879568,0.5,1.0,13234.099035416963
942,9420,-0.22319617658604596,-0.010470706898457393,0.1116959240211672,0.5,1.0,13247.895261584083
943,9430,-0.1296542500640543,0.009740647898395415,0.06559047363131212,0.5,1.0,13262.794424625114
944,9440,-0.3385455632429881,-0.023010366798533168,0.14127589291342654,0.5,1.0,13277.362855708925
945,9450,-0.3195891149510546,-0.09549033719427288,0.10780440780479697,0.5,1.0,13291.699668542016
946,9460,-0.22654958780212553,0.0009266749370574701,0.12043560454890005,0.5,1.0,13305.814415375004
947,9470,-0.08461106068712976,-0.004467209314363352,0.037816902130560125,0.5,1.0,13320.26372412499
948,9480,-0.24520621113003038,-0.012862097651629068,0.09590019669294894,0.5,1.0,13334.684120499995
949,9490,-0.18836032835563543,-0.015902787201728063,0.08199610028667467,0.5,1.0,13349.665896750055
950,9500,-0.1530027655199877,0.010558499719420666,0.10816986122893787,0.5,1.0,13364.35164733394
951,9510,-0.1135968594950123,0.03251221771870583,0.10918530637763847,0.5,1.0,13378.83013483393
952,9520,-0.13645630707172174,0.001191812771966294,0.05765352979665977,0.5,1.0,13394.214057416888
953,9530,-0.2570792543995548,-0.022979550091925028,0.14831391364027957,0.5,1.0,13408.487973792013
954,9540,-0.18585383355735363,-0.033032201165294685,0.08061764354389828,0.5,1.0,13423.041374834022
955,9550,-0.07891004559896775,-0.019245353936418484,0.030226375303307552,0.5,1.0,13437.795348084066
956,9560,-0.3319169577512815,-0.08697868515703852,0.1375395268683024,0.5,1.0,13455.488703584066
957,9570,-0.1367486142238512,-0.004890949431135727,0.06481733014394736,0.5,1.0,13470.71610683389
958,9580,-0.04929879342412935,0.07584190838990734,0.07912000692151772,0.5,1.0,13485.785108374897
959,9590,-0.11630394111814457,0.010712702331347667,0.10747453838481404,0.5,1.0,13500.997876124922
960,9600,-0.22492537273502222,-0.003675812383515176,0.09560185181439564,0.5,1.0,13516.018503834028
961,9610,-0.550469690169316,-0.023603919355369207,0.189039574283057,0.5,1.0,13531.007928374922
962,9620,-0.07476907167920377,0.018793633859573687,0.05491675324457825,0.5,1.0,13546.314807208953
963,9630,-0.07342704855058102,0.05470335694027897,0.07609520358859644,0.5,1.0,13561.429412584053
964,9640,-0.22151494110955294,-0.03768338414363255,0.09520674758550599,0.5,1.0,13575.98416983406
965,9650,-0.2204958108508075,0.9760284668151773,3.0090729855555853,0.5,1.0,13591.579922167119
966,9660,-0.12917044485437223,0.005377683279303902,0.09378499158754851,0.5,1.0,13606.089898667065
967,9670,-0.23505656870156688,-0.030224319362902465,0.13813156051905853,0.5,1.0,13620.722681374988
968,9680,-0.13552075506311567,0.012125637732584859,0.09091346490543098,0.5,1.0,13635.397920083953
969,9690,-0.2359906975262982,-0.06857785880139407,0.0897537236512203,0.5,1.0,13649.91400608397
970,9700,-0.2061159949294602,0.017652448808811803,0.10609028699125289,0.5,1.0,13664.678310083924
971,9710,-0.17052853864897788,-0.0015171112028270705,0.08751364488713832,0.5,1.0,13679.461295791902
972,9720,-0.24309080745321943,0.03399281146265683,0.13710554765044905,0.5,1.0,13694.273915375117
973,9730,-0.3589271567687531,-0.027288341220028746,0.1618517420983678,0.5,1.0,13709.083791666897
974,9740,-0.2885361592819997,-0.04346718018155009,0.09529109534606932,0.5,1.0,13723.384547667112
975,9750,-0.06303250437480035,0.029081619069322252,0.06685582033431102,0.5,1.0,13737.597000000067
976,9760,-0.16456441679632672,-0.01813519397919654,0.08206794646088614,0.5,1.0,13752.759557374986
977,9770,-0.03553635888455897,0.0465186138179071,0.10267198646708885,0.5,1.0,13767.25924570905
978,9780,-0.12819468997876537,-0.011816125720414572,0.07955837806060828,0.5,1.0,13782.06332366704
979,9790,-0.135802847214344,-0.016183503852194026,0.07727970270760594,0.5,1.0,13796.243365708971
980,9800,-0.20408711429437343,-0.027262537615718774,0.09990547445204921,0.5,1.0,13810.952119708993
981,9810,-0.27333070965288986,0.007080357376545799,0.11821611123805609,0.5,1.0,13825.439200584078
982,9820,-0.07067339087098201,0.0008700050932330505,0.05294345246736826,0.5,1.0,13839.811266083969
983,9830,-0.407355759350029,-0.01047137831564271,0.14482555522322002,0.5,1.0,13853.490781791974
984,9840,-0.10833992172408724,0.02252348880769901,0.06260512659606125,0.5,1.0,13868.45932766702
985,9850,-0.10640984056539349,-0.005416669065291035,0.11627840531159865,0.5,1.0,13883.124386084033
986,9860,-0.09419512586566725,0.015472772267862478,0.052422071307520204,0.5,1.0,13897.74223237508
987,9870,-0.44313777186383607,-0.061218279161009456,0.13582088808419507,0.5,1.0,13912.837109958986
988,9880,-0.5863764755574126,-0.053864611856270186,0.1855171494004366,0.5,1.0,13927.631080416963
989,9890,-0.1862785637488571,-0.016323790646826274,0.12045016069023641,0.5,1.0,13942.413934542099
990,9900,-0.03948085136129009,0.049630950178320796,0.08093135923980575,0.5,1.0,13957.27934583393
991,9910,-0.22236371187632198,-0.03933616903981596,0.08728335844734116,0.5,1.0,13972.213807666907
992,9920,-0.07393642429773895,0.02677783710357735,0.05507478303766201,0.5,1.0,13987.082116042031
993,9930,-0.10342096597812311,-0.007174719317681521,0.04169378315522827,0.5,1.0,14001.994565750007
994,9940,-0.2710665960939922,-0.00951533379809968,0.12825519295310805,0.5,1.0,14016.072210833896
995,9950,-0.1678624191479985,0.010616935792120863,0.08356500488453013,0.5,1.0,14031.178469209
996,9960,-0.03541358918919624,0.05847725072042147,0.09362486242027301,0.5,1.0,14045.24496083404
997,9970,-0.1838266083295661,-0.04430387859692644,0.08101852352393792,0.5,1.0,14059.26625108393
998,9980,-0.07580615728554463,0.01148599865580513,0.07701004728862014,0.5,1.0,14073.71682545892
999,9990,-0.1333869724178065,-0.008336867474537879,0.09155359556905861,0.5,1.0,14088.327913375106
1000,10000,-0.34084765934395644,-0.08984248483733363,0.1370890729161366,0.5,1.0,14103.134373208974
1001,10010,-0.15686781904792024,0.013198312367802067,0.08857987060715178,0.5,1.0,14118.063865958946
1002,10020,-0.07011185164411327,-0.010420521064733545,0.04560100654168883,0.5,1.0,14133.075017709052
1003,10030,-0.0706209665447668,0.013421442807486094,0.07869168362189698,0.5,1.0,14148.10282512498
1004,10040,-0.07904281424235027,0.009636800312655592,0.08343774360813938,0.5,1.0,14162.828041000059
1005,10050,-0.3382656530980528,-0.023369420465028056,0.11191158403730715,0.5,1.0,14177.193440000061
1006,10060,-0.22502427546329162,0.005562464193292449,0.10541287630045626,0.5,1.0,14192.280147458892
1007,10070,-0.17257410010445362,-0.00385723294464384,0.07357292036394174,0.5,1.0,14207.151329291984
1008,10080,-0.1403587190583453,0.0020447903211916695,0.07314295728173092,0.5,1.0,14221.754238666967
1009,10090,-0.15361646343735647,-0.03996635995126736,0.08444229481410463,0.5,1.0,14236.756338875042
1010,10100,-0.10561570383819774,-0.0240608855329806,0.05654139475133777,0.5,1.0,14251.890483709052
1011,10110,-0.09196062487806778,0.016049393707973182,0.08212585887680623,0.5,1.0,14265.789958874928
1012,10120,-0.3826905330770787,-0.05504779799480488,0.1259398199260643,0.5,1.0,14279.950545459054
1013,10130,-0.18367633724834587,-0.015607509951495579,0.12454456554330588,0.5,1.0,14294.085224624956
1014,10140,-0.0833071528226128,-0.006730551092893666,0.039183068325435874,0.5,1.0,14309.131103584077
1015,10150,-0.19310363333927416,-0.03679348896267509,0.08724490647768245,0.5,1.0,14323.870755875017
1016,10160,-0.13960802995231436,-0.021772815192473073,0.07482110301941586,0.5,1.0,14338.320624291897
1017,10170,-0.1132368571683342,-0.0009258078980087347,0.09423226429265787,0.5,1.0,14353.302723667119
1018,10180,-0.0973909217131057,0.026334246460433607,0.06406567606529714,0.5,1.0,14367.95660312497
1019,10190,-0.09882917831594096,-0.003838703382361075,0.07921365386820582,0.5,1.0,14382.637596708955
1020,10200,-0.31438883342379853,-0.017711660475692347,0.11910424234255473,0.5,1.0,14397.725112250075
1021,10210,-0.16848785551794077,-0.014399324992177932,0.10843010502806476,0.5,1.0,14412.84958204208
1022,10220,-0.03413466696372591,0.048650472508050234,0.0945381166491483,0.5,1.0,14427.34153133398
1023,10230,-0.24990983246074894,-0.03771627749960338,0.09920768141162868,0.5,1.0,14441.529982500011
1024,10240,-0.15079547576686636,0.0018484271347023907,0.11513439435081552,0.5,1.0,14456.49751475011
1025,10250,-0.11616857895079225,0.006083521765894861,0.07011164761957661,0.5,1.0,14471.315447249915
1026,10260,-0.0896064911843224,0.02914032550548624,0.07745891242982168,0.5,1.0,14486.148903500056
1027,10270,-0.12584077730681198,0.9748045515846016,3.0089894291158057,0.5,1.0,14500.392452250002
1028,10280,-0.20317679826088053,-9.519569302920416e-05,0.09656065347123961,0.5,1.0,14514.845863041934
1029,10290,-0.12492635257287699,-0.0308868081212057,0.053533640426010096,0.5,1.0,14529.770050999941
1030,10300,-0.24603870428448626,-0.031022864050027098,0.11299448280752647,0.5,1.0,14545.045588959008
1031,10310,-0.10896231240871934,0.008994272586088047,0.07028834368903725,0.5,1.0,14560.265231291996
1032,10320,-0.3126553118042912,-0.05004360007832034,0.11394626084087542,0.5,1.0,14574.996863083914
1033,10330,-0.5293563595702615,-0.094106493271088,0.17292090841529056,0.5,1.0,14589.301329958951
1034,10340,-0.05305639495292258,0.019787103099699534,0.051259333784243494,0.5,1.0,14603.510425166925
1035,10350,-0.23811596844163585,-0.017753811395701202,0.09180078582722746,0.5,1.0,14618.125053625088
1036,10360,-0.07024971191809204,0.025070085737824856,0.07105768707602646,0.5,1.0,14633.24869624991
1037,10370,-0.17232631210187765,0.013739214258742827,0.09326509057632175,0.5,1.0,14648.470968374982
1038,10380,-0.07575327111334307,0.03621042657035618,0.081774283336138,0.5,1.0,14663.680583874928
1039,10390,-0.29528453268973287,-0.05780239331760271,0.10985861488217881,0.5,1.0,14678.379140791949
1040,10400,-0.20925529232234297,-0.0026051045196092914,0.09001507865252804,0.5,1.0,14692.74950287491
1041,10410,-0.11850190619641232,-0.009226152554343958,0.053479567273657234,0.5,1.0,14707.989330000011
1042,10420,-0.1221575067344638,-0.025833460123022255,0.05135577461898432,0.5,1.0,14722.887383334106
1043,10430,-0.03080661381554961,0.027008841107095626,0.04967207696721425,0.5,1.0,14737.200177584076
1044,10440,-0.3408998320180565,-0.0259599003493169,0.1178197290782571,0.5,1.0,14751.969560791971
1045,10450,-0.6801717190346457,-0.020198951190746328,0.2376534433504795,0.5,1.0,14767.40434554196
1046,10460,-0.09495830061246568,-0.0036938764887245235,0.06755227245388155,0.5,1.0,14782.433229709044
1047,10470,-0.25101039008046566,-0.025503623590687318,0.14671906058048964,0.5,1.0,14797.120503084036
1048,10480,-0.18072216190088852,0.0216916324269814,0.12691440214863378,0.5,1.0,14812.298982041888
1049,10490,-0.35492760985110205,-0.037185061310956245,0.14070940669786267,0.5,1.0,14826.849170084111
1050,10500,-0.19770935796726263,-0.010215305998963854,0.11813179043450293,0.5,1.0,14841.698349792045
1051,10510,-0.11864864541467401,0.00467615670695345,0.08202999723035974,0.5,1.0,14856.445572708966
1052,10520,-0.10363937779429122,0.032873718304224565,0.07493103002513049,0.5,1.0,14870.834583458956
1053,10530,-0.09467095863020347,0.028877493958593625,0.07820767214231046,0.5,1.0,14885.355909291888
1054,10540,-0.08477903796888242,0.025629032106416715,0.07164747458134556,0.5,1.0,14900.192595042055
1055,10550,-0.2231724000682629,-0.015140680544274154,0.10386389045057197,0.5,1.0,14914.784485917073
1056,10560,-0.19189860517508972,0.02806393490192747,0.10553504615232441,0.5,1.0,14929.419020958943
1057,10570,-0.08211329192953354,0.014856964444170728,0.05508459046221198,0.5,1.0,14944.370523500023
1058,10580,-0.14227937472179075,0.0023760813434648754,0.0722080437194865,0.5,1.0,14959.222644125111
1059,10590,-0.203772731940834,-0.04170379901664552,0.07238519099355954,0.5,1.0,14974.169848708902
1060,10600,-0.11842255430822579,-0.021909475260356713,0.0623257485191422,0.5,1.0,14988.781667249976
1061,10610,-0.3497390999915764,0.0045033436136443505,0.14787630774460422,0.5,1.0,15003.349538875045
1062,10620,-0.2460433030943152,-0.07425854425510084,0.07845816169623489,0.5,1.0,15017.892406916944
1063,10630,-0.17538070537539596,-0.03245098538499196,0.08505653429516205,0.5,1.0,15033.2128507921
1064,10640,-0.19027708939760846,0.03148954141065312,0.1158024414905936,0.5,1.0,15047.718126042048
1065,10650,-0.16842896898203197,-0.0008085642677090555,0.08311319891328063,0.5,1.0,15062.351675583981
1066,10660,-0.05134298894042377,-0.019379472196325943,0.02484573285368601,0.5,1.0,15077.555380875012
1067,10670,-0.027921069680412636,0.020909001474117693,0.027928550801543786,0.5,1.0,15092.629114584066
1068,10680,-0.017333591657990866,0.023020457858889197,0.04439074823760234,0.5,1.0,15107.617977125105
1069,10690,-0.1747081806854558,0.9804729026077388,3.0075955702095696,0.5,1.0,15121.110777334077
1070,10700,-0.10263788406471885,0.028797096953133483,0.06291557139943396,0.5,1.0,15134.000565791968
1071,10710,-0.31387616254802175,-0.01479403939829318,0.1213569775330039,0.5,1.0,15146.98864116706
1072,10720,-0.12510890845114542,0.021312697513456325,0.06903311674738957,0.5,1.0,15159.86136483401
1073,10730,-0.21889205663439792,-0.02578377673781631,0.08891632113302564,0.5,1.0,15172.404877583962
1074,10740,-0.32374689013840996,0.0018984859009894884,0.12666818135747332,0.5,1.0,15184.705484458944
1075,10750,-0.24004630032239582,-0.008516884490932153,0.11923202241512985,0.5,1.0,15197.557703708997
1076,10760,-0.08924863443375397,0.003540620941592376,0.05943757378201828,0.5,1.0,15210.050155125093
1077,10770,-0.22919983217006923,-0.03697992663775294,0.083957318616036,0.5,1.0,15222.33875883394
1078,10780,-0.183521551764656,0.026041027872083157,0.1113941721884939,0.5,1.0,15234.863323125057
1079,10790,-0.18816712342494046,0.9751856255249278,3.009221845924749,0.5,1.0,15247.226823125035
1080,10800,-0.31158391124921625,-0.059758276702554715,0.13235320845307713,0.5,1.0,15259.479378416901
1081,10810,-0.4165574812364614,-0.02159438795993438,0.1423667299931557,0.5,1.0,15271.725648833904
1082,10820,-0.11530273042355876,-0.01349636882829568,0.05846936816582333,0.5,1.0,15284.269337333972
1083,10830,-0.30572238198961976,-0.02603699173801637,0.10111827300148403,0.5,1.0,15296.753478042083
1084,10840,-0.18460616877767677,-0.018257297933453744,0.06913849597806995,0.5,1.0,15310.237008458935
1085,10850,-0.2593530335527259,-0.052994101060945466,0.10909150455877663,0.5,1.0,15321.978351166938
1086,10860,-0.0851485149349962,-0.008091471361595381,0.05034959873356393,0.5,1.0,15333.455509667052
1087,10870,-0.08970300317906865,0.03371124179902285,0.09279821529155338,0.5,1.0,15344.523556249915
1088,10880,-0.10184621032482344,-0.014815390706125253,0.06561730983446024,0.5,1.0,15355.061326500028
1089,10890,-0.10429603647270458,-0.012005572569014956,0.07964660449946893,0.5,1.0,15365.750131249893
1090,10900,-0.45610992788908433,-0.04361591692480733,0.17047459351860414,0.5,1.0,15376.207345166942
1091,10910,-0.0857133322441701,0.0020087285449991834,0.09179151064122898,0.5,1.0,15386.84498183406
1092,10920,-0.2097205211588662,0.018440505611660198,0.12494292752371342,0.5,1.0,15397.14704591711
1093,10930,-0.14861005210869482,-0.01600291742708739,0.07397674966840682,0.5,1.0,15407.803629959002
1094,10940,-0.22443454774082205,0.0006509859905894366,0.12444531360853771,0.5,1.0,15417.981350708986
1095,10950,-0.21089178202455638,-0.01869921498849596,0.11740022131786662,0.5,1.0,15428.264473417075
1096,10960,-0.1173605939363922,-0.03693772753948723,0.0423477528455154,0.5,1.0,15437.087578624953
1097,10970,-0.07658056674375757,0.037440345515127225,0.07433324991599895,0.5,1.0,15445.205840792041
1098,10980,-0.4040904091253612,-0.03586813370079724,0.1257769889549181,0.5,1.0,15453.527684959117
1099,10990,-0.22816732945200258,-0.06885681923078639,0.08239598423057654,0.5,1.0,15461.823205583962
1100,11000,-0.08675317265576865,0.011751102310451867,0.08967262453457948,0.5,1.0,15470.020878084004
1101,11010,-0.1819531254148652,0.004391107719179832,0.07154025042063433,0.5,1.0,15478.220738874981
1102,11020,-0.10990168984799986,-0.02891690969023797,0.037804453239145185,0.5,1.0,15486.623085959116
1103,11030,-0.12372393344370725,0.00900896034634906,0.06430675936036936,0.5,1.0,15494.781891041901
1104,11040,-0.05998344806544775,0.0395852260898006,0.06713822452520476,0.5,1.0,15502.506767041981
1105,11050,-0.06320135842625163,1.0439492411264026,2.9865531173179187,0.5,1.0,15510.711275167065
1106,11060,-0.1069692468454786,0.003920974272839395,0.07614432594822196,0.5,1.0,15519.028414250119
1107,11070,-0.0745196894957596,0.057234009929433685,0.12701770584704236,0.5,1.0,15526.87149345898
1108,11080,-0.10197872790072182,-0.040920564044100424,0.04786938707884489,0.5,1.0,15535.152383334003
1109,11090,-0.13991211086846533,1.0155496392752223,2.99605027157611,0.5,1.0,15543.279051834019
1110,11100,-0.3593443805210317,-0.005889438603424413,0.12299326263766995,0.5,1.0,15551.307497499976
1111,11110,-0.10099754397039273,-0.007669510155205827,0.058168492213133124,0.5,1.0,15559.409185959026
1112,11120,-0.14334071545028593,-0.036695062760807674,0.04665508215461315,0.5,1.0,15567.246677041985
1113,11130,-0.11905908472164217,-0.019954192484381395,0.05462389238841921,0.5,1.0,15575.190947249997
1114,11140,-0.11763679054711496,-0.02601945805652619,0.0414363092283283,0.5,1.0,15583.504401749931
1115,11150,-0.22282682463233794,-0.05389068355639992,0.08140036841183072,0.5,1.0,15591.470526333898
1116,11160,-0.35261239267325095,-0.05501971932875653,0.1186800240516004,0.5,1.0,15599.158292833949
1117,11170,-0.1481435717283084,0.010620189437885586,0.13678464121966538,0.5,1.0,15607.186345125083
1118,11180,-0.1689903150395171,0.01103150110649942,0.11970474604074681,0.5,1.0,15615.279618416913
1119,11190,-0.12306599626125792,0.007499328869791988,0.07018526435737289,0.5,1.0,15623.708947625011
1120,11200,-0.14002308923850126,0.00129151226449693,0.10774973432100451,0.5,1.0,15631.840802374994
1121,11210,-0.3193700253547922,0.00021391119349587485,0.13593639585634265,0.5,1.0,15639.843117083889
1122,11220,-0.11467257248755658,-0.031929145791717774,0.05751451356503162,0.5,1.0,15647.648407167057
1123,11230,-0.3509925261091107,-0.0415606425978706,0.1179651506875915,0.5,1.0,15655.535457584076
1124,11240,-0.23214801821801956,0.01472083685133283,0.1319364168739799,0.5,1.0,15663.472494292073
1125,11250,-0.2435277624571457,-0.025895931934649674,0.08309055148874724,0.5,1.0,15671.600748792058
1126,11260,-0.1667038657495583,0.03549618156213299,0.12976669522178022,0.5,1.0,15679.6726297501
1127,11270,-0.25221695622289797,0.02507240261179051,0.11744848948455831,0.5,1.0,15687.769730875036
1128,11280,-0.27131558010613954,-0.03782691328850589,0.10365320349912466,0.5,1.0,15696.078591333935
1129,11290,-0.10167168097827783,-0.019537134249530207,0.07249971884825246,0.5,1.0,15704.414400500013
1130,11300,-0.032874887298125266,0.04179873245659316,0.0508238197520839,0.5,1.0,15712.342153999954
1131,11310,-0.08996612965270856,-0.0020599830816523832,0.07360396231699473,0.5,1.0,15720.29858695902
1132,11320,-0.044635988168010954,0.07929758951322859,0.06111939137215436,0.5,1.0,15728.36469358392
1133,11330,-0.14522844591094053,-0.035250936386316045,0.06980220030623573,0.5,1.0,15736.19646325009
1134,11340,-0.07655872236927408,0.019083680298642845,0.06582811012871793,0.5,1.0,15744.417721583974
1135,11350,-0.08748652751414632,0.001411068498896828,0.06287088388189546,0.5,1.0,15752.261261499953
1136,11360,-0.09874377512367172,0.9952612541945897,3.002362354301058,0.5,1.0,15760.440969916992
1137,11370,-0.07033034448938746,0.016506481349940573,0.10527461864850197,0.5,1.0,15767.088805249892
1138,11380,-0.14120587185650457,-0.016127755520861164,0.062469210400771684,0.5,1.0,15773.367995959008
1139,11390,-0.07278976466160625,0.03741191853142798,0.08577595957789397,0.5,1.0,15779.655398834031
1140,11400,-0.16716637456477024,-0.05274670285301841,0.07125963781203813,0.5,1.0,15785.871429624967
1141,11410,-0.10781813359717596,-0.014238585784150003,0.07179306713406311,0.5,1.0,15792.155536291888
1142,11420,-0.17685157159327414,-0.012244231873895561,0.09699798281436077,0.5,1.0,15798.272222584113
1143,11430,-0.17894095743755756,-0.041797556701034286,0.08345233128777288,0.5,1.0,15804.579218584113
1144,11440,-0.08998306444550508,-3.79464793478057e-05,0.051071044366970304,0.5,1.0,15810.673245250015
1145,11450,-0.05716843557341811,0.025246720024760538,0.09258620917968653,0.5,1.0,15816.808975584107
1146,11460,-0.15741536835388725,-0.032214261272278576,0.06077826351313913,0.5,1.0,15823.231839834014
1147,11470,-0.15548233242187592,-0.03182112751499568,0.08095685773654158,0.5,1.0,15829.50834074989
1148,11480,-0.1873318162093538,-0.012191951809823997,0.08473395622470939,0.5,1.0,15835.65172991692
1149,11490,-0.13465880033865663,-0.0076632319883724875,0.06269829336770859,0.5,1.0,15841.842881750083
1150,11500,-0.09642272590995038,0.026438089192158287,0.09713632535539962,0.5,1.0,15848.330399791943
1151,11510,-0.0403691454356192,0.022202986173313465,0.0725713349683099,0.5,1.0,15854.503150749952
1152,11520,-0.09458588803843782,0.02693593136295558,0.11792633038202406,0.5,1.0,15860.740678000031
1153,11530,-0.26609925435061665,0.0009749297198260009,0.13199912176589249,0.5,1.0,15866.792857666966
1154,11540,-0.04152651934313312,0.05065589996129196,0.05704918200617154,0.5,1.0,15873.182090792106
1155,11550,-0.19318076162054343,0.022999604842739885,0.08559907878158829,0.5,1.0,15879.355385709088
1156,11560,-0.17369886141304658,-0.004369813251618115,0.0872943082720851,0.5,1.0,15885.486382375006
1157,11570,-0.19168853076424064,-0.04217868487229355,0.06622888759748913,0.5,1.0,15891.486262958962
1158,11580,-0.29062252533657507,-0.02946878643067814,0.11733146850844578,0.5,1.0,15897.884323334089
1159,11590,-0.1645256235535939,0.055989570927907725,0.1565636287338002,0.5,1.0,15904.305270459037
1160,11600,-0.11905156494795399,0.06984700616635911,0.11562165442981459,0.5,1.0,15910.477514167083
1161,11610,-0.25970517700298146,-0.06285920994252825,0.08194020947848973,0.5,1.0,15916.86644933396
1162,11620,-0.11018843998558481,0.01940123097327291,0.10995947433359984,0.5,1.0,15922.936920250067
1163,11630,-0.1567475259962361,-0.012218482015403608,0.06894503457925068,0.5,1.0,15929.229645709042
1164,11640,-0.1268574982652444,0.006596471513521163,0.08977342929808599,0.5,1.0,15935.293778083986
1165,11650,-0.3897371781864738,-0.02834093949246297,0.14666754891617875,0.5,1.0,15941.525148292072
1166,11660,-0.07223605310392056,0.00798053979724438,0.04322828839280439,0.5,1.0,15947.907714209054
1167,11670,-0.1103932035652031,-0.01994378537035635,0.05991597046246112,0.5,1.0,15954.077433458995
1168,11680,-0.16431633140606028,-0.024456352380780276,0.08326639782096279,0.5,1.0,15960.320975834038
1169,11690,-0.144909035987423,0.026116986751763348,0.09298623076905459,0.5,1.0,15966.473151209066
1170,11700,-0.10046973083301491,-0.007524311177693121,0.056706411821139065,0.5,1.0,15972.716283624992
1171,11710,-0.5609144894619833,0.9275582867548048,3.029499336129841,0.5,1.0,15978.63316316693
1172,11720,-0.07406598451690094,0.021900890120878813,0.07314087407950501,0.5,1.0,15984.80371929193
1173,11730,-0.16597078188937697,-0.0022081257926084953,0.06980982386765017,0.5,1.0,15990.79618141707
1174,11740,-0.10045407980890708,-0.01923126266679658,0.05272751021167604,0.5,1.0,15997.029502667021
1175,11750,-0.2929475623252271,-0.04029816988539938,0.13064659478887997,0.5,1.0,16003.32646224997
1176,11760,-0.07225884241753366,0.9987978905052781,3.0007981120912866,0.5,1.0,16009.457187209046
1177,11770,-0.10355507949118703,-0.01692570051143898,0.05926308529473544,0.5,1.0,16015.957330875099
1178,11780,-0.033411064988582595,0.027376342840953426,0.05095549894581387,0.5,1.0,16022.196100624977
1179,11790,-0.18064681106751568,0.011480428543157029,0.10101825616791466,0.5,1.0,16028.473285417072
1180,11800,-0.3494304871883882,-0.007532780102641468,0.18558142550731885,0.5,1.0,16034.951755458955
1181,11810,-0.20684523693241363,-0.01738964849202116,0.0980692101989309,0.5,1.0,16041.09412062494
1182,11820,-0.11834333185463297,0.004615356989161068,0.07347847710314441,0.5,1.0,16047.321193916956
1183,11830,-0.15306236740695933,-0.03958977387061324,0.05386600617962479,0.5,1.0,16053.714881916996
1184,11840,-0.10695134047024624,0.9976117544724914,3.00202864067117,0.5,1.0,16060.00775624998
1185,11850,-0.3811513965967226,-0.006793095978845987,0.14528668250760782,0.5,1.0,16066.242836124962
1186,11860,-0.3350475799969228,-0.0542105277599795,0.12904622095324955,0.5,1.0,16072.541454833932
1187,11870,-0.06204315681137995,0.013718770856617279,0.04622606185784279,0.5,1.0,16078.794731500093
1188,11880,-0.03826704451967711,0.028464099012576495,0.04161228042471486,0.5,1.0,16085.362607042072
1189,11890,-0.2294170848883006,-0.03546194812444119,0.08058427525242087,0.5,1.0,16091.609429541975
1190,11900,-0.038069942327910944,0.04681740461983867,0.062242769619149506,0.5,1.0,16097.705757499905
1191,11910,-0.16553166000629727,0.05921832176560242,0.2157659128967675,0.5,1.0,16103.92267029197
1192,11920,-0.1758083633942178,-0.014857870931782636,0.07891114025912374,0.5,1.0,16110.343772083987
1193,11930,-0.040926635469896055,0.06076073836043081,0.07859598526891529,0.5,1.0,16116.708097958937
1194,11940,-0.4224932147978562,-0.10534853436312534,0.1784725439496052,0.5,1.0,16122.779648292111
1195,11950,-0.28070995422787437,-0.05038351783358399,0.08931560367788623,0.5,1.0,16128.966981000034
1196,11960,-0.298834695427753,-0.01936717471071194,0.10731253270541255,0.5,1.0,16135.180387417087
1197,11970,-0.32235142791722726,-0.048792529345376236,0.11171023875219417,0.5,1.0,16141.402486125007
1198,11980,-0.13304265917666758,-0.02366870677663817,0.045482888274370345,0.5,1.0,16147.52792100003
1199,11990,-0.1391261728515394,-0.001124987931166732,0.07716128014313842,0.5,1.0,16153.913535208907
1200,12000,-0.07638345576745387,0.03671154562815406,0.07260935041582393,0.5,1.0,16160.07643479202
