generation,evals_used,best_fitness,mean_fitness,std_fitness,sigma,condition_number,wall_time_s
1,18,-0.3271479345245254,0.10856629986683464,0.2567295172616918,0.4831456018105151,1.0151196646775067,48.00815591705032
2,36,-0.5851889138454887,-0.092214718542553,0.2276447749322016,0.4705278949656824,1.021896975236176,93.46461233403534
3,54,-0.5200496965835191,-0.03456650547044542,0.2611630250782678,0.4606093713480458,1.0241079818000396,139.0186344170943
4,72,-0.24059848736881673,0.04349288189305082,0.2027381171040234,0.4519862500281244,1.02640199265073,193.4030041671358
5,90,-0.45744883021652605,-0.010537692711588676,0.2555015921307235,0.44420558304355384,1.0286136722362818,244.91992845898494
6,108,-0.6845981865608639,0.5476456993987224,2.3089259509759166,0.43681936505411684,1.0312304186965682,296.08026220905595
7,126,-0.3925359291372663,0.5864082921548469,2.292976863385124,0.43039012352715106,1.0341684093261496,345.8201741250232
8,144,-0.5805942445230059,-0.05272026039308954,0.2363852325364326,0.4257552198708227,1.0383294564864256,403.9506516670808
9,162,-0.5179216606929637,0.4430333842237691,2.327035144337225,0.4221862480885935,1.042902671251371,459.079491334036
10,180,-0.32048759911347346,0.030172768340286323,0.19826800960166593,0.4188077561388935,1.0479842488337787,513.4810242091771
11,198,-0.45858633289551864,-0.03738774747337597,0.24349093697225874,0.41579788207536855,1.053918559220444,561.8370426672045
12,216,-0.748808867058532,-0.08120626458134808,0.18925868469997056,0.41316151245966637,1.0599853164009077,613.0740536251105
13,234,-0.5436227167658103,-0.08009181082852074,0.25943188401066547,0.4099002370807927,1.0662293686706656,666.3649406670593
14,252,-0.6114181457692434,-0.12022135493374132,0.23103084595588694,0.4068203564816609,1.0718424061037688,715.5877907089889
15,270,-0.37835138352817665,-0.0737719960730932,0.16143446878268472,0.4046209687594855,1.0791614781448657,772.3790118750185
16,288,-0.4408072718015479,-0.010702552091493523,0.3173967974480982,0.4025073150057117,1.0857398397254332,822.0050706251059
17,306,-0.4025946291788509,-0.033230640476422164,0.1692529167074473,0.4004777814301597,1.0925838939760277,872.2780315421987
18,324,-0.46274798938336215,0.4373413582689101,2.324406066904345,0.39787354622577176,1.0988877211503802,921.1194080421701
19,342,-0.6665353109086656,-0.05937308248957532,0.24781699393867013,0.3954514754679726,1.105196685088489,970.7734305839986
20,360,-0.568348957412633,-0.11199633912854104,0.1865048300455153,0.3930517461315361,1.1114671023355756,1020.3147825000342
21,378,-0.9402535875126397,-0.23878372393357575,0.3473848226181618,0.3904713274964646,1.1177310519036279,1068.1246369171422
22,396,-0.5344915236822789,-0.11372022880288574,0.16781284955088024,0.3873996462940665,1.1239989295249635,1115.854394750204
23,414,-0.9678820401911148,-0.2051321593164751,0.32727221160498143,0.38448632535926985,1.1303449196953186,1164.9524552091025
24,432,-0.5109755318222691,-0.06544146575966818,0.18957975795939802,0.3821840192372436,1.1365687349146394,1215.93181104213
25,450,-0.5178484668452041,-0.13388965165968086,0.1641150273719574,0.38034197699948386,1.1438597744820898,1267.5271725840867
26,468,-0.626977595952912,-0.12354496712803398,0.17632102475599978,0.3784153707992835,1.1508900718101078,1319.126480959123
27,486,-0.46193519499248037,-0.15727801511841047,0.15901728793630235,0.37617569714683347,1.1580486100643856,1369.8413547091186
28,504,-1.0154764929964637,-0.12390493938438792,0.32294849464520403,0.37513987493289364,1.1651239130613396,1419.2923349170014
29,522,-0.6028645719533188,-0.09448654714814714,0.25472621056681677,0.37417283361249964,1.1727726720073561,1468.3295142501593
30,540,-0.8997559914438202,-0.13216348290648502,0.29425256026786767,0.3730653959154546,1.179810922926599,1518.0138997500762
31,558,-0.5876989823631034,-0.14025306305895546,0.2585500147250467,0.37250844529241667,1.1878732171595467,1567.3642390840687
32,576,-0.4997399520198096,-0.13381722375427263,0.19858347203951324,0.3718117594063793,1.1947036123701662,1617.4294445421547
33,594,-0.7571242578803936,-0.23369764966223094,0.24049211374135218,0.3717083513356852,1.201728561961856,1667.7986923751887
34,612,-0.6084428954943117,-0.25924537680775184,0.22568860690774503,0.3713706938616579,1.2084101038216457,1717.82532512513
35,630,-1.062497085368836,-0.37206169868384337,0.3311202389637348,0.37219927472578573,1.2161832327068254,1766.6964517501183
36,648,-0.5616749942731554,-0.09591348506875248,0.2644799362102957,0.371603733962602,1.2237414179463892,1815.9580968341324
37,666,-1.0185125044878127,-0.2553389766301287,0.32370092519784666,0.3715099791292466,1.2316496075409327,1864.0805221251212
38,684,-0.9382752057795241,-0.4287153204834427,0.33602011941448423,0.37118788383227286,1.239102846623669,1911.281209292123
39,702,-0.6208938450835317,-0.24200330142124382,0.2527300629358473,0.37160196652067207,1.2478357295852553,1961.440313209081
40,720,-1.1212840073127133,-0.40949338895240345,0.39166412806980255,0.3719527967476542,1.2557034849509876,2010.1060811250936
41,738,-1.330054260574685,-0.47268069855320494,0.42790437277802357,0.3721208128919924,1.2637453720142682,2060.615458750166
42,756,-1.174897453040483,-0.3957721287389946,0.27414277433108103,0.37172475583603004,1.2714633452029838,2111.2743047501426
43,774,-1.4161331051362813,-0.28548835436087755,0.34954069485350886,0.3710541687652325,1.2792248894498506,2161.59891554201
44,792,-0.7145520951521203,-0.17980943572266098,0.24421638158997921,0.37143191795270714,1.2862921828164302,2210.5148178341333
45,810,-0.8386988930744144,-0.20010375514869722,0.32263938670962355,0.3716737520560897,1.295261024393976,2257.803285875125
46,828,-0.8202973456382301,-0.17526909593672235,0.26036916980114244,0.3724829441862878,1.3034929849063697,2305.6391503340565
47,846,-1.2784983358956783,-0.31312901268250154,0.4496449142655097,0.37370932624255887,1.3140979830407908,2352.826843542047
48,864,-0.8511705459591008,-0.3717054909536223,0.2640773878281199,0.3747778857173979,1.3241851810828469,2402.170883374987
49,882,-1.2470619452121579,0.2952083526968768,2.38664105457941,0.37547264877569175,1.3339152073617242,2450.6926798340864
50,900,-0.8672023723625335,-0.409160804612044,0.24800412709651504,0.376285593688104,1.3444889577008705,2498.6728790001944
51,918,-1.2674102879565643,-0.2972489586035447,0.36516685261088955,0.376304082445929,1.3545454220811155,2547.2093742501456
52,936,-1.307549857628743,-0.44587807115883155,0.4175127933610065,0.37653478687899794,1.3644503789335534,2599.6810409170575
53,954,-1.1365693851880518,-0.1318191321486024,0.38155097102873775,0.37684783420835294,1.3737301744982633,2649.0011378750205
54,972,-1.2008793403365141,-0.36642111617119016,0.3383439389056077,0.37696640231513195,1.3824596885117488,2696.7639020001516
55,990,-1.1845599899266839,-0.3858314050183984,0.5547685134501086,0.3766900814255837,1.390632210278978,2747.0380025841296
56,1008,-1.066521457574666,-0.2631819641780584,0.3859977043359332,0.3767649199093711,1.39841513014654,2795.267822667025
57,1026,-1.2746185047551668,-0.5741997061743886,0.44723912141253325,0.3761709863933737,1.4061093656728332,2844.5843832499813
58,1044,-1.2926371477372198,-0.29642370162179255,0.3896334067720637,0.3761105683973107,1.413730312188696,2892.268610334024
59,1062,-1.013198229060876,-0.32610173821140614,0.47029424330140296,0.37585693229469425,1.420502163185814,2939.832210459048
60,1080,-1.0340943211736837,-0.26691263640474655,0.33677375112430163,0.3756869535422291,1.428269932322291,2987.783540125005
61,1098,-1.3203230863459732,-0.3918767625201678,0.3778364675910122,0.37449850491161635,1.4347033804958382,3036.5165053340606
62,1116,-1.312875458985781,-0.5170911491034187,0.41227368347289456,0.37393572001684355,1.442156684698501,3085.1260590841994
63,1134,-1.1533589945136997,-0.4793735494864478,0.444668615344834,0.37301299792958875,1.449571701789855,3134.253503374988
64,1152,-1.291040836732921,-0.3689942766334554,0.4677132378089266,0.3720772809689749,1.4563112422609308,3182.453209125204
65,1170,-1.2682213525733053,-0.4045625112149131,0.4110217484346713,0.370334037962584,1.4628697539535342,3231.0344652500935
66,1188,-1.3044598326273338,-0.465008040312252,0.46397726733433514,0.3683327807164985,1.4692056081063145,3279.978038917063
67,1206,-1.3519297627993359,-0.4661551840625695,0.4568367074100831,0.3673310428358169,1.4763974800160398,3329.1459599591326
68,1224,-1.2969648504956934,-0.4263503595382795,0.32061849672075915,0.3669330084657536,1.483394319394803,3378.433196875034
69,1242,-1.1235659047097295,-0.4420510258560579,0.4049301012759331,0.3666315022307427,1.4911563010942899,3426.6830107090063
70,1260,-1.2519557589686645,-0.5099579217644811,0.3902308657439556,0.3666001056260319,1.498756958553441,3476.5718654170632
71,1278,-0.895357456402702,-0.3218736055210558,0.32237666438760343,0.36702516357682163,1.5070823921448095,3528.9504061671905
72,1296,-1.2625337909230696,-0.5174122213943542,0.46000261560896927,0.36783021845654507,1.5148785005997978,3577.3998027089983
73,1314,-1.3694662251932188,-0.07302069112971779,2.478358222180067,0.36874914586449725,1.52222970129908,3624.9017966249958
74,1332,-1.2497957347285737,-0.4311206846301024,0.4339512221673652,0.3693008814387271,1.5295870444794173,3673.8623652921524
75,1350,-1.103934491188201,-0.4535363828921953,0.3525091655746739,0.36961341954312255,1.5378335661575304,3721.4237115841825
76,1368,-1.0697043832903512,-0.34153460139089353,0.43685010585373374,0.36965393349095665,1.5453602086695961,3770.182516625151
77,1386,-1.1317574467536407,-0.47054181070325435,0.26762726625048816,0.369404165988605,1.5524159529863164,3817.657280167099
78,1404,-1.1937878081984534,-0.5262497313267513,0.4719696869361098,0.3693955549150056,1.5596581379867898,3866.4517445419915
79,1422,-1.2567769192520988,-0.571748307906272,0.510663677165764,0.3696412490791442,1.5678267061491746,3914.307231083978
80,1440,-1.3229281738934526,-0.4990350810796554,0.4155077765379546,0.36937230013370564,1.5748070892981205,3963.4688063340727
81,1458,-1.1746251766265612,-0.3813146757242199,0.44762959341468395,0.36884128037508224,1.581782483768884,4012.9546489589848
82,1476,-1.2401259369620368,-0.42192282442592544,0.44416495779710186,0.3682698537461495,1.5884461832984587,4060.8530994171742
83,1494,-1.1847919320096088,-0.49518071280768144,0.4423118051465697,0.36758497792511147,1.5942824877071866,4108.1620843750425
84,1512,-1.2965569522560587,1.1707932050606813,3.969726926788713,0.36672424551186317,1.5998242972191195,4150.736488291994
85,1530,-1.2106184904401704,-0.037777403062705064,2.473197271234139,0.36640235098494767,1.6069161812825252,4193.082830042113
86,1548,-1.1193667459962118,-0.6693267350636276,0.33157123397267435,0.3658993600298705,1.6139079365530078,4236.3318143750075
87,1566,-1.2358991859843504,-0.6291810399301363,0.5473893460097614,0.36589947161685693,1.6217089273074063,4279.55488541699
88,1584,-1.2691601914539916,-0.7123459273429538,0.3866450332431224,0.3659490466319554,1.6287193242168234,4322.550965792034
89,1602,-1.3041299431123656,-0.761985324003272,0.41457245706284823,0.3655606608785172,1.6357510853416186,4365.520457792096
90,1620,-1.268370103579084,-0.8273672210768913,0.40839347427406913,0.36488189085173645,1.6424384326386932,4409.467661959119
91,1638,-1.3635312628428942,-0.6984637725598966,0.45090396416890083,0.36444419037249925,1.648861571208222,4454.039781874977
92,1656,-1.2816956228753318,-0.8783445903240658,0.36793293732186394,0.3645639867621538,1.6558386723095786,4497.392075584037
93,1674,-1.242999466257534,-0.7714017162941966,0.43246758023193754,0.36552812162256065,1.6636381083265666,4541.729674624978
94,1692,-1.380341777864369,-0.7515803275512821,0.44934044182209076,0.36545895853269894,1.6711767578537584,4586.367000750033
95,1710,-1.3653569835602335,-0.7365088579883352,0.48868028617459625,0.3647304824155705,1.6792165468445532,4631.159882792039
96,1728,-1.3004669515032496,-0.8928741465831914,0.4181537017455417,0.3644139206614453,1.6878074266398169,4676.182833709056
97,1746,-1.3038046925527365,-0.8941831573895248,0.3796566017138976,0.36401276113950176,1.6965487962717412,4720.488401000155
98,1764,-1.3068148802832358,-0.19858304172680943,2.50120741099362,0.3641858143073068,1.7053602190280641,4763.760146709159
99,1782,-1.397460310265739,-0.9623364820307739,0.39357825879870834,0.36524239325779606,1.7161292771913053,4809.680162792094
100,1800,-1.4823859700693856,-0.37172837436881256,2.5421431702506303,0.36674077248341697,1.7256536560618223,4856.714431500062
101,1818,-1.5060779683677596,-0.12249995835319918,2.4934163879830984,0.36773979716210914,1.7358987885404895,4903.339377667056
102,1836,-1.3883682510176971,-0.9383839914968599,0.45012675479791814,0.36857063232229603,1.746393063781161,4948.39971379214
103,1854,-1.3094135052524107,-0.26954917899635517,2.5206179845324974,0.3692644647627783,1.7556116238269786,4992.845524084056
104,1872,-1.403787135769491,-0.9802955305792502,0.3329672073147874,0.3697361738312598,1.7647197069146463,5037.342082584044
105,1890,-1.3692412416036293,-0.8623523629324146,0.5069728780438965,0.369512050371014,1.7741019697124525,5083.276695917128
106,1908,-1.5692923053576422,-0.7422303176039264,0.4925940548872863,0.3696262563503049,1.7834232085289432,5128.2647055001
107,1926,-1.3883773677957603,-0.706783650361851,0.6514138393055062,0.3698737540032948,1.7922622301099715,5173.651548583992
108,1944,-1.4400839872092188,-0.9812619017982733,0.4389477278563648,0.3696307894645939,1.8006826987267783,5218.012999917148
109,1962,-1.2804517972012555,-0.6438590300884864,0.4563693052490826,0.36909670910874354,1.8085537610599072,5261.163456959184
110,1980,-1.3641225481774697,-0.5994378654646417,0.5293198570296604,0.3682175314298152,1.816214753008762,5304.224915709114
111,1998,-1.5309718442240294,-0.8864328039801279,0.594229723526993,0.3675009130113666,1.8250616056632907,5350.129677292192
112,2016,-1.3407620866945296,-0.8019631908308555,0.5158702245264981,0.36651013245711894,1.8334703407941355,5393.41097654216
113,2034,-1.448114925386081,-0.32302160619965226,2.5459010629205663,0.36499777754290363,1.8416543568281116,5438.972342084162
114,2052,-1.3442087023063678,-0.7780996547055334,0.46753747334349693,0.36356718001740096,1.8493070411021943,5487.047241084045
115,2070,-1.461956298373848,-0.9913397849946234,0.4086445736191068,0.36187308901344845,1.856357415007415,5542.181067250203
116,2088,-1.4705950628802267,-0.8565719836201646,0.5127659136624505,0.36065545378876,1.862275984475837,5590.05384529219
117,2106,-1.532346044554485,-0.8368596611210017,0.42656194987191237,0.35979211259462957,1.8680138286375707,5636.036830542143
118,2124,-1.540993243564868,-0.8569814704681477,0.46800942412924684,0.35928966403679674,1.8746910012363318,5681.9203843341675
119,2142,-1.4565684342987293,-0.6856139201374507,0.4798880562634467,0.3591869931943901,1.8827147176533736,5725.1621684590355
120,2160,-1.3485963207858385,-0.6431386392797944,0.5632012732701323,0.360124573908111,1.8890065359959767,5770.03754216712
121,2178,-1.2907043826846882,-0.614953133264842,0.5084831396229795,0.36009355987211994,1.896231836453595,5829.796269375132
122,2196,-1.4724636039754015,-0.6592643683770274,0.5192167726868187,0.35983108713216794,1.9028164717450005,5879.979471542174
123,2214,-1.4519765096648314,-0.98790808194909,0.4237077007278756,0.3599554318417618,1.9090111371616916,5931.729513667058
124,2232,-1.391005335996117,-0.8401617706512466,0.48331925471740506,0.360252491298337,1.9147407707962536,5983.983313417062
125,2250,-1.467072532887852,-0.869505379775943,0.4804719792842388,0.3606314217723269,1.9201791175194738,6029.7132173751015
126,2268,-1.5640984545318792,-0.8768622913638757,0.5464110654394001,0.36061900566270244,1.9257171470956267,6079.266716750106
127,2286,-1.558260450783675,-0.7131074060632162,0.5946802219992143,0.36095395153015747,1.9317299661786895,6127.43043050007
128,2304,-1.522549607980011,-0.9499985914553236,0.5362203860072664,0.3612476855864269,1.9369480668325045,6175.683690375183
129,2322,-1.546166793527184,-1.1517974919791496,0.28127959400993185,0.3615416147433046,1.9429031819348213,6226.5453762090765
130,2340,-1.5707120609540075,-1.03194960261155,0.46072280524713144,0.3626080028425685,1.9493632907174014,6278.410293084104
131,2358,-1.4942198610344164,-0.44982610956521274,2.5871645427394916,0.36367333987788697,1.9560892454166294,6327.568964000093
132,2376,-1.4626544787090108,-0.1537394361715939,2.5406802082376965,0.364918401786473,1.961588938972873,6371.98319420917
133,2394,-1.4775611538934967,-0.199131875549726,2.509729333224699,0.3662343833438875,1.9677245666683445,6418.019155125134
134,2412,-1.5554650262314071,-0.8068003504973725,0.5920960873089418,0.3670876706742968,1.973174242174933,6462.858471042011
135,2430,-1.442651940984911,-0.8765107896587532,0.5098690031606693,0.3675041267869811,1.9785736571406962,6507.199665500084
136,2448,-1.4163284420840219,-0.6653085873147008,0.5901144244642577,0.36772527031620295,1.9826407397278862,6551.089716500137
137,2466,-1.4503685638042505,-0.30407658669573606,2.5686012813220023,0.36776559183861907,1.9878011367092838,6597.030091917142
138,2484,-1.5306388373556477,-0.8402984448296085,0.5216371434076754,0.36765753995244554,1.9922489577856173,6643.896734250011
139,2502,-1.6770761700189922,-0.7160712376945634,0.7260311362823089,0.3668324153304183,1.9961881377215815,6692.315797541989
140,2520,-1.5064164308155812,-0.26797555394350137,2.5400069240343233,0.3657149476836872,1.9996907507263164,6745.341690375004
141,2538,-1.5186677026336124,-0.3840068439942285,2.5866065393988427,0.36416003040703804,2.0034472454963663,6789.780317333993
142,2556,-1.5589331407676381,0.4477167570464936,3.436324528526706,0.36312479020733346,2.006883170528496,6833.021221417002
143,2574,-1.7379478560933617,-0.25600330112604297,2.585107191261204,0.36236612706311994,2.0110389681810337,6877.794147334062
144,2592,-1.581368418897613,-0.3787648180143429,2.574879120690993,0.3621420366259695,2.016311824074553,6921.3924292090815
145,2610,-1.5415452620448722,-0.9323159376696949,0.6489724982087974,0.36265648091588865,2.020307222708945,6966.187687084079
146,2628,-1.7480209166171017,-0.4748057182331647,2.6326573798343187,0.3631174006215374,2.0251092878194195,7012.900430542184
147,2646,-1.4755087117177395,-1.0749452653034581,0.4012256654110628,0.363040618486309,2.0294048350857805,7055.900482542114
148,2664,-1.5742343264932774,-0.4039176799551372,2.5845419351729237,0.3619942162181901,2.0335745575598914,7101.001826417167
149,2682,-1.5530522498776769,-0.8219718987862267,0.6186895060229808,0.36056660164135595,2.0372245588014004,7144.088200209197
150,2700,-1.570634814659856,-0.24845382982532124,2.5610591043334434,0.3596169201003719,2.04096160027733,7187.5574673751835
151,2718,-1.5180216373234998,-0.23827481741894532,0.5865690381977176,0.35905141511440625,2.044399690472809,7229.897824667161
152,2736,-1.552476123320357,0.46087201853602955,3.4155529957540476,0.35821754500739156,2.0472589328959896,7273.027597750071
153,2754,-1.3630148234892792,-0.4293037080528958,0.6538128168237204,0.35777068386610866,2.0500357255492254,7315.484235125128
154,2772,-1.596289662440138,0.011539057458272724,2.5147938710725857,0.3571367646815435,2.053381401371307,7358.550591334002
155,2790,-1.577331877107623,-0.9200076379080628,0.6361849404345892,0.3561155353306493,2.0568342592946793,7402.266847042134
156,2808,-1.563354967200456,0.008003815451066258,2.501326030255899,0.35496274090347774,2.0606252666670546,7445.850109792082
157,2826,-1.5549742902614305,-0.5781537971876077,0.7601365005177945,0.3532762440881576,2.0641248151561333,7489.443014667137
158,2844,-1.6436682904579207,-0.8385767404345807,0.6118599739938089,0.3521146821848035,2.0681122666854868,7532.708467167104
159,2862,-1.6115995056553016,-0.8426086590486843,0.7063296128031918,0.3510861065703688,2.0714370603239893,7578.165041667176
160,2880,-1.6302712183944523,-0.7550330132309172,0.6835545174735538,0.35000944091463554,2.074373131525554,7622.2266111671925
161,2898,-1.5841272945307487,-0.2814311945152721,2.580707500023492,0.34856508873461217,2.076339316405122,7666.511182709131
162,2916,-1.8340428259415917,-0.790680633786113,0.74129354418573,0.34737581232752285,2.0796132058772443,7711.653673875146
163,2934,-1.6337281586005652,-0.2868496005510793,2.54882482734784,0.3462481828095424,2.0812253495015463,7754.807905959198
164,2952,-1.6787639181977028,0.3496161672137617,3.475815178113725,0.3445842902769988,2.0833838891911283,7798.908488667104
165,2970,-1.6909483497982718,-0.7435441135144978,0.6518499159983033,0.3427146059659705,2.085483530755428,7842.978387292009
166,2988,-1.6973327462178203,0.18787032827695238,3.5138991113063303,0.3410271020750983,2.089042875675263,7886.712908209069
167,3006,-1.831812508906061,-0.9186613543861036,0.6210170293289126,0.33942748925318866,2.092070771332933,7931.71855624998
168,3024,-1.7777665143698718,-0.920188937836612,0.6713361283086362,0.33792069780050693,2.0957117995897296,7976.538095792057
169,3042,-1.7659861768016567,-0.9351950760398151,0.6468587506324869,0.3371263425448563,2.100265305616344,8021.666707125027
170,3060,-1.7594100946177909,-1.1092563384983967,0.6323555288486182,0.33722877738099083,2.1042499752904003,8068.413456542185
171,3078,-1.7303366862980099,-0.3987386516733126,2.565010275179515,0.3375895948037138,2.107667619711499,8112.379388417117
172,3096,-1.609581694204099,-1.1629639833075036,0.5019329705986266,0.33775539864088283,2.1114918131274285,8157.912958709057
173,3114,-1.7706419455499693,-1.15102679575672,0.5673666062355806,0.33759839342463616,2.1142377913759702,8203.932263792027
174,3132,-1.7730829616286181,0.025599112118346805,3.5486248660247246,0.33715530795166726,2.1180304574348794,8248.643807874992
175,3150,-1.553419864370385,-0.43075297065903345,2.577588920709604,0.336908235521423,2.121307192765711,8293.28055262519
176,3168,-1.7923614644580708,0.5545782217693697,4.255998730202457,0.3368105895083261,2.124780571054854,8339.759106292157
177,3186,-1.7588459863722914,-0.3400744660689869,2.6096330348218966,0.3369244675813614,2.129201318477892,8384.983209334081
178,3204,-1.7743439725986816,-0.9779895364620727,0.5961235973779689,0.3363740098074547,2.1324199912307686,8429.780328667024
179,3222,-1.7998007040812025,-0.5377616048923416,2.609789540645109,0.33525159171683966,2.13619580760016,8474.93208504212
180,3240,-1.8233666177372592,-1.071774134626471,0.66155268740638,0.3338153184159409,2.1393116499030302,8520.563787625171
181,3258,-1.7816593086522579,-1.2987672444695,0.601016236457032,0.3323966807253974,2.142105292665235,8569.01623495901
182,3276,-1.7170366043082224,-1.1746468662593101,0.5532354567043751,0.33091700788000594,2.1451989912897997,8615.630061750067
183,3294,-1.8254868508257793,-1.421277290044471,0.41459447671949434,0.3300302935258162,2.1492168324070886,8663.659284166992
184,3312,-1.7879062026456172,0.004273008250131216,3.5834866212792376,0.3294510335452356,2.152790368901764,8710.275970542105
185,3330,-1.6747591398810808,-0.5013941886706341,2.617223554515113,0.3287390018084215,2.156418123498763,8756.347985625034
186,3348,-1.798152250623044,-0.7026364726418566,2.64091624120687,0.32803941659895997,2.160977946267003,8804.06667754217
187,3366,-1.8043039785270052,-1.4441025810069532,0.4434877694922536,0.32787842902139624,2.1653438956580024,8851.215444334084
188,3384,-1.838229351309287,-1.4738380655590686,0.2251976908194062,0.32724952022018916,2.169345267767523,8898.571783000138
189,3402,-1.807279548960404,-1.144377282802174,0.7438572457201102,0.3259256913970578,2.173147369701947,8946.09653483401
190,3420,-1.7596547725799283,-0.6345304577423161,2.635383351098081,0.3245449349517532,2.1779137738199092,8993.767451459076
191,3438,-1.683260258145162,-0.6577801974126835,2.609319827020859,0.323386663488245,2.1831489025996076,9039.705567124998
192,3456,-1.739190486778548,-1.0815253974797492,0.4035219171593317,0.32259960419301176,2.188438400420732,9082.82586216717
193,3474,-1.782163112062153,-1.3126064174497112,0.327604393567701,0.32278714114492335,2.195480440934239,9130.121592084179
194,3492,-1.8064611198033087,-0.5724895308652426,2.6411664685909364,0.3224889253682755,2.201111044295185,9178.125865458976
195,3510,-1.8231047551572503,-0.8436759906388223,2.6373498846146344,0.3226717966258753,2.2069740275051277,9227.072917666985
196,3528,-1.7818743394852419,-0.41396822235061403,2.60569078857812,0.32303657560660726,2.211788903321439,9272.500657792203
197,3546,-1.7270271301502538,-1.4086131863464775,0.16139630902810503,0.3228629699620507,2.2166886650237942,9321.193428167142
198,3564,-1.7715631843894526,-0.41391398969287796,2.5742541934854097,0.3224147390592542,2.2211002786119796,9365.696415167069
199,3582,-1.8309698668147076,-0.8151995345276821,2.64131126842868,0.3219093364467301,2.22470556292847,9414.538861959008
200,3600,-1.7672682303992167,-1.2200932801317999,0.48263351508317887,0.320769931350432,2.2295650461205647,9464.02669558418
201,3618,-1.7980044593791806,-0.4748255953214997,2.6247270356741206,0.3194223396018153,2.2324694392966045,9511.453217709204
202,3636,-1.8224364462229334,-0.6239865570098628,2.6429230050304775,0.319105358902444,2.2359842639550758,9559.598986125086
203,3654,-1.8264553376814798,-0.6122498686788611,2.6359849680211846,0.3186914361400613,2.2394829915204504,9607.831349792192
204,3672,-1.815757048014767,-0.7815129712590413,2.630632674679025,0.31812155514746127,2.242105563602788,9656.128791542025
205,3690,-1.8256110895300512,-0.5982584476929375,2.650625513482754,0.3171210562564524,2.244538119409967,9703.898744459031
206,3708,-1.8776188467876191,-0.5864567496857559,2.6380945445622417,0.315999574389801,2.2480124297319253,9750.986569584114
207,3726,-1.8095216930397604,-1.4743754095101613,0.1845805428047902,0.3151972576533465,2.254272539396159,9799.276401792187
208,3744,-1.8003994215192298,-0.17129844699925403,3.6187569701224067,0.3142391810335542,2.2578739590141366,9849.112783417106
209,3762,-1.8027930334415632,0.04410600627348371,3.5578076537782315,0.3122204973051733,2.2634482238429645,9894.397257167147
210,3780,-1.7972483210947043,0.008770731607448814,3.556917731371787,0.30939093734713463,2.264384931263292,9939.745436834171
211,3798,-1.7545160461267155,-0.5639451588443044,2.599446539333546,0.30645282776336924,2.265089870190945,9984.954521834152
212,3816,-1.7485919485828312,0.6301626978175806,4.210590658770724,0.3042086120289662,2.2658856811511883,10031.02402370912
213,3834,-1.8037289411692488,1.2074854099056802,4.716256863290462,0.3024204030129581,2.2671865603743995,10077.125875417143
214,3852,-1.8129154857496044,-0.1977749936760789,3.6146763326173157,0.3008250535871637,2.267878307712694,10123.85209175013
215,3870,-1.8390725940312094,-1.5316395976747605,0.46181129705940127,0.29981136315232715,2.2695906589855612,10173.075005334103
216,3888,-1.8377115257962968,-0.7498336928931608,2.644738621500505,0.29953715862915736,2.269868756447486,10219.634337167023
217,3906,-1.8496068385846183,-1.429685653736725,0.4618595935482353,0.29845292619133845,2.269066389966,10269.597281750059
218,3924,-1.8772529888259282,0.6018521119513937,4.226749549110149,0.2974207606397686,2.2688687624470774,10317.386056167074
219,3942,-1.8275806483134986,-0.006202478857710069,3.583301772723249,0.2956108413131839,2.2685761050030373,10366.492561584106
220,3960,-1.6082912646081828,0.40174536277763967,3.435563517556187,0.2942052283304532,2.269182632404484,10409.032923292136
221,3978,-1.8664248149202285,-0.606906362145097,2.6456783441369893,0.29319210047403504,2.2697192884243345,10456.947127584135
222,3996,-1.830496866078057,-1.3673761842508232,0.5060246324535176,0.2918461373969392,2.271286225863545,10505.508508667117
223,4014,-1.856275245625961,-0.7850542031010576,2.6609132197334833,0.2907188339519538,2.2720235437195515,10553.547677834053
224,4032,-1.8451402501882876,-1.5171279850125952,0.4253910043575475,0.2895297956757762,2.271885248182381,10604.184815709013
225,4050,-1.8184498506329794,-0.024779210356141303,3.5691667015067075,0.28857274408622896,2.2726674653067382,10654.898658542195
226,4068,-1.8623988186535696,-0.6714573326483168,2.6255883765907684,0.2877859559238486,2.273216817572667,10702.54914287501
227,4086,-1.9746631170952487,-0.9307945400987092,2.6660280345108136,0.28663591738933336,2.273170214985283,10753.042607959127
228,4104,-1.8655204593387604,-0.7400699774534805,2.6353950608310086,0.28580009462157047,2.272991503306695,10801.789399834117
229,4122,-1.8278860353844006,-1.5632726164032569,0.14566703316791813,0.2847306070581016,2.2730846771028923,10854.398304875009
230,4140,-1.8465298127276806,-0.9208335790819179,2.6725683433082112,0.2838856789340429,2.273001042237518,10904.615814584075
231,4158,-1.8464694150618173,-1.4781597860409066,0.374676647601032,0.2827170493849151,2.2728237027523654,10954.554559667129
232,4176,-1.8698569438903325,-1.5467366521004318,0.3456391338973759,0.2818851573136035,2.2716702274817915,11004.184652500087
233,4194,-1.856882359527377,-1.253347264729992,0.4945629213808308,0.2812885899285215,2.271949261096787,11052.053295084042
234,4212,-1.839233870612715,-0.4241252722512215,3.6869352963909594,0.28072133878124256,2.2721474065365284,11102.832375416998
235,4230,-1.8683672563396425,-1.4738370892802761,0.32098332484204567,0.28000007932870935,2.272333106322916,11152.724507792154
236,4248,-1.8465888903149983,-0.6925333385618093,2.625688022304518,0.27937392512993503,2.2724753233897124,11199.286258792039
237,4266,-1.8606099060134573,-1.0185451663912666,2.679088176281129,0.2783341107357312,2.273077736763161,11250.40794191719
238,4284,-1.837647159922002,-0.9085413592638214,2.6645157815495493,0.2775172488065521,2.2727326477575085,11300.176587209105
239,4302,-1.8447375248408928,-0.7096874751893084,2.6338450114859797,0.2762365316789366,2.27276794734657,11347.579679792048
240,4320,-1.8043681720572247,-0.12315356080888229,3.6095061298665665,0.27458324077013807,2.274381666648115,11395.90405912511
241,4338,-1.8487371768913223,-1.3715564280621135,0.5641329794314263,0.27314826819172394,2.273997807897579,11445.064626959153
242,4356,-1.865372886919622,-1.6637638044788972,0.2908748187583232,0.2718411741098097,2.2755806623453263,11497.159371042158
243,4374,-1.8502547555607554,-1.6923219482700724,0.12575533374187983,0.27134051411573384,2.2775248691040315,11548.68050354207
244,4392,-1.8269519555467717,-1.5462024492468882,0.3450326564999017,0.2707237117468403,2.2778737600967873,11599.294519875199
245,4410,-1.8314326984987042,-1.6485585763169057,0.20279517014208437,0.26931529365969176,2.2784783636698096,11649.168892542133
246,4428,-1.8271259553604104,-1.6105736936611383,0.16752730185244188,0.26767337686240783,2.2785711566898867,11700.207595959073
247,4446,-1.9802346254217724,-1.638291185533439,0.2661800509293498,0.2661196060324722,2.278546166603444,11750.73609429202
248,4464,-1.8409835062698883,-0.8981344502309181,2.6525655336957366,0.2648964594874287,2.27886018867521,11799.956319750054
249,4482,-1.8567024875907956,-1.513815857935278,0.385984095051961,0.263887357581456,2.278407378506932,11850.250403417042
250,4500,-1.8475868954868089,-1.660381276466473,0.13894009210973807,0.2629707008922934,2.2788276745047664,11902.454958500108
251,4518,-1.8501510172095368,-1.0106577748326766,2.6756364918679463,0.2622699849537176,2.2793103161033446,11954.03012158419
252,4536,-1.8222026432329073,-1.5378453779478867,0.3025385670149028,0.2611586413941754,2.279713786351461,12005.415658709127
253,4554,-1.829247644819282,-1.6904568710560057,0.11280776497682629,0.26067223419786073,2.2794456316817944,12057.710667209001
254,4572,-1.8739139203869155,-1.6753104997728379,0.17326807487033918,0.2598640026782768,2.2797183563226655,12113.541143667186
255,4590,-1.8218474234943058,-1.3577825968682908,0.5437357270837899,0.25862444597495915,2.2801948862977035,12163.520913542015
256,4608,-1.854140685639154,-0.9977938022598285,2.6714895290512573,0.25758364605074363,2.2802016703368246,12215.46333545912
257,4626,-1.845221387383849,-1.6339056034539798,0.15648558854596756,0.2568017560500176,2.281284417588599,12267.690841125092
258,4644,-1.8276948267156632,-1.6290621905503748,0.21212486366847966,0.25598326391538295,2.282307522909518,12318.892562334193
259,4662,-1.8608014943564313,-1.0549662912498685,2.684059705299576,0.2551368733960819,2.283366578250089,12370.880752125056
260,4680,-1.9568490200706132,-1.7572693786739508,0.10434839323107432,0.25463166577836077,2.285038555471759,12423.828074250137
261,4698,-1.8632057218402727,-1.0601638650589025,2.6864933288963306,0.25469679368952636,2.2870804171965737,12475.259061792167
262,4716,-1.8490515477517095,-1.0769722279707263,2.6888123953309035,0.25463159147579656,2.288543234946592,12527.459812000161
263,4734,-1.979641872779967,-0.9970089074144816,2.6811004289433744,0.2542468544601995,2.291041130376677,12577.751076209126
264,4752,-1.853202411835107,-1.0328641585244625,2.681125919793871,0.25385369599529645,2.292959881258195,12629.289423417067
265,4770,-1.8430674934017692,-1.5547864686930484,0.488467430550058,0.2538930856899371,2.295871413645144,12680.394190791994
266,4788,-1.8577216609966398,-1.6772226018565948,0.14011335306796807,0.2537634032439407,2.2982319362152945,12736.3929705841
267,4806,-1.8298128503090574,-1.645761087811597,0.2778505639522984,0.2532506645736805,2.2993754599440734,12787.798053709092
268,4824,-1.8587306503330474,-1.5742158489364173,0.3116739376297036,0.2525269558352617,2.300968912493061,12841.476713250158
269,4842,-1.8657586575790646,-0.35066564706976855,3.6674473821084166,0.25140602255569194,2.302507197245591,12892.912399125053
270,4860,-1.8432927651894473,-1.6772926689878993,0.14612639741698644,0.2503950122995893,2.3045500053401855,12946.70337983407
271,4878,-1.8339107892303628,-1.6715862535894606,0.1306146153755224,0.24938400789595808,2.3071543274766775,12998.65929358406
272,4896,-1.8332575876757895,-1.7400219130277192,0.10797682718273208,0.2486186909414218,2.3094529678221587,13052.713557166979
273,4914,-1.8451161228193342,-1.6852888331164257,0.184063380388557,0.24777469784558948,2.3125298538509305,13105.327035041992
274,4932,-1.8290624745836488,-1.7187837492876454,0.11938894555215827,0.24682056844853315,2.314225007377097,13159.216734917136
275,4950,-1.8469353346883173,-1.6577243789796936,0.2075635160475689,0.24537773686680361,2.3156465265765775,13212.599926917115
276,4968,-1.858770481250672,-1.6833428085842108,0.14459193942780674,0.2441861888046575,2.3165854854132126,13266.715249375207
277,4986,-1.867013178168726,-1.7091335343267957,0.13136618739265982,0.24335605594803,2.31986467290659,13319.856366834138
278,5004,-1.843944378184303,-1.73687876898275,0.12270362410636866,0.24293239458993426,2.32359085387892,13373.814988500206
279,5022,-1.9223140819197164,-1.0487829714816657,2.6846153632948244,0.24277453320445425,2.326156799305577,13427.701199125033
280,5040,-1.8593766171387731,-1.7448208994850967,0.10121044222782648,0.2430984454817494,2.328129870622293,13482.584277917165
281,5058,-1.9150332012791118,-1.6892767146075878,0.20710486115094628,0.24372234268306633,2.3302861148773086,13536.920399875147
282,5076,-1.8960042788221236,-1.6921851177369427,0.2125267132294992,0.24393424640961936,2.3322239187025042,13590.689179167151
283,5094,-1.844849282990078,-1.7119013585656473,0.14548398126264167,0.2444236646560624,2.335808831963256,13644.76265537506
284,5112,-1.9671682839143498,-1.6649700476976683,0.18241513532985487,0.24536296451502865,2.338254976872024,13699.10835904209
285,5130,-1.9201995204297395,-1.1271811047450615,2.700377464908527,0.24628244698517304,2.3412651428597,13754.067193959141
286,5148,-1.963268051752518,-1.6791066181272858,0.2689923445827972,0.2472712552819849,2.3435276726515233,13808.112841667142
287,5166,-1.883757875930018,-1.7232111686752751,0.13313569288414595,0.2482585909697492,2.3451687522031155,13864.961178458994
288,5184,-1.8762042708535147,-1.6413767706607767,0.3348902895869479,0.248516625964251,2.3481844382867862,13921.504974334035
289,5202,-1.8689750767714588,-1.7365893839652309,0.13281517633298762,0.24862672823707566,2.350687733895941,13981.112468667096
290,5220,-1.8747079170437573,-1.734147127659123,0.12651774294921259,0.2486282723920778,2.353521667012156,14034.336586500052
291,5238,-1.835039490327508,-1.7001664304473962,0.14006968420112875,0.24821615342094355,2.355771173187012,14088.00949937501
292,5256,-1.8763231426293085,-1.6671036911684158,0.26681838379295797,0.2480153899657979,2.3582613276644673,14140.294362334069
293,5274,-1.9846612756822393,-1.6194071339801284,0.36536424651361754,0.24711123321452053,2.3613809988513883,14193.389227500185
294,5292,-1.969117134940971,-1.7299240736052934,0.12752497705829993,0.2467623777432177,2.364818104412351,14246.698608292034
295,5310,-1.8343750664172216,-1.6688482236728126,0.11761720270365113,0.24673688488118997,2.3690464072095643,14300.483986084117
296,5328,-1.8695166450377712,-1.7084174039737148,0.2503815358502412,0.2462188541704804,2.37410811231428,14353.834532917012
297,5346,-1.850615413220921,-1.7257120768472791,0.11975685680114623,0.2455030288746611,2.376818287758687,14407.397102124989
298,5364,-1.83863114491816,-1.0595246715904851,2.684491865417555,0.2450675059179486,2.3800215397772218,14460.678572874982
299,5382,-1.8704498179807407,-1.053848469047841,2.686274527811047,0.24430651561671315,2.3841160018234997,14513.079594084062
300,5400,-1.8367790792149536,-1.7407943234493861,0.10143045926380677,0.24342495095540354,2.3856475925560767,14565.806074042106
301,5418,-1.8847595596103708,-1.7926491973246823,0.05648379715186979,0.24271129124317473,2.3873534500248206,14619.153431209037
302,5436,-1.8568487269974545,-1.7159403357508412,0.13336360144705567,0.2422592645772645,2.390006489239732,14670.970028917072
303,5454,-1.854486437313044,-1.0009871206315846,2.6731247853303537,0.24135849863126127,2.3920108040156007,14722.277905875118
304,5472,-1.8477485302440382,-1.6490326304237581,0.274000889881187,0.24069668566826538,2.393095550946679,14774.459699167171
305,5490,-1.882656572300391,-1.577929837464452,0.4582136644282483,0.24028137885209885,2.3958354832826747,14826.705789250089
306,5508,-1.9494512031233318,-1.7419676566048414,0.1492128205577205,0.23979514577239058,2.3961287440167847,14879.341610125033
307,5526,-1.824892666022199,-1.7227482459220231,0.10501884308242135,0.23948433313020673,2.3964098887739054,14931.960262584034
308,5544,-1.8797626683736688,-1.6907439871507048,0.11464033390766493,0.2393387131068562,2.397171982711695,14984.835498334141
309,5562,-1.9298533272030092,-1.7519870359661807,0.10274362248340699,0.23926746618191574,2.3986001495348,15039.053967334097
310,5580,-1.8288596979532779,-1.7188273744474443,0.10619241033927093,0.23909353522193832,2.3994687788547813,15091.454952250002
311,5598,-1.9815501441184344,-1.7248167728321926,0.1631849042475607,0.23930517405733004,2.4000328435270117,15144.325222542044
312,5616,-1.939066428125375,-1.6744994723373725,0.17201497479020886,0.23915407447587506,2.4000105896264543,15196.742479000008
313,5634,-1.890730721716766,-1.6453660061549007,0.2868276508360515,0.2387567209765524,2.4006190795359963,15249.66642387514
314,5652,-1.8765192839691478,-1.616560928882627,0.25552621101073336,0.23786227909020982,2.4007457519213524,15300.903056834126
315,5670,-1.9830376792880076,-1.7564919183020948,0.13035553607194988,0.23660251888783523,2.400788287533775,15354.888079750119
316,5688,-1.9716144802373332,-1.7469563405535122,0.1499154946754777,0.2351784772184444,2.4005649754294223,15407.3124644591
317,5706,-1.9354917730283336,-1.7199421419865655,0.12418773364507432,0.2338116450242781,2.400777955513305,15460.905687500024
318,5724,-1.9393012168409718,-1.7992567396176382,0.06817187044832256,0.23247880262206036,2.401436913401755,15514.279280292103
319,5742,-1.8575785264526914,-1.674196817423769,0.11341613707396339,0.23093754994795618,2.40175469029776,15566.654121542117
320,5760,-1.854800504547785,-1.6961963363734964,0.29940003289157546,0.22990431051866303,2.403762597570143,15619.3995557921
321,5778,-1.9636148706021546,-1.727446920531245,0.14228128300565648,0.22937234564623415,2.4055907161965115,15674.738998959074
322,5796,-1.857232852966324,-1.740941208269515,0.12855955093701035,0.22873798025942657,2.406112322406634,15729.894409625093
323,5814,-1.8556157807965956,-1.7285309897185905,0.11538252390729567,0.2281419643883118,2.406359951945249,15783.047943416983
324,5832,-1.8744724910357302,-1.7549586704126408,0.10257440614965721,0.2276910836926976,2.4072118138081398,15836.284056792036
325,5850,-1.8625471574236832,-1.7248456881091327,0.14584925702581233,0.22723642759211818,2.4081881404970744,15889.569606667152
326,5868,-1.858599180464255,-1.6449322147746885,0.39331387377080357,0.2265803035167248,2.408096436787724,15941.525598834036
327,5886,-1.8653881535607844,-1.7771203462020413,0.11463876197260214,0.22589005079712846,2.4093384186030655,15994.949118709192
328,5904,-1.8681504144552226,-1.7207023613280399,0.13171183960906963,0.22523664378254302,2.4089856720598215,16047.998171084095
329,5922,-1.876617147603198,-1.659547871389723,0.16675401493265815,0.22455823948438372,2.4107204060410856,16101.48432687507
330,5940,-1.904670051164861,-1.6865150725888196,0.37302218648604096,0.22356936864114813,2.411596653723132,16154.556901875185
331,5958,-1.8378386197148617,-1.7501357345604103,0.1087877425078359,0.22297804272299382,2.412108029819576,16207.167895292165
332,5976,-1.822062031808549,-1.6706947856696468,0.1479575545941434,0.22215493928832386,2.4130067507605597,16260.291150292149
333,5994,-1.8346525744943332,-1.6811583528909868,0.17240664673103973,0.22173550315790955,2.4132777752952284,16311.954502500128
334,6012,-1.8410068112012148,-1.6263052573711634,0.3758026125628114,0.22152538582690928,2.414363461524398,16363.512503459118
335,6030,-1.8618839711859114,-1.6495435888474317,0.21788964220402243,0.2215006916609661,2.414704688102444,16414.317852708977
336,6048,-1.9413296517517615,-1.7405266643043442,0.11827257997625239,0.2214689653677648,2.4156852172327055,16467.2748342501
337,6066,-1.8383924859841545,-1.6707526502688825,0.14532479613851462,0.22155542194225028,2.4154710472379746,16523.573136417195
338,6084,-1.8371382574249129,-1.6304044416469399,0.30991515488181465,0.22151164636311713,2.416352229151951,16574.969487209106
339,6102,-1.8413660649532662,-1.618179080030685,0.24879238027249678,0.22139345246051956,2.416519442154463,16629.881270542042
340,6120,-1.8336170317516167,-1.6163075934605369,0.24700544490127366,0.22112517248299807,2.4174182445632746,16680.891131917015
341,6138,-1.8795367696072165,-1.7511636087447169,0.13896661388384013,0.22083334153881848,2.4176180243342844,16734.10921750008
342,6156,-1.8330183434544738,-1.5273598323442943,0.31865113884485197,0.22066366373101215,2.4192179499117166,16784.741940625012
343,6174,-1.866623832413929,-1.5679009249952562,0.42179618666632906,0.22046522395890963,2.419778006556709,16834.124687625095
344,6192,-2.018738993979959,-1.7028491042305423,0.21022653325563995,0.21977826458613928,2.4212215361738902,16885.917907334166
345,6210,-1.861290199284661,-1.6537611528346838,0.19045116249892946,0.21840381065179543,2.420929567920674,16938.091086834203
346,6228,-1.8589611112867277,-1.6859872636157522,0.176329590175202,0.21708221924315121,2.4214563229680146,16990.137741375016
347,6246,-1.8621859700264984,-1.653932276153411,0.2260283323465203,0.21559353561491665,2.4224774388412116,17041.602266791975
348,6264,-1.9356773737039537,-1.746119625489653,0.10823174733562721,0.2137052700418236,2.422852970533802,17094.280400417047
349,6282,-1.8800047142393117,-1.4751736702809022,0.613358625734455,0.21208064392882886,2.422425905726779,17144.84348437516
350,6300,-1.8643023349276442,-1.7458661194394862,0.21320814938553992,0.21103414448866334,2.423848844421008,17197.606191292172
351,6318,-1.8905494104208067,-1.728656456033944,0.18907251526273117,0.21001346417371503,2.424143648581282,17251.339101709193
352,6336,-1.8660121492204924,-1.7276442120846014,0.1425982043949239,0.2093296949022994,2.4251825622166434,17304.70866641705
353,6354,-1.9743040864179542,-1.7363994409977748,0.1697099449145858,0.208954713208217,2.4253957161505975,17358.27539995918
354,6372,-1.857886027855689,-1.7712366742386456,0.1095890373843246,0.20879710151991623,2.4263038556879275,17411.37368091708
355,6390,-1.8672529676336098,-1.7277383717847241,0.12439211993961745,0.2087351139442271,2.4271348548056038,17465.671336667147
356,6408,-1.9446240414866311,-1.7790398990107075,0.13006198701527621,0.2090070902608728,2.4275948280579334,17522.165888667107
357,6426,-1.8901776027549873,-1.7673038851764657,0.10577535204325371,0.20932600019522332,2.428233626392565,17575.12623625016
358,6444,-1.8684676151327788,-1.7766555286212786,0.09782713812972496,0.20978568286244156,2.4290483158798932,17627.70389595907
359,6462,-1.8617755196008683,-1.7420984062423348,0.13494400655199193,0.2098791139645143,2.430265483521935,17679.069490917027
360,6480,-1.8715879928418153,-1.7271726915512333,0.28597493147816766,0.2096536538724678,2.430313003982832,17731.301349375164
361,6498,-1.8588254875179375,-1.688038986805244,0.1644159939650439,0.20952326419985515,2.4316593216499935,17783.49403970898
362,6516,-1.8881219998139964,-1.7898144600607107,0.09683124114654583,0.2090304619622483,2.431723361122462,17836.246074917028
363,6534,-1.8749763469463963,-1.7409019756666102,0.12050216471086758,0.20867768351393107,2.433304177217998,17896.693797750166
364,6552,-1.8251166540350008,-1.7217166916241142,0.10809515716068631,0.20889173377633125,2.4366964058962917,17947.889018333983
365,6570,-1.8506279335633695,-1.6983395818394968,0.10000701989962962,0.2092056061147254,2.439327321489262,17998.181921417126
366,6588,-1.9617471588536617,-1.7728781405697744,0.13898745525466094,0.20960684582637512,2.440352576828604,18051.472457709024
367,6606,-1.8303728540125057,-1.6532543048874973,0.11761402698458705,0.20997658944966308,2.440232805535389,18103.731396167073
368,6624,-1.8702990738044054,-1.7120138649212793,0.13236529007708597,0.21024368700035195,2.4424751451549698,18155.67687958409
369,6642,-1.8584867649267465,-1.7625418174960243,0.09333736335183122,0.21038377747053627,2.442965375109961,18207.64586358401
370,6660,-1.8847540958422098,-1.729809911128204,0.11770331692608826,0.21073314819717465,2.4442781504449713,18260.341020875145
371,6678,-1.9738865845114493,-1.7852929450328199,0.10051304416660366,0.21068362129803855,2.4448018591983445,18312.8503736672
372,6696,-1.8832333735030726,-1.7500211021122898,0.10862068445317442,0.2106078120777183,2.4446621746393706,18365.847942084074
373,6714,-1.8680168176344338,-1.7820426923787325,0.0751507119936754,0.21046713774990863,2.444169192208353,18418.778578584082
374,6732,-1.9541502072472459,-1.7541295633368845,0.10365605072037037,0.2108347743350353,2.4453513162905574,18471.787063125055
375,6750,-1.8764907214944841,-1.7203172586569084,0.16153982296715697,0.21117009939232056,2.4463404805395523,18523.687068417203
376,6768,-1.9731810630451667,-1.756992345514223,0.1500416998145408,0.21092103441041507,2.4477031447497373,18576.18553508399
377,6786,-1.9726750966556845,-1.7306530544239882,0.1763875403830951,0.2105825474009641,2.449820801473838,18627.741010375088
378,6804,-1.839057940865617,-1.6305658071458227,0.28863068541987275,0.2103172551381229,2.450577825698724,18679.477696334012
379,6822,-1.858947705098665,-1.636688124119317,0.3679658917439636,0.20984015232722306,2.4518962376910447,18732.1168205
380,6840,-1.8512822806540763,-1.772040051005581,0.07383018947275428,0.20916229069529865,2.4517267067982393,18784.82898166706
381,6858,-1.8847745588206632,-1.7023389886951006,0.1465130375295554,0.2084383803043896,2.452050699358578,18836.373029292095
382,6876,-1.8490165461723427,-1.717761389280421,0.10212310287254982,0.20718648653139113,2.4527661165881347,18888.75949191698
383,6894,-1.8614149315871562,-1.6127811468394309,0.4240802240783072,0.20569602307251092,2.4545800223237535,18940.331105417106
384,6912,-1.861817272934073,-1.7104130010254748,0.12835699480517967,0.20434066238669832,2.4551336163906607,18993.76861283416
385,6930,-1.930019198734687,-1.6705626253356545,0.40299909424385405,0.2027623763649419,2.4552287508151203,19046.835897459183
386,6948,-1.9757169976669262,-1.7337541197745954,0.1919594281691454,0.2010688839407111,2.4552298354323647,19098.97863008408
387,6966,-1.99762602788869,-1.7758387688770907,0.14177183957939468,0.19950143494715125,2.4554676038137226,19152.33758858405
388,6984,-1.983801991934059,-1.7539712734279453,0.13632788002046692,0.1980557725629322,2.45577441361658,19206.144347917056
389,7002,-1.9639490460542164,-1.7055804942097754,0.29458633361862496,0.19688633021893365,2.456530316828432,19260.94566545915
390,7020,-1.8792254805849598,-1.805830529436497,0.07322868959875865,0.19548089951308573,2.45689000218938,19319.132842042018
391,7038,-1.8982745695255154,-1.791931725887421,0.08474212180796922,0.19445108079505122,2.457222702421565,19374.33665370918
392,7056,-1.9392847625102454,-1.749359660917658,0.1238143156997339,0.19349672191293282,2.4578387974782836,19428.34713591705
393,7074,-1.9888513258843386,-1.7678822238426466,0.1288614082898612,0.19289877213578382,2.4576146291831416,19482.075561084086
394,7092,-1.8727983390291745,-1.764933578855069,0.09175233193460268,0.1922221447307682,2.4575802203393478,19537.4639333752
395,7110,-1.8570606452335006,-1.7714219004372778,0.09822230231231718,0.19139767409934053,2.4571965005651415,19592.676320667146
396,7128,-1.8520765237059504,-1.7531509212998986,0.08836933309351713,0.19054434328522601,2.457573233133791,19647.768808334135
397,7146,-1.9370281447880857,-1.7758821068578032,0.10314989753200883,0.19015753073674882,2.4575098517093323,19702.575440334156
398,7164,-1.8908778758179392,-1.760417944472302,0.09037093045589488,0.18968034692279848,2.4572518249487225,19757.032821125118
399,7182,-1.970222895356327,-1.7043867737133458,0.1715674411371764,0.18927109058101307,2.4576511336098537,19810.842500000028
400,7200,-1.8714020311285724,-1.7263444940581119,0.12603917266172907,0.1889377058873944,2.4574319550909793,19864.856040833984
401,7218,-1.856146537441266,-1.6872756869160295,0.1951500415041441,0.18835237917088618,2.4567804266516236,19917.990815542173
402,7236,-1.8277714312160493,-1.673476041759463,0.14400278644564982,0.18787562041186745,2.456418871843371,19972.985846667085
403,7254,-1.8500421020298505,-1.7649557731964731,0.1217314790528435,0.18747949584896428,2.456044906720572,20027.744005084038
404,7272,-1.908420798749452,-1.6870391938568245,0.3152629833334524,0.18674005741244845,2.4564940693752138,20081.85363408411
405,7290,-1.9699725617390178,-1.7880008765432522,0.09444227588348145,0.18635101021358744,2.456776846465912,20136.2869049171
406,7308,-1.862405480223817,-1.7469451396677254,0.11385736432189454,0.186149798625797,2.4572824082513174,20191.308992084116
407,7326,-1.9321349166898893,-1.7599046537886112,0.10161370678265469,0.18629929648439383,2.458055534081646,20247.403488125186
408,7344,-1.966081230676941,-1.7674518481342711,0.10609117894729453,0.18649595162037702,2.4582931564478274,20302.782188125188
409,7362,-1.855098136557297,-1.7616722595119225,0.08700004179531978,0.18653157224162792,2.4593544235741676,20359.700331667205
410,7380,-1.9459270509281503,-1.0818625689182295,2.6910351162038975,0.186778988865093,2.459709848968825,20419.582954250043
411,7398,-2.000048621558783,-1.7571820799805664,0.12867886247125282,0.18708922916288892,2.4599417677906548,20476.951552374987
412,7416,-1.8823730677318733,-1.7692509815815667,0.10382343372336021,0.18749261629316025,2.459024814098213,20532.80180670903
413,7434,-1.9695585321652271,-1.7996009256821626,0.11265361945434628,0.1882014344028487,2.459777241021927,20588.951072792057
414,7452,-1.988927678429084,-1.7760033918267575,0.11610933193046916,0.18871767463542155,2.4600291087981963,20644.673320875037
415,7470,-1.9691958346031764,-1.72820655181899,0.17429138028400507,0.1891811649356549,2.460384572730609,20699.006734834053
416,7488,-1.8783447124838748,-1.077428845722056,2.689383703978703,0.1897449411899375,2.460958572586294,20753.081403583987
417,7506,-1.9770493763747181,-1.7897286678305093,0.10283168846525848,0.18997195976030468,2.46093030492817,20807.784537834115
418,7524,-1.9304796546493703,-1.7723875883629476,0.11528384402786392,0.19011856039084135,2.4616819008250546,20863.197421250166
419,7542,-1.8666187973838637,-1.780541175217434,0.09593478566053047,0.1900521165312176,2.461608953487874,20918.01441487507
420,7560,-1.8894061302009733,-1.7438198855979736,0.11498566231087212,0.1899269506188984,2.4621454350661853,20973.14679579204
421,7578,-1.884430049549731,-1.7156111462834707,0.1605215817680295,0.1897491622110196,2.461845993950824,21026.81461120909
422,7596,-1.9765203969702392,-1.7630716762585197,0.10933796414504114,0.18956053264829584,2.4619581623765447,21085.84011837514
423,7614,-1.8964513981229696,-1.7737934485830882,0.10817553291724094,0.18900888877434766,2.4623850077325837,21141.20269858418
424,7632,-1.942656838048832,-1.7678237799545995,0.13591630818156406,0.18828946315450096,2.4626966898240186,21197.498094917042
425,7650,-1.980147493297331,-1.7998306324991367,0.11267089359001692,0.18735922991787413,2.4636624569404764,21253.02262779209
426,7668,-1.9785360154125997,-1.7921924046673032,0.10865016239930915,0.18671765657656042,2.464335432126491,21308.385289167054
427,7686,-1.9757947808088723,-1.7786956895948,0.0969690144683728,0.18608271415958594,2.4652005421422256,21362.17171833408
428,7704,-1.992378895959689,-1.8025439206149376,0.10098847769605701,0.18552611238240005,2.4652821349012264,21417.72904929216
429,7722,-1.9700311345745627,-1.7718185104042736,0.11454997466596356,0.18538931327013491,2.4649580774616293,21472.426018459024
430,7740,-1.9846127710384,-1.7289186910716448,0.2760742391753416,0.18503470389994867,2.4647521989954044,21527.813851000043
431,7758,-1.9760621260125908,-1.0604163294676072,2.6860574319052546,0.18493925608115985,2.465816556081069,21590.89217504207
432,7776,-1.9686935068176745,-1.7385951672722246,0.12941842985885724,0.18411294785557664,2.466599946500031,21645.815613792045
433,7794,-1.9776236216284544,-1.7892392256986982,0.10295011579154621,0.18337156649429404,2.4670296744707043,21702.231670667185
434,7812,-1.9862935556116197,-1.826567496298658,0.10434619856283825,0.18240498020087823,2.4695194690349656,21758.255847334163
435,7830,-1.939752786121458,-1.769285733098992,0.09547703721788543,0.18134073196193962,2.468782352721166,21815.12193400017
436,7848,-1.995758632206035,-1.1795570563285953,2.7131550567619516,0.17975144924276829,2.468994742083198,21870.71920283418
437,7866,-1.987343437339888,-1.7882818245317327,0.12573368361652482,0.17836310317683576,2.469973923343997,21927.068774667103
438,7884,-1.9528089136525346,-1.7363030149714058,0.11143802946361056,0.17714880484521858,2.469049412074904,21983.166832917137
439,7902,-1.9992842947787408,-1.8036671062940566,0.11099317585204332,0.17608552573025468,2.469829546513958,22039.312530959025
440,7920,-2.0110538300540313,-1.8260326259114548,0.14896577326498497,0.17520418701079557,2.4703357913108417,22095.029511875007
441,7938,-2.01526057697176,-1.760895883753577,0.14127121441597537,0.17421058755591115,2.4709819405076874,22149.927386375144
442,7956,-1.9866419991309372,-1.786190884667608,0.13918841205380153,0.17318018852102066,2.4716879443179294,22206.554088459117
443,7974,-2.0099811112817143,-1.8200610993277404,0.13558956290040716,0.1721216338421876,2.472713299599849,22261.77877691714
444,7992,-1.9778726837963236,-1.793738855991326,0.13080115585846142,0.171052384891608,2.473131930309213,22317.198543292005
445,8010,-1.9755470839014406,-1.787515385543947,0.14626068141021828,0.1699354834682606,2.474840197715606,22371.608881750144
446,8028,-1.9769137093760847,-1.8088240795428208,0.09555750395455237,0.16878615518332885,2.476036816343966,22427.06628179201
447,8046,-1.9659502134998719,-1.759485031113707,0.1259263401147113,0.1673025151408874,2.4772539218440275,22482.70504770917
448,8064,-1.9944601308472056,-1.7891928478850734,0.13287969587523837,0.1658208430586884,2.476656211519644,22537.619656792143
449,8082,-1.9942514827260513,-1.784622346937848,0.11683133646207577,0.16460270953833345,2.4773513202038804,22592.918186167022
450,8100,-1.9890711862853347,-1.8309142579579603,0.10146758452291554,0.1636060223721067,2.4785890943615976,22648.654734167038
451,8118,-2.0360271290960585,-1.7975343462641749,0.16260878053890554,0.16288990657059832,2.4813618558567745,22704.91213083407
452,8136,-1.9697997053919076,-1.7868159249289144,0.13162111903290505,0.16204274195145837,2.4813392104246565,22760.714572167024
453,8154,-1.9901240906644366,-1.8443177340765398,0.09908569528441812,0.161230742011671,2.4810856952744538,22816.284650749993
454,8172,-1.9006264897339773,-1.7469049929831115,0.2221980835922545,0.16029787713984597,2.481350352855282,22871.27564933407
455,8190,-1.9695023945819958,-1.7616856682024493,0.11853199261587548,0.15951581720935662,2.4827314614576896,22931.17432400002
456,8208,-1.9762568735416144,-1.8090098486361883,0.08701214557386691,0.1587578663894393,2.4840633204847107,22989.187673709122
457,8226,-1.9897596482309292,-1.7906355967379126,0.11735876172875838,0.15808269915697656,2.4844376158175074,23044.71336029214
458,8244,-1.9841009465250679,-1.8355190138816235,0.10690170218772113,0.15791885993622548,2.4849235079989533,23101.474753041985
459,8262,-1.9919924451497661,-1.7995654893792785,0.1289435775127014,0.1577197645523383,2.4845185094855173,23157.56051895907
460,8280,-1.9908778951713133,-1.8893584629973266,0.07121330121906637,0.15765582666612565,2.4853039727921447,23214.821185125038
461,8298,-2.002399301496426,-1.170172512617012,2.7116070869751985,0.1577362632189271,2.486094275215596,23270.059287375072
462,8316,-2.023608055181708,-1.7924876896372446,0.14073252745117254,0.15789557773289623,2.4861343289371813,23326.92276029219
463,8334,-1.9835200081449065,-1.8265844676386815,0.12580314532139636,0.1584902577142881,2.4865368380689743,23383.037769417046
464,8352,-1.9670394983041883,-1.7609491612991044,0.12214359835802123,0.1591358040829272,2.4857462430541135,23438.537609584164
465,8370,-1.9719021480774832,-1.8125869053738184,0.10934948593210274,0.1597905996058734,2.4868399352346002,23494.58031633403
466,8388,-1.9904372354683715,-0.5120576172365036,3.7172850597643867,0.16018470798028608,2.4891458526881576,23549.76645820914
467,8406,-1.9832450265539414,-1.837065640305526,0.13185546846261378,0.1605309350954939,2.4909486925648827,23605.63321704208
468,8424,-2.008899669450289,-1.741233526018447,0.2132637084182308,0.16071369320316944,2.4904481539492536,23661.008586625103
469,8442,-1.989040339514084,-1.8663343635774001,0.07414430742055696,0.1611363502586493,2.490734860469048,23718.634247959126
470,8460,-2.0011018609075513,-1.8595574616924806,0.09651909765063953,0.1615933272547812,2.49186985924599,23776.008508125087
471,8478,-2.0115123471297265,-1.8192393628223005,0.12473920468293938,0.1615527412324601,2.4925828749412706,23834.286079125013
472,8496,-2.0045843825276775,-1.7960679717504857,0.1509469318347904,0.16160035044880633,2.4959837908605627,23892.20885995915
473,8514,-2.0043451287664986,-1.8880304478053604,0.07753354441175252,0.16176006125693543,2.4971324823856214,23949.574698709184
474,8532,-2.000097933398592,-1.1759433660852476,2.7131700011481343,0.16193394827587984,2.4996312309215534,24006.575639834162
475,8550,-2.001834816359612,-1.2180035801049667,2.72215878259035,0.16201282961549215,2.501331269943399,24062.652920000022
476,8568,-1.9819063157457784,-1.7574513997112997,0.13426414240010603,0.1618876947680276,2.5026675142845014,24120.671734209172
477,8586,-2.00374818456171,-1.789411358251774,0.16284120822760714,0.16181039695806881,2.504214051874981,24176.297676792135
478,8604,-1.9690256455190918,-1.753881118528972,0.12245984087766858,0.16183119003804694,2.5055147626256526,24233.25328449998
479,8622,-1.9756002965529,-1.759296176321783,0.23344299506551866,0.16161261398863191,2.5070308672310033,24288.972525792196
480,8640,-1.9910672527052156,-1.7024199757724168,0.44509170343650756,0.16114388491819498,2.507986739574432,24350.32105129212
481,8658,-1.983249975422428,-1.8583670357333455,0.09134331072210987,0.1607407883219464,2.509964335868838,24411.66564483405
482,8676,-2.0059090120608567,-1.781192773278736,0.16156797365626926,0.16024426629502384,2.511190419297222,24464.773738792166
483,8694,-1.9939861535505723,-1.853100604931589,0.09363471962819098,0.159705263219856,2.5120661347593876,24518.559674959164
484,8712,-1.979278117413723,-1.763700628990385,0.39154364167660644,0.15941465387982542,2.51406993222891,24572.11088554212
485,8730,-2.0225883021319597,-1.875226725100288,0.09234258702245407,0.1591418778626252,2.5179585217017815,24626.864712750074
486,8748,-1.9929084605799399,-1.840400295813551,0.14178687238754645,0.15876805384784887,2.519662113556107,24681.732892000116
487,8766,-1.9865795388211223,-1.8746522156326964,0.09438646574001948,0.1582485942613418,2.522267127761807,24736.036780375056
488,8784,-1.9697430968097227,-1.8011272384761408,0.11876720839424915,0.1577619909365893,2.5233931263307037,24789.601870875107
489,8802,-2.0290034832279145,-1.824753980519047,0.14944727912292935,0.15700833562855243,2.5273810229745846,24843.63318887516
490,8820,-2.012745234918644,-1.226786659845163,2.7244141186208854,0.15618609532814529,2.5284549309699504,24896.977780584013
491,8838,-1.9941498433400318,-1.81638347039324,0.15545297539560926,0.15518071960206814,2.529469815891759,24951.299037334044
492,8856,-1.9722979313075353,-1.83185648962671,0.10787619533283443,0.15413224069538312,2.5300279253022673,25005.193948000204
493,8874,-1.998020548617213,-1.854080698891447,0.09394739301946546,0.15336103068809795,2.5309666124096037,25059.136623625178
494,8892,-1.9959187222891934,-1.8170187867267085,0.16375314308848388,0.15266854519396644,2.532009038576934,25112.274268542184
495,8910,-1.9947949916288148,-1.8744635771342506,0.1119236038424808,0.15219357878585107,2.533537280636772,25166.02654550015
496,8928,-1.9976059402935737,-1.824731998112613,0.14054669804997622,0.1519202739105427,2.5348147497334845,25219.203792541986
497,8946,-2.016704039454313,-1.8695410089119815,0.0909245454617941,0.1519601688097562,2.5361386898025224,25273.572410834022
498,8964,-1.9949184060597451,-1.822263675358435,0.10329915344324214,0.1519392939965452,2.5374129054038934,25327.613644792
499,8982,-2.0044626987648035,-1.8580785279208456,0.13738225089749037,0.15201071664661128,2.538253042941795,25381.126309750136
500,9000,-1.9385929684424426,-1.7756294736050897,0.11112941138632858,0.15174591278786836,2.538356463273775,25434.877477417
501,9018,-2.004574149289017,-1.814849340049866,0.1468043091955405,0.15140573811464642,2.539268968482187,25488.34268150013
502,9036,-1.9703613494132752,-1.8230605465425198,0.09680982448391577,0.15122145518554245,2.540251785111666,25542.283343667164
503,9054,-1.9961059171797566,-1.7847834426117624,0.17281077063036387,0.1506529305392946,2.5411343581842813,25595.588171042036
504,9072,-1.9968202329467242,-1.685582353246522,0.42603558647701373,0.15008062465254923,2.5428830466346843,25648.697474375134
505,9090,-2.014572308757848,-1.7766979352330716,0.16504098077418242,0.149347099500715,2.543109984833998,25702.016411083983
506,9108,-1.9971838870048497,-1.7922825201093364,0.12545682765899638,0.14869271230378975,2.544478054341512,25756.377222625073
507,9126,-2.02156608654425,-1.7930312599200613,0.14638191323582814,0.14802519416604637,2.5462260653997904,25810.632943958975
508,9144,-2.0094115245994852,-1.7801648931325862,0.17645157674822415,0.14693177600443044,2.547527546385094,25864.834587125108
509,9162,-1.8821625518689267,-1.7163021160154348,0.11478467664494811,0.14563220019307146,2.549075449575343,25918.963394292165
510,9180,-1.965045782136785,-1.7447230183898172,0.13465350278561683,0.1444202212140169,2.550249342666404,25973.006002667127
511,9198,-1.9970463233196423,-1.7728769372752229,0.1657963539852844,0.14307821780021907,2.550342782773786,26026.98072354216
512,9216,-1.9961151712943117,-1.8385734248119097,0.12404953462920332,0.14179306961177543,2.5516483520633804,26081.34651208413
513,9234,-2.0148573141873376,-1.789998841736877,0.13770617199277613,0.14056028939639678,2.5526336868448607,26135.67733991705
514,9252,-2.0017806172435253,-1.7507426804823991,0.19309903462305428,0.13927193418121506,2.5534353321953756,26193.27837808407
515,9270,-2.0000021772971226,-1.8377860920902915,0.15238718743618151,0.13826870660142854,2.5541022281535546,26247.34915404208
516,9288,-2.033921924850105,-1.858900281688899,0.10449054344642707,0.13749121706584494,2.5556554562903897,26301.468223541975
517,9306,-2.002040191017748,-1.8502130187768944,0.12812894807133052,0.13657224280713579,2.5587059988931995,26355.35747570917
518,9324,-1.983352979155221,-1.7923464189173903,0.16691067426557574,0.13560147332151545,2.5583907665415513,26410.32254933403
519,9342,-2.004684469255204,-1.8540750724924666,0.15161811421325525,0.13459511867734125,2.5582259221404353,26465.05763766705
520,9360,-2.0412111340789267,-1.7781427003336185,0.15664318823796092,0.13344117725764082,2.5584391061549465,26522.92981733405
521,9378,-2.007692997390207,-1.839425213367801,0.13856146837343042,0.13250822194290993,2.5598675777231175,26579.41975329211
522,9396,-1.9930340666701074,-1.8554423943210212,0.10585222748661977,0.1317872851443853,2.5602830011580715,26634.22910970915
523,9414,-2.0026935668991253,-1.8715411507979784,0.10434251375490296,0.13119583257543155,2.559859779525815,26688.043568875175
524,9432,-1.9822266963015052,-1.8164452679560188,0.15631264542556889,0.13071331548596662,2.5611776169684592,26741.859857750125
525,9450,-2.017270746267371,-1.8490732310955735,0.13031917990141992,0.13018367053935503,2.563196502598069,26795.628120417008
526,9468,-1.9935273148308386,-1.8161234618279474,0.15008695438588607,0.13010942447009224,2.5635951936381614,26850.777406500187
527,9486,-1.9785359604452126,-1.8396894191958435,0.10149849801592063,0.13024475677919178,2.5653902321852824,26904.407359084114
528,9504,-2.005461717095786,-1.8472047194246248,0.13110127570290123,0.13062219921850385,2.5657851371706233,26963.90770354215
529,9522,-1.9931778251413497,-1.847657639665785,0.12376789034760143,0.13087384454664808,2.5668636724999128,27019.426979709184
530,9540,-1.9885833419623529,-1.7423113840891067,0.45677351416482864,0.1311196090058003,2.5681567690149123,27072.222839792026
531,9558,-2.0033207929000794,-1.8214171883987704,0.12934032499255,0.1312119936022139,2.5685708659447326,27125.97456945898
532,9576,-2.003986943102502,-1.8156447122168216,0.11654331063753394,0.1312794710104099,2.569388455349815,27180.088421750115
533,9594,-2.0107216845270512,-1.8364432336041538,0.11858888911614539,0.13120467316038287,2.5693897422785033,27234.20410225005
534,9612,-1.9957977551486974,-1.829529088256683,0.12201765557799892,0.13109804776320058,2.5698915083390403,27287.66855879198
535,9630,-1.9987364072865463,-1.8958760377361752,0.10161535378885787,0.13096774017023738,2.57023961071013,27341.2366640002
536,9648,-2.0034277527950164,-1.8471581525085088,0.13888115854393726,0.130799431048193,2.5709999263849275,27394.986237084027
537,9666,-2.000080344736729,-1.7739486586687419,0.13084717983075433,0.13050506425851535,2.5725566423908215,27450.35931929201
538,9684,-2.0103334163976005,-1.8970763312146828,0.08968031706524385,0.13022806137662274,2.5720366469911755,27505.00027095899
539,9702,-2.0098353920836005,-1.8172388594282383,0.12292399237546733,0.1299774564588837,2.573399658787467,27559.78281170898
540,9720,-1.9909899972048923,-1.8312575986839787,0.1396865842154891,0.12952491653287776,2.573669065050811,27614.04089145898
541,9738,-2.003802104749103,-1.8208052968264963,0.16427278802788703,0.12901299536384395,2.574355736467481,27668.146655583987
542,9756,-1.9910204484680007,-1.8452752688705898,0.11185746074253823,0.1286284340351967,2.575976635378132,27721.759251167066
543,9774,-2.0040493762170124,-1.8373963012117376,0.12372139289577855,0.12860780843667327,2.5759965782459657,27775.177188334055
544,9792,-1.9854747606106047,-1.793425392533231,0.15725095346330617,0.1285469450990549,2.577507961654235,27828.209346042015
545,9810,-1.9113680304967842,-1.7932309466370373,0.07282898973642346,0.12855841434830606,2.5770563908208652,27881.446666209027
546,9828,-1.9752322946400733,-1.8029573201532898,0.10342304766344708,0.12838009265808353,2.578044022675542,27934.518165834015
547,9846,-1.9725935796059062,-1.7999954719493094,0.1360903452145001,0.1281338149807098,2.5789248474822912,27987.212589625036
548,9864,-1.9978106941884994,-1.8335019389715228,0.09861364824196159,0.12782364404239827,2.578899543437373,28040.12237045914
549,9882,-2.006095611367227,-1.8480826701048332,0.09345802868783733,0.12748602562987527,2.578518285185012,28092.38858037512
550,9900,-1.9305800971078733,-1.79183568800951,0.0769911518107206,0.12737032919497232,2.578285628793884,28144.67250554217
551,9918,-1.9957137375575051,-1.7945105276123405,0.09286296512931386,0.12706613506068876,2.5774847169294945,28195.967312917113
552,9936,-1.9757682870431883,-1.8066009865390464,0.10962905717884552,0.12642547505160903,2.5767429121432297,28248.438697084086
553,9954,-1.9838993725005536,-1.8369122348482176,0.12006369562307882,0.1255640441862082,2.576064512006425,28300.672476417152
554,9972,-1.9744185730061372,-1.8044449970331629,0.10423067958105894,0.12480731984682378,2.5753048359858424,28353.227440125076
555,9990,-2.0037758586904713,-1.8294119238984246,0.09445971581900074,0.1240127701979702,2.5763480693389473,28406.938823250122
556,10008,-1.9665453422211097,-1.8398900650241892,0.06933958025211326,0.12319621903174159,2.5754399197841074,28460.3406965842
557,10026,-1.9734714404044515,-1.811222123607604,0.0818950568813014,0.1224938913870058,2.574751555923119,28513.423035500105
558,10044,-1.9890303175349642,-1.849716047215586,0.0741855410093339,0.12195004655844388,2.5752712799673176,28567.16002791701
559,10062,-1.9940689195462031,-1.8615066932260365,0.09006600448610257,0.12148901899497314,2.57537064423236,28620.742901000194
560,10080,-2.00683460105232,-1.889342053549158,0.10637880934913366,0.12116352537713579,2.575942244212945,28674.717554834206
561,10098,-1.9910172518058018,-1.8463714002606233,0.10759345452784988,0.12091628975230533,2.5765876886446244,28728.226141834166
562,10116,-2.017497500256045,-1.8653810726930442,0.13513675808417738,0.12083869419251304,2.5770506178023695,28781.773599000182
563,10134,-1.9884139816042596,-1.8613002505441558,0.07399721093082628,0.12069522209325353,2.5773485837260117,28836.121413375018
564,10152,-1.9939757172405326,-1.8436474376696879,0.11913653828197944,0.12067817736147768,2.576519348207281,28889.31690808409
565,10170,-1.9698572560506893,-1.8348694313030687,0.11202991929223045,0.12064367726581705,2.576641638374713,28943.185984167038
566,10188,-2.024920282197717,-1.876146302435098,0.12136949062458378,0.12043446496980442,2.5769473413143493,28996.90535908402
567,10206,-2.008680299764528,-1.839306916306569,0.12308534019691816,0.12026207336830827,2.5768552115563526,29050.355074750027
568,10224,-2.009326452021953,-1.854078172848919,0.1384481339902971,0.12019840779349165,2.578096308094297,29104.11590558407
569,10242,-2.006409458722711,-1.8703807184677643,0.143892839777648,0.12011810912584527,2.5796512634316477,29157.81554262503
570,10260,-2.0364847827927415,-1.930038954277955,0.07039812016878406,0.12004346121055005,2.5802903322369914,29211.94852049998
571,10278,-2.0172732711470847,-1.9351689761843227,0.0661709384093877,0.12009422307219232,2.5810541081557865,29265.433754875092
572,10296,-1.985354157263811,-1.8990611603483043,0.07955329367397261,0.11996542106315387,2.5812723941794014,29319.388864916982
573,10314,-2.0032337826404585,-1.8855999155300909,0.08896168494950125,0.11992203322583489,2.5817665231695757,29374.29517679219
574,10332,-2.0281920374921145,-1.8836214749701727,0.15320698741895686,0.12001331260588963,2.58298223505711,29427.945293792058
575,10350,-2.0185214746284834,-1.856815326592812,0.10820856788758582,0.12020547510009273,2.5831029581358873,29482.128295417177
576,10368,-2.020992260499776,-1.8784738887743184,0.0972281811837201,0.12025713564340036,2.5833932485727233,29536.173725292087
577,10386,-1.979164882461196,-1.8731364458251092,0.09879842582778536,0.12023533553912079,2.584961279891175,29590.53630700009
578,10404,-2.002144713075661,-1.9411701946653426,0.06267976042217928,0.1199647322323198,2.585602637945818,29644.377218417125
579,10422,-2.010957875403482,-1.8795610156609284,0.12676995127460872,0.11973348993556747,2.5858635778676082,29698.44125720905
580,10440,-2.021393469745847,-1.8776063729864032,0.1414232730198413,0.11941815228595719,2.584563201308702,29752.225162292132
581,10458,-2.0127398623042456,-1.8433468543481892,0.15656343781781562,0.119043142502155,2.584872129417529,29805.394631042145
582,10476,-2.0234145274220174,-1.832954775425137,0.16209625960121404,0.11829121415914572,2.5852409021267455,29859.38841441716
583,10494,-1.9935187708953839,-1.8074054987959494,0.1533611840704813,0.11751437419314524,2.586089122949137,29912.63489504205
584,10512,-1.9860362781844576,-1.833874170235698,0.1300391329320462,0.11680358602384383,2.586054959645465,29965.774484750116
585,10530,-1.9929142495881194,-1.901659520271811,0.07027149968983033,0.11622585809067605,2.5862969424916664,30019.550545667065
586,10548,-1.9823826355376122,-1.8560614101081978,0.10945116633920828,0.11591943495840379,2.58656359490028,30075.103901875205
587,10566,-1.9800022563060278,-1.8638957919112014,0.11217734102982883,0.11554174843465602,2.5862921131790904,30130.980559375137
588,10584,-2.0124410969983724,-1.879957446897989,0.10798511523451355,0.11502268196189555,2.585314464938836,30184.667576334206
589,10602,-2.0493990933189354,-1.8090072576715035,0.1536314104085882,0.11458638698307841,2.5852121878503618,30238.159896042198
590,10620,-1.999854977227364,-1.8148380038258851,0.12977638609949316,0.11416045832782641,2.5860372290119304,30291.14720254205
591,10638,-1.9791209672812808,-1.8191893051805534,0.13966080904583572,0.11369428449198027,2.586746936464768,30344.840645667166
592,10656,-2.0090152188469625,-1.918186260635429,0.07882318046708808,0.11342058638891454,2.588532102062817,30398.591638250044
593,10674,-2.012251979594703,-1.8949332444622666,0.09581719074342009,0.11334329180203648,2.5883711098379485,30452.5392419172
594,10692,-2.004568916976449,-1.857668218836247,0.13691676971603758,0.11316836896627924,2.588401703145499,30506.161208084086
595,10710,-2.025169675268834,-1.8352472563245594,0.12435930746804467,0.11296211099912222,2.5885297189187084,30560.110135375056
596,10728,-1.9909906236911845,-1.8133856370632304,0.14376789461081488,0.11278103184501653,2.589705497352092,30614.677227375098
597,10746,-1.9884052365973832,-1.8397126908035493,0.13399205787754578,0.11246888189492696,2.590299653660276,30668.685557625024
598,10764,-2.031505647337299,-1.884973868597203,0.09747402818606304,0.11213191216893915,2.5908773014827817,30723.724620209076
599,10782,-2.017760568370755,-1.9392172965992178,0.07357392584556127,0.11197591366457095,2.5924275532586707,30777.394352875184
600,10800,-2.021384951517608,-1.8641404664950736,0.14405962705662148,0.11171082839020956,2.5928061385573358,30833.256637792103
601,10818,-2.006188785080454,-1.8312378173632362,0.12277289284597777,0.11172771632368957,2.593049320992038,30888.502149959095
602,10836,-2.000499182427248,-1.7946141868074175,0.1255303399809477,0.11184389966455423,2.5940163187865934,30943.22349125007
603,10854,-1.9935596195868315,-1.8474157370309854,0.12081798108166532,0.1119486456487121,2.593684055668578,30999.78752154205
604,10872,-2.009120980460231,-1.81629636268878,0.13790368579682635,0.11193951328590242,2.593268674512472,31054.67760516703
605,10890,-1.9889453958545027,-1.8084310560425345,0.12356641309661878,0.11191912714258814,2.5932598671658984,31108.28068658407
606,10908,-2.0118472120184605,-1.9009579019624887,0.11456165247504158,0.11158646760074324,2.594066826946453,31161.63581683417
607,10926,-2.0236858877212844,-1.8909695829859576,0.0892777547341865,0.11111696331567458,2.594212469064144,31215.1066765422
608,10944,-2.051475219797438,-1.8893552285955113,0.12186488987066194,0.11057144400441817,2.5941115708725917,31268.9978099172
609,10962,-1.9929342266184338,-1.8089107871710337,0.16078615799453747,0.1102322462901964,2.5954418752743007,31322.9764750842
610,10980,-2.0399755121472136,-1.796144340550837,0.19618881315610837,0.10960954498859919,2.5965067383782907,31376.181603459176
611,10998,-2.016723829744821,-1.896840494353962,0.13245240045584483,0.10888346931852179,2.5963534457001205,31429.894953208975
612,11016,-2.022494491716554,-1.866245577808802,0.13664622226613823,0.10818161930491291,2.59668396469608,31483.69114104216
613,11034,-1.9990680272833905,-1.914855845892451,0.11143065470542693,0.10772708200817868,2.5966984816209244,31537.0897802501
614,11052,-2.0184945775059773,-1.8799512688637643,0.12148359749492943,0.10725217679563856,2.5963676793964265,31590.705826959107
615,11070,-2.0044654172810215,-1.9299496352125844,0.10123339862513062,0.10652505390269564,2.597314500965283,31644.199805333978
616,11088,-2.01068376777712,-1.8340312091623676,0.14554629936308863,0.10579133023296626,2.597242514401478,31698.22534570913
617,11106,-2.017195250623182,-1.9193756660740755,0.09705642227293396,0.10522161679864989,2.5974458372264206,31752.187078749994
618,11124,-2.039189664047548,-1.8359285094488902,0.17017391899759374,0.10475737321097514,2.598172177263341,31806.064793542027
619,11142,-1.9963149729479892,-1.8937233355744796,0.10617869357998566,0.10441542861385782,2.5989894634873822,31860.43501050002
620,11160,-2.0197985807464036,-1.89381376118261,0.12796291140200014,0.10400824189088154,2.5996240751298756,31916.40241741715
621,11178,-2.0337798080041676,-1.8419613879218868,0.16952916554203873,0.1039181241037523,2.6008440276729554,31970.40781308408
622,11196,-2.0553059314430193,-1.8779060555557519,0.13117694139762967,0.10375914221893491,2.6009237371562977,32024.253768834053
623,11214,-1.9813276878546415,-1.8527029901133787,0.1024669889806563,0.10353740969540114,2.600640298920262,32078.34989595902
624,11232,-2.0020280901041736,-1.823501700182889,0.2201662660034852,0.10308192615957584,2.6021288159603464,32131.546337959124
625,11250,-2.010783191845891,-1.8696807862524112,0.11282655375047228,0.10277643637926188,2.602743660901903,32185.43524554209
626,11268,-1.9802461072173263,-1.8308456809364761,0.11395893175681178,0.10274809871316501,2.6032538862618755,32239.486130542122
627,11286,-2.063227328198755,-1.8984475168544515,0.10647403184668063,0.10293955827380895,2.6036410867528277,32293.47352787503
628,11304,-2.0062388529242945,-1.8896849388479164,0.1174109706265799,0.10291498752181968,2.6046403773115605,32346.995873834006
629,11322,-2.016162986981474,-1.926216760756819,0.07512773235174053,0.10291767815829124,2.605111322121241,32400.6722151672
630,11340,-2.0255993575095466,-1.8826031169882174,0.10941395645340884,0.10316891347909335,2.6064106676031202,32454.75914829201
631,11358,-1.9981969136587776,-1.8402977194978531,0.12924007183767122,0.10329994733182979,2.6067319047542306,32508.523671375122
632,11376,-1.993730101006113,-1.8387300600527137,0.1434192904341805,0.10334415341510728,2.6064774107058426,32562.250898250146
633,11394,-2.041426974885148,-1.9448768499265365,0.0714442413423852,0.10331220182991616,2.6068874951474768,32615.976963791996
634,11412,-2.023745060649187,-1.8788624001766598,0.10749008846152612,0.10324663392158843,2.6080198161598576,32670.424265875015
635,11430,-2.0246657642179335,-1.852255284143518,0.14314521163593724,0.10305580748573319,2.6065604750328606,32724.33235387504
636,11448,-2.0116366315690817,-1.834349166963487,0.18992890134727045,0.10307504431614412,2.6073492584538154,32778.37787133409
637,11466,-1.996253266261483,-1.8843660989424325,0.1102459033832741,0.10319670740175474,2.6091002424643883,32831.95235191705
638,11484,-2.031665135961498,-1.8533286322071656,0.10919738074428395,0.10331309073358802,2.61338614519837,32887.89582433412
639,11502,-2.003038770000641,-1.8924909881711893,0.11210909464134601,0.10345093059049472,2.614552395498141,32947.18454695912
640,11520,-2.0171884974349985,-1.8950459664954775,0.12882286801166776,0.10356040935820969,2.6163036363224963,33000.83595004212
641,11538,-1.9917461951600104,-1.8693119987318063,0.09980431873620497,0.10374255329024407,2.6182182098158915,33054.942098625004
642,11556,-2.0208696687283365,-1.860665859369345,0.12147619873675276,0.10379247971219317,2.6198093101017697,33108.46460045921
643,11574,-2.0265175721094697,-1.860506421700036,0.13770058739428814,0.10368668024446441,2.6221771436416557,33162.56578816706
644,11592,-2.000781679889963,-1.8742257565716858,0.14822634000922805,0.10352789529008084,2.623196414574448,33215.72440558416
645,11610,-2.011666350872351,-1.937170809705813,0.07150186886165874,0.10343980048818789,2.624279067591933,33269.35526837502
646,11628,-2.0163376145248937,-1.88861702720741,0.10999406049845699,0.10327804403882233,2.625897524536129,33323.27639287501
647,11646,-1.9857525411030883,-1.8972188421984333,0.07820855783565894,0.10323896752482584,2.6263224052347374,33376.952558459016
648,11664,-2.0456029797748956,-1.9055679681618602,0.0918472798444681,0.1031238153690085,2.6271355435900468,33430.73863754212
649,11682,-2.034364779872688,-1.9209092262794942,0.08496472506574788,0.10300351995405312,2.627941669265049,33484.3980796251
650,11700,-2.027473964065756,-1.8903779849959994,0.11021160151673318,0.10292359913754398,2.6284080058039425,33537.898993334034
651,11718,-1.9919369771781432,-1.897078635600455,0.12839234692262738,0.10290098588368755,2.629720029454194,33591.312253292184
652,11736,-2.0223843271022703,-1.8688997248079846,0.12684720599319382,0.1028095762184946,2.6307303051045015,33645.689403250115
653,11754,-2.0287243310482705,-1.8808121877235446,0.11771776161165608,0.10290166324886561,2.631064735123143,33701.34043800016
654,11772,-2.014034353482925,-1.8169900982883764,0.15838788790123368,0.10295399407061831,2.6309611595899427,33759.20182195911
655,11790,-2.0347924083898015,-1.8414657860988557,0.1441427976917636,0.10293299423194585,2.6336458037974495,33813.04413658404
656,11808,-2.00530820665676,-1.8621354183683134,0.12877909720989247,0.1028815562456227,2.6351044910308534,33867.20487833419
657,11826,-2.0074625531409893,-1.8840634456978473,0.0918691729104682,0.10249190106690764,2.6348905242391147,33921.958274459
658,11844,-2.006665687569896,-1.9398855383562572,0.0727696127656751,0.10195879536035589,2.6336512289544523,33975.77613362507
659,11862,-2.019529877428492,-1.9067896383658562,0.07725069659114114,0.1017785268148421,2.633998417496316,34029.36799241719
660,11880,-2.028479487167493,-1.9157560789262307,0.08494733191008438,0.10165574297044863,2.6345575691324994,34083.411091458984
661,11898,-1.9964412512645402,-1.9075254174821374,0.07888767325952932,0.10163741405970864,2.635353117136758,34137.39867570903
662,11916,-2.0091078725001097,-1.9608283894618528,0.06197099339335171,0.10164035185240397,2.63539275283548,34191.206231125165
663,11934,-2.0079399879579163,-1.900692508351209,0.10760681708569826,0.10174306200903813,2.635509875356664,34245.515534917125
664,11952,-2.0075180235813463,-1.9520645467542161,0.06719072436080058,0.10175567409890011,2.6354439625558217,34299.40602387511
665,11970,-2.005903141634977,-1.9118903297384615,0.09940579441007796,0.10176250524267028,2.636217132240795,34353.19888325012
666,11988,-2.0021204083591675,-1.8814620632098087,0.14262272488433053,0.10176818618610209,2.6369140818015935,34406.79419166711
667,12006,-2.0303101776041443,-1.893085877417535,0.13744328766618885,0.10185482777664048,2.6379341529578535,34459.89639020921
668,12024,-2.022731787756148,-1.8796446997642198,0.12541198387786395,0.10174992312623038,2.6385293709963618,34513.63625950017
669,12042,-2.0044654097527688,-1.8981594833448865,0.11647854096710569,0.10182665804361639,2.6390952012490416,34567.42538537504
670,12060,-2.0339867280725628,-1.8996822017611632,0.1159947444589232,0.10208615267164714,2.6399704415161795,34621.271430500085
671,12078,-2.042898685353891,-1.9395855241058249,0.10829705415974447,0.1023581605190809,2.6397241914497256,34674.49175291718
672,12096,-2.0218418148746466,-1.9371781276779143,0.07452537055282131,0.10266485899166354,2.640633861762337,34727.958296125056
673,12114,-2.0067497684513054,-1.9155876351109318,0.08405606807021368,0.10297348253823453,2.640677088889527,34781.39711908414
674,12132,-2.004364442234428,-1.9349610609579857,0.10168226188752191,0.1031494854123996,2.6396810707918976,34835.54694766714
675,12150,-2.058217154852463,-1.924704071880409,0.09953138390171609,0.10338600751615354,2.639275177925148,34889.832165709
676,12168,-2.030417225837487,-1.9179450968165856,0.08554891325475633,0.10355488108298225,2.6391933548991604,34944.121302750194
677,12186,-2.043337433975351,-1.919266780940453,0.09933003813202386,0.10387820412188106,2.637288605555087,34998.101771959104
678,12204,-2.0044505024365864,-1.8120511737437168,0.1502293496197891,0.10429709123417302,2.637374878002189,35051.578039375134
679,12222,-2.020779589380267,-1.9220304682630518,0.1060629701972021,0.10447880570061799,2.637416868146504,35105.573821292026
680,12240,-2.036472467433535,-1.932763598785031,0.080106161032087,0.10491432393234514,2.637976871870193,35159.37025516713
681,12258,-2.0400887791795337,-1.9278571985814486,0.08233821881921645,0.1052076989447305,2.6388405027000394,35212.94649966713
682,12276,-1.9956664931582053,-1.89758921607238,0.0719529578388561,0.10553934922608214,2.6379467612985152,35266.98234216706
683,12294,-2.0177246216441973,-1.9318712790280657,0.09194180911447039,0.10584970968878207,2.637558587747317,35320.543714375
684,12312,-2.017237582535607,-1.8977033309337246,0.09670583569702194,0.10632474324330338,2.6373986359531307,35374.05575691699
685,12330,-2.034898164587499,-1.903671347950232,0.12153411496721392,0.1066714603500007,2.6378337923277555,35427.95311650005
686,12348,-2.0137674842085054,-1.892938990594968,0.13958840979310969,0.10689395837362632,2.6373296106427118,35484.26122637512
687,12366,-2.0061626496352076,-1.9113640162295,0.09643980880248895,0.10704670164927087,2.6377982317451787,35538.16759412503
688,12384,-2.031281788022962,-1.8428487508088631,0.1552269942100506,0.1072797871005199,2.637404592879554,35594.340496208984
689,12402,-2.01590693981925,-1.879506623269716,0.12557463188512014,0.10745837411615568,2.6372431809967614,35648.16852141707
690,12420,-2.0348290105693767,-1.8617770133720215,0.16900181859456223,0.10766628853323404,2.6375519890678127,35701.59883558401
691,12438,-2.035615103458534,-1.916043679981402,0.11178306774913635,0.10788144906522763,2.6379515562619775,35755.136846459005
692,12456,-2.011556141563101,-1.8914394219185715,0.1121961754452166,0.10810548030369384,2.6382087231963056,35808.996035167016
693,12474,-2.01004733524138,-1.8602760624885089,0.14604561077717315,0.10817990944698401,2.637836775928765,35863.04547129199
694,12492,-2.0144953103425913,-1.8874487156399813,0.13506655228181247,0.10843427165782231,2.6381379616386034,35916.86277741706
695,12510,-2.005914341584072,-1.7783607318856463,0.1861418427624321,0.10860865364576794,2.6387488614206585,35970.45335958409
696,12528,-2.024191776532252,-1.7572983839547784,0.18199446615264095,0.10886373853669574,2.63872985590372,36023.49535570899
697,12546,-1.9949505115392578,-1.8284264275338447,0.16125607735262465,0.10884822224820886,2.638966689257717,36077.194307084195
698,12564,-2.024501030874133,-1.8163350388005821,0.2059982067832789,0.10893654998844254,2.638888782741489,36130.462784584146
699,12582,-2.016779852835731,-1.8021086458539588,0.15861705289348338,0.1088893119790833,2.6399844310126954,36183.76196250017
700,12600,-2.0193283619773617,-1.8137791841003894,0.17218486280005957,0.1088706940478733,2.643913237156309,36236.427172459196
701,12618,-2.0093896655805215,-1.860436415110312,0.15757209370785225,0.10865756139315197,2.6447576644315514,36289.19346983405
702,12636,-2.023773771690444,-1.8505108435457396,0.14384596889102275,0.10848835895349053,2.6445205444661397,36342.084351375
703,12654,-1.9914933819202618,-1.8528171332403558,0.1761578872226884,0.10847460256895362,2.6440627463761373,36395.67302641715
704,12672,-2.0391310999631718,-1.8645068568565033,0.13723957616928192,0.10866852197443325,2.6443926543566643,36448.93212308409
705,12690,-2.007620551902317,-1.898235156426827,0.15529948980065766,0.1088698922116237,2.645327560846679,36502.0312827921
706,12708,-2.0268711192068913,-1.8584507888844932,0.1898266286456315,0.10875560683134419,2.647428319321367,36557.84163929219
707,12726,-2.0056382695764134,-1.8365727946662807,0.13509607607762136,0.10877737640093221,2.648626449129743,36617.20868720906
708,12744,-2.0141802785006897,-1.858355282039928,0.13669468333654228,0.10893908035682927,2.649873701081813,36671.06013633404
709,12762,-2.0121592790280456,-1.8277508788596006,0.18065187675189123,0.1090327801141472,2.6503489789888484,36724.110456084134
710,12780,-2.008247104838432,-1.8853158071197638,0.08131697263815577,0.10930280538720745,2.652838959192733,36777.36232058401
711,12798,-2.0102290959755718,-1.877057509579081,0.12658474981556822,0.10959503025315707,2.6546089188490973,36830.98587083421
712,12816,-2.0173676209215774,-1.8542881534708178,0.1169343786333253,0.10969144914051811,2.6557084344534703,36884.38403675007
713,12834,-2.0025792053731233,-1.7926246470753797,0.17101548022790333,0.10991844654595999,2.656868239578273,36937.99141337513
714,12852,-1.9817367449240342,-1.7949504379705306,0.14813720529755187,0.11026101695145153,2.658742943373502,36991.23004995915
715,12870,-2.0690600467300433,-1.839867767035579,0.18158146611590034,0.11043753435366145,2.6589274289483713,37044.24747191719
716,12888,-2.0034242779639904,-1.8403413125386183,0.11903522693949896,0.11053632323421828,2.6601570344191217,37098.33530587517
717,12906,-2.020056915023538,-1.8807078643228796,0.13765095776806602,0.11074334630761527,2.6618350983691434,37151.09318833402
718,12924,-2.013223818287628,-1.871752534929828,0.1284500329429299,0.1105999533639043,2.663819965324153,37204.03033129219
719,12942,-2.0255961522981036,-1.889075481121488,0.13703402899675574,0.11061868680908085,2.66546179784457,37257.84796054219
720,12960,-2.0062579106200684,-1.8508393232199998,0.17043114488530955,0.11067873550427312,2.666721758087842,37311.95058583398
721,12978,-2.0065700243804425,-1.9057318887459915,0.11008859763970026,0.11069432675904822,2.666829096254152,37367.52620245912
722,12996,-2.010067085826666,-1.9161778216888423,0.0782152644357112,0.11083459870426154,2.66783218593623,37420.59506579209
723,13014,-2.0206245929981996,-1.8815000347773951,0.11269155502989962,0.11120101722293772,2.6703660138961007,37473.84788045916
724,13032,-2.0027141544695204,-1.8655699916798767,0.17121092504948457,0.11148827298084663,2.671291371207888,37527.18211475015
725,13050,-2.009375573613575,-1.7295471604062194,0.17295111787449785,0.11151619379786454,2.6718964635348046,37580.60966487508
726,13068,-2.0087271750201032,-1.8620940675083848,0.14919507037299873,0.1114936040830216,2.6723591291809727,37633.97412124998
727,13086,-2.000788449637626,-1.8552483036686083,0.1549057561742104,0.1114614487468649,2.6729001865015367,37686.116762584075
728,13104,-2.0126455541439854,-1.869522276890321,0.15764739643091136,0.11141916214578444,2.6735817099051826,37738.80930962507
729,13122,-2.016200625609419,-1.8224998518223101,0.1788411926588185,0.11135237139468346,2.674314573698036,37791.456366
730,13140,-2.0293089906605672,-1.8767831118141491,0.1344264002852642,0.11115140039131982,2.674278991095722,37844.97385529219
731,13158,-2.0173416681569196,-1.8461364566740162,0.15223981367413517,0.1108431493233907,2.6757625846474586,37897.618949542055
732,13176,-2.0156577551592543,-1.8842586581571352,0.15173669502488943,0.11031998045957023,2.676603821634962,37950.52282120916
733,13194,-1.9928203026928957,-1.864085307496651,0.13612595912258904,0.10969194553525978,2.6774326420734926,38003.68222554214
734,13212,-2.0289103685500005,-1.8718399244068706,0.12679620108239428,0.10936910722127328,2.676728626331744,38056.93228129204
735,13230,-2.0041602601352406,-1.8333728230702602,0.18633391376983974,0.10908317647118206,2.67784607140551,38109.73088129214
736,13248,-1.9941942706261702,-1.8727660645312365,0.13308867034924393,0.10905259730407137,2.6778265373095613,38163.24508570903
737,13266,-2.0053134651105795,-1.9119387572632296,0.08453574514114416,0.10895485567496431,2.6780453641510937,38216.33545737504
738,13284,-2.0076310152818246,-1.83583763060421,0.17993227263529077,0.10871484932671596,2.6779120283887017,38269.25396291702
739,13302,-1.9893374974296378,-1.8969637437032014,0.10875303990354564,0.10823920506243445,2.6790665399891513,38322.57828820916
740,13320,-2.008578663267253,-1.8568657798551738,0.1299552476117323,0.10780702817380455,2.6802078436428602,38375.744756500004
741,13338,-2.017037613144564,-1.8796064168104667,0.11781744999536962,0.10736885725557077,2.6820300399616146,38429.18979650014
742,13356,-2.0080571045938282,-1.8936210609505646,0.14693854295152275,0.10702987206284864,2.6821095402166617,38483.06378237507
743,13374,-2.0223434943969476,-1.9119640030553748,0.07217574555827021,0.10678240956496964,2.6811541329470385,38536.1288513341
744,13392,-2.0200074558267263,-1.89002038804183,0.16185438337135585,0.10661639547805096,2.682944611984442,38589.026700583985
745,13410,-2.007491920881595,-1.8796036715144426,0.13231204409336955,0.1064982881330033,2.6829439641447532,38641.696998250205
746,13428,-2.0010093900086114,-1.8987329240634432,0.12295572827707708,0.10616113151780329,2.6841047204910415,38694.604482917115
747,13446,-2.0229730342721703,-1.8932012728828367,0.1079597774850286,0.10566220176228312,2.683676891078479,38748.420752584
748,13464,-2.0118713513846034,-1.8127999701555721,0.19305946058531842,0.10527680748874711,2.685200998450469,38802.22815341712
749,13482,-2.0246318833042953,-1.7874245547696566,0.1663911917736015,0.10487654849935878,2.68531239917827,38855.99796295911
750,13500,-1.9959930848400886,-1.79356495042596,0.1767671720003195,0.10462852702517589,2.6848530717519012,38909.68755787518
751,13518,-2.060386869155142,-1.8227473563848702,0.19422782536652503,0.10442364452097887,2.6845257551719857,38963.12211550004
752,13536,-2.018771815009635,-1.7701824061506075,0.15677776986409434,0.1041200491483417,2.6843954583966734,39016.24483529199
753,13554,-2.011838402841743,-1.8202223724394284,0.15919711897286082,0.10381753538282174,2.6840589847031837,39072.036265584175
754,13572,-2.0072753643055092,-1.7973277096433344,0.16325908014516338,0.10350185669150973,2.6843402945746253,39125.036886084126
755,13590,-1.999512474025189,-1.8817229722500934,0.12058184523005584,0.1030361001713766,2.6841784210943738,39178.45094912499
756,13608,-1.9975609844768103,-1.841834471388071,0.13861348767575377,0.1027717045306065,2.6856916567268914,39231.19923075009
757,13626,-2.0162744298425466,-1.84330819313415,0.13554528812369337,0.10251009460883816,2.688147493768715,39284.44046041719
758,13644,-1.9713824370912176,-1.8627329393636098,0.047518587909578316,0.10225988395381273,2.68874381657833,39337.48661041702
759,13662,-1.9878590378490348,-1.7836794109013918,0.17840850564592606,0.10203950458927234,2.6897638497750256,39389.96153666708
760,13680,-1.985924182116963,-1.7779140479315347,0.15774373550858067,0.10205473826177339,2.6895810717501885,39442.36284212512
761,13698,-2.0079295161434567,-1.832433190339298,0.15773221885428787,0.10184988288822387,2.690943777467263,39495.83772120904
762,13716,-2.009563904640617,-1.8816824800924286,0.14352465964630867,0.10192972963889949,2.692140849398767,39548.800723334076
763,13734,-2.024602204147339,-1.8676110433870816,0.1637350628829237,0.10202425997893766,2.6957425570709828,39600.9918082091
764,13752,-2.034271315077976,-1.6732959397790137,0.17865627637798048,0.10213249736376533,2.6986820717698956,39654.381439584075
765,13770,-2.0066925887560925,-1.7630487761416296,0.19306479979399116,0.1021667846726388,2.7000320908502182,39707.052366959164
766,13788,-2.0017047270233466,-1.8438432241244875,0.15728410403078746,0.10225187621672231,2.7033996863213416,39760.1538416252
767,13806,-2.009043156217799,-1.8716375661456146,0.13764568171580907,0.10234368185701267,2.706055812213894,39813.46537704207
768,13824,-1.9947512437891084,-1.9436055786754822,0.058934841030117396,0.10262893397465238,2.710039657563781,39866.26138416701
769,13842,-2.031502415685498,-1.8935747689083509,0.12759978606822453,0.10266038915613789,2.7128701925905228,39919.37103820918
770,13860,-2.0178942678968497,-1.9021425641566805,0.11923245489953992,0.10287330998507263,2.7145653531668588,39972.205285209
771,13878,-2.0326928300832963,-1.8851016885875136,0.1445476830896426,0.1031195549008728,2.719360112907427,40025.06085387501
772,13896,-2.0075623069361255,-1.839731927428073,0.15199884488451615,0.1032683023103619,2.7212707833619088,40078.1028943751
773,13914,-2.0959718364802127,-1.8520068498949795,0.1469861323679177,0.1036718426470837,2.723396391308037,40131.02999979211
774,13932,-2.0196748707401544,-1.815932748450462,0.16992276457873068,0.10403486180657856,2.7243498075276364,40184.013607
775,13950,-1.9986989098958245,-1.8202833023644172,0.15936251176884697,0.10456199435700392,2.726140984817391,40237.02068220917
776,13968,-2.0180224931543087,-1.879406481000858,0.1317231114808635,0.10506326489638214,2.7287972754622207,40290.52432662505
777,13986,-2.0151707710059474,-1.8295134121435201,0.1820007936340394,0.10557312151829301,2.731687184037225,40343.6944949592
778,14004,-2.0219366691213807,-1.8814907457141932,0.16181069117180225,0.1060294673576558,2.7332028507811583,40396.597958375
779,14022,-2.0306347211443554,-1.831497128630204,0.19465344670737886,0.10656939626255955,2.733732568647613,40449.88462979207
780,14040,-2.0184405885566616,-1.8494090363457143,0.1772760658805557,0.10729023503598376,2.734846819348496,40502.72465687501
781,14058,-2.0014802453658262,-1.8363298528434788,0.17211079437860605,0.10806705684198606,2.7354113089777994,40563.36255241698
782,14076,-2.021441965901077,-1.9067439058546094,0.10577129863146316,0.10854631766855302,2.736822397844228,40615.78595087514
783,14094,-2.005780040251437,-1.8813259477782236,0.15497510696568575,0.108987178219985,2.7381050461615835,40669.00976570905
784,14112,-2.016629436181348,-1.817587036206977,0.19182023904377546,0.10919459480443602,2.739659518833947,40722.483083000174
785,14130,-2.0126470051486893,-1.7726759015418543,0.21014625776287071,0.1093533510102181,2.7391614414601517,40774.04757599998
786,14148,-2.016528370046062,-1.6806778969222953,0.2398498452109251,0.10940296909156774,2.740532071778897,40825.59750058409
787,14166,-2.0191943812334068,-1.0936844099038994,2.701198795936639,0.10973818340250693,2.7418110299146754,40877.16177466698
788,14184,-2.013957131629883,-1.7760012444014595,0.21614449015046233,0.11012402707363061,2.744096092418067,40932.95668408414
789,14202,-2.015726534588518,-1.8247417774167605,0.19072348502356515,0.1104920324892767,2.7454576711393117,40986.20512316702
790,14220,-2.0137618822509147,-1.8427166087369211,0.1652680792062074,0.11083488324612023,2.746255555406353,41038.83516650018
791,14238,-2.0060257843282803,-1.8109600531434122,0.18967426769391427,0.11083879090038276,2.7461446378461076,41091.98883633409
792,14256,-2.0135969609599815,-1.8648065934382119,0.18132827612134786,0.11093466434740677,2.7471840719813643,41145.15218683402
793,14274,-2.0033190088692145,-1.763181011550678,0.19223665894085765,0.11119144481640698,2.7481271080197587,41197.726641417015
794,14292,-2.014625188081987,-1.7040496360034494,0.17923665884455484,0.11149641063702949,2.7491520247552743,41250.3867835002
795,14310,-2.004115883289654,-1.804581479115855,0.14246709539214178,0.1116810217926821,2.750053906206111,41302.16966908402
796,14328,-2.024797782358521,-1.820823239553985,0.2024541480085624,0.11216958603124885,2.750588799298902,41353.21417608415
797,14346,-1.9655440247939002,-1.7069695974098258,0.16264255546895354,0.11272041765738276,2.7511013350588147,41405.17693291698
798,14364,-1.9988266242892285,-1.8335911696320002,0.1322473346798616,0.1130574998769851,2.752254154674104,41457.81080070906
799,14382,-2.002601104695131,-1.8561381993218298,0.1501442846448434,0.11333815562689142,2.754040120217136,41510.39750987501
800,14400,-1.9951951048928689,-1.7975827139961698,0.17875670177721634,0.113323530476284,2.7550978763504936,41562.30709691718
801,14418,-1.9817784326230656,-1.7337910319103296,0.20165018481133484,0.11347447392862132,2.7555241789130926,41614.21803270909
802,14436,-1.9988342804935049,-1.8205607830921453,0.15012792966432711,0.1136062228139947,2.7547655592157025,41665.755932834
803,14454,-1.996249723632832,-1.8209410577262244,0.14239882680484559,0.11377275579356678,2.7547421151241074,41717.9074941671
804,14472,-2.0000425505619774,-1.774778883781157,0.21037468878319895,0.11399654133114995,2.755263777741623,41769.256149334135
805,14490,-1.9872481586369428,-1.7691519341951787,0.2403443355931279,0.11417573264857514,2.7552725897231554,41820.599487584084
806,14508,-1.993558372561321,-1.779091106213501,0.1599526270338398,0.11440812824857942,2.756283232720459,41873.51701916708
807,14526,-1.9772691094945443,-1.8516074010098542,0.13035104774863085,0.11470608815942088,2.758072080950006,41926.5579442922
808,14544,-2.0020620911064735,-1.8656264684859976,0.15890013841527567,0.11496807398382268,2.758677230422665,41983.85758325015
809,14562,-1.9855093776170158,-1.8260711782684191,0.15218128210916074,0.11519722379993048,2.759794216054907,42037.79389341711
810,14580,-2.001314484355552,-1.8160084734565993,0.16026997167875354,0.11560363321932156,2.7605404805075886,42091.03213079204
811,14598,-1.986874912713029,-1.8215025960001288,0.16649526232806164,0.11569795770029627,2.76021923560572,42144.16781470901
812,14616,-1.9909574415993059,-1.8276251477725252,0.11546408168679947,0.115768043452224,2.760310834680765,42197.72069650004
813,14634,-2.005605833359565,-1.7411328627926275,0.20304973584879032,0.11582477709907794,2.760003230084532,42250.19052308402
814,14652,-2.003671359367124,-1.856997837877363,0.12511789028434978,0.11565419719922473,2.7599063945753968,42302.93091779202
815,14670,-1.994755365126529,-1.8664563511349184,0.13417285639517867,0.1154777417400916,2.76155873606746,42361.67001533415
816,14688,-2.0092235358633688,-1.132872744438385,2.706296996579984,0.11502531423769222,2.762561266505203,42416.89050433412
817,14706,-1.968065187030688,-1.7809295206302163,0.16168017228458287,0.11467285572193316,2.763250661249183,42475.00103237503
818,14724,-2.0215698526748365,-1.2118318811082072,2.723699534467922,0.11430472550263779,2.7645861603819473,42539.38088541711
819,14742,-2.0008532362304123,-1.752422741256992,0.1814857213177961,0.11386515299613705,2.7655308589374705,42610.44752616715
820,14760,-2.030951875964469,-1.8131723422912733,0.18619954891358842,0.113542660368476,2.7668122593076587,42676.312079334166
821,14778,-2.0299705593863004,-1.1694140073795138,2.7149335882841235,0.11328774479147434,2.7681679994217427,42739.0243621252
822,14796,-2.005035659782782,-1.7329263529880174,0.18706046931699477,0.11322291315215842,2.769230617542249,42794.67282900005
823,14814,-2.0193347183979045,-1.1000762665464967,2.6972761870840913,0.11326754012389281,2.770471999082022,42848.35765245906
824,14832,-1.9730966687132945,-1.0725013917993111,2.6908726148064144,0.11351047866681054,2.772465600162783,42901.88070700015
825,14850,-2.000149850319151,-1.7687095616571231,0.19440353904651964,0.11342701726623963,2.774057058448143,42959.912907083984
826,14868,-2.005996440442109,-1.1223304908319205,2.7025868041838517,0.11316413243670645,2.7753231959093205,43013.3871843752
827,14886,-2.001877905410985,-1.7645044540366397,0.1567290378916789,0.11289548512756575,2.777188116194794,43067.63402287499
828,14904,-2.0056861565846495,-1.7484817281055187,0.19293988101494602,0.11275049434379657,2.7781157306020092,43124.525910125114
829,14922,-1.9946993072251646,-1.8141696665903067,0.1543779257305763,0.11258342930108187,2.7813633899253785,43178.727861584164
830,14940,-2.003780714881016,-1.8235994265176214,0.13222158478806917,0.11232696715306903,2.7838847128320987,43235.57780637499
831,14958,-2.0035404694564596,-1.8694872219213055,0.13006683632308838,0.11217679160713964,2.7853020688238135,43290.228513875045
832,14976,-2.0147239834775283,-1.8855779042634389,0.15075738495563368,0.11206796924650304,2.7875151840820354,43345.490023459075
833,14994,-1.9909446636385826,-1.8276717207815834,0.1550517761896889,0.11205437893575226,2.788780779024907,43399.85813766718
834,15012,-2.0061316705573744,-1.8517957342561564,0.15239355676488747,0.11195915819840516,2.7920005166575073,43454.67891800008
835,15030,-2.0029221123628043,-1.8156117637220106,0.18547654306539604,0.11171908101200305,2.792894441677543,43509.04858654202
836,15048,-1.979771873989924,-1.7826475725751334,0.15653655550544238,0.11162342792206843,2.7951432858629004,43563.01360370917
837,15066,-2.019695199080459,-1.8767947359830783,0.1502998263498687,0.11137418167196261,2.795726527180066,43618.386168500176
838,15084,-2.0118928630738595,-1.8725568384705815,0.13411745030571073,0.11111335871103178,2.7961178777440203,43672.8916416252
839,15102,-2.017964042532396,-1.9026902639090812,0.15800435655378695,0.11093700353538927,2.7974778943382526,43727.430956416996
840,15120,-2.0070629009450545,-1.8908678187164192,0.15730844913892353,0.11084726280114675,2.799232607412772,43782.4149741251
841,15138,-2.01262132761888,-1.922513488711245,0.06648706443204265,0.11074683620376631,2.801114735556103,43837.445391500136
842,15156,-2.0136272863264892,-1.835443570003542,0.16355435632487844,0.11096270667221661,2.8010879568132236,43892.34402854205
843,15174,-1.995754683177406,-1.8545372304692016,0.1684242718597829,0.11137504202181903,2.8031069271426987,43947.16710191709
844,15192,-1.9951399114525938,-1.9160763410882946,0.1070970942644984,0.11179046307273072,2.8044021463029454,44005.086263084086
845,15210,-2.0060235632510217,-1.8585743199882232,0.1584748532213424,0.11231450012598243,2.8054653553074025,44060.38673295919
846,15228,-2.0125547891372206,-1.8518103234181318,0.147459266639867,0.11254002077481977,2.8086820547046307,44137.34598316718
847,15246,-1.9886683006152466,-1.9308242112197505,0.09920390413438132,0.11277030428380722,2.8108722112436597,44199.5822832922
848,15264,-1.9955499187638224,-1.8767287229114318,0.12710566319048475,0.11293647417554016,2.813658056517006,44258.3949000421
849,15282,-2.0049984574685626,-1.921942516249111,0.12507135305864436,0.1130740214086494,2.8158520187860248,44322.5223697091
850,15300,-2.0219773833340886,-1.8843293422286505,0.138278986584704,0.113110198084605,2.8182502710081705,44388.139323625015
851,15318,-2.0088653487415433,-1.9013827976108426,0.15301425743554,0.11330965391117306,2.820017919692424,44450.45963499998
852,15336,-2.008926568843106,-1.841895075580153,0.17862080940616967,0.11351164853627409,2.8224431573252042,44509.40826858417
853,15354,-2.0129266001277197,-1.8954715109930933,0.1431392925838041,0.1137539651874271,2.8246555040797996,44569.89706925
854,15372,-2.020701805719149,-1.8156896812889167,0.19245643476333055,0.11403253798822112,2.8276957613400184,44634.091909584124
855,15390,-2.031360316991151,-1.945842045534456,0.07975860666533593,0.11411383691110558,2.8296489629984194,44698.729873917066
856,15408,-2.0803556289045844,-1.8085718164462543,0.18290631906526697,0.11412553414223059,2.8314618965518665,44762.176627834095
857,15426,-2.0156001345264,-1.7940162964680129,0.19632967598762693,0.11393976855822546,2.8337033315319826,44823.121960125165
858,15444,-2.015763325655935,-1.901609423945095,0.1170709179994807,0.11372902618787718,2.8353505574226396,44890.821779499995
859,15462,-2.004329564508416,-1.7600582017729594,0.15307223728765795,0.11326755535445567,2.8372061577802903,44960.85652441718
860,15480,-2.015874397897565,-1.854843582337757,0.16442508272523287,0.11309320912311,2.839625964281532,45018.8915112922
861,15498,-2.022425907190234,-1.886760634449605,0.1873631308960089,0.11314330367758366,2.8399834678108236,45074.387277500005
862,15516,-2.0163922501832445,-1.8282436709668122,0.18712821181150657,0.11302208152033484,2.8410837509996796,45136.028274334036
863,15534,-2.015459449698276,-1.8599773332127763,0.1596862720986346,0.112875327793751,2.842900007889542,45201.14715879201
864,15552,-2.014720869902498,-1.880770531341852,0.1692120604817337,0.1126667521882341,2.8442448450887268,45262.093152084155
865,15570,-2.0150475622107558,-1.8583000362138082,0.19038945233356191,0.11252271569164189,2.84419128286957,45318.67788704205
866,15588,-2.0093151452404596,-1.8284650832157143,0.19484045705770867,0.11231764104236262,2.8460719258240688,45375.130430292105
867,15606,-2.01201068787124,-1.8276871510667192,0.18008412266853568,0.11199253687800143,2.8478971717718276,45431.2455899592
868,15624,-2.0093868746496537,-1.90457733850636,0.09245933024152737,0.11144727020384769,2.8487587685333304,45495.19327475014
869,15642,-2.007481349612592,-1.9312464880566316,0.0903973726331537,0.11102608877281787,2.850362461244332,45552.242306042
870,15660,-2.025800053865032,-1.7967471519253182,0.20115161648403865,0.11056118663818777,2.851154893117485,45607.54357016715
871,15678,-2.0111005477698622,-1.8474029907689709,0.1843547367934746,0.11005531205816313,2.853213806297661,45662.53810720914
872,15696,-2.0157537609379403,-1.8315175253549119,0.18597385555400012,0.10943853519175274,2.853118278709273,45729.409880917054
873,15714,-2.0195583722011885,-1.8560048093597539,0.19439330588913376,0.1087149595753276,2.854033392581171,45793.635543459095
874,15732,-2.0103504588724546,-1.8460608423164844,0.18872607211775413,0.1076314801576408,2.8534853873953887,45854.70863454207
875,15750,-2.0162748610337293,-1.8946152645638168,0.14674452657382556,0.10664672219197605,2.853267574592063,45920.05433554202
876,15768,-2.0113971626810248,-1.867018231842981,0.15762226825532197,0.105591915876701,2.8536328878377852,45980.00148995919
877,15786,-2.008292246984426,-1.8190532443461516,0.18376245351899753,0.10451124612968304,2.854234107820229,46044.99248583405
878,15804,-2.018507577889382,-1.9071608015403574,0.08812689960505846,0.10354925000216555,2.8532481065347035,46109.79045929201
879,15822,-1.9965368613846501,-1.8482992184458833,0.12959375060472117,0.10259460038858798,2.8522302022159414,46172.82044637506
880,15840,-2.011637732513325,-1.903523946846155,0.1263407568608132,0.10186508420390068,2.852780112483955,46239.167334709084
881,15858,-2.036500480293152,-1.7836183321779329,0.20120456840075926,0.10112486769246437,2.8530218427302807,46308.71935220901
882,15876,-2.014354293257402,-1.8565140439671934,0.14434021647755652,0.10044853596348201,2.8529421693427235,46373.26421212498
883,15894,-2.00455682919781,-1.8132462755698713,0.18488855608282329,0.09975555694365665,2.8531903468740016,46436.26334220916
884,15912,-2.0296315718617617,-1.8392407750829558,0.20663662401497826,0.0991661316838073,2.8532273022608385,46492.349292750005
885,15930,-2.0252948020537658,-1.9300192210812195,0.11388502149550861,0.09863665857814073,2.853146946380524,46548.103317542
886,15948,-2.02642387351949,-1.8961192096992165,0.14645135926235828,0.09824180092188449,2.8553779412123323,46603.13672108413
887,15966,-2.0258313967799157,-1.8901975960632416,0.15947110526512268,0.0980318093946887,2.8558302228253574,46658.03562162514
888,15984,-2.0076677179995777,-1.818093764339153,0.18342629209450595,0.09789073786991573,2.8571182633291885,46713.37051212508
889,16002,-2.022554313458609,-1.8701009263338904,0.19141578010909008,0.09772660636136749,2.856777020166914,46768.94910225016
890,16020,-2.016667208393798,-1.8925055042951837,0.15934289939121177,0.09769151839955853,2.856979461385179,46824.38923070906
891,16038,-2.0226849499159947,-1.961698066878327,0.10469846540474852,0.09770031039371822,2.857807110962299,46887.41173587507
892,16056,-2.04151106408951,-1.9316085109113397,0.0854491926892988,0.097592167914415,2.857843241260646,46958.174354874995
893,16074,-2.008874822048489,-1.7928124777545855,0.18248858286410985,0.09727965776010865,2.857656236733942,47030.80231195898
894,16092,-2.020597750487933,-1.8397386983579895,0.18432957912598308,0.09685271626561802,2.8581058862376163,47100.14976812503
895,16110,-2.0194628266800287,-1.8148262742183912,0.18792859449446866,0.09647642553137718,2.858817210908451,47166.41486866702
896,16128,-2.025220497733637,-1.8991872590272534,0.15015133566257477,0.09600153075687552,2.858793231645294,47231.59391991701
897,16146,-2.049911053946871,-1.928536517900879,0.1250230409953802,0.09532418358509619,2.8589773050323872,47297.291729125194
898,16164,-2.020623771638361,-1.873649974333909,0.14885285527575456,0.09452963494218937,2.8586284229466563,47362.17656579218
899,16182,-2.0163145363514263,-1.8158981688117233,0.2012595352797241,0.09381166641857082,2.8588474164601,47427.52302737511
900,16200,-2.0306075280477773,-1.923220125362945,0.12071422669623062,0.09316576207607458,2.859885191485752,47494.24949616706
901,16218,-2.0052607846820694,-1.8796924905719061,0.14813280579633448,0.09272580319244565,2.8609177978322213,47559.293657209026
902,16236,-2.0320870266714186,-1.8566267345758674,0.18467819784056463,0.09226205458673596,2.8614267032399336,47615.152862125076
903,16254,-2.018188732946161,-1.888306458621739,0.14203256741841952,0.0917228355298508,2.8614794492175277,47670.719849999994
904,16272,-2.0229995663027553,-1.9251461744042926,0.11963594083736463,0.09123344464808908,2.862580677680752,47726.51330120908
905,16290,-2.0460983850303402,-1.8956641677644415,0.14575830666312356,0.09070760105212987,2.861941596202785,47781.77313766698
906,16308,-2.0198567908046865,-1.9568862111852197,0.0462506382426827,0.09029738937616735,2.862293766323153,47837.04650983401
907,16326,-2.0223112368068996,-1.8695010342793266,0.14772070921064295,0.08996833504444252,2.8642157128391736,47892.61523550004
908,16344,-2.0092401641664477,-1.8839721244542642,0.15686458152634844,0.08961239938224959,2.8661947330460995,47948.2814763342
909,16362,-2.012755357492514,-1.8588441412638994,0.15996540224402497,0.08946802142357864,2.8682580798889803,48003.88870170899
910,16380,-2.0155114933458878,-1.9115345718668328,0.13133165526494367,0.08926568746851367,2.869326562403224,48062.59798387508
911,16398,-2.010590776093959,-1.9043785061109186,0.11712275858387591,0.08883922663588809,2.870477596746869,48118.813753875205
912,16416,-2.011523177357763,-1.791037855562725,0.18962988455784377,0.0885536460025613,2.870317257558311,48176.17566191708
913,16434,-2.0143066970189833,-1.884752732118276,0.1476195323510079,0.08814452296512237,2.8705025435070644,48232.10491729202
914,16452,-2.028787763028883,-1.9710925083266428,0.06505063931871233,0.08776100693961916,2.8716222216851968,48287.405635375064
915,16470,-2.012541423996241,-1.8939581794024716,0.13441866604820138,0.08736402023060162,2.8727373718808473,48346.363199500134
916,16488,-2.020158211951309,-1.8750040212887373,0.13397848408004534,0.08686476733747779,2.873783121619039,48406.380506000016
917,16506,-2.011139201225802,-1.8543876827279238,0.16859057208505293,0.0862176832474821,2.8729110237339253,48464.23068720917
918,16524,-2.0104492857055707,-1.858427306844944,0.1938973678078986,0.08554146805883847,2.8779714949247137,48520.271903084125
919,16542,-2.0217496905303984,-1.800224251502238,0.2016352245635563,0.0846352184556578,2.8784579189886004,48576.33070883411
920,16560,-2.030142275295562,-1.8589100018534512,0.18112788324246457,0.0838335871678345,2.878902099427348,48632.407015834004
921,16578,-2.0108640086576433,-1.9015072072869605,0.13591203779805833,0.0830991714830173,2.8801646070794633,48688.6725187921
922,16596,-2.0118635893000882,-1.89944166175114,0.1190276436038866,0.08252963551733605,2.8823137526199205,48738.5582479171
923,16614,-2.0235472218819486,-1.8633114739123005,0.1580866394386896,0.0818665814747074,2.8840577250026396,48787.88697245903
924,16632,-2.0239672363972283,-1.824369451507471,0.18095385767911784,0.0811979831489833,2.8841297094935663,48837.92270137509
925,16650,-2.017785656479429,-1.9022389087721276,0.162203200566173,0.08064290190574541,2.884146242111927,48883.16282433411
926,16668,-2.038540930704257,-1.9091393666855143,0.14199685910933507,0.08004966461569087,2.8840236365732075,48926.00681237504
927,16686,-2.018539521262208,-1.9151772029534202,0.11782155122222415,0.079494059704283,2.8843767190453993,48968.83426837507
928,16704,-2.0297854640579502,-1.9374857133348655,0.08293283599388053,0.07915827025845004,2.88493869580014,49008.056790584
929,16722,-2.038313380575794,-1.961404949620757,0.07077825821103896,0.07878719841490808,2.886271850579788,49044.01819587499
930,16740,-2.009599426200808,-1.9417214254213553,0.07363128590031216,0.0784586468718703,2.8866297201889637,49080.41448245919
931,16758,-2.0192936304824785,-1.9066711885491994,0.1152951874115168,0.07820703662650912,2.8858336460121463,49116.598646875005
932,16776,-2.0391937920787577,-1.957286822976806,0.05877625819753495,0.07787596096167103,2.8861780630712772,49152.807926125126
933,16794,-2.0325468826654514,-1.9346662848196432,0.07647998497673891,0.07764391627821118,2.887601460984888,49189.14344916702
934,16812,-2.026794954193761,-1.9308870123558555,0.08881021563982314,0.07728960653710348,2.88790860700092,49225.4376184172
935,16830,-2.0250741781428507,-1.9340941946236176,0.08285648635456772,0.07692764565288628,2.8879595035009293,49261.874470959185
936,16848,-2.0189148389493132,-1.9193452839537268,0.08622241488837742,0.07664173019087935,2.8898459107320873,49298.22711900016
937,16866,-2.036586036649275,-1.9452510603496311,0.08158743036651889,0.07655189990801624,2.8911684738592585,49334.32118341699
938,16884,-2.0380277083051643,-1.8743454837832205,0.16065202036942924,0.07642354243994304,2.889941893064239,49370.74078891706
939,16902,-2.015909233546903,-1.8408918018611804,0.1795074502735037,0.0763296816696014,2.8893354573294965,49407.20784649998
940,16920,-2.0206614885331855,-1.961209591406804,0.08088280792657902,0.07633158685074481,2.890827707054423,49443.4213000841
941,16938,-2.0205261851699468,-1.8948343942660877,0.12228104909860801,0.0764403380235898,2.891197486846323,49479.797428875
942,16956,-2.0190115164760174,-1.9066941730319893,0.11695019563772541,0.07653315105498727,2.893244163198619,49516.23857612512
943,16974,-2.0169694257979334,-1.9658791626467662,0.05946332875428798,0.07648536117299397,2.8944490323025436,49552.613175125094
944,16992,-2.022767796762706,-1.9040558087279926,0.11540686079503075,0.07649329230095385,2.894476204651088,49588.80063845916
945,17010,-2.029137946514369,-1.9662939275926883,0.07177493196408555,0.07654892201940466,2.8957287535136653,49624.87895141705
946,17028,-2.031615674263946,-1.9017378636833782,0.09437739231857434,0.07659519548741507,2.896639135064508,49661.64518425008
947,17046,-2.007884915334464,-1.9161088878388581,0.11535042456308074,0.07661029383653609,2.8962072794575784,49698.02367620915
948,17064,-2.0262270870353825,-1.9536508221693438,0.07328881214352746,0.07665655295839897,2.8964484180396015,49734.26908350014
949,17082,-2.0103963589774425,-1.8635886959170038,0.13696991445765333,0.07681850334227355,2.8969277647270353,49770.381370834075
950,17100,-2.0034233174332186,-1.9042004469895153,0.12204655086146958,0.07694151174126082,2.898664002963473,49806.64073116705
951,17118,-2.0158686845558695,-1.90300573358752,0.09363863875657681,0.07687521398000655,2.8972912663735966,49843.54340658407
952,17136,-2.0218434692148723,-1.8681608172109252,0.1413732128859729,0.07675033023553927,2.8976423535120195,49881.71279362519
953,17154,-2.0249573347777523,-1.9195515295463297,0.09414703210080405,0.0767861625653456,2.8943045227536905,49917.818712166976
954,17172,-2.024105596738004,-1.9164553259494994,0.08591990612174953,0.07684992217550422,2.894975554616612,49953.69214900001
955,17190,-2.0356387713588466,-1.8673946640014683,0.1640851778293015,0.07699519714777077,2.8961121434714787,49990.72501050006
956,17208,-2.02667890788706,-1.9289766652747042,0.09927762163537927,0.07693851148488368,2.8980729087930133,50026.97055270919
957,17226,-2.0313113644013514,-1.9014555395114752,0.14416399761001422,0.0769687098640722,2.8980275740626906,50063.48078054213
958,17244,-2.021602026715834,-1.879319448621067,0.12992655522535776,0.07691949110432908,2.898857071516251,50100.08640600019
959,17262,-2.114800020933159,-1.9571802197083135,0.08386771941003814,0.07711404931285544,2.8992899284185367,50136.452271291986
960,17280,-2.0203052958948415,-1.909459646093987,0.08981368370841175,0.07722733518681661,2.9007284421075297,50172.66490379209
961,17298,-2.016045431266505,-1.920792939284901,0.1340404325130463,0.07727489962992959,2.9006197250032772,50209.03713429207
962,17316,-2.018027070340128,-1.7996285864086887,0.2084511549560824,0.07718685549713097,2.9029595810676465,50245.64075912512
963,17334,-2.0220257086285596,-1.8635967332903962,0.17629604751727418,0.07719698958231336,2.9038133583365626,50281.99897000007
964,17352,-2.0393391956695686,-1.8809811891491752,0.158939846144743,0.07711664030738959,2.9044535075199063,50318.75179175008
965,17370,-2.015144005843671,-1.9154581445128736,0.14232037692418806,0.07702946699077645,2.905733686867546,50354.936915542
966,17388,-2.0109841268036246,-1.8577595355568148,0.1747587260665516,0.07698584785164718,2.9061225586684465,50391.52393391705
967,17406,-2.0012494621110655,-1.8679057105654213,0.1007285953621559,0.07685015775201776,2.9058796353613716,50428.06244029198
968,17424,-2.004414973032591,-1.9483772669488657,0.06600298318107232,0.07662722535681295,2.9059166013639204,50464.835347917164
969,17442,-2.0113963847574237,-1.9402489483554943,0.08316985185453468,0.07645675050974367,2.9051051328282296,50501.08809462516
970,17460,-2.0339231583148383,-1.950752256930429,0.06580876203425375,0.07624110870409176,2.905524236018562,50537.12713416712
971,17478,-2.007872416560717,-1.9147406014242436,0.08549085346844529,0.07603166226591059,2.9060997742355807,50573.471867667045
972,17496,-2.009277313069415,-1.8969117760698104,0.11001774859694284,0.07578410251991456,2.9070778733684026,50609.772275084164
973,17514,-1.989440709208603,-1.8761609176770422,0.11363230583253466,0.07565557455127639,2.9076891337821613,50646.24843658414
974,17532,-2.0074374381826074,-1.898296072531971,0.14181881557728399,0.07573490737382584,2.907150773617935,50680.67770241713
975,17550,-2.0156200066445646,-1.9093470501187468,0.08927308899221469,0.07587635171437718,2.908156373025767,50713.883856250206
976,17568,-2.013569860909715,-1.9374507028031442,0.056535462764336734,0.07586053921383598,2.9073920891293463,50749.82570429216
977,17586,-2.0083119219883088,-1.9167212889450096,0.09234901563568315,0.07570952635227579,2.907325549987518,50785.642729500076
978,17604,-2.026283690209562,-1.9293486419852937,0.10282005113130871,0.07552251179860703,2.9067119055123944,50819.627879417036
979,17622,-2.0243604023321886,-1.926678612620145,0.14225865885161257,0.07546777196908563,2.907492882324466,50857.77196183405
980,17640,-2.0357841473586853,-1.931503522921361,0.12870865406764284,0.07530526834934952,2.9077745618398687,50900.48607824999
981,17658,-2.040158852729763,-1.9465293167016557,0.0671861545109749,0.07521511820062418,2.9084084739220835,50938.57426308398
982,17676,-2.0295548366856853,-1.9371856094870787,0.11243609745194934,0.07506925215846637,2.908418945370678,50973.73731825012
983,17694,-2.0247276759740407,-1.9424497411303179,0.11608840445607513,0.07494161413291743,2.9102727036436944,51011.31700437516
984,17712,-2.023596529618142,-1.939832238435229,0.112505128558885,0.07474097682811426,2.9102037980620468,51046.64964399999
985,17730,-2.0365953132061327,-1.947279836121854,0.10930611989397758,0.0747118959019509,2.910317101177999,51081.775631834054
986,17748,-2.0162879162336265,-1.901833356912294,0.1357715208668523,0.07471673851722843,2.909864212273664,51115.71079941699
987,17766,-2.009782598395143,-1.9370697769585874,0.07121180833053342,0.07481657182149896,2.9095880103975325,51149.98618408409
988,17784,-2.051761693334308,-1.9308416911514508,0.14763770727402983,0.07485821674192734,2.910217659860482,51183.439969000174
989,17802,-2.030883431536818,-1.9484434932737666,0.10936183693186802,0.0750390050179073,2.9102916630994855,51214.02845016704
990,17820,-2.0148836515428696,-1.9570364128767785,0.10478433119481283,0.07516575224845277,2.9113337353636806,51249.84360245918
991,17838,-2.0108371752867797,-1.899373985700699,0.1526499285589668,0.07541169775455908,2.9124696884352206,51285.111087874975
992,17856,-2.0158638682108547,-1.9604338271275306,0.06922550474294582,0.07575685551279965,2.912211034086889,51318.46943245898
993,17874,-2.006247893759071,-1.8892228650755836,0.13836534915874946,0.07606865544955321,2.9130443459570974,51354.27210645913
994,17892,-2.027595187872105,-1.844381854459293,0.18181266390777004,0.07640738433726783,2.91485688746099,51388.04011554201
995,17910,-2.0222065082866294,-1.9042721849200106,0.13960887753773904,0.076784411857163,2.9156684598097957,51421.50254945899
996,17928,-2.014438025238594,-1.9880053048121478,0.031442617525946535,0.07724390907610236,2.9157435699357372,51455.43220104207
997,17946,-2.0235186880463347,-1.9370931136357399,0.09043005470922554,0.07776450034784362,2.9155379142215097,51489.449863667134
998,17964,-2.0203091422421706,-1.954947587343154,0.05603493075296805,0.07806049134802619,2.915754255234443,51519.99374966719
999,17982,-1.9997899362905311,-1.8963314119762325,0.14796584839521937,0.0783244335297297,2.9171128782628273,51553.93965362501
1000,18000,-2.0199735618605836,-1.9703687441858202,0.05766501053281312,0.07850581928920704,2.9161694307593904,51582.520312250126
1001,18018,-2.0177802615266893,-1.9325207343900073,0.10608817381861929,0.07864177532865772,2.917716127512842,51615.40962408413
1002,18036,-2.0140385096376234,-1.9030196389523155,0.12670182421301662,0.07894747078692439,2.9188964340196857,51647.42017195909
1003,18054,-2.012199442188507,-1.9030221042284419,0.14816168042786138,0.07919430039090435,2.9207739448788863,51677.76855154219
1004,18072,-2.0039326053110664,-1.931693961610199,0.07800920085444751,0.0794627540765789,2.9208733046542354,51710.44936883403
1005,18090,-2.0265080905934827,-1.902601829985901,0.14104319066903492,0.07959862130777186,2.9226118604747775,51741.03636470903
1006,18108,-2.025939129763493,-1.9390124945474763,0.10929737666657514,0.07983588093827552,2.9238047235478577,51774.811206625076
1007,18126,-2.042124073908769,-1.905345855318637,0.14508080085586014,0.07985849777075527,2.924476012194472,51805.072938125115
1008,18144,-2.0802433979573824,-1.914292870178256,0.10645074882326933,0.07991687710199316,2.925161543409543,51837.04609854217
1009,18162,-2.04760705191505,-1.9272507948887576,0.11797236632265345,0.07997827870706516,2.926285326812321,51866.20022983407
1010,18180,-2.030790909720537,-1.867964991576489,0.14595471596137335,0.0800452814857537,2.926704057264849,51897.20721941721
1011,18198,-2.027413198166813,-1.8823890525401847,0.18427110566633995,0.08007062498037025,2.926963118967965,51927.50262879208
1012,18216,-2.0179761591415124,-1.870673782117108,0.15587702346805804,0.08007318975910022,2.9267197451367064,51955.67813958414
1013,18234,-2.025726804502998,-1.8532960327225827,0.17881759829568583,0.07999365484952134,2.9275277161092688,51987.778944584075
1014,18252,-2.011019506532495,-1.910407784957656,0.1226160011758365,0.08007808483045709,2.9275519168283592,52018.56436104211
1015,18270,-2.019559568171703,-1.783561707245557,0.18109423957906687,0.08026912028619786,2.928742637652823,52055.935024375096
1016,18288,-2.0181115629902298,-1.8471408017784898,0.17274524456715176,0.08062313254002125,2.9289793518575644,52096.762907125056
1017,18306,-2.0173202949147773,-1.848261755616523,0.19263600669409278,0.08080731602988021,2.928398091706444,52132.774444916984
1018,18324,-2.019441353970201,-1.9164225780317128,0.09769220279590173,0.08109626137284638,2.92852816064277,52164.372126084054
1019,18342,-2.0134567217115635,-1.907117599005435,0.14977071386525642,0.08134353396323014,2.9293564777821444,52191.85839258414
1020,18360,-2.0095149908566006,-1.8777221358080378,0.13875310228483456,0.08138972902645282,2.928120495556076,52215.593960125
1021,18378,-2.03681895263678,-1.9333521834888299,0.13463604855139555,0.08126507875290896,2.928176633964636,52238.836952500045
1022,18396,-2.0260993501805364,-1.9025714173121608,0.1554442610755445,0.08115978839925177,2.932347318131422,52261.63227962516
1023,18414,-2.0332298906666635,-1.9296741027227915,0.1419788362328353,0.08107111819097046,2.9326515990564586,52284.70145487506
1024,18432,-2.0525022695037944,-1.8366633101807714,0.2092817182682015,0.0811427218629288,2.9337562596571223,52309.46193287498
1025,18450,-2.022823576465025,-1.9086747619123925,0.13664322569773746,0.08121929186929924,2.9329334338922513,52335.98561195913
1026,18468,-2.0394295806652893,-1.9073989284432404,0.13815338244432504,0.08123264336758289,2.934227024999026,52364.416971417144
1027,18486,-2.014042102051339,-1.8763556629448073,0.17712581336377908,0.08109958916434486,2.9345643075518755,52394.95265175006
1028,18504,-2.025753254987422,-1.902323644481277,0.13649159078697648,0.08081336202205538,2.9350133458299146,52422.233932917006
1029,18522,-2.0254276975808967,-1.880163515548698,0.16230164080166076,0.0805237645419925,2.935336479717672,52445.83272266714
1030,18540,-2.0371949265206983,-1.965474796218742,0.04990603381529095,0.08033554213315686,2.9363491603237,52469.11447995901
1031,18558,-2.0291129430759742,-1.9069147386210321,0.13741904373719277,0.0801385447729486,2.9370535704255616,52492.10925129219
1032,18576,-2.0302050119991364,-1.9184471226833635,0.12731654484844676,0.079989263838681,2.9374320170854684,52515.10479529202
1033,18594,-2.0389002086557997,-1.9708635480091732,0.06385962152803186,0.07978175914924952,2.9373222239183847,52538.07190895919
1034,18612,-2.0245074355404933,-1.9242004086297146,0.12812508505183245,0.07974938668543773,2.9373083721211306,52561.282100459095
1035,18630,-2.0312827856669924,-1.8751761385540187,0.16648715759082497,0.07987333664764971,2.937490709721481,52584.39184425003
1036,18648,-2.0165756697894666,-1.9161727567978746,0.13538242543868012,0.07989133444329778,2.9373923724798408,52607.27464966709
1037,18666,-1.9948999184316203,-1.9580336450313187,0.04666461974318754,0.07992458221717415,2.937502253665692,52630.11669445899
1038,18684,-2.022200301883429,-1.9502055248181962,0.05995513655367588,0.07999637100382173,2.9379130575910932,52652.77717712498
1039,18702,-2.0253158993674356,-1.9456642353999338,0.10654736183335328,0.08003550708677819,2.937281948799032,52675.531568209175
1040,18720,-2.0229690112836947,-1.9406645845777386,0.06421756677288279,0.08024018376395023,2.9378312514991904,52698.3377704171
1041,18738,-2.0628694359111237,-1.8961691813309207,0.16681030711650383,0.08031320870370161,2.9375593866698098,52721.270542792045
1042,18756,-2.0388453126264587,-1.9098658642060984,0.14394977574576096,0.08047990298679339,2.9385260422569335,52744.56739579211
1043,18774,-2.0251355373323987,-1.985720833275378,0.03322910340952787,0.08073998954445868,2.9382532879081804,52767.608732584165
1044,18792,-2.024280158244172,-1.9627500598569094,0.052701593946238565,0.08101212687754276,2.9381609076425903,52790.87379195914
1045,18810,-2.0424047662350358,-1.937390534118542,0.08613520569933393,0.08120879496272929,2.9394620981240203,52814.221142042195
1046,18828,-2.080423390081366,-1.9474562097650217,0.113844406645405,0.08140426406879205,2.9396156957092443,52837.58020283398
1047,18846,-2.037136479353194,-1.9721828071846923,0.046994688283990074,0.08143160499945533,2.939900723135082,52860.34889229201
1048,18864,-2.031518910514454,-1.9297694781749344,0.10732827935857168,0.08138445140130765,2.9409878446346576,52883.08147258405
1049,18882,-2.039868918837548,-1.9417742028636187,0.11993337702888485,0.0814489843547137,2.942190984991139,52906.00266120909
1050,18900,-2.026165734724315,-1.9325155840454178,0.10702535565618965,0.08160301620300642,2.9425704145895506,52928.779909292
1051,18918,-2.031797206491064,-1.9432817409736538,0.11104681756201364,0.08153127744514505,2.94232552595657,52951.47234370909
1052,18936,-2.0198999109694125,-1.961960941872412,0.07507846977916624,0.08143050420310839,2.942833204594475,52974.398323584115
1053,18954,-2.02820458066675,-1.9329625398481391,0.10946737546562033,0.08119689962878428,2.9425514144707794,52997.27203320898
1054,18972,-2.041109223502061,-1.862475131243394,0.18951527545417585,0.08085842417961756,2.943869423687571,53020.36191820912
1055,18990,-2.0212356654817474,-1.9478530227513262,0.11228192627291615,0.08060824079212886,2.944067386356205,53043.43766770908
1056,19008,-2.103886594561197,-1.9149475528804523,0.16602017333872052,0.08005986880715624,2.9445344084421747,53066.69618229219
1057,19026,-2.0626532311119927,-1.9248481213562958,0.14535174986521376,0.07946792241591148,2.9419250114140625,53089.87152954214
1058,19044,-2.071622053795726,-1.9264879778895865,0.1346437320892802,0.07913862942564442,2.9430199193170243,53112.867355542025
1059,19062,-2.0189272143436368,-1.9482353413161186,0.06822874746636101,0.07882495263891003,2.94278832038261,53135.631204667035
1060,19080,-2.0512726673288473,-1.9703642672339268,0.05725806672724652,0.07850620896541449,2.9422539410634143,53158.67285679211
1061,19098,-2.02213195938186,-1.8841565194058927,0.15273399877462776,0.07827649389737536,2.9429361215744194,53181.465959917055
1062,19116,-2.038011157879928,-1.9376554214782895,0.1197928639206932,0.07803494621231158,2.9439689623944405,53204.389679542044
1063,19134,-2.024466930139039,-1.914470917550377,0.11234922918801364,0.07780762040004607,2.944805251862128,53227.45971595915
1064,19152,-2.041598278722253,-1.9288190832967023,0.13533270009396256,0.07766696055978248,2.9444523971050747,53250.52691629203
1065,19170,-2.0285435870255397,-1.8962671925742858,0.16872544549775456,0.07744676716014832,2.9452314092592804,53278.5126342501
1066,19188,-2.009692429900616,-1.8447541699671162,0.16844432066635195,0.07733601980324392,2.945258044405927,53303.01960933418
1067,19206,-2.0334141211775103,-1.9121033631691853,0.1412858471714498,0.07713049146435198,2.9460085992499234,53326.40055008419
1068,19224,-2.021735057372559,-1.9009428676582176,0.15903764792468095,0.07704663506057118,2.9471364200728987,53350.01195237506
1069,19242,-2.0095188384458385,-1.8682309664851884,0.14987611955389218,0.0771116141416444,2.9479853091161763,53372.71319729206
1070,19260,-2.0293233729097504,-1.9101306452460294,0.13283049761045812,0.0770902740025361,2.948829889253385,53396.17540675006
1071,19278,-2.0681275967579187,-1.9218075795648728,0.1214344358440765,0.07719059677921032,2.948916937555576,53419.16267066705
1072,19296,-2.0696685183437387,-1.8150911586242724,0.1713185074112716,0.07721497893868173,2.949812801035287,53442.41673950013
1073,19314,-2.016971716781649,-1.8573254929895977,0.16164426397291898,0.07731375105051545,2.9509474297502383,53465.19322695909
1074,19332,-2.000033288625557,-1.8621776491564708,0.1567079471276448,0.07741637202597294,2.950614216153185,53488.10668275016
1075,19350,-2.040420319397474,-1.9330367387172178,0.11139554135867719,0.07756683819843137,2.951481786674126,53512.22354620905
1076,19368,-2.020698847223084,-1.9071165202728757,0.1405441541103121,0.07782859546427218,2.95249072349086,53538.806268000044
1077,19386,-2.0363647998366385,-1.8790206105442617,0.15410039215988097,0.07805855310391058,2.952375255904003,53562.694064000156
1078,19404,-2.0132108789369307,-1.9003840430185757,0.11399387941663654,0.07829748576114166,2.952726502090164,53585.46539008408
1079,19422,-2.0246880562511773,-1.881425189505377,0.1318418923256808,0.0784597234447468,2.9543674195719203,53608.163899000036
1080,19440,-2.027316519456136,-1.9220565757478911,0.10343390683454966,0.07857644926174152,2.9562795428977062,53631.336807750165
1081,19458,-2.0021756952627805,-1.9176570796115275,0.0742023303076694,0.07858797225158096,2.9590892708750696,53653.946280209115
1082,19476,-2.0190716546396454,-1.896784458518164,0.09666049307250905,0.0784153092921931,2.960766069915966,53676.960036709206
1083,19494,-2.00907742084048,-1.8800628824144876,0.14886598246800872,0.07830128718905703,2.9613753985484053,53699.73958216701
1084,19512,-2.030087031142672,-1.9229465527597784,0.11227447517995313,0.07823943943399,2.9617425952332437,53722.1698902091
1085,19530,-2.0338330798415285,-1.9192991488215938,0.10913661966746194,0.07823118307915765,2.9628357501996634,53745.06701354217
1086,19548,-2.0901873238710893,-1.930814048902602,0.11110584260157763,0.07818026831930257,2.9631030991129776,53767.76276137517
1087,19566,-2.0345174079641772,-1.8617900588880119,0.18456840450849787,0.07817157910610013,2.9637051795920017,53790.55415112502
1088,19584,-2.0426668652195423,-1.9038035300231009,0.1527101217706568,0.07817928306194372,2.9646865504566815,53813.59843204217
1089,19602,-2.0375369341270155,-1.8901116434545722,0.11658504673327155,0.07830033706080568,2.965415567473843,53837.01630625012
1090,19620,-2.0365780389715793,-1.9109761543842216,0.1084974161148397,0.07838511983732616,2.9665302950939414,53859.41794512514
1091,19638,-2.043095906680673,-1.9202173130838291,0.10557576824441006,0.07850700152190938,2.9673309867501,53882.26155145909
1092,19656,-2.023946912750441,-1.9221625494179821,0.10995781979975726,0.0784873006028551,2.9687870370104803,53905.26336870901
1093,19674,-2.024449558293181,-1.8746861438432196,0.15282854654386524,0.0783460390763981,2.970776953087933,53930.14194233413
1094,19692,-2.0232061779336794,-1.8335178631737168,0.17628291159175902,0.07814667381681403,2.971281816031528,53953.17709737504
1095,19710,-2.0244312916178697,-1.8736476791013403,0.1756431780090174,0.07807745051241054,2.9735317300140753,53976.13088033418
1096,19728,-2.012948852604533,-1.9562376540443387,0.0516035607293464,0.07797578923874665,2.9747755264221225,53999.00907266699
1097,19746,-2.009007019356128,-1.8721925017990033,0.1509335513000066,0.07789755366316381,2.9744397521440877,54022.72222529212
1098,19764,-2.0123391720511488,-1.9628932431886592,0.04241445658915763,0.07781360879448299,2.975775165108881,54046.399081334006
1099,19782,-1.995636310588659,-1.9363106801084458,0.06521826730069412,0.07768252348134005,2.976838080240378,54069.55359899998
1100,19800,-2.0179584523703964,-1.9556653514978943,0.05267033390640354,0.07761146920832644,2.9787808630402273,54092.466433084104
1101,19818,-2.0241527533621846,-1.9092277628592538,0.12701407219070682,0.07748927028453229,2.9820936070518362,54115.716448625084
1102,19836,-2.019179258011941,-1.9626182359390474,0.06671984065826865,0.07749752958573744,2.9843010497977813,54138.86093287519
1103,19854,-2.0370129048966437,-1.8581353076865246,0.1617224759940033,0.07748264037208731,2.9862385892798664,54162.1204123341
1104,19872,-2.0134732812603873,-1.9457326461867968,0.10213208297489441,0.07728715812778766,2.9882309936637865,54186.18794112513
1105,19890,-2.076344663991066,-1.875409878071986,0.13776403264607562,0.07714704927894465,2.9901948590882985,54209.291740667075
1106,19908,-2.025253668827068,-1.9812611506350908,0.02213374571849501,0.07694905583658487,2.9915970740422138,54232.13985420903
1107,19926,-2.0047350299235576,-1.933714641478499,0.10153816844523834,0.07680721045492357,2.993700991459019,54255.13157895906
1108,19944,-2.0168632734845873,-1.9099982571277414,0.10562193947116903,0.07676106738682639,2.994884969040545,54278.44798475015
1109,19962,-2.0062868196617685,-1.9071346228091832,0.13308633241834056,0.07671706956075101,2.998809568017787,54308.75507175014
1110,19980,-2.0144767155446277,-1.911791767422641,0.11874025765442957,0.076692646753155,3.0002681834362965,54333.68764204206
1111,19998,-2.023019003654448,-1.897308196649435,0.1609791999272653,0.07687516822694235,3.0031478186471494,54358.508068958996
