condition,seed,generation,cumulative_evals,pop_best_fitness,pop_mean_fitness,pop_worst_fitness,pop_std_fitness,best_so_far
dynamic_constant,0,0,100,18.72736184954957,20.797298156446587,23.24400902933387,0.9663858374888888,18.72736184954957
dynamic_constant,0,1,200,15.489979919597747,20.05052685480081,34.75646599662505,2.3523900039976637,15.489979919597747
dynamic_constant,0,2,300,15.476819745345026,18.536043798362343,23.36619037896906,1.7437314795523433,15.476819745345026
dynamic_constant,0,3,400,15.066060555964672,17.39220838799475,27.843559577416272,1.66767265395592,15.066060555964672
dynamic_constant,0,4,500,14.781934729198172,16.64904871176122,18.39799919935936,0.7871317118686452,14.781934729198172
dynamic_constant,0,5,600,14.891164991562635,16.466348557280153,19.667815921162745,0.8679562895976242,14.781934729198172
dynamic_constant,0,6,700,14.239607805437114,16.152496099483926,17.888585061331156,0.6835970681482668,14.239607805437114
dynamic_constant,0,7,800,14.457342370508885,16.035638835984752,18.2,0.8201118695171651,14.239607805437114
dynamic_constant,0,8,900,14.430950643030009,15.808784708818157,18.12074368738204,0.7400995450312801,14.239607805437114
dynamic_constant,0,9,1000,14.322611077089286,15.89651329961458,18.417800560721073,0.8313623545384886,14.239607805437114
dynamic_constant,0,10,1100,14.449358868961793,15.775264221898064,18.142276586281547,0.7479582299629185,14.239607805437114
dynamic_constant,0,11,1200,14.253720459187964,15.773752684707654,17.819160170741757,0.7815983664690969,14.239607805437114
dynamic_constant,0,12,1300,14.077154105707724,15.713438698904783,17.953720459187963,0.8200692256066903,14.077154105707724
dynamic_constant,0,13,1400,14.14355957741627,15.877472765703114,21.077902338672775,1.2437191573206483,14.077154105707724
dynamic_constant,0,14,1500,14.009980079602226,15.871968506939309,19.11245154965971,0.8913328977012174,14.009980079602226
dynamic_constant,0,15,1600,14.08494332412792,15.794884806295126,18.9,0.9583895118909729,14.009980079602226
dynamic_constant,0,16,1700,13.792838827718413,15.721495115622062,20.41547594742265,1.0177226537141484,13.792838827718413
dynamic_constant,0,17,1800,13.891153452528776,15.713171217121417,20.00454076850486,0.9127118311410293,13.792838827718413
dynamic_constant,0,18,1900,14.033907960581372,15.757366868964313,19.109243436828812,0.9417766937766276,13.792838827718413
dynamic_constant,0,19,2000,14.31494416796099,15.917045511108784,18.0,0.8226406335380573,13.792838827718413
dynamic_constant,0,20,2100,14.105547008526779,16.02499037801671,21.588409872672514,1.1966269325869934,13.792838827718413
dynamic_constant,0,21,2200,14.470540018881465,15.871257709894458,19.96619037896906,0.9199734200332591,13.792838827718413
dynamic_constant,0,22,2300,14.214944167960988,15.893695230055934,18.93095064303001,0.8820546205909628,13.792838827718413
dynamic_constant,0,23,2400,14.020465053408525,15.848496311833188,18.976819745345026,0.8983409440042532,13.792838827718413
dynamic_constant,0,24,2500,14.020465053408525,15.784002300314217,21.95870331449229,1.0634316411754778,13.792838827718413
dynamic_constant,0,25,2600,13.981742422927145,15.824920582942289,18.717800560721074,0.9101862132469856,13.792838827718413
dynamic_constant,0,26,2700,13.814642819948224,15.82478247133375,18.792848008753786,0.7603713502762177,13.792838827718413
dynamic_constant,0,27,2800,13.814642819948224,15.811741014950146,18.56287388383278,0.8363836712682422,13.792838827718413
dynamic_constant,0,28,2900,13.814642819948224,15.742034138089725,17.888585061331156,0.9418054738192994,13.792838827718413
dynamic_constant,0,29,3000,13.693737745050923,15.625916144631717,20.428991560298222,1.006068588082488,13.693737745050923
dynamic_constant,0,30,3100,13.6,15.482059029571774,17.507135583350035,0.8592264956618227,13.6
dynamic_constant,0,31,3200,13.588409872672514,15.657585281807851,19.65657137141714,1.0048260288023725,13.588409872672514
dynamic_constant,0,32,3300,13.961324772583616,15.764965907381535,19.162049935181333,0.9571231589385407,13.588409872672514
dynamic_constant,0,33,3400,14.073644135332772,15.909653666825768,20.47156333832011,1.1147360748315416,13.588409872672514
dynamic_constant,0,34,3500,13.859591794226542,15.966614725209359,18.957066051117284,1.040394313209181,13.588409872672514
dynamic_constant,0,35,3600,13.673320053068151,15.729344403444365,18.816515138991168,0.9038704452913103,13.588409872672514
dynamic_constant,0,36,3700,14.207130750570547,15.582098042781574,19.112403840463596,0.8107620776286146,13.588409872672514
dynamic_constant,0,37,3800,13.768438714135812,15.799794643637968,19.142787793912433,1.0539493068224866,13.588409872672514
dynamic_constant,0,38,3900,14.030727575266251,15.750872433424313,18.60768096208106,0.9158706575950204,13.588409872672514
dynamic_constant,0,39,4000,13.581138830084189,15.620392769294822,18.339607805437115,0.9393528558802337,13.581138830084189
dynamic_constant,0,40,4100,13.967707825203131,15.870899155904556,23.22736184954957,1.5248329281409851,13.581138830084189
dynamic_constant,0,41,4200,13.467707825203131,15.714815629540055,18.81663120551323,1.0929544943585539,13.467707825203131
dynamic_constant,0,42,4300,13.467707825203131,15.826471468659799,21.448683298050515,1.3416067293517473,13.467707825203131
dynamic_constant,0,43,4400,14.0,15.632076920356063,19.285229954635273,0.902475158067759,13.467707825203131
dynamic_constant,0,44,4500,14.16770782520313,15.599331506993355,18.833630940518894,0.8496756665409577,13.467707825203131
dynamic_constant,0,45,4600,13.754065922853801,15.78294736888503,20.44935886896179,1.1195442761314833,13.467707825203131
dynamic_constant,0,46,4700,13.929705854077836,15.606807447123927,18.667815921162745,0.9251027549864524,13.467707825203131
dynamic_constant,0,47,4800,14.06287388383278,15.917223336452412,19.983239697419133,1.1134297646552878,13.467707825203131
dynamic_constant,0,48,4900,14.055294535724686,15.77838751298275,18.2,1.0428123346811953,13.467707825203131
dynamic_constant,0,49,5000,13.993737745050923,15.674460087431076,18.61245154965971,0.9147445572022341,13.467707825203131
dynamic_constant,0,50,5100,13.993737745050923,15.696640221778955,18.417935662402833,0.8908367946522989,13.467707825203131
dynamic_constant,1,0,100,18.456465996625056,20.880490305213378,23.971750305430742,1.0861954924259782,18.456465996625056
dynamic_constant,1,1,200,16.110589071449372,20.44125923192346,30.369535971483266,2.819791433083905,16.110589071449372
dynamic_constant,1,2,300,15.008304597359459,18.441227663092025,26.947213595499957,2.33618635829362,15.008304597359459
dynamic_constant,1,3,400,14.830950643030008,17.29917931716982,24.213552872566005,1.3956732958175941,14.830950643030008
dynamic_constant,1,4,500,14.06287388383278,16.819372945986537,22.099999999999998,1.2952624606647312,14.06287388383278
dynamic_constant,1,5,600,14.129705854077836,16.38249816291419,22.2,1.193151356761096,14.06287388383278
dynamic_constant,1,6,700,14.274596669241483,16.260418224369268,20.122611077089285,0.9216198274268257,14.06287388383278
dynamic_constant,1,7,800,14.274868417407584,16.51960618523648,20.400000000000002,1.2843304411141085,14.06287388383278
dynamic_constant,1,8,900,14.183266665599966,16.139718917735355,18.76023252670426,0.9409557395638213,14.06287388383278
dynamic_constant,1,9,1000,13.807878402833891,15.81115068232701,17.9886890422961,0.8346099998724433,13.807878402833891
dynamic_constant,1,10,1100,13.807878402833891,15.869026790631736,19.380624847486573,1.0624634248711287,13.807878402833891
dynamic_constant,1,11,1200,13.01657508881031,15.538345992776478,17.949666651850535,0.966807398832386,13.01657508881031
dynamic_constant,1,12,1300,13.896662954709576,15.684371587424556,18.862873883832776,1.0117304442787458,13.01657508881031
dynamic_constant,1,13,1400,13.477638883463117,15.829106639222118,20.16405499221705,1.20666411812827,13.01657508881031
dynamic_constant,1,14,1500,13.491153452528778,15.492866617953934,19.088409872672514,1.016899387509234,13.01657508881031
dynamic_constant,1,15,1600,13.593468988235944,15.37007115064414,18.158323293158116,0.9659338516077388,13.01657508881031
dynamic_constant,1,16,1700,13.6,15.266558026969346,20.172004514666934,1.072814477874701,13.01657508881031
dynamic_constant,1,17,1800,13.595445115010332,15.153269136093302,17.79283882771841,0.9261303637811233,13.01657508881031
dynamic_constant,1,18,1900,12.960232526704262,15.456464805395072,19.667815921162745,1.2898481710928045,12.960232526704262
dynamic_constant,1,19,2000,13.45472369909914,15.322865117671283,20.822497216032183,1.2294261702281475,12.960232526704262
dynamic_constant,1,20,2100,13.612403840463596,15.38804646427052,20.22736184954957,1.306131604544466,12.960232526704262
dynamic_constant,1,21,2200,13.669693845669906,15.315429111430365,21.06287388383278,1.0186513572115765,12.960232526704262
dynamic_constant,1,22,2300,13.70199920063936,15.41580269292817,23.06287388383278,1.269902272476809,12.960232526704262
dynamic_constant,1,23,2400,13.70199920063936,15.462537657594558,20.183095189484533,1.1040661314988154,12.960232526704262
dynamic_constant,1,24,2500,13.669693845669906,15.40314034604439,18.56953597148327,0.9655014285193968,12.960232526704262
dynamic_constant,1,25,2600,13.679075450674064,15.37313374176099,19.264911064067352,1.0332473490469414,12.960232526704262
dynamic_constant,1,26,2700,13.449444375840399,15.616902310401265,20.8,1.1951279777137078,12.960232526704262
dynamic_constant,1,27,2800,13.274596669241483,15.389846412730027,18.1431676725155,0.8692766370267958,12.960232526704262
dynamic_constant,1,28,2900,13.449444375840399,15.38539472479275,20.1431676725155,1.0252366981731103,12.960232526704262
dynamic_constant,1,29,3000,13.9,15.527952465885239,19.049666651850536,1.0525737658078107,12.960232526704262
dynamic_constant,1,30,3100,13.760681686165901,15.47227935657206,21.27488738510232,1.1909178416079242,12.960232526704262
dynamic_constant,1,31,3200,13.927105745132009,15.653795227669818,20.672004514666934,1.1921172668459026,12.960232526704262
dynamic_constant,1,32,3300,13.928991560298224,15.728418502862244,20.012403840463595,1.1077129071245453,12.960232526704262
dynamic_constant,1,33,3400,13.51657508881031,15.520918748793912,18.52664991614216,0.9484712797773672,12.960232526704262
dynamic_constant,1,34,3500,13.66770782520313,15.463377411158296,18.51657508881031,0.9056822608417173,12.960232526704262
dynamic_constant,1,35,3600,13.66770782520313,15.40017997872352,19.171779788708136,1.0724248684627509,12.960232526704262
dynamic_constant,1,36,3700,13.372004514666935,15.472577498385064,20.0,1.1492248232391205,12.960232526704262
dynamic_constant,1,37,3800,13.559591794226542,15.362113335951507,18.816590212458493,1.0436374773746713,12.960232526704262
dynamic_constant,1,38,3900,13.368438714135813,15.377786304259866,19.007878402833892,1.0960764630948636,12.960232526704262
dynamic_constant,1,39,4000,13.368438714135813,15.087680133141841,17.869535971483266,0.8927392524175918,12.960232526704262
dynamic_constant,1,40,4100,12.948331477354788,15.199716204118534,18.453720459187966,0.9572453270090382,12.948331477354788
dynamic_constant,1,41,4200,13.127361849549569,15.02719493776121,17.53938769133981,0.8736445829553123,12.948331477354788
dynamic_constant,1,42,4300,13.391153452528776,15.242463138834188,17.822497216032183,0.9322618044431091,12.948331477354788
dynamic_constant,1,43,4400,13.256465996625053,15.382596054345662,21.640967364599085,1.1136228785519393,12.948331477354788
dynamic_constant,1,44,4500,13.739071942966532,15.55274393882384,20.146536616149582,1.2033154260876018,12.948331477354788
dynamic_constant,1,45,4600,13.755294535724685,15.250256720195399,19.8295630140987,1.1079940155758516,12.948331477354788
dynamic_constant,1,46,4700,13.839607805437115,15.359756824444792,20.571779788708135,1.2034206280411466,12.948331477354788
dynamic_constant,1,47,4800,13.683215956619923,15.308599681115108,19.612403840463596,1.0591862284298592,12.948331477354788
dynamic_constant,1,48,4900,13.830950643030008,15.176584415280981,22.253720459187964,1.0992774679395603,12.948331477354788
dynamic_constant,1,49,5000,13.462049935181332,15.23917721951775,21.62664991614216,1.1683430317894525,12.948331477354788
dynamic_constant,1,50,5100,13.71084400165827,15.315330137985997,21.01651513899117,1.0897517222720738,12.948331477354788
dynamic_constant,2,0,100,18.83390796058137,20.629203275222288,22.56767050061961,0.8444515027963536,18.83390796058137
dynamic_constant,2,1,200,15.856349099818896,20.24642465688105,30.99373774505092,2.496884141488348,15.856349099818896
dynamic_constant,2,2,300,15.341640786499873,18.988937881140355,30.967707825203128,2.4350152481984852,15.341640786499873
dynamic_constant,2,3,400,14.908304597359457,17.435199324405133,22.23205080756888,1.3643154064770058,14.908304597359457
dynamic_constant,2,4,500,14.777032961426901,16.61011685144483,20.610589071449372,0.8274164595723908,14.777032961426901
dynamic_constant,2,5,600,14.608607914449797,16.396449034938026,19.256465996625053,0.7936862362110779,14.608607914449797
dynamic_constant,2,6,700,14.838181191654582,16.26794998590429,20.555294535724684,0.9926229762616667,14.608607914449797
dynamic_constant,2,7,800,14.410844001658269,16.478469132407593,20.13318042491699,1.1398186044994918,14.410844001658269
dynamic_constant,2,8,900,15.016515138991167,16.325367871102763,19.92756668824971,0.9411593091527323,14.410844001658269
dynamic_constant,2,9,1000,14.708607914449798,16.740266162985666,23.908304597359457,1.4890942896747543,14.410844001658269
dynamic_constant,2,10,1100,14.423243291566195,16.152282283047317,19.488689042296098,0.8222375822914602,14.410844001658269
dynamic_constant,2,11,1200,14.377902338672774,16.24520566768409,20.59666295470958,1.0606133601169525,14.377902338672774
dynamic_constant,2,12,1300,13.949444375840399,15.924691254730908,18.78193472919817,0.8610137869161081,13.949444375840399
dynamic_constant,2,13,1400,14.1131126469709,15.755666374311351,18.491454509095757,0.8085018538110018,13.949444375840399
dynamic_constant,2,14,1500,14.005547008526777,15.664275811433269,18.988409872672513,0.8239396498491547,13.949444375840399
dynamic_constant,2,15,1600,14.005547008526777,15.840201113936653,18.82099463490856,0.9147037059963596,13.949444375840399
dynamic_constant,2,16,1700,14.037211521390788,15.676170288285427,18.455277766926237,0.8325534780137469,13.949444375840399
dynamic_constant,2,17,1800,13.840967364599084,15.468272779183637,17.440588203494176,0.8211892019139332,13.840967364599084
dynamic_constant,2,18,1900,13.70185121722126,15.313909500254361,19.341640786499873,0.8235985585160288,13.70185121722126
dynamic_constant,2,19,2000,13.88494332412792,15.396437255822145,19.672004514666934,1.0122226963966576,13.70185121722126
dynamic_constant,2,20,2100,13.88910462845192,15.35508288825717,21.05758369027902,1.1252708494824977,13.70185121722126
dynamic_constant,2,21,2200,13.597617696340304,15.264530421145633,17.65796522451032,0.7970149434718725,13.597617696340304
dynamic_constant,2,22,2300,13.597617696340304,15.310228789075593,18.655277766926236,0.8610730447186975,13.597617696340304
dynamic_constant,2,23,2400,13.840967364599086,15.129323727803563,18.093468988235944,0.7386523605974328,13.597617696340304
dynamic_constant,2,24,2500,13.833907960581373,15.126729507712357,18.64355957741627,0.8919782333541838,13.597617696340304
dynamic_constant,2,25,2600,13.549285568453591,15.01612601331968,17.77488738510232,0.7126574330627398,13.549285568453591
dynamic_constant,2,26,2700,13.549285568453591,15.102327522229011,17.870828693386972,0.8111696677053526,13.549285568453591
dynamic_constant,2,27,2800,13.44928556845359,15.048410007315331,17.76468827043885,0.8005214556317402,13.44928556845359
dynamic_constant,2,28,2900,13.063818169698585,15.014605636384333,17.760681686165903,0.7805117782952511,13.063818169698585
dynamic_constant,2,29,3000,12.799999999999999,14.95116462171833,18.021347195933174,0.9426262714470263,12.799999999999999
dynamic_constant,2,30,3100,13.140175425099137,14.853029447228078,17.025863986500212,0.8263743150285827,12.799999999999999
dynamic_constant,2,31,3200,13.096662954709576,14.955479040224045,18.669693845669904,0.9495312154340363,12.799999999999999
dynamic_constant,2,32,3300,13.169693845669906,14.862745411817947,17.73622914957372,0.8927146437948531,12.799999999999999
dynamic_constant,2,33,3400,13.569535971483266,15.099685532611225,18.339607805437115,0.9778796219171128,12.799999999999999
dynamic_constant,2,34,3500,13.449137674618944,15.244493066553979,18.76468827043885,1.0499805358538428,12.799999999999999
dynamic_constant,2,35,3600,13.269693845669908,15.215955286310896,17.4,0.8808132229285431,12.799999999999999
dynamic_constant,2,36,3700,13.140175425099137,15.262938237722615,20.38910462845192,1.1565040651066703,12.799999999999999
dynamic_constant,2,37,3800,13.269693845669908,15.17266812770191,18.257583690279024,0.933257185509466,12.799999999999999
dynamic_constant,2,38,3900,13.069535971483266,15.162087035914702,17.840967364599088,1.0347053712432481,12.799999999999999
dynamic_constant,2,39,4000,12.967707825203131,15.107537866491297,17.72736184954957,0.9522131850946283,12.799999999999999
dynamic_constant,2,40,4100,13.493737745050923,15.064342318861177,19.70332963783729,0.9260639122238981,12.799999999999999
dynamic_constant,2,41,4200,13.672004514666936,15.345953821485946,19.20332963783729,1.1289860014710635,12.799999999999999
dynamic_constant,2,42,4300,13.563818169698585,15.288463656005359,19.419803902718556,1.0116919636736292,12.799999999999999
dynamic_constant,2,43,4400,13.4,15.135469150194654,17.942276586281547,0.89180764860502,12.799999999999999
dynamic_constant,2,44,4500,13.456465996625052,15.313260242973188,20.18062484748657,1.1227214900264482,12.799999999999999
dynamic_constant,2,45,4600,12.919803902718558,15.100123586202479,18.173592452822643,0.9247877955973136,12.799999999999999
dynamic_constant,2,46,4700,13.47484176581315,15.1116881107639,18.400000000000002,0.9000272761758413,12.799999999999999
dynamic_constant,2,47,4800,13.4,15.133081755938782,18.08113883008419,0.8978625563867291,12.799999999999999
dynamic_constant,2,48,4900,13.460232526704262,15.197995513521557,18.597617696340304,1.0600885338806105,12.799999999999999
dynamic_constant,2,49,5000,13.44928556845359,15.323292771170527,20.414213562373096,1.2405145558383492,12.799999999999999
dynamic_constant,2,50,5100,13.069535971483266,15.019888072718087,18.515339366124405,0.9991937156728044,12.799999999999999
dynamic_constant,3,0,100,18.2,20.787144770048453,22.77488738510232,0.9792709373670397,18.2
dynamic_constant,3,1,200,15.942276586281547,20.499217952492558,32.4,3.315211927517018,15.942276586281547
dynamic_constant,3,2,300,15.606750598570128,18.00849987934035,24.336660026534076,1.8702083755124783,15.606750598570128
dynamic_constant,3,3,400,15.018695387886217,16.81057680780333,21.207567081708245,1.0193087600287405,15.018695387886217
dynamic_constant,3,4,500,14.96693988153255,16.524577154611805,18.467670500619608,0.699086575274184,14.96693988153255
dynamic_constant,3,5,600,14.9649655434629,16.68390732610318,19.860051813123757,0.961513665758589,14.9649655434629
dynamic_constant,3,6,700,14.9649655434629,16.334813981178808,19.0563490998189,0.7614785580249677,14.9649655434629
dynamic_constant,3,7,800,14.87571129984594,16.224775304801987,18.895943722515266,0.7954525522681039,14.87571129984594
dynamic_constant,3,8,900,14.555430508634199,16.22051345809426,18.148008498577177,0.803083133032441,14.555430508634199
dynamic_constant,3,9,1000,14.13469899493758,16.129926484907553,18.373670062235366,0.8330566864550367,14.13469899493758
dynamic_constant,3,10,1100,14.487475490101847,16.26481073459994,21.345207879911715,1.1434299837646877,14.13469899493758
dynamic_constant,3,11,1200,14.487475490101847,15.997708286317247,18.8559467676119,0.9084613122978106,14.13469899493758
dynamic_constant,3,12,1300,14.182085548648711,15.991540303565632,19.782306905057553,1.0136705297762099,14.13469899493758
dynamic_constant,3,13,1400,14.093468988235944,15.975412004984781,21.408304597359457,1.1753151365516359,14.093468988235944
dynamic_constant,3,14,1500,14.159126028197399,16.145612796834016,21.020897306865447,1.157477606742166,14.093468988235944
dynamic_constant,3,15,1600,14.214944167960988,16.206132627107873,20.409975124224175,1.1414785794135942,14.093468988235944
dynamic_constant,3,16,1700,14.220294101747088,15.900951569774673,20.768595903550974,1.0523056486919031,14.093468988235944
dynamic_constant,3,17,1800,14.311871208194287,15.871980988839333,19.897999199359358,1.0159156964550728,14.093468988235944
dynamic_constant,3,18,1900,13.87581763205193,15.789567205083472,19.72827037646145,1.014133879011143,13.87581763205193
dynamic_constant,3,19,2000,13.845906043549196,15.764912260853515,20.22491379207837,1.0425285319526423,13.845906043549196
dynamic_constant,3,20,2100,13.720743687382042,15.553786093914061,17.888585061331156,0.903462264998927,13.720743687382042
dynamic_constant,3,21,2200,13.713594362117865,15.173524408310083,18.284902544988267,0.828987461368889,13.713594362117865
dynamic_constant,3,22,2300,13.700000000000001,15.034219457877617,16.919349550499536,0.7854626664621627,13.700000000000001
dynamic_constant,3,23,2400,13.239607805437114,14.946597257170016,17.223532661682466,0.7759220590607828,13.239607805437114
dynamic_constant,3,24,2500,12.866190378969058,14.87888307530859,18.088409872672514,0.8901466364859139,12.866190378969058
dynamic_constant,3,25,2600,12.841640786499873,14.743629350187796,16.80384048104053,0.8124994026167499,12.841640786499873
dynamic_constant,3,26,2700,13.01657508881031,14.933698583635655,18.346536616149585,0.906748713343688,12.841640786499873
dynamic_constant,3,27,2800,13.01657508881031,14.791080401023201,17.004834939252007,0.8135648443581937,12.841640786499873
dynamic_constant,3,28,2900,13.01657508881031,15.135998319379517,19.394427190999917,1.0304988764802736,12.841640786499873
dynamic_constant,3,29,3000,13.232050807568877,14.932182609343664,18.227566688249706,0.9395705389290273,12.841640786499873
dynamic_constant,3,30,3100,12.866190378969058,15.057941585300302,18.187119154832537,0.9839538277790645,12.841640786499873
dynamic_constant,3,31,3200,13.303329637837292,15.073431284225965,18.369535971483266,0.9458128985033697,12.841640786499873
dynamic_constant,3,32,3300,13.169693845669906,14.775284161983034,17.30384048104053,0.7966302224395263,12.841640786499873
dynamic_constant,3,33,3400,13.02828568570857,14.821446497832074,16.833630940518894,0.7865491744919976,12.841640786499873
dynamic_constant,3,34,3500,12.992838827718412,14.816406713456736,20.159126028197402,0.9098634055194819,12.841640786499873
dynamic_constant,3,35,3600,13.1,15.049919543095129,18.140967364599085,0.9119703766667745,12.841640786499873
dynamic_constant,3,36,3700,13.1,15.113336736930695,18.41386219991853,1.0307329904058824,12.841640786499873
dynamic_constant,3,37,3800,13.1,15.004374518651252,18.640175425099137,0.951275088176289,12.841640786499873
dynamic_constant,3,38,3900,12.840967364599086,15.103118612391052,19.049509756796393,1.0810359080251193,12.840967364599086
dynamic_constant,3,39,4000,12.983239697419133,15.008329155542722,19.577902338672775,1.0893081680180376,12.840967364599086
dynamic_constant,3,40,4100,13.227566688249707,14.858187215803405,17.1254441424099,0.8397907969595677,12.840967364599086
dynamic_constant,3,41,4200,13.227566688249707,15.003336799311285,18.109243436828812,0.9621784752309241,12.840967364599086
dynamic_constant,3,42,4300,13.06287388383278,14.874853983404341,18.891153452528776,1.0909234241618488,12.840967364599086
dynamic_constant,3,43,4400,13.114642819948225,15.025348728436036,19.213552872566005,1.1805542593931275,12.840967364599086
dynamic_constant,3,44,4500,13.114642819948225,15.173308057105864,19.8,1.2530311731570822,12.840967364599086
dynamic_constant,3,45,4600,13.162049935181331,14.914651280487995,18.322497216032183,0.9363437620021857,12.840967364599086
dynamic_constant,3,46,4700,13.085229954635272,14.869566476748322,16.676871642217915,0.8868217290735699,12.840967364599086
dynamic_constant,3,47,4800,13.397366596101028,15.00450842147478,18.336660026534076,1.0180481628496378,12.840967364599086
dynamic_constant,3,48,4900,13.340967364599086,14.927765664581738,18.758317958127243,1.0338296615591085,12.840967364599086
dynamic_constant,3,49,5000,13.397366596101028,14.837758668587123,17.10881590977792,0.8024614126938481,12.840967364599086
dynamic_constant,3,50,5100,13.560107523773826,14.831475639700137,18.949576240750524,0.8825237193299493,12.840967364599086
dynamic_constant,4,0,100,17.880624847486573,20.62285607058501,23.482306905057555,0.9788764107966168,17.880624847486573
dynamic_constant,4,1,200,16.057583690279024,20.231452688451785,35.44833147735479,3.101912258886505,16.057583690279024
dynamic_constant,4,2,300,15.263976744055029,18.394870170744937,25.98309518948453,2.0705147395034396,15.263976744055029
dynamic_constant,4,3,400,15.174021572639983,17.47523200315901,22.533907960581374,1.2001085563508893,15.174021572639983
dynamic_constant,4,4,500,14.917935662402835,16.83212553443897,20.32767142944341,0.8890544038917074,14.917935662402835
dynamic_constant,4,5,600,14.891924966748062,16.52195044522326,20.270540018881462,1.0202342855324125,14.891924966748062
dynamic_constant,4,6,700,14.423538406167134,16.199801992752224,20.781488772222676,0.8197158195941775,14.423538406167134
dynamic_constant,4,7,800,14.785229954635271,16.246319714763512,21.54093010681705,0.91563929642243,14.423538406167134
dynamic_constant,4,8,900,14.241653005427766,16.202167413156232,21.63527000944073,1.1159686617941875,14.241653005427766
dynamic_constant,4,9,1000,14.556349099818895,16.20501962930208,20.197221149720992,0.9596570200396874,14.241653005427766
dynamic_constant,4,10,1100,14.457066051117286,16.198820933847017,20.341640786499873,1.1106900340766925,14.241653005427766
dynamic_constant,4,11,1200,14.38425027803687,16.08621117279938,18.129705854077837,0.8393417896184362,14.241653005427766
dynamic_constant,4,12,1300,14.345906043549196,15.87418560154432,22.09072480941474,1.0819428646792975,14.241653005427766
dynamic_constant,4,13,1400,13.63901391331568,15.754008344842186,18.190890230020663,0.7903802407559867,13.63901391331568
dynamic_constant,4,14,1500,13.756809750418045,15.734683543674366,19.07402157263998,0.8243809767235708,13.63901391331568
dynamic_constant,4,15,1600,13.756809750418045,15.670124948019058,19.87571129984594,0.9378134730814809,13.63901391331568
dynamic_constant,4,16,1700,13.756809750418045,15.509616303600389,17.565775990588612,0.7842512547285171,13.63901391331568
dynamic_constant,4,17,1800,13.756809750418045,15.397645421591811,17.80142828000232,0.7833927450304276,13.63901391331568
dynamic_constant,4,18,1900,13.938181191654584,15.371534196252338,17.77967389859482,0.759868805474966,13.63901391331568
dynamic_constant,4,19,2000,13.989979919597747,15.251195770789325,16.812771730569565,0.592197955148242,13.63901391331568
dynamic_constant,4,20,2100,13.89799919935936,15.25314925481362,17.53315017762062,0.7390379830079614,13.63901391331568
dynamic_constant,4,21,2200,13.622611077089287,15.135010623304229,17.01058907144937,0.7131777505808213,13.622611077089287
dynamic_constant,4,22,2300,13.622611077089287,15.146106790979719,17.19373774505092,0.72792834849821,13.622611077089287
dynamic_constant,4,23,2400,13.622611077089287,15.219882691033144,17.72264954516723,0.7478787682474071,13.622611077089287
dynamic_constant,4,24,2500,13.554065922853802,15.161438605324639,17.63901391331568,0.8537268107262077,13.554065922853802
dynamic_constant,4,25,2600,13.530727575266251,15.091311795512498,17.660319135392633,0.792792364432876,13.530727575266251
dynamic_constant,4,26,2700,13.50454076850486,15.075170820305482,18.91084400165827,0.922421800993468,13.50454076850486
dynamic_constant,4,27,2800,13.449137674618944,15.124958776726842,16.81567916624939,0.7216224336758746,13.449137674618944
dynamic_constant,4,28,2900,13.449137674618944,15.067472741571459,17.02710574513201,0.7709688886020565,13.449137674618944
dynamic_constant,4,29,3000,13.343908891458577,14.967475231213452,16.757271787481876,0.6899858228220171,13.343908891458577
dynamic_constant,4,30,3100,13.417935662402835,15.13497749950089,18.35808937493144,0.9210275790810439,13.343908891458577
dynamic_constant,4,31,3200,13.68997487421324,15.178213387776252,17.777154105707723,0.8333511108815888,13.343908891458577
dynamic_constant,4,32,3300,13.596662954709576,15.052625253513238,16.995943722515268,0.7372478577363065,13.343908891458577
dynamic_constant,4,33,3400,13.524845673131658,15.12750898613514,16.86356421265527,0.645686807175917,13.343908891458577
dynamic_constant,4,34,3500,13.493737745050923,15.035437281841586,16.72795348811006,0.6802375963120172,13.343908891458577
dynamic_constant,4,35,3600,13.219090595827293,15.186763910007405,17.28608421540822,0.6999010857166059,13.219090595827293
dynamic_constant,4,36,3700,13.013552872566004,15.214377782483124,18.93130005674953,0.904324147414554,13.013552872566004
dynamic_constant,4,37,3800,13.013552872566004,15.21772315695462,18.59799919935936,1.0323534856274148,13.013552872566004
dynamic_constant,4,38,3900,13.063818169698585,14.999501682517316,17.332493928760186,0.8616740189554124,13.013552872566004
dynamic_constant,4,39,4000,13.492838827718412,14.93108779169118,17.483266665599967,0.7031513188683306,13.013552872566004
dynamic_constant,4,40,4100,13.314642819948224,14.891451958809277,17.983266665599967,0.8317983452590872,13.013552872566004
dynamic_constant,4,41,4200,13.476819745345026,14.851507841898588,17.314944167960988,0.8458455512910371,13.013552872566004
dynamic_constant,4,42,4300,13.316515138991168,14.836185776538255,17.58494332412792,0.8287528315855626,13.013552872566004
dynamic_constant,4,43,4400,13.200000000000001,14.939277395435324,17.049193338482965,0.8450227049138193,13.013552872566004
dynamic_constant,4,44,4500,13.200000000000001,14.800555316383093,18.159126028197402,0.7507027380666635,13.013552872566004
dynamic_constant,4,45,4600,13.140175425099137,14.88414606882445,17.844994432064365,0.9102886520861543,13.013552872566004
dynamic_constant,4,46,4700,13.140175425099137,14.754135711704137,16.38494332412792,0.8297312371570136,13.013552872566004
dynamic_constant,4,47,4800,13.0,14.74200121926293,17.091659420284376,0.838167892691937,13.0
dynamic_constant,4,48,4900,12.98309518948453,14.630352642496744,17.476819745345026,0.7106888648830413,12.98309518948453
dynamic_constant,4,49,5000,12.589897948556635,14.711451557395863,17.672458299147443,0.9142177071337536,12.589897948556635
dynamic_constant,4,50,5100,13.213552872566003,14.794283314754955,17.441428291206627,0.746439931230247,12.589897948556635
dynamic_constant,5,0,100,18.491153452528778,20.749639518491986,22.781934729198174,1.02155017131288,18.491153452528778
dynamic_constant,5,1,200,15.690890230020663,20.54296914214085,32.048808848170154,3.1567995520568575,15.690890230020663
dynamic_constant,5,2,300,14.41547594742265,18.335843190143056,31.68062484748657,2.176403496758646,14.41547594742265
dynamic_constant,5,3,400,14.41547594742265,17.172311285204476,19.93469899493758,0.8771463755330852,14.41547594742265
dynamic_constant,5,4,500,14.457066051117286,16.98083693428365,21.1431676725155,1.0897797394754705,14.41547594742265
dynamic_constant,5,5,600,14.302172886644268,16.50600902149015,18.91152144312159,0.9534189206110609,14.302172886644268
dynamic_constant,5,6,700,14.319160170741759,16.196390450100875,19.846640106136302,1.103727507018878,14.302172886644268
dynamic_constant,5,7,800,14.263976744055029,15.837725248894918,18.58446194559183,0.9333344872250716,14.263976744055029
dynamic_constant,5,8,900,14.057641145488901,15.790049377062498,20.18910462845192,1.0172579032079303,14.057641145488901
dynamic_constant,5,9,1000,14.259411708155671,15.610486306572081,20.029822128134704,1.0482332011968951,14.057641145488901
dynamic_constant,5,10,1100,13.867156809750927,15.536831538430308,20.054065922853802,0.9625771067537034,13.867156809750927
dynamic_constant,5,11,1200,13.714944167960988,15.68000394255916,19.167156809750924,1.0515572964106665,13.714944167960988
dynamic_constant,5,12,1300,13.456465996625052,15.497996962220821,18.46619037896906,0.9351138427346597,13.456465996625052
dynamic_constant,5,13,1400,13.36619037896906,15.534993750391328,20.054065922853802,1.0716464270365351,13.36619037896906
dynamic_constant,5,14,1500,14.033907960581372,15.54463470871098,18.760681686165903,1.0402324614757537,13.36619037896906
dynamic_constant,5,15,1600,13.868438714135813,15.387375345398516,17.908304597359457,0.8563744127305685,13.36619037896906
dynamic_constant,5,16,1700,14.01657508881031,15.578737330356267,19.710844001658266,1.068169629240639,13.36619037896906
dynamic_constant,5,17,1800,14.0494443758404,15.410713015893215,19.867156809750927,0.8567004094364256,13.36619037896906
dynamic_constant,5,18,1900,13.866431913239847,15.472246842794886,18.781934729198174,0.9311675238846804,13.36619037896906
dynamic_constant,5,19,2000,13.488409872672513,15.434640649210433,18.949444375840397,1.0433875254818554,13.36619037896906
dynamic_constant,5,20,2100,13.361324772583615,15.355817939623241,18.827636339397174,0.9593305007090674,13.361324772583615
dynamic_constant,5,21,2200,13.614642819948225,15.737315727409078,20.483266665599963,1.1590012856979441,13.361324772583615
dynamic_constant,5,22,2300,13.555294535724686,15.609479773468777,20.466479394838267,0.9557772429797465,13.361324772583615
dynamic_constant,5,23,2400,14.005547008526777,15.373327234149256,16.939635614091387,0.7046293240321766,13.361324772583615
dynamic_constant,5,24,2500,13.64355957741627,15.413467997398811,17.79150262212918,0.8925763960989119,13.361324772583615
dynamic_constant,5,25,2600,13.673320053068151,15.542352501112052,22.49582971014219,1.2615483817967241,13.361324772583615
dynamic_constant,5,26,2700,13.6,15.472731063042461,20.394438717061494,1.0668448752409811,13.361324772583615
dynamic_constant,5,27,2800,13.6,15.637254268723904,19.729563014098698,1.1198285593767496,13.361324772583615
dynamic_constant,5,28,2900,13.663818169698587,15.458528261743336,18.891153452528776,0.9789468331868336,13.361324772583615
dynamic_constant,5,29,3000,14.055294535724686,15.503118971059903,19.491153452528778,1.0640002102037835,13.361324772583615
dynamic_constant,5,30,3100,13.995829710142187,15.633128136803544,21.060107523773826,1.181078749901278,13.361324772583615
dynamic_constant,5,31,3200,14.0494443758404,15.620542027179322,20.830950643030008,1.2187253515685534,13.361324772583615
dynamic_constant,5,32,3300,13.97484176581315,15.636235762574993,18.80787840283389,0.9612093355721045,13.361324772583615
dynamic_constant,5,33,3400,13.547722557505166,15.551228723639868,21.123243291566197,1.1982584700872234,13.361324772583615
dynamic_constant,5,34,3500,13.547722557505166,15.475547055271413,18.229563014098698,0.9764086931410455,13.361324772583615
dynamic_constant,5,35,3600,13.690890230020663,15.628627338214457,18.814642819948226,1.0357739226787026,13.361324772583615
dynamic_constant,5,36,3700,13.069535971483266,15.494501453742854,18.99582971014219,1.1353271502773337,13.069535971483266
dynamic_constant,5,37,3800,13.06332495807108,15.605659590203945,19.12736184954957,1.2703625867197186,13.06332495807108
dynamic_constant,5,38,3900,13.260232526704263,15.505745985559779,19.843559577416272,1.1490127959510394,13.06332495807108
dynamic_constant,5,39,4000,12.799999999999999,15.457979116130504,21.330950643030008,1.3330136007682016,12.799999999999999
dynamic_constant,5,40,4100,13.448999599679679,15.406942478736003,19.761706725018236,1.2920824373268764,12.799999999999999
dynamic_constant,5,41,4200,12.836660026534076,15.349284537659871,20.99373774505092,1.2533820194623917,12.799999999999999
dynamic_constant,5,42,4300,12.836660026534076,15.086202198284687,19.134846922834953,1.1527078811995548,12.799999999999999
dynamic_constant,5,43,4400,12.967707825203131,15.160919609591565,18.62664991614216,1.1572617111343242,12.799999999999999
dynamic_constant,5,44,4500,13.329563014098701,15.181718488280426,21.071779788708135,1.2842242096196375,12.799999999999999
dynamic_constant,5,45,4600,13.414213562373096,15.050776462161114,18.2,1.0460639198800474,12.799999999999999
dynamic_constant,5,46,4700,12.836660026534076,15.038829729959481,18.533907960581374,1.0226161606291877,12.799999999999999
dynamic_constant,5,47,4800,12.836660026534076,15.04673264527873,19.093468988235944,1.1021559768897549,12.799999999999999
dynamic_constant,5,48,4900,12.919090595827292,15.036188803592168,17.698214000911364,1.0661504530451287,12.799999999999999
dynamic_constant,5,49,5000,13.01657508881031,15.197760604616365,19.409975124224175,1.2880486732367926,12.799999999999999
dynamic_constant,5,50,5100,12.960232526704262,15.116373129864499,19.230727575266254,1.1774096690843612,12.799999999999999
dynamic_constant,6,0,100,17.86619037896906,20.75217957327806,23.270540018881462,1.1122351308944454,17.86619037896906
dynamic_constant,6,1,200,15.88425027803687,20.051416642702492,28.757583690279024,2.6594365211622932,15.88425027803687
dynamic_constant,6,2,300,14.86124969497314,18.23223555259581,26.378232998312527,1.9646562051690661,14.86124969497314
dynamic_constant,6,3,400,14.993468988235943,17.111613825927986,21.114642819948223,1.0945795470192605,14.86124969497314
dynamic_constant,6,4,500,15.018695387886217,16.641149545752565,19.55758369027902,0.7539747415088326,14.86124969497314
dynamic_constant,6,5,600,14.522327839240491,16.32752020653149,18.549615361854386,0.708090374209344,14.522327839240491
dynamic_constant,6,6,700,14.369870314579494,16.05697941845014,18.87581763205193,0.7844738076638252,14.369870314579494
dynamic_constant,6,7,800,14.16227766016838,15.69747112381734,17.676575213227444,0.6108054623665338,14.16227766016838
dynamic_constant,6,8,900,14.237663853655727,15.65759858367771,18.30384048104053,0.71701716362139,14.16227766016838
dynamic_constant,6,9,1000,13.9,15.587166337635347,17.053864439804638,0.652451088663341,13.9
dynamic_constant,6,10,1100,13.485677655436824,15.597744823063357,17.541984052872976,0.63733734428516,13.485677655436824
dynamic_constant,6,11,1200,13.923243291566195,15.47067701180948,17.589990892524323,0.7553181848550123,13.485677655436824
dynamic_constant,6,12,1300,13.949358868961793,15.433481187475422,17.411525688318154,0.6739222012585518,13.485677655436824
dynamic_constant,6,13,1400,13.23606797749979,15.433435922327531,17.437663853655728,0.7767165774030155,13.23606797749979
dynamic_constant,6,14,1500,13.5494443758404,15.35283532941914,17.689275444992848,0.7498417382276445,13.23606797749979
dynamic_constant,6,15,1600,13.88208554864871,15.262164468638568,16.963484845854286,0.7235243931558605,13.23606797749979
dynamic_constant,6,16,1700,13.88208554864871,15.275357183861427,17.606404996924923,0.7485704789917708,13.23606797749979
dynamic_constant,6,17,1800,13.73606797749979,15.15986460279544,17.265570056765576,0.8431020951517582,13.23606797749979
dynamic_constant,6,18,1900,13.73606797749979,15.231784673917113,17.788854381999833,0.8244482197526609,13.23606797749979
dynamic_constant,6,19,2000,13.841653005427768,15.36672223467892,18.636664289109586,0.9837694931168981,13.23606797749979
dynamic_constant,6,20,2100,13.577638883463118,15.129086752925183,18.87840487520902,0.8888203222215263,13.23606797749979
dynamic_constant,6,21,2200,13.66794833886788,15.039147407561263,17.07402157263998,0.8054519032569984,13.23606797749979
dynamic_constant,6,22,2300,13.661706725018234,15.101089490702952,18.66794833886788,0.8838245902566751,13.23606797749979
dynamic_constant,6,23,2400,13.577638883463118,15.21361800718944,19.48309518948453,1.0258468406733035,13.23606797749979
dynamic_constant,6,24,2500,13.577638883463118,15.073239579189938,18.07364413533277,0.8652054736963357,13.23606797749979
dynamic_constant,6,25,2600,13.322611077089286,15.271115693996954,18.57907545067406,1.028652026363676,13.23606797749979
dynamic_constant,6,26,2700,13.696150997149434,15.225489487860555,17.582207001484488,0.8613268180670153,13.23606797749979
dynamic_constant,6,27,2800,13.391153452528776,15.377547575149785,19.33390796058137,0.9974919245129645,13.23606797749979
dynamic_constant,6,28,2900,13.48790581563873,15.216452662806118,18.691366458960193,0.9403736218876156,13.23606797749979
dynamic_constant,6,29,3000,13.48790581563873,15.112785264088524,17.215823125451337,0.812313893932452,13.23606797749979
dynamic_constant,6,30,3100,13.63901391331568,15.007106273621472,19.483266665599963,0.8336951349347667,13.23606797749979
dynamic_constant,6,31,3200,13.37082869338697,15.01254070677161,16.86287388383278,0.7529879920805548,13.23606797749979
dynamic_constant,6,32,3300,13.597617696340304,15.146498941017393,19.3,0.9383527713733385,13.23606797749979
dynamic_constant,6,33,3400,12.760681686165901,14.899158119629181,19.23238075793812,0.9068839594691052,12.760681686165901
dynamic_constant,6,34,3500,12.93469899493758,15.228507558360254,20.08113883008419,1.1394108735729982,12.760681686165901
dynamic_constant,6,35,3600,13.28806130178211,15.041812607555899,17.429705854077834,0.8913890375166817,12.760681686165901
dynamic_constant,6,36,3700,13.52710574513201,15.03927580661546,18.4182520563948,0.9648866804839978,12.760681686165901
dynamic_constant,6,37,3800,13.274868417407584,15.40071958588333,19.252272056851645,1.1511101897871356,12.760681686165901
dynamic_constant,6,38,3900,13.74131112314674,15.246674865506076,20.49373774505092,0.993202742928692,12.760681686165901
dynamic_constant,6,39,4000,13.133030277982337,15.245896565067458,17.40454076850486,0.8111503610886861,12.760681686165901
dynamic_constant,6,40,4100,13.411871208194288,15.242131076634712,17.713135192987522,0.8759398787268565,12.760681686165901
dynamic_constant,6,41,4200,13.427566688249707,15.191219514666328,18.5555923471125,0.9267647755530851,12.760681686165901
dynamic_constant,6,42,4300,13.435415650406263,15.161634963798138,18.582207001484488,0.8652075604583229,12.760681686165901
dynamic_constant,6,43,4400,13.515167380558044,15.330162282859485,19.372004514666937,0.9444992731900119,12.760681686165901
dynamic_constant,6,44,4500,13.47484176581315,15.198353542739648,18.760681686165903,0.907023160382639,12.760681686165901
dynamic_constant,6,45,4600,13.435415650406263,15.067199692112188,17.797057550292607,0.8741622519562885,12.760681686165901
dynamic_constant,6,46,4700,13.396662954709576,14.996122329443935,21.18062484748657,1.0720106984473523,12.760681686165901
dynamic_constant,6,47,4800,13.254065922853801,14.79910061854332,18.40454076850486,0.9251962948433529,12.760681686165901
dynamic_constant,6,48,4900,13.636664289109586,14.801563376998942,16.912931993250105,0.7897561651901019,12.760681686165901
dynamic_constant,6,49,5000,13.302172886644268,14.849526020294322,17.917935662402833,0.7649584915010682,12.760681686165901
dynamic_constant,6,50,5100,12.872004514666935,15.015122311624248,17.43238075793812,0.8974789363964433,12.760681686165901
dynamic_constant,7,0,100,18.756465996625053,20.96134144781508,22.934192325759245,0.9332617475654754,18.756465996625053
dynamic_constant,7,1,200,16.405810028322197,20.50529941745366,32.98790581563873,2.858034557002888,16.405810028322197
dynamic_constant,7,2,300,15.600000000000001,18.574412694433235,24.588409872672514,1.7458511805549004,15.600000000000001
dynamic_constant,7,3,400,15.254996671103717,17.296512463840358,20.179075450674063,1.129468205622169,15.254996671103717
dynamic_constant,7,4,500,15.297057550292607,16.691956299687323,19.025657829663178,0.7528217645407913,15.254996671103717
dynamic_constant,7,5,600,14.87571129984594,16.30183906663289,19.02828568570857,0.8489201032876406,14.87571129984594
dynamic_constant,7,6,700,14.932575659723035,16.147347459875743,19.319160170741757,0.8203462326348351,14.87571129984594
dynamic_constant,7,7,800,14.469817807045693,15.903858057607795,17.27967389859482,0.5533353919267308,14.469817807045693
dynamic_constant,7,8,900,14.261706725018236,15.73682283812956,17.345207879911715,0.7144477949300412,14.261706725018236
dynamic_constant,7,9,1000,14.367156809750927,15.47821040843962,16.914132102234568,0.5673214625539126,14.261706725018236
dynamic_constant,7,10,1100,14.220743687382042,15.61996594139632,17.785229954635273,0.7496546490003689,14.220743687382042
dynamic_constant,7,11,1200,14.34400902933387,15.735216030011388,17.825863986500217,0.7858902762914018,14.220743687382042
dynamic_constant,7,12,1300,14.200000000000001,15.476772991954363,17.779591062525107,0.781269300719561,14.200000000000001
dynamic_constant,7,13,1400,14.141311123146739,15.422220411602252,17.35363949069005,0.7011712208918207,14.141311123146739
dynamic_constant,7,14,1500,14.141311123146739,15.525676885521614,19.614642819948223,0.7700355794200209,14.141311123146739
dynamic_constant,7,15,1600,14.2295630140987,15.483883211415332,19.56859590355097,0.9498162146394371,14.141311123146739
dynamic_constant,7,16,1700,14.119803902718557,15.53140986497872,18.144655678480984,0.8365459095970357,14.119803902718557
dynamic_constant,7,17,1800,13.995829710142187,15.39714024430596,17.68321595661992,0.6868005721901546,13.995829710142187
dynamic_constant,7,18,1900,14.261706725018236,15.441081631597529,17.785229954635273,0.7646077540049995,13.995829710142187
dynamic_constant,7,19,2000,13.720743687382042,15.407421445207945,18.449615361854384,0.7214978807785095,13.720743687382042
dynamic_constant,7,20,2100,14.276575213227444,15.548180586008998,16.90238027789014,0.6301442993555926,13.720743687382042
dynamic_constant,7,21,2200,13.949545416973503,15.50476965883296,17.292851929090027,0.6822405603643924,13.720743687382042
dynamic_constant,7,22,2300,14.305167809266791,15.569292418439057,18.827636339397174,0.8672542336918894,13.720743687382042
dynamic_constant,7,23,2400,14.036664289109584,15.359388903881504,16.84579032461715,0.5522561837422141,13.720743687382042
dynamic_constant,7,24,2500,14.424099870362664,15.444148239886859,17.263078946776307,0.632640207864293,13.720743687382042
dynamic_constant,7,25,2600,14.377902338672774,15.525464678344981,17.186937976471885,0.6831354362708031,13.720743687382042
dynamic_constant,7,26,2700,14.31386219991853,15.524211612161933,16.964965543462903,0.5702488568208546,13.720743687382042
dynamic_constant,7,27,2800,14.392415526630865,15.567971595665483,17.174021572639983,0.5877299298291239,13.720743687382042
dynamic_constant,7,28,2900,14.576241517699842,15.562192599419232,18.035533905932738,0.615011325632917,13.720743687382042
dynamic_constant,7,29,3000,14.5,15.589415483678382,17.41040538832228,0.6523506633360845,13.720743687382042
dynamic_constant,7,30,3100,14.455277766926237,15.474845983931717,17.46522961801754,0.6368877435263761,13.720743687382042
dynamic_constant,7,31,3200,14.252610922848042,15.34952105149346,17.054065922853802,0.6410521426423276,13.720743687382042
dynamic_constant,7,32,3300,14.252610922848042,15.42680528488528,17.387467277262665,0.6525646925374713,13.720743687382042
dynamic_constant,7,33,3400,14.056349099818895,15.43276017038002,17.04093010681705,0.703442357748462,13.720743687382042
dynamic_constant,7,34,3500,13.94928556845359,15.44572394240909,17.223532661682466,0.7384259144405618,13.720743687382042
dynamic_constant,7,35,3600,13.70332963783729,15.264708246599314,17.00294032886923,0.704169202256897,13.70332963783729
dynamic_constant,7,36,3700,13.448999599679679,15.23300210762059,18.622611077089285,0.8705713749462021,13.448999599679679
dynamic_constant,7,37,3800,13.68062484748657,15.180044197457342,17.657342370508886,0.8111612366664392,13.448999599679679
dynamic_constant,7,38,3900,13.68062484748657,15.251565907116614,18.362873883832776,0.8296754303940627,13.448999599679679
dynamic_constant,7,39,4000,13.72474487139159,15.046046702431127,18.435415650406263,0.6849740196580322,13.448999599679679
dynamic_constant,7,40,4100,13.87082869338697,15.120892309757041,17.213552872566005,0.7063473895447903,13.448999599679679
dynamic_constant,7,41,4200,13.756465996625053,15.111996056319395,18.316624790355398,0.8239530892997685,13.448999599679679
dynamic_constant,7,42,4300,13.724807680927192,15.043796834887075,16.81663120551323,0.7182483353861583,13.448999599679679
dynamic_constant,7,43,4400,13.369535971483266,15.008597325824924,16.774596669241483,0.7156824131378086,13.369535971483266
dynamic_constant,7,44,4500,12.993737745050923,15.003026732060784,18.419090595827292,0.8405203292100243,12.993737745050923
dynamic_constant,7,45,4600,12.993737745050923,15.042414728882763,18.636664289109586,1.0064582908378947,12.993737745050923
dynamic_constant,7,46,4700,13.30384048104053,15.141921699900557,19.97763888346312,0.9841352855124219,12.993737745050923
dynamic_constant,7,47,4800,13.334846922834952,15.236459692066326,20.559591794226545,1.0433725739404958,12.993737745050923
dynamic_constant,7,48,4900,13.334846922834952,15.238274229824185,17.845906043549196,0.9451542787818792,12.993737745050923
dynamic_constant,7,49,5000,13.427105745132009,15.057899638914341,17.38425027803687,0.8944160445599849,12.993737745050923
dynamic_constant,7,50,5100,13.560107523773826,15.048656439495133,19.2131126469709,0.894543864086046,12.993737745050923
dynamic_constant,8,0,100,18.207106781186546,20.75873177806626,23.861901286060018,1.0641301715510603,18.207106781186546
dynamic_constant,8,1,200,15.266145801540308,19.97931145354891,28.02664991614216,1.978858050530704,15.266145801540308
dynamic_constant,8,2,300,14.93238075793812,18.523144490759847,25.99373774505092,1.8621547547870183,14.93238075793812
dynamic_constant,8,3,400,14.758317958127243,17.880347068873533,28.449444375840397,2.156307025255492,14.758317958127243
dynamic_constant,8,4,500,14.693737745050923,16.87447782599349,21.861324772583615,1.1929098565253682,14.693737745050923
dynamic_constant,8,5,600,14.160107523773828,16.36251356254421,19.239607805437114,0.825901493413529,14.160107523773828
dynamic_constant,8,6,700,14.78806130178211,16.216763235341944,20.145906043549196,0.9826345734857619,14.160107523773828
dynamic_constant,8,7,800,14.711094017053558,16.0895419696502,19.256465996625053,0.9404244691758303,14.160107523773828
dynamic_constant,8,8,900,14.679215610874227,15.889574397891343,18.586651818838305,0.7351658634880666,14.160107523773828
dynamic_constant,8,9,1000,14.182085548648711,15.767638806206167,19.38998327754521,0.7905830946250177,14.160107523773828
dynamic_constant,8,10,1100,13.928991560298224,15.833157069987237,21.160107523773828,0.9139155195111754,13.928991560298224
dynamic_constant,8,11,1200,14.261706725018236,15.633108334273931,17.8,0.703560990207899,13.928991560298224
dynamic_constant,8,12,1300,14.121347195933177,15.56603976225419,17.15486705347928,0.6113288363648965,13.928991560298224
dynamic_constant,8,13,1400,13.994438717061497,15.608798528923051,18.27967389859482,0.7241718208345481,13.928991560298224
dynamic_constant,8,14,1500,14.478505426185217,15.580149673260971,17.929888335921977,0.6822978845786404,13.928991560298224
dynamic_constant,8,15,1600,14.193737745050923,15.495968037217414,17.01109401705356,0.667787735671291,13.928991560298224
dynamic_constant,8,16,1700,13.72474487139159,15.417230561941164,17.544155686354955,0.7224349052780082,13.72474487139159
dynamic_constant,8,17,1800,13.967491648096548,15.49151293928025,17.043552415324932,0.7001355133075257,13.72474487139159
dynamic_constant,8,18,1900,13.330950643030008,15.454448796898417,20.711094017053558,0.9711326402752047,13.330950643030008
dynamic_constant,8,19,2000,13.269693845669908,15.247366838045235,17.087721626560914,0.7969367874037088,13.269693845669908
dynamic_constant,8,20,2100,13.641311123146739,15.222109308350655,18.423538406167136,0.9461172828088701,13.269693845669908
dynamic_constant,8,21,2200,13.408318915758459,15.04573364102071,17.64476105895272,0.8583909494188682,13.269693845669908
dynamic_constant,8,22,2300,13.474868417407583,14.978422281187873,17.316590212458493,0.8518139414555047,13.269693845669908
dynamic_constant,8,23,2400,13.274596669241483,15.058458258881721,17.39230199429887,0.772737921747465,13.269693845669908
dynamic_constant,8,24,2500,13.408318915758459,15.15027514781677,17.439270764090494,0.8223979731563942,13.269693845669908
dynamic_constant,8,25,2600,13.408318915758459,15.026563840459751,17.957066051117284,0.8415094505235342,13.269693845669908
dynamic_constant,8,26,2700,13.055294535724686,14.998679443285859,17.629285639896448,0.8631605460915939,13.055294535724686
dynamic_constant,8,27,2800,13.055294535724686,14.885342202927129,17.25201102939779,0.7341002869425691,13.055294535724686
dynamic_constant,8,28,2900,13.055294535724686,15.074897095949396,19.17804971641414,0.9530622355257155,13.055294535724686
dynamic_constant,8,29,3000,13.114642819948225,14.913189075024542,17.435489375751565,0.8674992976265142,13.055294535724686
dynamic_constant,8,30,3100,12.991153452528778,14.699341130831364,18.559591794226545,0.8122495352123481,12.991153452528778
dynamic_constant,8,31,3200,12.991153452528778,14.885357261835024,18.162049935181333,0.8178160176751431,12.991153452528778
dynamic_constant,8,32,3300,13.343908891458577,15.007851996994718,17.816624790355398,0.8526812138616213,12.991153452528778
dynamic_constant,8,33,3400,13.330950643030008,14.968541929792877,17.52664991614216,0.8992826336154982,12.991153452528778
dynamic_constant,8,34,3500,13.268438714135812,14.977020237242,18.843024810940587,0.9465608057701022,12.991153452528778
dynamic_constant,8,35,3600,13.330950643030008,14.915765186880957,17.560107523773826,0.7874837446732651,12.991153452528778
dynamic_constant,8,36,3700,13.269693845669908,14.80888348388181,17.43095064303001,0.7969404838277385,12.991153452528778
dynamic_constant,8,37,3800,13.31494416796099,14.88967363949797,17.95870331449229,0.91940910712934,12.991153452528778
dynamic_constant,8,38,3900,13.361324772583615,14.766205373983103,17.38494332412792,0.7812099413361621,12.991153452528778
dynamic_constant,8,39,4000,13.38494332412792,14.673980653860536,17.606404996924923,0.825240256450952,12.991153452528778
dynamic_constant,8,40,4100,13.52828568570857,14.711129725385144,17.38494332412792,0.7755756087903913,12.991153452528778
dynamic_constant,8,41,4200,13.336660026534076,14.921622173712882,18.04833147735479,0.8084246225185163,12.991153452528778
dynamic_constant,8,42,4300,13.008304597359459,14.784608575773456,16.64355957741627,0.6855799458413211,12.991153452528778
dynamic_constant,8,43,4400,12.86287388383278,14.977399642515536,17.45472369909914,0.7022683328124532,12.86287388383278
dynamic_constant,8,44,4500,13.435415650406263,14.985981410355848,18.949137674618942,0.9174328329446392,12.86287388383278
dynamic_constant,8,45,4600,13.179075450674064,14.963409696198829,17.56287388383278,0.8397606530307683,12.86287388383278
dynamic_constant,8,46,4700,13.389897948556635,15.085705885822719,19.30787840283389,0.9983423299579602,12.86287388383278
dynamic_constant,8,47,4800,13.224807680927192,15.116939192432824,18.814944167960988,0.8783703535446491,12.86287388383278
dynamic_constant,8,48,4900,12.88494332412792,15.091694565204609,18.928991560298222,1.0284503923854096,12.86287388383278
dynamic_constant,8,49,5000,12.672004514666936,15.114918448207582,21.3,1.2796670437873663,12.672004514666936
dynamic_constant,8,50,5100,13.00454076850486,14.821578530450292,20.474165738677396,1.0284858895309559,12.672004514666936
dynamic_constant,9,0,100,18.171779788708136,20.847540360217877,23.57967389859482,1.0081146490003856,18.171779788708136
dynamic_constant,9,1,200,15.51657508881031,20.234473159161716,33.01657508881031,3.0547259882782885,15.51657508881031
dynamic_constant,9,2,300,14.573644135332772,18.386657039142328,28.369535971483266,2.2844583516653945,14.573644135332772
dynamic_constant,9,3,400,14.330950643030008,17.074523633554332,24.714944167960986,1.4254270324185385,14.330950643030008
dynamic_constant,9,4,500,14.28806130178211,16.410859241645813,20.03072757526625,0.9998054731708709,14.28806130178211
dynamic_constant,9,5,600,14.556349099818895,16.354076092683194,21.534192325759246,1.0211585843008144,14.28806130178211
dynamic_constant,9,6,700,14.377193921634788,15.931050057529365,19.380972058177587,0.7397609879847923,14.28806130178211
dynamic_constant,9,7,800,14.4,15.91445090569821,19.45870331449229,0.8112859529100209,14.28806130178211
dynamic_constant,9,8,900,13.803329637837292,15.6135164808373,17.742640687119284,0.7454319902044745,13.803329637837292
dynamic_constant,9,9,1000,13.781488772222678,15.498992808306129,18.681934729198172,0.7451111587646834,13.781488772222678
dynamic_constant,9,10,1100,13.9,15.59531677674816,19.42756668824971,0.869098378969685,13.781488772222678
dynamic_constant,9,11,1200,13.84302481094059,15.581717014244507,19.6310988842807,0.8785578839950264,13.781488772222678
dynamic_constant,9,12,1300,13.732050807568877,15.35404465008709,17.889983277545213,0.7634317795234539,13.732050807568877
dynamic_constant,9,13,1400,13.877902338672774,15.2628697691578,17.8,0.6860655954035269,13.732050807568877
dynamic_constant,9,14,1500,13.877902338672774,15.296456305081792,19.43238075793812,0.8238609629196428,13.732050807568877
dynamic_constant,9,15,1600,13.877902338672774,15.34876682420907,19.26023252670426,0.829681797337009,13.732050807568877
dynamic_constant,9,16,1700,13.603569153775238,15.332134122297825,18.17804971641414,0.7744004847307528,13.603569153775238
dynamic_constant,9,17,1800,13.491153452528778,15.313723298338907,18.36154726279432,0.8296169646794537,13.491153452528778
dynamic_constant,9,18,1900,13.781488772222678,15.263129757849386,17.70936130717624,0.7594829757586811,13.491153452528778
dynamic_constant,9,19,2000,13.63469899493758,15.133500871369879,17.07967389859482,0.7013940079156483,13.491153452528778
dynamic_constant,9,20,2100,13.299999999999999,15.032054998391697,17.620215047547656,0.753760121708412,13.299999999999999
dynamic_constant,9,21,2200,13.555294535724686,15.212694909562236,17.40831891575846,0.7388444258687935,13.299999999999999
dynamic_constant,9,22,2300,13.493737745050923,15.173095082554044,17.2946778377222,0.7435941679232084,13.299999999999999
dynamic_constant,9,23,2400,13.493737745050923,15.018987621980209,17.305316142407435,0.7901609959564861,13.299999999999999
dynamic_constant,9,24,2500,13.830950643030008,15.092840438751304,17.03868107973205,0.7008425253168814,13.299999999999999
dynamic_constant,9,25,2600,13.70293863659264,15.279096416324592,18.239270764090495,0.8027542827619262,13.299999999999999
dynamic_constant,9,26,2700,13.70332963783729,15.039462091975176,17.319160170741757,0.725929569578946,13.299999999999999
dynamic_constant,9,27,2800,13.614642819948225,15.09065754808278,18.391153452528776,0.8610358181941155,13.299999999999999
dynamic_constant,9,28,2900,13.169693845669906,14.961705765860765,17.20293863659264,0.7679146956364373,13.169693845669906
dynamic_constant,9,29,3000,13.06287388383278,15.067586837318661,20.420465053408524,1.0146578446376109,13.06287388383278
dynamic_constant,9,30,3100,12.992838827718412,14.894353359717549,17.18321595661992,0.7609834841571657,12.992838827718412
dynamic_constant,9,31,3200,13.423538406167134,14.983247457119155,17.95472369909914,0.8938465149824162,12.992838827718412
dynamic_constant,9,32,3300,13.427566688249707,14.928137626467656,17.274868417407582,0.8119110697295356,12.992838827718412
dynamic_constant,9,33,3400,13.581138830084189,14.923368092023154,20.088409872672514,0.8821391164022695,12.992838827718412
dynamic_constant,9,34,3500,13.35870331449229,14.851678297186433,16.73622914957372,0.642627436897959,12.992838827718412
dynamic_constant,9,35,3600,12.919090595827292,14.889938846789853,18.844994432064368,0.8009191663467805,12.919090595827292
dynamic_constant,9,36,3700,12.919090595827292,14.733525489249516,17.155277766926236,0.7713665839539041,12.919090595827292
dynamic_constant,9,37,3800,12.72474487139159,14.746769143541153,19.145906043549196,0.8657567154326659,12.72474487139159
dynamic_constant,9,38,3900,13.62678510731274,14.828846360683976,17.67719392163479,0.7819825743073091,12.72474487139159
dynamic_constant,9,39,4000,13.62678510731274,15.106929754812274,19.976819745345026,1.0169525158241635,12.72474487139159
dynamic_constant,9,40,4100,13.62678510731274,14.96795239072141,17.219090595827293,0.7256314179609965,12.72474487139159
dynamic_constant,9,41,4200,13.207106781186548,14.930262083926095,19.364054992217053,0.8828765867696574,12.72474487139159
dynamic_constant,9,42,4300,13.378232998312527,14.965397667079419,17.80199920063936,0.814587178488634,12.72474487139159
dynamic_constant,9,43,4400,12.843559577416269,14.895045789046973,17.61245154965971,0.8273287381908,12.72474487139159
dynamic_constant,9,44,4500,13.047722557505166,14.785013248787061,16.781534080237808,0.68192482487996,12.72474487139159
dynamic_constant,9,45,4600,12.930950643030009,14.795800805838033,16.76749164809655,0.7223383972800151,12.72474487139159
dynamic_constant,9,46,4700,13.047722557505166,15.025403530391477,19.80199920063936,1.157439181171817,12.72474487139159
dynamic_constant,9,47,4800,13.047722557505166,14.893908020303222,18.953720459187966,0.9547784284684687,12.72474487139159
dynamic_constant,9,48,4900,13.047722557505166,14.886578830117742,19.32654919008431,1.0418471179400213,12.72474487139159
dynamic_constant,9,49,5000,13.22736184954957,14.931738773428881,18.227566688249706,0.8999087731749905,12.72474487139159
dynamic_constant,9,50,5100,13.20332963783729,14.899698709713045,17.6591260281974,0.8917884547624177,12.72474487139159
dynamic_constant,10,0,100,17.207106781186546,20.698482637962265,23.939270764090494,1.169418449771907,17.207106781186546
dynamic_constant,10,1,200,15.473172123844298,20.36915512404647,31.50454076850486,2.740063891457802,15.473172123844298
dynamic_constant,10,2,300,14.449637662132067,18.43116227268175,26.79192496674806,2.0764323052329026,14.449637662132067
dynamic_constant,10,3,400,14.449637662132067,17.413003803423642,25.49373774505092,1.6150394637654355,14.449637662132067
dynamic_constant,10,4,500,14.555430508634199,16.55824644394053,20.588409872672514,0.96267638482247,14.449637662132067
dynamic_constant,10,5,600,14.337211521390788,16.176929431781346,17.871243694664216,0.7543007764894214,14.337211521390788
dynamic_constant,10,6,700,14.331098884280703,15.990332593157182,19.109243436828812,0.7740379741103199,14.331098884280703
dynamic_constant,10,7,800,14.15657137141714,15.923012384195893,19.52664991614216,0.9588483235039064,14.15657137141714
dynamic_constant,10,8,900,13.829563014098701,15.87158504968791,19.76332495807108,0.9453676429607283,13.829563014098701
dynamic_constant,10,9,1000,14.404540768504859,15.813993911425912,17.93388517946129,0.8069217262559548,13.829563014098701
dynamic_constant,10,10,1100,14.556349099818895,15.890770875010006,19.4591260281974,0.7945747173699499,13.829563014098701
dynamic_constant,10,11,1200,14.526649916142159,16.04550907453476,18.672004514666934,0.8775943836805544,13.829563014098701
dynamic_constant,10,12,1300,14.504834939252005,15.916666329261018,18.95472369909914,0.8366222526173615,13.829563014098701
dynamic_constant,10,13,1400,13.68910462845192,15.993919992501189,18.949444375840397,0.8823532995965795,13.68910462845192
dynamic_constant,10,14,1500,14.200000000000001,15.905337784422356,17.826368339802364,0.8512135886123819,13.68910462845192
dynamic_constant,10,15,1600,13.9,15.982622762952168,20.64699879903904,1.0695441149767064,13.68910462845192
dynamic_constant,10,16,1700,13.9,15.860925220109346,22.274868417407582,1.031835733492103,13.68910462845192
dynamic_constant,10,17,1800,14.059591794226542,15.717989385767783,20.964965543462903,0.9477301124210127,13.68910462845192
dynamic_constant,10,18,1900,13.533907960581372,15.609657510797314,20.57907545067406,1.0064086454378864,13.533907960581372
dynamic_constant,10,19,2000,13.299999999999999,15.781085985713071,21.012403840463595,1.1267443338040335,13.299999999999999
dynamic_constant,10,20,2100,13.235270009440733,15.718427967566516,20.672004514666934,1.2179024999515238,13.235270009440733
dynamic_constant,10,21,2200,13.330950643030008,15.593248728586996,18.634791467339657,1.0744388891784298,13.235270009440733
dynamic_constant,10,22,2300,13.235270009440733,15.637511499963791,18.549193338482965,1.0932892099755782,13.235270009440733
dynamic_constant,10,23,2400,13.274165738677395,15.455119518703603,18.667156809750924,0.9940082846428481,13.235270009440733
dynamic_constant,10,24,2500,13.760681686165901,15.73793503200396,20.022327839240493,1.037203138694134,13.235270009440733
dynamic_constant,10,25,2600,13.530727575266251,15.681789487576772,18.492849839314594,0.9655770296639851,13.235270009440733
dynamic_constant,10,26,2700,13.629705854077836,15.50406287342758,20.455277766926233,1.0249300904119587,13.235270009440733
dynamic_constant,10,27,2800,13.408304597359457,15.594505410884743,20.109243436828812,1.2427584691236433,13.235270009440733
dynamic_constant,10,28,2900,12.98309518948453,15.403095071074326,18.522327839240493,0.97438663577175,12.98309518948453
dynamic_constant,10,29,3000,13.369535971483266,15.483856488236112,20.160107523773828,1.0657322140381376,12.98309518948453
dynamic_constant,10,30,3100,13.183215956619923,15.375736485911839,26.457066051117284,1.55003328044014,12.98309518948453
dynamic_constant,10,31,3200,13.30384048104053,15.428228720568027,19.049193338482965,1.1951499630473434,12.98309518948453
dynamic_constant,10,32,3300,13.334846922834952,15.530392045492777,20.57364413533277,1.1254943633004455,12.98309518948453
dynamic_constant,10,33,3400,13.492838827718412,15.429493938276432,20.757583690279024,1.3177118536483954,12.98309518948453
dynamic_constant,10,34,3500,13.447213595499958,15.494720248980782,20.53315017762062,1.3189735238520013,12.98309518948453
dynamic_constant,10,35,3600,13.447213595499958,15.376774496416886,19.322611077089288,1.1399439692967983,12.98309518948453
dynamic_constant,10,36,3700,13.378232998312527,15.206569711673033,20.56287388383278,1.3042056078695685,12.98309518948453
dynamic_constant,10,37,3800,13.235270009440733,14.818436830393273,22.26023252670426,1.1929058398586014,12.98309518948453
dynamic_constant,10,38,3900,13.30384048104053,14.910266251954576,18.909975124224175,1.0001475539033782,12.98309518948453
dynamic_constant,10,39,4000,13.693737745050923,15.32975103193615,18.14476105895272,1.1230498120003594,12.98309518948453
dynamic_constant,10,40,4100,13.429705854077836,15.326094714074605,19.584943324127924,1.3136816817357684,12.98309518948453
dynamic_constant,10,41,4200,13.200000000000001,15.25984734927522,18.73861278752583,1.231045962928715,12.98309518948453
dynamic_constant,10,42,4300,13.316515138991168,15.257809646714177,19.049444375840398,1.0449107952873704,12.98309518948453
dynamic_constant,10,43,4400,13.336660026534076,15.227862923188558,19.593468988235944,1.1094433531685313,12.98309518948453
dynamic_constant,10,44,4500,13.419803902718558,15.165286002409193,21.83541565040626,1.2471789121884622,12.98309518948453
dynamic_constant,10,45,4600,13.600000000000001,15.396674983512655,20.16794833886788,1.2216164348460825,12.98309518948453
dynamic_constant,10,46,4700,13.16770782520313,15.123369703609026,21.419803902718556,1.1335697360317674,12.98309518948453
dynamic_constant,10,47,4800,13.16770782520313,15.0987987658057,20.09544511501033,1.1769121944120473,12.98309518948453
dynamic_constant,10,48,4900,13.51657508881031,15.092812795989849,17.8,0.975721970746752,12.98309518948453
dynamic_constant,10,49,5000,13.520465053408525,15.374023697380391,18.196150997149434,1.0171308836057287,12.98309518948453
dynamic_constant,10,50,5100,13.833907960581373,15.275989495168083,18.956141357987224,0.9131150759788286,12.98309518948453
dynamic_constant,11,0,100,18.183095189484533,20.884008906312207,24.133959855479073,1.026776103956075,18.183095189484533
dynamic_constant,11,1,200,15.341428291206624,20.530239543544607,32.302172886644264,3.014457414417039,15.341428291206624
dynamic_constant,11,2,300,15.346998799039039,18.330071537318222,29.169693845669904,2.1791264834415514,15.341428291206624
dynamic_constant,11,3,400,15.333907960581373,17.016571103372776,21.00554700852678,1.0886664767895207,15.333907960581373
dynamic_constant,11,4,500,14.822497216032183,16.615681008266208,23.93238075793812,1.0695554262098457,14.822497216032183
dynamic_constant,11,5,600,14.617935662402834,16.418095408663675,19.802172886644268,0.8984434644019951,14.617935662402834
dynamic_constant,11,6,700,14.685262175962151,16.401187038732797,19.872004514666937,0.8891199904259972,14.617935662402834
dynamic_constant,11,7,800,14.449576240750524,16.170404896619925,18.836660026534076,0.7819430068608106,14.449576240750524
dynamic_constant,11,8,900,14.481488772222677,16.115741000745498,21.084943324127924,1.0200924208543125,14.449576240750524
dynamic_constant,11,9,1000,14.397366596101028,16.02372847125429,18.414213562373096,0.7961209815961857,14.397366596101028
dynamic_constant,11,10,1100,13.585229954635272,15.93395904422305,18.57907545067406,0.8327425375050356,13.585229954635272
dynamic_constant,11,11,1200,13.867156809750927,15.845296969571386,18.792848008753786,0.9348430225177508,13.585229954635272
dynamic_constant,11,12,1300,14.285229954635271,15.858794278220255,19.307886552931954,0.9107223130072023,13.585229954635272
dynamic_constant,11,13,1400,13.799999999999999,16.04260811547741,21.257583690279024,1.1485569815184065,13.585229954635272
dynamic_constant,11,14,1500,14.048808848170152,15.77931662768028,19.407567081708248,1.0233525043698866,13.585229954635272
dynamic_constant,11,15,1600,14.005547008526777,15.812492770437292,20.03315017762062,1.0661062282417257,13.585229954635272
dynamic_constant,11,16,1700,13.693737745050923,15.83155090270063,19.845207879911715,1.024440442899948,13.585229954635272
dynamic_constant,11,17,1800,14.2131126469709,15.993144587892498,21.727566688249706,1.2739662076271734,13.585229954635272
dynamic_constant,11,18,1900,13.555294535724686,15.523574591332238,18.033030277982334,0.8409472746150909,13.555294535724686
dynamic_constant,11,19,2000,14.12074368738204,15.681740505381631,18.795829710142186,0.9602231159165941,13.555294535724686
dynamic_constant,11,20,2100,13.505547008526777,15.69426307196217,18.843559577416272,1.006900499230783,13.505547008526777
dynamic_constant,11,21,2200,13.54899959967968,15.657831372779885,20.610589071449372,1.1027160533285387,13.505547008526777
dynamic_constant,11,22,2300,13.774165738677395,15.456045119028477,20.088435821108956,0.9741999773709842,13.505547008526777
dynamic_constant,11,23,2400,13.380624847486569,15.672429889815925,21.30384048104053,1.1986975954108128,13.380624847486569
dynamic_constant,11,24,2500,13.380624847486569,15.697656550116532,21.20199920063936,1.1263609373908803,13.380624847486569
dynamic_constant,11,25,2600,13.380624847486569,15.569487678029484,18.288854381999833,1.0660511809806383,13.380624847486569
dynamic_constant,11,26,2700,13.127361849549569,15.527330665879738,20.533030277982334,1.2967150051520513,13.127361849549569
dynamic_constant,11,27,2800,13.380624847486569,15.259283833536749,19.369535971483266,1.1036740258143207,13.127361849549569
dynamic_constant,11,28,2900,12.878232998312527,15.279973163654633,20.534387974463897,1.1140762284639825,12.878232998312527
dynamic_constant,11,29,3000,13.207106781186548,15.524366499074004,19.370828693386972,1.2336032099360312,12.878232998312527
dynamic_constant,11,30,3100,13.207106781186548,15.076198992518528,20.115167380558045,1.1333962833869264,12.878232998312527
dynamic_constant,11,31,3200,13.380624847486569,15.375696756408395,19.865422712353222,1.2680321215875903,12.878232998312527
dynamic_constant,11,32,3300,13.68309518948453,15.527584157790953,19.429705854077834,1.1690120892742037,12.878232998312527
dynamic_constant,11,33,3400,13.73622914957372,15.481756899150096,18.664688270438848,1.0789789185209855,12.878232998312527
dynamic_constant,11,34,3500,13.896662954709576,15.539062801435266,19.23205080756888,1.0513951530433703,12.878232998312527
dynamic_constant,11,35,3600,13.61245154965971,15.823085779833477,20.559591794226545,1.2304001645013338,12.878232998312527
dynamic_constant,11,36,3700,13.329563014098701,15.752278644165612,20.06953597148327,1.2493926555779946,12.878232998312527
dynamic_constant,11,37,3800,13.557583690279023,15.777117517129795,20.84707681233427,1.159927813956361,12.878232998312527
dynamic_constant,11,38,3900,13.526649916142159,15.592292700867311,18.99615099714943,1.0936167457963866,12.878232998312527
dynamic_constant,11,39,4000,13.071779788708135,15.591661387263658,19.772077843177478,1.1466377210467922,12.878232998312527
dynamic_constant,11,40,4100,13.777154105707723,15.631012266939354,18.836660026534076,0.965334774876949,12.878232998312527
dynamic_constant,11,41,4200,13.86287388383278,15.825285352196666,19.640175425099137,1.204333369571355,12.878232998312527
dynamic_constant,11,42,4300,13.763976744055029,15.63503019128282,18.38208554864871,1.005589380513547,12.878232998312527
dynamic_constant,11,43,4400,13.735270009440733,15.648865195553405,18.5293765408777,1.0343751871362388,12.878232998312527
dynamic_constant,11,44,4500,13.235270009440733,15.724069587228458,18.861324772583615,1.070621762473088,12.878232998312527
dynamic_constant,11,45,4600,13.235270009440733,15.447681106535134,18.80990195135928,1.1063033245646934,12.878232998312527
dynamic_constant,11,46,4700,13.693737745050923,15.378054973407394,18.497057550292606,1.108757426871721,12.878232998312527
dynamic_constant,11,47,4800,13.430950643030009,15.395857062382412,19.79283882771841,1.259591863484057,12.878232998312527
dynamic_constant,11,48,4900,13.30384048104053,15.436563081427511,18.797726685459203,1.0826790222615457,12.878232998312527
dynamic_constant,11,49,5000,13.64355957741627,15.256691378072365,18.531300056749533,1.0384346931910948,12.878232998312527
dynamic_constant,11,50,5100,13.173320053068151,15.30824459106738,19.121347195933176,1.015026819159139,12.878232998312527
dynamic_constant,12,0,100,18.49373774505092,20.777503225042114,22.87175030543074,0.906978751755723,18.49373774505092
dynamic_constant,12,1,200,15.055430508634199,20.286502559625465,31.5576411454889,2.8677882507822914,15.055430508634199
dynamic_constant,12,2,300,15.30805405358401,18.813650191527284,31.520465053408525,2.609752830927389,15.055430508634199
dynamic_constant,12,3,400,14.792838827718413,17.284060365699347,23.811871208194287,1.5051084867089717,14.792838827718413
dynamic_constant,12,4,500,14.831666249791535,16.657213361925894,20.49373774505092,0.9910386014373793,14.792838827718413
dynamic_constant,12,5,600,14.62565782966318,16.285116385756638,18.51662062579967,0.7353134872895005,14.62565782966318
dynamic_constant,12,6,700,14.28790581563873,16.255492836930827,20.92756668824971,0.9081275011056102,14.28790581563873
dynamic_constant,12,7,800,14.14575131106459,16.10340149990712,18.67996655509042,0.7735813247737336,14.14575131106459
dynamic_constant,12,8,900,14.495451410656816,15.801288493126044,17.732916650389352,0.6767354186344314,14.14575131106459
dynamic_constant,12,9,1000,14.015167380558044,15.59274168469931,17.887475490101846,0.6907623501021628,14.015167380558044
dynamic_constant,12,10,1100,13.993468988235943,15.534688701118245,17.36405499221705,0.7278031972217636,13.993468988235943
dynamic_constant,12,11,1200,13.549285568453591,15.345018247136831,17.610960958218893,0.6661217674415187,13.549285568453591
dynamic_constant,12,12,1300,13.096662954709576,15.116782015020538,18.05329983228432,0.717913128933755,13.096662954709576
dynamic_constant,12,13,1400,13.096662954709576,15.040199810811512,18.26749164809655,0.6827325530040143,13.096662954709576
dynamic_constant,12,14,1500,13.085229954635272,15.0835203248148,17.739071942966532,0.8134164077584985,13.085229954635272
dynamic_constant,12,15,1600,12.769693845669908,14.98754099426281,17.86154726279432,0.7526285724525285,12.769693845669908
dynamic_constant,12,16,1700,13.063818169698585,15.025254361081926,17.275711299845938,0.8226107303556566,12.769693845669908
dynamic_constant,12,17,1800,13.345207879911715,14.99344899573453,17.482390527904393,0.8337238923836086,12.769693845669908
dynamic_constant,12,18,1900,12.872004514666935,14.932162325245118,16.858898943540673,0.8036220121212865,12.769693845669908
dynamic_constant,12,19,2000,13.097617696340304,14.926658376815073,17.70199920063936,0.8748939856556248,12.769693845669908
dynamic_constant,12,20,2100,13.449444375840397,14.866186188806296,16.736877428271626,0.7376198838289741,12.769693845669908
dynamic_constant,12,21,2200,13.183266665599966,14.86600656697787,17.449444375840397,0.8059216845186508,12.769693845669908
dynamic_constant,12,22,2300,13.048808848170152,14.8744401661277,18.160319135392633,0.9115142567931628,12.769693845669908
dynamic_constant,12,23,2400,13.2131126469709,14.849309446064224,17.22654919008431,0.9193203761389505,12.769693845669908
dynamic_constant,12,24,2500,12.923538406167134,14.80382181166897,17.63901391331568,0.8443798598223055,12.769693845669908
dynamic_constant,12,25,2600,12.880624847486569,14.885345031408528,17.12763633939717,0.787838462141347,12.769693845669908
dynamic_constant,12,26,2700,12.880624847486569,14.813111751816209,17.614674215792775,0.8447235856724172,12.769693845669908
dynamic_constant,12,27,2800,12.640967364599085,14.771664556785044,17.59666295470958,0.8492790689852158,12.640967364599085
dynamic_constant,12,28,2900,12.640967364599085,14.642014501803624,17.83721152139079,0.96112475773796,12.640967364599085
dynamic_constant,12,29,3000,13.190890230020663,14.563702736639122,16.816609194718914,0.7985093726421147,12.640967364599085
dynamic_constant,12,30,3100,12.700000000000001,14.692239175667215,17.520897306865447,0.8278959483378,12.640967364599085
dynamic_constant,12,31,3200,13.069535971483266,14.993671440055858,18.35870331449229,0.9853448722481615,12.640967364599085
dynamic_constant,12,32,3300,13.069535971483266,14.913047588874154,17.86154726279432,0.8744263211232968,12.640967364599085
dynamic_constant,12,33,3400,13.408304597359457,14.859168066739356,18.816515138991168,0.9310575604866634,12.640967364599085
dynamic_constant,12,34,3500,12.991153452528778,14.79564639326451,16.8295630140987,0.8145401891023858,12.640967364599085
dynamic_constant,12,35,3600,12.991153452528778,14.941241404172981,18.988409872672513,1.0418931668415639,12.640967364599085
dynamic_constant,12,36,3700,13.02710574513201,14.861136048216519,17.400000000000002,0.827643797702524,12.640967364599085
dynamic_constant,12,37,3800,12.94928556845359,14.958537623645027,18.91916017074176,0.9460465400593663,12.640967364599085
dynamic_constant,12,38,3900,12.891153452528776,14.788120787460644,17.01657508881031,0.9133398551474594,12.640967364599085
dynamic_constant,12,39,4000,12.448683298050513,14.715260863363758,17.13901391331568,0.793249999241399,12.448683298050513
dynamic_constant,12,40,4100,12.840967364599086,14.825487417626213,18.11980390271856,0.8900773378590358,12.448683298050513
dynamic_constant,12,41,4200,12.448683298050513,14.709768753993377,16.982306905057552,0.8149962879863474,12.448683298050513
dynamic_constant,12,42,4300,12.878404875209021,14.816446822543003,19.78608421540822,0.9311114756234415,12.448683298050513
dynamic_constant,12,43,4400,13.081138830084189,14.871096961851999,20.23205080756888,1.1195041260763927,12.448683298050513
dynamic_constant,12,44,4500,13.307878402833891,14.726210084993456,18.781488772222676,0.8920599302713141,12.448683298050513
dynamic_constant,12,45,4600,13.314642819948224,14.82001765614449,18.07364413533277,0.8648667859064909,12.448683298050513
dynamic_constant,12,46,4700,13.333907960581373,14.803688909542837,18.209983388658483,0.8379502292471294,12.448683298050513
dynamic_constant,12,47,4800,13.333907960581373,14.677664851703991,16.646916505762093,0.7864455139532185,12.448683298050513
dynamic_constant,12,48,4900,13.162049935181331,14.831306835725586,16.774868417407582,0.8082776849737727,12.448683298050513
dynamic_constant,12,49,5000,12.929705854077836,14.675150023858134,17.58526217596215,0.829245520349845,12.448683298050513
dynamic_constant,12,50,5100,12.929705854077836,14.796611709094071,17.109243436828812,0.9451163537331838,12.448683298050513
dynamic_constant,13,0,100,18.330950643030008,20.692619637021334,23.022327839240493,1.0756224286607838,18.330950643030008
dynamic_constant,13,1,200,15.957066051117286,19.92730241607987,29.52828568570857,1.9799836895249807,15.957066051117286
dynamic_constant,13,2,300,15.957066051117286,18.5885010659979,31.38806130178211,2.323647594968009,15.957066051117286
dynamic_constant,13,3,400,15.674423042781576,17.471487768551068,22.049444375840398,1.1678232454101187,15.674423042781576
dynamic_constant,13,4,500,15.131281565541544,16.89897082167879,18.894427190999917,0.7222194857649576,15.131281565541544
dynamic_constant,13,5,600,15.22928563989645,16.389300365081755,17.47825728815866,0.5617719108397757,15.131281565541544
dynamic_constant,13,6,700,15.003569153775237,16.354770277015447,18.232250968142537,0.6095298120579173,15.003569153775237
dynamic_constant,13,7,800,15.13901391331568,16.425807360744166,18.040758070878027,0.6820262901549412,15.003569153775237
dynamic_constant,13,8,900,14.968787265568828,16.270690199959382,18.586651818838305,0.6979449696004524,14.968787265568828
dynamic_constant,13,9,1000,14.23238075793812,16.09034838148259,17.822370651203855,0.7043240203439776,14.23238075793812
dynamic_constant,13,10,1100,14.549509756796393,16.03305783990873,18.802172886644268,0.7809165449989411,14.23238075793812
dynamic_constant,13,11,1200,14.39799919935936,15.889023181262212,19.173592452822643,0.8056912725022201,14.23238075793812
dynamic_constant,13,12,1300,13.640175425099137,15.971594132188384,21.400000000000002,1.0287701386789105,13.640175425099137
dynamic_constant,13,13,1400,14.22474487139159,15.812982136724575,19.280697580112786,0.8127366617706613,13.640175425099137
dynamic_constant,13,14,1500,13.97484176581315,15.866334353793272,20.28997487421324,1.1637681407300302,13.640175425099137
dynamic_constant,13,15,1600,14.26332495807108,15.785080599971847,20.7770329614269,1.0806354378878078,13.640175425099137
dynamic_constant,13,16,1700,13.868438714135813,15.897623909197982,18.816624790355398,1.0001305058213132,13.640175425099137
dynamic_constant,13,17,1800,13.449137674618944,15.628415744710377,19.156141357987227,1.0003325509080387,13.449137674618944
dynamic_constant,13,18,1900,13.449137674618944,15.595392717600635,20.143835071544512,1.0874389451833935,13.449137674618944
dynamic_constant,13,19,2000,13.088409872672514,15.775135080729479,22.254065922853805,1.265174850784063,13.088409872672514
dynamic_constant,13,20,2100,13.088409872672514,15.685597861867263,20.38910462845192,1.1540026502604277,13.088409872672514
dynamic_constant,13,21,2200,13.088409872672514,15.71245250299741,21.59544511501033,1.3525813354545104,13.088409872672514
dynamic_constant,13,22,2300,13.057583690279023,15.477698330481926,19.33390796058137,1.1268818119961639,13.057583690279023
dynamic_constant,13,23,2400,13.50454076850486,15.315804349599775,19.609243436828812,1.0557975108614268,13.057583690279023
dynamic_constant,13,24,2500,13.274165738677395,15.294932869228406,19.42756668824971,1.0460473373820953,13.057583690279023
dynamic_constant,13,25,2600,13.635270009440731,15.201052657011449,17.455946767611902,0.85551368583233,13.057583690279023
dynamic_constant,13,26,2700,13.453720459187963,15.367346841311319,19.11980390271856,1.1280107549930525,13.057583690279023
dynamic_constant,13,27,2800,13.239071942966532,15.208021304661232,20.37840487520902,1.0817824794653201,13.057583690279023
dynamic_constant,13,28,2900,13.524807680927193,15.244265654210768,18.281666326391708,0.988766756081253,13.057583690279023
dynamic_constant,13,29,3000,13.491153452528778,15.297894907907096,20.397999199359358,1.1962482017524494,13.057583690279023
dynamic_constant,13,30,3100,13.614642819948225,15.18577167663405,19.00830459735946,1.0526002703859638,13.057583690279023
dynamic_constant,13,31,3200,13.37082869338697,15.24581222458356,19.129705854077837,0.905799530834382,13.057583690279023
dynamic_constant,13,32,3300,13.448331477354788,15.334541309639416,17.34579032461715,0.9555276590218277,13.057583690279023
dynamic_constant,13,33,3400,13.6131126469709,15.518439405918848,19.20199920063936,1.068470416377837,13.057583690279023
dynamic_constant,13,34,3500,13.6131126469709,15.412419292507598,19.207106781186546,1.100547774268084,13.057583690279023
dynamic_constant,13,35,3600,13.256465996625053,15.469653541416683,19.673320053068153,1.159931170278559,13.057583690279023
dynamic_constant,13,36,3700,13.605547008526779,15.501887745290922,21.940063693621518,1.1595270517342828,13.057583690279023
dynamic_constant,13,37,3800,13.213552872566003,15.409244431379388,18.66770782520313,1.1650416983839225,13.057583690279023
dynamic_constant,13,38,3900,13.396662954709576,15.237844477754834,18.394427190999917,0.99280964921436,13.057583690279023
dynamic_constant,13,39,4000,13.673320053068151,15.38160133015487,17.922902093797255,0.9372953924666549,13.057583690279023
dynamic_constant,13,40,4100,13.012403840463595,15.502410666492114,18.713552872566005,0.9958229417377054,13.012403840463595
dynamic_constant,13,41,4200,13.1,15.4135571073774,20.280350850198275,1.2651997845955272,13.012403840463595
dynamic_constant,13,42,4300,13.755294535724685,15.304425170965027,21.13901391331568,1.0399350636789726,13.012403840463595
dynamic_constant,13,43,4400,13.378404875209021,15.200685686129733,19.86154726279432,0.9726284250972017,13.012403840463595
dynamic_constant,13,44,4500,13.307878402833891,15.417310675119067,22.281488772222676,1.3618880799732367,13.012403840463595
dynamic_constant,13,45,4600,13.22736184954957,15.273388968863507,21.22089730686545,1.1456718891043909,13.012403840463595
dynamic_constant,13,46,4700,13.755294535724685,15.243387708134186,19.316590212458493,0.9176991593344881,13.012403840463595
dynamic_constant,13,47,4800,13.366190378969058,15.249743254745194,19.584943324127924,0.9880310106715327,13.012403840463595
dynamic_constant,13,48,4900,13.461324772583616,15.340863318503724,20.992838827718412,1.1343088209282386,13.012403840463595
dynamic_constant,13,49,5000,13.700000000000001,15.287476111161089,19.830950643030008,0.9667535159231714,13.012403840463595
dynamic_constant,13,50,5100,13.127361849549569,15.240714115515551,20.23622914957372,1.1568409516125437,13.012403840463595
dynamic_constant,14,0,100,17.948331477354788,20.589019172492545,22.8459060435492,1.0558103171095208,17.948331477354788
dynamic_constant,14,1,200,15.239607805437114,20.092054393259723,32.869535971483266,3.101913338921753,15.239607805437114
dynamic_constant,14,2,300,14.988689042296102,17.855741286440804,22.56953597148327,1.6169439490544184,14.988689042296102
dynamic_constant,14,3,400,15.073644135332772,16.67889241826807,19.887467277262665,0.9254652340511241,14.988689042296102
dynamic_constant,14,4,500,14.378404875209021,16.351311188059707,19.640175425099137,0.8557599833103287,14.378404875209021
dynamic_constant,14,5,600,14.06287388383278,16.132965334626487,19.04093010681705,0.9070537055808332,14.06287388383278
dynamic_constant,14,6,700,14.56287388383278,15.97812801724251,19.106750598570127,0.8014093120911625,14.06287388383278
dynamic_constant,14,7,800,14.299999999999999,15.898457984916085,18.084015371452146,0.8141138846393433,14.06287388383278
dynamic_constant,14,8,900,14.330950643030008,15.879626106444626,20.987905815638733,1.068787127605013,14.06287388383278
dynamic_constant,14,9,1000,14.534387974463899,15.9612700662212,22.3,1.0449121477352021,14.06287388383278
dynamic_constant,14,10,1100,14.2295630140987,16.0169567763976,19.90399840127872,1.0944685162338648,14.06287388383278
dynamic_constant,14,11,1200,14.408054053584012,15.906396357829463,19.50238027789014,0.8972118271189288,14.06287388383278
dynamic_constant,14,12,1300,13.627361849549569,15.890127911968536,21.68321595661992,1.2064155151459328,13.627361849549569
dynamic_constant,14,13,1400,13.94928556845359,15.745649360019838,19.908304597359457,1.0832704236271875,13.627361849549569
dynamic_constant,14,14,1500,13.829563014098701,15.824823882272858,21.88806130178211,1.277485225775054,13.627361849549569
dynamic_constant,14,15,1600,13.66770782520313,15.906248312174078,21.213552872566005,1.3396110300545554,13.627361849549569
dynamic_constant,14,16,1700,13.162049935181331,15.745872642872587,21.60554700852678,1.6216475018712775,13.162049935181331
dynamic_constant,14,17,1800,13.493737745050923,15.447854090790662,23.396662954709576,1.3381858065832613,13.162049935181331
dynamic_constant,14,18,1900,13.779795897113273,15.742450376357572,21.30332963783729,1.4627008784475197,13.162049935181331
dynamic_constant,14,19,2000,13.460232526704262,15.960091168011724,24.870828693386972,1.7773268479577593,13.162049935181331
dynamic_constant,14,20,2100,13.334846922834952,15.730899639511936,22.256465996625053,1.4664816360810118,13.162049935181331
dynamic_constant,14,21,2200,13.264911064067352,15.488958993475892,20.122611077089285,1.197988489441062,13.162049935181331
dynamic_constant,14,22,2300,13.640175425099137,15.725814085488077,21.26023252670426,1.2627290769327317,13.162049935181331
dynamic_constant,14,23,2400,13.683215956619923,15.907357025267407,21.71909059582729,1.4847064757453317,13.162049935181331
dynamic_constant,14,24,2500,13.70293863659264,15.739990701378256,21.70332963783729,1.3512406932389975,13.162049935181331
dynamic_constant,14,25,2600,14.1,15.435185956028178,18.344994432064368,0.8394593622000431,13.162049935181331
dynamic_constant,14,26,2700,13.9,15.449284967336787,18.664582518894846,0.9111398422847594,13.162049935181331
dynamic_constant,14,27,2800,13.857066051117284,15.730444906183829,20.30384048104053,1.1511120650232558,13.162049935181331
dynamic_constant,14,28,2900,14.193737745050923,16.056398417958572,19.55796522451032,1.1613157181432563,13.162049935181331
dynamic_constant,14,29,3000,13.829563014098701,15.818874121676915,18.894438717061494,0.9423106898881821,13.162049935181331
dynamic_constant,14,30,3100,14.16468827043885,16.099557883340776,19.93130005674953,1.028980327535593,13.162049935181331
dynamic_constant,14,31,3200,14.398275349237888,16.202518686391223,20.655592347112503,1.0824797069410257,13.162049935181331
dynamic_constant,14,32,3300,14.079075450674063,16.04827530709257,19.31663120551323,0.9808535114185659,13.162049935181331
dynamic_constant,14,33,3400,14.339607805437115,15.928456690516628,20.171779788708136,1.0396983799552413,13.162049935181331
dynamic_constant,14,34,3500,13.995829710142187,15.881417892801096,18.882085548648714,0.9110566630833724,13.162049935181331
dynamic_constant,14,35,3600,14.475817632051932,15.916156457195754,17.814642819948226,0.7891051113192562,13.162049935181331
dynamic_constant,14,36,3700,13.983286778035259,15.972850626720433,20.269693845669906,0.9846193140200762,13.162049935181331
dynamic_constant,14,37,3800,13.911871208194288,16.067703197926757,20.72089730686545,1.09145376597652,13.162049935181331
dynamic_constant,14,38,3900,13.911871208194288,15.847621930149144,19.919803902718556,1.061179328526513,13.162049935181331
dynamic_constant,14,39,4000,14.140175425099137,15.622267079142878,18.91084400165827,0.8338935096538924,13.162049935181331
dynamic_constant,14,40,4100,14.133030277982337,15.807304703214305,21.730727575266254,1.281553287481991,13.162049935181331
dynamic_constant,14,41,4200,14.1131126469709,15.823971063271072,18.51662062579967,1.0084070667663108,13.162049935181331
dynamic_constant,14,42,4300,14.133030277982337,15.993750863232815,19.897366596101026,1.108586656580921,13.162049935181331
dynamic_constant,14,43,4400,13.70293863659264,16.00982208697592,18.862873883832776,1.0981442675769313,13.162049935181331
dynamic_constant,14,44,4500,14.1,15.861026726428591,21.04880884817015,1.2860937171721398,13.162049935181331
dynamic_constant,14,45,4600,13.896662954709576,15.925903682100802,23.007130750570546,1.3665831328124047,13.162049935181331
dynamic_constant,14,46,4700,14.254723699099141,15.928109339788524,20.993468988235943,1.1624176388631497,13.162049935181331
dynamic_constant,14,47,4800,13.488409872672513,15.709237161845321,19.515167380558044,1.0444251307499879,13.162049935181331
dynamic_constant,14,48,4900,13.993737745050923,15.927123556862949,20.868438714135813,1.171793170624067,13.162049935181331
dynamic_constant,14,49,5000,14.081138830084189,16.17018520531532,19.8,1.3381138072871055,13.162049935181331
dynamic_constant,14,50,5100,14.281488772222678,15.847039825655608,19.143835071544512,1.032032783970687,13.162049935181331
dynamic_constant,15,0,100,18.047722557505168,20.823593257049478,23.29192496674806,1.1568100613529373,18.047722557505168
dynamic_constant,15,1,200,14.496150997149435,19.952715253842232,32.62736184954957,2.3418569261815376,14.496150997149435
dynamic_constant,15,2,300,14.515339366124405,18.67579941037496,33.25758369027903,2.5670028621427536,14.496150997149435
dynamic_constant,15,3,400,15.034192325759246,17.355685231160273,23.17681974534503,1.4324723128899894,14.496150997149435
dynamic_constant,15,4,500,14.109975124224178,16.496799567036675,21.869535971483266,0.9825115550731985,14.109975124224178
dynamic_constant,15,5,600,13.644994432064365,15.956083799724627,18.407440918375926,0.8787328344862305,13.644994432064365
dynamic_constant,15,6,700,13.760681686165901,15.668628712367964,18.387475490101846,0.8058761200604404,13.644994432064365
dynamic_constant,15,7,800,13.760681686165901,15.321522958675237,17.32842712474619,0.7179338743521988,13.644994432064365
dynamic_constant,15,8,900,13.760681686165901,15.333252002856314,17.486937976471886,0.8137827655500174,13.644994432064365
dynamic_constant,15,9,1000,13.754723699099141,15.257089670787936,17.33390796058137,0.7446552325787785,13.644994432064365
dynamic_constant,15,10,1100,13.760681686165901,15.35568844331152,17.761249694973138,0.7550540822547508,13.644994432064365
dynamic_constant,15,11,1200,13.22736184954957,15.26345153823907,17.2343879744639,0.7711554865764314,13.22736184954957
dynamic_constant,15,12,1300,13.340967364599086,15.23257064142478,17.300909015790026,0.7549401543199511,13.22736184954957
dynamic_constant,15,13,1400,13.43469899493758,15.105933764909592,17.039198244429116,0.668465580130995,13.22736184954957
dynamic_constant,15,14,1500,13.629705854077836,15.008673879543176,17.16283507111677,0.6571785537492467,13.22736184954957
dynamic_constant,15,15,1600,13.755294535724685,15.048061918430708,17.531300056749533,0.6196690305393936,13.22736184954957
dynamic_constant,15,16,1700,13.66794833886788,14.961659007288851,16.630495168499706,0.6470183942319294,13.22736184954957
dynamic_constant,15,17,1800,13.693737745050923,15.04947438095976,16.785980344927165,0.6919288643802088,13.22736184954957
dynamic_constant,15,18,1900,13.713594362117865,15.098308149906934,17.830950643030008,0.8311152229719799,13.22736184954957
dynamic_constant,15,19,2000,13.64476105895272,14.987178456045335,17.190890230020663,0.7464319132299381,13.22736184954957
dynamic_constant,15,20,2100,13.462049935181332,15.051963195809641,20.509980079602226,0.9448170071911416,13.22736184954957
dynamic_constant,15,21,2200,13.43469899493758,15.096914776039828,16.970288632839022,0.8062183872014126,13.22736184954957
dynamic_constant,15,22,2300,13.64476105895272,15.027178950533639,19.280697580112786,0.9090188413899807,13.22736184954957
dynamic_constant,15,23,2400,13.563818169698585,14.91469480569947,16.642810150121694,0.7544798188422187,13.22736184954957
dynamic_constant,15,24,2500,13.316590212458495,14.945228092228593,17.761706725018236,0.8151974046099166,13.22736184954957
dynamic_constant,15,25,2600,13.660107523773828,14.89117868864363,17.61980390271856,0.8304540134488868,13.22736184954957
dynamic_constant,15,26,2700,13.299999999999999,14.860399786913879,17.7219040425837,0.8934687541545986,13.22736184954957
dynamic_constant,15,27,2800,13.299999999999999,14.78545002250668,17.807878402833893,0.8267119490848384,13.22736184954957
dynamic_constant,15,28,2900,13.06287388383278,14.75065158472267,17.056349099818895,0.8035927039163312,13.06287388383278
dynamic_constant,15,29,3000,13.06287388383278,14.879295539767035,18.339387691339816,0.9871839569515658,13.06287388383278
dynamic_constant,15,30,3100,12.671779788708136,14.85951532045736,16.927566688249705,0.7987183171726383,12.671779788708136
dynamic_constant,15,31,3200,12.671779788708136,14.83026342107981,19.38806130178211,0.966223994984576,12.671779788708136
dynamic_constant,15,32,3300,13.340967364599086,14.77278395532434,17.316515138991168,0.871352853654956,12.671779788708136
dynamic_constant,15,33,3400,13.081138830084189,14.670542776492612,16.859107887809373,0.7889300073591377,12.671779788708136
dynamic_constant,15,34,3500,13.132455532033676,14.906072037482929,17.380624847486573,0.9195780749607945,12.671779788708136
dynamic_constant,15,35,3600,13.260681686165901,14.829939141735737,19.483266665599963,0.9349462492796098,12.671779788708136
dynamic_constant,15,36,3700,12.914213562373096,14.74615220247813,18.088409872672514,0.8052455211337384,12.671779788708136
dynamic_constant,15,37,3800,13.219090595827293,14.810435443902852,16.80384048104053,0.8394885790498777,12.671779788708136
dynamic_constant,15,38,3900,13.081138830084189,14.658609087008449,16.6,0.7450272478134163,12.671779788708136
dynamic_constant,15,39,4000,13.163818169698587,14.706980993687859,17.99582971014219,0.7689485172862051,12.671779788708136
dynamic_constant,15,40,4100,13.361324772583615,14.738010631001536,18.077154105707724,0.7563625883019081,12.671779788708136
dynamic_constant,15,41,4200,13.163818169698587,14.977367859944522,17.377032961426902,0.7672002620381376,12.671779788708136
dynamic_constant,15,42,4300,13.140175425099137,14.882276954973761,16.924451190127584,0.7781289963976761,12.671779788708136
dynamic_constant,15,43,4400,13.314642819948224,14.874851947427212,17.949444375840397,0.7668212963673677,12.671779788708136
dynamic_constant,15,44,4500,13.235270009440733,14.797205478582521,16.5731721238443,0.6663334566478561,12.671779788708136
dynamic_constant,15,45,4600,13.140175425099137,14.74696175236786,16.497057550292606,0.6861490428878224,12.671779788708136
dynamic_constant,15,46,4700,13.119803902718557,14.889457049728174,18.230727575266254,0.8731700103301816,12.671779788708136
dynamic_constant,15,47,4800,13.162049935181331,14.832550666375193,16.588621651498336,0.8461601427372835,12.671779788708136
dynamic_constant,15,48,4900,13.088409872672514,14.78783077369446,17.147630988187686,0.8889540115280771,12.671779788708136
dynamic_constant,15,49,5000,13.095445115010332,14.649362854901504,17.064132562731402,0.8169859634919363,12.671779788708136
dynamic_constant,15,50,5100,13.095445115010332,14.527035851959392,16.841653005427766,0.8043294823165514,12.671779788708136
dynamic_constant,16,0,100,18.099999999999998,20.843011159136953,23.707567081708245,1.0781781184374002,18.099999999999998
dynamic_constant,16,1,200,15.646916505762094,20.3010992598764,32.741311123146744,3.0779554115767502,15.646916505762094
dynamic_constant,16,2,300,15.615167380558045,18.43193292653896,30.419803902718556,2.1705033558751587,15.615167380558045
dynamic_constant,16,3,400,15.549509756796393,17.301612428741887,23.423538406167136,1.145552929905637,15.549509756796393
dynamic_constant,16,4,500,14.630495168499706,16.726832362743743,20.016609194718917,0.8152929652316436,14.630495168499706
dynamic_constant,16,5,600,14.467670500619608,16.54724630297642,18.83589667773576,0.8384674059132894,14.467670500619608
dynamic_constant,16,6,700,14.3554305086342,16.252140018110335,21.377032961426902,1.0377974044181164,14.3554305086342
dynamic_constant,16,7,800,14.22928563989645,16.082066935841677,18.8459060435492,0.9182475397491061,14.22928563989645
dynamic_constant,16,8,900,13.657342370508884,15.824871040432276,17.921110992882646,0.7900089123154662,13.657342370508884
dynamic_constant,16,9,1000,14.423243291566195,15.680097102404787,18.859591794226542,0.8380933018047942,13.657342370508884
dynamic_constant,16,10,1100,13.837211521390788,15.708737644317612,18.252610922848042,0.885840098764745,13.657342370508884
dynamic_constant,16,11,1200,13.938181191654584,15.496299905364081,17.42703841770968,0.818406440379855,13.657342370508884
dynamic_constant,16,12,1300,13.659126028197399,15.451905919698051,18.87840487520902,0.962846377513244,13.657342370508884
dynamic_constant,16,13,1400,13.495829710142187,15.367725213973022,17.45363949069005,0.7762448112522506,13.495829710142187
dynamic_constant,16,14,1500,13.696150997149434,15.552684865126299,19.609243436828812,1.0853169286491209,13.495829710142187
dynamic_constant,16,15,1600,14.039387691339813,15.324793462386223,17.40312347560939,0.7573518851128128,13.495829710142187
dynamic_constant,16,16,1700,13.339607805437115,15.281468080546345,18.140658617698016,0.8107044012262894,13.339607805437115
dynamic_constant,16,17,1800,13.734387974463898,15.442667086293575,19.192415526630867,0.8823147313652955,13.339607805437115
dynamic_constant,16,18,1900,13.91547594742265,15.570154304691586,19.92897216438267,0.9315587792905043,13.339607805437115
dynamic_constant,16,19,2000,13.47156333832011,15.385844852290177,21.830950643030008,1.1175601523776098,13.339607805437115
dynamic_constant,16,20,2100,13.86356421265527,15.43448688477876,19.258317958127243,0.9390504257646665,13.339607805437115
dynamic_constant,16,21,2200,13.493468988235943,15.5016036519719,18.67681974534503,0.9518560839622396,13.339607805437115
dynamic_constant,16,22,2300,13.493468988235943,15.588248602350745,21.115587038162705,1.1412477120601108,13.339607805437115
dynamic_constant,16,23,2400,13.493468988235943,15.443012437541622,18.503844259188625,0.8811377685322579,13.339607805437115
dynamic_constant,16,24,2500,13.520465053408525,15.347384855476951,17.86356421265527,0.8720838707730597,13.339607805437115
dynamic_constant,16,25,2600,13.5,15.482308608548413,18.04494897427832,0.8776902177648008,13.339607805437115
dynamic_constant,16,26,2700,14.141186241925155,15.513242712545079,18.44935886896179,0.7485673465237296,13.339607805437115
dynamic_constant,16,27,2800,13.397366596101028,15.631864499930934,19.322611077089288,0.979926642444457,13.339607805437115
dynamic_constant,16,28,2900,13.949137674618944,15.393449377105682,17.214674215792776,0.7441366188283879,13.339607805437115
dynamic_constant,16,29,3000,13.36287388383278,15.340948571397675,18.87175030543074,0.8204256897080642,13.339607805437115
dynamic_constant,16,30,3100,13.3,15.392103224066277,18.18526217596215,0.8399637606149623,13.3
dynamic_constant,16,31,3200,13.377902338672774,15.194926947072691,17.214944167960986,0.7410998253734782,13.3
dynamic_constant,16,32,3300,13.63901391331568,15.230033254420041,19.606404996924923,0.9068232510780763,13.3
dynamic_constant,16,33,3400,12.914213562373096,15.261589761390074,19.316609194718914,0.9264000740870343,12.914213562373096
dynamic_constant,16,34,3500,12.961324772583616,15.151149485349558,19.30609303352956,0.9882009963973101,12.914213562373096
dynamic_constant,16,35,3600,12.803329637837292,14.990487218916353,17.949576240750524,0.9233768714070759,12.803329637837292
dynamic_constant,16,36,3700,13.22474487139159,15.091085406416289,19.610589071449372,1.04085035360936,12.803329637837292
dynamic_constant,16,37,3800,13.322611077089286,15.123621734269756,17.811744421846395,0.9367444591593126,12.803329637837292
dynamic_constant,16,38,3900,13.1431676725155,15.059001115680594,18.531300056749533,0.9536028627813188,12.803329637837292
dynamic_constant,16,39,4000,13.1431676725155,15.080400633219135,18.059591794226545,0.9279278253931463,12.803329637837292
dynamic_constant,16,40,4100,13.657342370508884,15.074091566720318,17.79323706252388,0.7978604854862553,12.803329637837292
dynamic_constant,16,41,4200,13.37082869338697,15.046093181211795,17.246099521676044,0.8317305929615821,12.803329637837292
dynamic_constant,16,42,4300,13.263976744055029,15.159091952182937,18.172004514666934,0.9894513685210821,12.803329637837292
dynamic_constant,16,43,4400,13.28806130178211,14.935455824384439,18.435112807463533,1.0451953731243193,12.803329637837292
dynamic_constant,16,44,4500,13.507130750570548,14.835655209321668,17.412931993250105,0.8487113823210434,12.803329637837292
dynamic_constant,16,45,4600,13.264688270438851,14.84810045283474,18.097617696340304,0.9544721979599364,12.803329637837292
dynamic_constant,16,46,4700,13.264688270438851,14.964000582372684,18.01657508881031,0.9742050797271744,12.803329637837292
dynamic_constant,16,47,4800,13.08679622641132,15.111646198291705,19.520465053408525,1.1428002402144577,12.803329637837292
dynamic_constant,16,48,4900,13.08679622641132,14.95087299816481,18.020897306865447,0.9831983118039227,12.803329637837292
dynamic_constant,16,49,5000,13.560107523773826,14.843701223396666,18.252396473549936,0.9877027992686163,12.803329637837292
dynamic_constant,16,50,5100,13.409975124224179,14.952278032919951,17.432575659723035,0.8966163385009772,12.803329637837292
dynamic_constant,17,0,100,18.640967364599085,20.850530728294924,23.503123475609392,1.0538216349824234,18.640967364599085
dynamic_constant,17,1,200,15.845906043549196,20.217534877703887,32.36843871413581,2.4294236400563114,15.845906043549196
dynamic_constant,17,2,300,15.024845673131658,19.05915548032705,31.908304597359457,2.832692824451427,15.024845673131658
dynamic_constant,17,3,400,15.264688270438851,17.667254643923687,26.310693864511038,1.655728844622438,15.024845673131658
dynamic_constant,17,4,500,14.735270009440733,16.725086974655877,20.54959013639538,0.8902394093470665,14.735270009440733
dynamic_constant,17,5,600,14.600000000000001,16.449960209226113,20.43130005674953,0.8676534672754282,14.600000000000001
dynamic_constant,17,6,700,14.125747767665558,16.10637516456617,18.567366884975474,0.7850157714705195,14.125747767665558
dynamic_constant,17,7,800,14.00454076850486,16.026233809734936,18.713552872566005,0.8207828537739219,14.00454076850486
dynamic_constant,17,8,900,13.992838827718412,15.692938911395434,18.026368339802364,0.6585934357859654,13.992838827718412
dynamic_constant,17,9,1000,14.333907960581373,15.748699878091507,17.96619037896906,0.8031566723096014,13.992838827718412
dynamic_constant,17,10,1100,14.1131126469709,15.681084494883791,17.953720459187963,0.766751053724636,13.992838827718412
dynamic_constant,17,11,1200,13.970540018881465,15.564242261015858,20.05657137141714,0.8612377698319534,13.970540018881465
dynamic_constant,17,12,1300,13.777154105707723,15.524284824269158,19.96522961801754,0.8278201717722453,13.777154105707723
dynamic_constant,17,13,1400,13.904540768504859,15.430347625675504,18.672004514666934,0.725550962116219,13.777154105707723
dynamic_constant,17,14,1500,14.079075450674063,15.410135103024903,17.588409872672514,0.6841993888032746,13.777154105707723
dynamic_constant,17,15,1600,14.059591794226542,15.533800107903966,18.560107523773826,0.8811402439660989,13.777154105707723
dynamic_constant,17,16,1700,14.160107523773828,15.493605135146293,18.37571129984594,0.8780109849115939,13.777154105707723
dynamic_constant,17,17,1800,13.96619037896906,15.57835942603899,20.475817632051932,1.0252500611784285,13.777154105707723
dynamic_constant,17,18,1900,14.1131126469709,15.55343307787437,19.57907545067406,0.9629784635471679,13.777154105707723
dynamic_constant,17,19,2000,13.991153452528778,15.538719352049872,20.43095064303001,1.045456065199379,13.777154105707723
dynamic_constant,17,20,2100,14.160107523773828,15.54467759269887,18.449576240750524,0.776287918213806,13.777154105707723
dynamic_constant,17,21,2200,13.991153452528778,15.766013311589678,19.5,0.9890459105473298,13.777154105707723
dynamic_constant,17,22,2300,14.14355957741627,15.32918243661445,17.21839138219832,0.7421538607111725,13.777154105707723
dynamic_constant,17,23,2400,14.16468827043885,15.409184596616344,19.48148877222268,0.9091918624162308,13.777154105707723
dynamic_constant,17,24,2500,13.887467277262665,15.474321309427639,19.077902338672775,0.8921215270502678,13.777154105707723
dynamic_constant,17,25,2600,13.993737745050923,15.463070442530045,19.967670500619608,0.9136749157546133,13.777154105707723
dynamic_constant,17,26,2700,13.836229149573722,15.436435155646647,20.22074368738204,0.9459915239032881,13.777154105707723
dynamic_constant,17,27,2800,13.914213562373096,15.353067993143053,17.623243291566194,0.8634788897448608,13.777154105707723
dynamic_constant,17,28,2900,13.739071942966532,15.270065244046423,18.585677655436825,0.8347102682134628,13.739071942966532
dynamic_constant,17,29,3000,13.981488772222677,15.355503584285835,17.70713075057055,0.8029878211430922,13.739071942966532
dynamic_constant,17,30,3100,13.70332963783729,15.311095891522898,19.51657508881031,0.8885376304484591,13.70332963783729
dynamic_constant,17,31,3200,13.563818169698585,15.189876663893,16.741487374764084,0.7486429678871075,13.563818169698585
dynamic_constant,17,32,3300,13.462049935181332,15.17564965941258,17.663818169698587,0.7921741378974183,13.462049935181332
dynamic_constant,17,33,3400,13.462049935181332,15.07206455498766,17.63469899493758,0.9275019804384707,13.462049935181332
dynamic_constant,17,34,3500,13.254723699099141,15.077759567542516,18.44935886896179,0.9989254849669496,13.254723699099141
dynamic_constant,17,35,3600,13.311871208194287,14.89022327032556,18.42756668824971,0.8056571289469499,13.254723699099141
dynamic_constant,17,36,3700,13.411871208194288,15.046779113725073,18.316590212458493,0.8751580318066471,13.254723699099141
dynamic_constant,17,37,3800,13.524845673131658,14.99415811000656,17.70332963783729,0.7437886611241294,13.254723699099141
dynamic_constant,17,38,3900,13.911871208194288,15.052261950634414,17.10554700852678,0.6240518158298288,13.254723699099141
dynamic_constant,17,39,4000,13.333907960581373,14.96469788321997,17.397366596101026,0.773551570429233,13.254723699099141
dynamic_constant,17,40,4100,13.462049935181332,15.046575059779467,18.429705854077834,0.8002498490145944,13.254723699099141
dynamic_constant,17,41,4200,13.38494332412792,15.112173550328835,17.21084400165827,0.776233241814842,13.254723699099141
dynamic_constant,17,42,4300,13.585229954635272,14.958524019163294,17.09347363114234,0.745855031274039,13.254723699099141
dynamic_constant,17,43,4400,13.024807680927193,15.034953023919813,17.183281572999746,0.817922370222941,13.024807680927193
dynamic_constant,17,44,4500,13.307878402833891,14.91818351185497,16.69332590941915,0.7443679530512246,13.024807680927193
dynamic_constant,17,45,4600,13.024807680927193,15.022892510722492,18.059591794226545,0.9811104100772323,13.024807680927193
dynamic_constant,17,46,4700,13.303329637837292,15.018067010329867,17.334057902536163,0.8970705028530755,13.024807680927193
dynamic_constant,17,47,4800,13.269693845669908,14.961913191321374,17.57967389859482,0.8567939258800255,13.024807680927193
dynamic_constant,17,48,4900,13.322611077089286,15.113361951974102,17.696150997149434,0.8400276053027461,13.024807680927193
dynamic_constant,17,49,5000,13.322611077089286,15.087069733934602,18.340967364599088,0.8489961807028411,13.024807680927193
dynamic_constant,17,50,5100,13.033907960581372,14.878285606220231,18.593468988235944,0.8227794670877274,13.024807680927193
dynamic_constant,18,0,100,18.22474487139159,20.96363941074591,23.25306852353742,0.9944969775283453,18.22474487139159
dynamic_constant,18,1,200,15.614674215792775,20.603664720160165,32.48840987267251,3.270708014324479,15.614674215792775
dynamic_constant,18,2,300,15.657342370508884,18.47245376144353,24.870828693386972,2.011618075693991,15.614674215792775
dynamic_constant,18,3,400,15.490465367951394,17.249994701225024,21.2770329614269,1.185563617860325,15.490465367951394
dynamic_constant,18,4,500,14.69722114972099,16.609443461424593,21.19145450909576,0.9341170199592227,14.69722114972099
dynamic_constant,18,5,600,14.74004830889689,16.306596694480856,18.153098380168622,0.7909757514489201,14.69722114972099
dynamic_constant,18,6,700,14.449576240750524,16.250451840417064,19.04880884817015,0.7608289889813652,14.449576240750524
dynamic_constant,18,7,800,14.449576240750524,16.156254887177138,19.868787265568827,0.8069258320713751,14.449576240750524
dynamic_constant,18,8,900,14.466479394838265,15.980264500410637,18.1431676725155,0.7514980442873332,14.449576240750524
dynamic_constant,18,9,1000,14.585677655436825,15.991152440750772,18.72654919008431,0.8262028479968795,14.449576240750524
dynamic_constant,18,10,1100,14.542080668885404,15.98220077055267,17.80924343682881,0.7026074898476402,14.449576240750524
dynamic_constant,18,11,1200,14.542080668885404,16.036040716475053,18.88166632639171,0.8539125558552505,14.449576240750524
dynamic_constant,18,12,1300,14.509980079602226,15.988264578831366,20.80384048104053,0.9624044983505335,14.449576240750524
dynamic_constant,18,13,1400,14.53732584763727,15.817996100643324,17.560388679233963,0.7339973483834494,14.449576240750524
dynamic_constant,18,14,1500,14.160601043544625,15.699697077054466,18.60768096208106,0.7858684680029933,14.160601043544625
dynamic_constant,18,15,1600,13.95472369909914,15.824975231411706,18.37840487520902,0.7593511448328869,13.95472369909914
dynamic_constant,18,16,1700,13.581138830084189,15.674484414496956,18.73606797749979,0.7334796612045164,13.581138830084189
dynamic_constant,18,17,1800,13.96619037896906,15.635574531533953,19.844009029333872,0.931093854370465,13.581138830084189
dynamic_constant,18,18,1900,13.96619037896906,15.52536303883802,18.01869538788622,0.7831084072199884,13.581138830084189
dynamic_constant,18,19,2000,14.15796522451032,15.585596797704348,17.781934729198174,0.7519687673940679,13.581138830084189
dynamic_constant,18,20,2100,14.14575131106459,15.600293137030828,17.72736184954957,0.8595983962382275,13.581138830084189
dynamic_constant,18,21,2200,14.14575131106459,15.560352798928763,18.267274898667694,0.7929466663349634,13.581138830084189
dynamic_constant,18,22,2300,14.14575131106459,15.616921927967992,19.474165738677396,0.9750599783482445,13.581138830084189
dynamic_constant,18,23,2400,13.557583690279023,15.516211118742927,18.4886890422961,0.7784609377322993,13.557583690279023
dynamic_constant,18,24,2500,13.841640786499873,15.781455715201918,20.57364413533277,1.1838900622207686,13.557583690279023
dynamic_constant,18,25,2600,13.922497216032184,15.692155034114602,19.599999999999998,0.9933893093255711,13.557583690279023
dynamic_constant,18,26,2700,13.869535971483266,15.575067441047876,21.322611077089288,1.1688199515691442,13.557583690279023
dynamic_constant,18,27,2800,13.588409872672514,15.679102689666358,21.17979589711327,1.120023005238074,13.557583690279023
dynamic_constant,18,28,2900,13.588409872672514,15.741810327227457,19.992838827718412,1.1503578316189138,13.557583690279023
dynamic_constant,18,29,3000,13.68062484748657,15.854344692084561,21.894438717061494,1.2622273525641303,13.557583690279023
dynamic_constant,18,30,3100,13.127361849549569,15.753746924319433,20.031300056749533,1.0831340110063499,13.127361849549569
dynamic_constant,18,31,3200,13.491153452528778,15.742017568898234,19.155592347112503,1.1632349850460963,13.127361849549569
dynamic_constant,18,32,3300,13.491153452528778,15.881267589664533,21.99373774505092,1.4351931139383032,13.127361849549569
dynamic_constant,18,33,3400,13.80384048104053,15.620554270934122,18.604996878900156,1.0098293948051,13.127361849549569
dynamic_constant,18,34,3500,13.1431676725155,15.55850385687574,19.05796522451032,1.0282410464126757,13.127361849549569
dynamic_constant,18,35,3600,13.477638883463117,15.46310959060718,19.060107523773826,1.0900712883617925,13.127361849549569
dynamic_constant,18,36,3700,13.193737745050923,15.497787681268996,19.816515138991168,1.217553450956983,13.127361849549569
dynamic_constant,18,37,3800,13.491153452528778,15.501020450297828,20.456465996625056,1.3524559751095306,13.127361849549569
dynamic_constant,18,38,3900,13.588409872672514,15.62531468846433,20.04959013639538,1.2358735658768571,13.127361849549569
dynamic_constant,18,39,4000,13.929705854077836,15.687237875723113,21.483239697419133,1.3432857803870348,13.127361849549569
dynamic_constant,18,40,4100,13.533030277982336,15.554373108666395,19.391153452528776,1.159749164508029,13.127361849549569
dynamic_constant,18,41,4200,13.6131126469709,15.655467451560433,21.474165738677396,1.322450321524826,13.127361849549569
dynamic_constant,18,42,4300,13.822611077089286,15.59957856003684,19.956465996625056,1.1342418986015785,13.127361849549569
dynamic_constant,18,43,4400,13.7131126469709,15.617146129202704,19.30384048104053,1.082033292396695,13.127361849549569
dynamic_constant,18,44,4500,13.94928556845359,15.572329200153227,19.172004514666934,0.9739807361267429,13.127361849549569
dynamic_constant,18,45,4600,13.37082869338697,15.470634237707857,19.00365690573664,0.9967798778613958,13.127361849549569
dynamic_constant,18,46,4700,13.58494332412792,15.439665780222509,18.30384048104053,1.0787949134609593,13.127361849549569
dynamic_constant,18,47,4800,13.513552872566004,15.379529176574268,19.0293765408777,1.123206811598284,13.127361849549569
dynamic_constant,18,48,4900,13.45472369909914,15.362421673832259,19.161706725018234,1.0749386224835091,13.127361849549569
dynamic_constant,18,49,5000,13.56287388383278,15.578591123803603,22.32379000772445,1.3883509011417583,13.127361849549569
dynamic_constant,18,50,5100,13.520465053408525,15.753055481129758,21.16770782520313,1.2700456462778171,13.127361849549569
dynamic_constant,19,0,100,18.134846922834953,20.91920213679504,23.400000000000002,1.0910004931408577,18.134846922834953
dynamic_constant,19,1,200,15.577902338672773,20.517705528140517,32.769693845669906,2.929298142195201,15.577902338672773
dynamic_constant,19,2,300,15.235270009440733,18.64635108070588,28.6431676725155,2.0540539867202865,15.235270009440733
dynamic_constant,19,3,400,14.845906043549196,17.418453864536033,25.22736184954957,1.4086468801268663,14.845906043549196
dynamic_constant,19,4,500,15.367274898667695,16.925083338046846,20.177193921634785,1.0310004271480055,14.845906043549196
dynamic_constant,19,5,600,15.176575213227443,16.506409464527675,18.868438714135813,0.7558224318760142,14.845906043549196
dynamic_constant,19,6,700,14.721904042583699,16.39312548777548,19.86124969497314,0.825313268744613,14.721904042583699
dynamic_constant,19,7,800,14.864054992217051,16.23107298143629,18.788854381999833,0.7865705261205871,14.721904042583699
dynamic_constant,19,8,900,14.758317958127243,16.1227203553224,18.48790581563873,0.6939860784700557,14.721904042583699
dynamic_constant,19,9,1000,14.494438717061497,16.112307592247383,19.89192496674806,0.7378419384734494,14.494438717061497
dynamic_constant,19,10,1100,14.36397674405503,16.286734535923323,19.868647607026546,0.9059575364696691,14.36397674405503
dynamic_constant,19,11,1200,14.868787265568827,16.283113593782502,19.11519230368573,0.8215436734373187,14.36397674405503
dynamic_constant,19,12,1300,14.024845673131658,16.064873071491643,18.435415650406263,0.7583877811721589,14.024845673131658
dynamic_constant,19,13,1400,14.227566688249707,16.09989244965701,18.856349099818896,0.8854310339047494,14.024845673131658
dynamic_constant,19,14,1500,14.52710574513201,16.18123338919582,19.453720459187966,0.9891906663262311,14.024845673131658
dynamic_constant,19,15,1600,14.721904042583699,16.134897440755086,20.646426544510454,0.852401467512408,14.024845673131658
dynamic_constant,19,16,1700,14.721904042583699,16.14723842469541,18.614482300479487,0.7372034025971614,14.024845673131658
dynamic_constant,19,17,1800,14.620215047547655,15.875384259465564,17.50740233383831,0.5850723218303332,14.024845673131658
dynamic_constant,19,18,1900,14.814642819948224,16.092310535910812,18.42897216438267,0.6968843261161741,14.024845673131658
dynamic_constant,19,19,2000,14.596662954709576,16.147457907222318,18.833630940518894,0.7675469418325546,14.024845673131658
dynamic_constant,19,20,2100,14.493468988235943,15.964183774884088,19.488409872672513,0.8672680460352269,14.024845673131658
dynamic_constant,19,21,2200,14.396662954709576,15.951883788993792,19.667156809750924,0.9824352280933416,14.024845673131658
dynamic_constant,19,22,2300,14.22474487139159,15.788587962141518,19.927105745132007,1.0052068768945412,14.024845673131658
dynamic_constant,19,23,2400,14.055294535724686,15.882346519402601,18.524845673131658,0.9878485211363003,14.024845673131658
dynamic_constant,19,24,2500,14.232050807568877,15.90711895052585,18.520897306865447,0.9719229578985555,14.024845673131658
dynamic_constant,19,25,2600,14.232050807568877,15.827226116193806,20.32232783924049,0.9622970907054256,14.024845673131658
dynamic_constant,19,26,2700,13.80384048104053,15.781298165751348,19.428991560298222,0.9749469373221814,13.80384048104053
dynamic_constant,19,27,2800,13.948331477354788,15.774544238501687,18.781934729198174,0.877083557654695,13.80384048104053
dynamic_constant,19,28,2900,13.829563014098701,15.95658728317991,19.509980079602226,1.083062787211573,13.80384048104053
dynamic_constant,19,29,3000,14.285229954635271,15.947755586346876,19.302172886644268,1.0059032030401722,13.80384048104053
dynamic_constant,19,30,3100,13.960232526704262,15.68926481742963,18.513552872566002,0.8452588820707163,13.80384048104053
dynamic_constant,19,31,3200,13.948999599679679,16.070358378772163,20.672004514666934,1.2716568188089143,13.80384048104053
dynamic_constant,19,32,3300,13.72736184954957,15.966719394093687,22.42756668824971,1.3658152314601397,13.72736184954957
dynamic_constant,19,33,3400,13.764911064067352,15.7640035831338,19.36619037896906,1.017510696617387,13.72736184954957
dynamic_constant,19,34,3500,13.707106781186548,15.664778478126276,20.381742422927143,1.0969765996900311,13.707106781186548
dynamic_constant,19,35,3600,13.756465996625053,15.916155862879307,21.227566688249706,1.375204900552665,13.707106781186548
dynamic_constant,19,36,3700,13.816515138991168,16.002958852484177,19.715339366124404,1.2228187177269851,13.707106781186548
dynamic_constant,19,37,3800,14.01657508881031,15.942807623555186,20.26397674405503,1.1713067380177657,13.707106781186548
dynamic_constant,19,38,3900,13.394427190999917,16.14159557717366,21.311871208194287,1.4190374171595999,13.394427190999917
dynamic_constant,19,39,4000,13.923538406167134,15.865120807521686,20.334846922834956,1.2448981773422072,13.394427190999917
dynamic_constant,19,40,4100,14.06287388383278,15.677781067363071,19.422497216032184,1.0460716474945337,13.394427190999917
dynamic_constant,19,41,4200,13.707106781186548,15.654059613482868,19.09666295470958,1.0589782594131865,13.394427190999917
dynamic_constant,19,42,4300,13.54899959967968,15.55261173013422,18.70185121722126,0.8972045177503875,13.394427190999917
dynamic_constant,19,43,4400,13.80384048104053,15.91361367764358,20.988409872672513,1.2155456093710455,13.394427190999917
dynamic_constant,19,44,4500,13.73622914957372,15.79660688253485,20.314642819948226,1.1440122610367895,13.394427190999917
dynamic_constant,19,45,4600,13.73622914957372,15.643126350505833,19.57364413533277,1.1038386573706636,13.394427190999917
dynamic_constant,19,46,4700,13.87082869338697,15.64734976742219,18.83236903073119,0.9797774614524843,13.394427190999917
dynamic_constant,19,47,4800,13.956465996625052,15.77331484443713,19.660601043544624,1.1360749547920144,13.394427190999917
dynamic_constant,19,48,4900,13.70332963783729,15.735787391476812,19.432575659723035,1.2055426768440762,13.394427190999917
dynamic_constant,19,49,5000,13.64355957741627,15.648912181705027,20.8295630140987,1.2325001832538696,13.394427190999917
dynamic_constant,19,50,5100,13.816590212458495,15.637948451330324,20.691366458960193,1.1137445224057132,13.394427190999917
dynamic_exponential,0,0,100,18.72736184954957,20.797298156446587,23.24400902933387,0.9663858374888888,18.72736184954957
dynamic_exponential,0,1,200,16.122862220715,20.384233285475368,34.29283882771841,2.9877441465751993,16.122862220715
dynamic_exponential,0,2,300,15.467491648096548,18.764129035732086,29.663818169698587,2.618014633895064,15.467491648096548
dynamic_exponential,0,3,400,15.356349099818896,17.332063012910798,21.923538406167136,1.071207476912246,15.356349099818896
dynamic_exponential,0,4,500,15.222649545167231,16.900598120566883,20.06767050061961,0.8592719104756301,15.222649545167231
dynamic_exponential,0,5,600,15.489459064299282,16.592383002859098,18.051548460377916,0.5248748888656255,15.222649545167231
dynamic_exponential,0,6,700,15.478516483155236,16.47044776220211,18.942276586281547,0.5794029203856189,15.222649545167231
dynamic_exponential,0,7,800,15.22928563989645,16.349970607942595,18.96522961801754,0.632507253392016,15.222649545167231
dynamic_exponential,0,8,900,14.982390527904395,16.08869626251027,18.949615361854384,0.6361859207032472,14.982390527904395
dynamic_exponential,0,9,1000,14.815587038162704,15.985947655271746,17.588435821108956,0.6741621816642285,14.815587038162704
dynamic_exponential,0,10,1100,14.424099870362664,15.800668124824684,17.68072158238645,0.6627421714274803,14.424099870362664
dynamic_exponential,0,11,1200,14.5,15.72873563840325,17.35517776493246,0.6316685381151373,14.424099870362664
dynamic_exponential,0,12,1300,13.87082869338697,15.664371862458472,17.30094331227943,0.6643825987261586,13.87082869338697
dynamic_exponential,0,13,1400,14.121320343559642,15.574983906795744,17.20599640431353,0.6555572176271535,13.87082869338697
dynamic_exponential,0,14,1500,13.98790581563873,15.65765926118409,17.752272056851645,0.7743704597127801,13.87082869338697
dynamic_exponential,0,15,1600,14.056349099818895,15.664799494961448,17.8,0.7984826597906455,13.87082869338697
dynamic_exponential,0,16,1700,14.056571371417139,15.690595752517625,18.194182110716778,0.8250065659783443,13.87082869338697
dynamic_exponential,0,17,1800,14.12074368738204,15.629256340848872,18.516609194718917,0.8448267626416383,13.87082869338697
dynamic_exponential,0,18,1900,13.777154105707723,15.436531585149947,17.363869458396344,0.6913670151063727,13.777154105707723
dynamic_exponential,0,19,2000,13.777154105707723,15.339329406938129,17.261706725018236,0.7854384887111888,13.777154105707723
dynamic_exponential,0,20,2100,13.777154105707723,15.218766585813201,17.16190128606002,0.7904893677056211,13.777154105707723
dynamic_exponential,0,21,2200,14.081138830084189,15.243140346149946,16.924451190127584,0.666693883617871,13.777154105707723
dynamic_exponential,0,22,2300,14.12074368738204,15.358419720254833,17.524944444170092,0.7012973927815699,13.777154105707723
dynamic_exponential,0,23,2400,13.981488772222677,15.416208115313081,18.396662954709576,0.8706935192001728,13.777154105707723
dynamic_exponential,0,24,2500,13.555294535724686,15.37188802747911,17.34604989415154,0.7015943451726674,13.555294535724686
dynamic_exponential,0,25,2600,13.56287388383278,15.336123810767493,17.12261107708929,0.7785236958048178,13.555294535724686
dynamic_exponential,0,26,2700,13.483239697419133,15.21920266924378,17.51996015920445,0.7353525166797278,13.483239697419133
dynamic_exponential,0,27,2800,13.483239697419133,15.2494728718599,18.841640786499873,0.913583398041982,13.483239697419133
dynamic_exponential,0,28,2900,13.513552872566004,15.148543243215752,17.242694391866355,0.810995442068376,13.483239697419133
dynamic_exponential,0,29,3000,13.577638883463118,15.083775640058079,17.524807680927193,0.8077350537399298,13.483239697419133
dynamic_exponential,0,30,3100,13.477638883463117,15.076063688817094,17.72736184954957,0.9190817212858187,13.477638883463117
dynamic_exponential,0,31,3200,13.01657508881031,14.982044867140564,18.99582971014219,0.9682478251978136,13.01657508881031
dynamic_exponential,0,32,3300,13.467707825203131,14.818145291918214,16.837087712930803,0.7599871696571477,13.01657508881031
dynamic_exponential,0,33,3400,13.467707825203131,14.932832460046814,17.4591260281974,0.8089274778368213,13.01657508881031
dynamic_exponential,0,34,3500,13.396662954709576,14.957562584429397,16.782700064749122,0.7518548376550568,13.01657508881031
dynamic_exponential,0,35,3600,13.322497216032183,14.8674649458948,17.857066051117283,0.7224645376769119,13.01657508881031
dynamic_exponential,0,36,3700,13.46619037896906,14.975522654521429,17.40609303352956,0.8435932627878481,13.01657508881031
dynamic_exponential,0,37,3800,13.380624847486569,14.903316414474537,17.981742422927145,0.7603539702004838,13.01657508881031
dynamic_exponential,0,38,3900,13.44928556845359,14.712469025965863,16.77967389859482,0.5928927374207045,13.01657508881031
dynamic_exponential,0,39,4000,13.456465996625052,14.810973959732289,18.322497216032183,0.7572971132779911,13.01657508881031
dynamic_exponential,0,40,4100,13.163818169698587,14.775059401052586,17.060107523773826,0.7510288346145902,13.01657508881031
dynamic_exponential,0,41,4200,13.448999599679679,14.872487874612586,17.84390889145858,0.8160629662579487,13.01657508881031
dynamic_exponential,0,42,4300,13.581138830084189,14.691053857873168,17.727566688249706,0.7242794484108723,13.01657508881031
dynamic_exponential,0,43,4400,13.183215956619923,14.904074554111968,18.56287388383278,0.9289672114457516,13.01657508881031
dynamic_exponential,0,44,4500,13.577638883463118,14.905011179424637,18.549444375840398,0.87592705712672,13.01657508881031
dynamic_exponential,0,45,4600,13.183215956619923,14.86766067132947,17.55758369027902,0.8056365111599669,13.01657508881031
dynamic_exponential,0,46,4700,13.36619037896906,14.731273260273626,16.927566688249705,0.736605299399455,13.01657508881031
dynamic_exponential,0,47,4800,13.530727575266251,14.61637098052839,17.60554700852678,0.6886894716345899,13.01657508881031
dynamic_exponential,0,48,4900,13.361324772583615,14.678480208990361,16.256809750418043,0.6808411121863728,13.01657508881031
dynamic_exponential,0,49,5000,13.361324772583615,14.671525606548292,17.948331477354788,0.8235752229927236,13.01657508881031
dynamic_exponential,0,50,5100,13.559591794226542,14.608732074739716,17.911871208194288,0.7865298525134279,13.01657508881031
dynamic_exponential,1,0,100,18.456465996625056,20.880490305213378,23.971750305430742,1.0861954924259782,18.456465996625056
dynamic_exponential,1,1,200,15.83236903073119,20.079930532380924,31.336660026534076,2.917588502919616,15.83236903073119
dynamic_exponential,1,2,300,14.41152144312159,17.955941307912195,24.98309518948453,1.9457303660694742,14.41152144312159
dynamic_exponential,1,3,400,14.422649545167229,16.73695950732887,22.49582971014219,1.2080905569853795,14.41152144312159
dynamic_exponential,1,4,500,14.121320343559642,16.27422762993668,20.63907194296653,0.9284498678395547,14.121320343559642
dynamic_exponential,1,5,600,13.956465996625052,16.099451678928034,18.45411901469428,0.8689679099359103,13.956465996625052
dynamic_exponential,1,6,700,14.47156333832011,16.045885622589005,18.84093010681705,0.7768985808272991,13.956465996625052
dynamic_exponential,1,7,800,13.927105745132009,16.116290739891394,18.094997914928747,0.7401234748845578,13.927105745132009
dynamic_exponential,1,8,900,14.242787793912433,16.037328848779154,17.90370243444252,0.7362959151703261,13.927105745132009
dynamic_exponential,1,9,1000,14.054065922853802,15.999237610240627,18.7,0.8256045708949332,13.927105745132009
dynamic_exponential,1,10,1100,13.930950643030009,15.879358680871087,18.54833147735479,0.8453482470259024,13.927105745132009
dynamic_exponential,1,11,1200,14.064965543462902,16.023759161545026,18.409988913511874,0.9222054264245396,13.927105745132009
dynamic_exponential,1,12,1300,14.6,16.02010324515282,19.562977544445356,1.0091381435972324,13.927105745132009
dynamic_exponential,1,13,1400,14.322611077089286,15.984952682534407,20.37840487520902,0.9460279542954352,13.927105745132009
dynamic_exponential,1,14,1500,14.241653005427766,15.909185257623903,18.172751070837066,0.8991714881227932,13.927105745132009
dynamic_exponential,1,15,1600,13.877902338672774,15.588377442392655,18.027900134111572,0.8278445133201763,13.877902338672774
dynamic_exponential,1,16,1700,14.255294535724685,15.623165084476602,20.758323293158117,0.9884806309377852,13.877902338672774
dynamic_exponential,1,17,1800,13.753720459187964,15.568874498084178,19.049509756796393,0.9892745421097477,13.753720459187964
dynamic_exponential,1,18,1900,13.372004514666935,15.358424566200922,17.830375285612675,0.7598145522601257,13.372004514666935
dynamic_exponential,1,19,2000,13.754723699099141,15.598522484497988,19.679075450674063,1.126953106227567,13.372004514666935
dynamic_exponential,1,20,2100,13.4,15.465187457581901,18.090732788777423,0.997369097889968,13.372004514666935
dynamic_exponential,1,21,2200,13.627361849549569,15.450921145490064,19.183266665599966,1.0519818329086512,13.372004514666935
dynamic_exponential,1,22,2300,13.679795897113271,15.520380544599147,18.316515138991168,0.9691256569128052,13.372004514666935
dynamic_exponential,1,23,2400,13.679795897113271,15.39874218003004,18.74400902933387,1.00337347934569,13.372004514666935
dynamic_exponential,1,24,2500,13.679795897113271,15.321149034855456,20.74131112314674,0.9448976232569116,13.372004514666935
dynamic_exponential,1,25,2600,13.830950643030008,15.491271394076406,19.983239697419133,1.109121366251972,13.372004514666935
dynamic_exponential,1,26,2700,13.635270009440731,15.339574893287795,19.23606797749979,0.8850168405917953,13.372004514666935
dynamic_exponential,1,27,2800,13.563818169698585,15.40375173085851,18.466479394838267,0.9884478957482025,13.372004514666935
dynamic_exponential,1,28,2900,13.68910462845192,15.474119196063182,21.183266665599966,1.1370677749046034,13.372004514666935
dynamic_exponential,1,29,3000,13.64476105895272,15.359572602242254,20.227566688249706,1.0688357024398645,13.372004514666935
dynamic_exponential,1,30,3100,13.577638883463118,15.24495985944171,17.50830459735946,0.8328966383558967,13.372004514666935
dynamic_exponential,1,31,3200,13.640175425099137,15.436769687952658,17.769693845669906,0.8053774648018965,13.372004514666935
dynamic_exponential,1,32,3300,13.73622914957372,15.35601069575384,17.996150997149435,0.8574096527555134,13.372004514666935
dynamic_exponential,1,33,3400,13.640967364599087,15.309942068649038,18.570459909270543,1.00686191849201,13.372004514666935
dynamic_exponential,1,34,3500,13.491153452528778,15.392063623404146,18.32842712474619,0.9889198126195059,13.372004514666935
dynamic_exponential,1,35,3600,13.299999999999999,15.451456448167757,20.77211421989835,1.2005547824157659,13.299999999999999
dynamic_exponential,1,36,3700,13.493468988235943,15.490228768850965,19.78790581563873,1.2343791464784954,13.299999999999999
dynamic_exponential,1,37,3800,13.549285568453591,15.277159529310927,18.56953597148327,1.0141650551413697,13.299999999999999
dynamic_exponential,1,38,3900,13.549285568453591,15.346113112081325,18.063705936241092,1.019471813214598,13.299999999999999
dynamic_exponential,1,39,4000,13.495829710142187,15.35264694089149,17.85870331449229,0.907859303238502,13.299999999999999
dynamic_exponential,1,40,4100,13.563818169698585,15.308096316193991,18.31663120551323,0.8809917820754619,13.299999999999999
dynamic_exponential,1,41,4200,13.264911064067352,15.30343713957956,19.331666249791535,0.9471885612418695,13.264911064067352
dynamic_exponential,1,42,4300,13.423538406167134,15.296527500774738,18.357066051117283,0.9230384744444815,13.264911064067352
dynamic_exponential,1,43,4400,13.423538406167134,15.169776421158954,20.94928556845359,0.9643097912722487,13.264911064067352
dynamic_exponential,1,44,4500,13.36287388383278,15.102568895961813,19.20293863659264,1.0243867846953159,13.264911064067352
dynamic_exponential,1,45,4600,13.36287388383278,15.081857327262146,18.40944739819828,0.8744733843457052,13.264911064067352
dynamic_exponential,1,46,4700,13.378404875209021,15.103880488674521,17.781934729198174,0.9838528381930499,13.264911064067352
dynamic_exponential,1,47,4800,13.260232526704263,15.209414225653084,18.900000000000002,1.1331813361522352,13.260232526704263
dynamic_exponential,1,48,4900,13.458703314492292,15.096306629567751,18.264911064067352,0.9215884274990688,13.260232526704263
dynamic_exponential,1,49,5000,13.329563014098701,15.112665504816535,19.336660026534076,0.973498105404839,13.260232526704263
dynamic_exponential,1,50,5100,13.171779788708136,15.082322805653948,19.52480768092719,0.9998417315291079,13.171779788708136
dynamic_exponential,2,0,100,18.83390796058137,20.629203275222288,22.56767050061961,0.8444515027963536,18.83390796058137
dynamic_exponential,2,1,200,15.58485705712571,19.917062361085197,30.99373774505092,2.596844502320624,15.58485705712571
dynamic_exponential,2,2,300,15.16227766016838,18.171222108536845,26.362873883832776,2.1722327440146483,15.16227766016838
dynamic_exponential,2,3,400,15.135214625627068,16.957386047768747,19.491153452528778,0.8624064779262067,15.135214625627068
dynamic_exponential,2,4,500,15.191454509095756,16.573072907755304,20.967670500619608,0.8174550801967119,15.135214625627068
dynamic_exponential,2,5,600,14.799999999999999,16.228355166787313,18.41805044483418,0.6397822616300692,14.799999999999999
dynamic_exponential,2,6,700,14.949637662132067,16.102533546845972,17.87035467668243,0.5546689879154796,14.799999999999999
dynamic_exponential,2,7,800,14.672004514666936,16.010202002813855,17.406137047074843,0.6190498233314116,14.672004514666936
dynamic_exponential,2,8,900,14.253068523537422,16.014636174108297,17.536308338453882,0.6863486079191236,14.253068523537422
dynamic_exponential,2,9,1000,14.66227766016838,15.984803573181972,17.835071296680475,0.7137663515470927,14.253068523537422
dynamic_exponential,2,10,1100,14.636664289109586,15.88958581013175,17.524944444170092,0.6136027231901854,14.253068523537422
dynamic_exponential,2,11,1200,14.423243291566195,15.872847310129114,17.755804677345548,0.6960006227186921,14.253068523537422
dynamic_exponential,2,12,1300,14.32409987036266,15.927970293496674,20.190890230020663,0.7886869977445732,14.253068523537422
dynamic_exponential,2,13,1400,14.022327839240491,15.725018783845135,17.971750305430742,0.7690680572737181,14.022327839240491
dynamic_exponential,2,14,1500,13.72474487139159,15.551571568068363,17.291812087098393,0.741590013270397,13.72474487139159
dynamic_exponential,2,15,1600,13.769693845669908,15.558493857157806,18.10768096208106,0.8573267083536154,13.72474487139159
dynamic_exponential,2,16,1700,13.343908891458577,15.534290097515479,18.843024810940587,0.839327462284143,13.343908891458577
dynamic_exponential,2,17,1800,13.795829710142188,15.500353350054672,17.76843871413581,0.813738791432049,13.343908891458577
dynamic_exponential,2,18,1900,13.73072757526625,15.57777448605952,18.937663853655728,0.8629628679648879,13.343908891458577
dynamic_exponential,2,19,2000,13.52710574513201,15.363737815746047,17.98790581563873,0.7398259060434377,13.343908891458577
dynamic_exponential,2,20,2100,13.52710574513201,15.329772817708943,17.27883913531174,0.8114199385282946,13.343908891458577
dynamic_exponential,2,21,2200,13.491153452528778,15.287370293903141,17.72574776766556,0.8239248390621561,13.343908891458577
dynamic_exponential,2,22,2300,13.258317958127243,15.173571374244819,18.085677655436825,0.8223270080565884,13.258317958127243
dynamic_exponential,2,23,2400,13.667156809750928,15.37661928903717,17.919090595827292,0.91991282886704,13.258317958127243
dynamic_exponential,2,24,2500,13.573644135332772,15.312425785745079,18.117935662402836,0.9038478915040874,13.258317958127243
dynamic_exponential,2,25,2600,13.742787793912433,15.286354990152184,18.17804971641414,0.8852035054961801,13.258317958127243
dynamic_exponential,2,26,2700,13.5732137494637,15.078814132502927,17.82987251894456,0.8284181569741034,13.258317958127243
dynamic_exponential,2,27,2800,13.18910462845192,14.984174085230313,16.957342370508886,0.7645516166606353,13.18910462845192
dynamic_exponential,2,28,2900,12.87082869338697,14.894958635405498,16.967670500619608,0.8262619848595095,12.87082869338697
dynamic_exponential,2,29,3000,12.87082869338697,14.828000553235416,17.085677655436825,0.9618266364415605,12.87082869338697
dynamic_exponential,2,30,3100,13.060107523773826,14.90289338683801,17.236877428271626,0.8549891482967036,12.87082869338697
dynamic_exponential,2,31,3200,12.981488772222677,15.068000411437584,17.448683298050515,0.8459567137877158,12.87082869338697
dynamic_exponential,2,32,3300,12.981488772222677,15.13906425546473,17.311871208194287,0.8982893366731163,12.87082869338697
dynamic_exponential,2,33,3400,13.515167380558044,15.066054738192237,17.085677655436825,0.8359090196877402,12.87082869338697
dynamic_exponential,2,34,3500,13.781934729198172,15.153611858467311,17.655277766926236,0.7949869844319025,12.87082869338697
dynamic_exponential,2,35,3600,13.533030277982336,15.136062273695853,17.55329983228432,0.8549495299718042,12.87082869338697
dynamic_exponential,2,36,3700,13.577154105707724,15.065892408873628,18.146916505762093,0.9091316894285083,12.87082869338697
dynamic_exponential,2,37,3800,13.477638883463117,14.88196732085509,16.841653005427766,0.7384342991781622,12.87082869338697
dynamic_exponential,2,38,3900,13.344994432064365,14.7848672348833,17.48790581563873,0.8478370763972769,12.87082869338697
dynamic_exponential,2,39,4000,13.1131126469709,14.747683749113724,17.381742422927143,0.9348361232169357,12.87082869338697
dynamic_exponential,2,40,4100,13.263976744055029,14.834987639521625,17.788854381999833,0.8836561205727583,12.87082869338697
dynamic_exponential,2,41,4200,12.991153452528778,14.859871235769022,17.20713075057055,0.8682043131370425,12.87082869338697
dynamic_exponential,2,42,4300,13.449358868961793,14.878687725297253,17.293325909419153,0.8283014263988949,12.87082869338697
dynamic_exponential,2,43,4400,13.430950643030009,14.84188795690353,17.34355957741627,0.7533854666281534,12.87082869338697
dynamic_exponential,2,44,4500,13.1131126469709,14.959674817084554,17.761706725018236,0.9403609553182526,12.87082869338697
dynamic_exponential,2,45,4600,13.1131126469709,14.791307478853975,17.7,0.8195962619208095,12.87082869338697
dynamic_exponential,2,46,4700,13.172004514666936,14.789247983060218,16.73238075793812,0.7338773253614104,12.87082869338697
dynamic_exponential,2,47,4800,13.253720459187964,14.842766538350263,17.449444375840397,0.8283729494538263,12.87082869338697
dynamic_exponential,2,48,4900,13.263976744055029,14.963901713028676,18.59666295470958,1.0203247898499113,12.87082869338697
dynamic_exponential,2,49,5000,13.172004514666936,14.848401843148311,19.345207879911715,0.9193610149982773,12.87082869338697
dynamic_exponential,2,50,5100,13.254723699099141,14.82891924340227,17.25277655408689,0.867242962656702,12.87082869338697
dynamic_exponential,3,0,100,18.2,20.787144770048453,22.77488738510232,0.9792709373670397,18.2
dynamic_exponential,3,1,200,15.457066051117286,20.48144398278374,31.76023252670426,3.1571863964600406,15.457066051117286
dynamic_exponential,3,2,300,15.02710574513201,18.093327927267758,29.764911064067352,2.263575243825185,15.02710574513201
dynamic_exponential,3,3,400,14.770540018881466,16.83582814843308,21.007130750570546,1.0918192003557872,14.770540018881466
dynamic_exponential,3,4,500,14.67804971641414,16.463662562653276,20.646536616149582,0.8628831915474661,14.67804971641414
dynamic_exponential,3,5,600,13.981488772222677,16.110886900704884,18.419090595827292,0.7989671434519166,13.981488772222677
dynamic_exponential,3,6,700,13.78806130178211,16.0025322594187,18.598386676965934,0.730611848555606,13.78806130178211
dynamic_exponential,3,7,800,14.125747767665558,16.021087253465392,20.089983277545212,0.8268750947440275,13.78806130178211
dynamic_exponential,3,8,900,14.1131126469709,15.931347564272235,17.590732788777423,0.7289770579273269,13.78806130178211
dynamic_exponential,3,9,1000,14.570459909270543,15.810544659048512,17.95472369909914,0.7052302203463463,13.78806130178211
dynamic_exponential,3,10,1100,14.20185121722126,15.678169518254663,19.6431676725155,0.7829328642449108,13.78806130178211
dynamic_exponential,3,11,1200,14.457066051117286,15.75755444454878,17.614482300479487,0.621841645568377,13.78806130178211
dynamic_exponential,3,12,1300,14.018695387886217,15.66944291651564,18.069870314579493,0.7377476039613275,13.78806130178211
dynamic_exponential,3,13,1400,13.977638883463117,15.519869882392022,17.549509756796393,0.736851214062116,13.78806130178211
dynamic_exponential,3,14,1500,13.85870331449229,15.549295262522733,18.61859355682789,0.7949819163353615,13.78806130178211
dynamic_exponential,3,15,1600,13.617935662402834,15.495725300160755,17.955133376499415,0.8537828943984088,13.617935662402834
dynamic_exponential,3,16,1700,13.85870331449229,15.446075295948198,17.781934729198174,0.7115719918736086,13.617935662402834
dynamic_exponential,3,17,1800,13.840063693621516,15.551967700792707,18.701428280002318,0.8433028364609753,13.617935662402834
dynamic_exponential,3,18,1900,13.302172886644268,15.375196739980879,17.567366884975474,0.7905542095717382,13.302172886644268
dynamic_exponential,3,19,2000,13.72474487139159,15.505161753203215,19.96693988153255,0.9957698366010147,13.302172886644268
dynamic_exponential,3,20,2100,13.81494416796099,15.47425849004543,19.392492955535428,0.967711009238142,13.302172886644268
dynamic_exponential,3,21,2200,13.1431676725155,15.265161061163635,17.45462698654266,0.6801737325770532,13.1431676725155
dynamic_exponential,3,22,2300,13.081138830084189,15.300606069647763,17.449545416973503,0.7906056051920314,13.081138830084189
dynamic_exponential,3,23,2400,13.1431676725155,15.323212871165953,17.76859590355097,0.7251140849084523,13.081138830084189
dynamic_exponential,3,24,2500,13.303329637837292,15.490729680084284,18.455277766926237,0.9164935098883742,13.081138830084189
dynamic_exponential,3,25,2600,13.640175425099137,15.363955422157753,18.771085446759226,0.8591526586489973,13.081138830084189
dynamic_exponential,3,26,2700,13.396662954709576,15.350813146605335,17.434192325759245,0.8144763635732901,13.081138830084189
dynamic_exponential,3,27,2800,13.200000000000001,15.275970821085318,18.64355957741627,0.941294324824499,13.081138830084189
dynamic_exponential,3,28,2900,12.830950643030008,15.331281356468267,18.65657137141714,0.9194922263094519,12.830950643030008
dynamic_exponential,3,29,3000,13.453720459187963,15.262491496465909,18.456465996625056,0.8874555467821597,12.830950643030008
dynamic_exponential,3,30,3100,14.07156333832011,15.26439488179188,18.60768096208106,0.8102322492586597,12.830950643030008
dynamic_exponential,3,31,3200,13.790724809414742,15.40875223251376,19.380697580112788,0.8932663144237082,12.830950643030008
dynamic_exponential,3,32,3300,13.801999200639361,15.330634691337,19.097617696340304,0.9544483827327386,12.830950643030008
dynamic_exponential,3,33,3400,13.66468827043885,15.314752677171548,18.844994432064368,1.0301558996331048,12.830950643030008
dynamic_exponential,3,34,3500,13.66794833886788,15.183809574395978,19.524845673131658,0.8914955043708708,12.830950643030008
dynamic_exponential,3,35,3600,13.664054992217052,15.28388000534559,20.12574776766556,0.9622094117807279,12.830950643030008
dynamic_exponential,3,36,3700,13.588435821108957,15.066164618436199,17.01651513899117,0.7612018142890487,12.830950643030008
dynamic_exponential,3,37,3800,13.533907960581372,15.02409860968577,17.709983388658483,0.7408680393709869,12.830950643030008
dynamic_exponential,3,38,3900,13.292838827718413,14.978235978378361,17.91084400165827,0.8489566662221343,12.830950643030008
dynamic_exponential,3,39,4000,13.491153452528778,14.840538737937864,17.392415526630867,0.6665947236326791,12.830950643030008
dynamic_exponential,3,40,4100,13.16794833886788,15.06867314411144,19.033907960581374,0.8763891164633418,12.830950643030008
dynamic_exponential,3,41,4200,12.981488772222677,14.940853445330866,18.467670500619608,1.043082791221309,12.830950643030008
dynamic_exponential,3,42,4300,12.841640786499873,14.701958423408007,17.391153452528776,0.9217096384717829,12.830950643030008
dynamic_exponential,3,43,4400,12.981488772222677,14.808868766355966,18.656141357987224,0.91402741598283,12.830950643030008
dynamic_exponential,3,44,4500,12.981488772222677,14.600010598825019,16.782306905057553,0.8251673194777635,12.830950643030008
dynamic_exponential,3,45,4600,12.833907960581373,14.636516934451695,17.613112646970897,0.923240459072911,12.830950643030008
dynamic_exponential,3,46,4700,12.70332963783729,14.546741314283352,19.04928556845359,0.9828156612045005,12.70332963783729
dynamic_exponential,3,47,4800,12.755294535724685,14.57505817108643,17.9886890422961,0.97361643375718,12.70332963783729
dynamic_exponential,3,48,4900,12.755294535724685,14.442972398799167,17.52710574513201,0.8875320711236752,12.70332963783729
dynamic_exponential,3,49,5000,12.872004514666935,14.62332100572785,17.6431676725155,0.8289299822218236,12.70332963783729
dynamic_exponential,3,50,5100,12.673320053068151,14.58350045437379,19.93469899493758,1.0539411131726848,12.673320053068151
dynamic_exponential,4,0,100,17.880624847486573,20.62285607058501,23.482306905057555,0.9788764107966168,17.880624847486573
dynamic_exponential,4,1,200,15.524807680927193,20.00839037674015,29.870828693386972,2.7619574733156718,15.524807680927193
dynamic_exponential,4,2,300,15.140967364599087,18.181671871324163,24.164688270438848,1.7488913673493276,15.140967364599087
dynamic_exponential,4,3,400,15.1,17.074904015514537,25.72736184954957,1.1642087147468354,15.1
dynamic_exponential,4,4,500,14.215339366124404,16.674618830942347,20.23622914957372,0.8604144046000228,14.215339366124404
dynamic_exponential,4,5,600,14.581138830084189,16.506302057431412,21.33390796058137,1.021831062195447,14.215339366124404
dynamic_exponential,4,6,700,14.481742422927145,16.384253199245236,20.70332963783729,1.0855543508980938,14.215339366124404
dynamic_exponential,4,7,800,13.961324772583616,16.16283290016786,18.314944167960988,0.8635929011443224,13.961324772583616
dynamic_exponential,4,8,900,14.227566688249707,16.119029575295357,18.7,0.8691871696333628,13.961324772583616
dynamic_exponential,4,9,1000,14.311871208194287,16.147486492823603,20.92756668824971,1.0220845063711288,13.961324772583616
dynamic_exponential,4,10,1100,13.909975124224179,16.177757107820206,19.009980079602226,1.0446806226437582,13.909975124224179
dynamic_exponential,4,11,1200,13.255294535724685,15.889089911508156,20.877902338672772,1.1837051445915132,13.255294535724685
dynamic_exponential,4,12,1300,13.878404875209021,15.888435538664183,18.50830459735946,1.0467782594767994,13.255294535724685
dynamic_exponential,4,13,1400,13.488409872672513,15.91090061356011,21.900000000000002,1.452429205188634,13.255294535724685
dynamic_exponential,4,14,1500,13.700000000000001,15.946974296622102,20.991153452528778,1.2550181411555423,13.255294535724685
dynamic_exponential,4,15,1600,14.299999999999999,15.781885585801946,19.549615361854386,0.9415428688228086,13.255294535724685
dynamic_exponential,4,16,1700,13.569535971483266,16.041904684723495,22.224807680927192,1.370763968762958,13.255294535724685
dynamic_exponential,4,17,1800,14.008304597359459,15.821309122221123,19.400000000000002,0.9849225011801612,13.255294535724685
dynamic_exponential,4,18,1900,13.95472369909914,16.112334131164733,24.09666295470958,1.4730292567651289,13.255294535724685
dynamic_exponential,4,19,2000,14.024807680927193,15.862903955336654,19.991153452528778,1.1508980465843508,13.255294535724685
dynamic_exponential,4,20,2100,14.256465996625053,15.703804487024847,19.41916017074176,0.9870152631190736,13.255294535724685
dynamic_exponential,4,21,2200,14.008304597359459,15.616152617078207,20.049509756796393,0.9723322464777321,13.255294535724685
dynamic_exponential,4,22,2300,14.049285568453591,15.843119219234477,19.713552872566005,1.1201233472174414,13.255294535724685
dynamic_exponential,4,23,2400,14.049285568453591,16.0187238843802,20.584943324127924,1.330205368159768,13.255294535724685
dynamic_exponential,4,24,2500,14.005547008526777,15.99953619985793,19.99615099714943,1.226571771089842,13.255294535724685
dynamic_exponential,4,25,2600,14.163818169698587,15.680844447116602,18.96232255123179,0.9249040172087193,13.255294535724685
dynamic_exponential,4,26,2700,14.1,15.506536322122383,19.423243291566195,0.9715050681362751,13.255294535724685
dynamic_exponential,4,27,2800,14.16468827043885,15.64599439355385,20.408304597359457,1.0133426811765667,13.255294535724685
dynamic_exponential,4,28,2900,14.183215956619923,16.094984266322804,20.06287388383278,1.2226605998561846,13.255294535724685
dynamic_exponential,4,29,3000,14.255294535724685,15.787388241076501,19.683266665599966,1.0267530860321088,13.255294535724685
dynamic_exponential,4,30,3100,14.088409872672514,16.016647736609396,21.814642819948226,1.2070183403778607,13.255294535724685
dynamic_exponential,4,31,3200,14.255294535724685,15.751279095390046,18.59072480941474,0.8928269913405307,13.255294535724685
dynamic_exponential,4,32,3300,14.088409872672514,16.01536028780441,21.79283882771841,1.4130725354625444,13.255294535724685
dynamic_exponential,4,33,3400,14.23622914957372,15.72121826908892,19.992838827718412,1.0910168171005112,13.255294535724685
dynamic_exponential,4,34,3500,13.992838827718412,15.46388104573421,17.564965543462904,0.7180620631765572,13.255294535724685
dynamic_exponential,4,35,3600,13.992838827718412,15.648783055706499,19.207106781186546,1.0416580992133928,13.255294535724685
dynamic_exponential,4,36,3700,13.992838827718412,15.645675754351737,19.76468827043885,1.1312416653628765,13.255294535724685
dynamic_exponential,4,37,3800,14.135270009440731,15.629027481890661,19.741653005427764,0.9550412423812297,13.255294535724685
dynamic_exponential,4,38,3900,14.088409872672514,15.47692625727429,21.62736184954957,0.9635120521652922,13.255294535724685
dynamic_exponential,4,39,4000,14.00787840283389,15.672476286402706,21.42756668824971,1.3109668682582563,13.255294535724685
dynamic_exponential,4,40,4100,14.18910462845192,15.856146107727222,20.42756668824971,1.3541283472300543,13.255294535724685
dynamic_exponential,4,41,4200,14.00787840283389,15.571708018482681,21.063705936241092,1.1141776590012884,13.255294535724685
dynamic_exponential,4,42,4300,13.878232998312527,15.691550772105359,21.408304597359457,1.1875465465870403,13.255294535724685
dynamic_exponential,4,43,4400,13.878232998312527,15.52596506078137,20.37840487520902,1.1752596529807489,13.255294535724685
dynamic_exponential,4,44,4500,13.76332495807108,15.715823773203164,21.478232998312528,1.531460525432761,13.255294535724685
dynamic_exponential,4,45,4600,13.547722557505166,15.534786369805017,20.369535971483266,1.4809131357025827,13.255294535724685
dynamic_exponential,4,46,4700,14.005547008526777,15.469872485958934,21.167156809750924,1.2246677503252477,13.255294535724685
dynamic_exponential,4,47,4800,14.005547008526777,15.937538446652685,21.59666295470958,1.6097705162691291,13.255294535724685
dynamic_exponential,4,48,4900,13.922497216032184,15.897841476496744,27.58113883008419,1.819713755202247,13.255294535724685
dynamic_exponential,4,49,5000,13.760681686165901,15.749943395401383,21.23861278752583,1.3942616462833648,13.255294535724685
dynamic_exponential,4,50,5100,13.588409872672514,15.547260261748033,20.489979919597747,1.0809633741034885,13.255294535724685
dynamic_exponential,5,0,100,18.491153452528778,20.749639518491986,22.781934729198174,1.02155017131288,18.491153452528778
dynamic_exponential,5,1,200,16.24004830889689,19.94335064090668,32.3,2.4863315643023283,16.24004830889689
dynamic_exponential,5,2,300,15.3554305086342,18.71565665438376,26.394427190999917,1.8695002388394069,15.3554305086342
dynamic_exponential,5,3,400,14.833630940518894,17.68273020687437,26.071779788708135,1.864349635711333,14.833630940518894
dynamic_exponential,5,4,500,15.054743986657037,16.71624813894089,25.967707825203128,1.2509719996530173,14.833630940518894
dynamic_exponential,5,5,600,14.734387974463898,16.47790724044579,20.8,0.9267691459162863,14.734387974463898
dynamic_exponential,5,6,700,14.658323293158116,16.308501436973973,18.061740355901136,0.6781617749156057,14.658323293158116
dynamic_exponential,5,7,800,14.655277766926236,15.95875473054034,17.504834939252007,0.5624589560883806,14.655277766926236
dynamic_exponential,5,8,900,14.361547262794321,15.96936446088541,17.236910887627275,0.596681771847893,14.361547262794321
dynamic_exponential,5,9,1000,14.25972971738975,15.915312519050339,17.354030511288038,0.6542595219404637,14.25972971738975
dynamic_exponential,5,10,1100,14.004834939252005,15.868081026333066,18.003844259188625,0.7729811517763907,14.004834939252005
dynamic_exponential,5,11,1200,14.582207001484488,15.792322888415313,17.92767142944341,0.644124899193017,14.004834939252005
dynamic_exponential,5,12,1300,14.009980079602226,15.80857759957422,18.623742416388573,0.7818612785097325,14.004834939252005
dynamic_exponential,5,13,1400,14.214944167960988,15.877830292991833,18.761706725018236,0.8037185903320442,14.004834939252005
dynamic_exponential,5,14,1500,14.214944167960988,15.838876192078203,18.03072757526625,0.7358467965456913,14.004834939252005
dynamic_exponential,5,15,1600,14.254065922853801,15.775387603012511,18.928991560298222,0.9041182676609164,14.004834939252005
dynamic_exponential,5,16,1700,14.277154105707723,15.664188071568606,18.24400902933387,0.730078570771171,14.004834939252005
dynamic_exponential,5,17,1800,14.277154105707723,15.799378706048062,18.743835071544513,0.7755580248360621,14.004834939252005
dynamic_exponential,5,18,1900,14.04093010681705,15.739209883261466,18.02664991614216,0.8444891544302001,14.004834939252005
dynamic_exponential,5,19,2000,13.88806130178211,15.589613028144983,20.003123475609396,0.9471396829279398,13.88806130178211
dynamic_exponential,5,20,2100,13.56767050061961,15.477651785439,18.80384048104053,0.9692833704289923,13.56767050061961
dynamic_exponential,5,21,2200,13.839607805437115,15.236922957431034,17.51657508881031,0.7439470318770558,13.56767050061961
dynamic_exponential,5,22,2300,13.585677655436825,15.368611575939035,19.467707825203128,0.9847874856233606,13.56767050061961
dynamic_exponential,5,23,2400,13.489979919597747,15.419035736662789,17.978505426185215,0.9216237871570241,13.489979919597747
dynamic_exponential,5,24,2500,13.449444375840399,15.339904756044087,18.534192325759246,0.9150059690561471,13.449444375840399
dynamic_exponential,5,25,2600,13.13469899493758,15.21984644332884,17.843559577416272,0.904678176271798,13.13469899493758
dynamic_exponential,5,26,2700,13.13469899493758,15.178123567550122,18.20293863659264,0.9856160446772332,13.13469899493758
dynamic_exponential,5,27,2800,13.45472369909914,15.090024077361498,19.3,0.9079960032766049,13.13469899493758
dynamic_exponential,5,28,2900,13.549509756796393,15.176712406850578,16.882663407939976,0.7218153252635341,13.13469899493758
dynamic_exponential,5,29,3000,13.549509756796393,15.243278797525866,17.743835071544513,0.9378973882299607,13.13469899493758
dynamic_exponential,5,30,3100,13.736877428271624,15.234893438132586,19.739607805437114,0.9930112473538556,13.13469899493758
dynamic_exponential,5,31,3200,13.549509756796393,15.103977641171515,17.30094331227943,0.8212276559257079,13.13469899493758
dynamic_exponential,5,32,3300,13.264688270438851,15.371329393316648,19.214674215792776,1.1066042947784656,13.13469899493758
dynamic_exponential,5,33,3400,13.417935662402835,15.063472210636762,19.42756668824971,0.9022869465068032,13.13469899493758
dynamic_exponential,5,34,3500,13.140175425099137,14.998519640837383,17.209983388658483,0.8238756433636394,13.13469899493758
dynamic_exponential,5,35,3600,12.992838827718412,14.860375734929551,17.549691346263316,0.8642564339816079,12.992838827718412
dynamic_exponential,5,36,3700,12.992838827718412,14.7276752097274,19.144994432064365,0.9433727017320164,12.992838827718412
dynamic_exponential,5,37,3800,12.988409872672513,15.012119990116906,18.491015291668745,0.9931170977224872,12.988409872672513
dynamic_exponential,5,38,3900,13.20332963783729,14.97348883733587,18.117935662402836,0.8477855130307542,12.988409872672513
dynamic_exponential,5,39,4000,13.20332963783729,14.956022377271518,18.129705854077837,0.9226208979744449,12.988409872672513
dynamic_exponential,5,40,4100,13.20332963783729,14.919025618833665,17.877902338672776,0.8642902675853329,12.988409872672513
dynamic_exponential,5,41,4200,13.322611077089286,14.931792650710555,17.814642819948226,0.8547251741406512,12.988409872672513
dynamic_exponential,5,42,4300,12.707106781186548,14.907577670663548,17.605551275463988,0.8187016736933893,12.707106781186548
dynamic_exponential,5,43,4400,13.01657508881031,14.8317453141519,17.79072480941474,0.8121056938204205,12.707106781186548
dynamic_exponential,5,44,4500,13.01657508881031,14.871010851982739,19.084943324127924,0.8685562233611541,12.707106781186548
dynamic_exponential,5,45,4600,13.01657508881031,14.861993059748507,18.253068523537422,0.8374343647044681,12.707106781186548
dynamic_exponential,5,46,4700,12.96619037896906,14.850091055397435,18.533907960581374,0.9065053199087343,12.707106781186548
dynamic_exponential,5,47,4800,13.330950643030008,15.000220547213262,19.44928556845359,0.9468315864739097,12.707106781186548
dynamic_exponential,5,48,4900,13.01657508881031,14.955755950937391,18.588621651498336,0.8896937273983521,12.707106781186548
dynamic_exponential,5,49,5000,12.988409872672513,14.709949001917883,17.12074368738204,0.7423565391361953,12.707106781186548
dynamic_exponential,5,50,5100,12.988409872672513,14.889561250552351,17.72574776766556,0.8578934789365807,12.707106781186548
dynamic_exponential,6,0,100,17.86619037896906,20.75217957327806,23.270540018881462,1.1122351308944454,17.86619037896906
dynamic_exponential,6,1,200,14.62678510731274,19.915927613168325,30.922497216032184,2.941270921079067,14.62678510731274
dynamic_exponential,6,2,300,15.12074368738204,17.832441252697027,27.891153452528776,2.025263034018857,14.62678510731274
dynamic_exponential,6,3,400,14.86356421265527,17.00428971800218,25.713594362117867,1.3158665667902663,14.62678510731274
dynamic_exponential,6,4,500,14.196150997149434,16.514526895817006,20.40609303352956,0.8431297114339836,14.196150997149434
dynamic_exponential,6,5,600,14.549509756796393,16.18497895451412,19.670831300812523,0.809133735706081,14.196150997149434
dynamic_exponential,6,6,700,14.2131126469709,15.923151218677733,18.643835071544512,0.7759697329456513,14.196150997149434
dynamic_exponential,6,7,800,13.336229149573722,15.796804378643092,17.937663853655728,0.7414738069210508,13.336229149573722
dynamic_exponential,6,8,900,13.814642819948224,15.846119570053872,19.117935662402836,0.8839258038045605,13.336229149573722
dynamic_exponential,6,9,1000,14.024845673131658,15.731352686602332,17.77967389859482,0.6844462087806132,13.336229149573722
dynamic_exponential,6,10,1100,14.14355957741627,15.828793025482552,18.196150997149434,0.8750653110353697,13.336229149573722
dynamic_exponential,6,11,1200,14.367156809750927,15.79977595908461,17.761944116355174,0.8074309341288798,13.336229149573722
dynamic_exponential,6,12,1300,14.186796226411321,15.79259541186801,18.242787793912434,0.7881239388185235,13.336229149573722
dynamic_exponential,6,13,1400,13.977638883463117,15.830042859432757,19.391153452528776,0.9916431487961084,13.336229149573722
dynamic_exponential,6,14,1500,14.186796226411321,15.785145152395112,18.7,0.849144332525142,13.336229149573722
dynamic_exponential,6,15,1600,14.14355957741627,16.023153036438774,18.73622914957372,0.9271890385029977,13.336229149573722
dynamic_exponential,6,16,1700,13.462049935181332,15.684059415890141,17.917935662402833,0.8009425807422721,13.336229149573722
dynamic_exponential,6,17,1800,13.768438714135812,15.866089837059837,19.386819245752296,0.9747300073852586,13.336229149573722
dynamic_exponential,6,18,1900,13.94928556845359,15.725894622056753,19.0,0.8901460095158673,13.336229149573722
dynamic_exponential,6,19,2000,13.927566688249707,15.67690311674746,18.95306852353742,0.943330122862742,13.336229149573722
dynamic_exponential,6,20,2100,13.549193338482967,15.738383898619873,19.115167380558045,0.9968326159989179,13.336229149573722
dynamic_exponential,6,21,2200,13.563818169698585,15.569553442587067,20.255294535724687,0.9950180830921791,13.336229149573722
dynamic_exponential,6,22,2300,13.419090595827292,15.652743860358873,19.62736184954957,1.1010592484443595,13.336229149573722
dynamic_exponential,6,23,2400,13.30384048104053,15.434508803778572,18.845207879911715,0.9999156454026386,13.30384048104053
dynamic_exponential,6,24,2500,13.427566688249707,15.396370631156636,20.599999999999998,1.0573138122645553,13.30384048104053
dynamic_exponential,6,25,2600,13.548808848170152,15.141947012519882,17.022862220714998,0.8398394700436796,13.30384048104053
dynamic_exponential,6,26,2700,13.322497216032183,15.017642860920386,17.94928556845359,0.8778454898681466,13.30384048104053
dynamic_exponential,6,27,2800,13.4,14.948156916622063,16.895280917949492,0.7213004880505688,13.30384048104053
dynamic_exponential,6,28,2900,13.329563014098701,15.062423218744847,18.599999999999998,0.8699202846014952,13.30384048104053
dynamic_exponential,6,29,3000,13.329563014098701,15.162417930084512,19.449444375840397,1.0229236975079847,13.30384048104053
dynamic_exponential,6,30,3100,13.329563014098701,15.190674816050535,18.92264954516723,1.0790727015565034,13.30384048104053
dynamic_exponential,6,31,3200,13.377032961426902,15.011360026184345,19.30332963783729,1.044593700615079,13.30384048104053
dynamic_exponential,6,32,3300,13.336660026534076,14.901189470444065,19.419803902718556,1.0704512745919128,13.30384048104053
dynamic_exponential,6,33,3400,13.069535971483266,14.902081968887307,18.841653005427766,1.1270865000315264,13.069535971483266
dynamic_exponential,6,34,3500,12.948331477354788,14.982203755388198,21.38494332412792,1.3172193060155342,12.948331477354788
dynamic_exponential,6,35,3600,13.112403840463596,15.103056620938373,19.210844001658266,1.1375978824092132,12.948331477354788
dynamic_exponential,6,36,3700,13.112403840463596,15.412810107288779,20.50830459735946,1.4897102237520132,12.948331477354788
dynamic_exponential,6,37,3800,13.047722557505166,15.095977842535392,18.75499667110372,1.0077161836821371,12.948331477354788
dynamic_exponential,6,38,3900,13.127361849549569,15.280628644713465,19.228972164382675,1.164488981061821,12.948331477354788
dynamic_exponential,6,39,4000,13.467707825203131,15.374949250179228,18.66770782520313,1.0739861206432335,12.948331477354788
dynamic_exponential,6,40,4100,12.526649916142159,15.279790437346803,19.967707825203128,1.1635413809215824,12.526649916142159
dynamic_exponential,6,41,4200,13.435415650406263,15.08944549486386,18.05758369027902,0.8606462551377714,12.526649916142159
dynamic_exponential,6,42,4300,13.085229954635272,15.297449651392519,21.492838827718412,1.2532726876828126,12.526649916142159
dynamic_exponential,6,43,4400,12.394427190999917,15.367225348655898,19.94899959967968,1.1894560322316206,12.394427190999917
dynamic_exponential,6,44,4500,13.1,15.17696218438974,18.488409872672513,1.005817145933176,12.394427190999917
dynamic_exponential,6,45,4600,12.822497216032183,15.366170942274707,20.948683298050515,1.3053085612518227,12.394427190999917
dynamic_exponential,6,46,4700,13.033907960581372,15.508154671377214,19.2770329614269,1.2557188051678982,12.394427190999917
dynamic_exponential,6,47,4800,12.993737745050923,15.208643976200571,20.054065922853802,1.2252708913537955,12.394427190999917
dynamic_exponential,6,48,4900,13.453720459187963,14.970592689439375,20.427105745132007,1.1326737909869982,12.394427190999917
dynamic_exponential,6,49,5000,12.822497216032183,15.358621147778155,21.06953597148327,1.4429364709114507,12.394427190999917
dynamic_exponential,6,50,5100,13.16770782520313,15.273159358530362,20.054065922853802,1.2364902732044951,12.394427190999917
dynamic_exponential,7,0,100,18.756465996625053,20.96134144781508,22.934192325759245,0.9332617475654754,18.756465996625053
dynamic_exponential,7,1,200,16.160601043544624,19.903535111639005,29.33390796058137,2.0414469571153435,16.160601043544624
dynamic_exponential,7,2,300,15.641186241925155,18.454085414713003,28.71909059582729,1.9514600687748065,15.641186241925155
dynamic_exponential,7,3,400,15.279673898594819,17.381636313543826,24.520465053408525,1.3864918167534805,15.279673898594819
dynamic_exponential,7,4,500,14.50516780926679,16.684280957888166,19.359591794226542,0.7720062791487331,14.50516780926679
dynamic_exponential,7,5,600,14.341653005427768,16.39179428981463,18.345906043549196,0.6334938336035082,14.341653005427768
dynamic_exponential,7,6,700,14.377902338672774,16.197878516226282,17.848043145279966,0.6529173399893784,14.341653005427768
dynamic_exponential,7,7,800,14.607680962081059,16.00063386015054,17.66568618968612,0.6913196088556468,14.341653005427768
dynamic_exponential,7,8,900,14.339607805437115,15.965307206134035,20.729563014098698,0.947609638037386,14.339607805437115
dynamic_exponential,7,9,1000,14.242787793912433,15.730102459722207,18.74131112314674,0.7287355231452504,14.242787793912433
dynamic_exponential,7,10,1100,14.220743687382042,15.671115126168797,20.50454076850486,0.8678638797353262,14.220743687382042
dynamic_exponential,7,11,1200,13.683266665599966,15.414094497876677,18.01869538788622,0.7645248842800152,13.683266665599966
dynamic_exponential,7,12,1300,13.78806130178211,15.354318909454413,17.38239052790439,0.7399548574079579,13.683266665599966
dynamic_exponential,7,13,1400,13.58494332412792,15.303111650203876,18.57364413533277,0.9092587690529522,13.58494332412792
dynamic_exponential,7,14,1500,13.713594362117865,15.138200349613351,17.209990925582364,0.7435531822495524,13.58494332412792
dynamic_exponential,7,15,1600,13.43469899493758,15.208486971053281,18.1886890422961,0.8773572813259959,13.43469899493758
dynamic_exponential,7,16,1700,13.639071942966531,14.997325047798613,17.68252262107277,0.7956440521829227,13.43469899493758
dynamic_exponential,7,17,1800,13.533907960581372,14.904262421318572,16.7219040425837,0.7106250246360903,13.43469899493758
dynamic_exponential,7,18,1900,13.31494416796099,14.974667936023831,18.540658617698014,0.9795725115713807,13.31494416796099
dynamic_exponential,7,19,2000,13.160107523773828,15.054599947424094,18.164688270438848,0.9763088809477546,13.160107523773828
dynamic_exponential,7,20,2100,13.492838827718412,15.05081624744083,16.822327839240494,0.7864304255755544,13.160107523773828
dynamic_exponential,7,21,2200,13.163818169698587,14.94960316326471,18.01657508881031,0.9135384159466834,13.160107523773828
dynamic_exponential,7,22,2300,13.368438714135813,15.011215420179692,18.456465996625056,0.9988287026167056,13.160107523773828
dynamic_exponential,7,23,2400,12.760232526704263,14.916082903897488,18.08113883008419,0.8731733316077931,12.760232526704263
dynamic_exponential,7,24,2500,13.173320053068151,15.023485745248395,17.35870331449229,0.949435485898284,12.760232526704263
dynamic_exponential,7,25,2600,13.224807680927192,15.135531166796243,19.256465996625053,1.1590206074782134,12.760232526704263
dynamic_exponential,7,26,2700,13.114642819948225,14.993283994726927,18.881742422927143,0.9891488794401412,12.760232526704263
dynamic_exponential,7,27,2800,13.160107523773828,14.959745189265684,18.53072757526625,0.95736594437786,12.760232526704263
dynamic_exponential,7,28,2900,13.057583690279023,14.863859606438794,18.06767050061961,0.8633333631318353,12.760232526704263
dynamic_exponential,7,29,3000,13.01657508881031,14.803757032320423,16.560701700396553,0.8644287357575277,12.760232526704263
dynamic_exponential,7,30,3100,13.008304597359459,14.722315574293688,17.33390796058137,0.8537481460876237,12.760232526704263
dynamic_exponential,7,31,3200,12.679795897113271,14.770852768354892,17.08494332412792,0.885092258501942,12.679795897113271
dynamic_exponential,7,32,3300,12.922497216032184,14.695359370181372,17.953720459187963,0.919434206442892,12.679795897113271
dynamic_exponential,7,33,3400,12.634846922834953,14.717887346279333,18.063818169698585,0.9664502112537982,12.634846922834953
dynamic_exponential,7,34,3500,12.634846922834953,14.529970214939391,16.87581763205193,0.9452340712844278,12.634846922834953
dynamic_exponential,7,35,3600,12.634846922834953,14.513700422249793,17.481488772222676,1.0837019905927163,12.634846922834953
dynamic_exponential,7,36,3700,12.68309518948453,14.31569647689064,17.369535971483266,0.7846161131315539,12.634846922834953
dynamic_exponential,7,37,3800,12.547722557505166,14.407384185706627,17.460232526704264,0.9924102364430936,12.547722557505166
dynamic_exponential,7,38,3900,12.547722557505166,14.506110127096143,18.022327839240493,0.9938364799319283,12.547722557505166
dynamic_exponential,7,39,4000,12.70332963783729,14.348208207152538,17.43095064303001,0.8592893772108928,12.547722557505166
dynamic_exponential,7,40,4100,12.988409872672513,14.33725072173484,17.24609952167604,0.8041749967091664,12.547722557505166
dynamic_exponential,7,41,4200,13.033030277982336,14.382641003311269,17.609975124224178,0.9450056525436408,12.547722557505166
dynamic_exponential,7,42,4300,12.82828568570857,14.593075057213872,17.533030277982334,1.111793649189871,12.547722557505166
dynamic_exponential,7,43,4400,12.769693845669908,14.509800730984455,18.003123475609392,1.0476578485895192,12.547722557505166
dynamic_exponential,7,44,4500,12.914213562373096,14.430691097108218,18.663818169698587,1.0383836288239237,12.547722557505166
dynamic_exponential,7,45,4600,12.760232526704263,14.128108740876323,18.956141357987224,1.0189879181918398,12.547722557505166
dynamic_exponential,7,46,4700,12.72736184954957,14.288460702707564,17.974868417407585,0.9843461609856105,12.547722557505166
dynamic_exponential,7,47,4800,12.72736184954957,14.286888368568885,17.449137674618942,0.9476426011395032,12.547722557505166
dynamic_exponential,7,48,4900,12.72736184954957,14.13792149565408,15.86397674405503,0.6874534924957703,12.547722557505166
dynamic_exponential,7,49,5000,13.026649916142159,14.44730902720316,17.8,0.9880974191775014,12.547722557505166
dynamic_exponential,7,50,5100,12.369535971483266,14.342679513028301,17.704834939252006,0.8936813262107517,12.369535971483266
dynamic_exponential,8,0,100,18.207106781186546,20.75873177806626,23.861901286060018,1.0641301715510603,18.207106781186546
dynamic_exponential,8,1,200,15.11245154965971,20.09661275539639,33.56287388383278,2.940760293418208,15.11245154965971
dynamic_exponential,8,2,300,14.799999999999999,18.197509623654547,31.16770782520313,2.4272941280014693,14.799999999999999
dynamic_exponential,8,3,400,15.1,16.98166680436565,24.26468827043885,1.4897038389055144,14.799999999999999
dynamic_exponential,8,4,500,15.242787793912433,16.428850166398487,20.599999999999998,0.8148519015463092,14.799999999999999
dynamic_exponential,8,5,600,15.070459909270543,16.256686155557087,19.72089730686545,0.6620577654398228,14.799999999999999
dynamic_exponential,8,6,700,14.469817807045693,16.174562049992335,18.927105745132007,0.7495414251346952,14.469817807045693
dynamic_exponential,8,7,800,14.690890230020663,16.074192215327525,18.26397674405503,0.7331858206546948,14.469817807045693
dynamic_exponential,8,8,900,14.43469899493758,15.989936544083807,18.090732788777423,0.7803670531311662,14.43469899493758
dynamic_exponential,8,9,1000,14.260681686165901,15.961669159137744,18.11283361405006,0.7639215700222548,14.260681686165901
dynamic_exponential,8,10,1100,14.117935662402834,15.934602683602352,18.07174560812178,0.7121405664629659,14.117935662402834
dynamic_exponential,8,11,1200,14.005547008526777,15.750651891063928,17.51996015920445,0.7190328443813613,14.005547008526777
dynamic_exponential,8,12,1300,14.054065922853802,15.680477215802632,17.956141357987224,0.7451637278276321,14.005547008526777
dynamic_exponential,8,13,1400,13.753068523537422,15.591982356014299,18.316227766016837,0.9195130638336677,13.753068523537422
dynamic_exponential,8,14,1500,13.493737745050923,15.514462740119622,19.060107523773826,0.8792890388776058,13.493737745050923
dynamic_exponential,8,15,1600,12.960232526704262,15.462177927536914,17.61283361405006,0.8326625197674037,12.960232526704262
dynamic_exponential,8,16,1700,13.5,15.336069127337979,18.507130750570546,0.9814785201436338,12.960232526704262
dynamic_exponential,8,17,1800,12.960232526704262,15.009418924417469,16.94935886896179,0.7372843966496825,12.960232526704262
dynamic_exponential,8,18,1900,13.508304597359459,15.120819003349693,17.41916017074176,0.8202529498475095,12.960232526704262
dynamic_exponential,8,19,2000,13.12664991614216,14.92873476906713,17.220897306865446,0.8179242998857756,12.960232526704262
dynamic_exponential,8,20,2100,13.30384048104053,14.967549055066115,17.868438714135813,0.8324881121573878,12.960232526704262
dynamic_exponential,8,21,2200,13.368438714135813,15.049154337837216,17.841653005427766,0.8205370290440103,12.960232526704262
dynamic_exponential,8,22,2300,12.799999999999999,14.904029244256117,16.684669896727925,0.8087769030776443,12.799999999999999
dynamic_exponential,8,23,2400,13.02828568570857,14.923861657504595,17.92703841770968,0.8366768093857713,12.799999999999999
dynamic_exponential,8,24,2500,13.008304597359459,14.889518384771458,17.23205080756888,0.8324807918131041,12.799999999999999
dynamic_exponential,8,25,2600,13.36287388383278,15.001390271201226,18.46619037896906,0.8777869266237995,12.799999999999999
dynamic_exponential,8,26,2700,12.547722557505166,14.877594719292388,17.33541565040626,0.8869017525744094,12.547722557505166
dynamic_exponential,8,27,2800,12.760232526704263,14.821873013858458,16.878232998312527,0.9048181983792847,12.547722557505166
dynamic_exponential,8,28,2900,12.829563014098701,14.758637025976508,17.923243291566195,0.9855332109781139,12.547722557505166
dynamic_exponential,8,29,3000,12.640967364599087,14.570701831115523,18.621320343559642,0.9714110241406897,12.547722557505166
dynamic_exponential,8,30,3100,12.922497216032184,14.513036120851641,17.914213562373096,0.9289519383376937,12.547722557505166
dynamic_exponential,8,31,3200,12.922497216032184,14.423320611936104,16.995943722515268,0.7645520551642982,12.547722557505166
dynamic_exponential,8,32,3300,12.877032961426902,14.479662213884092,17.512931993250106,0.8517481173106847,12.547722557505166
dynamic_exponential,8,33,3400,12.700000000000001,14.567389989709307,17.93469899493758,0.9604086543328413,12.547722557505166
dynamic_exponential,8,34,3500,12.896662954709576,14.404668038683957,18.90805405358401,0.9368832588202042,12.547722557505166
dynamic_exponential,8,35,3600,12.948683298050513,14.59845143441771,17.880972058177587,0.9390856844979089,12.547722557505166
dynamic_exponential,8,36,3700,12.948683298050513,14.577539609251655,17.140967364599085,0.7359171655002535,12.547722557505166
dynamic_exponential,8,37,3800,13.173320053068151,14.612016585926286,16.8,0.7866378664867238,12.547722557505166
dynamic_exponential,8,38,3900,13.173320053068151,14.531384817232833,16.739607805437114,0.8128319909170679,12.547722557505166
dynamic_exponential,8,39,4000,12.948683298050513,14.420888156616606,16.927105745132007,0.7530323883852565,12.547722557505166
dynamic_exponential,8,40,4100,12.948683298050513,14.336029372916833,16.07156333832011,0.7195631002934537,12.547722557505166
dynamic_exponential,8,41,4200,12.948683298050513,14.328753304197228,16.802172886644268,0.7936243819424869,12.547722557505166
dynamic_exponential,8,42,4300,12.960232526704262,14.363262929598315,16.840063693621516,0.7988028592896321,12.547722557505166
dynamic_exponential,8,43,4400,12.960232526704262,14.302453044356355,16.211349000022558,0.7017405893708569,12.547722557505166
dynamic_exponential,8,44,4500,12.836660026534076,14.249948354870028,17.53390796058137,0.8438648655987844,12.547722557505166
dynamic_exponential,8,45,4600,12.86619037896906,14.210507418768373,16.57763888346312,0.7970413689382899,12.547722557505166
dynamic_exponential,8,46,4700,12.760232526704263,14.231596001735035,16.588435821108956,0.7383730466267124,12.547722557505166
dynamic_exponential,8,47,4800,12.760232526704263,14.326882944418474,16.694895300208167,0.8265728617751467,12.547722557505166
dynamic_exponential,8,48,4900,12.612403840463596,14.212582689523336,16.713552872566005,0.8128870351497072,12.547722557505166
dynamic_exponential,8,49,5000,12.632455532033676,14.18179187340742,15.840967364599086,0.7275615935749715,12.547722557505166
dynamic_exponential,8,50,5100,12.760232526704263,14.080669556961595,16.44935886896179,0.6607309039761285,12.547722557505166
dynamic_exponential,9,0,100,18.171779788708136,20.847540360217877,23.57967389859482,1.0081146490003856,18.171779788708136
dynamic_exponential,9,1,200,14.860319135392633,19.900582688064915,29.49373774505092,2.616228217851205,14.860319135392633
dynamic_exponential,9,2,300,15.121320343559642,17.915941614422035,26.61980390271856,2.093681878031245,14.860319135392633
dynamic_exponential,9,3,400,14.93469899493758,16.917730258054345,24.229563014098698,1.1434317346837874,14.860319135392633
dynamic_exponential,9,4,500,14.409975124224179,16.512927456350734,20.537211521390788,0.8371515022942899,14.409975124224179
dynamic_exponential,9,5,600,14.577708763999663,16.384273804064154,20.802172886644268,0.9907495400326702,14.409975124224179
dynamic_exponential,9,6,700,14.777154105707723,16.344975860065414,19.012403840463595,0.9025858364351053,14.409975124224179
dynamic_exponential,9,7,800,14.467670500619608,16.23335150580345,18.956465996625056,0.8084173717617383,14.409975124224179
dynamic_exponential,9,8,900,14.136664289109586,16.119199617298126,22.30332963783729,1.0307517847784744,14.136664289109586
dynamic_exponential,9,9,1000,14.033907960581372,16.07853136487508,20.133030277982336,0.9019053398048261,14.033907960581372
dynamic_exponential,9,10,1100,14.174021572639983,15.939068826714497,18.58998327754521,0.8071486657379461,14.033907960581372
dynamic_exponential,9,11,1200,14.286335345030997,16.195957753120755,18.333630940518894,0.9265521950656724,14.033907960581372
dynamic_exponential,9,12,1300,14.588409872672514,16.10370477481221,18.939270764090494,0.8515517532139404,14.033907960581372
dynamic_exponential,9,13,1400,14.411871208194288,16.035258032621826,18.72490309931942,0.891151334523654,14.033907960581372
dynamic_exponential,9,14,1500,14.286335345030997,16.124609659539924,20.637715508089904,1.1242950322404068,14.033907960581372
dynamic_exponential,9,15,1600,13.927105745132009,16.00212362973799,19.356349099818896,1.027784357754497,13.927105745132009
dynamic_exponential,9,16,1700,13.62074368738204,15.851252557746745,18.316637831516918,0.9447346148011739,13.62074368738204
dynamic_exponential,9,17,1800,13.394438717061496,15.717615403199503,19.790724809414744,1.125994343302066,13.394438717061496
dynamic_exponential,9,18,1900,13.904540768504859,15.672079290490348,19.27967389859482,0.986766674740231,13.394438717061496
dynamic_exponential,9,19,2000,13.995829710142187,15.93169865974627,21.209983388658483,1.167729551768095,13.394438717061496
dynamic_exponential,9,20,2100,14.213594362117865,15.976056275203659,22.113112646970897,1.237522655772637,13.394438717061496
dynamic_exponential,9,21,2200,14.213594362117865,15.899806771774065,18.926225293941798,0.9924485709047097,13.394438717061496
dynamic_exponential,9,22,2300,14.241653005427766,15.775190802997228,19.831666249791535,0.8897547858371309,13.394438717061496
dynamic_exponential,9,23,2400,14.302172886644268,15.739495866279853,19.717800560721074,0.8765221059174739,13.394438717061496
dynamic_exponential,9,24,2500,14.254065922853801,15.705621750060352,18.757583690279024,0.7750366902002579,13.394438717061496
dynamic_exponential,9,25,2600,14.016609194718914,15.870622767661162,18.614642819948223,0.8474701315692114,13.394438717061496
dynamic_exponential,9,26,2700,14.302172886644268,15.741558801710987,18.841653005427766,0.9678331105597935,13.394438717061496
dynamic_exponential,9,27,2800,13.66794833886788,15.648288022090396,18.36405499221705,0.8202418084966779,13.394438717061496
dynamic_exponential,9,28,2900,13.923538406167134,15.637372364913658,20.57364413533277,1.0624500090543685,13.394438717061496
dynamic_exponential,9,29,3000,13.991153452528778,15.692979677372907,20.419803902718556,1.1240121928218865,13.394438717061496
dynamic_exponential,9,30,3100,13.792838827718413,15.657560501019093,19.26023252670426,1.1230312174086405,13.394438717061496
dynamic_exponential,9,31,3200,13.869535971483266,15.484896501877943,18.63527000944073,1.0096748037363714,13.394438717061496
dynamic_exponential,9,32,3300,13.005547008526777,15.450279400598982,18.5293765408777,1.079140786778165,13.005547008526777
dynamic_exponential,9,33,3400,13.28806130178211,15.339629825381449,19.49615099714943,0.9953206110133168,13.005547008526777
dynamic_exponential,9,34,3500,13.135270009440731,15.188153705830198,20.113112646970897,1.092591034606262,13.005547008526777
dynamic_exponential,9,35,3600,13.033907960581372,15.316836104294097,18.316624790355398,1.0503854674438748,13.005547008526777
dynamic_exponential,9,36,3700,12.467707825203131,15.22794823270543,17.683266665599966,1.1103979963728172,12.467707825203131
dynamic_exponential,9,37,3800,13.005547008526777,15.334294493020229,19.423538406167136,1.3462215815134533,12.467707825203131
dynamic_exponential,9,38,3900,12.56287388383278,15.357365410952168,19.43238075793812,1.3868128881518411,12.467707825203131
dynamic_exponential,9,39,4000,12.378232998312527,15.240163999317993,21.663818169698587,1.402955355294571,12.378232998312527
dynamic_exponential,9,40,4100,13.316515138991168,15.09581754591404,18.539013913315678,0.9848213799244309,12.378232998312527
dynamic_exponential,9,41,4200,13.391153452528776,15.343177298339256,20.47763888346312,1.2832538993326212,12.378232998312527
dynamic_exponential,9,42,4300,13.391153452528776,15.154270768830964,19.2,1.0745617238808571,12.378232998312527
dynamic_exponential,9,43,4400,13.01657508881031,15.185861863662002,20.536664289109584,1.2512466584969386,12.378232998312527
dynamic_exponential,9,44,4500,13.005547008526777,15.20389226534552,20.132455532033674,1.1774855923383796,12.378232998312527
dynamic_exponential,9,45,4600,13.01657508881031,15.200369175057729,20.542810150121692,1.258455004726574,12.378232998312527
dynamic_exponential,9,46,4700,13.193737745050923,15.239252223616745,20.357066051117283,1.1860456687216436,12.378232998312527
dynamic_exponential,9,47,4800,13.193737745050923,15.21831168989891,17.926225293941798,1.047224864467076,12.378232998312527
dynamic_exponential,9,48,4900,13.20332963783729,15.385476189555199,19.82379000772445,1.2122700622929266,12.378232998312527
dynamic_exponential,9,49,5000,13.30384048104053,15.576051534798607,20.22474487139159,1.2560775173762229,12.378232998312527
dynamic_exponential,9,50,5100,12.891153452528776,15.21840130571652,20.13527000944073,1.1283329675780118,12.378232998312527
dynamic_exponential,10,0,100,17.207106781186546,20.698482637962265,23.939270764090494,1.169418449771907,17.207106781186546
dynamic_exponential,10,1,200,15.244749683231337,19.73740797254115,29.336660026534076,2.6754889469474663,15.244749683231337
dynamic_exponential,10,2,300,15.244749683231337,18.00268632668889,25.295829710142186,1.8792319027579942,15.244749683231337
dynamic_exponential,10,3,400,14.799999999999999,16.8159138967312,21.937663853655728,1.1452061348097717,14.799999999999999
dynamic_exponential,10,4,500,14.727566688249707,16.509949496836953,19.346640106136302,0.8248344130893105,14.727566688249707
dynamic_exponential,10,5,600,14.967670500619608,16.31314652454522,20.09666295470958,0.8579404031660789,14.727566688249707
dynamic_exponential,10,6,700,14.967670500619608,16.213657565380156,18.20293863659264,0.6826762273554298,14.727566688249707
dynamic_exponential,10,7,800,14.584250278036869,16.17394354909685,18.146536616149586,0.7355638617873743,14.584250278036869
dynamic_exponential,10,8,900,14.938181191654584,16.298715883335277,21.161706725018234,0.8955072736739609,14.584250278036869
dynamic_exponential,10,9,1000,14.938181191654584,16.124690651943915,19.742787793912434,0.7846514153338716,14.584250278036869
dynamic_exponential,10,10,1100,14.656141357987224,16.287617854323216,21.57156333832011,1.1405414143751642,14.584250278036869
dynamic_exponential,10,11,1200,14.554065922853802,16.161178326319703,20.197221149720992,0.8816896209598775,14.554065922853802
dynamic_exponential,10,12,1300,14.43469899493758,16.122876838596827,20.140967364599085,0.9861207634046172,14.43469899493758
dynamic_exponential,10,13,1400,14.554065922853802,16.21127372457667,21.037211521390788,1.1696972303930495,14.43469899493758
dynamic_exponential,10,14,1500,14.554065922853802,16.046821725899438,19.20185121722126,0.9530829980193558,14.43469899493758
dynamic_exponential,10,15,1600,13.799999999999999,15.970472796109059,19.171779788708136,0.9474419175202146,13.799999999999999
dynamic_exponential,10,16,1700,14.11245154965971,15.91507796428629,19.690890230020663,0.9828827191360867,13.799999999999999
dynamic_exponential,10,17,1800,13.919090595827292,15.838946891394373,19.229563014098698,0.9215658319836258,13.799999999999999
dynamic_exponential,10,18,1900,14.257583690279022,15.853570854980655,21.40665927567458,1.177154196355499,13.799999999999999
dynamic_exponential,10,19,2000,14.2131126469709,15.809184085855982,20.280350850198275,0.9740215923018101,13.799999999999999
dynamic_exponential,10,20,2100,14.088409872672514,15.880777515435241,19.880697580112788,0.9583563902639535,13.799999999999999
dynamic_exponential,10,21,2200,14.18309518948453,15.999363764697172,19.423243291566195,1.0211502438005375,13.799999999999999
dynamic_exponential,10,22,2300,14.167156809750928,16.02246849739818,20.503569153775235,1.265470048513905,13.799999999999999
dynamic_exponential,10,23,2400,13.919803902718558,15.620265527073109,19.752776554086893,0.9439793769657538,13.799999999999999
dynamic_exponential,10,24,2500,13.836660026534076,15.548887924439766,18.156141357987224,0.8913778216001971,13.799999999999999
dynamic_exponential,10,25,2600,13.9,15.77242871821972,20.316590212458493,1.2259944493139385,13.799999999999999
dynamic_exponential,10,26,2700,13.96619037896906,15.91517559089256,18.774596669241483,1.0520943441107669,13.799999999999999
dynamic_exponential,10,27,2800,14.144994432064365,15.622368189525858,19.64131112314674,0.9456084954449049,13.799999999999999
dynamic_exponential,10,28,2900,13.927566688249707,15.757020396046405,21.00554700852678,1.0923923716127484,13.799999999999999
dynamic_exponential,10,29,3000,13.73622914957372,15.574397417979046,18.877032961426902,1.083859055526301,13.73622914957372
dynamic_exponential,10,30,3100,13.756465996625053,15.437158598318327,18.975817632051932,0.984240092555804,13.73622914957372
dynamic_exponential,10,31,3200,13.836660026534076,15.51865577400791,19.7,1.0901788279982763,13.73622914957372
dynamic_exponential,10,32,3300,13.760232526704263,15.481379762287858,17.79192496674806,0.8950959123527971,13.73622914957372
dynamic_exponential,10,33,3400,14.08494332412792,15.735113157215004,21.2,1.218274317697078,13.73622914957372
dynamic_exponential,10,34,3500,13.799999999999999,15.429754488152613,20.757583690279024,1.1531301108532244,13.73622914957372
dynamic_exponential,10,35,3600,13.56767050061961,15.385905783470607,19.2343879744639,1.056899695436643,13.56767050061961
dynamic_exponential,10,36,3700,13.16770782520313,15.492885671833555,18.617935662402836,1.0736383598906563,13.16770782520313
dynamic_exponential,10,37,3800,13.513552872566004,15.376529456669068,19.06201920231798,1.041841247538218,13.16770782520313
dynamic_exponential,10,38,3900,13.56767050061961,15.114513172093966,17.26397674405503,0.6127397523712698,13.16770782520313
dynamic_exponential,10,39,4000,13.366190378969058,15.141624442066966,17.40805405358401,0.7062580540132299,13.16770782520313
dynamic_exponential,10,40,4100,13.377032961426902,15.121967244898288,17.22928563989645,0.767900213049821,13.16770782520313
dynamic_exponential,10,41,4200,13.377032961426902,14.92400153872202,17.474165738677396,0.7670771210839596,13.16770782520313
dynamic_exponential,10,42,4300,13.448999599679679,15.022832746773975,18.995943722515268,0.8660282436533069,13.16770782520313
dynamic_exponential,10,43,4400,13.448999599679679,14.951915240200872,17.949747468305834,0.8638616610320632,13.16770782520313
dynamic_exponential,10,44,4500,13.635270009440731,14.965360671424243,17.147630988187686,0.8460885954165024,13.16770782520313
dynamic_exponential,10,45,4600,13.404540768504859,14.975717294789103,19.340967364599088,0.8761844941746433,13.16770782520313
dynamic_exponential,10,46,4700,13.679075450674064,14.908148792412721,18.15796522451032,0.830229841159926,13.16770782520313
dynamic_exponential,10,47,4800,13.62074368738204,14.919699541650134,17.562977544445356,0.76425960666948,13.16770782520313
dynamic_exponential,10,48,4900,13.322611077089286,14.817925746203684,16.949545416973503,0.7263044337597178,13.16770782520313
dynamic_exponential,10,49,5000,13.322611077089286,14.681536812090345,17.3,0.794581956172058,13.16770782520313
dynamic_exponential,10,50,5100,13.264688270438851,14.902600737872547,18.207106781186546,0.8881997825917793,13.16770782520313
dynamic_exponential,11,0,100,18.183095189484533,20.884008906312207,24.133959855479073,1.026776103956075,18.183095189484533
dynamic_exponential,11,1,200,15.3,20.136767739420456,32.302172886644264,3.0550372045486895,15.3
dynamic_exponential,11,2,300,15.162049935181331,18.26785897067377,27.956465996625056,2.133781029842934,15.162049935181331
dynamic_exponential,11,3,400,15.162049935181331,16.97474709421929,24.816515138991168,1.2263104433187677,15.162049935181331
dynamic_exponential,11,4,500,15.060107523773826,16.575175570903355,20.5,0.8090688313506644,15.060107523773826
dynamic_exponential,11,5,600,14.88494332412792,16.41203019769187,25.07364413533277,1.252784297479173,14.88494332412792
dynamic_exponential,11,6,700,14.114642819948225,16.226772823670437,18.53072757526625,0.8328270023778312,14.114642819948225
dynamic_exponential,11,7,800,14.114642819948225,16.42844468316756,19.814642819948226,1.0068063705109613,14.114642819948225
dynamic_exponential,11,8,900,14.343908891458577,16.26703689364659,18.82828568570857,0.9549747459548605,14.114642819948225
dynamic_exponential,11,9,1000,14.645906043549196,16.278739943458795,22.134846922834953,1.1812815621110717,14.114642819948225
dynamic_exponential,11,10,1100,14.037211521390788,16.024024688734624,19.157342370508886,0.9365690613724519,14.037211521390788
dynamic_exponential,11,11,1200,14.23606797749979,16.11866199778492,20.672004514666934,1.0383854748498629,14.037211521390788
dynamic_exponential,11,12,1300,14.12074368738204,15.974157697190174,19.288854381999833,0.8991315762445209,14.037211521390788
dynamic_exponential,11,13,1400,14.030727575266251,15.939090552858325,19.76023252670426,1.0076033087335126,14.030727575266251
dynamic_exponential,11,14,1500,14.515167380558044,16.08455685452109,19.56953597148327,0.8937774598696254,14.030727575266251
dynamic_exponential,11,15,1600,14.38494332412792,15.975146739832283,18.62574776766556,0.8096073788992989,14.030727575266251
dynamic_exponential,11,16,1700,14.54939015319192,15.850377524700429,19.640967364599085,0.8655705921771033,14.030727575266251
dynamic_exponential,11,17,1800,14.005547008526777,15.796351131257452,18.928991560298222,0.802159045935968,14.005547008526777
dynamic_exponential,11,18,1900,14.493468988235943,15.917882930157473,18.949444375840397,0.987267424107199,14.005547008526777
dynamic_exponential,11,19,2000,14.50454076850486,15.708400937478746,17.73072757526625,0.6758777901698315,14.005547008526777
dynamic_exponential,11,20,2100,14.193737745050923,15.962777154754193,20.060107523773826,1.0475119724435875,14.005547008526777
dynamic_exponential,11,21,2200,13.949444375840399,15.956956449812717,20.929705854077834,0.973133198082836,13.949444375840399
dynamic_exponential,11,22,2300,13.949444375840399,15.75076358540339,19.133030277982336,0.7755833155127414,13.949444375840399
dynamic_exponential,11,23,2400,13.949444375840399,15.700382819106112,19.143835071544512,0.8964712825904378,13.949444375840399
dynamic_exponential,11,24,2500,13.51657508881031,15.746822615843769,20.293325909419153,1.1297247510205801,13.51657508881031
dynamic_exponential,11,25,2600,13.755294535724685,15.637223461581769,20.099999999999998,1.0645861638960683,13.51657508881031
dynamic_exponential,11,26,2700,13.6431676725155,15.671738104897841,22.391153452528776,1.181159891106134,13.51657508881031
dynamic_exponential,11,27,2800,13.922497216032184,15.4740613964357,17.845906043549196,0.936204519534457,13.51657508881031
dynamic_exponential,11,28,2900,13.953720459187963,15.40192451440891,23.129705854077837,1.079161092629179,13.51657508881031
dynamic_exponential,11,29,3000,13.707106781186548,15.471022291601107,18.140175425099137,0.9480371930223446,13.51657508881031
dynamic_exponential,11,30,3100,13.861324772583615,15.288628599310575,19.516609194718917,1.0280454435507689,13.51657508881031
dynamic_exponential,11,31,3200,13.507130750570548,15.287643575785147,17.497057550292606,0.8765737602883025,13.507130750570548
dynamic_exponential,11,32,3300,13.477638883463117,15.372815532851794,18.565775990588612,1.0553552203549148,13.477638883463117
dynamic_exponential,11,33,3400,13.700000000000001,15.330149574771035,20.05796522451032,0.981453856815781,13.477638883463117
dynamic_exponential,11,34,3500,13.268438714135812,15.357563925038264,18.73766385365573,0.9997609466526031,13.268438714135812
dynamic_exponential,11,35,3600,13.755294535724685,15.291265008936467,17.64785670536077,0.8578036098360354,13.268438714135812
dynamic_exponential,11,36,3700,13.048808848170152,15.367557091300325,18.769693845669906,1.0458577681199797,13.048808848170152
dynamic_exponential,11,37,3800,13.335415650406262,15.204544117697267,18.77967389859482,0.9206085720694102,13.048808848170152
dynamic_exponential,11,38,3900,13.378404875209021,15.295879595304097,21.14699879903904,1.2718468548888906,13.048808848170152
dynamic_exponential,11,39,4000,13.140967364599087,15.023019020949514,18.054065922853802,0.9087698758932483,13.048808848170152
dynamic_exponential,11,40,4100,13.48309518948453,14.90086026139976,18.209983388658483,0.9596173132116985,13.048808848170152
dynamic_exponential,11,41,4200,13.200000000000001,14.982473829306374,19.660107523773828,1.158121449331271,13.048808848170152
dynamic_exponential,11,42,4300,13.06332495807108,14.89044130502535,18.76397674405503,1.0391902737320542,13.048808848170152
dynamic_exponential,11,43,4400,13.303329637837292,14.9891287332344,20.00830459735946,1.3836680184856118,13.048808848170152
dynamic_exponential,11,44,4500,13.274165738677395,14.784098070298,17.80332963783729,1.0566368560198467,13.048808848170152
dynamic_exponential,11,45,4600,13.2295630140987,14.904740770629703,21.68910462845192,1.4602880892694476,13.048808848170152
dynamic_exponential,11,46,4700,13.23622914957372,15.213432173376882,20.330950643030008,1.3545719274444508,13.048808848170152
dynamic_exponential,11,47,4800,13.394427190999917,15.080577212011942,20.40454076850486,1.2953276294604246,13.048808848170152
dynamic_exponential,11,48,4900,13.336660026534076,14.894264300065037,20.51657508881031,1.1308116268781168,13.048808848170152
dynamic_exponential,11,49,5000,13.336660026534076,14.948538263518753,20.414213562373096,1.169815707876176,13.048808848170152
dynamic_exponential,11,50,5100,13.22736184954957,14.850163122806139,19.838181191654584,1.2175467330290013,13.048808848170152
dynamic_exponential,12,0,100,18.49373774505092,20.777503225042114,22.87175030543074,0.906978751755723,18.49373774505092
dynamic_exponential,12,1,200,14.87571129984594,19.97909975941023,31.370828693386972,2.7877098090735073,14.87571129984594
dynamic_exponential,12,2,300,14.80805405358401,18.19681921611817,27.10554700852678,2.1436434634839534,14.80805405358401
dynamic_exponential,12,3,400,15.089459064299284,17.279986058557157,21.449444375840397,1.206583507942321,14.80805405358401
dynamic_exponential,12,4,500,14.70185121722126,16.509152729805734,19.812771730569565,0.8997459908622244,14.70185121722126
dynamic_exponential,12,5,600,14.809243436828814,16.272517662417542,18.77967389859482,0.8478531879069919,14.70185121722126
dynamic_exponential,12,6,700,14.530727575266251,16.194478850228357,18.868438714135813,0.8289368720664092,14.530727575266251
dynamic_exponential,12,7,800,14.530727575266251,16.155680977096758,20.810693864511038,0.9370197721604371,14.530727575266251
dynamic_exponential,12,8,900,14.588435821108957,16.10022585171386,19.417800560721076,0.8060928231688415,14.530727575266251
dynamic_exponential,12,9,1000,14.5,16.039612353678663,17.777849927241487,0.7305064386199623,14.5
dynamic_exponential,12,10,1100,13.891153452528776,15.830481350069856,17.834057902536163,0.6419412653134596,13.891153452528776
dynamic_exponential,12,11,1200,14.292838827718413,15.842260470741834,17.822327839240494,0.6871247846676742,13.891153452528776
dynamic_exponential,12,12,1300,14.414213562373096,15.915271893453358,18.55329983228432,0.7835454720023264,13.891153452528776
dynamic_exponential,12,13,1400,14.414213562373096,15.949169173996463,19.12736184954957,0.8990558854351046,13.891153452528776
dynamic_exponential,12,14,1500,14.257583690279022,16.034966423483958,18.621347195933176,0.905612279679649,13.891153452528776
dynamic_exponential,12,15,1600,14.526649916142159,16.0245204119745,19.12074368738204,0.8838423908384595,13.891153452528776
dynamic_exponential,12,16,1700,13.46619037896906,16.01075294536434,19.760681686165903,0.9580094495001448,13.46619037896906
dynamic_exponential,12,17,1800,13.93469899493758,16.0369047439346,18.727566688249706,0.9472743293763286,13.46619037896906
dynamic_exponential,12,18,1900,14.309243436828814,15.9181616898044,20.50454076850486,1.0978660836548377,13.46619037896906
dynamic_exponential,12,19,2000,14.18193472919817,15.650511538171406,18.739270764090495,0.911266755530971,13.46619037896906
dynamic_exponential,12,20,2100,13.396662954709576,15.663514278984964,19.284336665618135,1.0479103279367747,13.396662954709576
dynamic_exponential,12,21,2200,14.016609194718914,15.719693077699128,18.809983388658484,0.9702081332437233,13.396662954709576
dynamic_exponential,12,22,2300,13.878232998312527,15.68532516748532,18.979215610874228,0.864940196821637,13.396662954709576
dynamic_exponential,12,23,2400,13.86397674405503,15.6516621502442,19.32654919008431,0.9994433821194865,13.396662954709576
dynamic_exponential,12,24,2500,13.85870331449229,15.454007480892221,18.72574776766556,0.8449384114474637,13.396662954709576
dynamic_exponential,12,25,2600,13.93469899493758,15.555058539419123,17.396662954709576,0.8667822291529474,13.396662954709576
dynamic_exponential,12,26,2700,13.609975124224178,15.47547186427549,18.142810150121694,0.889526164872077,13.396662954709576
dynamic_exponential,12,27,2800,13.58494332412792,15.434408804260135,19.03315017762062,0.9826319459875331,13.396662954709576
dynamic_exponential,12,28,2900,13.993468988235943,15.276943336294131,17.43534100123922,0.7683312769554749,13.396662954709576
dynamic_exponential,12,29,3000,13.720743687382042,15.379350353267604,18.52480768092719,0.9219792098615216,13.396662954709576
dynamic_exponential,12,30,3100,13.56287388383278,15.366943216963312,18.488409872672513,0.959459125268988,13.396662954709576
dynamic_exponential,12,31,3200,13.929705854077836,15.788743885134858,19.730727575266254,1.1718521133481377,13.396662954709576
dynamic_exponential,12,32,3300,13.94928556845359,15.671801684716272,21.613112646970897,1.3124032035462232,13.396662954709576
dynamic_exponential,12,33,3400,13.448331477354788,15.464727291481582,19.207106781186546,1.1363626670638833,13.396662954709576
dynamic_exponential,12,34,3500,13.547722557505166,15.554635378485559,19.714674215792776,1.1770360304529879,13.396662954709576
dynamic_exponential,12,35,3600,14.007130750570548,15.549082531575861,18.274868417407582,1.0102533956357151,13.396662954709576
dynamic_exponential,12,36,3700,13.571779788708135,15.626817591491706,22.109975124224178,1.2056639973959653,13.396662954709576
dynamic_exponential,12,37,3800,13.700000000000001,15.746964839947225,22.04959013639538,1.3515582666444808,13.396662954709576
dynamic_exponential,12,38,3900,14.132455532033676,15.741014133570605,22.83622914957372,1.4462173096429451,13.396662954709576
dynamic_exponential,12,39,4000,14.132455532033676,15.661898328690087,22.08113883008419,1.2040878022943058,13.396662954709576
dynamic_exponential,12,40,4100,13.822497216032183,15.645143943140418,20.909975124224175,1.1158776240989625,13.396662954709576
dynamic_exponential,12,41,4200,14.055294535724686,15.556718812530924,17.59666295470958,0.8396415936983682,13.396662954709576
dynamic_exponential,12,42,4300,14.015167380558044,15.425282861421563,20.387475490101846,0.9590481583919154,13.396662954709576
dynamic_exponential,12,43,4400,13.314642819948224,15.36359414943993,19.764911064067352,0.9340225451716856,13.314642819948224
dynamic_exponential,12,44,4500,13.777032961426901,15.373984176267275,18.66794833886788,0.9300887285502799,13.314642819948224
dynamic_exponential,12,45,4600,13.829563014098701,15.343859660108325,19.157342370508886,0.8679372787898325,13.314642819948224
dynamic_exponential,12,46,4700,13.4,15.453758716117921,17.862873883832776,0.8756000332660766,13.314642819948224
dynamic_exponential,12,47,4800,13.299999999999999,15.462440618864424,19.456465996625056,1.1969528287786424,13.299999999999999
dynamic_exponential,12,48,4900,13.299999999999999,15.33268092569863,18.957066051117284,1.0273522614632509,13.299999999999999
dynamic_exponential,12,49,5000,13.292838827718413,15.135029929208573,18.707106781186546,0.9452778985684382,13.292838827718413
dynamic_exponential,12,50,5100,13.64476105895272,15.295624513836492,20.134698994937583,1.103153721970938,13.292838827718413
dynamic_exponential,13,0,100,18.330950643030008,20.692619637021334,23.022327839240493,1.0756224286607838,18.330950643030008
dynamic_exponential,13,1,200,15.8,20.007643104396383,31.632455532033674,2.6258133278128626,15.8
dynamic_exponential,13,2,300,15.3166247903554,18.436823650981832,30.57907545067406,2.3370896137787995,15.3166247903554
dynamic_exponential,13,3,400,15.16227766016838,16.97756921434504,20.055294535724684,0.8072941838472191,15.16227766016838
dynamic_exponential,13,4,500,15.16227766016838,16.57287365378603,18.680614856144977,0.7265181008990569,15.16227766016838
dynamic_exponential,13,5,600,14.478505426185217,16.475000810174684,19.417800560721076,0.8034664454869219,14.478505426185217
dynamic_exponential,13,6,700,14.478505426185217,16.38732578349872,19.900000000000002,0.8912604335927815,14.478505426185217
dynamic_exponential,13,7,800,15.034192325759246,16.29775606891192,19.661901286060015,0.8362085711321129,14.478505426185217
dynamic_exponential,13,8,900,14.72264954516723,16.1734966055992,18.18330013267038,0.7140312247884754,14.478505426185217
dynamic_exponential,13,9,1000,14.655592347112504,16.046879106492028,17.932364259186606,0.7304747505452548,14.478505426185217
dynamic_exponential,13,10,1100,14.467491648096548,16.002405392507875,17.549666651850536,0.765551509834407,14.467491648096548
dynamic_exponential,13,11,1200,14.38208554864871,15.988439544753373,18.539013913315678,0.8310654769120212,14.38208554864871
dynamic_exponential,13,12,1300,14.00516780926679,15.945300832886208,17.80094331227943,0.6622874752627103,14.00516780926679
dynamic_exponential,13,13,1400,14.521347195933176,15.927150342195832,18.108607914449795,0.7423965935866148,14.00516780926679
dynamic_exponential,13,14,1500,14.4,15.925262223618114,17.797726685459203,0.6487106203562838,14.00516780926679
dynamic_exponential,13,15,1600,14.25972971738975,15.886269349709012,18.714944167960986,0.8416072414885737,14.00516780926679
dynamic_exponential,13,16,1700,14.159126028197399,15.808217650441474,17.76468827043885,0.7199587377916632,14.00516780926679
dynamic_exponential,13,17,1800,13.70199920063936,15.661160541770341,18.822611077089288,0.907653046581372,13.70199920063936
dynamic_exponential,13,18,1900,13.868438714135813,15.866124041710407,21.391153452528776,1.185300811982645,13.70199920063936
dynamic_exponential,13,19,2000,13.908318915758459,15.765002148498949,18.646426544510454,1.098149266003317,13.70199920063936
dynamic_exponential,13,20,2100,13.857066051117284,15.735619496101087,21.256465996625053,1.1907981063202635,13.70199920063936
dynamic_exponential,13,21,2200,13.802172886644268,15.450678853775505,18.372983346207416,0.8950109884312294,13.70199920063936
dynamic_exponential,13,22,2300,13.822611077089286,15.322218282834251,17.63901391331568,0.8023842278832969,13.70199920063936
dynamic_exponential,13,23,2400,13.822611077089286,15.39809721949265,17.814642819948226,0.8104681511254076,13.70199920063936
dynamic_exponential,13,24,2500,13.859591794226542,15.458032875895032,17.537211521390788,0.7812583932514806,13.70199920063936
dynamic_exponential,13,25,2600,13.063818169698585,15.718496423389663,21.524845673131658,1.1240815796744392,13.063818169698585
dynamic_exponential,13,26,2700,14.107680962081059,15.711208963990346,19.467670500619608,0.9042975313365629,13.063818169698585
dynamic_exponential,13,27,2800,13.867156809750927,15.477456978382408,18.136664289109586,0.8107384688710184,13.063818169698585
dynamic_exponential,13,28,2900,13.660107523773828,15.563608232795854,18.555294535724684,0.9282598065631172,13.063818169698585
dynamic_exponential,13,29,3000,13.816590212458495,15.393025480974863,18.015167380558044,0.8762392434378898,13.063818169698585
dynamic_exponential,13,30,3100,13.961324772583616,15.422317840138655,18.07207784317748,0.8438629959583771,13.063818169698585
dynamic_exponential,13,31,3200,13.73238075793812,15.418545305701839,18.948683298050515,0.9846383404193482,13.063818169698585
dynamic_exponential,13,32,3300,13.707106781186548,15.258459027817961,17.280697580112786,0.7896135380133593,13.063818169698585
dynamic_exponential,13,33,3400,13.877032961426902,15.216117175656542,18.86154726279432,0.9535332536945443,13.063818169698585
dynamic_exponential,13,34,3500,13.50454076850486,15.49263926668238,20.437003937005905,1.1565849577150495,13.063818169698585
dynamic_exponential,13,35,3600,13.700000000000001,15.298283665581526,18.73622914957372,0.9083095831821174,13.063818169698585
dynamic_exponential,13,36,3700,13.547722557505166,15.099637671302343,17.466479394838267,0.7230965547790559,13.063818169698585
dynamic_exponential,13,37,3800,13.547722557505166,15.279329200045233,18.145906043549196,0.988202105205365,13.063818169698585
dynamic_exponential,13,38,3900,13.547722557505166,15.241311470311722,19.106659275674584,0.9857138489291951,13.063818169698585
dynamic_exponential,13,39,4000,13.316590212458495,15.20952452782601,20.900000000000002,1.0761433525562063,13.063818169698585
dynamic_exponential,13,40,4100,13.378404875209021,15.249104891807043,19.144994432064365,1.1332922498410967,13.063818169698585
dynamic_exponential,13,41,4200,13.380624847486569,15.364066028515413,20.80199920063936,1.2611720740541315,13.063818169698585
dynamic_exponential,13,42,4300,13.368438714135813,15.275744872751734,18.720897306865446,0.910157469250975,13.063818169698585
dynamic_exponential,13,43,4400,13.368438714135813,15.43996004010953,18.12736184954957,0.9825596258379535,13.063818169698585
dynamic_exponential,13,44,4500,13.368438714135813,15.695969739995938,20.919090595827292,1.3731528212407245,13.063818169698585
dynamic_exponential,13,45,4600,13.368438714135813,15.596195998699391,20.035533905932738,1.1799424549067203,13.063818169698585
dynamic_exponential,13,46,4700,13.764688270438851,15.478345326055155,19.2770329614269,0.9172181762821552,13.063818169698585
dynamic_exponential,13,47,4800,13.505547008526777,15.5761616996157,19.16794833886788,1.0405421328886906,13.063818169698585
dynamic_exponential,13,48,4900,13.814642819948224,15.60619415443872,21.63527000944073,1.206626382465614,13.063818169698585
dynamic_exponential,13,49,5000,13.94928556845359,15.605833110825179,20.632455532033674,1.2440374199872264,13.063818169698585
dynamic_exponential,13,50,5100,13.449444375840399,15.55411554502041,19.00830459735946,1.0855210253285419,13.063818169698585
dynamic_exponential,14,0,100,17.948331477354788,20.589019172492545,22.8459060435492,1.0558103171095208,17.948331477354788
dynamic_exponential,14,1,200,15.627038417709679,20.217730852425866,31.09799919935936,3.3304215304387146,15.627038417709679
dynamic_exponential,14,2,300,15.159126028197399,18.087722913114362,26.27979589711327,2.0611252391864245,15.159126028197399
dynamic_exponential,14,3,400,15.590724809414743,17.1008557047384,23.129705854077837,1.0563015392875383,15.159126028197399
dynamic_exponential,14,4,500,15.146536616149586,16.68991827858814,18.61555394056826,0.6222535479727982,15.146536616149586
dynamic_exponential,14,5,600,14.72654919008431,16.584763472859844,20.07364413533277,0.8242490350940022,14.72654919008431
dynamic_exponential,14,6,700,14.923243291566195,16.552159070836147,23.077154105707724,1.000567196794066,14.72654919008431
dynamic_exponential,14,7,800,14.881742422927143,16.21104078839461,17.94928556845359,0.6733285374193941,14.72654919008431
dynamic_exponential,14,8,900,14.55329983228432,16.06056428590776,18.894427190999917,0.8039447789437544,14.55329983228432
dynamic_exponential,14,9,1000,14.254723699099141,15.991740914323318,20.04939015319192,0.8201543243772585,14.254723699099141
dynamic_exponential,14,10,1100,14.430950643030009,16.09184096322787,19.40454076850486,0.8866485822841935,14.254723699099141
dynamic_exponential,14,11,1200,14.261706725018236,16.07463143496549,18.61555394056826,0.859638282123045,14.254723699099141
dynamic_exponential,14,12,1300,14.288854381999831,15.850779530159992,17.99821400091136,0.8317199961452617,14.254723699099141
dynamic_exponential,14,13,1400,14.372004514666935,15.911250031836842,18.369870314579494,0.858139918384574,14.254723699099141
dynamic_exponential,14,14,1500,14.372004514666935,16.039465310029247,19.646426544510454,0.9680637340376332,14.254723699099141
dynamic_exponential,14,15,1600,14.372004514666935,15.855924507874612,18.786335345031,0.7885264443297358,14.254723699099141
dynamic_exponential,14,16,1700,13.508304597359459,16.015446911995262,19.140175425099137,0.8644981055183701,13.508304597359459
dynamic_exponential,14,17,1800,14.026649916142159,15.920131126030455,20.470540018881465,0.9241191779568262,13.508304597359459
dynamic_exponential,14,18,1900,14.059591794226542,15.832247880784118,19.400000000000002,0.9236553283788576,13.508304597359459
dynamic_exponential,14,19,2000,13.788854381999831,15.864267029373964,20.464965543462903,0.9103232479606924,13.508304597359459
dynamic_exponential,14,20,2100,13.2295630140987,15.920127786874525,18.811871208194287,0.9257926650168123,13.2295630140987
dynamic_exponential,14,21,2200,13.834846922834952,15.662076710042866,17.590732788777423,0.7780185890855752,13.2295630140987
dynamic_exponential,14,22,2300,13.7295630140987,15.570022954984397,18.967707825203128,0.9072872891267393,13.2295630140987
dynamic_exponential,14,23,2400,13.179795897113271,15.57284564962848,20.33622914957372,1.0768288990473927,13.179795897113271
dynamic_exponential,14,24,2500,13.377032961426902,15.556965025673513,20.09544511501033,1.0993387942658048,13.179795897113271
dynamic_exponential,14,25,2600,13.377032961426902,15.432715017256182,19.169693845669904,0.9505029296618691,13.179795897113271
dynamic_exponential,14,26,2700,13.588409872672514,15.651129167729552,19.71909059582729,1.173938601796012,13.179795897113271
dynamic_exponential,14,27,2800,13.671779788708136,15.785397386314061,22.00554700852678,1.3552138279288084,13.179795897113271
dynamic_exponential,14,28,2900,13.991153452528778,15.569069961468019,19.845207879911715,0.9072879223639082,13.179795897113271
dynamic_exponential,14,29,3000,13.991153452528778,15.81333759736688,20.610589071449372,1.2278992842424683,13.179795897113271
dynamic_exponential,14,30,3100,13.896662954709576,15.83457314783567,20.440063693621518,1.1155919577474325,13.179795897113271
dynamic_exponential,14,31,3200,13.788854381999831,15.783158423218394,19.449444375840397,0.9870287502158718,13.179795897113271
dynamic_exponential,14,32,3300,13.2295630140987,15.547562352707246,19.664582518894846,1.0427008700778668,13.179795897113271
dynamic_exponential,14,33,3400,13.513552872566004,15.646712135405808,19.58526217596215,1.210506521312579,13.179795897113271
dynamic_exponential,14,34,3500,13.595445115010332,15.505579672448409,20.485677655436824,1.2477982268317331,13.179795897113271
dynamic_exponential,14,35,3600,13.769693845669908,15.474633097494875,21.599999999999998,1.117271892194744,13.179795897113271
dynamic_exponential,14,36,3700,14.063818169698585,15.529203325604065,19.644994432064365,1.0821893165314416,13.179795897113271
dynamic_exponential,14,37,3800,13.754723699099141,15.598927878801417,21.584943324127924,1.3124629495311328,13.179795897113271
dynamic_exponential,14,38,3900,13.919090595827292,15.657447236798864,20.167156809750924,1.2785352010339834,13.179795897113271
dynamic_exponential,14,39,4000,13.836229149573722,15.76474043974878,20.714944167960986,1.260528176426037,13.179795897113271
dynamic_exponential,14,40,4100,13.563818169698585,15.528227669813248,18.475817632051932,1.0666529160081768,13.179795897113271
dynamic_exponential,14,41,4200,13.563818169698585,15.662449023679518,19.729563014098698,1.2316364310679508,13.179795897113271
dynamic_exponential,14,42,4300,13.837211521390788,15.729692801600795,19.09072480941474,1.0970414821276537,13.179795897113271
dynamic_exponential,14,43,4400,13.948683298050513,15.860143437054598,19.900000000000002,1.183823354659799,13.179795897113271
dynamic_exponential,14,44,4500,13.802172886644268,15.938486873053987,20.077902338672775,1.2679292787117793,13.179795897113271
dynamic_exponential,14,45,4600,13.530727575266251,15.951945908369167,22.193737745050925,1.5363596188365736,13.179795897113271
dynamic_exponential,14,46,4700,13.819160170741759,15.692312471960042,20.12574776766556,1.0992135855506235,13.179795897113271
dynamic_exponential,14,47,4800,13.634846922834953,15.545364494562916,18.669693845669904,1.103616462064877,13.179795897113271
dynamic_exponential,14,48,4900,13.069535971483266,15.486597444352485,20.882085548648714,1.2359499219294385,13.069535971483266
dynamic_exponential,14,49,5000,13.069535971483266,15.332811643832708,19.50830459735946,1.1380372234119345,13.069535971483266
dynamic_exponential,14,50,5100,13.36287388383278,15.495289405023193,21.72736184954957,1.3073546738949366,13.069535971483266
dynamic_exponential,15,0,100,18.047722557505168,20.823593257049478,23.29192496674806,1.1568100613529373,18.047722557505168
dynamic_exponential,15,1,200,15.957066051117286,19.809154217232006,27.411871208194288,2.1007970750812155,15.957066051117286
dynamic_exponential,15,2,300,14.637715508089904,18.64941480816781,25.09544511501033,2.0443817792835044,14.637715508089904
dynamic_exponential,15,3,400,15.234387974463898,17.692539695204832,25.896662954709576,1.9933384976681936,14.637715508089904
dynamic_exponential,15,4,500,14.753068523537422,16.750078360868294,19.674021572639983,0.8934370985263572,14.637715508089904
dynamic_exponential,15,5,600,14.861547262794321,16.577059340360307,19.776575213227446,0.819936275888208,14.637715508089904
dynamic_exponential,15,6,700,14.822497216032183,16.2417017792442,18.234380858325927,0.6203970544189,14.637715508089904
dynamic_exponential,15,7,800,14.557965224510319,16.23918958449006,21.805167809266788,0.9440459650433702,14.557965224510319
dynamic_exponential,15,8,900,14.427566688249707,16.32507115323858,20.11245154965971,0.936223655845489,14.427566688249707
dynamic_exponential,15,9,1000,14.085677655436825,16.113990108252146,21.960232526704264,1.0203622179325516,14.085677655436825
dynamic_exponential,15,10,1100,14.072077843177478,16.173734106475415,19.016609194718917,1.0802101782504456,14.072077843177478
dynamic_exponential,15,11,1200,13.505547008526777,16.072176254923033,21.161706725018234,1.196529274052431,13.505547008526777
dynamic_exponential,15,12,1300,13.336229149573722,15.695382304193206,18.644655678480984,0.8926308970840856,13.336229149573722
dynamic_exponential,15,13,1400,13.753720459187964,15.548366915854093,17.423243291566195,0.789118023393067,13.336229149573722
dynamic_exponential,15,14,1500,13.867156809750927,15.721035426339256,18.089983277545212,0.7734228214311528,13.336229149573722
dynamic_exponential,15,15,1600,13.846049894151541,15.618614027516804,17.89317652729776,0.7817534049332444,13.336229149573722
dynamic_exponential,15,16,1700,13.579075450674063,15.493890546522053,18.19332590941915,0.7320025458202555,13.336229149573722
dynamic_exponential,15,17,1800,13.754723699099141,15.503170537499441,17.86397674405503,0.7496649163766765,13.336229149573722
dynamic_exponential,15,18,1900,13.633030277982337,15.48493633976065,17.40665927567458,0.7617543014598858,13.336229149573722
dynamic_exponential,15,19,2000,13.764688270438851,15.342633233767417,17.365570056765577,0.7658010389816279,13.336229149573722
dynamic_exponential,15,20,2100,13.639071942966531,15.269702332130827,17.201428280002318,0.7399853368427838,13.336229149573722
dynamic_exponential,15,21,2200,13.554065922853802,15.206051900919402,17.62565782966318,0.7024903365178234,13.336229149573722
dynamic_exponential,15,22,2300,13.781934729198172,15.252167029198803,18.03315017762062,0.783984420823563,13.336229149573722
dynamic_exponential,15,23,2400,13.88208554864871,15.141077482489624,17.89857113690718,0.7617767001246578,13.336229149573722
dynamic_exponential,15,24,2500,13.533907960581372,15.14433871913895,18.912931993250105,0.8109680513381238,13.336229149573722
dynamic_exponential,15,25,2600,13.533907960581372,15.154894637105297,18.367156809750927,0.8039476309215736,13.336229149573722
dynamic_exponential,15,26,2700,13.343908891458577,15.017725253324375,16.89799919935936,0.6835835404649026,13.336229149573722
dynamic_exponential,15,27,2800,13.549509756796393,14.998282696985298,18.6319206502675,0.8373380042612028,13.336229149573722
dynamic_exponential,15,28,2900,13.43238075793812,14.942000176345486,18.52610932182309,0.8222499657969544,13.336229149573722
dynamic_exponential,15,29,3000,12.686796226411321,14.846276251984996,16.91386219991853,0.687773963314501,12.686796226411321
dynamic_exponential,15,30,3100,13.311871208194287,15.046359882634379,18.56767050061961,0.8949722731009259,12.686796226411321
dynamic_exponential,15,31,3200,13.615167380558045,15.185294636472351,18.549444375840398,0.9006910513034879,12.686796226411321
dynamic_exponential,15,32,3300,13.311871208194287,15.045801483377327,16.464965543462903,0.7040781810917967,12.686796226411321
dynamic_exponential,15,33,3400,13.35870331449229,14.977209558656103,18.656141357987224,0.9702600134464116,12.686796226411321
dynamic_exponential,15,34,3500,13.481742422927145,15.018099716278055,17.65657137141714,0.8112142537434592,12.686796226411321
dynamic_exponential,15,35,3600,13.22474487139159,15.035025670442018,17.339607805437115,0.85030723026158,12.686796226411321
dynamic_exponential,15,36,3700,13.30384048104053,14.987820068899568,17.526368339802364,0.8149177909213019,12.686796226411321
dynamic_exponential,15,37,3800,13.096662954709576,15.208740915320568,18.31567916624939,0.9770275850665662,12.686796226411321
dynamic_exponential,15,38,3900,13.088409872672514,14.964188154004935,18.282461550347975,0.9422672606987793,12.686796226411321
dynamic_exponential,15,39,4000,13.060107523773826,14.931727962076355,17.892415526630867,1.017138892305418,12.686796226411321
dynamic_exponential,15,40,4100,12.792838827718413,14.88881219072849,18.64355957741627,1.0328911186716632,12.686796226411321
dynamic_exponential,15,41,4200,12.792838827718413,14.8044627904,17.978232998312528,0.9990324767297762,12.686796226411321
dynamic_exponential,15,42,4300,12.792838827718413,14.688362864122057,17.739607805437114,0.9655767677437354,12.686796226411321
dynamic_exponential,15,43,4400,13.1431676725155,14.666028888012438,19.0,0.8747407150581966,12.686796226411321
dynamic_exponential,15,44,4500,13.081138830084189,14.591002321302318,16.589459064299284,0.7390253807486415,12.686796226411321
dynamic_exponential,15,45,4600,13.081138830084189,14.601988274188113,16.57907545067406,0.7772408498007232,12.686796226411321
dynamic_exponential,15,46,4700,13.081138830084189,14.659045787111335,16.7,0.8112817697907222,12.686796226411321
dynamic_exponential,15,47,4800,13.409975124224179,14.682396902308033,16.30908153700972,0.7317909162446316,12.686796226411321
dynamic_exponential,15,48,4900,13.409975124224179,14.793456619766708,19.049615361854386,0.951332073187251,12.686796226411321
dynamic_exponential,15,49,5000,13.18910462845192,14.69007733161161,16.911871208194288,0.8507054454438691,12.686796226411321
dynamic_exponential,15,50,5100,12.869535971483266,14.87990081266915,17.37175030543074,0.8500444369942945,12.686796226411321
dynamic_exponential,16,0,100,18.099999999999998,20.843011159136953,23.707567081708245,1.0781781184374002,18.099999999999998
dynamic_exponential,16,1,200,15.87175030543074,20.209137832205325,32.5494443758404,3.159876064910099,15.87175030543074
dynamic_exponential,16,2,300,15.642787793912431,18.20950908331308,29.18321595661992,2.2406730348739257,15.642787793912431
dynamic_exponential,16,3,400,14.80142828000232,16.98370107991484,20.62574776766556,0.9401664803884326,14.80142828000232
dynamic_exponential,16,4,500,14.80142828000232,16.64234643000725,18.674234614174768,0.7882041680548827,14.80142828000232
dynamic_exponential,16,5,600,14.642787793912431,16.38411329712304,20.04880884817015,0.8662336704933417,14.642787793912431
dynamic_exponential,16,6,700,14.579075450674063,16.195754717992862,17.79150262212918,0.7422900475561631,14.579075450674063
dynamic_exponential,16,7,800,14.807878402833891,16.154970086929197,18.221148537234985,0.7257317194585768,14.579075450674063
dynamic_exponential,16,8,900,15.021363372331802,16.399799638467552,22.483239697419133,1.2399700690888222,14.579075450674063
dynamic_exponential,16,9,1000,14.560107523773826,16.20157639811872,18.923538406167136,0.8689302963500453,14.560107523773826
dynamic_exponential,16,10,1100,14.3,15.985936581373894,19.343024810940587,0.8497500009711676,14.3
dynamic_exponential,16,11,1200,14.38425027803687,16.103957572746673,19.449545416973503,1.076317114528838,14.3
dynamic_exponential,16,12,1300,14.27571129984594,15.755209579308461,19.408304597359457,0.9265954300066483,14.27571129984594
dynamic_exponential,16,13,1400,14.322611077089286,15.714820733137321,20.11245154965971,1.001562639628263,14.27571129984594
dynamic_exponential,16,14,1500,14.2131126469709,15.701932109937308,18.614642819948223,0.7842340848933306,14.2131126469709
dynamic_exponential,16,15,1600,14.034387974463899,15.633132139420534,18.07994974842648,0.8234570076874668,14.034387974463899
dynamic_exponential,16,16,1700,14.031300056749533,15.471954310633116,16.983306010855536,0.6868500902004956,14.031300056749533
dynamic_exponential,16,17,1800,14.008304597359459,15.451224804815093,17.414213562373096,0.7006595992268131,14.008304597359459
dynamic_exponential,16,18,1900,14.008304597359459,15.440731975347685,18.417800560721073,0.7502216643661408,14.008304597359459
dynamic_exponential,16,19,2000,13.581138830084189,15.24388757882388,17.715823125451337,0.6933954387622083,13.581138830084189
dynamic_exponential,16,20,2100,13.807878402833891,15.447477768972563,19.395943722515266,0.9909323574082649,13.581138830084189
dynamic_exponential,16,21,2200,13.880624847486569,15.420465204192451,20.7,0.9602998592476785,13.581138830084189
dynamic_exponential,16,22,2300,13.635270009440731,15.342041748656413,17.802172886644268,0.7967810323374397,13.581138830084189
dynamic_exponential,16,23,2400,13.488409872672513,15.139890405564099,17.462977544445355,0.746020133268916,13.488409872672513
dynamic_exponential,16,24,2500,13.920465053408524,15.151592676849516,17.985677655436824,0.7242740815856249,13.488409872672513
dynamic_exponential,16,25,2600,13.488409872672513,15.35146824654853,18.96619037896906,1.0257970821892497,13.488409872672513
dynamic_exponential,16,26,2700,13.488409872672513,15.453973827681612,20.493468988235943,1.1191680039628311,13.488409872672513
dynamic_exponential,16,27,2800,13.635270009440731,15.449611933943288,19.46619037896906,1.0713466971481842,13.488409872672513
dynamic_exponential,16,28,2900,13.609975124224178,15.172707098967749,17.709901951359278,0.8733430138655163,13.488409872672513
dynamic_exponential,16,29,3000,13.56287388383278,15.557507887891592,19.10768096208106,1.037084678285908,13.488409872672513
dynamic_exponential,16,30,3100,14.08494332412792,15.425743130541367,19.16794833886788,0.9769219543241977,13.488409872672513
dynamic_exponential,16,31,3200,13.456465996625052,15.432880457686032,19.533907960581374,1.000363840470047,13.456465996625052
dynamic_exponential,16,32,3300,13.456465996625052,15.547646388935934,19.58433666561813,0.9634990754128001,13.456465996625052
dynamic_exponential,16,33,3400,13.366190378969058,15.379329042837226,19.422497216032184,1.0965784616537015,13.366190378969058
dynamic_exponential,16,34,3500,13.366190378969058,15.387474597750824,21.4377155080899,1.2297520778890632,13.366190378969058
dynamic_exponential,16,35,3600,13.588409872672514,15.486055547135566,19.18679622641132,1.034449225965332,13.366190378969058
dynamic_exponential,16,36,3700,13.408304597359457,15.271914395401154,20.255294535724687,1.0601523799319197,13.366190378969058
dynamic_exponential,16,37,3800,13.588409872672514,15.204763789208501,19.520897306865447,1.0477422827109784,13.366190378969058
dynamic_exponential,16,38,3900,13.769693845669908,15.307230602598036,18.60554700852678,1.0614705981657253,13.366190378969058
dynamic_exponential,16,39,4000,13.768438714135812,15.290384677660931,19.13527000944073,1.0321598838687105,13.366190378969058
dynamic_exponential,16,40,4100,13.830950643030008,15.135756375522119,18.63907194296653,0.898938192050901,13.366190378969058
dynamic_exponential,16,41,4200,13.700000000000001,15.16197833148745,18.533030277982334,0.9846294520361646,13.366190378969058
dynamic_exponential,16,42,4300,13.764911064067352,15.189178257170408,19.785229954635273,1.1113887354596275,13.366190378969058
dynamic_exponential,16,43,4400,13.662049935181331,15.31294865677658,19.063324958071078,1.0839561978606445,13.366190378969058
dynamic_exponential,16,44,4500,13.6431676725155,14.992863843173705,18.887467277262665,0.973353548568999,13.366190378969058
dynamic_exponential,16,45,4600,13.6431676725155,15.142383582453714,18.732380757938117,1.1421052721695149,13.366190378969058
dynamic_exponential,16,46,4700,13.377032961426902,15.023231153850144,18.593468988235944,0.9671608870069633,13.366190378969058
dynamic_exponential,16,47,4800,13.629705854077836,15.08454310804745,18.59666295470958,0.9641893202141534,13.366190378969058
dynamic_exponential,16,48,4900,13.419803902718558,15.003436628966956,17.588409872672514,0.8309851494474579,13.366190378969058
dynamic_exponential,16,49,5000,13.483239697419133,15.063056538576,17.52664991614216,0.854856574891935,13.366190378969058
dynamic_exponential,16,50,5100,13.449137674618944,15.08585981661296,19.7319206502675,1.0414048716911102,13.366190378969058
dynamic_exponential,17,0,100,18.640967364599085,20.850530728294924,23.503123475609392,1.0538216349824234,18.640967364599085
dynamic_exponential,17,1,200,15.470540018881465,20.53918827491392,31.640175425099137,3.5276778974261256,15.470540018881465
dynamic_exponential,17,2,300,15.253068523537422,18.785647512390618,31.419090595827292,2.6000800611990003,15.253068523537422
dynamic_exponential,17,3,400,15.022902093797258,17.326677197234105,24.164688270438848,1.477059418265115,15.022902093797258
dynamic_exponential,17,4,500,15.08998327754521,16.51772253520734,20.292848008753786,0.822843424603029,15.022902093797258
dynamic_exponential,17,5,600,14.949637662132067,16.27126320019564,17.570264048575666,0.573703280691833,14.949637662132067
dynamic_exponential,17,6,700,14.784336665618131,16.04587918329006,17.8567351858497,0.6455554480672654,14.784336665618131
dynamic_exponential,17,7,800,14.253068523537422,15.96697236800323,17.923243291566195,0.6533701010596359,14.253068523537422
dynamic_exponential,17,8,900,14.478505426185217,15.966021761899812,17.366563145999496,0.6391532388380436,14.253068523537422
dynamic_exponential,17,9,1000,14.380697580112788,16.11578132927273,18.45472369909914,0.8123833930654651,14.253068523537422
dynamic_exponential,17,10,1100,14.380697580112788,15.940979171208319,19.908304597359457,0.7782886921496059,14.253068523537422
dynamic_exponential,17,11,1200,14.290724809414742,15.772673314098581,17.698214000911364,0.6945313873787999,14.253068523537422
dynamic_exponential,17,12,1300,14.32409987036266,15.806675977503227,17.857066051117283,0.6511814524861712,14.253068523537422
dynamic_exponential,17,13,1400,14.38998327754521,15.654893244277854,16.89230199429887,0.6381114218230427,14.253068523537422
dynamic_exponential,17,14,1500,14.02710574513201,15.569093523923291,17.70713075057055,0.703079832389122,14.02710574513201
dynamic_exponential,17,15,1600,14.136664289109586,15.572111543186924,17.91040538832228,0.7475020848795592,14.02710574513201
dynamic_exponential,17,16,1700,14.242787793912433,15.525171254604139,17.834057902536163,0.7413597210144344,14.02710574513201
dynamic_exponential,17,17,1800,14.423243291566195,15.521074799388735,19.995943722515268,0.7969219374479473,14.02710574513201
dynamic_exponential,17,18,1900,13.867156809750927,15.561928897454836,17.346640106136302,0.7769691952293812,13.867156809750927
dynamic_exponential,17,19,2000,13.5494443758404,15.526919532036494,18.734313619501854,0.8235650327730711,13.5494443758404
dynamic_exponential,17,20,2100,13.5494443758404,15.34251877233652,17.369870314579494,0.7164385630746047,13.5494443758404
dynamic_exponential,17,21,2200,13.761706725018236,15.3114497769848,17.33589667773576,0.769020839153014,13.5494443758404
dynamic_exponential,17,22,2300,13.5494443758404,15.30292743486451,16.992838827718412,0.7033667001842174,13.5494443758404
dynamic_exponential,17,23,2400,13.5494443758404,15.41902171911229,18.41084400165827,0.7495407049902846,13.5494443758404
dynamic_exponential,17,24,2500,13.86124969497314,15.467566530621628,17.673592452822643,0.8471384910715368,13.5494443758404
dynamic_exponential,17,25,2600,13.657342370508884,15.221087405083042,18.26397674405503,0.7649526284766385,13.5494443758404
dynamic_exponential,17,26,2700,13.657342370508884,15.111828200071207,17.553503525729667,0.7582327143377235,13.5494443758404
dynamic_exponential,17,27,2800,13.86124969497314,15.218224330934916,17.87571129984594,0.8287999530628684,13.5494443758404
dynamic_exponential,17,28,2900,13.816609194718914,15.169876643739443,18.208687448721165,0.7838952561995178,13.5494443758404
dynamic_exponential,17,29,3000,13.761706725018236,15.30754582542131,19.359411708155672,0.8938798658212668,13.5494443758404
dynamic_exponential,17,30,3100,13.802172886644268,15.165814349624984,17.844994432064365,0.7550282091141431,13.5494443758404
dynamic_exponential,17,31,3200,13.38494332412792,15.261412481086847,18.940063693621518,0.9382024696522766,13.38494332412792
dynamic_exponential,17,32,3300,13.38494332412792,15.066775513527945,17.757092555020158,0.7674767197009275,13.38494332412792
dynamic_exponential,17,33,3400,13.664582518894846,15.09036565594737,18.839387691339816,0.8899578721975171,13.38494332412792
dynamic_exponential,17,34,3500,13.66794833886788,15.0461118720224,17.054065922853802,0.723747612575869,13.38494332412792
dynamic_exponential,17,35,3600,13.657342370508884,14.8459517267473,16.442276586281547,0.65624727996156,13.38494332412792
dynamic_exponential,17,36,3700,13.657342370508884,14.821776287803367,16.580243893371346,0.6625293182058167,13.38494332412792
dynamic_exponential,17,37,3800,13.557583690279023,14.830180987503581,18.57907545067406,0.821247329908042,13.38494332412792
dynamic_exponential,17,38,3900,13.557583690279023,14.839456036699346,16.39680742632695,0.6632926702431561,13.38494332412792
dynamic_exponential,17,39,4000,13.299999999999999,14.903310218102682,17.271085446759226,0.812332903821785,13.299999999999999
dynamic_exponential,17,40,4100,13.577638883463118,14.68549106906751,17.3,0.7227901239521262,13.299999999999999
dynamic_exponential,17,41,4200,13.657342370508884,14.818903278205378,17.0555923471125,0.7098385209334279,13.299999999999999
dynamic_exponential,17,42,4300,13.593468988235944,14.959148992653024,17.03072757526625,0.7724642120277168,13.299999999999999
dynamic_exponential,17,43,4400,13.593468988235944,15.027051009215159,18.58425027803687,0.8666853074228775,13.299999999999999
dynamic_exponential,17,44,4500,13.593468988235944,14.76741192455625,18.414213562373096,0.7567679185169226,13.299999999999999
dynamic_exponential,17,45,4600,13.593468988235944,14.674082101357117,16.924451190127584,0.6738889876541286,13.299999999999999
dynamic_exponential,17,46,4700,13.593468988235944,14.728258901813163,18.95306852353742,0.8104195507649393,13.299999999999999
dynamic_exponential,17,47,4800,13.640175425099137,14.667075313357955,17.099999999999998,0.6847950472444103,13.299999999999999
dynamic_exponential,17,48,4900,13.26332495807108,14.780549612686594,18.45870331449229,0.8558778180264981,13.26332495807108
dynamic_exponential,17,49,5000,13.26332495807108,14.671503281119216,16.43846820423443,0.660524797514801,13.26332495807108
dynamic_exponential,17,50,5100,13.26332495807108,14.643436177488105,18.235270009440733,0.8658998566681758,13.26332495807108
dynamic_exponential,18,0,100,18.22474487139159,20.96363941074591,23.25306852353742,0.9944969775283453,18.22474487139159
dynamic_exponential,18,1,200,15.65796522451032,19.96687724818485,34.06287388383278,2.945465543398772,15.65796522451032
dynamic_exponential,18,2,300,15.219004621945796,18.070072489485145,26.809243436828815,1.99124958362452,15.219004621945796
dynamic_exponential,18,3,400,14.957066051117286,16.87414713107103,19.391153452528776,0.9078560010211045,14.957066051117286
dynamic_exponential,18,4,500,14.840063693621516,16.455978869028556,19.567815921162744,0.7756450851659294,14.840063693621516
dynamic_exponential,18,5,600,15.077708763999663,16.27370616346094,17.88527285403645,0.6119694054658935,14.840063693621516
dynamic_exponential,18,6,700,14.799999999999999,16.109205716030655,18.01109401705356,0.6146130069985257,14.799999999999999
dynamic_exponential,18,7,800,14.715679166249389,16.080895613637097,18.10960651105244,0.5845109087312396,14.715679166249389
dynamic_exponential,18,8,900,14.772751070837067,16.081080095369135,18.460252094164762,0.6788218990123068,14.715679166249389
dynamic_exponential,18,9,1000,14.834057902536163,16.104840704654364,18.378516483155234,0.7414889678333785,14.715679166249389
dynamic_exponential,18,10,1100,14.360319135392633,15.94331054060553,17.6644304369257,0.619445085499104,14.360319135392633
dynamic_exponential,18,11,1200,14.429705854077836,15.805498457904548,17.719950248448356,0.6187134129732909,14.360319135392633
dynamic_exponential,18,12,1300,14.13901391331568,15.958133874117529,17.882663407939976,0.6797288322044679,14.13901391331568
dynamic_exponential,18,13,1400,14.088435821108957,15.974478455286246,17.83541565040626,0.7047123966487584,14.088435821108957
dynamic_exponential,18,14,1500,14.441186241925156,15.942239719291246,18.633630940518895,0.8012823547990121,14.088435821108957
dynamic_exponential,18,15,1600,14.579949748426479,15.9206728154882,20.115587038162705,0.7632682575221025,14.088435821108957
dynamic_exponential,18,16,1700,14.472458299147444,15.886627584477417,18.49582971014219,0.7177413966396767,14.088435821108957
dynamic_exponential,18,17,1800,14.394438717061496,15.78923295865746,19.064965543462904,0.8007460615937769,14.088435821108957
dynamic_exponential,18,18,1900,13.904540768504859,15.621938035612182,17.99821400091136,0.8149074295926633,13.904540768504859
dynamic_exponential,18,19,2000,13.70199920063936,15.50627019300321,17.25163526410386,0.678330631381582,13.70199920063936
dynamic_exponential,18,20,2100,14.121320343559642,15.57452784946251,17.723532661682466,0.778033848724252,13.70199920063936
dynamic_exponential,18,21,2200,13.953720459187963,15.492194080143973,18.43095064303001,0.8090145536965224,13.70199920063936
dynamic_exponential,18,22,2300,13.953720459187963,15.446522118075452,18.170459909270544,0.8581830086196544,13.70199920063936
dynamic_exponential,18,23,2400,13.953720459187963,15.504208114432469,17.93095064303001,0.7871459189928479,13.70199920063936
dynamic_exponential,18,24,2500,13.87175030543074,15.583342903594552,19.280697580112786,0.889325997042335,13.70199920063936
dynamic_exponential,18,25,2600,13.493468988235943,15.620448693553815,18.894438717061494,0.7804035880822466,13.493468988235943
dynamic_exponential,18,26,2700,13.995829710142187,15.683845638304582,17.855133376499413,0.8278113902017723,13.493468988235943
dynamic_exponential,18,27,2800,14.18193472919817,15.546195413905657,18.924099870362664,0.8361255365447867,13.493468988235943
dynamic_exponential,18,28,2900,13.636664289109586,15.610614250829665,18.449444375840397,0.8707667962043154,13.493468988235943
dynamic_exponential,18,29,3000,13.08494332412792,15.636337803720515,19.391153452528776,1.0700321409875586,13.08494332412792
dynamic_exponential,18,30,3100,13.08494332412792,15.2615901886059,18.423243291566195,0.9086298238037843,13.08494332412792
dynamic_exponential,18,31,3200,13.23072757526625,15.135766105386354,18.064965543462904,0.902457495035037,13.08494332412792
dynamic_exponential,18,32,3300,13.112403840463596,15.167846152802966,19.256465996625053,0.9517612744056989,13.08494332412792
dynamic_exponential,18,33,3400,13.38208554864871,15.080884928916765,18.027900134111572,0.9350171582554511,13.08494332412792
dynamic_exponential,18,34,3500,13.394427190999917,15.270325332377825,19.049509756796393,1.0455706902265143,13.08494332412792
dynamic_exponential,18,35,3600,13.557641145488901,15.3076852798841,19.088078318274384,1.0339391799600137,13.08494332412792
dynamic_exponential,18,36,3700,13.209901951359278,15.280464425703217,18.420526275297412,0.993166644424848,13.08494332412792
dynamic_exponential,18,37,3800,13.683215956619923,15.313081632308743,17.551548460377916,0.9040612711940643,13.08494332412792
dynamic_exponential,18,38,3900,13.513552872566004,15.344787640557984,21.14131112314674,1.0424177727277661,13.08494332412792
dynamic_exponential,18,39,4000,13.22736184954957,15.115040908391393,17.391153452528776,0.8418895184500206,13.08494332412792
dynamic_exponential,18,40,4100,13.548808848170152,15.271349737980147,21.097617696340304,1.1340086704078145,13.08494332412792
dynamic_exponential,18,41,4200,13.18309518948453,15.392106942305329,18.967707825203128,1.1405358360411768,13.08494332412792
dynamic_exponential,18,42,4300,13.334846922834952,15.068578750198135,18.12074368738204,0.8825603804096094,13.08494332412792
dynamic_exponential,18,43,4400,13.01657508881031,15.150195907114089,18.93469899493758,0.9975251826225394,13.01657508881031
dynamic_exponential,18,44,4500,13.01657508881031,15.269970159741776,19.30384048104053,1.0165043057560268,13.01657508881031
dynamic_exponential,18,45,4600,13.255294535724685,15.254943125409797,19.491153452528778,1.1782434523532928,13.01657508881031
dynamic_exponential,18,46,4700,12.735270009440733,15.313101311140803,19.844994432064368,1.3435594189385422,12.735270009440733
dynamic_exponential,18,47,4800,12.993737745050923,15.39115657760299,20.13527000944073,1.3444602034648319,12.735270009440733
dynamic_exponential,18,48,4900,13.095445115010332,15.130718051031034,17.857066051117283,1.1054566156600139,12.735270009440733
dynamic_exponential,18,49,5000,13.095445115010332,15.2200488200818,19.140175425099137,1.1838162482746069,12.735270009440733
dynamic_exponential,18,50,5100,13.095445115010332,14.996523719176283,18.520465053408525,1.0515710137877052,12.735270009440733
dynamic_exponential,19,0,100,18.134846922834953,20.91920213679504,23.400000000000002,1.0910004931408577,18.134846922834953
dynamic_exponential,19,1,200,15.377902338672774,19.98899238833125,25.571779788708135,1.6968126664034082,15.377902338672774
dynamic_exponential,19,2,300,14.774868417407584,18.51371081975997,29.58113883008419,2.295541919164736,14.774868417407584
dynamic_exponential,19,3,400,14.683266665599966,16.95640870241297,21.597617696340304,1.128839651161037,14.683266665599966
dynamic_exponential,19,4,500,14.556349099818895,16.51166303791302,20.36397674405503,0.8992688753465112,14.556349099818895
dynamic_exponential,19,5,600,14.432575659723035,16.198265856555967,17.894438717061494,0.7480206420561913,14.432575659723035
dynamic_exponential,19,6,700,14.36124969497314,16.08696404191241,19.87840487520902,0.8959842702068191,14.36124969497314
dynamic_exponential,19,7,800,14.679075450674064,16.05426039588038,19.23622914957372,0.82818155689072,14.36124969497314
dynamic_exponential,19,8,900,14.66794833886788,15.992628214317186,20.411871208194288,0.8272533536541254,14.36124969497314
dynamic_exponential,19,9,1000,14.295829710142188,15.938540483681948,18.453720459187966,0.7565875143610031,14.295829710142188
dynamic_exponential,19,10,1100,14.396662954709576,15.908316791379125,17.816590212458493,0.6926483097723084,14.295829710142188
dynamic_exponential,19,11,1200,14.319160170741759,15.954979833330349,22.757583690279024,1.1332644667086076,14.295829710142188
dynamic_exponential,19,12,1300,13.977638883463117,15.750884759291784,17.917800560721073,0.7974639879548948,13.977638883463117
dynamic_exponential,19,13,1400,14.20199920063936,15.766650927054954,19.54880884817015,0.9607084052424281,13.977638883463117
dynamic_exponential,19,14,1500,13.93469899493758,15.650400222429596,17.778143885933062,0.8521639569185867,13.93469899493758
dynamic_exponential,19,15,1600,14.207130750570547,15.572856005510063,17.672004514666934,0.7893430479459409,13.93469899493758
dynamic_exponential,19,16,1700,13.923538406167134,15.542436482412288,19.1431676725155,0.8307376012994492,13.923538406167134
dynamic_exponential,19,17,1800,13.960232526704262,15.643576121498908,19.461324772583616,1.0108560017974388,13.923538406167134
dynamic_exponential,19,18,1900,14.115167380558045,15.577255041902157,18.969817807045693,0.8830471322637264,13.923538406167134
dynamic_exponential,19,19,2000,13.960232526704262,15.406034236787631,21.814642819948226,0.9165270737699479,13.923538406167134
dynamic_exponential,19,20,2100,13.989979919597747,15.538788718192382,19.285229954635273,0.9057663059764037,13.923538406167134
dynamic_exponential,19,21,2200,13.756465996625053,15.647567455490885,19.114482300479487,0.8991882160402366,13.756465996625053
dynamic_exponential,19,22,2300,13.361324772583615,15.668118290935162,21.533907960581374,1.077086470804192,13.361324772583615
dynamic_exponential,19,23,2400,13.639071942966531,15.622769643132765,20.448683298050515,1.0627057418869281,13.361324772583615
dynamic_exponential,19,24,2500,13.700000000000001,15.701968073337357,21.09544511501033,1.1531815224564543,13.361324772583615
dynamic_exponential,19,25,2600,13.491153452528778,15.673119316657035,19.673320053068153,1.0817650557683374,13.361324772583615
dynamic_exponential,19,26,2700,13.420465053408524,15.423338189072023,20.929705854077834,1.2643903745803142,13.361324772583615
dynamic_exponential,19,27,2800,13.549285568453591,15.15567684732541,18.992838827718412,0.8947994463228215,13.361324772583615
dynamic_exponential,19,28,2900,13.397366596101028,15.149545493358904,17.932364259186606,0.8237209920142129,13.361324772583615
dynamic_exponential,19,29,3000,13.397366596101028,15.1879764269555,19.50830459735946,0.9609946531253826,13.361324772583615
dynamic_exponential,19,30,3100,13.66794833886788,15.324973698321084,17.173320053068153,0.7896449075252936,13.361324772583615
dynamic_exponential,19,31,3200,13.9591260281974,15.250050365648226,17.683281572999746,0.7210869984105378,13.361324772583615
dynamic_exponential,19,32,3300,13.910844001658269,15.258322262210136,19.2,0.8097110213478041,13.361324772583615
dynamic_exponential,19,33,3400,13.802172886644268,15.229942444761955,19.088435821108956,0.7579382026044368,13.361324772583615
dynamic_exponential,19,34,3500,13.397366596101028,15.193596906452868,18.529822128134704,0.8469085923163473,13.361324772583615
dynamic_exponential,19,35,3600,13.478232998312528,15.15141789261986,17.479788728465174,0.8168064282584159,13.361324772583615
dynamic_exponential,19,36,3700,13.516515138991167,15.064871185681826,17.807878402833893,0.7492009968454312,13.361324772583615
dynamic_exponential,19,37,3800,13.372004514666935,15.007736083326984,20.380624847486573,0.9753534343253033,13.361324772583615
dynamic_exponential,19,38,3900,13.171779788708136,15.003785708557999,18.588435821108956,1.0163226871540325,13.171779788708136
dynamic_exponential,19,39,4000,13.132455532033676,14.801901916848687,18.37840487520902,0.9206531375517528,13.132455532033676
dynamic_exponential,19,40,4100,13.495829710142187,14.82536631576735,19.049444375840398,0.873850053643021,13.132455532033676
dynamic_exponential,19,41,4200,12.961324772583616,15.042022509308934,18.190890230020663,1.0090807928099697,12.961324772583616
dynamic_exponential,19,42,4300,13.219090595827293,14.951822420250751,17.016641025580334,0.7819693361359786,12.961324772583616
dynamic_exponential,19,43,4400,13.219090595827293,15.039785168300238,20.637715508089904,1.1797541578894704,12.961324772583616
dynamic_exponential,19,44,4500,13.333907960581373,14.92319396177414,19.397366596101026,0.9926158771346622,12.961324772583616
dynamic_exponential,19,45,4600,13.22736184954957,14.900082370719046,17.91386219991853,0.9454401313170417,12.961324772583616
dynamic_exponential,19,46,4700,13.22474487139159,14.986646496329543,19.2,1.0626898369214164,12.961324772583616
dynamic_exponential,19,47,4800,13.422497216032184,14.807152821979528,17.507135583350035,0.7498316449907734,12.961324772583616
dynamic_exponential,19,48,4900,13.512403840463595,14.85920501506101,16.598386676965934,0.7740163202856877,12.961324772583616
dynamic_exponential,19,49,5000,13.235270009440733,14.906862892690175,17.43130005674953,0.9086835074730693,12.961324772583616
dynamic_exponential,19,50,5100,13.269693845669908,15.019974831842367,19.45472369909914,1.162624663130146,12.961324772583616
random_search,0,0,100,18.72736184954957,20.797298156446587,23.24400902933387,0.9663858374888888,18.72736184954957
random_search,0,1,200,17.96619037896906,20.863317073079724,23.589983277545212,1.0393077450105717,17.96619037896906
random_search,0,2,300,18.04880884817015,20.671141972485152,22.988689042296098,1.0704801968405622,17.96619037896906
random_search,0,3,400,17.948331477354788,20.828288481415903,22.988689042296098,1.1414365577222134,17.948331477354788
random_search,0,4,500,18.73606797749979,20.73524660498328,23.346536616149585,0.9355446062052394,17.948331477354788
random_search,0,5,600,18.8,20.7808038021011,23.344009029333872,1.0005265093283715,17.948331477354788
random_search,0,6,700,18.72736184954957,20.960038698690568,23.160601043544624,0.9195172985659108,17.948331477354788
random_search,0,7,800,17.640967364599085,20.80665368245296,23.106404996924923,0.9818756498016573,17.640967364599085
random_search,0,8,900,18.58113883008419,20.756202691406067,23.093584466786357,0.9235501927333715,17.640967364599085
random_search,0,9,1000,18.754723699099138,20.85856530752228,23.235489375751563,0.8478012295971453,17.640967364599085
random_search,0,10,1100,17.840967364599088,20.738761715134277,23.039013913315678,1.0523811505087386,17.640967364599085
random_search,0,11,1200,18.663818169698587,20.80363438442113,23.26939798987516,0.9958405278811052,17.640967364599085
random_search,0,12,1300,18.22736184954957,20.785583750534357,22.60768096208106,1.0071142253339163,17.640967364599085
random_search,0,13,1400,17.634846922834953,20.824175596155875,22.992849839314594,1.0523178897863437,17.634846922834953
random_search,0,14,1500,17.79283882771841,20.731442807866674,23.159326868617086,0.9884868996741061,17.634846922834953
random_search,0,15,1600,18.099999999999998,20.972838979133304,23.455277766926233,1.0620356886316147,17.634846922834953
random_search,0,16,1700,18.16770782520313,20.916043888955077,24.0,1.134874978739955,17.634846922834953
random_search,0,17,1800,16.683095189484533,20.800614890862217,23.098386676965934,1.0430525236585508,16.683095189484533
random_search,0,18,1900,18.209901951359278,20.763506098669936,22.619392214170773,0.9818969284887189,16.683095189484533
random_search,0,19,2000,17.513552872566002,20.843750615645018,23.41547594742265,0.9982881104463397,16.683095189484533
random_search,0,20,2100,18.629705854077837,20.915415757391173,23.791015291668742,1.035913212334643,16.683095189484533
random_search,0,21,2200,18.288854381999833,20.83688281735775,22.843024810940587,0.9420661535257832,16.683095189484533
random_search,0,22,2300,17.713552872566005,20.845866504076756,22.846536616149585,1.0192001724285003,16.683095189484533
random_search,0,23,2400,18.316515138991168,20.74293146848652,22.895943722515266,1.0203746627337433,16.683095189484533
random_search,0,24,2500,18.140967364599085,20.847869986557903,23.22089730686545,1.0367262581083356,16.683095189484533
random_search,0,25,2600,18.36619037896906,20.621939741229657,23.115587038162705,1.047693404537534,16.683095189484533
random_search,0,26,2700,17.707106781186546,20.81679251965203,23.19358446678636,1.0117796358228348,16.683095189484533
random_search,0,27,2800,18.330950643030008,20.88509835952363,24.039013913315678,0.9712256045110474,16.683095189484533
random_search,0,28,2900,17.923538406167136,20.937230234043472,23.207492981902774,0.9965876925722572,16.683095189484533
random_search,0,29,3000,18.112403840463596,20.74810737747818,23.176575213227444,0.9701933096978751,16.683095189484533
random_search,0,30,3100,18.822497216032183,20.802628586365003,23.082207001484488,1.0627521506614173,16.683095189484533
random_search,0,31,3200,18.099999999999998,20.700818602785976,22.79192496674806,0.9758532389659602,16.683095189484533
random_search,0,32,3300,18.8,20.921621317017237,23.60499687890016,1.0239025643666835,16.683095189484533
random_search,0,33,3400,17.834846922834956,20.806471800657697,23.28790581563873,1.018409461531282,16.683095189484533
random_search,0,34,3500,17.908304597359457,20.75954966798155,22.83541565040626,1.0669333151972333,16.683095189484533
random_search,0,35,3600,18.362873883832776,20.78312200555594,23.003569153775235,1.0139217603164776,16.683095189484533
random_search,0,36,3700,18.06953597148327,20.75166117435112,22.810693864511038,1.014953407830895,16.683095189484533
random_search,0,37,3800,18.713552872566005,20.939804393731876,23.614674215792775,1.0570498003582618,16.683095189484533
random_search,0,38,3900,17.834846922834956,20.76482179041321,22.67681974534503,1.0225614433515333,16.683095189484533
random_search,0,39,4000,17.877032961426902,20.803160959337706,23.039013913315678,0.9157830467659289,16.683095189484533
random_search,0,40,4100,18.735270009440733,20.90765320437363,23.252776554086893,0.9461306901410091,16.683095189484533
random_search,0,41,4200,17.378232998312527,20.783161661234914,23.0563490998189,1.0610169092233253,16.683095189484533
random_search,0,42,4300,18.269693845669906,20.788442400888393,24.26939798987516,1.0675124107760237,16.683095189484533
random_search,0,43,4400,18.834846922834956,21.0149873745507,23.092492955535427,0.941743645299118,16.683095189484533
random_search,0,44,4500,17.878232998312527,20.877820099877876,23.123243291566197,1.1129256535993977,16.683095189484533
random_search,0,45,4600,18.3295630140987,20.71934736816741,22.99722114972099,1.0701148706356645,16.683095189484533
random_search,0,46,4700,19.13527000944073,20.876337766730817,23.160601043544624,0.8853868355969676,16.683095189484533
random_search,0,47,4800,17.04880884817015,20.644428679703452,23.360051813123757,1.0821794737730077,16.683095189484533
random_search,0,48,4900,18.774165738677393,20.911023325486898,23.214674215792776,0.9087870512551682,16.683095189484533
random_search,0,49,5000,18.408304597359457,20.792194806758893,23.201428280002318,0.9920047556472608,16.683095189484533
random_search,0,50,5100,18.30384048104053,20.77808139875061,23.103569153775236,1.0633442199158605,16.683095189484533
random_search,1,0,100,18.456465996625056,20.880490305213378,23.971750305430742,1.0861954924259782,18.456465996625056
random_search,1,1,200,17.316227766016837,20.83314513838533,23.384250278036866,1.1195357309816139,17.316227766016837
random_search,1,2,300,17.67979589711327,20.963264382744196,24.825932749251628,1.1823702401452036,17.316227766016837
random_search,1,3,400,19.17681974534503,21.01374148695871,23.52491379207837,0.91158911234213,17.316227766016837
random_search,1,4,500,17.86619037896906,20.821954168957294,23.502630668366308,1.030788347005389,17.316227766016837
random_search,1,5,600,18.58522995463527,20.790612057887024,23.11283361405006,0.9385243428563003,17.316227766016837
random_search,1,6,700,17.757583690279024,20.79132844788106,23.309243436828815,0.960244172657415,17.316227766016837
random_search,1,7,800,18.05758369027902,20.863319246940655,22.775711299845938,1.0062330669050592,17.316227766016837
random_search,1,8,900,17.71909059582729,20.688578819753875,23.49722114972099,1.0096105384015557,17.316227766016837
random_search,1,9,1000,18.121320343559642,20.893590703591414,23.211094017053558,1.0886977387890733,17.316227766016837
random_search,1,10,1100,17.512403840463595,20.802743016734922,23.282306905057553,1.0531999413984263,17.316227766016837
random_search,1,11,1200,18.336660026534076,20.83399505620386,22.91386219991853,1.0341479790263435,17.316227766016837
random_search,1,12,1300,18.50830459735946,20.756898164209474,23.549691346263316,1.0206211217557786,17.316227766016837
random_search,1,13,1400,18.357641145488902,20.697463116182075,23.60263066836631,1.0392003258221885,17.316227766016837
random_search,1,14,1500,18.02664991614216,20.762061793436477,23.36939798987516,0.9675886523373789,17.316227766016837
random_search,1,15,1600,17.640967364599085,20.724143273785455,22.917935662402833,1.1508795469861797,17.316227766016837
random_search,1,16,1700,17.878232998312527,20.837317386407754,23.5,1.0989010527199836,17.316227766016837
random_search,1,17,1800,18.169693845669904,20.63503253622638,22.867156809750927,0.9134387023401352,17.316227766016837
random_search,1,18,1900,18.334846922834956,20.56950613527782,23.24165738677394,1.0735412180113577,17.316227766016837
random_search,1,19,2000,16.978232998312528,20.888683872399056,23.110589071449372,1.1077646865872226,16.978232998312528
random_search,1,20,2100,18.419090595827292,20.794582479945888,23.482390527904393,0.9645515039805015,16.978232998312528
random_search,1,21,2200,18.400000000000002,20.955193832438628,23.209983388658483,0.9994129196886499,16.978232998312528
random_search,1,22,2300,18.370828693386972,20.756563922415058,23.082207001484488,1.0273605460420938,16.978232998312528
random_search,1,23,2400,18.754723699099138,20.879646744669778,23.174021572639983,0.91452021366187,16.978232998312528
random_search,1,24,2500,18.099999999999998,20.874331878056623,24.029376540877703,1.0439170171231684,16.978232998312528
random_search,1,25,2600,18.52480768092719,20.91839610938886,23.2,0.9231865009284744,16.978232998312528
random_search,1,26,2700,18.183095189484533,20.896615181964815,23.293325909419153,0.9976935693558666,16.978232998312528
random_search,1,27,2800,18.79283882771841,20.757017014821503,23.42767142944341,0.9686100845587821,16.978232998312528
random_search,1,28,2900,18.448683298050515,20.80847135266592,23.003569153775235,1.0010721794324553,16.978232998312528
random_search,1,29,3000,18.822497216032183,20.84249366185527,23.282306905057553,1.0120711186912383,16.978232998312528
random_search,1,30,3100,18.548999599679682,20.738185326034614,23.297057550292603,0.9282452183204377,16.978232998312528
random_search,1,31,3200,18.51651513899117,20.616050042131732,22.772077843177478,0.9953772191498693,16.978232998312528
random_search,1,32,3300,18.6431676725155,20.802773528742996,23.07967389859482,0.9498101228485933,16.978232998312528
random_search,1,33,3400,18.20293863659264,20.79510796522376,23.106659275674584,1.0155728561588986,16.978232998312528
random_search,1,34,3500,18.163818169698587,20.787995885482637,23.077708763999663,1.0276418108394572,16.978232998312528
random_search,1,35,3600,18.05758369027902,21.008393647976945,23.454626986542657,1.069213190407225,16.978232998312528
random_search,1,36,3700,18.362873883832776,20.823112511331015,24.00238027789014,1.107521372744813,16.978232998312528
random_search,1,37,3800,18.757583690279024,20.937810649674166,23.966533331199933,1.02476732838393,16.978232998312528
random_search,1,38,3900,18.33390796058137,20.87188275246594,22.913135192987525,0.9663450108150383,16.978232998312528
random_search,1,39,4000,18.50830459735946,20.794177874923765,23.377193921634788,1.1236457836714895,16.978232998312528
random_search,1,40,4100,17.814944167960988,20.726173933747063,23.530334761116087,1.1526133585775427,16.978232998312528
random_search,1,41,4200,18.09544511501033,20.973506069433274,23.275711299845938,1.0817819070359387,16.978232998312528
random_search,1,42,4300,17.336660026534076,20.842158204506205,23.508131845707602,1.0444559034823604,16.978232998312528
random_search,1,43,4400,18.735270009440733,20.83440715222819,23.714835124201343,1.0713026053423373,16.978232998312528
random_search,1,44,4500,18.063324958071078,20.854654621931953,23.301514803843837,1.0592350111022935,16.978232998312528
random_search,1,45,4600,18.22736184954957,20.582468329362925,23.344009029333872,0.9665247887332588,16.978232998312528
random_search,1,46,4700,17.288854381999833,20.86538614427829,23.30609303352956,1.0884371186755213,16.978232998312528
random_search,1,47,4800,17.709901951359278,20.814843217738144,22.924099870362664,0.9641792914510219,16.978232998312528
random_search,1,48,4900,18.183095189484533,20.766232430705795,23.205810028322198,0.9961540508770289,16.978232998312528
random_search,1,49,5000,18.20332963783729,20.885186212538887,23.49722114972099,1.0223330166439495,16.978232998312528
random_search,1,50,5100,17.756465996625053,20.743760922676564,23.646916505762093,1.0399598053487689,16.978232998312528
random_search,2,0,100,18.83390796058137,20.629203275222288,22.56767050061961,0.8444515027963536,18.83390796058137
random_search,2,1,200,18.013552872566002,20.888326277787066,23.331098884280703,1.107213605565996,18.013552872566002
random_search,2,2,300,18.672004514666934,20.744786491019514,22.75306852353742,0.8790588232181455,18.013552872566002
random_search,2,3,400,18.239071942966532,20.890122128967963,23.441428291206627,0.9811105959898211,18.013552872566002
random_search,2,4,500,18.3295630140987,20.966879487350717,23.56859590355097,0.9938569766915113,18.013552872566002
random_search,2,5,600,18.513552872566002,20.925704122153974,22.992849839314594,0.985465611583781,18.013552872566002
random_search,2,6,700,17.50830459735946,20.695187612496515,24.04959013639538,0.979465633327784,17.50830459735946
random_search,2,7,800,18.862873883832776,21.036848809635398,23.45306852353742,1.1033842523684694,17.50830459735946
random_search,2,8,900,17.900000000000002,20.77465489715371,23.07624151769984,1.0541005095528118,17.50830459735946
random_search,2,9,1000,18.059591794226545,20.7397591034233,23.407567081708248,1.0498019246127466,17.50830459735946
random_search,2,10,1100,17.816515138991168,20.68969474552573,23.54959013639538,1.1028760252219765,17.50830459735946
random_search,2,11,1200,18.77979589711327,20.649381511264085,24.062977544445356,0.9680868909823485,17.50830459735946
random_search,2,12,1300,17.978232998312528,20.616858414233675,23.146426544510454,1.0015113347614077,17.50830459735946
random_search,2,13,1400,18.357641145488902,20.856447852820192,23.924283374069717,1.0113280445528794,17.50830459735946
random_search,2,14,1500,18.77979589711327,20.883370193142188,23.37571129984594,1.029617971589186,17.50830459735946
random_search,2,15,1600,18.02664991614216,20.754709498712096,22.449615361854384,0.9895470429367932,17.50830459735946
random_search,2,16,1700,18.460232526704264,20.70298203186556,23.449576240750524,1.0344554172209437,17.50830459735946
random_search,2,17,1800,17.55758369027902,20.781352253227638,22.923243291566195,0.9656909824279446,17.50830459735946
random_search,2,18,1900,17.112403840463596,20.800985036442597,22.93469899493758,1.0123396605255133,17.112403840463596
random_search,2,19,2000,18.06287388383278,20.760753335377856,22.989979919597747,1.0336046204772833,17.112403840463596
random_search,2,20,2100,18.55758369027902,20.73683140745355,22.589983277545212,0.9793591433906339,17.112403840463596
random_search,2,21,2200,18.183095189484533,20.764042257256516,23.657271787481875,1.0298323134824263,17.112403840463596
random_search,2,22,2300,18.51651513899117,20.91712299622957,24.4182520563948,1.168676337379062,17.112403840463596
random_search,2,23,2400,18.80384048104053,20.96741326913285,23.31386219991853,1.0073819397822883,17.112403840463596
random_search,2,24,2500,18.57763888346312,20.790898316771457,23.455277766926233,1.018179420269228,17.112403840463596
random_search,2,25,2600,17.774165738677393,20.8484076605228,22.884250278036866,1.0502775861270517,17.112403840463596
random_search,2,26,2700,18.22474487139159,20.74495273481417,22.900000000000002,0.9343845634450021,17.112403840463596
random_search,2,27,2800,18.063324958071078,20.703391057608396,23.599999999999998,1.0673277816262758,17.112403840463596
random_search,2,28,2900,17.62736184954957,20.77095852947058,23.120215047547653,1.0054921723419834,17.112403840463596
random_search,2,29,3000,17.908304597359457,20.69841472686124,23.664582518894846,1.0608262695651767,17.112403840463596
random_search,2,30,3100,17.427566688249705,20.644449759665576,23.192415526630864,0.9911981615710306,17.112403840463596
random_search,2,31,3200,18.547722557505168,20.894945148246762,23.470540018881465,0.9836531583406128,17.112403840463596
random_search,2,32,3300,18.448331477354788,20.819079614893045,23.75499667110372,1.0217421164345735,17.112403840463596
random_search,2,33,3400,18.2,20.854530631283087,23.81386219991853,1.0947490156745523,17.112403840463596
random_search,2,34,3500,18.478232998312528,20.813481570425036,23.876388603226825,1.0805124384802112,17.112403840463596
random_search,2,35,3600,18.70293863659264,20.690887452785063,22.608607914449795,0.8369539167935581,17.112403840463596
random_search,2,36,3700,18.213552872566005,20.849528375303684,23.197221149720992,1.0216548194290014,17.112403840463596
random_search,2,37,3800,18.04880884817015,20.77115094663361,23.049666651850536,1.1159667463403666,17.112403840463596
random_search,2,38,3900,18.099999999999998,20.8241028759625,23.833630940518894,1.0914488131039746,17.112403840463596
random_search,2,39,4000,17.908304597359457,20.712322673723314,23.282306905057553,1.1015256404099028,17.112403840463596
random_search,2,40,4100,18.336660026534076,20.8421989759572,24.142276586281547,1.1838354135146736,17.112403840463596
random_search,2,41,4200,17.169693845669904,20.65020895822797,23.2,1.0901613560758494,17.112403840463596
random_search,2,42,4300,17.836660026534076,20.68442766848276,22.846536616149585,1.015391519506326,17.112403840463596
random_search,2,43,4400,18.45870331449229,20.95102324513908,23.7319206502675,1.106835542919758,17.112403840463596
random_search,2,44,4500,17.96619037896906,20.77700606045338,24.569870314579497,1.104477447888131,17.112403840463596
random_search,2,45,4600,18.66770782520313,20.755785196577104,23.110960958218893,0.9790254013346419,17.112403840463596
random_search,2,46,4700,18.419803902718556,20.766234910883604,23.420526275297412,0.9535340158084623,17.112403840463596
random_search,2,47,4800,17.599999999999998,20.789779080506666,24.02491379207837,1.0622865667997001,17.112403840463596
random_search,2,48,4900,18.66770782520313,20.93522181655257,23.38166632639171,1.0184531508749792,17.112403840463596
random_search,2,49,5000,17.978232998312528,20.822365900462238,22.86124969497314,0.9469370784815703,17.112403840463596
random_search,2,50,5100,18.483239697419133,20.827609001304992,22.553299832284317,0.9112312657716563,17.112403840463596
random_search,3,0,100,18.2,20.787144770048453,22.77488738510232,0.9792709373670397,18.2
random_search,3,1,200,17.8295630140987,20.87644833978608,23.123243291566197,1.008225608689091,17.8295630140987
random_search,3,2,300,18.26023252670426,20.779993678885127,23.345327270945404,1.0902663173950633,17.8295630140987
random_search,3,3,400,17.978232998312528,20.689633608153958,23.435112807463533,1.1497003499034306,17.8295630140987
random_search,3,4,500,18.44928556845359,20.69237082564315,22.93238075793812,1.036979131259756,17.8295630140987
random_search,3,5,600,18.929705854077834,20.90949223743874,22.741653005427764,0.8366832044213345,17.8295630140987
random_search,3,6,700,17.877032961426902,20.864222731708264,23.088435821108956,1.0582144709739902,17.8295630140987
random_search,3,7,800,18.753720459187964,21.102065996178293,23.660319135392633,1.0620622892528804,17.8295630140987
random_search,3,8,900,18.62664991614216,20.76461495068018,22.840063693621516,0.9994131910552327,17.8295630140987
random_search,3,9,1000,18.62736184954957,20.796854467686625,23.20936130717624,1.0157831607571253,17.8295630140987
random_search,3,10,1100,19.063818169698585,20.82077998059195,23.713135192987522,0.9686648961858317,17.8295630140987
random_search,3,11,1200,18.988409872672513,20.906469851917123,23.90944739819828,0.946838986155327,17.8295630140987
random_search,3,12,1300,18.369535971483266,20.900437804459308,22.752776554086893,0.8511194704126752,17.8295630140987
random_search,3,13,1400,18.449137674618942,20.71874074618245,23.449666651850535,1.0207686679552066,17.8295630140987
random_search,3,14,1500,18.57364413533277,20.867749885554353,23.36356421265527,1.0534800281870733,17.8295630140987
random_search,3,15,1600,18.629705854077837,20.8814288649455,23.229872518944557,1.025307477128321,17.8295630140987
random_search,3,16,1700,18.01657508881031,20.78317140052335,22.522327839240493,0.8990393320558114,17.8295630140987
random_search,3,17,1800,17.769693845669906,20.838683558385465,23.464965543462903,0.9729221535482613,17.769693845669906
random_search,3,18,1900,18.378232998312527,20.754823775696586,22.89192496674806,0.9609125769156457,17.769693845669906
random_search,3,19,2000,17.51657508881031,20.869160413966533,23.96232255123179,1.156685292950947,17.51657508881031
random_search,3,20,2100,18.55758369027902,20.908475639037658,23.109243436828812,0.9861115823207581,17.51657508881031
random_search,3,21,2200,18.01651513899117,20.90901666236448,23.38608421540822,1.018632741946755,17.51657508881031
random_search,3,22,2300,18.207106781186546,20.664559420937994,23.082207001484488,0.985849495525789,17.51657508881031
random_search,3,23,2400,18.334846922834956,20.92001721321804,23.38608421540822,0.9933834622603778,17.51657508881031
random_search,3,24,2500,18.140967364599085,20.893730085182845,23.37035467668243,0.9960876581859615,17.51657508881031
random_search,3,25,2600,18.7,20.854841763146823,23.598571136907182,1.0913192257352573,17.51657508881031
random_search,3,26,2700,18.63527000944073,20.691931842679004,23.390465367951393,1.1020626826419846,17.51657508881031
random_search,3,27,2800,18.488409872672513,20.834040428123807,23.79323706252388,0.9640311145706248,17.51657508881031
random_search,3,28,2900,17.900000000000002,20.74880596197243,23.630495168499706,1.0688178133167574,17.51657508881031
random_search,3,29,3000,17.709901951359278,20.737848519686818,23.503123475609392,1.0560621445490264,17.51657508881031
random_search,3,30,3100,17.948331477354788,20.787281387862734,23.623243291566197,1.0286927103713361,17.51657508881031
random_search,3,31,3200,18.640175425099137,20.704196167930462,22.80805405358401,1.0252634861848406,17.51657508881031
random_search,3,32,3300,18.099999999999998,20.736819626266456,22.794733192202056,0.9198344340973467,17.51657508881031
random_search,3,33,3400,18.713552872566005,20.84874272983859,23.077708763999663,0.9788887083475761,17.51657508881031
random_search,3,34,3500,17.207106781186546,20.717303455068087,23.12574776766556,1.013516627769104,17.207106781186546
random_search,3,35,3600,17.889897948556634,20.814403050313025,23.2,1.155067207715241,17.207106781186546
random_search,3,36,3700,18.207106781186546,20.80405480519153,23.68072158238645,0.9526267742250163,17.207106781186546
random_search,3,37,3800,18.80787840283389,21.13678663938669,23.123243291566197,0.9873177422125009,17.207106781186546
random_search,3,38,3900,18.394427190999917,20.772963298291703,23.18072158238645,1.0095720423022156,17.207106781186546
random_search,3,39,4000,18.507130750570546,20.828827455647218,23.39192496674806,0.9847681000384314,17.207106781186546
random_search,3,40,4100,18.7,20.73657468396022,23.183294573433784,1.0519834727481796,17.207106781186546
random_search,3,41,4200,17.229563014098698,20.686586454166026,23.276575213227446,0.9458814139094336,17.207106781186546
random_search,3,42,4300,18.54880884817015,20.80867470790853,23.36356421265527,0.9741949105065156,17.207106781186546
random_search,3,43,4400,18.394427190999917,20.87054549036981,24.2,1.1546953706344372,17.207106781186546
random_search,3,44,4500,18.055294535724684,20.680003703455686,23.193743884534264,0.9413400235355603,17.207106781186546
random_search,3,45,4600,18.336660026534076,20.71366388321512,22.707567081708245,0.9814840145932273,17.207106781186546
random_search,3,46,4700,18.707106781186546,20.945739484225506,23.368787265568827,0.9924932200956392,17.207106781186546
random_search,3,47,4800,17.634846922834953,20.65865705002077,23.346536616149585,1.1308713269844888,17.207106781186546
random_search,3,48,4900,18.140175425099137,20.685619777566238,22.824099870362662,0.9689505996557664,17.207106781186546
random_search,3,49,5000,18.612403840463596,20.91258637092541,23.119392214170773,1.0296743800081372,17.207106781186546
random_search,3,50,5100,18.257583690279024,20.918932599857104,23.237663853655725,1.029306768683471,17.207106781186546
random_search,4,0,100,17.880624847486573,20.62285607058501,23.482306905057555,0.9788764107966168,17.880624847486573
random_search,4,1,200,18.099999999999998,20.900602930370777,23.377193921634788,0.9511573287649842,17.880624847486573
random_search,4,2,300,17.960232526704264,20.789398552431898,23.69523539268061,1.122543597840936,17.880624847486573
random_search,4,3,400,17.960232526704264,20.862898049686134,23.606404996924923,1.159460178937448,17.880624847486573
random_search,4,4,500,18.162049935181333,20.77307307589594,22.97245829914744,1.0527040274848432,17.880624847486573
random_search,4,5,600,18.362873883832776,20.74759229988235,23.522902093797256,0.9814695215263771,17.880624847486573
random_search,4,6,700,18.37840487520902,20.695016628896223,23.108607914449795,0.9259491782054871,17.880624847486573
random_search,4,7,800,18.419090595827292,20.74779825547702,22.73606797749979,1.042220356176009,17.880624847486573
random_search,4,8,900,17.822497216032183,20.900333512139337,23.40805405358401,1.0584066559888854,17.822497216032183
random_search,4,9,1000,18.400000000000002,20.993999349846778,23.194182110716774,1.0160217797446653,17.822497216032183
random_search,4,10,1100,18.72474487139159,20.7849620211616,22.786335345031,0.9717240345541659,17.822497216032183
random_search,4,11,1200,18.513552872566002,20.843282070765476,23.567815921162744,1.0274550973316474,17.822497216032183
random_search,4,12,1300,17.54494897427832,20.78044428123097,23.297057550292603,0.9446865768102225,17.54494897427832
random_search,4,13,1400,17.632455532033674,20.742031530842166,23.62565782966318,0.9459045803528388,17.54494897427832
random_search,4,14,1500,18.377032961426902,20.941681103292105,23.271085446759226,1.023881146098473,17.54494897427832
random_search,4,15,1600,18.334846922834956,20.848813453113166,23.293325909419153,1.021161644485745,17.54494897427832
random_search,4,16,1700,18.229563014098698,20.55824475697697,22.679075450674063,0.9595283668189845,17.54494897427832
random_search,4,17,1800,19.01657508881031,20.735333801905163,23.527953488110057,1.0023971884878657,17.54494897427832
random_search,4,18,1900,17.8295630140987,20.764293989241438,23.08072158238645,0.9964577092543383,17.54494897427832
random_search,4,19,2000,18.239071942966532,20.842744793042556,23.66405499221705,1.0106185930928226,17.54494897427832
random_search,4,20,2100,18.512403840463595,20.84075436684961,23.063705936241092,1.0895394898216229,17.54494897427832
random_search,4,21,2200,18.18321595661992,20.82695413705627,23.36356421265527,1.0423768226216361,17.54494897427832
random_search,4,22,2300,17.369535971483266,20.752414304315668,22.41152144312159,1.0678040935613475,17.369535971483266
random_search,4,23,2400,18.26023252670426,20.88137626526678,23.258323293158117,0.9357511828999908,17.369535971483266
random_search,4,24,2500,17.878232998312527,20.705272980850033,23.440063693621518,1.0359128068047885,17.369535971483266
random_search,4,25,2600,17.59544511501033,20.783529794305764,23.276575213227446,1.1028925843445943,17.369535971483266
random_search,4,26,2700,17.72474487139159,20.845147504832052,23.51058907144937,1.0463869524207678,17.369535971483266
random_search,4,27,2800,18.05758369027902,20.846855103398255,23.441186241925152,1.1209036639684027,17.369535971483266
random_search,4,28,2900,18.669693845669904,20.67472407170706,22.954626986542657,0.9991908231830968,17.369535971483266
random_search,4,29,3000,17.80990195135928,20.553617763051957,23.417800560721076,1.1467898644393342,17.369535971483266
random_search,4,30,3100,17.96204993518133,20.79612094564725,23.099999999999998,1.0458339675686932,17.369535971483266
random_search,4,31,3200,18.063324958071078,20.731408345303453,22.87035467668243,0.9793948167735557,17.369535971483266
random_search,4,32,3300,18.640967364599085,20.697802352211806,22.91547594742265,0.9626963284561377,17.369535971483266
random_search,4,33,3400,18.183095189484533,20.843564305386817,23.697221149720992,0.9950253121437161,17.369535971483266
random_search,4,34,3500,18.7,20.847526941096692,23.011094017053555,0.9367534567069372,17.369535971483266
random_search,4,35,3600,18.334846922834956,20.75428931680082,23.207567081708245,1.141839259341276,17.369535971483266
random_search,4,36,3700,17.54833147735479,20.720236505411876,23.08526217596215,1.010746893093821,17.369535971483266
random_search,4,37,3800,18.099999999999998,20.87513287805773,23.282306905057553,0.9900486323394639,17.369535971483266
random_search,4,38,3900,17.447213595499957,20.776390226101867,22.62763633939717,0.9866977001230699,17.369535971483266
random_search,4,39,4000,18.274165738677393,20.84866835295843,23.091656999213594,1.0166305253240497,17.369535971483266
random_search,4,40,4100,17.30990195135928,20.874199087730013,22.815587038162708,1.0110782448969715,17.30990195135928
random_search,4,41,4200,18.61980390271856,20.717806768346573,22.7,0.839829363617392,17.30990195135928
random_search,4,42,4300,18.04833147735479,20.90277075825151,22.935112807463533,0.9729743260916799,17.30990195135928
random_search,4,43,4400,18.729563014098698,21.029426849016822,23.278143885933062,0.8970155888156307,17.30990195135928
random_search,4,44,4500,17.672004514666934,20.970857570550965,23.412833614050058,1.0807184787995405,17.30990195135928
random_search,4,45,4600,18.673320053068153,20.824278836850198,22.91386219991853,0.8652104069234123,17.30990195135928
random_search,4,46,4700,19.04880884817015,20.914453097238738,23.6310988842807,0.9990927936171231,17.30990195135928
random_search,4,47,4800,18.983239697419133,20.64376746269049,23.27488738510232,0.9536115900738131,17.30990195135928
random_search,4,48,4900,17.71909059582729,20.678909751237796,23.035533905932738,0.9998821125756441,17.30990195135928
random_search,4,49,5000,18.769693845669906,20.91343796093638,23.48328677803526,1.0333378731584633,17.30990195135928
random_search,4,50,5100,18.362873883832776,20.711445946502113,23.63901391331568,1.1280051713257329,17.30990195135928
random_search,5,0,100,18.491153452528778,20.749639518491986,22.781934729198174,1.02155017131288,18.491153452528778
random_search,5,1,200,18.05758369027902,20.813971262595302,22.41547594742265,0.9615168528404163,18.05758369027902
random_search,5,2,300,18.46619037896906,20.791229744585838,23.565941943351177,0.9696320286260754,18.05758369027902
random_search,5,3,400,18.29283882771841,20.83317036036594,23.114674215792775,0.9955976219301911,18.05758369027902
random_search,5,4,500,18.49373774505092,20.85506556515556,22.880972058177587,0.9621296554231253,18.05758369027902
random_search,5,5,600,17.59544511501033,20.933875128918988,23.27488738510232,1.080927051744431,17.59544511501033
random_search,5,6,700,17.98309518948453,20.812281584911407,23.434192325759245,1.0589301744733521,17.59544511501033
random_search,5,7,800,18.378232998312527,20.836404010935354,23.208607914449797,1.042887282330021,17.59544511501033
random_search,5,8,900,17.988409872672513,20.697084995375207,22.95306852353742,0.9430698021873969,17.59544511501033
random_search,5,9,1000,17.8295630140987,20.550088441863565,22.709983388658483,1.0534856549019145,17.59544511501033
random_search,5,10,1100,17.755294535724687,20.88169433410333,23.268595903550974,0.9833219148641179,17.59544511501033
random_search,5,11,1200,18.612403840463596,20.855663988647574,24.170831300812523,1.014529036056323,17.59544511501033
random_search,5,12,1300,18.460232526704264,20.908513991339106,23.641186241925155,1.024610588040005,17.59544511501033
random_search,5,13,1400,18.063324958071078,20.800402423601824,23.025657829663178,1.0181665041859993,17.59544511501033
random_search,5,14,1500,18.2770329614269,20.713725225772574,22.741653005427764,0.998206690092499,17.59544511501033
random_search,5,15,1600,17.900000000000002,20.504437981808397,23.282306905057553,1.1291758870938287,17.59544511501033
random_search,5,16,1700,18.68910462845192,20.872658329672518,23.37571129984594,0.9902786902844647,17.59544511501033
random_search,5,17,1800,17.612403840463596,20.522878751833996,22.417935662402833,1.0681704048254417,17.59544511501033
random_search,5,18,1900,18.44899959967968,20.923122077323306,23.45306852353742,1.030533351108688,17.59544511501033
random_search,5,19,2000,17.816515138991168,20.664976123560095,23.928972164382674,1.012783498147844,17.59544511501033
random_search,5,20,2100,17.512403840463595,20.635783171136858,23.617461885320136,1.11422354888694,17.512403840463595
random_search,5,21,2200,18.359591794226542,20.75299494040373,23.142787793912433,0.9965410752079897,17.512403840463595
random_search,5,22,2300,18.322497216032183,20.88800255197827,23.108607914449795,1.1111673152312984,17.512403840463595
random_search,5,23,2400,17.8,20.710991003460453,23.65486705347928,1.0545403331886458,17.512403840463595
random_search,5,24,2500,18.316515138991168,20.709334084632555,23.114482300479487,1.0741352870530867,17.512403840463595
random_search,5,25,2600,18.56287388383278,20.660472786531415,23.503123475609392,0.9968758839116495,17.512403840463595
random_search,5,26,2700,18.420465053408524,20.909662891955303,23.346536616149585,0.9943804060097786,17.512403840463595
random_search,5,27,2800,18.460232526704264,20.90012722522549,23.29192496674806,1.040599804132323,17.512403840463595
random_search,5,28,2900,18.257583690279024,20.7956408158721,22.75306852353742,0.9678203987825581,17.512403840463595
random_search,5,29,3000,18.640175425099137,20.888836550337746,22.95306852353742,0.9162591970204474,17.512403840463595
random_search,5,30,3100,18.92756668824971,20.884021254623107,24.042810150121692,0.9569582530422857,17.512403840463595
random_search,5,31,3200,18.163818169698587,20.797620126005764,23.755804677345548,0.9709482966703217,17.512403840463595
random_search,5,32,3300,18.599999999999998,20.829677563392952,23.174021572639983,0.9903217757627062,17.512403840463595
random_search,5,33,3400,18.563818169698585,20.710398016035903,22.880972058177587,1.0881992767301731,17.512403840463595
random_search,5,34,3500,18.816515138991168,20.947279478613723,22.971750305430742,0.9279966181086113,17.512403840463595
random_search,5,35,3600,18.378232998312527,20.769283878975862,22.835563716909476,0.951618615983219,17.512403840463595
random_search,5,36,3700,17.460232526704264,20.765565950144993,23.687119154832537,0.9914801382214321,17.460232526704264
random_search,5,37,3800,18.229563014098698,20.50316627635386,23.778143885933062,0.949922609818799,17.460232526704264
random_search,5,38,3900,18.377032961426902,20.74449552960181,23.156141357987227,1.0617765695755705,17.460232526704264
random_search,5,39,4000,18.7,20.835571001954314,22.92767142944341,0.9922500415719681,17.460232526704264
random_search,5,40,4100,18.22736184954957,20.864197258753933,22.843024810940587,0.9131603346526909,17.460232526704264
random_search,5,41,4200,18.09666295470958,20.911240622400832,23.70936130717624,1.1002391065769588,17.460232526704264
random_search,5,42,4300,18.071779788708135,20.721497417504636,23.22574776766556,1.0375232892294113,17.460232526704264
random_search,5,43,4400,18.549193338482965,20.689883618495607,23.424099870362664,1.0233022923641617,17.460232526704264
random_search,5,44,4500,17.900000000000002,20.667970926913416,23.141186241925155,1.0502768728596015,17.460232526704264
random_search,5,45,4600,18.132455532033674,20.941590631220773,23.036308338453882,0.9689999366666115,17.460232526704264
random_search,5,46,4700,18.640967364599085,20.878003036359452,23.593237062523876,0.9470835264021231,17.460232526704264
random_search,5,47,4800,18.132455532033674,20.812085993306642,22.819160170741757,0.9890365681494582,17.460232526704264
random_search,5,48,4900,17.56953597148327,20.749025606816648,23.031300056749533,1.0082398100264625,17.460232526704264
random_search,5,49,5000,18.314642819948226,20.831657093453355,22.971750305430742,0.9026918987386243,17.460232526704264
random_search,5,50,5100,18.640967364599085,20.758397303907287,23.966533331199933,1.1308076262037134,17.460232526704264
random_search,6,0,100,17.86619037896906,20.75217957327806,23.270540018881462,1.1122351308944454,17.86619037896906
random_search,6,1,200,17.3295630140987,20.706212531959885,22.776575213227446,1.0408651501947361,17.3295630140987
random_search,6,2,300,18.663818169698587,20.662966412636006,22.87035467668243,0.9523471200312787,17.3295630140987
random_search,6,3,400,18.06287388383278,20.663437117047614,23.614674215792775,1.1259131429357383,17.3295630140987
random_search,6,4,500,17.80384048104053,20.70988248535369,24.282461550347975,1.175174398400886,17.3295630140987
random_search,6,5,600,18.229563014098698,20.603056117695033,22.582207001484488,1.0536485458235463,17.3295630140987
random_search,6,6,700,18.55758369027902,20.785612016827553,23.208607914449797,0.8363834212140382,17.3295630140987
random_search,6,7,800,19.02664991614216,20.952955178144293,23.90238027789014,0.8585726552933836,17.3295630140987
random_search,6,8,900,17.30990195135928,20.662575492313234,23.41152144312159,1.0099415081543524,17.30990195135928
random_search,6,9,1000,17.71909059582729,20.837585015461126,23.840930106817048,1.052401667987106,17.30990195135928
random_search,6,10,1100,18.58113883008419,20.975872220337823,23.091656999213594,0.9738905747024011,17.30990195135928
random_search,6,11,1200,17.729563014098698,20.826842139240807,22.97245829914744,1.093151202450518,17.30990195135928
random_search,6,12,1300,17.55758369027902,20.77992837967994,23.6310988842807,0.988940694122672,17.30990195135928
random_search,6,13,1400,17.419803902718556,20.912463091094857,23.271085446759226,1.1346955616801098,17.30990195135928
random_search,6,14,1500,17.869535971483266,20.713575170323423,23.369870314579494,1.0172257483319243,17.30990195135928
random_search,6,15,1600,18.340967364599088,20.932937163502256,22.87571129984594,0.8959723716991596,17.30990195135928
random_search,6,16,1700,17.960232526704264,20.84131066543478,22.967491648096548,1.0435864403450203,17.30990195135928
random_search,6,17,1800,18.63527000944073,20.676499283749298,22.980243893371345,0.919875781211122,17.30990195135928
random_search,6,18,1900,18.735270009440733,20.74905910008555,22.606659275674584,0.8644747232931125,17.30990195135928
random_search,6,19,2000,18.09544511501033,20.825848585017358,24.333630940518894,1.0435144236352345,17.30990195135928
random_search,6,20,2100,17.735270009440733,20.835355641186414,23.331666249791535,0.9843300825387692,17.30990195135928
random_search,6,21,2200,18.467707825203128,20.886576354986378,23.082207001484488,1.001502951898478,17.30990195135928
random_search,6,22,2300,18.448331477354788,20.908229949870105,23.22074368738204,0.9964318199970438,17.30990195135928
random_search,6,23,2400,18.27979589711327,20.77555339244556,22.834057902536163,0.9924356192120914,17.30990195135928
random_search,6,24,2500,18.460232526704264,20.675876940294433,23.120215047547653,0.9604546305314012,17.30990195135928
random_search,6,25,2600,17.889897948556634,20.556775984270715,23.491454509095757,0.9757307238569156,17.30990195135928
random_search,6,26,2700,18.264911064067352,20.74598226087749,22.988689042296098,1.0188409374337528,17.30990195135928
random_search,6,27,2800,18.80384048104053,21.01168912761921,23.81188793773054,0.9432824281834635,17.30990195135928
random_search,6,28,2900,17.709901951359278,20.715319428135786,23.369870314579494,1.0218597371366,17.30990195135928
random_search,6,29,3000,18.04833147735479,20.722062945360054,23.564965543462904,1.1271960263932472,17.30990195135928
random_search,6,30,3100,18.00830459735946,20.67530648525613,22.801514803843837,0.9636573240569999,17.30990195135928
random_search,6,31,3200,18.04880884817015,20.849079884126663,23.243835071544513,1.0634829305668207,17.30990195135928
random_search,6,32,3300,18.257583690279024,20.6734033305974,22.770540018881462,0.890067356879576,17.30990195135928
random_search,6,33,3400,17.900000000000002,20.68296870738547,22.364054992217053,0.986132188208301,17.30990195135928
random_search,6,34,3500,17.94494897427832,20.701908688724224,23.74037034920393,1.063181458347465,17.30990195135928
random_search,6,35,3600,18.22736184954957,20.752440815579057,22.978505426185215,1.0246464362755132,17.30990195135928
random_search,6,36,3700,18.422497216032184,20.904219630769116,23.271085446759226,0.9429835966619755,17.30990195135928
random_search,6,37,3800,18.2,20.930851585858104,23.13363094051889,1.015254222014543,17.30990195135928
random_search,6,38,3900,18.369535971483266,20.774497861579807,22.82232783924049,1.0620838431057045,17.30990195135928
random_search,6,39,4000,18.640175425099137,20.78610841292307,23.48329457343378,1.039557770740561,17.30990195135928
random_search,6,40,4100,18.04833147735479,20.75415863989851,23.53315017762062,1.0797381178976617,17.30990195135928
random_search,6,41,4200,18.134846922834953,20.868091668654287,24.063705936241092,1.0187217672124593,17.30990195135928
random_search,6,42,4300,18.683095189484533,20.775687666225412,22.989459064299282,1.0275820720201347,17.30990195135928
random_search,6,43,4400,18.12664991614216,20.71856878029561,22.820215047547656,0.9997842928877814,17.30990195135928
random_search,6,44,4500,18.394427190999917,20.840651900417484,23.20936130717624,0.8875187383623068,17.30990195135928
random_search,6,45,4600,18.316515138991168,20.788697228845596,22.957342370508883,0.9572937774087914,17.30990195135928
random_search,6,46,4700,17.991153452528778,20.87926650053435,23.28608421540822,1.030301953807655,17.30990195135928
random_search,6,47,4800,18.22736184954957,20.75110486052089,23.19332590941915,1.0193117528816864,17.30990195135928
random_search,6,48,4900,17.948683298050515,20.93083796887093,23.31567916624939,1.0197974481897942,17.30990195135928
random_search,6,49,5000,18.512403840463595,20.81640476450674,23.01869538788622,0.9340814019981227,17.30990195135928
random_search,6,50,5100,18.380624847486573,20.833377413836015,23.3459060435492,1.1380923695393474,17.30990195135928
random_search,7,0,100,18.756465996625053,20.96134144781508,22.934192325759245,0.9332617475654754,18.756465996625053
random_search,7,1,200,18.00830459735946,20.72108122648519,23.0563490998189,0.9549120972107458,18.00830459735946
random_search,7,2,300,18.735270009440733,20.733528006459274,23.72490309931942,0.9896381245760897,18.00830459735946
random_search,7,3,400,18.422497216032184,20.889165559796997,22.989459064299282,1.0151465287302812,18.00830459735946
random_search,7,4,500,17.908304597359457,20.90430290759051,23.082207001484488,1.0362148152108737,17.908304597359457
random_search,7,5,600,16.378232998312527,20.73455421890907,23.077708763999663,1.0986693129170038,16.378232998312527
random_search,7,6,700,17.978232998312528,20.678243643030143,23.301514803843837,1.045116747767209,16.378232998312527
random_search,7,7,800,18.59544511501033,20.93298686431139,23.471750305430742,1.0678310637622408,16.378232998312527
random_search,7,8,900,18.055294535724684,20.774708596097998,23.48329457343378,1.02060534866437,16.378232998312527
random_search,7,9,1000,18.214944167960986,20.778868866394316,24.117461885320136,0.993359206673186,16.378232998312527
random_search,7,10,1100,18.285229954635273,20.69709093250981,23.209983388658483,1.0927907758644235,16.378232998312527
random_search,7,11,1200,18.09544511501033,20.879016460330057,23.46931365951495,1.0751239428375743,16.378232998312527
random_search,7,12,1300,18.669693845669904,20.706827334285382,23.06767050061961,0.9380411610071543,16.378232998312527
random_search,7,13,1400,18.22474487139159,20.71425519697911,23.229872518944557,1.0367984109337405,16.378232998312527
random_search,7,14,1500,17.948331477354788,20.75583515088023,23.219950248448356,0.9965710241261644,16.378232998312527
random_search,7,15,1600,18.48309518948453,20.862426824088224,23.619392214170773,1.0217336807502977,16.378232998312527
random_search,7,16,1700,18.588409872672514,20.710487145914435,24.004834939252003,1.0287473111120586,16.378232998312527
random_search,7,17,1800,18.26468827043885,20.82959210859844,23.36154726279432,1.0941269271744876,16.378232998312527
random_search,7,18,1900,18.01657508881031,20.813175556636146,23.37175030543074,1.0094915061228755,16.378232998312527
random_search,7,19,2000,17.7,20.810928579774306,23.360319135392636,1.0729135316636451,16.378232998312527
random_search,7,20,2100,18.80990195135928,20.836977635164498,23.182461550347973,0.9727067209440905,16.378232998312527
random_search,7,21,2200,17.878232998312527,20.870186699679106,23.15411901469428,0.949916660736608,16.378232998312527
random_search,7,22,2300,17.707106781186546,20.945049490018256,23.554867053479278,0.9520979472670428,16.378232998312527
random_search,7,23,2400,17.96619037896906,20.7827948214554,23.338181191654584,1.0772022019371823,16.378232998312527
random_search,7,24,2500,17.836660026534076,20.806172618328663,23.98329457343378,1.0958250855766927,16.378232998312527
random_search,7,25,2600,18.12736184954957,20.69626027188638,22.859411708155672,1.0599081991268808,16.378232998312527
random_search,7,26,2700,18.67979589711327,20.89807839103199,23.435112807463533,1.012246128332029,16.378232998312527
random_search,7,27,2800,18.900000000000002,20.88217500070177,22.781934729198174,0.8801920543514409,16.378232998312527
random_search,7,28,2900,18.22736184954957,20.747917045022387,23.020897306865447,0.9684922853440547,16.378232998312527
random_search,7,29,3000,18.68321595661992,20.80725994382252,23.90944739819828,1.0824163558054305,16.378232998312527
random_search,7,30,3100,17.76023252670426,20.82122377436969,23.346536616149585,0.9675018199533458,16.378232998312527
random_search,7,31,3200,17.419090595827292,20.671911107307857,22.964965543462903,1.0605328597137393,16.378232998312527
random_search,7,32,3300,17.467707825203128,20.587012329488854,23.57967389859482,1.110949788209774,16.378232998312527
random_search,7,33,3400,18.52664991614216,20.87480502578667,23.22654919008431,0.9979532788930575,16.378232998312527
random_search,7,34,3500,18.316515138991168,20.70175866893824,23.155277766926236,1.127975451430217,16.378232998312527
random_search,7,35,3600,17.76843871413581,20.623438019255044,23.8868192457523,1.002031680790943,16.378232998312527
random_search,7,36,3700,18.53072757526625,20.75254842901523,23.01662062579967,0.9588736654168949,16.378232998312527
random_search,7,37,3800,18.183095189484533,20.965551391027383,23.564965543462904,1.0542417527550623,16.378232998312527
random_search,7,38,3900,17.419803902718556,20.694503435086755,24.25576411921994,1.0135214093158589,16.378232998312527
random_search,7,39,4000,18.163818169698587,20.915557639719353,23.400000000000002,1.0617975736194232,16.378232998312527
random_search,7,40,4100,17.04833147735479,20.817580048344666,23.191366458960193,0.982707436631636,16.378232998312527
random_search,7,41,4200,18.400000000000002,20.838247585381747,22.988689042296098,0.963597414285519,16.378232998312527
random_search,7,42,4300,16.974165738677396,20.753120585199284,23.743024810940586,1.1070009048298,16.378232998312527
random_search,7,43,4400,18.59544511501033,20.83015541126521,23.991454509095757,0.9309651302481291,16.378232998312527
random_search,7,44,4500,18.640967364599085,20.820766621046264,22.949666651850535,0.9910232140001999,16.378232998312527
random_search,7,45,4600,18.26023252670426,20.786750836309597,23.766145801540308,1.0037870608685786,16.378232998312527
random_search,7,46,4700,17.173320053068153,20.92147997698492,23.278143885933062,0.9678356791966874,16.378232998312527
random_search,7,47,4800,18.22736184954957,20.72983642579667,23.646916505762093,1.0459128533024216,16.378232998312527
random_search,7,48,4900,17.334846922834956,20.734663509580365,23.62703841770968,1.1111504585283674,16.378232998312527
random_search,7,49,5000,18.334846922834956,20.874659194666172,23.170459909270544,0.9709765519976199,16.378232998312527
random_search,7,50,5100,18.912931993250105,20.826884682215592,23.003123475609392,0.9200363149697668,16.378232998312527
random_search,8,0,100,18.207106781186546,20.75873177806626,23.861901286060018,1.0641301715510603,18.207106781186546
random_search,8,1,200,18.488409872672513,20.792036110141616,23.155592347112503,1.0431109736191446,18.207106781186546
random_search,8,2,300,17.908304597359457,20.916201100586072,23.57967389859482,1.018735924763758,17.908304597359457
random_search,8,3,400,18.140175425099137,20.620643759479908,22.80199920063936,0.9584746925863692,17.908304597359457
random_search,8,4,500,18.460232526704264,20.830698706294555,23.20936130717624,1.037862001843982,17.908304597359457
random_search,8,5,600,18.56287388383278,20.84609476886929,23.40312347560939,1.0839052713656905,17.908304597359457
random_search,8,6,700,17.709901951359278,20.7808583687583,23.471750305430742,1.0815510795895986,17.709901951359278
random_search,8,7,800,18.757583690279024,20.888577123462905,22.86356421265527,0.9151683843609094,17.709901951359278
random_search,8,8,900,17.207106781186546,20.7865212449237,23.177193921634785,1.135234099698557,17.207106781186546
random_search,8,9,1000,18.394427190999917,20.93200974286144,23.873592452822642,1.0122792496452977,17.207106781186546
random_search,8,10,1100,18.396662954709576,20.810452725092656,23.30805405358401,0.9937282901241324,17.207106781186546
random_search,8,11,1200,18.112403840463596,20.823044393593463,22.985677655436824,1.0333335609988892,17.207106781186546
random_search,8,12,1300,17.61980390271856,20.82757446032396,22.714674215792776,1.0484275045197144,17.207106781186546
random_search,8,13,1400,18.336660026534076,20.66972101122496,22.387475490101846,0.8455474688093021,17.207106781186546
random_search,8,14,1500,18.76843871413581,20.779851146164724,22.839387691339812,0.9403606466025994,17.207106781186546
random_search,8,15,1600,18.394427190999917,20.750243149015056,23.217800560721074,0.9846384432487154,17.207106781186546
random_search,8,16,1700,17.478232998312528,20.934061955487277,23.81386219991853,1.0482758552950227,17.207106781186546
random_search,8,17,1800,17.774165738677393,20.555379267529638,23.46931365951495,0.9897042777434101,17.207106781186546
random_search,8,18,1900,18.2,20.898383770585465,23.91547594742265,0.9751206961143132,17.207106781186546
random_search,8,19,2000,18.869535971483266,20.74641115607249,23.177193921634785,0.9902812814923125,17.207106781186546
random_search,8,20,2100,18.48309518948453,20.779746335703102,22.74165738677394,0.9542773492538253,17.207106781186546
random_search,8,21,2200,17.956465996625056,20.669413999418353,23.319160170741757,1.0602184622505693,17.207106781186546
random_search,8,22,2300,18.394427190999917,20.76792588296722,23.423243291566195,0.9256729814418194,17.207106781186546
random_search,8,23,2400,17.634846922834953,20.895704265618335,23.155592347112503,0.995447206633586,17.207106781186546
random_search,8,24,2500,18.134846922834953,20.97050319770265,23.316624790355398,1.078226920597559,17.207106781186546
random_search,8,25,2600,18.588409872672514,20.86627385116061,22.98328677803526,0.8983525493298425,17.207106781186546
random_search,8,26,2700,18.173320053068153,20.849184987810546,23.315587038162708,1.1048813821367969,17.207106781186546
random_search,8,27,2800,18.539013913315678,20.79439610823569,23.316624790355398,0.984323288304293,17.207106781186546
random_search,8,28,2900,18.43095064303001,20.730046818836698,23.526368339802364,1.0126639388295484,17.207106781186546
random_search,8,29,3000,18.683095189484533,20.853508017859504,23.28952211790544,0.9888687561663346,17.207106781186546
random_search,8,30,3100,18.257583690279024,20.76906677294037,22.776575213227446,1.0556750787398312,17.207106781186546
random_search,8,31,3200,17.756465996625053,20.754083290158956,23.293325909419153,1.0888513438123573,17.207106781186546
random_search,8,32,3300,17.94494897427832,20.750204154261965,23.441186241925152,1.0313379477138378,17.207106781186546
random_search,8,33,3400,18.30990195135928,20.80018488988012,23.455133376499415,1.0771507844772643,17.207106781186546
random_search,8,34,3500,18.380624847486573,20.91187287723361,23.1886890422961,0.9948338765836715,17.207106781186546
random_search,8,35,3600,17.492838827718412,20.821142913920212,23.52610932182309,1.0191874223551387,17.207106781186546
random_search,8,36,3700,17.671779788708136,20.787313803066223,23.900000000000002,1.1059104178986012,17.207106781186546
random_search,8,37,3800,18.063324958071078,20.899302499221314,22.94963766213207,1.0581543269723868,17.207106781186546
random_search,8,38,3900,18.193737745050925,20.64635258071748,23.022327839240493,0.9789469819144923,17.207106781186546
random_search,8,39,4000,17.922497216032184,20.962679384894955,23.098386676965934,1.036326785950522,17.207106781186546
random_search,8,40,4100,18.461324772583616,20.895697097618484,23.064965543462904,0.9140105243890342,17.207106781186546
random_search,8,41,4200,18.183095189484533,20.79804774647555,22.72089730686545,0.9885460652554804,17.207106781186546
random_search,8,42,4300,18.193737745050925,21.03678085232306,23.58526217596215,1.0076430038485142,17.207106781186546
random_search,8,43,4400,17.448683298050515,20.769372000065736,23.968787265568828,1.1572414154373254,17.207106781186546
random_search,8,44,4500,18.513552872566002,20.750156552081602,23.02491379207837,0.8286574827629563,17.207106781186546
random_search,8,45,4600,18.22736184954957,20.657736273788437,22.369870314579494,0.9243795980580104,17.207106781186546
random_search,8,46,4700,18.629705854077837,20.81198054986687,23.01058907144937,0.9061366967101109,17.207106781186546
random_search,8,47,4800,18.099999999999998,20.767654106453428,22.87571129984594,0.925944643100665,17.207106781186546
random_search,8,48,4900,17.27979589711327,20.718728903919235,23.35808937493144,1.093580553967609,17.207106781186546
random_search,8,49,5000,18.316515138991168,20.957068371504807,23.44963766213207,1.1230739721008263,17.207106781186546
random_search,8,50,5100,18.814944167960988,20.911283565537186,23.489459064299282,1.0506364702691071,17.207106781186546
random_search,9,0,100,18.171779788708136,20.847540360217877,23.57967389859482,1.0081146490003856,18.171779788708136
random_search,9,1,200,18.588409872672514,20.87925778742863,22.894438717061494,0.9210742557199784,18.171779788708136
random_search,9,2,300,18.30990195135928,20.632735525578596,23.57612260356422,1.044143217852497,18.171779788708136
random_search,9,3,400,18.336660026534076,20.98533754075488,23.526368339802364,0.9917499576086991,18.171779788708136
random_search,9,4,500,17.93469899493758,20.618364059250222,23.70936130717624,1.068598051573977,17.93469899493758
random_search,9,5,600,18.5,20.983449090264063,23.452610922848045,1.1094296143770306,17.93469899493758
random_search,9,6,700,17.86397674405503,20.66045717129761,23.20936130717624,1.1437477823086013,17.86397674405503
random_search,9,7,800,17.878232998312527,20.768021893842253,23.141186241925155,1.0482349501108545,17.86397674405503
random_search,9,8,900,17.663818169698587,20.792534812795203,23.468787265568828,1.0739793816452212,17.663818169698587
random_search,9,9,1000,17.671779788708136,20.531286554634622,22.742787793912434,1.0174052747086013,17.663818169698587
random_search,9,10,1100,18.614642819948223,20.74000702839821,22.761249694973138,0.9396252805131751,17.663818169698587
random_search,9,11,1200,18.2,20.821085093328033,23.15657137141714,0.9256187380015326,17.663818169698587
random_search,9,12,1300,18.341640786499873,20.771061553776107,23.156141357987227,1.0824223977526568,17.663818169698587
random_search,9,13,1400,18.255294535724687,20.83318946264528,22.912931993250105,0.8255264016329333,17.663818169698587
random_search,9,14,1500,17.80990195135928,20.759047455151393,22.97245829914744,1.004383194905899,17.663818169698587
random_search,9,15,1600,17.914213562373096,20.579816604600445,22.90312347560939,0.9034625827466131,17.663818169698587
random_search,9,16,1700,18.54833147735479,20.90507629516169,23.552396473549933,1.1093482223630096,17.663818169698587
random_search,9,17,1800,18.460232526704264,20.72771987955019,23.177193921634785,0.9388574904147043,17.663818169698587
random_search,9,18,1900,17.7,20.700250785512495,23.319950248448357,1.1141318848445478,17.663818169698587
random_search,9,19,2000,18.588409872672514,20.823883486369226,23.51058907144937,0.9618389926564952,17.663818169698587
random_search,9,20,2100,17.50830459735946,20.79853928425285,22.97245829914744,1.0887549973821753,17.50830459735946
random_search,9,21,2200,17.419090595827292,20.596206721743282,24.27492857084547,1.1693151330754663,17.419090595827292
random_search,9,22,2300,18.134846922834953,20.87933113790668,22.75329983228432,1.0038432748811827,17.419090595827292
random_search,9,23,2400,18.617935662402836,20.879250620183317,22.69332590941915,0.942731681459065,17.419090595827292
random_search,9,24,2500,17.878232998312527,20.957618389813984,23.333630940518894,1.075025223984845,17.419090595827292
random_search,9,25,2600,17.61980390271856,20.77521319008491,23.099999999999998,1.0924118095566622,17.419090595827292
random_search,9,26,2700,18.456465996625056,20.859116473232458,23.004834939252003,0.9811345756134726,17.419090595827292
random_search,9,27,2800,18.36619037896906,20.71876372574697,23.177193921634785,0.9983307123747603,17.419090595827292
random_search,9,28,2900,17.632455532033674,20.758396461940894,23.967491648096548,1.1336183390610608,17.419090595827292
random_search,9,29,3000,17.62736184954957,20.578364481658323,23.187817782917154,0.9457248513460808,17.419090595827292
random_search,9,30,3100,19.059591794226545,20.963356012496792,23.392492955535424,0.9273217350853824,17.419090595827292
random_search,9,31,3200,18.22736184954957,20.655531108628153,23.2,1.1155834450039563,17.419090595827292
random_search,9,32,3300,17.919090595827292,20.898962072870795,23.819950248448357,1.1223721152240114,17.419090595827292
random_search,9,33,3400,17.86619037896906,20.954488084246165,23.359107887809373,1.0381626994637294,17.419090595827292
random_search,9,34,3500,18.04939015319192,20.585634031676832,23.743835071544513,1.0383568153420866,17.419090595827292
random_search,9,35,3600,18.20332963783729,20.85102018538964,23.183294573433784,1.057107856845775,17.419090595827292
random_search,9,36,3700,18.12736184954957,20.846830148618338,23.815587038162708,0.979544739377724,17.419090595827292
random_search,9,37,3800,18.774596669241483,20.917323101877287,23.592492955535427,1.1074608791040197,17.419090595827292
random_search,9,38,3900,18.179075450674063,20.781918576291744,22.895943722515266,1.0647911529704241,17.419090595827292
random_search,9,39,4000,18.322497216032183,20.852492151356003,22.844009029333872,0.9649897321858444,17.419090595827292
random_search,9,40,4100,17.460232526704264,20.701507130591043,22.938181191654586,0.9423956240717678,17.419090595827292
random_search,9,41,4200,17.59544511501033,20.696597683134367,22.89827534923789,1.0516973867656825,17.419090595827292
random_search,9,42,4300,18.27979589711327,20.83757377104662,23.765229618017536,0.979631424411432,17.419090595827292
random_search,9,43,4400,18.840967364599088,20.855578211832412,22.73861278752583,0.9387590960696194,17.419090595827292
random_search,9,44,4500,17.894427190999917,20.549822819554606,23.642276586281547,0.9222189338398149,17.419090595827292
random_search,9,45,4600,17.599999999999998,20.83523210399751,24.080243893371346,1.0898126060901079,17.419090595827292
random_search,9,46,4700,17.447213595499957,20.729451420317858,23.316624790355398,1.0293959516398883,17.419090595827292
random_search,9,47,4800,18.419803902718556,20.795710265059473,23.70135110466435,1.0592455716963112,17.419090595827292
random_search,9,48,4900,18.209901951359278,20.849797122788846,22.864054992217053,1.006298903524154,17.419090595827292
random_search,9,49,5000,18.822497216032183,20.78298445311199,22.655592347112503,0.939764945962744,17.419090595827292
random_search,9,50,5100,17.171779788708136,20.804626705531483,23.271085446759226,1.1015903539425895,17.171779788708136
random_search,10,0,100,17.207106781186546,20.698482637962265,23.939270764090494,1.169418449771907,17.207106781186546
random_search,10,1,200,18.7,21.053489941700747,23.672751070837066,1.0701616597003027,17.207106781186546
random_search,10,2,300,18.560107523773826,20.930008213826586,23.672458299147443,0.9671396343415806,17.207106781186546
random_search,10,3,400,18.269693845669906,20.753194634272177,23.955133376499415,1.0976832505157499,17.207106781186546
random_search,10,4,500,18.254723699099138,20.93412632228011,23.424099870362664,1.1458957160355174,17.207106781186546
random_search,10,5,600,18.30990195135928,20.731186915006948,23.067815921162744,1.0107795145512375,17.207106781186546
random_search,10,6,700,18.389897948556634,20.893610168232485,22.75329983228432,0.8897763087623843,17.207106781186546
random_search,10,7,800,17.36619037896906,20.874836231508034,22.841653005427766,1.056165380044248,17.207106781186546
random_search,10,8,900,17.632455532033674,20.71827525026981,22.995943722515268,1.0193141557891052,17.207106781186546
random_search,10,9,1000,17.7,20.74121938965151,23.62763633939717,0.9849578030608961,17.207106781186546
random_search,10,10,1100,18.26843871413581,20.92916152221942,23.20936130717624,1.026570291178658,17.207106781186546
random_search,10,11,1200,18.960232526704264,21.015283221138965,22.992849839314594,0.9417282548467432,17.207106781186546
random_search,10,12,1300,18.563324958071078,20.830696110513067,23.340930106817048,1.0211896103392095,17.207106781186546
random_search,10,13,1400,18.547722557505168,21.006347049164354,23.629285639896448,1.0573858028901861,17.207106781186546
random_search,10,14,1500,17.478232998312528,20.767177157402838,23.022902093797256,0.9476981249747842,17.207106781186546
random_search,10,15,1600,18.264911064067352,20.806133212216206,22.782306905057553,0.9480034422658854,17.207106781186546
random_search,10,16,1700,17.960232526704264,20.80775086256571,23.331666249791535,1.0561720154198635,17.207106781186546
random_search,10,17,1800,18.193737745050925,20.760286243804703,22.857066051117283,0.9868409839401352,17.207106781186546
random_search,10,18,1900,17.67979589711327,20.812260014320756,23.211094017053558,1.0322869621936175,17.207106781186546
random_search,10,19,2000,18.63907194296653,20.711659572776824,23.563705936241092,1.0796444988374854,17.207106781186546
random_search,10,20,2100,18.089897948556636,20.853863735406044,23.807492981902776,1.0904405128956811,17.207106781186546
random_search,10,21,2200,18.900000000000002,20.867735241060803,23.22490309931942,0.947200520349614,17.207106781186546
random_search,10,22,2300,17.68062484748657,20.810815173225127,23.71740662898458,1.0431097780087701,17.207106781186546
random_search,10,23,2400,18.171779788708136,20.821683264904035,23.067815921162744,1.015742755543045,17.207106781186546
random_search,10,24,2500,17.98309518948453,20.771738913209973,23.464965543462903,1.0905504419781271,17.207106781186546
random_search,10,25,2600,18.00830459735946,20.816412089161275,22.855133376499413,0.9854301866717471,17.207106781186546
random_search,10,26,2700,18.334846922834956,20.863047264538423,23.155592347112503,0.9754926006784652,17.207106781186546
random_search,10,27,2800,18.322497216032183,20.960590896609133,23.566060555964672,1.030907238687387,17.207106781186546
random_search,10,28,2900,18.54833147735479,20.860936189119542,23.592492955535427,1.0077061404902756,17.207106781186546
random_search,10,29,3000,18.419803902718556,20.73968076820647,23.70936130717624,1.1145590874707405,17.207106781186546
random_search,10,30,3100,17.960232526704264,20.778194275968406,23.844009029333872,1.0428115186009275,17.207106781186546
random_search,10,31,3200,17.614642819948227,20.849665988787724,23.28608421540822,1.0678884841185692,17.207106781186546
random_search,10,32,3300,17.72736184954957,20.953860517183198,23.492849839314594,0.9176945569494127,17.207106781186546
random_search,10,33,3400,17.099999999999998,20.876898142849168,23.340930106817048,1.0860371901251458,17.099999999999998
random_search,10,34,3500,17.5,20.88078440416707,23.082207001484488,1.0238798228072288,17.099999999999998
random_search,10,35,3600,18.063818169698585,20.852970333890486,23.924099870362664,1.0941232376408736,17.099999999999998
random_search,10,36,3700,17.513552872566002,20.82312556469393,22.91547594742265,0.9997832340284792,17.099999999999998
random_search,10,37,3800,17.735270009440733,20.91006074696055,23.525657829663178,1.0379239741448667,17.099999999999998
random_search,10,38,3900,18.336660026534076,20.747263689170587,22.934192325759245,0.967695168691294,17.099999999999998
random_search,10,39,4000,18.878232998312527,20.67773623082706,23.077708763999663,0.9867357508326746,17.099999999999998
random_search,10,40,4100,18.419803902718556,20.76080099603563,23.539387691339815,0.9902651003248549,17.099999999999998
random_search,10,41,4200,18.634846922834953,20.810118703879702,23.471750305430742,0.9855265803609571,17.099999999999998
random_search,10,42,4300,17.707106781186546,20.816597727315816,23.093237062523876,1.0342493004013011,17.099999999999998
random_search,10,43,4400,18.992838827718412,20.830345489406117,23.301162633521315,0.8831482511066249,17.099999999999998
random_search,10,44,4500,17.671779788708136,20.823137126463735,23.737663853655725,1.0361249108135482,17.099999999999998
random_search,10,45,4600,18.869535971483266,20.875282929305182,23.560701700396553,1.0130141674242683,17.099999999999998
random_search,10,46,4700,18.80787840283389,20.73090267278639,23.146536616149582,0.9920880821417772,17.099999999999998
random_search,10,47,4800,17.400000000000002,20.875407907882717,23.20936130717624,1.0827962155229645,17.099999999999998
random_search,10,48,4900,17.66770782520313,20.852371450897472,23.38998327754521,1.0807612262399724,17.099999999999998
random_search,10,49,5000,18.662049935181333,20.726355267409147,23.939270764090494,1.0036682658023872,17.099999999999998
random_search,10,50,5100,16.948331477354788,20.843103528090086,22.912833614050058,1.1338067004611045,16.948331477354788
random_search,11,0,100,18.183095189484533,20.884008906312207,24.133959855479073,1.026776103956075,18.183095189484533
random_search,11,1,200,18.683095189484533,20.795860166000644,23.449576240750524,0.9661523749581579,18.183095189484533
random_search,11,2,300,18.589897948556636,21.024336819866008,23.155592347112503,0.9266447125658381,18.183095189484533
random_search,11,3,400,18.589897948556636,20.822318390282707,23.464965543462903,1.0251705780224618,18.183095189484533
random_search,11,4,500,19.016609194718917,20.83760907800514,23.213135192987522,0.8854386416354945,18.183095189484533
random_search,11,5,600,17.757583690279024,20.871096910310175,23.359411708155672,1.1077262080214374,17.757583690279024
random_search,11,6,700,18.640175425099137,20.675427279990178,23.219950248448356,0.9174209885918059,17.757583690279024
random_search,11,7,800,18.229563014098698,20.87410167034868,23.485677655436824,1.0827457530991338,17.757583690279024
random_search,11,8,900,18.2770329614269,20.75879479612,23.211094017053558,1.0024786299558652,17.757583690279024
random_search,11,9,1000,18.257583690279024,20.744877106863484,23.174021572639983,0.9726560473252557,17.757583690279024
random_search,11,10,1100,18.3,20.697093859787728,22.8559467676119,1.017906988210564,17.757583690279024
random_search,11,11,1200,17.948331477354788,20.725155356404436,22.971750305430742,1.0098715258895836,17.757583690279024
random_search,11,12,1300,17.257583690279024,20.70998293346811,23.162277660168378,0.978469431298572,17.257583690279024
random_search,11,13,1400,18.714944167960986,20.72852248381723,22.98328677803526,0.9372383311416872,17.257583690279024
random_search,11,14,1500,18.563818169698585,20.91174761373179,23.307886552931954,0.9167386520506846,17.257583690279024
random_search,11,15,1600,17.948331477354788,20.802571323840485,22.894438717061494,1.0016847746101012,17.257583690279024
random_search,11,16,1700,18.2,20.72730314189355,23.109243436828812,0.8977248165461765,17.257583690279024
random_search,11,17,1800,18.512403840463595,20.912541543429896,23.9496835316263,0.9498975091428178,17.257583690279024
random_search,11,18,1900,18.54880884817015,20.906172849899466,23.641186241925155,1.1131062870560953,17.257583690279024
random_search,11,19,2000,17.872004514666937,20.62089304873109,22.236877428271626,0.8866013299536523,17.257583690279024
random_search,11,20,2100,17.960232526704264,20.749408232832774,23.555430508634203,0.9933511405964304,17.257583690279024
random_search,11,21,2200,17.380624847486573,20.62484901144667,23.207567081708245,1.0749685601571297,17.257583690279024
random_search,11,22,2300,17.67979589711327,20.87478462139646,23.0563490998189,1.0302813943631752,17.257583690279024
random_search,11,23,2400,18.229563014098698,20.956563572348934,23.8,0.9111179895297472,17.257583690279024
random_search,11,24,2500,18.29283882771841,20.791082871820628,22.62574776766556,0.9060821485649208,17.257583690279024
random_search,11,25,2600,17.834846922834956,20.56762997504695,23.682461550347973,1.1384636465121878,17.257583690279024
random_search,11,26,2700,18.59544511501033,20.734968861428055,23.070459909270543,1.0209086735946147,17.257583690279024
random_search,11,27,2800,18.660107523773828,20.82842389198205,23.15910788780937,0.8697575204632892,17.257583690279024
random_search,11,28,2900,18.68062484748657,20.732177546550258,23.03868107973205,0.9787360052822535,17.257583690279024
random_search,11,29,3000,18.63907194296653,21.02239199600297,23.53315017762062,0.9702247359881558,17.257583690279024
random_search,11,30,3100,18.140175425099137,20.679864595375197,23.23861278752583,1.006393679479093,17.257583690279024
random_search,11,31,3200,18.513552872566002,20.84480082081576,23.012931993250106,0.9937955168387336,17.257583690279024
random_search,11,32,3300,18.207106781186546,20.73779465417329,23.142787793912433,1.0070428173360844,17.257583690279024
random_search,11,33,3400,17.978232998312528,20.780449156019635,23.0563490998189,1.057150624059095,17.257583690279024
random_search,11,34,3500,18.377032961426902,21.006015059519427,23.912833614050058,0.9845296086704955,17.257583690279024
random_search,11,35,3600,18.467707825203128,20.94561675477471,23.114482300479487,1.0141598666960916,17.257583690279024
random_search,11,36,3700,18.06287388383278,20.819221491259942,23.30142828000232,1.0440690666607562,17.257583690279024
random_search,11,37,3800,18.88806130178211,20.918115353997997,23.40312347560939,1.0090077116900014,17.257583690279024
random_search,11,38,3900,18.423538406167136,20.862844056998473,23.377193921634788,1.0501807985810256,17.257583690279024
random_search,11,39,4000,18.2770329614269,20.680944383555484,23.46232255123179,1.0130891510123279,17.257583690279024
random_search,11,40,4100,18.207106781186546,20.90249963537459,22.91547594742265,1.0897304730639177,17.257583690279024
random_search,11,41,4200,18.68321595661992,20.82387465229731,22.922902093797255,0.960055946105699,17.257583690279024
random_search,11,42,4300,16.98309518948453,20.61236053216377,23.24037034920393,1.0736062940434947,16.98309518948453
random_search,11,43,4400,17.878232998312527,20.93656826632725,23.209983388658483,0.9833425023314099,16.98309518948453
random_search,11,44,4500,18.260681686165903,20.67442989521513,22.809243436828815,0.969447923385935,16.98309518948453
random_search,11,45,4600,17.330950643030008,20.912496438527313,22.970540018881465,1.0426983489144475,16.98309518948453
random_search,11,46,4700,17.547722557505168,20.80200395515741,23.174234614174768,1.0596315162833896,16.98309518948453
random_search,11,47,4800,17.947213595499957,20.676931497569818,22.391164991562633,0.9042235998548369,16.98309518948453
random_search,11,48,4900,18.981742422927145,20.884133243804904,22.570459909270543,0.9371446181670938,16.98309518948453
random_search,11,49,5000,17.869535971483266,20.98395817938985,23.305167809266788,1.0960706067396124,16.98309518948453
random_search,11,50,5100,17.3,20.686615896735034,23.035533905932738,1.0156608379484766,16.98309518948453
random_search,12,0,100,18.49373774505092,20.777503225042114,22.87175030543074,0.906978751755723,18.49373774505092
random_search,12,1,200,18.213552872566005,20.925372311778123,23.256809750418043,0.9357774378926695,18.213552872566005
random_search,12,2,300,18.06953597148327,20.855485042517444,23.58526217596215,0.997949392891351,18.06953597148327
random_search,12,3,400,17.8,20.8839090643988,23.354743986657038,1.080464571335091,17.8
random_search,12,4,500,18.460232526704264,21.038412181372905,23.252776554086893,0.9918329756433408,17.8
random_search,12,5,600,18.341640786499873,20.785397873789226,23.095451410656818,1.0466033414063878,17.8
random_search,12,6,700,17.929705854077834,20.773558193845375,23.592492955535427,0.9427204408219084,17.8
random_search,12,7,800,18.460232526704264,20.742288920703164,23.380972058177587,0.9142203539959427,17.8
random_search,12,8,900,18.51657508881031,20.83907593492336,23.656455991031436,1.069951226118407,17.8
random_search,12,9,1000,18.62664991614216,20.966254491771778,23.171330722922843,0.8873617073148868,17.8
random_search,12,10,1100,18.478232998312528,20.91489875601671,23.271085446759226,0.9047445984554148,17.8
random_search,12,11,1200,18.26332495807108,20.612091089336808,22.75277655408689,0.9919369065264879,17.8
random_search,12,12,1300,17.634846922834953,20.75691105847362,23.192415526630864,0.9276149161250692,17.634846922834953
random_search,12,13,1400,18.62736184954957,20.83513569886975,22.99722114972099,0.9385895713300861,17.634846922834953
random_search,12,14,1500,17.488409872672513,20.797457534109018,23.833630940518894,1.1273943292013948,17.488409872672513
random_search,12,15,1600,18.50554700852678,20.73524109420956,24.0555923471125,1.0320290376611374,17.488409872672513
random_search,12,16,1700,18.52828568570857,20.74292793563906,22.539013913315678,0.9253542266848754,17.488409872672513
random_search,12,17,1800,17.98309518948453,20.892223885029715,23.01058907144937,0.9729748700632554,17.488409872672513
random_search,12,18,1900,17.72736184954957,20.485934236719636,23.265229618017536,1.0417799353442503,17.488409872672513
random_search,12,19,2000,18.634846922834953,20.908621492801707,22.917935662402833,0.9762016600136089,17.488409872672513
random_search,12,20,2100,18.408304597359457,20.927527557744416,23.32842712474619,1.0222611852720325,17.488409872672513
random_search,12,21,2200,17.2,20.73322376092709,23.512480529547776,1.068983820839286,17.2
random_search,12,22,2300,17.98309518948453,20.815590841993878,23.22264954516723,1.0867582091218146,17.2
random_search,12,23,2400,18.62664991614216,20.831484702620088,22.801514803843837,1.0407836660326877,17.2
random_search,12,24,2500,17.834846922834956,20.69575721534738,22.78711915483254,1.042038693372224,17.2
random_search,12,25,2600,17.900000000000002,20.706512584895368,22.656141357987227,0.9485597553317122,17.2
random_search,12,26,2700,18.235270009440733,20.722791733777562,23.63901391331568,1.0511415320757918,17.2
random_search,12,27,2800,18.06953597148327,20.866797045683757,23.146426544510454,0.9786745536702872,17.2
random_search,12,28,2900,18.448331477354788,20.814894227055085,23.37571129984594,0.9471660146750727,17.2
random_search,12,29,3000,18.634846922834953,20.977684199984814,23.214674215792776,1.0979012038409623,17.2
random_search,12,30,3100,17.72736184954957,20.923025572882228,23.743024810940586,1.1160988695750225,17.2
random_search,12,31,3200,18.235270009440733,20.7436667693234,23.130495168499706,0.9714079835680145,17.2
random_search,12,32,3300,18.908304597359457,20.60968291933001,23.09072480941474,0.9663860450635402,17.2
random_search,12,33,3400,18.57207784317748,20.657523568748545,23.115587038162705,1.019817629229594,17.2
random_search,12,34,3500,18.06953597148327,20.905242898150036,23.359411708155672,0.9884311741432651,17.2
random_search,12,35,3600,18.633030277982336,20.788702794199725,23.305167809266788,0.9469733950998531,17.2
random_search,12,36,3700,17.8295630140987,20.879404270260146,22.887475490101846,1.0466390484061137,17.2
random_search,12,37,3800,17.822497216032183,20.726635272636663,23.143835071544512,1.167941485473054,17.2
random_search,12,38,3900,18.785229954635273,20.942284922015528,23.59136645896019,0.9505284484082142,17.2
random_search,12,39,4000,18.09544511501033,20.95293104178204,23.7319206502675,1.0876127590102886,17.2
random_search,12,40,4100,17.727566688249706,20.724830485827543,23.211094017053558,1.0547337030667907,17.2
random_search,12,41,4200,18.77979589711327,20.83148176435205,23.207567081708245,0.8861979044138314,17.2
random_search,12,42,4300,18.322497216032183,20.735964991612978,22.860319135392636,1.0744004119592951,17.2
random_search,12,43,4400,17.840967364599088,20.644057829654543,22.80805405358401,0.9800963288876967,17.2
random_search,12,44,4500,18.66794833886788,20.761657193484336,23.655592347112503,1.063714328469415,17.2
random_search,12,45,4600,17.900000000000002,20.640508549109832,23.141186241925155,1.0390944185840199,17.2
random_search,12,46,4700,18.322497216032183,20.71304951256277,23.470540018881465,1.0124763879501437,17.2
random_search,12,47,4800,18.171779788708136,20.873314080979753,23.589459064299284,1.0011421935543316,17.2
random_search,12,48,4900,18.140175425099137,20.810033692329135,23.577708763999663,1.0126124026673717,17.2
random_search,12,49,5000,17.836660026534076,20.767866449444295,23.0555923471125,0.9625506707285411,17.2
random_search,12,50,5100,18.11980390271856,20.60888580101323,22.780697580112786,1.0660452085573833,17.2
random_search,13,0,100,18.330950643030008,20.692619637021334,23.022327839240493,1.0756224286607838,18.330950643030008
random_search,13,1,200,17.8295630140987,20.71454909528326,22.775711299845938,1.0626114649134515,17.8295630140987
random_search,13,2,300,18.63527000944073,20.817235406366326,23.30609303352956,0.9818885471077999,17.8295630140987
random_search,13,3,400,17.7,20.884327825426627,22.70936130717624,0.9311357441088253,17.7
random_search,13,4,500,18.754723699099138,20.91538578080382,22.934192325759245,0.8097089511707446,17.7
random_search,13,5,600,17.26023252670426,20.806401416619153,23.340930106817048,1.151468180632606,17.26023252670426
random_search,13,6,700,17.72474487139159,20.855126055547213,23.868787265568827,1.110371932692118,17.26023252670426
random_search,13,7,800,18.063818169698585,20.784166482757236,23.6319206502675,1.1112442617456788,17.26023252670426
random_search,13,8,900,18.862873883832776,20.696184599915394,24.729872518944557,0.9867139880015932,17.26023252670426
random_search,13,9,1000,18.18321595661992,20.680875556475122,22.86154726279432,0.9887411963597696,17.26023252670426
random_search,13,10,1100,18.088409872672514,20.728007065949452,22.63318042491699,1.0326996096322947,17.26023252670426
random_search,13,11,1200,17.967707825203128,20.803969436417752,24.15910788780937,1.0645835734381435,17.26023252670426
random_search,13,12,1300,17.978232998312528,20.723210672157357,23.035533905932738,0.998080515285587,17.26023252670426
random_search,13,13,1400,18.456465996625056,20.84570471929382,24.012480529547776,0.9521380079923633,17.26023252670426
random_search,13,14,1500,17.960232526704264,20.72123181802553,22.661706725018234,0.9621633184627902,17.26023252670426
random_search,13,15,1600,18.735270009440733,20.75218185676428,22.743024810940586,0.9362592293215817,17.26023252670426
random_search,13,16,1700,18.140175425099137,20.831630284062932,22.957066051117284,1.0099212842729548,17.26023252670426
random_search,13,17,1800,18.512403840463595,20.829559934935865,23.942276586281544,1.1195382525585986,17.26023252670426
random_search,13,18,1900,17.948683298050515,20.65956722690647,22.5563490998189,0.9840399107994428,17.26023252670426
random_search,13,19,2000,18.2,20.77498864912739,23.14575131106459,1.0518838246241653,17.26023252670426
random_search,13,20,2100,18.400000000000002,20.876138502737508,23.868787265568827,0.9310665538224386,17.26023252670426
random_search,13,21,2200,18.49373774505092,20.73412499075031,23.452610922848045,0.9265595832903273,17.26023252670426
random_search,13,22,2300,19.06953597148327,20.894138045563167,22.7,0.8596348093916067,17.26023252670426
random_search,13,23,2400,18.372004514666937,20.893781356213413,22.957066051117284,0.9626522389151088,17.26023252670426
random_search,13,24,2500,18.257583690279024,20.724702305075127,23.07967389859482,0.9847554001908821,17.26023252670426
random_search,13,25,2600,18.80787840283389,20.888634640101767,22.775711299845938,0.9651548954872681,17.26023252670426
random_search,13,26,2700,17.7,20.731308969904372,22.529822128134704,0.8887252856033488,17.26023252670426
random_search,13,27,2800,17.73622914957372,20.80094699688082,23.449576240750524,1.0486119355648953,17.26023252670426
random_search,13,28,2900,18.3295630140987,20.79164291810675,22.92767142944341,1.02470015362375,17.26023252670426
random_search,13,29,3000,18.30384048104053,20.98402501570617,24.08433666561813,1.0262614390790181,17.26023252670426
random_search,13,30,3100,18.285229954635273,20.79662363552939,22.6886890422961,0.9185529072391209,17.26023252670426
random_search,13,31,3200,18.71909059582729,20.854686358357235,22.8459060435492,0.9152538067734899,17.26023252670426
random_search,13,32,3300,18.908304597359457,20.85600124307418,22.89192496674806,0.8860576893080329,17.26023252670426
random_search,13,33,3400,18.22736184954957,20.751800736962636,22.79192496674806,0.9948335419452009,17.26023252670426
random_search,13,34,3500,18.209901951359278,20.695286360819395,23.53868107973205,1.1942634888087609,17.26023252670426
random_search,13,35,3600,18.368438714135813,20.90258979348836,22.91547594742265,0.8863528012178511,17.26023252670426
random_search,13,36,3700,18.368438714135813,20.803962604070968,22.810693864511038,0.9536549121840171,17.26023252670426
random_search,13,37,3800,17.83622914957372,20.727058054379302,23.424283374069717,1.006838833161411,17.26023252670426
random_search,13,38,3900,17.8,20.796383985360677,23.412833614050058,1.031890262753044,17.26023252670426
random_search,13,39,4000,17.408304597359457,20.772587312637487,23.659729717389748,1.1191451325842496,17.26023252670426
random_search,13,40,4100,17.919803902718556,20.810983037244537,23.23236903073119,1.0186938074205196,17.26023252670426
random_search,13,41,4200,18.537211521390788,20.720083527363055,24.10263066836631,1.0811106761915399,17.26023252670426
random_search,13,42,4300,18.427105745132007,20.924831120618332,23.307886552931954,1.0746830085669945,17.26023252670426
random_search,13,43,4400,18.54880884817015,20.81040161294121,23.478505426185215,1.013815054529779,17.26023252670426
random_search,13,44,4500,18.56953597148327,20.57779598826551,22.805167809266788,0.9150347096038142,17.26023252670426
random_search,13,45,4600,17.878232998312527,20.78329419520185,22.992849839314594,1.0813859757322757,17.26023252670426
random_search,13,46,4700,18.264911064067352,20.868665607074004,23.316631205513225,1.105766881104303,17.26023252670426
random_search,13,47,4800,18.56287388383278,20.88495516070605,23.895943722515266,1.0623687302966538,17.26023252670426
random_search,13,48,4900,18.419090595827292,20.934048925266975,24.687119154832537,1.095694904147112,17.26023252670426
random_search,13,49,5000,17.86619037896906,20.824179826206194,23.811744421846395,1.1885505064253776,17.26023252670426
random_search,13,50,5100,18.948683298050515,20.938936155382375,23.646536616149582,0.9138191960441662,17.26023252670426
random_search,14,0,100,17.948331477354788,20.589019172492545,22.8459060435492,1.0558103171095208,17.948331477354788
random_search,14,1,200,19.05758369027902,20.824537523885336,23.9731721238443,1.0267224237920745,17.948331477354788
random_search,14,2,300,18.02664991614216,20.905366774524023,23.737663853655725,1.0695763870900867,17.948331477354788
random_search,14,3,400,18.47763888346312,20.931181177006202,23.10768096208106,1.0080743780571044,17.948331477354788
random_search,14,4,500,18.474165738677396,20.604800221211807,23.065941943351177,1.0807083912320374,17.948331477354788
random_search,14,5,600,17.640967364599085,20.76289384630646,23.155277766926236,0.9300569141712645,17.640967364599085
random_search,14,6,700,18.13527000944073,20.821266847106177,23.315587038162708,1.075792524091634,17.640967364599085
random_search,14,7,800,17.394427190999917,20.798439913576036,23.440063693621518,1.1038044709648764,17.394427190999917
random_search,14,8,900,18.099999999999998,20.941974861689232,23.87175030543074,1.1331975791077273,17.394427190999917
random_search,14,9,1000,18.55758369027902,20.77893771521236,22.96232255123179,0.9781917531602629,17.394427190999917
random_search,14,10,1100,18.063324958071078,20.69374388949466,23.340930106817048,1.1577431847791915,17.394427190999917
random_search,14,11,1200,18.55758369027902,20.70973390742536,23.407567081708248,0.8961496524163136,17.394427190999917
random_search,14,12,1300,18.04833147735479,20.70334982428403,24.355133376499413,1.0170937998114788,17.394427190999917
random_search,14,13,1400,18.21909059582729,20.88378532412337,23.276575213227446,1.032895630712072,17.394427190999917
random_search,14,14,1500,18.8295630140987,20.65981256291738,23.16405499221705,1.0101432867258744,17.394427190999917
random_search,14,15,1600,18.059591794226545,20.623576553275807,23.157271787481875,1.0896510047215457,17.394427190999917
random_search,14,16,1700,18.378232998312527,20.953471325363093,22.975817632051932,0.9048756423151555,17.394427190999917
random_search,14,17,1800,17.61980390271856,20.538982044735345,23.0563490998189,1.1187423172456388,17.394427190999917
random_search,14,18,1900,17.960232526704264,20.674497636134053,23.331666249791535,1.0639142614602115,17.394427190999917
random_search,14,19,2000,18.599999999999998,20.730678641281578,23.235489375751563,0.9437823408253775,17.394427190999917
random_search,14,20,2100,18.588409872672514,20.851385932555694,22.536877428271623,0.9446121235791517,17.394427190999917
random_search,14,21,2200,18.56287388383278,20.899898096013647,22.95306852353742,0.9842642692892521,17.394427190999917
random_search,14,22,2300,18.869535971483266,20.8748039700659,23.146916505762093,0.9677491834867971,17.394427190999917
random_search,14,23,2400,18.229563014098698,20.737027104566447,22.917800560721076,0.9330035708941454,17.394427190999917
random_search,14,24,2500,18.369535971483266,20.667928431620865,23.4262252939418,1.095982206406712,17.394427190999917
random_search,14,25,2600,18.129705854077837,21.0221934461287,23.758323293158117,1.0340624936741278,17.394427190999917
random_search,14,26,2700,18.467707825203128,20.905280563835703,23.752776554086893,0.9944891891348747,17.394427190999917
random_search,14,27,2800,18.26332495807108,20.829236096701738,22.930375285612676,0.8776446358776657,17.394427190999917
random_search,14,28,2900,17.79283882771841,20.759669785594415,23.47245829914744,1.1015423113427147,17.394427190999917
random_search,14,29,3000,18.112403840463596,20.704160951007456,23.01058907144937,1.0454827320579727,17.394427190999917
random_search,14,30,3100,18.549444375840398,20.980534205440048,23.49722114972099,1.0143836504198227,17.394427190999917
random_search,14,31,3200,18.840967364599088,20.918749043159416,23.110589071449372,0.903008581996069,17.394427190999917
random_search,14,32,3300,18.378232998312527,20.67725499869065,23.412833614050058,0.9829512547675954,17.394427190999917
random_search,14,33,3400,18.9591260281974,20.789110700655918,22.795829710142186,0.9121379484327874,17.394427190999917
random_search,14,34,3500,18.2,20.75540446986044,22.697221149720992,0.9666584728700501,17.394427190999917
random_search,14,35,3600,18.26023252670426,20.89877737695334,22.988689042296098,0.9647071514749724,17.394427190999917
random_search,14,36,3700,18.33622914957372,20.950788193548014,23.536308338453882,1.002636164895304,17.394427190999917
random_search,14,37,3800,17.235270009440733,20.761693496076223,23.927038417709678,1.0808032770127185,17.235270009440733
random_search,14,38,3900,19.288854381999833,21.040904642955724,23.47624151769984,0.9229333002933181,17.235270009440733
random_search,14,39,4000,18.52828568570857,20.941525548789887,23.482390527904393,0.9812396835254699,17.235270009440733
random_search,14,40,4100,18.54833147735479,20.684994778081347,23.511094017053555,0.9354526019292638,17.235270009440733
random_search,14,41,4200,18.577154105707724,20.879929282884337,23.40587727318528,0.9733210957709973,17.235270009440733
random_search,14,42,4300,17.97763888346312,20.98372213252345,23.267491648096545,0.98440147905805,17.235270009440733
random_search,14,43,4400,18.48309518948453,20.879268818516234,23.01869538788622,0.9602424065814725,17.235270009440733
random_search,14,44,4500,18.36619037896906,20.770074026691358,23.272077843177478,0.9733772197843361,17.235270009440733
random_search,14,45,4600,18.04880884817015,20.868208740855884,23.172751070837066,1.0024892762896516,17.235270009440733
random_search,14,46,4700,18.634846922834953,20.827168064892245,24.08072158238645,1.0289742615930682,17.235270009440733
random_search,14,47,4800,18.372004514666937,20.80987833497272,23.72827037646145,1.0506817746675285,17.235270009440733
random_search,14,48,4900,18.235270009440733,20.761844300190177,23.40312347560939,1.0106865994666578,17.235270009440733
random_search,14,49,5000,18.30990195135928,20.962734979914458,24.080243893371346,1.0246773691826059,17.235270009440733
random_search,14,50,5100,18.58113883008419,20.82145970749726,22.75306852353742,1.0156955075918375,17.235270009440733
random_search,15,0,100,18.047722557505168,20.823593257049478,23.29192496674806,1.1568100613529373,18.047722557505168
random_search,15,1,200,17.840967364599088,20.583741039291148,22.99615099714943,1.1475116504670453,17.840967364599088
random_search,15,2,300,18.51657508881031,20.82444700452363,23.054867053479278,0.9485500567429902,17.840967364599088
random_search,15,3,400,18.02664991614216,20.59184775516474,23.01058907144937,1.0892069380958072,17.840967364599088
random_search,15,4,500,18.56953597148327,20.84919698563085,22.509980079602226,0.9045396567962087,17.840967364599088
random_search,15,5,600,17.2,20.636253138595812,23.06859590355097,1.0636907168194396,17.2
random_search,15,6,700,17.87840487520902,20.966165408783972,23.437663853655728,1.151661091852468,17.2
random_search,15,7,800,18.13527000944073,20.69383181722786,22.57402157263998,1.0149125241111705,17.2
random_search,15,8,900,17.816227766016837,20.880434906220536,23.482390527904393,1.0780124916000173,17.2
random_search,15,9,1000,18.513552872566002,20.823201341742543,23.183281572999746,1.0599130700152657,17.2
random_search,15,10,1100,17.919803902718556,20.615796145465662,23.35808937493144,1.0260534957181062,17.2
random_search,15,11,1200,18.04833147735479,20.726163286591927,23.46931365951495,1.055185616452517,17.2
random_search,15,12,1300,18.5,20.88717061920297,23.73927076409049,0.986874162523431,17.2
random_search,15,13,1400,18.2,20.759025410004853,23.72827037646145,1.1189896103115562,17.2
random_search,15,14,1500,18.18062484748657,20.808412940080757,23.437663853655728,0.9955865155689795,17.2
random_search,15,15,1600,18.2,20.73972448755835,23.235489375751563,1.0831282798121844,17.2
random_search,15,16,1700,17.878232998312527,20.78192286237252,23.380972058177587,0.9000379989709726,17.2
random_search,15,17,1800,18.334846922834956,20.75407311509541,23.46931365951495,1.089346062699411,17.2
random_search,15,18,1900,18.46619037896906,20.978378261077697,23.003123475609392,1.006485549426624,17.2
random_search,15,19,2000,18.229563014098698,20.828772147970327,23.765229618017536,1.0990307392709813,17.2
random_search,15,20,2100,18.183095189484533,20.75459611137441,22.775711299845938,0.8826626922885579,17.2
random_search,15,21,2200,18.171779788708136,20.605604045138843,23.13318042491699,0.9891897221156306,17.2
random_search,15,22,2300,18.06953597148327,20.900426216685936,23.816624790355398,0.9134649474615087,17.2
random_search,15,23,2400,17.408304597359457,20.61093426040005,23.197221149720992,1.0744425129707624,17.2
random_search,15,24,2500,18.460232526704264,20.85594194013622,23.955133376499415,1.1196825514614928,17.2
random_search,15,25,2600,18.877032961426902,20.913567953333477,23.72491379207837,0.9913169161055464,17.2
random_search,15,26,2700,18.256465996625053,20.880800217739097,23.549666651850536,1.0661269738953096,17.2
random_search,15,27,2800,18.612403840463596,20.936368031963884,23.20936130717624,1.0219144651810623,17.2
random_search,15,28,2900,18.336660026534076,20.789603860721442,23.04959013639538,1.0740052263560007,17.2
random_search,15,29,3000,18.13527000944073,20.825731297892972,23.32654919008431,1.0337590783772137,17.2
random_search,15,30,3100,18.795829710142186,20.769383244566928,22.56767050061961,0.8678108782931357,17.2
random_search,15,31,3200,17.978232998312528,20.74556334825847,23.02769256906871,1.0307078179749203,17.2
random_search,15,32,3300,18.229563014098698,20.87519029338553,23.012931993250106,1.0111720757590106,17.2
random_search,15,33,3400,18.089897948556636,20.761820327987255,23.52610932182309,1.0325804444647837,17.2
random_search,15,34,3500,18.707106781186546,20.651854330563825,22.941186241925152,0.9556256055010218,17.2
random_search,15,35,3600,18.830950643030008,20.766410595655753,23.09878030638384,1.03491163686244,17.2
random_search,15,36,3700,17.822497216032183,20.802569242066678,23.23927076409049,1.1089295914184554,17.2
random_search,15,37,3800,18.22736184954957,20.754499726507753,23.281534080237808,1.2324724139341183,17.2
random_search,15,38,3900,18.314944167960988,20.785721540098006,23.346536616149585,1.0907061915578462,17.2
random_search,15,39,4000,18.26332495807108,20.974534619656826,23.606659275674584,1.048569513865581,17.2
random_search,15,40,4100,18.02664991614216,20.84621605340588,23.53868107973205,1.132112743687682,17.2
random_search,15,41,4200,18.140967364599085,20.951143310906673,23.380972058177587,1.0454796467768257,17.2
random_search,15,42,4300,18.488409872672513,20.72358644001877,22.75277655408689,0.9449262350983896,17.2
random_search,15,43,4400,18.7,20.774419075756228,23.034192325759246,0.9537915325154926,17.2
random_search,15,44,4500,18.26332495807108,20.91993704938875,23.25306852353742,0.9916735185022023,17.2
random_search,15,45,4600,18.369535971483266,20.844599303151323,23.022327839240493,0.9977329510229197,17.2
random_search,15,46,4700,18.76023252670426,20.750432762907902,22.280350850198275,0.8348091192670085,17.2
random_search,15,47,4800,18.2,20.921904784558432,23.437003937005905,1.1195294860845508,17.2
random_search,15,48,4900,18.599999999999998,20.890703735204053,23.549615361854386,0.9622559645372283,17.2
random_search,15,49,5000,17.707106781186546,20.951020226331057,24.147288270665545,1.0268049645738215,17.2
random_search,15,50,5100,18.134846922834953,20.835608113115182,23.842463035441597,1.2593677338707252,17.2
random_search,16,0,100,18.099999999999998,20.843011159136953,23.707567081708245,1.0781781184374002,18.099999999999998
random_search,16,1,200,18.1431676725155,20.927051327388995,23.025657829663178,1.0434815155116353,18.099999999999998
random_search,16,2,300,17.59544511501033,20.43369598812043,22.90944739819828,1.0774142657121881,17.59544511501033
random_search,16,3,400,18.369535971483266,20.843943357055224,23.6886890422961,0.9549231262166795,17.59544511501033
random_search,16,4,500,17.171779788708136,20.790106170203668,23.48328677803526,1.122795712900239,17.171779788708136
random_search,16,5,600,18.814944167960988,20.858039483390172,22.955133376499415,0.9272150975710054,17.171779788708136
random_search,16,6,700,18.533907960581374,20.77012146704974,23.464965543462903,1.0485552083371115,17.171779788708136
random_search,16,7,800,18.099999999999998,20.6635955192946,22.91547594742265,0.9792809274402594,17.171779788708136
random_search,16,8,900,17.836660026534076,20.87505361850334,23.58121323515277,1.0848864101031306,17.171779788708136
random_search,16,9,1000,17.774165738677393,20.611556168634934,23.115587038162705,0.9830401632093511,17.171779788708136
random_search,16,10,1100,18.56287388383278,20.744169338430453,23.177193921634785,0.9732711041047565,17.171779788708136
random_search,16,11,1200,17.988409872672513,20.703946962585952,23.003569153775235,1.0638195145683764,17.171779788708136
random_search,16,12,1300,17.96619037896906,20.787205204231082,23.72490309931942,1.0322294188309156,17.171779788708136
random_search,16,13,1400,18.3295630140987,20.824178131814243,22.866431913239847,0.924833072746713,17.171779788708136
random_search,16,14,1500,18.140175425099137,20.732274690876697,23.063705936241092,0.9956821382507848,17.171779788708136
random_search,16,15,1600,18.16770782520313,20.877712973200314,22.917800560721076,1.0246308631890848,17.171779788708136
random_search,16,16,1700,17.86619037896906,20.69628053466429,23.776575213227446,1.0573850245540346,17.171779788708136
random_search,16,17,1800,18.3,20.87352220272092,23.160601043544624,1.0848386271951806,17.171779788708136
random_search,16,18,1900,18.2,20.856728410357537,23.859107887809373,1.096148828448891,17.171779788708136
random_search,16,19,2000,17.488409872672513,20.81285887403665,24.272751070837067,1.18932558522557,17.171779788708136
random_search,16,20,2100,18.140175425099137,20.85552032289096,23.271085446759226,1.1160601293203347,17.171779788708136
random_search,16,21,2200,18.140967364599085,20.81112801068304,22.82842712474619,1.1442582486091697,17.171779788708136
random_search,16,22,2300,17.77979589711327,20.80521834660992,23.271085446759226,1.0215339617488683,17.171779788708136
random_search,16,23,2400,18.112403840463596,20.603818097031215,24.01575680566778,1.1604074586644029,17.171779788708136
random_search,16,24,2500,17.98309518948453,20.765634081512015,23.201428280002318,1.0591468561760546,17.171779788708136
random_search,16,25,2600,18.063324958071078,20.621395967532145,22.78711915483254,1.0895479854047176,17.171779788708136
random_search,16,26,2700,18.48309518948453,20.92906095939527,23.359107887809373,0.8872912914162135,17.171779788708136
random_search,16,27,2800,18.889897948556634,20.857437717099526,22.452272056851648,0.8914572785109048,17.171779788708136
random_search,16,28,2900,18.56953597148327,20.678434791362537,23.52883794381533,1.0392515844920618,17.171779788708136
random_search,16,29,3000,18.22474487139159,20.66193316737657,23.039013913315678,0.9949601752175696,17.171779788708136
random_search,16,30,3100,18.099999999999998,20.899106824285436,23.569870314579497,1.131931259112391,17.171779788708136
random_search,16,31,3200,18.408304597359457,20.710654218427695,23.12574776766556,1.030462120828286,17.171779788708136
random_search,16,32,3300,18.26332495807108,20.87745270943982,23.1319206502675,0.9903722208116731,17.171779788708136
random_search,16,33,3400,18.264911064067352,20.686674680990265,22.82636833980236,0.9693934316409163,17.171779788708136
random_search,16,34,3500,18.44899959967968,20.81134217028221,23.271085446759226,0.9971418228922488,17.171779788708136
random_search,16,35,3600,18.132455532033674,20.900515592102273,23.509447398198283,1.0846339157166456,17.171779788708136
random_search,16,36,3700,18.59666295470958,20.695805130572385,23.412833614050058,1.0376018472156388,17.171779788708136
random_search,16,37,3800,18.54833147735479,20.809553518485696,23.434192325759245,1.088044205768425,17.171779788708136
random_search,16,38,3900,18.140967364599085,20.656018197353205,23.201428280002318,0.9804283314949225,17.171779788708136
random_search,16,39,4000,17.908304597359457,20.840834190155338,23.271085446759226,1.1058208924841808,17.171779788708136
random_search,16,40,4100,17.22736184954957,20.74408381202815,23.91547594742265,1.0405856253914152,17.171779788708136
random_search,16,41,4200,18.563324958071078,20.87270054823331,23.17921561087423,0.9860013190204144,17.171779788708136
random_search,16,42,4300,18.729563014098698,20.681592445599158,23.482306905057555,1.0290366190781355,17.171779788708136
random_search,16,43,4400,18.488409872672513,20.64743101937428,23.20936130717624,1.0257409966279998,17.171779788708136
random_search,16,44,4500,18.29283882771841,20.841366182311518,23.297057550292603,1.002880511386187,17.171779788708136
random_search,16,45,4600,18.183095189484533,20.780194092002453,22.900000000000002,1.0512767405404198,17.171779788708136
random_search,16,46,4700,17.878232998312527,20.78950842698303,23.536308338453882,1.0478080031108132,17.171779788708136
random_search,16,47,4800,18.488409872672513,20.817336865570393,23.14187454245971,0.9400272203382714,17.171779788708136
random_search,16,48,4900,18.14355957741627,20.657747785389347,23.588078318274384,1.1489831050184307,17.171779788708136
random_search,16,49,5000,18.235270009440733,20.878686453923816,22.987475490101847,0.9375445371037633,17.171779788708136
random_search,16,50,5100,17.80384048104053,20.566835512609806,23.743835071544513,1.0687185512311075,17.171779788708136
random_search,17,0,100,18.640967364599085,20.850530728294924,23.503123475609392,1.0538216349824234,18.640967364599085
random_search,17,1,200,18.640175425099137,20.896612746704253,23.22928563989645,0.9694121245870596,18.640175425099137
random_search,17,2,300,18.419803902718556,20.727614487590458,23.805167809266788,1.11179987447097,18.419803902718556
random_search,17,3,400,18.448683298050515,20.857857252516897,22.771085446759226,0.9922189211528523,18.419803902718556
random_search,17,4,500,17.894427190999917,20.97464452951348,23.614482300479487,1.2710482062166286,17.894427190999917
random_search,17,5,600,17.448331477354788,20.725482421438766,22.970540018881465,1.0046913797748458,17.448331477354788
random_search,17,6,700,17.671779788708136,20.741612301669967,23.061455150532503,1.0327120800342915,17.448331477354788
random_search,17,7,800,18.760681686165903,20.95004884083628,23.466479394838267,1.0469247883339419,17.448331477354788
random_search,17,8,900,18.50830459735946,20.770415831050713,23.123243291566197,1.0066011569964082,17.448331477354788
random_search,17,9,1000,17.86619037896906,20.9443113749517,23.569870314579497,1.1078230868333045,17.448331477354788
random_search,17,10,1100,18.207106781186546,20.91191006684314,23.391164991562633,1.0840226232015204,17.448331477354788
random_search,17,11,1200,18.04494897427832,20.732691604337386,23.43846820423443,1.1363403195697541,17.448331477354788
random_search,17,12,1300,18.422497216032184,20.92422026590727,24.07967389859482,1.169223033392493,17.448331477354788
random_search,17,13,1400,17.26332495807108,20.569663123278243,22.708607914449797,1.1235108439316135,17.26332495807108
random_search,17,14,1500,18.52664991614216,20.695102518145465,22.8,0.8924674107187419,17.26332495807108
random_search,17,15,1600,18.06953597148327,20.8519376850625,23.272751070837067,0.9911216330339572,17.26332495807108
random_search,17,16,1700,17.878232998312527,20.723025280034975,23.106659275674584,1.027686026717244,17.26332495807108
random_search,17,17,1800,17.8295630140987,20.642601353787867,23.242787793912434,1.0272247386612028,17.26332495807108
random_search,17,18,1900,17.8295630140987,20.68376301788355,23.464965543462903,1.2052100622129465,17.26332495807108
random_search,17,19,2000,18.513552872566002,20.83531485562849,23.20135110466435,0.9432846688415628,17.26332495807108
random_search,17,20,2100,18.51657508881031,20.876334738192504,23.672751070837066,1.1040530227540484,17.26332495807108
random_search,17,21,2200,18.171779788708136,20.85558096537467,23.12883794381533,1.0055284039579397,17.26332495807108
random_search,17,22,2300,17.7,20.7412835869268,24.288078318274387,1.1514392974034209,17.26332495807108
random_search,17,23,2400,17.66770782520313,20.71433684073408,23.72827037646145,1.1106937337613128,17.26332495807108
random_search,17,24,2500,18.089897948556636,20.834908897922922,23.78608421540822,1.0208042545966938,17.26332495807108
random_search,17,25,2600,18.7,20.71482014767919,23.219004621945796,0.9341194742166085,17.26332495807108
random_search,17,26,2700,18.46619037896906,20.864093577413076,22.994438717061495,0.9790133712537943,17.26332495807108
random_search,17,27,2800,18.26332495807108,20.88537035370375,23.615587038162705,1.1752048468586933,17.26332495807108
random_search,17,28,2900,17.978232998312528,20.850798518868377,23.15657137141714,1.062682842456739,17.26332495807108
random_search,17,29,3000,18.36619037896906,20.783380880524124,22.707492981902774,0.8771586398563551,17.26332495807108
random_search,17,30,3100,18.01657508881031,20.820687177355804,23.281534080237808,1.0111188579147676,17.26332495807108
random_search,17,31,3200,18.735270009440733,20.8801113251892,24.252396473549936,1.100557291093734,17.26332495807108
random_search,17,32,3300,18.735270009440733,20.84234071827621,23.22574776766556,1.060227217481798,17.26332495807108
random_search,17,33,3400,17.547722557505168,20.854997005307563,23.089459064299284,0.9838154159272906,17.26332495807108
random_search,17,34,3500,17.36619037896906,20.71133112204089,22.715823125451337,1.0233431364516958,17.26332495807108
random_search,17,35,3600,17.919090595827292,20.848380007238458,23.54959013639538,1.0106927447111866,17.26332495807108
random_search,17,36,3700,18.30384048104053,20.830171619055953,23.439270764090494,1.1472845001068965,17.26332495807108
random_search,17,37,3800,18.757583690279024,20.79850974729777,22.995943722515268,0.9264818037154866,17.26332495807108
random_search,17,38,3900,18.235270009440733,20.90066045811553,23.243835071544513,1.0028305962870654,17.26332495807108
random_search,17,39,4000,18.512403840463595,20.719526769632356,23.452610922848045,0.9939139356109791,17.26332495807108
random_search,17,40,4100,18.612403840463596,20.63991427833149,23.004834939252003,0.930700127090182,17.26332495807108
random_search,17,41,4200,18.06953597148327,20.7270338915852,22.843024810940587,1.0569303898896891,17.26332495807108
random_search,17,42,4300,17.54833147735479,20.671936980738923,23.123243291566197,1.1097551970692885,17.26332495807108
random_search,17,43,4400,17.612403840463596,20.728564569092104,22.772751070837067,1.0117015511731917,17.26332495807108
random_search,17,44,4500,18.04928556845359,20.667922359977876,23.04093010681705,1.0644523052980912,17.26332495807108
random_search,17,45,4600,17.26023252670426,20.78949853006072,23.711094017053558,1.2187845643682642,17.26023252670426
random_search,17,46,4700,18.264911064067352,20.79044442233999,22.80805405358401,1.0312186938087264,17.26023252670426
random_search,17,47,4800,17.56287388383278,20.736604388411983,22.980243893371345,1.0703384764306798,17.26023252670426
random_search,17,48,4900,17.869535971483266,20.786887943179078,23.564965543462904,1.0885517403489289,17.26023252670426
random_search,17,49,5000,18.478232998312528,20.99990253285307,23.85808937493144,1.0166080598283114,17.26023252670426
random_search,17,50,5100,18.467707825203128,20.799929787203556,22.85870331449229,0.9679981705466021,17.26023252670426
random_search,18,0,100,18.22474487139159,20.96363941074591,23.25306852353742,0.9944969775283453,18.22474487139159
random_search,18,1,200,18.764911064067352,20.845763727356125,24.293897898091743,1.0368496792225024,18.22474487139159
random_search,18,2,300,17.8295630140987,20.834440774229584,22.772751070837067,0.9268694566109419,17.8295630140987
random_search,18,3,400,18.29283882771841,20.68849861086333,22.78608421540822,0.9728064039722548,17.8295630140987
random_search,18,4,500,18.0,20.666309486703415,23.657271787481875,1.0597006903380621,17.8295630140987
random_search,18,5,600,19.02664991614216,20.76068137320263,22.884250278036866,0.970979354998543,17.8295630140987
random_search,18,6,700,17.96619037896906,20.856524246125076,22.57402157263998,0.9664934541188207,17.8295630140987
random_search,18,7,800,17.956465996625056,20.964424986991467,24.0554305086342,1.154181723617592,17.8295630140987
random_search,18,8,900,17.948683298050515,20.788541256335474,23.291015291668742,1.0118528142514016,17.8295630140987
random_search,18,9,1000,17.98309518948453,20.802338095773557,23.166939881532553,0.9637797966469239,17.8295630140987
random_search,18,10,1100,18.43095064303001,20.620111929807994,22.88998327754521,1.0600264981901155,17.8295630140987
random_search,18,11,1200,17.55758369027902,20.62273187344259,23.400000000000002,1.0872523945686114,17.55758369027902
random_search,18,12,1300,18.757583690279024,20.834688362698262,23.339387691339812,0.9506006482737244,17.55758369027902
random_search,18,13,1400,18.5,20.945691063176064,23.47245829914744,1.0092858889084937,17.55758369027902
random_search,18,14,1500,18.419803902718556,20.808680918393637,24.02883794381533,1.180548951158853,17.55758369027902
random_search,18,15,1600,18.8295630140987,21.013046115373783,23.25277655408689,0.9118280228149953,17.55758369027902
random_search,18,16,1700,17.816515138991168,20.897436480980147,23.252776554086893,1.0605138411604234,17.55758369027902
random_search,18,17,1800,18.088409872672514,20.804781993062537,23.2343879744639,1.0857590481751676,17.55758369027902
random_search,18,18,1900,17.98309518948453,20.873095355194604,23.37175030543074,1.1545834791290923,17.55758369027902
random_search,18,19,2000,18.467707825203128,20.77822750726467,23.271085446759226,1.0109737440224134,17.55758369027902
random_search,18,20,2100,18.255294535724687,20.7908753190313,23.082207001484488,1.008202947035722,17.55758369027902
random_search,18,21,2200,18.67979589711327,20.825326570765437,23.554308211415446,0.9585877038531905,17.55758369027902
random_search,18,22,2300,18.58113883008419,20.69820255957575,23.025657829663178,0.9704175181127892,17.55758369027902
random_search,18,23,2400,18.013552872566002,20.757269692120055,23.591656999213594,0.9903240356256638,17.55758369027902
random_search,18,24,2500,18.134846922834953,20.657727679017977,23.258089374931437,1.0598324540878428,17.55758369027902
random_search,18,25,2600,18.134846922834953,20.751520608892864,23.289117562233507,1.1327634052682878,17.55758369027902
random_search,18,26,2700,18.422497216032184,20.875830784560602,23.316609194718914,0.9997709904684872,17.55758369027902
random_search,18,27,2800,17.26023252670426,20.70573186685661,23.156141357987227,1.036871331003553,17.26023252670426
random_search,18,28,2900,18.05758369027902,20.79625809167099,23.452610922848045,1.0260848965695262,17.26023252670426
random_search,18,29,3000,18.478232998312528,20.77222083276618,23.38587184554509,1.0542696322321918,17.26023252670426
random_search,18,30,3100,18.04928556845359,20.73891735842975,22.995451410656816,1.0293973894294501,17.26023252670426
random_search,18,31,3200,18.632455532033674,20.665026431621044,23.549666651850536,0.9606927335121201,17.26023252670426
random_search,18,32,3300,18.478232998312528,20.78665535688416,23.3559467676119,1.0575401094665362,17.26023252670426
random_search,18,33,3400,18.922497216032184,20.804635860393805,23.75941170815567,1.0386358025318805,17.26023252670426
random_search,18,34,3500,17.900000000000002,20.804490666140946,23.660319135392633,1.0691744788220996,17.26023252670426
random_search,18,35,3600,18.071779788708135,20.78983399774127,23.420526275297412,1.1333196507768633,17.26023252670426
random_search,18,36,3700,18.478232998312528,20.654329505087063,23.65486705347928,0.9480201194495002,17.26023252670426
random_search,18,37,3800,17.599999999999998,20.77897928164215,22.95306852353742,1.0100867220604908,17.26023252670426
random_search,18,38,3900,17.58113883008419,20.728587839596575,23.85808937493144,1.031904576068372,17.26023252670426
random_search,18,39,4000,18.48309518948453,20.78659494566681,23.82767142944341,0.9627971317524243,17.26023252670426
random_search,18,40,4100,18.264911064067352,20.661499645584257,23.140658617698016,1.0971537959165114,17.26023252670426
random_search,18,41,4200,18.76023252670426,20.684526468504092,23.08526217596215,0.9836427272212149,17.26023252670426
random_search,18,42,4300,17.922497216032184,20.7582397115545,23.029376540877703,1.1064141026501773,17.26023252670426
random_search,18,43,4400,18.183095189484533,20.747243238263216,23.377193921634788,1.0582753357892443,17.26023252670426
random_search,18,44,4500,18.2,20.818955765578906,23.82099463490856,1.077794840010505,17.26023252670426
random_search,18,45,4600,17.709901951359278,20.808748546585257,23.53732584763727,1.080022577012077,17.26023252670426
random_search,18,46,4700,18.456465996625056,20.84985617799358,24.03732584763727,1.139397074847571,17.26023252670426
random_search,18,47,4800,18.37581763205193,20.781626872399908,23.382085548648714,0.9661801184194037,17.26023252670426
random_search,18,48,4900,18.378232998312527,20.677613366869956,23.53315017762062,1.0719074495525696,17.26023252670426
random_search,18,49,5000,17.72736184954957,20.975730761069943,23.343024810940587,0.965198400891688,17.26023252670426
random_search,18,50,5100,18.727566688249706,20.677162176075345,23.661901286060015,0.9491526421002374,17.26023252670426
random_search,19,0,100,18.134846922834953,20.91920213679504,23.400000000000002,1.0910004931408577,18.134846922834953
random_search,19,1,200,17.683095189484533,20.630118849314535,23.70936130717624,0.9805257843644873,17.683095189484533
random_search,19,2,300,18.512403840463595,20.746165978139647,23.49722114972099,1.0471552908468118,17.683095189484533
random_search,19,3,400,17.894427190999917,20.916174144460307,23.70936130717624,1.0424204847295593,17.683095189484533
random_search,19,4,500,18.334846922834956,20.850386853656737,23.70135110466435,1.0390994934706157,17.683095189484533
random_search,19,5,600,17.900000000000002,20.701551095423238,23.38239052790439,0.979387013416676,17.683095189484533
random_search,19,6,700,18.11980390271856,20.835050037367637,24.00238027789014,1.0211096624642289,17.683095189484533
random_search,19,7,800,18.35870331449229,20.922758591420152,23.577708763999663,1.0130106916908517,17.683095189484533
random_search,19,8,900,18.22474487139159,21.04628859457888,23.58425027803687,1.0744787409526175,17.683095189484533
random_search,19,9,1000,18.28997487421324,20.83146405297974,23.072077843177475,0.9831217270093603,17.683095189484533
random_search,19,10,1100,17.834846922834956,20.677487238424643,23.155592347112503,1.0499318612870558,17.683095189484533
random_search,19,11,1200,19.013552872566002,20.815468412871688,24.346640106136302,0.985528466370112,17.683095189484533
random_search,19,12,1300,18.870828693386972,20.85391908996845,22.75941170815567,0.8756410802202526,17.683095189484533
random_search,19,13,1400,18.260681686165903,20.736214548360444,23.237663853655725,1.079866499969626,17.683095189484533
random_search,19,14,1500,17.60554700852678,20.749957636864725,23.61283361405006,1.1981651751297369,17.60554700852678
random_search,19,15,1600,18.089897948556636,20.86163592633096,23.392492955535424,0.9798245105965729,17.60554700852678
random_search,19,16,1700,18.5,20.698027268531618,23.422649545167232,1.0532115762752476,17.60554700852678
random_search,19,17,1800,18.132455532033674,20.805328957336705,22.610589071449372,0.9282128455083047,17.60554700852678
random_search,19,18,1900,18.30384048104053,20.867923385499225,22.98328677803526,0.9845495328784648,17.60554700852678
random_search,19,19,2000,18.27979589711327,20.837251885629534,22.768288736283353,0.9298283445379,17.60554700852678
random_search,19,20,2100,18.340967364599088,21.000476520424193,22.97245829914744,0.9987338690293046,17.60554700852678
random_search,19,21,2200,18.380624847486573,20.84193445333209,22.941428291206627,1.0113345257808886,17.60554700852678
random_search,19,22,2300,18.61980390271856,20.667111080612443,23.330375285612675,0.8884075262939586,17.60554700852678
random_search,19,23,2400,18.77979589711327,20.696996473599892,22.709983388658483,0.8939872694799404,17.60554700852678
random_search,19,24,2500,17.7,20.718221252400852,22.917800560721076,0.9375392936370616,17.60554700852678
random_search,19,25,2600,18.612403840463596,20.80432478963893,23.19332590941915,0.9718242293007335,17.60554700852678
random_search,19,26,2700,18.26332495807108,20.853061853009628,23.900000000000002,1.0383351693582659,17.60554700852678
random_search,19,27,2800,18.79283882771841,20.77389954385832,23.926109321823088,1.0278614160809434,17.60554700852678
random_search,19,28,2900,17.460232526704264,20.850232166653214,23.912833614050058,1.088289391114208,17.460232526704264
random_search,19,29,3000,18.657342370508886,20.863171535114326,23.29192496674806,0.9769966341642482,17.460232526704264
random_search,19,30,3100,18.55758369027902,20.805420954467376,22.5,0.936048562420835,17.460232526704264
random_search,19,31,3200,18.397366596101026,20.9606683140835,24.002630668366308,1.0582056419063357,17.460232526704264
random_search,19,32,3300,18.3295630140987,20.871125060864347,22.982306905057555,1.069680963360578,17.460232526704264
random_search,19,33,3400,17.2,20.774847599867417,23.47624151769984,1.1413977103815305,17.2
random_search,19,34,3500,18.377032961426902,20.725371911396422,23.0563490998189,1.0723916402956024,17.2
random_search,19,35,3600,18.671779788708136,20.717687892374816,23.488689042296098,0.9788650842612633,17.2
random_search,19,36,3700,18.520465053408525,20.861088796391396,24.12883794381533,1.0504301014924777,17.2
random_search,19,37,3800,18.948331477354788,21.124922600072622,23.767491648096545,0.9875628179162624,17.2
random_search,19,38,3900,18.30384048104053,20.850744402328655,23.74165738677394,1.1291670306918544,17.2
random_search,19,39,4000,17.948331477354788,20.73746380585141,23.706404996924924,1.1698016763829782,17.2
random_search,19,40,4100,17.908304597359457,20.864354621929966,23.90312347560939,1.1082507471740795,17.2
random_search,19,41,4200,17.76023252670426,20.83204497736012,23.646916505762093,1.1255948256915815,17.2
random_search,19,42,4300,18.10554700852678,20.66301415474093,23.22928563989645,0.9909149189873042,17.2
random_search,19,43,4400,18.72736184954957,20.739010161138857,23.271085446759226,1.0388668519428539,17.2
random_search,19,44,4500,18.560107523773826,20.802271115498964,23.191366458960193,0.9546095163398681,17.2
random_search,19,45,4600,17.513552872566002,20.809286177443532,22.995943722515268,1.00778308119082,17.2
random_search,19,46,4700,18.209901951359278,20.729652760010737,23.01662062579967,1.0101188080646246,17.2
random_search,19,47,4800,18.378232998312527,20.786237011588767,23.17681974534503,0.9970993024275947,17.2
random_search,19,48,4900,18.878232998312527,20.986809723009447,23.17804971641414,1.005976896913649,17.2
random_search,19,49,5000,18.396662954709576,20.69144774275437,23.155592347112503,0.9603458834841806,17.2
random_search,19,50,5100,18.414213562373096,20.926534458863006,23.380972058177587,0.9730475466916859,17.2
