condition,seed,generation,cumulative_evals,mean_module_count,std_module_count
dynamic_constant,30,0,100,21.0,0.0
dynamic_constant,30,1,200,20.95,5.385861119635374
dynamic_constant,30,2,300,16.79,6.025437743434082
dynamic_constant,30,3,400,13.23,5.469652639793499
dynamic_constant,30,4,500,10.84,4.07852914664098
dynamic_constant,30,5,600,9.87,3.4107330590358433
dynamic_constant,30,6,700,10.6,3.1559467676119004
dynamic_constant,30,7,800,10.61,2.870174210740526
dynamic_constant,30,8,900,11.17,3.2925825729964617
dynamic_constant,30,9,1000,11.94,3.4024109099284288
dynamic_constant,30,10,1100,10.95,3.439113257803529
dynamic_constant,30,11,1200,11.46,4.389578567470914
dynamic_constant,30,12,1300,11.2,3.695943722515266
dynamic_constant,30,13,1400,12.0,3.2649655434629015
dynamic_constant,30,14,1500,11.59,3.0629887365121014
dynamic_constant,30,15,1600,11.85,2.5666125535421194
dynamic_constant,30,16,1700,11.05,3.1729323976410218
dynamic_constant,30,17,1800,11.02,2.8600000000000003
dynamic_constant,30,18,1900,11.01,2.714755974300453
dynamic_constant,30,19,2000,11.22,2.9549280871114276
dynamic_constant,30,20,2100,11.17,2.932763202169585
dynamic_constant,30,21,2200,11.32,2.6641321288554742
dynamic_constant,30,22,2300,11.54,3.281524036175875
dynamic_constant,30,23,2400,11.47,3.371809603165635
dynamic_constant,30,24,2500,11.16,2.5562472493872734
dynamic_constant,30,25,2600,11.25,3.207413287993925
dynamic_constant,30,26,2700,10.78,3.1609492245210142
dynamic_constant,30,27,2800,10.79,3.2133938445201515
dynamic_constant,30,28,2900,11.2,3.458323293158116
dynamic_constant,30,29,3000,11.33,3.7790342681695805
dynamic_constant,30,30,3100,11.9,3.459768778401239
dynamic_constant,30,31,3200,11.58,3.412271970403297
dynamic_constant,30,32,3300,11.31,3.8123352423416286
dynamic_constant,30,33,3400,10.96,3.2184468303826304
dynamic_constant,30,34,3500,11.37,3.460216756216292
dynamic_constant,30,35,3600,11.94,3.3009695545399986
dynamic_constant,30,36,3700,11.42,3.4703890271841282
dynamic_constant,30,37,3800,11.43,2.8609613768801565
dynamic_constant,30,38,3900,10.79,2.8046211865419544
dynamic_constant,30,39,4000,10.71,2.9876244743943303
dynamic_constant,30,40,4100,11.3,3.266496594212215
dynamic_constant,30,41,4200,11.45,2.8438530201119745
dynamic_constant,30,42,4300,11.82,3.2538592471095
dynamic_constant,30,43,4400,11.77,3.5912532631380927
dynamic_constant,30,44,4500,11.57,2.8293285422516767
dynamic_constant,30,45,4600,11.67,2.7241695982445733
dynamic_constant,30,46,4700,11.45,3.191786333700926
dynamic_constant,30,47,4800,11.42,3.6060504710832877
dynamic_constant,30,48,4900,10.98,3.7894062859503466
dynamic_constant,30,49,5000,11.83,3.3378286355054243
dynamic_constant,30,50,5100,11.76,3.21284920281049
dynamic_constant,30,51,5200,11.99,3.874261219897285
dynamic_constant,30,52,5300,11.77,4.413286757055335
dynamic_constant,30,53,5400,11.59,3.569579807204204
dynamic_constant,30,54,5500,11.21,2.9130568137267767
dynamic_constant,30,55,5600,11.72,3.7096630574757055
dynamic_constant,30,56,5700,11.69,3.460332353979889
dynamic_constant,30,57,5800,11.67,3.786964483593687
dynamic_constant,30,58,5900,11.73,3.635532973306664
dynamic_constant,30,59,6000,11.71,3.16004746799791
dynamic_constant,30,60,6100,11.87,3.3724027043044553
dynamic_constant,30,61,6200,12.0,2.8879058156387303
dynamic_constant,30,62,6300,11.92,2.92123261655076
dynamic_constant,30,63,6400,12.33,3.3198042110943837
dynamic_constant,30,64,6500,12.18,3.3417959243496598
dynamic_constant,30,65,6600,12.0,3.2984845004941286
dynamic_constant,30,66,6700,12.21,3.683191550815678
dynamic_constant,30,67,6800,11.97,3.6289254607941452
dynamic_constant,30,68,6900,11.94,4.0836748156531755
dynamic_constant,30,69,7000,11.54,3.8116138314367576
dynamic_constant,30,70,7100,11.6,3.6742346141747673
dynamic_constant,30,71,7200,11.66,3.9477081959030356
dynamic_constant,30,72,7300,11.46,3.795839828022252
dynamic_constant,30,73,7400,11.49,3.47417616133667
dynamic_constant,30,74,7500,11.69,3.04202235363253
dynamic_constant,30,75,7600,11.78,3.2483226440733994
dynamic_constant,30,76,7700,11.99,3.232630507806298
dynamic_constant,30,77,7800,11.76,3.547167884383258
dynamic_constant,30,78,7900,11.83,2.98011744735002
dynamic_constant,30,79,8000,11.69,2.8344135195839013
dynamic_constant,30,80,8100,11.86,3.231160782133876
dynamic_constant,30,81,8200,11.6,3.3793490497431606
dynamic_constant,30,82,8300,11.63,3.4486374120803127
dynamic_constant,30,83,8400,11.37,2.883244699986458
dynamic_constant,30,84,8500,11.39,3.3908553493182216
dynamic_constant,30,85,8600,11.67,3.4584823261077977
dynamic_constant,30,86,8700,11.9,3.4219877264537346
dynamic_constant,30,87,8800,12.01,3.116071244371669
dynamic_constant,30,88,8900,12.65,3.4011027623404733
dynamic_constant,30,89,9000,12.74,3.3003636163307823
dynamic_constant,30,90,9100,12.8,3.165438358268883
dynamic_constant,30,91,9200,12.61,3.754717033279605
dynamic_constant,30,92,9300,12.8,3.594440151122286
dynamic_constant,30,93,9400,12.27,3.2828493721156318
dynamic_constant,30,94,9500,12.21,3.2841893977053154
dynamic_constant,30,95,9600,12.41,3.030165012008422
dynamic_constant,30,96,9700,12.63,3.4019259251194756
dynamic_constant,30,97,9800,12.11,3.3701483646866355
dynamic_constant,30,98,9900,12.31,3.1581481915831624
dynamic_constant,30,99,10000,12.1,3.629049462324811
dynamic_constant,30,100,10100,11.97,3.3983966807893395
dynamic_constant,30,101,10200,11.86,3.079025819963191
dynamic_constant,30,102,10300,11.9,3.1192947920964444
dynamic_constant,30,103,10400,11.85,3.3686050525402944
dynamic_constant,30,104,10500,11.53,2.6625363847279155
dynamic_constant,30,105,10600,11.98,3.322589351695451
dynamic_constant,30,106,10700,11.84,3.509187940250565
dynamic_constant,30,107,10800,11.73,2.982800697331285
dynamic_constant,30,108,10900,12.73,3.378919945781492
dynamic_constant,30,109,11000,12.74,4.316526381246846
dynamic_constant,30,110,11100,12.09,4.069631432943283
dynamic_constant,30,111,11200,12.07,3.6667560595163677
dynamic_constant,30,112,11300,12.71,3.855632243873889
dynamic_constant,30,113,11400,12.47,3.3149811462510614
dynamic_constant,30,114,11500,12.55,2.9845435161846776
dynamic_constant,30,115,11600,12.56,3.438953329139551
dynamic_constant,30,116,11700,12.94,3.1426740206391113
dynamic_constant,30,117,11800,12.66,3.219378822071115
dynamic_constant,30,118,11900,12.68,3.24
dynamic_constant,30,119,12000,12.06,3.1648696655628648
dynamic_constant,30,120,12100,12.43,3.47636304203114
dynamic_constant,30,121,12200,12.72,3.594662710185755
dynamic_constant,30,122,12300,12.77,4.185343474554986
dynamic_constant,30,123,12400,12.13,3.4077998767533284
dynamic_constant,30,124,12500,12.21,3.4301457694972672
dynamic_constant,30,125,12600,12.2,3.8052595180880897
dynamic_constant,30,126,12700,12.05,3.0475399915341552
dynamic_constant,30,127,12800,11.97,3.2201086938176484
dynamic_constant,30,128,12900,11.54,3.539547993741574
dynamic_constant,30,129,13000,11.65,3.044256887977754
dynamic_constant,30,130,13100,11.45,2.8926631328241457
dynamic_constant,30,131,13200,12.3,3.2695565448543635
dynamic_constant,30,132,13300,12.14,3.5128905476829186
dynamic_constant,30,133,13400,12.11,3.619102098587438
dynamic_constant,30,134,13500,11.94,3.7411762856085784
dynamic_constant,30,135,13600,11.58,3.191175332068108
dynamic_constant,30,136,13700,11.36,3.2818287584820753
dynamic_constant,30,137,13800,12.01,3.4365535060580683
dynamic_constant,30,138,13900,11.74,3.1324750597570605
dynamic_constant,30,139,14000,12.0,3.0659419433511785
dynamic_constant,30,140,14100,12.07,2.888788673475441
dynamic_constant,30,141,14200,12.32,3.328302870833723
dynamic_constant,30,142,14300,12.19,3.523336486911235
dynamic_constant,30,143,14400,12.18,3.4536357653927547
dynamic_constant,30,144,14500,11.85,3.0277879714405365
dynamic_constant,30,145,14600,12.09,2.9735332518739392
dynamic_constant,30,146,14700,12.05,3.1412577098990146
dynamic_constant,30,147,14800,11.79,3.2780939583849635
dynamic_constant,30,148,14900,12.07,3.3083379512982045
dynamic_constant,30,149,15000,12.04,3.627450895601483
dynamic_constant,30,150,15100,12.11,3.6356429967751236
dynamic_constant,31,0,100,21.0,0.0
dynamic_constant,31,1,200,20.83,4.868377553148482
dynamic_constant,31,2,300,16.49,4.542014971353574
dynamic_constant,31,3,400,12.9,4.477722635447622
dynamic_constant,31,4,500,11.52,3.6372517097390995
dynamic_constant,31,5,600,11.39,3.859779786464508
dynamic_constant,31,6,700,10.84,3.687058448139926
dynamic_constant,31,7,800,10.02,2.873951982897418
dynamic_constant,31,8,900,10.06,2.7597826001335686
dynamic_constant,31,9,1000,10.53,3.7268082859197356
dynamic_constant,31,10,1100,10.45,3.089902911096075
dynamic_constant,31,11,1200,10.3,3.0413812651491097
dynamic_constant,31,12,1300,10.2,2.7422618401604177
dynamic_constant,31,13,1400,10.48,2.6962195756280685
dynamic_constant,31,14,1500,10.82,3.1124909638423053
dynamic_constant,31,15,1600,11.4,2.5495097567963922
dynamic_constant,31,16,1700,11.35,3.48532638356869
dynamic_constant,31,17,1800,11.31,3.534671130388229
dynamic_constant,31,18,1900,11.58,3.265516804427746
dynamic_constant,31,19,2000,11.39,2.880607574800844
dynamic_constant,31,20,2100,11.81,3.5431483175277885
dynamic_constant,31,21,2200,11.83,3.328828622804124
dynamic_constant,31,22,2300,12.06,3.6105955187475653
dynamic_constant,31,23,2400,12.35,3.6038174204584776
dynamic_constant,31,24,2500,12.14,3.1875382350647965
dynamic_constant,31,25,2600,11.88,3.1536645351083243
dynamic_constant,31,26,2700,11.91,3.382587766784478
dynamic_constant,31,27,2800,11.88,3.5812846856959024
dynamic_constant,31,28,2900,11.86,3.5128905476829186
dynamic_constant,31,29,3000,11.6,3.2093613071762426
dynamic_constant,31,30,3100,11.52,4.153263776838644
dynamic_constant,31,31,3200,11.55,4.055551750378733
dynamic_constant,31,32,3300,11.18,3.112490963842305
dynamic_constant,31,33,3400,11.15,3.5843409436045564
dynamic_constant,31,34,3500,11.33,2.8672460654781617
dynamic_constant,31,35,3600,11.32,3.1044484212175276
dynamic_constant,31,36,3700,11.48,3.482757528166439
dynamic_constant,31,37,3800,11.52,3.1160231064611827
dynamic_constant,31,38,3900,11.41,3.4061561913687988
dynamic_constant,31,39,4000,11.25,3.1949178393191895
dynamic_constant,31,40,4100,11.61,3.2523683678205946
dynamic_constant,31,41,4200,11.82,2.8683793333518497
dynamic_constant,31,42,4300,11.76,2.3328951969602056
dynamic_constant,31,43,4400,11.94,2.9251324756325143
dynamic_constant,31,44,4500,12.28,3.367729205265768
dynamic_constant,31,45,4600,12.42,3.33820310945874
dynamic_constant,31,46,4700,12.12,3.4936513850125346
dynamic_constant,31,47,4800,12.23,2.9218316173249956
dynamic_constant,31,48,4900,12.29,3.1852629404807384
dynamic_constant,31,49,5000,12.56,3.547731669672891
dynamic_constant,31,50,5100,12.27,3.0161399171789096
dynamic_constant,31,51,5200,12.14,3.3912239678322638
dynamic_constant,31,52,5300,11.87,2.903980027479528
dynamic_constant,31,53,5400,12.44,3.1410826159144554
dynamic_constant,31,54,5500,12.09,2.996981815093311
dynamic_constant,31,55,5600,12.3,2.8407745422683583
dynamic_constant,31,56,5700,12.7,3.5425979167836705
dynamic_constant,31,57,5800,12.43,3.3741813822022078
dynamic_constant,31,58,5900,12.2,2.870540018881465
dynamic_constant,31,59,6000,12.26,3.4047613719613303
dynamic_constant,31,60,6100,12.12,3.296300957133617
dynamic_constant,31,61,6200,12.09,4.047455991113431
dynamic_constant,31,62,6300,12.3,3.354101966249685
dynamic_constant,31,63,6400,12.68,4.381506590203876
dynamic_constant,31,64,6500,11.93,3.0895145249699025
dynamic_constant,31,65,6600,11.29,2.864594212100555
dynamic_constant,31,66,6700,11.44,2.9268413007882748
dynamic_constant,31,67,6800,11.24,2.7572450018088706
dynamic_constant,31,68,6900,11.68,2.788834882168538
dynamic_constant,31,69,7000,12.14,2.6230516578977245
dynamic_constant,31,70,7100,12.16,2.7810789273229912
dynamic_constant,31,71,7200,11.9,3.2109188716004646
dynamic_constant,31,72,7300,12.08,2.893717332428999
dynamic_constant,31,73,7400,11.98,3.0626132632116647
dynamic_constant,31,74,7500,11.98,3.20618152948332
dynamic_constant,31,75,7600,11.94,3.2644141894067307
dynamic_constant,31,76,7700,12.22,3.2850570771297107
dynamic_constant,31,77,7800,11.63,2.8901730052022834
dynamic_constant,31,78,7900,11.67,3.026730909744042
dynamic_constant,31,79,8000,11.6,3.1432467291003423
dynamic_constant,31,80,8100,11.36,2.574956310308973
dynamic_constant,31,81,8200,11.21,2.714019159843939
dynamic_constant,31,82,8300,11.25,3.3686050525402944
dynamic_constant,31,83,8400,11.27,2.7707580190265624
dynamic_constant,31,84,8500,11.48,2.523806648695577
dynamic_constant,31,85,8600,11.65,2.7179955849853767
dynamic_constant,31,86,8700,11.77,3.428862785239444
dynamic_constant,31,87,8800,11.84,2.827437001950707
dynamic_constant,31,88,8900,11.48,3.0015995735607373
dynamic_constant,31,89,9000,11.33,2.690929207541514
dynamic_constant,31,90,9100,11.34,2.7539789396435115
dynamic_constant,31,91,9200,11.03,2.7584597151308916
dynamic_constant,31,92,9300,11.07,2.7101844955648318
dynamic_constant,31,93,9400,11.56,3.0506392772663236
dynamic_constant,31,94,9500,11.21,3.1090030556434005
dynamic_constant,31,95,9600,11.48,2.9882436312991616
dynamic_constant,31,96,9700,11.43,2.825791924399247
dynamic_constant,31,97,9800,11.06,2.690055761503839
dynamic_constant,31,98,9900,10.75,2.7617928959282954
dynamic_constant,31,99,10000,10.82,1.9615300150647708
dynamic_constant,31,100,10100,10.85,2.414021540914662
dynamic_constant,31,101,10200,11.08,1.874459922217597
dynamic_constant,31,102,10300,11.17,2.2673993913732975
dynamic_constant,31,103,10400,11.24,2.8394365638274084
dynamic_constant,31,104,10500,11.09,2.800339265160563
dynamic_constant,31,105,10600,11.09,2.716965218768912
dynamic_constant,31,106,10700,11.23,2.461117632296352
dynamic_constant,31,107,10800,11.14,2.3749526311065656
dynamic_constant,31,108,10900,11.29,2.367678187592224
dynamic_constant,31,109,11000,11.16,2.3096320053203283
dynamic_constant,31,110,11100,11.54,2.6885683922861254
dynamic_constant,31,111,11200,11.11,2.999649979580951
dynamic_constant,31,112,11300,11.61,3.282971215225622
dynamic_constant,31,113,11400,11.34,3.3711125759903067
dynamic_constant,31,114,11500,11.5,2.8687976575562106
dynamic_constant,31,115,11600,11.65,3.3087006513131403
dynamic_constant,31,116,11700,11.76,3.3049054449408994
dynamic_constant,31,117,11800,11.56,2.8189359694750076
dynamic_constant,31,118,11900,11.39,3.387904957344583
dynamic_constant,31,119,12000,11.68,3.591322876044425
dynamic_constant,31,120,12100,11.37,2.951796063416306
dynamic_constant,31,121,12200,11.52,2.55530820058951
dynamic_constant,31,122,12300,11.67,3.0791394901822815
dynamic_constant,31,123,12400,11.85,3.141257709899014
dynamic_constant,31,124,12500,11.76,3.172128622865094
dynamic_constant,31,125,12600,12.21,3.296346462373153
dynamic_constant,31,126,12700,12.38,3.7249966442937903
dynamic_constant,31,127,12800,11.92,3.4660640501871858
dynamic_constant,31,128,12900,12.21,3.6913276744282673
dynamic_constant,31,129,13000,11.65,3.37749907475931
dynamic_constant,31,130,13100,12.01,3.380813511567889
dynamic_constant,31,131,13200,11.87,3.312566980454886
dynamic_constant,31,132,13300,11.83,3.203295178406136
dynamic_constant,31,133,13400,12.1,3.257299494980466
dynamic_constant,31,134,13500,12.32,3.610761692496474
dynamic_constant,31,135,13600,11.94,3.651903613185868
dynamic_constant,31,136,13700,11.47,3.615121021487386
dynamic_constant,31,137,13800,11.36,2.954725029507822
dynamic_constant,31,138,13900,11.2,3.2155870381627056
dynamic_constant,31,139,14000,11.64,3.2047464798326875
dynamic_constant,31,140,14100,11.12,2.9539126595077247
dynamic_constant,31,141,14200,11.17,2.416836775622218
dynamic_constant,31,142,14300,11.2,2.7276363393971708
dynamic_constant,31,143,14400,11.5,2.9782545223670858
dynamic_constant,31,144,14500,11.59,3.190908961408959
dynamic_constant,31,145,14600,11.55,3.1603006186120965
dynamic_constant,31,146,14700,11.56,2.5468411807570566
dynamic_constant,31,147,14800,11.46,3.0835693603355185
dynamic_constant,31,148,14900,11.52,3.0934770081576493
dynamic_constant,31,149,15000,11.89,3.19967185817546
dynamic_constant,31,150,15100,11.97,3.0674256307203276
dynamic_constant,32,0,100,21.0,0.0
dynamic_constant,32,1,200,20.74,4.4757569192260656
dynamic_constant,32,2,300,17.81,5.8833578847457515
dynamic_constant,32,3,400,14.8,5.779273310719955
dynamic_constant,32,4,500,11.6,4.1856899072912706
dynamic_constant,32,5,600,10.63,3.8539719770647007
dynamic_constant,32,6,700,10.45,2.9338541204361204
dynamic_constant,32,7,800,10.73,3.155487284081494
dynamic_constant,32,8,900,11.26,3.4687749999099107
dynamic_constant,32,9,1000,11.57,4.072480816406629
dynamic_constant,32,10,1100,11.69,3.540324843852609
dynamic_constant,32,11,1200,11.61,3.849402551046071
dynamic_constant,32,12,1300,11.23,3.6162273158638683
dynamic_constant,32,13,1400,11.07,2.775806189199815
dynamic_constant,32,14,1500,10.77,2.7599094188034505
dynamic_constant,32,15,1600,10.93,3.3771437635966874
dynamic_constant,32,16,1700,11.18,3.7266070358973993
dynamic_constant,32,17,1800,11.18,3.4274772063428807
dynamic_constant,32,18,1900,10.41,3.682648503455088
dynamic_constant,32,19,2000,10.94,3.0226478458464197
dynamic_constant,32,20,2100,11.08,2.6895352758422786
dynamic_constant,32,21,2200,10.61,2.7672910941930193
dynamic_constant,32,22,2300,10.81,3.0616825439617346
dynamic_constant,32,23,2400,10.9,2.8687976575562106
dynamic_constant,32,24,2500,10.95,3.350746185553301
dynamic_constant,32,25,2600,12.07,2.892248260436853
dynamic_constant,32,26,2700,12.01,3.3867240808781576
dynamic_constant,32,27,2800,11.71,3.332551574994752
dynamic_constant,32,28,2900,11.67,3.0101661083734235
dynamic_constant,32,29,3000,11.47,2.886018017961773
dynamic_constant,32,30,3100,11.9,3.2171415884290826
dynamic_constant,32,31,3200,11.68,2.7345200675804158
dynamic_constant,32,32,3300,11.85,3.493923296238772
dynamic_constant,32,33,3400,11.51,3.087053611455428
dynamic_constant,32,34,3500,11.82,3.1285140242613583
dynamic_constant,32,35,3600,11.45,3.1792294663959066
dynamic_constant,32,36,3700,11.39,3.2027956537999738
dynamic_constant,32,37,3800,12.11,3.4202192912151115
dynamic_constant,32,38,3900,12.34,3.597832680934454
dynamic_constant,32,39,4000,12.41,3.1467284598452405
dynamic_constant,32,40,4100,12.55,3.6010415160061684
dynamic_constant,32,41,4200,12.72,2.9701178427799797
dynamic_constant,32,42,4300,12.8,3.7094473981982823
dynamic_constant,32,43,4400,12.72,3.3258983748755764
dynamic_constant,32,44,4500,12.84,3.6951860575619193
dynamic_constant,32,45,4600,11.76,3.452882853500825
dynamic_constant,32,46,4700,12.1,2.9748949561287037
dynamic_constant,32,47,4800,11.95,3.9430318284284747
dynamic_constant,32,48,4900,11.67,2.720496278255127
dynamic_constant,32,49,5000,11.65,3.465183977799736
dynamic_constant,32,50,5100,11.73,3.9795854055416373
dynamic_constant,32,51,5200,11.49,3.6537514967496083
dynamic_constant,32,52,5300,11.16,3.0223169919781743
dynamic_constant,32,53,5400,11.29,3.2351043259839396
dynamic_constant,32,54,5500,11.68,3.0622867272677134
dynamic_constant,32,55,5600,11.54,3.1445826432135635
dynamic_constant,32,56,5700,11.43,3.5021564785143453
dynamic_constant,32,57,5800,11.72,2.867333255831976
dynamic_constant,32,58,5900,11.47,2.233629333618271
dynamic_constant,32,59,6000,11.58,2.8850649906024644
dynamic_constant,32,60,6100,12.05,3.442019755899144
dynamic_constant,32,61,6200,12.0,3.3015148038438356
dynamic_constant,32,62,6300,11.9,3.383784863137726
dynamic_constant,32,63,6400,12.14,2.976642403783162
dynamic_constant,32,64,6500,12.53,3.2355988626527856
dynamic_constant,32,65,6600,12.71,3.6035954267925256
dynamic_constant,32,66,6700,13.25,3.960744879438715
dynamic_constant,32,67,6800,13.3,3.7828560638755477
dynamic_constant,32,68,6900,12.99,4.16291964851593
dynamic_constant,32,69,7000,12.91,3.868061530017329
dynamic_constant,32,70,7100,12.89,3.5997083215171757
dynamic_constant,32,71,7200,12.1,3.3926390907374753
dynamic_constant,32,72,7300,12.4,3.059411708155671
dynamic_constant,32,73,7400,12.62,3.6077139576191453
dynamic_constant,32,74,7500,12.17,3.4872768745828027
dynamic_constant,32,75,7600,12.01,2.816007812489163
dynamic_constant,32,76,7700,12.04,3.212226642066216
dynamic_constant,32,77,7800,11.8,3.2954514106568165
dynamic_constant,32,78,7900,12.6,3.4957116585897072
dynamic_constant,32,79,8000,12.51,3.686448155067422
dynamic_constant,32,80,8100,12.42,3.7634558586490687
dynamic_constant,32,81,8200,12.49,3.528441582341983
dynamic_constant,32,82,8300,12.65,3.511053972812153
dynamic_constant,32,83,8400,12.34,3.2286839424136886
dynamic_constant,32,84,8500,13.07,3.163083938184379
dynamic_constant,32,85,8600,12.92,3.2914434523473126
dynamic_constant,32,86,8700,12.96,3.906200199682551
dynamic_constant,32,87,8800,13.45,3.669809259348502
dynamic_constant,32,88,8900,13.19,3.2914890247424498
dynamic_constant,32,89,9000,12.59,2.584937136566381
dynamic_constant,32,90,9100,12.74,3.151571036800535
dynamic_constant,32,91,9200,12.92,3.511922550398855
dynamic_constant,32,92,9300,13.07,3.4648376585346674
dynamic_constant,32,93,9400,12.81,3.372521312015685
dynamic_constant,32,94,9500,12.82,3.798368070632439
dynamic_constant,32,95,9600,12.54,3.4595375413485545
dynamic_constant,32,96,9700,12.32,3.049196615503828
dynamic_constant,32,97,9800,12.64,2.991721912210424
dynamic_constant,32,98,9900,12.65,3.2874762356555527
dynamic_constant,32,99,10000,12.88,3.274996183203883
dynamic_constant,32,100,10100,13.15,2.8368115905008566
dynamic_constant,32,101,10200,13.1,3.6999999999999997
dynamic_constant,32,102,10300,13.05,3.453621287865825
dynamic_constant,32,103,10400,12.66,3.2533674861595334
dynamic_constant,32,104,10500,12.79,3.409677404095584
dynamic_constant,32,105,10600,12.62,3.780952261005156
dynamic_constant,32,106,10700,12.46,3.272369172327597
dynamic_constant,32,107,10800,12.87,3.830548263630156
dynamic_constant,32,108,10900,13.06,3.7571797934088815
dynamic_constant,32,109,11000,12.72,3.924487227651531
dynamic_constant,32,110,11100,12.17,3.39721945125716
dynamic_constant,32,111,11200,12.24,3.24382490279608
dynamic_constant,32,112,11300,12.2,3.307567081708246
dynamic_constant,32,113,11400,12.56,3.7744403558673443
dynamic_constant,32,114,11500,12.3,2.964793416074719
dynamic_constant,32,115,11600,12.18,2.9270462927668226
dynamic_constant,32,116,11700,12.14,3.3015753815413635
dynamic_constant,32,117,11800,11.97,3.060898560880448
dynamic_constant,32,118,11900,12.02,3.117627302934076
dynamic_constant,32,119,12000,12.65,3.516745654721138
dynamic_constant,32,120,12100,12.37,3.4253612948125634
dynamic_constant,32,121,12200,12.64,2.7875437216302092
dynamic_constant,32,122,12300,12.79,3.259739253375951
dynamic_constant,32,123,12400,12.29,3.1346291646700415
dynamic_constant,32,124,12500,12.63,3.8148525528518133
dynamic_constant,32,125,12600,12.06,4.161297874461765
dynamic_constant,32,126,12700,11.95,3.6121323342314025
dynamic_constant,32,127,12800,11.98,3.2433932848176155
dynamic_constant,32,128,12900,12.3,3.817066936798463
dynamic_constant,32,129,13000,12.18,3.6397252643571876
dynamic_constant,32,130,13100,12.0,3.2680269276736382
dynamic_constant,32,131,13200,11.97,3.7906595732141395
dynamic_constant,32,132,13300,12.17,3.5890249372218075
dynamic_constant,32,133,13400,12.15,3.7185346576306104
dynamic_constant,32,134,13500,12.08,3.7274119707915303
dynamic_constant,32,135,13600,12.4,3.5832945734337835
dynamic_constant,32,136,13700,12.07,3.397808117007198
dynamic_constant,32,137,13800,12.57,3.800670993390509
dynamic_constant,32,138,13900,12.37,3.369436154611035
dynamic_constant,32,139,14000,12.27,3.8648544603904558
dynamic_constant,32,140,14100,12.05,3.606591188366101
dynamic_constant,32,141,14200,11.23,3.0128225968350675
dynamic_constant,32,142,14300,12.06,3.1680277776559977
dynamic_constant,32,143,14400,12.15,3.782525611281436
dynamic_constant,32,144,14500,12.63,3.7085172239049937
dynamic_constant,32,145,14600,12.35,3.488194375317981
dynamic_constant,32,146,14700,12.36,3.7189245757342264
dynamic_constant,32,147,14800,13.04,3.5324778838656585
dynamic_constant,32,148,14900,13.04,3.1270433319671156
dynamic_constant,32,149,15000,12.86,3.3166850920761224
dynamic_constant,32,150,15100,12.47,4.023568068269754
dynamic_constant,33,0,100,21.0,0.0
dynamic_constant,33,1,200,20.66,5.130730942078331
dynamic_constant,33,2,300,16.55,6.3219854476264015
dynamic_constant,33,3,400,11.82,5.7799307954334544
dynamic_constant,33,4,500,9.54,3.8481683954837527
dynamic_constant,33,5,600,9.92,3.5712182795231096
dynamic_constant,33,6,700,10.35,3.070423423568808
dynamic_constant,33,7,800,10.86,3.108118401863095
dynamic_constant,33,8,900,11.11,2.9996499795809513
dynamic_constant,33,9,1000,11.48,2.9815432245734756
dynamic_constant,33,10,1100,11.47,2.840616130349189
dynamic_constant,33,11,1200,11.68,3.1076679359288053
dynamic_constant,33,12,1300,12.09,3.01029898847274
dynamic_constant,33,13,1400,11.78,3.4192981736022965
dynamic_constant,33,14,1500,11.83,3.193916091571599
dynamic_constant,33,15,1600,11.86,2.9833538174343315
dynamic_constant,33,16,1700,11.88,2.902688409044278
dynamic_constant,33,17,1800,12.14,2.7568822970885063
dynamic_constant,33,18,1900,12.89,3.0721165342480092
dynamic_constant,33,19,2000,12.61,3.449333268908645
dynamic_constant,33,20,2100,12.15,2.9201883500897674
dynamic_constant,33,21,2200,11.65,2.7545417041678637
dynamic_constant,33,22,2300,11.84,2.9145153971114994
dynamic_constant,33,23,2400,11.73,2.9388943499214117
dynamic_constant,33,24,2500,11.92,3.294480232145884
dynamic_constant,33,25,2600,11.76,2.8883213117657114
dynamic_constant,33,26,2700,12.09,3.066251783529852
dynamic_constant,33,27,2800,12.09,3.1846349869333537
dynamic_constant,33,28,2900,11.65,3.2569157188972513
dynamic_constant,33,29,3000,11.7,2.9949958263743874
dynamic_constant,33,30,3100,11.57,3.1662438314191785
dynamic_constant,33,31,3200,11.55,3.1823733281939126
dynamic_constant,33,32,3300,11.73,2.8630578059131118
dynamic_constant,33,33,3400,11.59,2.746251991351121
dynamic_constant,33,34,3500,11.95,2.5937424698685874
dynamic_constant,33,35,3600,12.05,2.8262165522125158
dynamic_constant,33,36,3700,11.95,2.628212320190285
dynamic_constant,33,37,3800,12.14,2.6192365299834988
dynamic_constant,33,38,3900,12.33,2.884631692261596
dynamic_constant,33,39,4000,12.35,2.9542342493444895
dynamic_constant,33,40,4100,12.6,3.2832910318764004
dynamic_constant,33,41,4200,12.67,3.4497970954825727
dynamic_constant,33,42,4300,12.64,4.026214102603089
dynamic_constant,33,43,4400,12.19,3.8488829548324794
dynamic_constant,33,44,4500,11.83,3.0985641836179543
dynamic_constant,33,45,4600,12.1,3.1921779399024737
dynamic_constant,33,46,4700,12.17,2.8532612919254348
dynamic_constant,33,47,4800,11.98,3.2186332503098267
dynamic_constant,33,48,4900,11.98,2.9461160873258203
dynamic_constant,33,49,5000,12.27,3.2306500893782975
dynamic_constant,33,50,5100,11.72,3.04985245544764
dynamic_constant,33,51,5200,12.25,3.266113898810022
dynamic_constant,33,52,5300,12.31,2.7557031770493716
dynamic_constant,33,53,5400,11.96,2.9186298155127517
dynamic_constant,33,54,5500,12.19,2.8694773043186803
dynamic_constant,33,55,5600,12.06,3.0060605449657865
dynamic_constant,33,56,5700,11.83,3.2126468838015794
dynamic_constant,33,57,5800,11.87,3.0713352145280397
dynamic_constant,33,58,5900,11.86,2.963173973967779
dynamic_constant,33,59,6000,11.93,3.271864911636787
dynamic_constant,33,60,6100,11.86,2.953032339816142
dynamic_constant,33,61,6200,11.75,3.089902911096075
dynamic_constant,33,62,6300,11.19,2.968821314932915
dynamic_constant,33,63,6400,11.6,3.1717503054307414
dynamic_constant,33,64,6500,11.81,3.3187196326294273
dynamic_constant,33,65,6600,11.31,2.9247051133404884
dynamic_constant,33,66,6700,11.41,2.5694162761218737
dynamic_constant,33,67,6800,11.56,2.811832142927454
dynamic_constant,33,68,6900,12.15,3.326785235027954
dynamic_constant,33,69,7000,12.3,2.924038303442689
dynamic_constant,33,70,7100,12.13,3.25777531453598
dynamic_constant,33,71,7200,11.95,2.6471682983898095
dynamic_constant,33,72,7300,12.16,2.7989998213647675
dynamic_constant,33,73,7400,11.78,3.1034819155264946
dynamic_constant,33,74,7500,11.53,2.944333540888328
dynamic_constant,33,75,7600,11.43,2.6916723426152744
dynamic_constant,33,76,7700,11.54,2.9611484258645326
dynamic_constant,33,77,7800,11.87,3.884983912450604
dynamic_constant,33,78,7900,11.8,3.1272991542223783
dynamic_constant,33,79,8000,11.68,2.7198529372008333
dynamic_constant,33,80,8100,11.73,3.05239250424974
dynamic_constant,33,81,8200,11.93,3.2039194746435187
dynamic_constant,33,82,8300,11.4,2.90516780926679
dynamic_constant,33,83,8400,11.24,2.6725268941584104
dynamic_constant,33,84,8500,11.37,3.378327988813401
dynamic_constant,33,85,8600,11.79,3.169526778558591
dynamic_constant,33,86,8700,11.67,3.4930073003072866
dynamic_constant,33,87,8800,12.15,2.654712790491657
dynamic_constant,33,88,8900,12.08,2.6671332925071445
dynamic_constant,33,89,9000,12.39,3.5549824190845163
dynamic_constant,33,90,9100,12.08,2.992256673482407
dynamic_constant,33,91,9200,11.34,2.87130632291297
dynamic_constant,33,92,9300,11.62,2.730494460715861
dynamic_constant,33,93,9400,11.69,3.116713012133135
dynamic_constant,33,94,9500,11.4,2.973213749463701
dynamic_constant,33,95,9600,11.66,2.850333313842435
dynamic_constant,33,96,9700,11.87,3.038601652076165
dynamic_constant,33,97,9800,11.6,2.7784887978899606
dynamic_constant,33,98,9900,11.7,2.9376861643136762
dynamic_constant,33,99,10000,11.65,3.4303789878087816
dynamic_constant,33,100,10100,11.38,3.258158989368076
dynamic_constant,33,101,10200,11.53,2.703534723283576
dynamic_constant,33,102,10300,11.43,2.27268563598224
dynamic_constant,33,103,10400,11.8,2.9832867780352594
dynamic_constant,33,104,10500,11.9,3.0315012782448236
dynamic_constant,33,105,10600,12.09,3.016935531296617
dynamic_constant,33,106,10700,11.76,2.742699400225989
dynamic_constant,33,107,10800,11.81,2.955317241854079
dynamic_constant,33,108,10900,11.18,2.7253623612283193
dynamic_constant,33,109,11000,11.55,2.903015673398957
dynamic_constant,33,110,11100,11.52,3.266435365960882
dynamic_constant,33,111,11200,11.43,3.0372849718128196
dynamic_constant,33,112,11300,11.22,3.582122275969931
dynamic_constant,33,113,11400,11.23,2.727104691793111
dynamic_constant,33,114,11500,11.76,3.23765347126588
dynamic_constant,33,115,11600,11.83,3.0201158918160735
dynamic_constant,33,116,11700,11.97,2.833566657059615
dynamic_constant,33,117,11800,12.05,3.0736785778607367
dynamic_constant,33,118,11900,11.49,2.8826897162199057
dynamic_constant,33,119,12000,11.87,2.9450127334189915
dynamic_constant,33,120,12100,11.4,2.9698484809834995
dynamic_constant,33,121,12200,11.01,2.851297950057132
dynamic_constant,33,122,12300,11.07,2.7431915718739006
dynamic_constant,33,123,12400,10.66,2.2055384830013733
dynamic_constant,33,124,12500,11.13,2.373415260758218
dynamic_constant,33,125,12600,11.41,2.498379474779602
dynamic_constant,33,126,12700,11.35,2.9236107812087435
dynamic_constant,33,127,12800,11.15,2.5470571253900056
dynamic_constant,33,128,12900,11.41,2.8287629805270003
dynamic_constant,33,129,13000,11.0,2.9563490998188966
dynamic_constant,33,130,13100,11.14,3.0133702062640757
dynamic_constant,33,131,13200,10.64,2.0953281365934067
dynamic_constant,33,132,13300,10.31,2.648376861400205
dynamic_constant,33,133,13400,10.52,2.590289559103383
dynamic_constant,33,134,13500,10.77,2.8525602535266454
dynamic_constant,33,135,13600,10.82,2.6995555189697433
dynamic_constant,33,136,13700,11.11,2.344760115662155
dynamic_constant,33,137,13800,11.62,2.820567318820808
dynamic_constant,33,138,13900,10.86,2.9394557319340597
dynamic_constant,33,139,14000,10.6,2.8879058156387303
dynamic_constant,33,140,14100,10.62,2.394911271842863
dynamic_constant,33,141,14200,10.53,2.808754172226541
dynamic_constant,33,142,14300,10.89,2.918544157623797
dynamic_constant,33,143,14400,11.35,2.8857408061016154
dynamic_constant,33,144,14500,11.02,2.4412291985800922
dynamic_constant,33,145,14600,11.05,2.8926631328241457
dynamic_constant,33,146,14700,11.01,2.4718211909440373
dynamic_constant,33,147,14800,10.87,3.018791148787872
dynamic_constant,33,148,14900,10.61,3.052523546182732
dynamic_constant,33,149,15000,10.52,2.7257292602164287
dynamic_constant,33,150,15100,11.09,2.619522857315813
dynamic_constant,34,0,100,21.0,0.0
dynamic_constant,34,1,200,20.95,4.9585784253150615
dynamic_constant,34,2,300,16.78,4.502399360341106
dynamic_constant,34,3,400,13.7,5.354437412091022
dynamic_constant,34,4,500,11.1,3.640054944640259
dynamic_constant,34,5,600,9.78,2.700296280040396
dynamic_constant,34,6,700,9.76,2.4662522174343806
dynamic_constant,34,7,800,9.65,2.7472713735632306
dynamic_constant,34,8,900,9.55,2.628212320190285
dynamic_constant,34,9,1000,9.69,2.4927695441015
dynamic_constant,34,10,1100,10.12,2.9909195910288195
dynamic_constant,34,11,1200,10.14,2.8914356295791888
dynamic_constant,34,12,1300,10.76,2.771714270988263
dynamic_constant,34,13,1400,10.58,2.804211119013688
dynamic_constant,34,14,1500,10.39,2.6111108747044813
dynamic_constant,34,15,1600,10.23,2.859562903662026
dynamic_constant,34,16,1700,9.88,2.25512749085279
dynamic_constant,34,17,1800,10.36,2.714848062046935
dynamic_constant,34,18,1900,10.0,2.23159136044214
dynamic_constant,34,19,2000,10.25,2.732672684387942
dynamic_constant,34,20,2100,10.78,2.9413602295536667
dynamic_constant,34,21,2200,11.01,3.5142424503724836
dynamic_constant,34,22,2300,10.8,2.727636339397171
dynamic_constant,34,23,2400,10.98,2.898206341860427
dynamic_constant,34,24,2500,10.91,2.549882350227163
dynamic_constant,34,25,2600,10.92,2.91094486378564
dynamic_constant,34,26,2700,10.93,3.0207780454710673
dynamic_constant,34,27,2800,11.12,2.2946895214821548
dynamic_constant,34,28,2900,11.18,3.001266399372105
dynamic_constant,34,29,3000,11.43,2.695384944678589
dynamic_constant,34,30,3100,11.66,3.037169735131706
dynamic_constant,34,31,3200,11.33,3.121073533257427
dynamic_constant,34,32,3300,10.76,2.929573347776089
dynamic_constant,34,33,3400,10.91,2.8252256547044166
dynamic_constant,34,34,3500,11.27,3.1681382545589765
dynamic_constant,34,35,3600,11.83,3.4526945998741327
dynamic_constant,34,36,3700,11.56,3.0243015722642475
dynamic_constant,34,37,3800,11.11,2.374426246485664
dynamic_constant,34,38,3900,10.61,2.614937857770238
dynamic_constant,34,39,4000,10.45,2.3124662159694354
dynamic_constant,34,40,4100,10.35,2.984543516184678
dynamic_constant,34,41,4200,10.38,2.2793858822059945
dynamic_constant,34,42,4300,10.21,2.5506665795434733
dynamic_constant,34,43,4400,10.1,2.463736998950984
dynamic_constant,34,44,4500,10.14,2.4042462436281355
dynamic_constant,34,45,4600,10.63,2.809466141458195
dynamic_constant,34,46,4700,10.43,2.277081465385022
dynamic_constant,34,47,4800,10.28,2.3878023368779924
dynamic_constant,34,48,4900,10.54,2.2821919288263204
dynamic_constant,34,49,5000,10.29,2.624099845661365
dynamic_constant,34,50,5100,9.93,2.6009805843181533
dynamic_constant,34,51,5200,10.05,2.8753260684659754
dynamic_constant,34,52,5300,10.58,3.1438193332314754
dynamic_constant,34,53,5400,10.4,2.553429066960741
dynamic_constant,34,54,5500,10.46,2.1185844330590182
dynamic_constant,34,55,5600,10.54,2.1280037593951757
dynamic_constant,34,56,5700,10.65,2.4305349205473266
dynamic_constant,34,57,5800,10.62,2.505114767830009
dynamic_constant,34,58,5900,10.52,2.5979992301769452
dynamic_constant,34,59,6000,10.83,2.3624351842960687
dynamic_constant,34,60,6100,10.45,2.5273503912200224
dynamic_constant,34,61,6200,10.37,2.5793603858321155
dynamic_constant,34,62,6300,10.46,2.15137165547936
dynamic_constant,34,63,6400,10.67,2.0690819220127556
dynamic_constant,34,64,6500,10.48,1.972206885699368
dynamic_constant,34,65,6600,10.42,2.4502244795120305
dynamic_constant,34,66,6700,10.55,2.5975950415721076
dynamic_constant,34,67,6800,10.52,2.2202702538204666
dynamic_constant,34,68,6900,10.62,2.4032478024540036
dynamic_constant,34,69,7000,10.4,2.1071307505705477
dynamic_constant,34,70,7100,10.33,2.231837807727076
dynamic_constant,34,71,7200,10.08,2.4604064704840947
dynamic_constant,34,72,7300,10.16,2.1850400453996257
dynamic_constant,34,73,7400,10.35,2.1418449990603894
dynamic_constant,34,74,7500,10.31,2.335358644833808
dynamic_constant,34,75,7600,10.39,2.1442714380413688
dynamic_constant,34,76,7700,10.32,2.357456256221947
dynamic_constant,34,77,7800,10.24,2.387969849055888
dynamic_constant,34,78,7900,10.12,2.585652722234755
dynamic_constant,34,79,8000,10.08,2.138597671372528
dynamic_constant,34,80,8100,10.07,2.214746035101993
dynamic_constant,34,81,8200,10.19,2.5872572349884346
dynamic_constant,34,82,8300,10.24,2.117167919651155
dynamic_constant,34,83,8400,10.72,2.518253362948216
dynamic_constant,34,84,8500,10.66,2.38
dynamic_constant,34,85,8600,10.88,2.593376177880872
dynamic_constant,34,86,8700,11.04,2.580387567788994
dynamic_constant,34,87,8800,10.55,2.5313040117694277
dynamic_constant,34,88,8900,10.18,2.251133048044917
dynamic_constant,34,89,9000,10.28,2.126405417600322
dynamic_constant,34,90,9100,10.7,2.463736998950984
dynamic_constant,34,91,9200,10.72,2.2938177782901588
dynamic_constant,34,92,9300,10.47,2.4676101799109196
dynamic_constant,34,93,9400,10.38,2.2925095419648747
dynamic_constant,34,94,9500,10.33,1.9496409925932516
dynamic_constant,34,95,9600,10.66,2.3376056125873754
dynamic_constant,34,96,9700,10.35,2.5705057868053904
dynamic_constant,34,97,9800,10.59,2.2719815140093016
dynamic_constant,34,98,9900,10.37,1.8420369160253007
dynamic_constant,34,99,10000,10.14,2.130821437849732
dynamic_constant,34,100,10100,10.17,1.9598724448289995
dynamic_constant,34,101,10200,10.08,1.9782820830205181
dynamic_constant,34,102,10300,10.11,2.4449744374941837
dynamic_constant,34,103,10400,9.95,1.9358460682605938
dynamic_constant,34,104,10500,9.91,2.1729933271871777
dynamic_constant,34,105,10600,10.07,2.3843447737271557
dynamic_constant,34,106,10700,10.29,2.1600694433281538
dynamic_constant,34,107,10800,10.35,2.026696819951124
dynamic_constant,34,108,10900,10.5,2.483948469674844
dynamic_constant,34,109,11000,10.5,2.483948469674844
dynamic_constant,34,110,11100,10.12,2.18302542358077
dynamic_constant,34,111,11200,10.02,2.315080992103732
dynamic_constant,34,112,11300,10.43,2.32488709403274
dynamic_constant,34,113,11400,10.49,2.3811551818392687
dynamic_constant,34,114,11500,10.86,2.3410254163507065
dynamic_constant,34,115,11600,10.76,2.332895196960206
dynamic_constant,34,116,11700,11.01,2.385351127192808
dynamic_constant,34,117,11800,10.62,2.1060864179800407
dynamic_constant,34,118,11900,10.37,2.2345245579317314
dynamic_constant,34,119,12000,10.41,2.462092605894425
dynamic_constant,34,120,12100,10.68,2.1113029152634635
dynamic_constant,34,121,12200,10.34,2.425778225642237
dynamic_constant,34,122,12300,10.4,2.3151673805580453
dynamic_constant,34,123,12400,10.78,2.1889723616345638
dynamic_constant,34,124,12500,10.48,2.0370567002417976
dynamic_constant,34,125,12600,10.51,2.1656176947928736
dynamic_constant,34,126,12700,10.78,2.4762067765031257
dynamic_constant,34,127,12800,10.9,2.188606862823929
dynamic_constant,34,128,12900,10.9,2.5119713374160937
dynamic_constant,34,129,13000,11.14,2.0977130404323656
dynamic_constant,34,130,13100,11.15,1.8993419913222578
dynamic_constant,34,131,13200,10.94,2.3992498827758646
dynamic_constant,34,132,13300,10.68,2.318965286501719
dynamic_constant,34,133,13400,10.88,2.065332902948094
dynamic_constant,34,134,13500,10.63,1.8366001197865587
dynamic_constant,34,135,13600,10.54,2.174488445588985
dynamic_constant,34,136,13700,10.35,2.118372016431486
dynamic_constant,34,137,13800,10.25,2.4098755154571783
dynamic_constant,34,138,13900,10.35,2.2907422377910613
dynamic_constant,34,139,14000,10.02,2.0098756180420714
dynamic_constant,34,140,14100,9.76,2.5499803920814763
dynamic_constant,34,141,14200,9.82,2.0898803793518903
dynamic_constant,34,142,14300,10.38,2.106086417980041
dynamic_constant,34,143,14400,10.35,1.856744462762714
dynamic_constant,34,144,14500,10.55,2.277608394786075
dynamic_constant,34,145,14600,10.37,2.0082579515590124
dynamic_constant,34,146,14700,10.28,2.088444397153058
dynamic_constant,34,147,14800,10.18,2.3890583919192934
dynamic_constant,34,148,14900,10.28,1.985346317396539
dynamic_constant,34,149,15000,10.05,2.16043977004683
dynamic_constant,34,150,15100,10.0,2.2891046284519194
dynamic_constant,35,0,100,21.0,0.0
dynamic_constant,35,1,200,20.74,4.540088104871974
dynamic_constant,35,2,300,17.74,5.534654460759045
dynamic_constant,35,3,400,13.63,5.959286870087729
dynamic_constant,35,4,500,11.05,3.963268852853664
dynamic_constant,35,5,600,10.69,3.635092846131994
dynamic_constant,35,6,700,10.94,2.996064084761873
dynamic_constant,35,7,800,11.35,3.0244834269673224
dynamic_constant,35,8,900,11.34,3.4211693907200793
dynamic_constant,35,9,1000,11.05,3.238440982942256
dynamic_constant,35,10,1100,10.47,2.830035335468446
dynamic_constant,35,11,1200,10.6,2.5337718918639855
dynamic_constant,35,12,1300,10.99,2.754977313881187
dynamic_constant,35,13,1400,11.41,2.7316478543179756
dynamic_constant,35,14,1500,11.53,2.6998333281889826
dynamic_constant,35,15,1600,11.84,2.6257189491642094
dynamic_constant,35,16,1700,11.85,2.277608394786075
dynamic_constant,35,17,1800,12.0,2.445403852127497
dynamic_constant,35,18,1900,11.52,2.242676971835222
dynamic_constant,35,19,2000,11.25,2.2062411472910206
dynamic_constant,35,20,2100,11.33,2.1774067144197016
dynamic_constant,35,21,2200,11.7,2.202271554554524
dynamic_constant,35,22,2300,11.33,2.2318378077270755
dynamic_constant,35,23,2400,11.07,2.164509182239706
dynamic_constant,35,24,2500,11.04,2.2668039174132377
dynamic_constant,35,25,2600,11.36,2.543698095293543
dynamic_constant,35,26,2700,11.07,1.8507025692963197
dynamic_constant,35,27,2800,11.31,2.1894976592816904
dynamic_constant,35,28,2900,11.35,2.183460556089805
dynamic_constant,35,29,3000,11.3,2.3853720883753127
dynamic_constant,35,30,3100,11.72,2.7279296178604024
dynamic_constant,35,31,3200,11.99,2.3387817341513513
dynamic_constant,35,32,3300,12.33,2.262984754698979
dynamic_constant,35,33,3400,12.3,2.260530911091463
dynamic_constant,35,34,3500,12.43,1.8289614539404593
dynamic_constant,35,35,3600,12.61,2.4531408438978795
dynamic_constant,35,36,3700,12.52,1.9260321908005589
dynamic_constant,35,37,3800,12.9,2.68886593194975
dynamic_constant,35,38,3900,12.79,2.542813402513051
dynamic_constant,35,39,4000,12.14,2.1726481537515454
dynamic_constant,35,40,4100,12.59,2.2275322668818966
dynamic_constant,35,41,4200,12.59,2.2587385860253946
dynamic_constant,35,42,4300,12.22,2.193535958219058
dynamic_constant,35,43,4400,11.92,2.110355420302467
dynamic_constant,35,44,4500,11.72,2.06920274502041
dynamic_constant,35,45,4600,11.67,2.2805920283996435
dynamic_constant,35,46,4700,11.83,2.2363139314505913
dynamic_constant,35,47,4800,12.02,2.37056955181661
dynamic_constant,35,48,4900,11.67,2.262984754698979
dynamic_constant,35,49,5000,11.61,2.077955726188602
dynamic_constant,35,50,5100,11.81,2.5246583927335595
dynamic_constant,35,51,5200,11.92,2.3861265683110777
dynamic_constant,35,52,5300,11.79,2.4991798654758726
dynamic_constant,35,53,5400,12.25,2.7472713735632306
dynamic_constant,35,54,5500,12.36,2.3130931671681534
dynamic_constant,35,55,5600,12.42,2.650207539042933
dynamic_constant,35,56,5700,12.39,2.667939279668861
dynamic_constant,35,57,5800,12.19,2.7989105023205014
dynamic_constant,35,58,5900,11.99,2.6664395736637276
dynamic_constant,35,59,6000,12.06,2.501279672487665
dynamic_constant,35,60,6100,11.49,2.343053563194832
dynamic_constant,35,61,6200,11.43,2.4259225049452833
dynamic_constant,35,62,6300,11.67,2.059393114487858
dynamic_constant,35,63,6400,12.09,2.0692752354387274
dynamic_constant,35,64,6500,11.87,2.460304859158718
dynamic_constant,35,65,6600,12.11,2.576412234096089
dynamic_constant,35,66,6700,12.17,2.4537929823031117
dynamic_constant,35,67,6800,12.04,2.3871321706181248
dynamic_constant,35,68,6900,12.01,2.601903149619524
dynamic_constant,35,69,7000,12.01,2.816007812489163
dynamic_constant,35,70,7100,11.8,2.596150997149434
dynamic_constant,35,71,7200,11.78,2.2828929015615254
dynamic_constant,35,72,7300,11.93,2.4382575745806676
dynamic_constant,35,73,7400,12.14,2.623051657897724
dynamic_constant,35,74,7500,12.12,2.5190474390134057
dynamic_constant,35,75,7600,12.06,2.5993076001119992
dynamic_constant,35,76,7700,12.3,2.4103941586387903
dynamic_constant,35,77,7800,12.46,2.710793241839001
dynamic_constant,35,78,7900,11.92,2.6558614421690003
dynamic_constant,35,79,8000,11.5,2.5787593916455256
dynamic_constant,35,80,8100,11.39,2.162845348146742
dynamic_constant,35,81,8200,11.44,2.527132762638322
dynamic_constant,35,82,8300,11.61,2.633989369758352
dynamic_constant,35,83,8400,11.94,2.690055761503839
dynamic_constant,35,84,8500,11.94,2.167117901730314
dynamic_constant,35,85,8600,12.01,2.278135202309117
dynamic_constant,35,86,8700,12.08,2.189429149344641
dynamic_constant,35,87,8800,11.83,2.7678692165635277
dynamic_constant,35,88,8900,11.73,2.4242730869272955
dynamic_constant,35,89,9000,11.86,2.1401869077255844
dynamic_constant,35,90,9100,11.78,2.4477744994177875
dynamic_constant,35,91,9200,11.84,2.60276775759959
dynamic_constant,35,92,9300,11.53,2.8581637461839025
dynamic_constant,35,93,9400,11.64,2.632565288839006
dynamic_constant,35,94,9500,11.28,2.1729242968865714
dynamic_constant,35,95,9600,11.62,2.6899070615915335
dynamic_constant,35,96,9700,11.6,2.181742422927143
dynamic_constant,35,97,9800,11.9,2.582634314028992
dynamic_constant,35,98,9900,11.75,2.342541355024496
dynamic_constant,35,99,10000,11.57,2.4135243939102833
dynamic_constant,35,100,10100,11.45,2.3553131426627756
dynamic_constant,35,101,10200,11.53,2.401895085135901
dynamic_constant,35,102,10300,11.63,2.028077907773762
dynamic_constant,35,103,10400,11.54,2.389225816033303
dynamic_constant,35,104,10500,11.38,2.4890962215229853
dynamic_constant,35,105,10600,11.93,2.6009805843181533
dynamic_constant,35,106,10700,12.14,2.600076921939041
dynamic_constant,35,107,10800,12.15,2.2242976419535223
dynamic_constant,35,108,10900,11.94,1.9329769786523583
dynamic_constant,35,109,11000,11.45,2.380651171423483
dynamic_constant,35,110,11100,11.62,2.1853146226573417
dynamic_constant,35,111,11200,12.18,2.5821696303690045
dynamic_constant,35,112,11300,12.18,2.47135590314305
dynamic_constant,35,113,11400,12.4,3.117691453623979
dynamic_constant,35,114,11500,12.5,2.9068883707497264
dynamic_constant,35,115,11600,12.37,2.7664236841091427
dynamic_constant,35,116,11700,12.25,3.034386264139752
dynamic_constant,35,117,11800,12.32,2.5918333279746215
dynamic_constant,35,118,11900,12.27,2.9012238796756105
dynamic_constant,35,119,12000,11.98,2.5806200805232837
dynamic_constant,35,120,12100,12.14,2.3622870274376053
dynamic_constant,35,121,12200,12.1,2.670205984563738
dynamic_constant,35,122,12300,12.29,2.4506937793204604
dynamic_constant,35,123,12400,12.36,3.0315672514394265
dynamic_constant,35,124,12500,12.42,2.6913936910084333
dynamic_constant,35,125,12600,12.32,2.6339324213046926
dynamic_constant,35,126,12700,12.02,2.908539152220578
dynamic_constant,35,127,12800,12.14,2.679626839692422
dynamic_constant,35,128,12900,12.47,2.6587779147570787
dynamic_constant,35,129,13000,12.34,2.9196575141615493
dynamic_constant,35,130,13100,12.08,2.606453529223186
dynamic_constant,35,131,13200,12.06,2.473135661462994
dynamic_constant,35,132,13300,11.85,2.543127995205904
dynamic_constant,35,133,13400,11.97,2.515770259781286
dynamic_constant,35,134,13500,11.93,2.783001976283883
dynamic_constant,35,135,13600,11.84,2.532666578924277
dynamic_constant,35,136,13700,11.59,2.870870947987736
dynamic_constant,35,137,13800,11.46,2.586194114910944
dynamic_constant,35,138,13900,11.7,3.0773365106858233
dynamic_constant,35,139,14000,11.38,2.7121209412561234
dynamic_constant,35,140,14100,11.52,2.699925924909793
dynamic_constant,35,141,14200,11.65,2.4632295873507206
dynamic_constant,35,142,14300,11.96,2.481612379079376
dynamic_constant,35,143,14400,11.72,2.7461973709112755
dynamic_constant,35,144,14500,11.32,2.5372425977820883
dynamic_constant,35,145,14600,11.54,2.1790823756801854
dynamic_constant,35,146,14700,11.13,2.7042743943616374
dynamic_constant,35,147,14800,10.97,2.4060548622174016
dynamic_constant,35,148,14900,10.86,2.5691243644479336
dynamic_constant,35,149,15000,11.22,1.8898677202386416
dynamic_constant,35,150,15100,11.3,2.2825424421026654
dynamic_constant,36,0,100,21.0,0.0
dynamic_constant,36,1,200,20.56,4.982609757948138
dynamic_constant,36,2,300,16.71,5.975441406289581
dynamic_constant,36,3,400,12.7,4.290687590584987
dynamic_constant,36,4,500,10.97,3.2355988626527856
dynamic_constant,36,5,600,10.54,2.8050668441233273
dynamic_constant,36,6,700,10.12,3.150492025065291
dynamic_constant,36,7,800,9.98,2.8704703447344655
dynamic_constant,36,8,900,10.37,2.6931579975931603
dynamic_constant,36,9,1000,10.14,2.561327780663771
dynamic_constant,36,10,1100,10.38,2.203542602265724
dynamic_constant,36,11,1200,10.87,2.360741408964565
dynamic_constant,36,12,1300,11.2,2.842534080710379
dynamic_constant,36,13,1400,11.5,2.3853720883753127
dynamic_constant,36,14,1500,11.39,2.8491928681645966
dynamic_constant,36,15,1600,11.11,2.6716848616556557
dynamic_constant,36,16,1700,11.07,2.895703714125463
dynamic_constant,36,17,1800,11.21,2.4219620145658767
dynamic_constant,36,18,1900,11.41,1.9651717482194782
dynamic_constant,36,19,2000,11.47,2.304148432718691
dynamic_constant,36,20,2100,11.07,1.888147240021286
dynamic_constant,36,21,2200,11.3,1.920937271229855
dynamic_constant,36,22,2300,11.12,2.2815784010197855
dynamic_constant,36,23,2400,11.39,2.637783160155512
dynamic_constant,36,24,2500,11.05,2.026696819951124
dynamic_constant,36,25,2600,10.87,1.6950221237494216
dynamic_constant,36,26,2700,10.94,1.719418506356146
dynamic_constant,36,27,2800,11.02,1.9492562684264991
dynamic_constant,36,28,2900,11.65,2.0994046775217017
dynamic_constant,36,29,3000,11.48,2.1329791372631846
dynamic_constant,36,30,3100,11.52,2.2112439937736403
dynamic_constant,36,31,3200,11.18,2.0217813927326564
dynamic_constant,36,32,3300,11.18,2.08988037935189
dynamic_constant,36,33,3400,10.97,2.1045427056726598
dynamic_constant,36,34,3500,11.26,2.0328305389284176
dynamic_constant,36,35,3600,11.24,1.9754493159785194
dynamic_constant,36,36,3700,11.3,2.0760539492026693
dynamic_constant,36,37,3800,11.46,2.2601769842204837
dynamic_constant,36,38,3900,11.37,1.7242679606140108
dynamic_constant,36,39,4000,11.56,1.9561186058110076
dynamic_constant,36,40,4100,11.25,2.2511108368980857
dynamic_constant,36,41,4200,11.25,2.056088519495209
dynamic_constant,36,42,4300,11.7,2.1931712199461306
dynamic_constant,36,43,4400,11.77,2.7234353306072827
dynamic_constant,36,44,4500,12.03,2.3683538586959507
dynamic_constant,36,45,4600,12.02,1.999899997499875
dynamic_constant,36,46,4700,12.41,2.3836736353788033
dynamic_constant,36,47,4800,12.84,2.352530552405218
dynamic_constant,36,48,4900,13.04,2.52950588060198
dynamic_constant,36,49,5000,13.18,2.6471871864301546
dynamic_constant,36,50,5100,13.57,2.754106025555298
dynamic_constant,36,51,5200,13.58,3.4790228513190313
dynamic_constant,36,52,5300,12.66,2.746707119443207
dynamic_constant,36,53,5400,12.76,2.66878249394738
dynamic_constant,36,54,5500,12.22,2.7407298298081106
dynamic_constant,36,55,5600,12.37,2.9988497794987996
dynamic_constant,36,56,5700,12.03,2.515770259781286
dynamic_constant,36,57,5800,12.1,2.5475478405713994
dynamic_constant,36,58,5900,12.46,1.9515122341404882
dynamic_constant,36,59,6000,12.65,2.4015619917045656
dynamic_constant,36,60,6100,12.44,2.401332963168581
dynamic_constant,36,61,6200,12.02,2.6869313351851773
dynamic_constant,36,62,6300,11.73,2.648980936133743
dynamic_constant,36,63,6400,11.87,2.689442321374452
dynamic_constant,36,64,6500,11.9,2.751363298439521
dynamic_constant,36,65,6600,11.61,2.7709023800920884
dynamic_constant,36,66,6700,11.77,2.8030519081886442
dynamic_constant,36,67,6800,11.52,2.4019991673603887
dynamic_constant,36,68,6900,11.5,2.3086792761230392
dynamic_constant,36,69,7000,11.55,1.3665650368716449
dynamic_constant,36,70,7100,11.28,1.612947612292476
dynamic_constant,36,71,7200,11.29,2.1132676120169918
dynamic_constant,36,72,7300,11.18,1.894096090487492
dynamic_constant,36,73,7400,11.38,1.9988996973335105
dynamic_constant,36,74,7500,11.26,2.1476498783554083
dynamic_constant,36,75,7600,11.74,2.381680079271773
dynamic_constant,36,76,7700,11.61,2.162845348146742
dynamic_constant,36,77,7800,12.11,1.8915337691936667
dynamic_constant,36,78,7900,12.2,1.5427248620541512
dynamic_constant,36,79,8000,12.1,2.0518284528683193
dynamic_constant,36,80,8100,12.03,2.2156488891518893
dynamic_constant,36,81,8200,12.04,1.69658480483588
dynamic_constant,36,82,8300,12.3,2.1702534414210706
dynamic_constant,36,83,8400,12.51,2.6210494081569697
dynamic_constant,36,84,8500,12.26,2.5401574754333636
dynamic_constant,36,85,8600,12.45,2.503497553424009
dynamic_constant,36,86,8700,12.45,1.8131464364468746
dynamic_constant,36,87,8800,12.27,2.428394531372528
dynamic_constant,36,88,8900,12.22,2.3305793271201902
dynamic_constant,36,89,9000,12.24,2.4743483990739863
dynamic_constant,36,90,9100,12.25,2.384848003542364
dynamic_constant,36,91,9200,11.99,2.5119514326515158
dynamic_constant,36,92,9300,12.2,2.2405356502408083
dynamic_constant,36,93,9400,12.07,2.4010622649152604
dynamic_constant,36,94,9500,12.01,2.1702304025149033
dynamic_constant,36,95,9600,11.63,2.216551375447905
dynamic_constant,36,96,9700,11.68,2.365924766344019
dynamic_constant,36,97,9800,11.99,2.2912660255849824
dynamic_constant,36,98,9900,12.09,2.2938831705211147
dynamic_constant,36,99,10000,12.42,2.254684013337567
dynamic_constant,36,100,10100,12.36,2.559374923687422
dynamic_constant,36,101,10200,11.93,2.4586785068406156
dynamic_constant,36,102,10300,11.73,2.1718885790942406
dynamic_constant,36,103,10400,11.6,1.6970562748477143
dynamic_constant,36,104,10500,11.82,1.8888091486436633
dynamic_constant,36,105,10600,11.98,1.86
dynamic_constant,36,106,10700,12.2,2.253885533916929
dynamic_constant,36,107,10800,11.76,2.121885953579975
dynamic_constant,36,108,10900,11.83,2.1865726605809375
dynamic_constant,36,109,11000,12.05,1.8674849396983098
dynamic_constant,36,110,11100,12.0,2.004993765576342
dynamic_constant,36,111,11200,12.05,1.8076227482525218
dynamic_constant,36,112,11300,11.88,2.136726468221892
dynamic_constant,36,113,11400,12.07,2.026104636982009
dynamic_constant,36,114,11500,11.95,1.8621224449536071
dynamic_constant,36,115,11600,11.82,2.3254246923949187
dynamic_constant,36,116,11700,11.8,2.181742422927143
dynamic_constant,36,117,11800,11.72,2.168317319951118
dynamic_constant,36,118,11900,12.26,2.0910284550909393
dynamic_constant,36,119,12000,12.27,2.3993957572689006
dynamic_constant,36,120,12100,12.23,2.5213290146270078
dynamic_constant,36,121,12200,11.99,2.264928254934359
dynamic_constant,36,122,12300,12.01,2.0712073773526396
dynamic_constant,36,123,12400,12.0,2.083266665599966
dynamic_constant,36,124,12500,12.1,2.1702534414210706
dynamic_constant,36,125,12600,11.9,1.746424919657298
dynamic_constant,36,126,12700,11.94,1.9329769786523583
dynamic_constant,36,127,12800,11.78,1.952331938989884
dynamic_constant,36,128,12900,11.84,2.287881115792514
dynamic_constant,36,129,13000,11.91,2.0644369692485163
dynamic_constant,36,130,13100,11.95,2.1041625412500813
dynamic_constant,36,131,13200,11.8,1.9595917942265422
dynamic_constant,36,132,13300,11.55,2.1971572542719833
dynamic_constant,36,133,13400,11.66,1.9453534383242548
dynamic_constant,36,134,13500,11.47,1.8135876047216468
dynamic_constant,36,135,13600,11.5,1.4798648586948742
dynamic_constant,36,136,13700,11.55,1.6874537030686207
dynamic_constant,36,137,13800,11.48,1.8356470248934025
dynamic_constant,36,138,13900,11.37,1.8036352181081408
dynamic_constant,36,139,14000,11.74,1.8472682533947256
dynamic_constant,36,140,14100,12.0,1.794435844492636
dynamic_constant,36,141,14200,11.81,2.1711517680715
dynamic_constant,36,142,14300,11.79,1.8989207461081676
dynamic_constant,36,143,14400,11.8,2.222611077089287
dynamic_constant,36,144,14500,11.53,1.9821957521899798
dynamic_constant,36,145,14600,11.28,1.789301539707603
dynamic_constant,36,146,14700,11.21,2.1554349909009085
dynamic_constant,36,147,14800,11.39,1.80496537362909
dynamic_constant,36,148,14900,11.51,1.757811138888362
dynamic_constant,36,149,15000,11.66,2.1504418150696383
dynamic_constant,36,150,15100,11.79,2.196793117250689
dynamic_constant,37,0,100,21.0,0.0
dynamic_constant,37,1,200,20.61,4.997789511374004
dynamic_constant,37,2,300,17.34,6.342270886677737
dynamic_constant,37,3,400,13.75,5.483383991660624
dynamic_constant,37,4,500,10.87,4.35121822022293
dynamic_constant,37,5,600,10.25,2.9508473359359004
dynamic_constant,37,6,700,11.23,3.0556668666593874
dynamic_constant,37,7,800,12.2,3.255764119219941
dynamic_constant,37,8,900,12.52,3.525563784701675
dynamic_constant,37,9,1000,12.56,3.62303739975176
dynamic_constant,37,10,1100,12.34,3.3740776517442512
dynamic_constant,37,11,1200,12.37,2.427570802263036
dynamic_constant,37,12,1300,12.15,3.350746185553301
dynamic_constant,37,13,1400,11.82,2.854400112107621
dynamic_constant,37,14,1500,11.74,3.087458501745408
dynamic_constant,37,15,1600,11.92,3.3367049614852076
dynamic_constant,37,16,1700,12.16,2.9923903488682755
dynamic_constant,37,17,1800,12.25,3.10926036220835
dynamic_constant,37,18,1900,12.35,3.589916433567779
dynamic_constant,37,19,2000,11.85,3.6588932752951404
dynamic_constant,37,20,2100,12.12,4.109209169657831
dynamic_constant,37,21,2200,12.51,4.104862969698258
dynamic_constant,37,22,2300,12.46,4.205757957847789
dynamic_constant,37,23,2400,12.5,3.4885527085024814
dynamic_constant,37,24,2500,12.15,3.5759614091877445
dynamic_constant,37,25,2600,12.57,3.1185092592455135
dynamic_constant,37,26,2700,12.69,3.526173563510452
dynamic_constant,37,27,2800,12.22,3.517328531712669
dynamic_constant,37,28,2900,12.29,3.7584438269049594
dynamic_constant,37,29,3000,12.0,2.986636904613616
dynamic_constant,37,30,3100,12.53,3.2107787217433716
dynamic_constant,37,31,3200,12.51,3.584675717551031
dynamic_constant,37,32,3300,12.41,3.8421218096255094
dynamic_constant,37,33,3400,12.46,3.7958398280222525
dynamic_constant,37,34,3500,12.29,3.6091411720795854
dynamic_constant,37,35,3600,12.15,3.84545185901475
dynamic_constant,37,36,3700,12.9,3.988734135035826
dynamic_constant,37,37,3800,12.66,3.5248262368519674
dynamic_constant,37,38,3900,12.75,4.4008521902013475
dynamic_constant,37,39,4000,12.25,3.7399866309921483
dynamic_constant,37,40,4100,13.24,3.7976835044537345
dynamic_constant,37,41,4200,13.34,4.109063153566759
dynamic_constant,37,42,4300,12.99,4.018693817647719
dynamic_constant,37,43,4400,12.86,3.931971515664883
dynamic_constant,37,44,4500,13.03,4.136314784926312
dynamic_constant,37,45,4600,13.0,3.8704004960727256
dynamic_constant,37,46,4700,12.27,3.295011380860467
dynamic_constant,37,47,4800,12.74,3.5060519106253967
dynamic_constant,37,48,4900,12.34,3.865798753168612
dynamic_constant,37,49,5000,12.13,3.4544319359338957
dynamic_constant,37,50,5100,12.04,3.594217578277642
dynamic_constant,37,51,5200,12.43,3.3414218530440007
dynamic_constant,37,52,5300,12.73,3.515266703964295
dynamic_constant,37,53,5400,12.42,4.32938794750482
dynamic_constant,37,54,5500,11.88,3.22886977129769
dynamic_constant,37,55,5600,11.69,2.988963030885461
dynamic_constant,37,56,5700,12.01,3.3481188748310595
dynamic_constant,37,57,5800,12.1,3.508560958569767
dynamic_constant,37,58,5900,12.43,3.865889289671912
dynamic_constant,37,59,6000,12.33,4.454334967197685
dynamic_constant,37,60,6100,11.95,3.753331853167263
dynamic_constant,37,61,6200,11.48,3.4394185555119634
dynamic_constant,37,62,6300,11.42,4.087003792511085
dynamic_constant,37,63,6400,11.55,3.855839726959615
dynamic_constant,37,64,6500,11.48,3.680978130877716
dynamic_constant,37,65,6600,11.51,3.6999864864618086
dynamic_constant,37,66,6700,11.59,4.204985136715705
dynamic_constant,37,67,6800,11.67,4.145009047034758
dynamic_constant,37,68,6900,11.57,3.5447284804340096
dynamic_constant,37,69,7000,12.54,4.253045967303905
dynamic_constant,37,70,7100,12.4,3.9166312055132275
dynamic_constant,37,71,7200,12.36,3.581954773583832
dynamic_constant,37,72,7300,12.57,4.020584534616826
dynamic_constant,37,73,7400,12.42,3.1182687504447077
dynamic_constant,37,74,7500,11.98,3.1622144139827078
dynamic_constant,37,75,7600,11.85,3.713152299596665
dynamic_constant,37,76,7700,12.44,4.01078545923364
dynamic_constant,37,77,7800,12.22,3.339401143917873
dynamic_constant,37,78,7900,12.32,3.1650592411517353
dynamic_constant,37,79,8000,12.2,3.5270384177096794
dynamic_constant,37,80,8100,12.37,3.5655434368410095
dynamic_constant,37,81,8200,12.31,3.738168000505061
dynamic_constant,37,82,8300,11.94,3.518010801575231
dynamic_constant,37,83,8400,12.1,3.8535697735995385
dynamic_constant,37,84,8500,11.64,3.6946447731818557
dynamic_constant,37,85,8600,11.58,3.323191237350026
dynamic_constant,37,86,8700,12.06,4.1876485048294105
dynamic_constant,37,87,8800,11.92,3.812295896175951
dynamic_constant,37,88,8900,12.21,3.505124819460785
dynamic_constant,37,89,9000,12.32,3.352252973747656
dynamic_constant,37,90,9100,12.31,3.4458525795512496
dynamic_constant,37,91,9200,11.93,3.865889289671912
dynamic_constant,37,92,9300,12.64,4.131634059303897
dynamic_constant,37,93,9400,12.33,3.636083057357189
dynamic_constant,37,94,9500,12.37,3.407799876753328
dynamic_constant,37,95,9600,12.06,2.76702005775166
dynamic_constant,37,96,9700,11.95,2.7977669667075564
dynamic_constant,37,97,9800,11.98,3.1431830999800185
dynamic_constant,37,98,9900,12.43,3.4183475540091006
dynamic_constant,37,99,10000,12.14,2.7785607785326563
dynamic_constant,37,100,10100,11.87,3.7567406085595003
dynamic_constant,37,101,10200,11.98,2.8878365604722163
dynamic_constant,37,102,10300,12.2,3.2893768406797053
dynamic_constant,37,103,10400,12.13,3.398985142656555
dynamic_constant,37,104,10500,12.31,3.442949317082667
dynamic_constant,37,105,10600,12.34,3.2317796954619293
dynamic_constant,37,106,10700,12.34,3.0206621790594195
dynamic_constant,37,107,10800,12.22,3.106702431839908
dynamic_constant,37,108,10900,12.31,3.3961595957787383
dynamic_constant,37,109,11000,12.61,2.986285317915889
dynamic_constant,37,110,11100,12.61,3.529575045242699
dynamic_constant,37,111,11200,12.41,3.4090907878787857
dynamic_constant,37,112,11300,12.53,2.9101718162335364
dynamic_constant,37,113,11400,12.56,3.4966269460724573
dynamic_constant,37,114,11500,12.17,3.2712535823442366
dynamic_constant,37,115,11600,12.35,3.793085815006035
dynamic_constant,37,116,11700,12.25,3.2260657153877075
dynamic_constant,37,117,11800,12.51,3.2999848484500656
dynamic_constant,37,118,11900,12.68,3.4463894150255276
dynamic_constant,37,119,12000,12.21,3.2258177257867495
dynamic_constant,37,120,12100,12.33,3.7710873763412063
dynamic_constant,37,121,12200,11.9,2.6438608132804573
dynamic_constant,37,122,12300,11.83,2.8356833391618324
dynamic_constant,37,123,12400,12.31,2.7447950743179352
dynamic_constant,37,124,12500,12.56,3.3326265917441154
dynamic_constant,37,125,12600,12.61,3.3313510772657997
dynamic_constant,37,126,12700,12.31,3.071465448283604
dynamic_constant,37,127,12800,12.35,2.971110903349116
dynamic_constant,37,128,12900,12.56,3.3175894863590343
dynamic_constant,37,129,13000,12.57,3.2442410514633466
dynamic_constant,37,130,13100,12.57,3.1819962287846915
dynamic_constant,37,131,13200,12.73,2.976088036332259
dynamic_constant,37,132,13300,13.05,3.415772240650714
dynamic_constant,37,133,13400,12.69,3.0420223536325306
dynamic_constant,37,134,13500,12.75,3.6176649927819464
dynamic_constant,37,135,13600,12.8,3.3466401061363023
dynamic_constant,37,136,13700,12.76,3.3139704283532767
dynamic_constant,37,137,13800,12.38,3.071742176680849
dynamic_constant,37,138,13900,12.62,3.670912693050598
dynamic_constant,37,139,14000,12.6,3.1304951684997055
dynamic_constant,37,140,14100,12.51,3.351104295601675
dynamic_constant,37,141,14200,12.12,2.933530296417612
dynamic_constant,37,142,14300,12.25,3.5591431553114017
dynamic_constant,37,143,14400,12.16,3.6924788421871826
dynamic_constant,37,144,14500,12.35,3.2415274177461466
dynamic_constant,37,145,14600,11.99,3.3748925908834497
dynamic_constant,37,146,14700,12.13,3.3485967210161336
dynamic_constant,37,147,14800,12.51,3.729597833547204
dynamic_constant,37,148,14900,12.86,3.3196987815161787
dynamic_constant,37,149,15000,12.22,3.3840212765288578
dynamic_constant,37,150,15100,12.61,3.3819964518018057
dynamic_constant,38,0,100,21.0,0.0
dynamic_constant,38,1,200,20.74,4.394587580194528
dynamic_constant,38,2,300,16.76,5.381672602453628
dynamic_constant,38,3,400,13.51,5.4286186088175326
dynamic_constant,38,4,500,10.49,4.19641513675661
dynamic_constant,38,5,600,9.01,2.80176729940229
dynamic_constant,38,6,700,8.55,2.46322958735072
dynamic_constant,38,7,800,8.92,2.3352944139872385
dynamic_constant,38,8,900,9.24,2.6310454196003534
dynamic_constant,38,9,1000,9.59,2.3155776817027753
dynamic_constant,38,10,1100,9.65,2.4510201957552287
dynamic_constant,38,11,1200,9.85,2.4994999499899975
dynamic_constant,38,12,1300,10.66,2.8817355881482256
dynamic_constant,38,13,1400,11.26,2.8935099792466588
dynamic_constant,38,14,1500,10.65,2.8578838324886475
dynamic_constant,38,15,1600,11.07,3.54754844928156
dynamic_constant,38,16,1700,11.24,2.6762660555333433
dynamic_constant,38,17,1800,11.05,3.1476181471074285
dynamic_constant,38,18,1900,10.6,2.753179979587241
dynamic_constant,38,19,2000,10.63,2.9142923669391854
dynamic_constant,38,20,2100,10.89,3.039391386445648
dynamic_constant,38,21,2200,10.62,2.8975161776942677
dynamic_constant,38,22,2300,10.91,2.9123701687800603
dynamic_constant,38,23,2400,11.32,2.884024965217881
dynamic_constant,38,24,2500,11.78,3.542823732561359
dynamic_constant,38,25,2600,11.75,2.977834783865619
dynamic_constant,38,26,2700,11.49,2.9376691440664313
dynamic_constant,38,27,2800,11.44,3.2475221323341277
dynamic_constant,38,28,2900,11.72,3.373662698018283
dynamic_constant,38,29,3000,11.75,3.320767983464066
dynamic_constant,38,30,3100,11.63,3.0940426629249953
dynamic_constant,38,31,3200,11.98,3.605495805017668
dynamic_constant,38,32,3300,12.41,3.3229354492677103
dynamic_constant,38,33,3400,12.73,3.554869899166494
dynamic_constant,38,34,3500,12.65,3.2322592717787972
dynamic_constant,38,35,3600,12.65,3.6010415160061675
dynamic_constant,38,36,3700,12.55,3.5507041555161982
dynamic_constant,38,37,3800,12.68,4.230555519077843
dynamic_constant,38,38,3900,12.74,3.986527310830819
dynamic_constant,38,39,4000,12.86,4.012530373716814
dynamic_constant,38,40,4100,12.85,3.9404948927767944
dynamic_constant,38,41,4200,12.79,4.248046609913785
dynamic_constant,38,42,4300,11.96,3.7760296609004538
dynamic_constant,38,43,4400,11.87,3.3336316533174455
dynamic_constant,38,44,4500,11.89,2.7272513635526887
dynamic_constant,38,45,4600,11.82,3.424558365687465
dynamic_constant,38,46,4700,11.48,3.128833648502266
dynamic_constant,38,47,4800,11.12,2.857551399362748
dynamic_constant,38,48,4900,11.74,3.18
dynamic_constant,38,49,5000,11.91,3.379630157280527
dynamic_constant,38,50,5100,12.14,3.3347263755816603
dynamic_constant,38,51,5200,12.08,3.830613527882969
dynamic_constant,38,52,5300,12.48,3.5594381579120045
dynamic_constant,38,53,5400,11.95,3.0079062485390065
dynamic_constant,38,54,5500,11.91,2.679906714794379
dynamic_constant,38,55,5600,11.88,3.3564266713277084
dynamic_constant,38,56,5700,12.16,3.0256239026025686
dynamic_constant,38,57,5800,12.09,2.807472172613649
dynamic_constant,38,58,5900,12.27,2.9456917693472278
dynamic_constant,38,59,6000,12.35,3.4565155865408737
dynamic_constant,38,60,6100,12.36,2.516028616689405
dynamic_constant,38,61,6200,12.43,2.899155049320405
dynamic_constant,38,62,6300,12.71,3.2133938445201515
dynamic_constant,38,63,6400,12.09,3.441206183883785
dynamic_constant,38,64,6500,11.97,3.2846765441973123
dynamic_constant,38,65,6600,11.61,3.042679739966071
dynamic_constant,38,66,6700,12.11,3.381996451801805
dynamic_constant,38,67,6800,12.86,3.5355904740226913
dynamic_constant,38,68,6900,13.34,4.118786228975716
dynamic_constant,38,69,7000,13.46,4.043315471243865
dynamic_constant,38,70,7100,13.83,4.07444474744719
dynamic_constant,38,71,7200,13.95,3.721222917267924
dynamic_constant,38,72,7300,13.66,3.479137824231745
dynamic_constant,38,73,7400,13.73,2.9046686558022414
dynamic_constant,38,74,7500,14.02,3.009916942375653
dynamic_constant,38,75,7600,13.37,3.3276267819573757
dynamic_constant,38,76,7700,12.97,3.5565573241549195
dynamic_constant,38,77,7800,13.15,3.5899164335677787
dynamic_constant,38,78,7900,13.22,3.843383925657181
dynamic_constant,38,79,8000,13.24,3.62248533468391
dynamic_constant,38,80,8100,13.08,3.56
dynamic_constant,38,81,8200,13.01,3.5790920636384866
dynamic_constant,38,82,8300,12.78,3.454214816713054
dynamic_constant,38,83,8400,12.91,3.5807680740310452
dynamic_constant,38,84,8500,13.27,3.7117516080686213
dynamic_constant,38,85,8600,13.41,3.481651906782181
dynamic_constant,38,86,8700,12.89,3.870129196809843
dynamic_constant,38,87,8800,13.54,3.734755681433526
dynamic_constant,38,88,8900,12.53,3.2510152260486262
dynamic_constant,38,89,9000,13.14,3.7842304369580875
dynamic_constant,38,90,9100,12.76,3.7739104387889224
dynamic_constant,38,91,9200,12.96,3.5437832890852676
dynamic_constant,38,92,9300,13.42,3.501942318200001
dynamic_constant,38,93,9400,13.6,3.893584466786357
dynamic_constant,38,94,9500,13.13,3.6377328104191493
dynamic_constant,38,95,9600,12.51,3.617996683248894
dynamic_constant,38,96,9700,12.01,2.9171732893333573
dynamic_constant,38,97,9800,11.77,3.058937724112735
dynamic_constant,38,98,9900,11.95,3.0376800358168072
dynamic_constant,38,99,10000,12.47,3.086924035346513
dynamic_constant,38,100,10100,12.25,2.930443652418521
dynamic_constant,38,101,10200,12.08,3.0714166112723946
dynamic_constant,38,102,10300,11.85,3.2905166767545793
dynamic_constant,38,103,10400,12.18,3.450739051275828
dynamic_constant,38,104,10500,12.41,3.5273077552150167
dynamic_constant,38,105,10600,12.38,3.1233955881380124
dynamic_constant,38,106,10700,11.98,3.3614877658560656
dynamic_constant,38,107,10800,12.42,3.4064057303850346
dynamic_constant,38,108,10900,12.54,3.182514728952562
dynamic_constant,38,109,11000,12.25,3.0376800358168072
dynamic_constant,38,110,11100,12.76,3.5836294451296156
dynamic_constant,38,111,11200,12.61,3.5068361809471504
dynamic_constant,38,112,11300,12.41,3.114787312161137
dynamic_constant,38,113,11400,12.23,3.215136077991101
dynamic_constant,38,114,11500,12.3,3.2140317359976396
dynamic_constant,38,115,11600,12.62,2.599153708421262
dynamic_constant,38,116,11700,13.11,3.2646439315796756
dynamic_constant,38,117,11800,13.6,3.1368774282716245
dynamic_constant,38,118,11900,13.37,3.142148946183169
dynamic_constant,38,119,12000,13.34,3.4589593810855885
dynamic_constant,38,120,12100,12.88,3.65863362472932
dynamic_constant,38,121,12200,13.14,3.3347263755816603
dynamic_constant,38,122,12300,12.98,4.039752467664325
dynamic_constant,38,123,12400,13.25,3.5759614091877445
dynamic_constant,38,124,12500,12.55,3.868785339095463
dynamic_constant,38,125,12600,12.47,3.576185118251012
dynamic_constant,38,126,12700,11.95,2.960996453898586
dynamic_constant,38,127,12800,12.0,3.2218007387174024
dynamic_constant,38,128,12900,11.84,2.914515397111499
dynamic_constant,38,129,13000,11.63,2.8762997062197813
dynamic_constant,38,130,13100,11.72,2.8568514137070555
dynamic_constant,38,131,13200,11.81,3.1833787082280995
dynamic_constant,38,132,13300,12.18,3.057384503133356
dynamic_constant,38,133,13400,12.34,3.2472141906563543
dynamic_constant,38,134,13500,12.02,3.14953964890109
dynamic_constant,38,135,13600,11.84,2.5444842306447883
dynamic_constant,38,136,13700,12.19,2.9451485531293664
dynamic_constant,38,137,13800,12.04,3.139808911382984
dynamic_constant,38,138,13900,11.4,2.7640549922170505
dynamic_constant,38,139,14000,11.54,2.3892258160333024
dynamic_constant,38,140,14100,11.68,2.873604008905889
dynamic_constant,38,141,14200,12.4,3.1559467676119
dynamic_constant,38,142,14300,12.79,3.32654475394515
dynamic_constant,38,143,14400,12.7,3.3000000000000003
dynamic_constant,38,144,14500,12.95,3.5478866949213583
dynamic_constant,38,145,14600,13.21,3.595260769401852
dynamic_constant,38,146,14700,13.36,3.339221466150456
dynamic_constant,38,147,14800,13.24,3.6881431642494573
dynamic_constant,38,148,14900,13.2,3.7416573867739418
dynamic_constant,38,149,15000,13.04,3.9595959389816535
dynamic_constant,38,150,15100,13.18,3.609376677488788
dynamic_constant,39,0,100,21.0,0.0
dynamic_constant,39,1,200,20.53,4.398761189244081
dynamic_constant,39,2,300,17.32,6.249607987706109
dynamic_constant,39,3,400,12.75,4.5615238681826495
dynamic_constant,39,4,500,10.61,3.44643293856126
dynamic_constant,39,5,600,9.6,2.565151067676132
dynamic_constant,39,6,700,9.93,3.121714272639314
dynamic_constant,39,7,800,10.15,2.8332843133014376
dynamic_constant,39,8,900,10.3,2.7404379212089442
dynamic_constant,39,9,1000,10.02,2.4123847122712414
dynamic_constant,39,10,1100,10.24,2.4662522174343806
dynamic_constant,39,11,1200,10.91,2.1498604605880822
dynamic_constant,39,12,1300,10.9,2.787471972953271
dynamic_constant,39,13,1400,10.37,2.256789755382632
dynamic_constant,39,14,1500,11.16,1.993589727100338
dynamic_constant,39,15,1600,11.26,2.252198925494815
dynamic_constant,39,16,1700,11.51,2.061528559103657
dynamic_constant,39,17,1800,11.38,2.5011197492323314
dynamic_constant,39,18,1900,11.9,2.6476404589747453
dynamic_constant,39,19,2000,12.09,2.8003392651605625
dynamic_constant,39,20,2100,11.86,3.066007175464532
dynamic_constant,39,21,2200,12.11,2.8666879844168602
dynamic_constant,39,22,2300,12.36,3.1129407318482634
dynamic_constant,39,23,2400,11.96,2.5687350972803715
dynamic_constant,39,24,2500,11.52,2.1094074997496337
dynamic_constant,39,25,2600,11.51,2.061528559103657
dynamic_constant,39,26,2700,11.65,2.329699551444349
dynamic_constant,39,27,2800,11.89,2.4531408438978795
dynamic_constant,39,28,2900,12.33,2.53793222919762
dynamic_constant,39,29,3000,11.88,2.5545253962331245
dynamic_constant,39,30,3100,11.8,2.723967694375247
dynamic_constant,39,31,3200,11.8,2.445403852127497
dynamic_constant,39,32,3300,12.19,2.5911194491956566
dynamic_constant,39,33,3400,12.44,2.1923503369671553
dynamic_constant,39,34,3500,12.25,2.7069355367278325
dynamic_constant,39,35,3600,11.66,2.1735684944349005
dynamic_constant,39,36,3700,11.7,2.5119713374160937
dynamic_constant,39,37,3800,11.53,2.597903000498672
dynamic_constant,39,38,3900,11.06,2.217295650110738
dynamic_constant,39,39,4000,11.3,2.1283796653792764
dynamic_constant,39,40,4100,11.69,2.504775439036402
dynamic_constant,39,41,4200,12.7,2.5
dynamic_constant,39,42,4300,12.81,2.348169499844507
dynamic_constant,39,43,4400,13.28,2.7823730878514477
dynamic_constant,39,44,4500,13.21,2.7759502877393176
dynamic_constant,39,45,4600,13.13,2.5948217665188498
dynamic_constant,39,46,4700,12.88,2.661879035568672
dynamic_constant,39,47,4800,13.15,2.4834451876375283
dynamic_constant,39,48,4900,12.9,2.2561028345356955
dynamic_constant,39,49,5000,12.56,2.6956260868302926
dynamic_constant,39,50,5100,12.45,2.7436289836637897
dynamic_constant,39,51,5200,11.99,2.3769518295497702
dynamic_constant,39,52,5300,11.75,2.446936860648431
dynamic_constant,39,53,5400,11.93,2.793760906018982
dynamic_constant,39,54,5500,12.05,2.1511624764298953
dynamic_constant,39,55,5600,11.82,2.242231031807383
dynamic_constant,39,56,5700,11.93,2.371729326883656
dynamic_constant,39,57,5800,11.64,2.1331666601557413
dynamic_constant,39,58,5900,11.5,2.5553864678361276
dynamic_constant,39,59,6000,11.49,2.397894910124295
dynamic_constant,39,60,6100,11.88,2.5348767228407776
dynamic_constant,39,61,6200,11.69,2.3651427018258326
dynamic_constant,39,62,6300,11.7,2.459674775249769
dynamic_constant,39,63,6400,11.36,2.590443977390748
dynamic_constant,39,64,6500,11.4,2.244994432064365
dynamic_constant,39,65,6600,11.77,2.4077167607507324
dynamic_constant,39,66,6700,11.65,2.228788908802267
dynamic_constant,39,67,6800,11.88,2.6392423155140565
dynamic_constant,39,68,6900,11.97,2.9136060131733665
dynamic_constant,39,69,7000,12.14,2.068912757948
dynamic_constant,39,70,7100,12.29,2.384512528799125
dynamic_constant,39,71,7200,12.27,2.310216440076557
dynamic_constant,39,72,7300,12.29,2.574082360764706
dynamic_constant,39,73,7400,12.35,2.1511624764298953
dynamic_constant,39,74,7500,12.36,2.393825390457708
dynamic_constant,39,75,7600,12.54,2.5235689013775713
dynamic_constant,39,76,7700,12.29,2.2104072023045886
dynamic_constant,39,77,7800,12.6,2.28910462845192
dynamic_constant,39,78,7900,12.49,1.997473404078262
dynamic_constant,39,79,8000,12.69,2.2658111130453924
dynamic_constant,39,80,8100,12.72,2.341281700265904
dynamic_constant,39,81,8200,12.93,2.450530554798287
dynamic_constant,39,82,8300,12.74,2.3858751015088786
dynamic_constant,39,83,8400,12.38,2.3400000000000003
dynamic_constant,39,84,8500,12.42,2.6727513913568544
dynamic_constant,39,85,8600,12.71,2.4053897813036453
dynamic_constant,39,86,8700,12.75,2.7290108097990378
dynamic_constant,39,87,8800,12.9,2.7982137159266447
dynamic_constant,39,88,8900,12.41,2.698499583101691
dynamic_constant,39,89,9000,12.62,2.3142169301947475
dynamic_constant,39,90,9100,12.78,2.4065743287918617
dynamic_constant,39,91,9200,12.45,2.475378758897313
dynamic_constant,39,92,9300,12.65,2.4510201957552287
dynamic_constant,39,93,9400,13.06,2.3950782868207043
dynamic_constant,39,94,9500,12.7,2.1610182784974308
dynamic_constant,39,95,9600,12.79,2.4260873850708675
dynamic_constant,39,96,9700,12.56,2.5585933635495888
dynamic_constant,39,97,9800,12.39,2.7382293548934133
dynamic_constant,39,98,9900,12.2,2.2891046284519194
dynamic_constant,39,99,10000,12.63,2.2389953104015206
dynamic_constant,39,100,10100,12.22,2.0522183119736552
dynamic_constant,39,101,10200,12.28,2.5023189245178163
dynamic_constant,39,102,10300,12.28,2.6611275805567836
dynamic_constant,39,103,10400,12.01,2.3811551818392687
dynamic_constant,39,104,10500,11.98,2.1862296311229525
dynamic_constant,39,105,10600,11.81,2.129295658193103
dynamic_constant,39,106,10700,12.12,2.3421357774475844
dynamic_constant,39,107,10800,11.96,2.5452701231892854
dynamic_constant,39,108,10900,12.29,2.6164670836836454
dynamic_constant,39,109,11000,12.33,2.6872104495182363
dynamic_constant,39,110,11100,12.12,2.384449622030208
dynamic_constant,39,111,11200,12.22,2.1843992309099547
dynamic_constant,39,112,11300,12.07,2.5070101714991107
dynamic_constant,39,113,11400,12.47,2.5747038664669772
dynamic_constant,39,114,11500,12.39,2.4734389016104683
dynamic_constant,39,115,11600,12.19,2.6445982681685325
dynamic_constant,39,116,11700,12.43,2.940255090974251
dynamic_constant,39,117,11800,12.01,2.6095785100280087
dynamic_constant,39,118,11900,12.06,2.583873061897585
dynamic_constant,39,119,12000,11.89,2.716229003600396
dynamic_constant,39,120,12100,11.5,2.0174241001832014
dynamic_constant,39,121,12200,11.72,2.24535075210979
dynamic_constant,39,122,12300,11.62,2.568190024122047
dynamic_constant,39,123,12400,11.81,2.587257234988435
dynamic_constant,39,124,12500,11.7,2.4392621835300936
dynamic_constant,39,125,12600,11.71,2.511155112692165
dynamic_constant,39,126,12700,11.62,2.6259474480651743
dynamic_constant,39,127,12800,12.33,2.919092324679026
dynamic_constant,39,128,12900,11.77,2.6976100533620495
dynamic_constant,39,129,13000,12.07,3.0041804206804894
dynamic_constant,39,130,13100,11.78,2.6705055701121463
dynamic_constant,39,131,13200,11.59,2.3878651553217987
dynamic_constant,39,132,13300,11.89,2.2886458878559606
dynamic_constant,39,133,13400,11.8,2.209072203437452
dynamic_constant,39,134,13500,11.74,2.4233035303073365
dynamic_constant,39,135,13600,11.59,2.0154155898970316
dynamic_constant,39,136,13700,11.35,2.329699551444349
dynamic_constant,39,137,13800,11.43,2.454607911663286
dynamic_constant,39,138,13900,11.7,2.220360331117452
dynamic_constant,39,139,14000,12.08,2.1479292353334176
dynamic_constant,39,140,14100,11.96,2.0392155354449413
dynamic_constant,39,141,14200,11.98,2.240446384094027
dynamic_constant,39,142,14300,12.23,3.215136077991101
dynamic_constant,39,143,14400,12.15,3.067164814613
dynamic_constant,39,144,14500,12.18,2.566632034398386
dynamic_constant,39,145,14600,12.38,2.656237941149098
dynamic_constant,39,146,14700,12.35,2.643387977577261
dynamic_constant,39,147,14800,12.3,2.6962937525425525
dynamic_constant,39,148,14900,12.19,2.3609108411797344
dynamic_constant,39,149,15000,11.94,2.2619460647858074
dynamic_constant,39,150,15100,11.83,2.557557428485233
dynamic_constant,40,0,100,21.0,0.0
dynamic_constant,40,1,200,20.78,5.013142726873034
dynamic_constant,40,2,300,17.17,6.696349751917085
dynamic_constant,40,3,400,13.36,4.869332603139777
dynamic_constant,40,4,500,11.93,4.037957404431107
dynamic_constant,40,5,600,11.75,3.9959354349138323
dynamic_constant,40,6,700,10.92,4.031575374465917
dynamic_constant,40,7,800,10.56,3.3535652669957092
dynamic_constant,40,8,900,10.56,3.7371647006788447
dynamic_constant,40,9,1000,10.36,2.893164357584961
dynamic_constant,40,10,1100,11.27,3.5152667039642953
dynamic_constant,40,11,1200,11.83,3.1370527569679156
dynamic_constant,40,12,1300,11.6,3.646916505762094
dynamic_constant,40,13,1400,11.53,3.9785801487465347
dynamic_constant,40,14,1500,11.88,3.7769829229161203
dynamic_constant,40,15,1600,11.95,3.5281014724636255
dynamic_constant,40,16,1700,11.61,3.984708270375637
dynamic_constant,40,17,1800,11.62,3.457687088213738
dynamic_constant,40,18,1900,11.58,3.444357705001035
dynamic_constant,40,19,2000,12.22,4.344145485593225
dynamic_constant,40,20,2100,11.74,3.7539845497817383
dynamic_constant,40,21,2200,12.26,3.3395209237254377
dynamic_constant,40,22,2300,11.89,3.9746572179245847
dynamic_constant,40,23,2400,11.99,3.383770086752349
dynamic_constant,40,24,2500,11.66,3.4153184331772053
dynamic_constant,40,25,2600,11.51,3.5056953661149737
dynamic_constant,40,26,2700,11.42,3.3739590987443817
dynamic_constant,40,27,2800,11.44,3.244441400302986
dynamic_constant,40,28,2900,11.72,3.880927724140196
dynamic_constant,40,29,3000,11.84,3.637911488752853
dynamic_constant,40,30,3100,11.87,3.448637412080313
dynamic_constant,40,31,3200,11.66,3.6584696254034963
dynamic_constant,40,32,3300,12.16,4.1921832021036485
dynamic_constant,40,33,3400,12.28,4.226298616993361
dynamic_constant,40,34,3500,12.81,3.7461847258243948
dynamic_constant,40,35,3600,12.53,3.6863396479434725
dynamic_constant,40,36,3700,12.53,3.6234099961224375
dynamic_constant,40,37,3800,12.41,3.847323745150647
dynamic_constant,40,38,3900,12.33,2.7750855842658257
dynamic_constant,40,39,4000,12.55,4.107006208906921
dynamic_constant,40,40,4100,11.73,3.478088555514365
dynamic_constant,40,41,4200,12.32,4.137342142003729
dynamic_constant,40,42,4300,12.04,3.4897564384925204
dynamic_constant,40,43,4400,12.07,3.55036617829767
dynamic_constant,40,44,4500,12.34,3.603387295309789
dynamic_constant,40,45,4600,12.39,3.6466285799351708
dynamic_constant,40,46,4700,12.53,3.4970130111282116
dynamic_constant,40,47,4800,12.76,3.4903294973397565
dynamic_constant,40,48,4900,12.65,3.879110722833263
dynamic_constant,40,49,5000,12.57,4.441294856232808
dynamic_constant,40,50,5100,12.62,3.7597340331464935
dynamic_constant,40,51,5200,13.09,4.261678073247674
dynamic_constant,40,52,5300,13.54,4.535239795203777
dynamic_constant,40,53,5400,12.49,3.6096952779978535
dynamic_constant,40,54,5500,13.13,3.851376377348753
dynamic_constant,40,55,5600,12.78,4.475667547975386
dynamic_constant,40,56,5700,11.8,3.271085446759225
dynamic_constant,40,57,5800,12.16,3.483446569132359
dynamic_constant,40,58,5900,12.23,3.174444833352755
dynamic_constant,40,59,6000,12.66,3.521988074937222
dynamic_constant,40,60,6100,12.62,3.523577727253934
dynamic_constant,40,61,6200,12.35,3.79835490706174
dynamic_constant,40,62,6300,12.04,3.152522799283139
dynamic_constant,40,63,6400,11.86,3.591712683386576
dynamic_constant,40,64,6500,11.71,3.476478102908172
dynamic_constant,40,65,6600,11.33,3.271253582344236
dynamic_constant,40,66,6700,11.46,3.32992492407862
dynamic_constant,40,67,6800,11.49,3.2664812872569775
dynamic_constant,40,68,6900,11.7,2.875760768909681
dynamic_constant,40,69,7000,12.21,3.341541560417886
dynamic_constant,40,70,7100,12.27,2.925252125885904
dynamic_constant,40,71,7200,11.78,2.7334227627646626
dynamic_constant,40,72,7300,11.88,3.3534459888299977
dynamic_constant,40,73,7400,11.86,3.346699867033194
dynamic_constant,40,74,7500,12.0,3.391164991562634
dynamic_constant,40,75,7600,12.09,3.3439348079769737
dynamic_constant,40,76,7700,12.16,4.346768914952806
dynamic_constant,40,77,7800,11.99,3.293918638946627
dynamic_constant,40,78,7900,12.35,3.1855140872392953
dynamic_constant,40,79,8000,12.68,3.4347634561931626
dynamic_constant,40,80,8100,12.79,4.184005258122891
dynamic_constant,40,81,8200,12.8,4.1856899072912706
dynamic_constant,40,82,8300,12.5,3.664696440361739
dynamic_constant,40,83,8400,12.2,3.7202150475476548
dynamic_constant,40,84,8500,12.38,4.365272041923618
dynamic_constant,40,85,8600,11.93,3.4763630420311395
dynamic_constant,40,86,8700,12.18,4.025866366386246
dynamic_constant,40,87,8800,12.29,4.526135216716354
dynamic_constant,40,88,8900,12.05,3.8713692668098716
dynamic_constant,40,89,9000,12.4,4.1036569057366385
dynamic_constant,40,90,9100,11.4,4.14004830889689
dynamic_constant,40,91,9200,11.58,4.389031783890383
dynamic_constant,40,92,9300,11.3,3.064310689208913
dynamic_constant,40,93,9400,11.32,3.2338212690252384
dynamic_constant,40,94,9500,11.58,3.2685776723217086
dynamic_constant,40,95,9600,11.49,3.241897592460317
dynamic_constant,40,96,9700,12.0,3.3105890714493698
dynamic_constant,40,97,9800,11.98,2.599923075785128
dynamic_constant,40,98,9900,11.94,3.2181361065063734
dynamic_constant,40,99,10000,12.04,3.423214863253547
dynamic_constant,40,100,10100,11.59,3.4701440892274205
dynamic_constant,40,101,10200,12.65,3.6670833096617805
dynamic_constant,40,102,10300,12.09,3.6058147484306513
dynamic_constant,40,103,10400,12.58,3.8266957025611537
dynamic_constant,40,104,10500,12.75,3.5815499438092444
dynamic_constant,40,105,10600,12.63,3.700418895206325
dynamic_constant,40,106,10700,12.09,3.5131040405886074
dynamic_constant,40,107,10800,11.95,2.9542342493444895
dynamic_constant,40,108,10900,12.21,3.902037929082699
dynamic_constant,40,109,11000,12.03,3.930534314822859
dynamic_constant,40,110,11100,12.29,3.99072675085629
dynamic_constant,40,111,11200,12.19,3.730134045848755
dynamic_constant,40,112,11300,12.29,3.611910851613035
dynamic_constant,40,113,11400,11.81,3.6102492988712007
dynamic_constant,40,114,11500,11.86,3.3616067586795455
dynamic_constant,40,115,11600,11.81,3.3397454992858364
dynamic_constant,40,116,11700,12.41,3.99773685977454
dynamic_constant,40,117,11800,11.98,3.2893160383277253
dynamic_constant,40,118,11900,12.31,2.995646841668757
dynamic_constant,40,119,12000,12.22,3.4571086184845274
dynamic_constant,40,120,12100,12.02,3.2618399715498
dynamic_constant,40,121,12200,12.11,3.358258477246801
dynamic_constant,40,122,12300,12.1,3.6592348927063973
dynamic_constant,40,123,12400,12.23,2.7707580190265624
dynamic_constant,40,124,12500,12.4,3.056141357987225
dynamic_constant,40,125,12600,12.59,4.549934065456333
dynamic_constant,40,126,12700,12.41,3.5723801589416544
dynamic_constant,40,127,12800,12.46,3.548013528722798
dynamic_constant,40,128,12900,12.38,3.7276802437977428
dynamic_constant,40,129,13000,12.75,3.530934720438768
dynamic_constant,40,130,13100,12.95,3.4709508783617204
dynamic_constant,40,131,13200,12.75,4.02336923485777
dynamic_constant,40,132,13300,12.67,3.566665109033928
dynamic_constant,40,133,13400,13.33,3.647067314980627
dynamic_constant,40,134,13500,13.27,3.8127549095109696
dynamic_constant,40,135,13600,13.11,3.989724301251905
dynamic_constant,40,136,13700,12.96,4.225920018173557
dynamic_constant,40,137,13800,12.24,3.8784532999637884
dynamic_constant,40,138,13900,12.64,3.4191226944934274
dynamic_constant,40,139,14000,12.55,3.763973963778177
dynamic_constant,40,140,14100,12.86,3.3941714747490286
dynamic_constant,40,141,14200,12.87,3.645970378376654
dynamic_constant,40,142,14300,12.86,4.688325927236715
dynamic_constant,40,143,14400,12.33,3.464260382823439
dynamic_constant,40,144,14500,11.78,3.683965254993592
dynamic_constant,40,145,14600,12.43,3.3173935551875657
dynamic_constant,40,146,14700,12.54,2.5433049364950326
dynamic_constant,40,147,14800,13.01,3.4043942192407743
dynamic_constant,40,148,14900,12.8,3.159113799786263
dynamic_constant,40,149,15000,12.67,2.9259357477566046
dynamic_constant,40,150,15100,12.98,3.5832387584418655
dynamic_constant,41,0,100,21.0,0.0
dynamic_constant,41,1,200,20.87,4.489220422300513
dynamic_constant,41,2,300,17.12,6.187535858481953
dynamic_constant,41,3,400,12.17,4.617477666432183
dynamic_constant,41,4,500,10.35,3.592700933837939
dynamic_constant,41,5,600,9.8,2.9223278392404914
dynamic_constant,41,6,700,9.76,2.0450916849862746
dynamic_constant,41,7,800,9.88,2.3421357774475844
dynamic_constant,41,8,900,9.99,2.5039768369535693
dynamic_constant,41,9,1000,10.32,2.6415147169758497
dynamic_constant,41,10,1100,10.71,2.6694381431304977
dynamic_constant,41,11,1200,11.03,2.3171318477807863
dynamic_constant,41,12,1300,11.21,2.589575254747388
dynamic_constant,41,13,1400,11.02,2.5572641631243336
dynamic_constant,41,14,1500,10.85,2.146508793366568
dynamic_constant,41,15,1600,10.71,2.3121202390879243
dynamic_constant,41,16,1700,11.01,2.4555854699032573
dynamic_constant,41,17,1800,11.26,2.6855911825890404
dynamic_constant,41,18,1900,11.46,2.643558208173219
dynamic_constant,41,19,2000,11.15,2.725344014982329
dynamic_constant,41,20,2100,11.11,2.4612801547162406
dynamic_constant,41,21,2200,11.11,2.293011120775475
dynamic_constant,41,22,2300,11.56,2.6241951146970757
dynamic_constant,41,23,2400,11.31,2.440061474635424
dynamic_constant,41,24,2500,11.45,2.3973944189473704
dynamic_constant,41,25,2600,11.6,2.209072203437452
dynamic_constant,41,26,2700,11.42,2.5186504322751895
dynamic_constant,41,27,2800,11.65,2.15580611373101
dynamic_constant,41,28,2900,11.62,2.23060529901639
dynamic_constant,41,29,3000,11.88,2.1876014262200507
dynamic_constant,41,30,3100,11.94,2.465035496701822
dynamic_constant,41,31,3200,11.83,2.5022190151943136
dynamic_constant,41,32,3300,11.79,2.3034539283432607
dynamic_constant,41,33,3400,11.98,2.584492213182311
dynamic_constant,41,34,3500,11.79,2.141471456732496
dynamic_constant,41,35,3600,12.22,2.1843992309099542
dynamic_constant,41,36,3700,12.23,2.6640382880131432
dynamic_constant,41,37,3800,12.16,2.419586741573858
dynamic_constant,41,38,3900,12.51,2.523866082025748
dynamic_constant,41,39,4000,12.68,2.162775993948518
dynamic_constant,41,40,4100,12.77,2.7923287772037155
dynamic_constant,41,41,4200,12.95,2.48746859276655
dynamic_constant,41,42,4300,12.93,2.7064921947051683
dynamic_constant,41,43,4400,12.59,2.7462519913511216
dynamic_constant,41,44,4500,12.49,2.658928355559811
dynamic_constant,41,45,4600,12.46,2.459349507491768
dynamic_constant,41,46,4700,12.58,2.7934924377918047
dynamic_constant,41,47,4800,12.42,3.2838392165268995
dynamic_constant,41,48,4900,12.64,2.812543332999511
dynamic_constant,41,49,5000,12.74,2.4964775184247103
dynamic_constant,41,50,5100,12.25,2.692118125194361
dynamic_constant,41,51,5200,12.38,2.6637567456507734
dynamic_constant,41,52,5300,12.79,2.9164876135516162
dynamic_constant,41,53,5400,13.2,2.664582518894846
dynamic_constant,41,54,5500,13.31,2.3651427018258326
dynamic_constant,41,55,5600,12.96,2.831677947789967
dynamic_constant,41,56,5700,12.7,2.7982137159266447
dynamic_constant,41,57,5800,12.67,2.8179957416575347
dynamic_constant,41,58,5900,12.37,2.1102369535196757
dynamic_constant,41,59,6000,12.42,2.2855196345689093
dynamic_constant,41,60,6100,11.87,2.411037121240567
dynamic_constant,41,61,6200,11.61,2.240066963284803
dynamic_constant,41,62,6300,11.83,2.486181811533501
dynamic_constant,41,63,6400,11.76,2.168501786948768
dynamic_constant,41,64,6500,11.74,2.1523010941780427
dynamic_constant,41,65,6600,11.77,2.7234353306072827
dynamic_constant,41,66,6700,11.77,2.6262330437339334
dynamic_constant,41,67,6800,12.08,2.44
dynamic_constant,41,68,6900,11.93,2.409377512968858
dynamic_constant,41,69,7000,11.8,2.3664319132398464
dynamic_constant,41,70,7100,12.0,2.973213749463701
dynamic_constant,41,71,7200,12.22,2.2697136383253285
dynamic_constant,41,72,7300,12.13,2.496617712025612
dynamic_constant,41,73,7400,12.2,2.4738633753705965
dynamic_constant,41,74,7500,11.98,2.0879655169566376
dynamic_constant,41,75,7600,12.07,2.19661102610362
dynamic_constant,41,76,7700,12.15,2.3973944189473704
dynamic_constant,41,77,7800,11.98,2.3789913829183997
dynamic_constant,41,78,7900,12.15,2.4753787588973126
dynamic_constant,41,79,8000,11.81,2.4482442688588084
dynamic_constant,41,80,8100,11.73,2.686466080187874
dynamic_constant,41,81,8200,12.07,2.843431026066924
dynamic_constant,41,82,8300,11.97,2.6208967930843823
dynamic_constant,41,83,8400,11.88,2.534876722840778
dynamic_constant,41,84,8500,12.04,2.7015551077111124
dynamic_constant,41,85,8600,12.46,2.613120739652112
dynamic_constant,41,86,8700,12.3,2.6664583251946765
dynamic_constant,41,87,8800,12.3,2.7404379212089442
dynamic_constant,41,88,8900,11.91,2.7389596565119394
dynamic_constant,41,89,9000,12.12,2.82588039378881
dynamic_constant,41,90,9100,11.55,2.4834451876375288
dynamic_constant,41,91,9200,11.92,2.6932508238186808
dynamic_constant,41,92,9300,11.87,2.175568891117907
dynamic_constant,41,93,9400,11.98,2.1117765033260505
dynamic_constant,41,94,9500,11.94,2.734300641846101
dynamic_constant,41,95,9600,11.83,2.4126955879264997
dynamic_constant,41,96,9700,11.76,2.73173937263422
dynamic_constant,41,97,9800,12.0,2.5337718918639855
dynamic_constant,41,98,9900,11.9,2.903446228191595
dynamic_constant,41,99,10000,11.82,2.8297703086999833
dynamic_constant,41,100,10100,11.9,2.875760768909681
dynamic_constant,41,101,10200,12.2,2.723967694375247
dynamic_constant,41,102,10300,11.68,2.181192334481304
dynamic_constant,41,103,10400,11.49,2.6324703227197075
dynamic_constant,41,104,10500,11.26,2.2163934668736056
dynamic_constant,41,105,10600,11.26,2.2830681111171436
dynamic_constant,41,106,10700,11.93,2.5971330347134707
dynamic_constant,41,107,10800,11.6,2.345207879911715
dynamic_constant,41,108,10900,11.14,2.2181974664127626
dynamic_constant,41,109,11000,11.4,2.172556098240043
dynamic_constant,41,110,11100,11.28,1.923954261410598
dynamic_constant,41,111,11200,11.56,1.9303885619221848
dynamic_constant,41,112,11300,11.43,2.1598842561581857
dynamic_constant,41,113,11400,11.39,1.9590558950678258
dynamic_constant,41,114,11500,11.41,2.102831424532171
dynamic_constant,41,115,11600,11.61,2.3103895775388184
dynamic_constant,41,116,11700,11.98,2.3747842007222464
dynamic_constant,41,117,11800,12.28,2.416940214403327
dynamic_constant,41,118,11900,12.15,2.2688102609076854
dynamic_constant,41,119,12000,12.45,2.754541704167864
dynamic_constant,41,120,12100,12.77,2.8874036780471135
dynamic_constant,41,121,12200,12.93,2.818705376586918
dynamic_constant,41,122,12300,13.02,2.7675982367388516
dynamic_constant,41,123,12400,12.56,2.754342026691674
dynamic_constant,41,124,12500,12.09,2.149860460588082
dynamic_constant,41,125,12600,12.6,2.3958297101421877
dynamic_constant,41,126,12700,12.23,2.4118664971345325
dynamic_constant,41,127,12800,12.32,2.4449130863897803
dynamic_constant,41,128,12900,12.3,2.6286878856189833
dynamic_constant,41,129,13000,12.78,1.9056757331718324
dynamic_constant,41,130,13100,12.51,2.1330494602798127
dynamic_constant,41,131,13200,12.52,2.815954545087687
dynamic_constant,41,132,13300,12.31,2.4766711529793373
dynamic_constant,41,133,13400,12.2,2.723967694375247
dynamic_constant,41,134,13500,11.64,2.5632791498391274
dynamic_constant,41,135,13600,11.79,2.45477086507071
dynamic_constant,41,136,13700,11.74,2.4924686557708204
dynamic_constant,41,137,13800,11.34,2.2987822863420537
dynamic_constant,41,138,13900,11.54,2.3850366873488555
dynamic_constant,41,139,14000,11.37,2.7446493400797123
dynamic_constant,41,140,14100,11.56,2.7104243210242926
dynamic_constant,41,141,14200,11.61,2.40788288751758
dynamic_constant,41,142,14300,11.76,2.293992153430347
dynamic_constant,41,143,14400,11.85,2.6052830940226053
dynamic_constant,41,144,14500,11.41,2.276378703115982
dynamic_constant,41,145,14600,11.35,2.5782746168707478
dynamic_constant,41,146,14700,11.69,2.3777930944470334
dynamic_constant,41,147,14800,11.86,2.7056237728109944
dynamic_constant,41,148,14900,11.97,2.308484351257335
dynamic_constant,41,149,15000,12.1,2.202271554554524
dynamic_constant,41,150,15100,11.81,2.2658111130453924
dynamic_constant,42,0,100,21.0,0.0
dynamic_constant,42,1,200,20.65,4.744206993797804
dynamic_constant,42,2,300,17.58,6.216397670677126
dynamic_constant,42,3,400,14.29,6.560937433019767
dynamic_constant,42,4,500,10.68,4.356328729561166
dynamic_constant,42,5,600,9.96,3.580279318712438
dynamic_constant,42,6,700,10.07,3.3143777696575265
dynamic_constant,42,7,800,10.13,3.764717784907655
dynamic_constant,42,8,900,10.96,3.88823867580168
dynamic_constant,42,9,1000,11.04,3.8650226390022606
dynamic_constant,42,10,1100,10.93,3.2565472513077407
dynamic_constant,42,11,1200,10.87,3.148507582966889
dynamic_constant,42,12,1300,10.75,3.08666486681013
dynamic_constant,42,13,1400,11.02,2.814178388091274
dynamic_constant,42,14,1500,11.16,2.862586243242289
dynamic_constant,42,15,1600,11.1,2.7147743920996454
dynamic_constant,42,16,1700,10.76,2.4662522174343806
dynamic_constant,42,17,1800,10.69,2.640814268364968
dynamic_constant,42,18,1900,10.54,2.401749362443967
dynamic_constant,42,19,2000,10.77,2.738083271195381
dynamic_constant,42,20,2100,10.73,2.4035598598745156
dynamic_constant,42,21,2200,11.1,2.6776855677991764
dynamic_constant,42,22,2300,11.62,3.0324247723562743
dynamic_constant,42,23,2400,11.15,3.001249739691784
dynamic_constant,42,24,2500,11.91,2.8074721726136485
dynamic_constant,42,25,2600,11.45,2.7941904015295735
dynamic_constant,42,26,2700,12.03,2.9238844026397492
dynamic_constant,42,27,2800,11.65,2.9744747435471695
dynamic_constant,42,28,2900,11.95,2.48746859276655
dynamic_constant,42,29,3000,12.24,2.6004614975038565
dynamic_constant,42,30,3100,11.96,2.645448922205832
dynamic_constant,42,31,3200,12.0,2.3622023622035435
dynamic_constant,42,32,3300,12.19,2.252531908764002
dynamic_constant,42,33,3400,12.37,2.617842623230052
dynamic_constant,42,34,3500,12.28,2.387802336877992
dynamic_constant,42,35,3600,11.97,2.35140383600946
dynamic_constant,42,36,3700,12.06,2.781438476759822
dynamic_constant,42,37,3800,12.15,3.1539657575820317
dynamic_constant,42,38,3900,11.88,2.173844520659194
dynamic_constant,42,39,4000,11.41,1.7781732199085667
dynamic_constant,42,40,4100,11.17,2.059393114487858
dynamic_constant,42,41,4200,11.52,1.6216041440499591
dynamic_constant,42,42,4300,11.61,1.7770481141488546
dynamic_constant,42,43,4400,11.38,2.166933316925096
dynamic_constant,42,44,4500,11.34,1.960714155607594
dynamic_constant,42,45,4600,11.27,1.7541664687252463
dynamic_constant,42,46,4700,11.21,1.9964718881066168
dynamic_constant,42,47,4800,11.13,2.143151884491624
dynamic_constant,42,48,4900,11.23,2.194789283735457
dynamic_constant,42,49,5000,11.16,2.0819221887476966
dynamic_constant,42,50,5100,11.12,2.1414014102918677
dynamic_constant,42,51,5200,11.08,1.6714065932620943
dynamic_constant,42,52,5300,11.05,2.1558061137310096
dynamic_constant,42,53,5400,11.2,2.16794833886788
dynamic_constant,42,54,5500,11.29,2.46290478906514
dynamic_constant,42,55,5600,11.68,2.162775993948518
dynamic_constant,42,56,5700,11.45,2.3637893307145625
dynamic_constant,42,57,5800,11.35,1.8781639970992947
dynamic_constant,42,58,5900,11.52,2.032141727340886
dynamic_constant,42,59,6000,11.43,2.732233518570475
dynamic_constant,42,60,6100,11.38,2.23060529901639
dynamic_constant,42,61,6200,11.06,2.465035496701822
dynamic_constant,42,62,6300,11.45,2.308137777516758
dynamic_constant,42,63,6400,11.41,2.4661508469678006
dynamic_constant,42,64,6500,11.36,2.9950626036862733
dynamic_constant,42,65,6600,11.3,2.6210684844162317
dynamic_constant,42,66,6700,11.28,2.425201022595859
dynamic_constant,42,67,6800,11.33,2.1450174824462387
dynamic_constant,42,68,6900,11.41,1.82808643121708
dynamic_constant,42,69,7000,11.41,2.4539559898254084
dynamic_constant,42,70,7100,11.46,2.1232993194554552
dynamic_constant,42,71,7200,11.53,2.3893723025095945
dynamic_constant,42,72,7300,11.5,2.3130067012440754
dynamic_constant,42,73,7400,11.55,2.2511108368980857
dynamic_constant,42,74,7500,11.42,2.3502340308999017
dynamic_constant,42,75,7600,11.32,2.5451129640941286
dynamic_constant,42,76,7700,11.63,2.0574498778828123
dynamic_constant,42,77,7800,11.85,2.658477007611689
dynamic_constant,42,78,7900,12.0,2.3579652245103193
dynamic_constant,42,79,8000,11.55,2.511473670974872
dynamic_constant,42,80,8100,11.46,2.080480713681336
dynamic_constant,42,81,8200,11.52,2.151650529244933
dynamic_constant,42,82,8300,11.53,2.5197420502900685
dynamic_constant,42,83,8400,11.65,2.2466641938660974
dynamic_constant,42,84,8500,11.66,2.5068705590835756
dynamic_constant,42,85,8600,11.41,2.280767414709356
dynamic_constant,42,86,8700,11.61,2.2445266761613683
dynamic_constant,42,87,8800,11.74,2.45609446072418
dynamic_constant,42,88,8900,11.37,2.512588306905849
dynamic_constant,42,89,9000,11.52,2.519841264841895
dynamic_constant,42,90,9100,11.77,2.6640382880131437
dynamic_constant,42,91,9200,11.3,2.582634314028992
dynamic_constant,42,92,9300,11.26,2.5440911933340757
dynamic_constant,42,93,9400,11.22,2.2116961816669125
dynamic_constant,42,94,9500,11.0,2.2
dynamic_constant,42,95,9600,11.0,2.2135943621178655
dynamic_constant,42,96,9700,11.14,2.154158768521949
dynamic_constant,42,97,9800,11.32,2.416112580158466
dynamic_constant,42,98,9900,11.18,2.4469572942738496
dynamic_constant,42,99,10000,11.51,2.1794265300762032
dynamic_constant,42,100,10100,11.32,1.979292802998081
dynamic_constant,42,101,10200,11.4,2.3151673805580453
dynamic_constant,42,102,10300,11.31,1.90627909813857
dynamic_constant,42,103,10400,11.47,2.099785703351654
dynamic_constant,42,104,10500,11.8,3.0789608636681307
dynamic_constant,42,105,10600,11.84,2.261503924383064
dynamic_constant,42,106,10700,11.88,3.030775478322339
dynamic_constant,42,107,10800,11.8,1.9798989873223332
dynamic_constant,42,108,10900,11.63,2.1617354139672136
dynamic_constant,42,109,11000,11.77,2.239888390076613
dynamic_constant,42,110,11100,11.84,2.5873538606073967
dynamic_constant,42,111,11200,11.57,2.3968938232637673
dynamic_constant,42,112,11300,11.73,2.5371440637062768
dynamic_constant,42,113,11400,11.55,2.4140215409146624
dynamic_constant,42,114,11500,11.33,2.0102487408278606
dynamic_constant,42,115,11600,11.3,2.8722813232690148
dynamic_constant,42,116,11700,11.59,2.2938831705211147
dynamic_constant,42,117,11800,11.57,2.2550166296504335
dynamic_constant,42,118,11900,11.95,2.6772187060455113
dynamic_constant,42,119,12000,11.9,2.3302360395462087
dynamic_constant,42,120,12100,12.32,3.039342034059346
dynamic_constant,42,121,12200,12.49,2.8757433821535607
dynamic_constant,42,122,12300,12.25,2.8368115905008566
dynamic_constant,42,123,12400,11.9,2.2781571499789037
dynamic_constant,42,124,12500,11.96,2.0587374771932434
dynamic_constant,42,125,12600,11.98,2.235978532991764
dynamic_constant,42,126,12700,11.73,1.9791664912280622
dynamic_constant,42,127,12800,12.13,2.621659779605279
dynamic_constant,42,128,12900,12.41,3.023557507308237
dynamic_constant,42,129,13000,12.71,2.9233371341670464
dynamic_constant,42,130,13100,12.67,3.072637303685549
dynamic_constant,42,131,13200,12.67,2.668538926079213
dynamic_constant,42,132,13300,12.33,2.705753129906718
dynamic_constant,42,133,13400,12.46,2.6397727174891403
dynamic_constant,42,134,13500,12.65,2.515452245621053
dynamic_constant,42,135,13600,12.79,2.511155112692165
dynamic_constant,42,136,13700,12.98,2.641893260523597
dynamic_constant,42,137,13800,12.31,2.7484359188454803
dynamic_constant,42,138,13900,11.78,2.4762067765031257
dynamic_constant,42,139,14000,11.86,2.490060240235163
dynamic_constant,42,140,14100,11.76,2.182292372712694
dynamic_constant,42,141,14200,11.96,2.6035360569809667
dynamic_constant,42,142,14300,12.02,2.428909220205646
dynamic_constant,42,143,14400,11.74,2.3605931458004363
dynamic_constant,42,144,14500,11.27,2.323165943276545
dynamic_constant,42,145,14600,11.48,2.3344378338263794
dynamic_constant,42,146,14700,11.54,2.45120378589786
dynamic_constant,42,147,14800,11.98,2.529743069957896
dynamic_constant,42,148,14900,11.89,2.3447601156621545
dynamic_constant,42,149,15000,12.32,2.4449130863897803
dynamic_constant,42,150,15100,12.38,2.9181500989496754
dynamic_constant,43,0,100,21.0,0.0
dynamic_constant,43,1,200,20.69,4.751199848459334
dynamic_constant,43,2,300,17.41,6.245150118291793
dynamic_constant,43,3,400,13.39,5.589087582065609
dynamic_constant,43,4,500,11.23,3.849298637414354
dynamic_constant,43,5,600,10.63,2.9142923669391854
dynamic_constant,43,6,700,10.34,3.1023217112349903
dynamic_constant,43,7,800,10.66,2.5737909783041824
dynamic_constant,43,8,900,11.29,3.0209104587855626
dynamic_constant,43,9,1000,11.29,3.3235372722447387
dynamic_constant,43,10,1100,11.46,2.8545402431915377
dynamic_constant,43,11,1200,12.4,3.722902093797257
dynamic_constant,43,12,1300,12.58,3.216146762820379
dynamic_constant,43,13,1400,12.29,3.7129368429856173
dynamic_constant,43,14,1500,12.77,3.616227315863869
dynamic_constant,43,15,1600,12.42,3.62541032160499
dynamic_constant,43,16,1700,12.6,3.1968734726291563
dynamic_constant,43,17,1800,12.63,3.015476745060389
dynamic_constant,43,18,1900,12.77,3.349193932873998
dynamic_constant,43,19,2000,12.77,3.7144447768138913
dynamic_constant,43,20,2100,12.29,4.345791067228152
dynamic_constant,43,21,2200,11.88,3.250476888088885
dynamic_constant,43,22,2300,12.31,4.011720329235327
dynamic_constant,43,23,2400,12.49,3.5930349288588888
dynamic_constant,43,24,2500,12.45,3.241527417746146
dynamic_constant,43,25,2600,12.09,3.647176990495525
dynamic_constant,43,26,2700,11.58,3.4210524696356233
dynamic_constant,43,27,2800,11.67,2.7351599587592683
dynamic_constant,43,28,2900,11.7,2.96141857899217
dynamic_constant,43,29,3000,11.74,3.122883283121545
dynamic_constant,43,30,3100,11.2,2.6832815729997477
dynamic_constant,43,31,3200,11.58,2.9092267013761575
dynamic_constant,43,32,3300,11.76,2.371160053644629
dynamic_constant,43,33,3400,11.89,2.9253888630402627
dynamic_constant,43,34,3500,11.74,3.4427314736993355
dynamic_constant,43,35,3600,11.44,2.9709257816377708
dynamic_constant,43,36,3700,11.24,2.8848570155208733
dynamic_constant,43,37,3800,11.06,2.489256917234539
dynamic_constant,43,38,3900,10.97,2.3514038360094593
dynamic_constant,43,39,4000,11.26,2.9346890806352897
dynamic_constant,43,40,4100,11.55,3.491060010942235
dynamic_constant,43,41,4200,11.62,2.591447471973916
dynamic_constant,43,42,4300,11.25,2.783433131943356
dynamic_constant,43,43,4400,10.8,2.5099800796022267
dynamic_constant,43,44,4500,10.63,2.476509640603081
dynamic_constant,43,45,4600,10.66,2.5969982672308425
dynamic_constant,43,46,4700,10.65,2.4672859582950655
dynamic_constant,43,47,4800,10.64,2.5515485494107297
dynamic_constant,43,48,4900,11.04,2.4976789225198663
dynamic_constant,43,49,5000,11.02,2.5806200805232837
dynamic_constant,43,50,5100,11.25,2.8368115905008566
dynamic_constant,43,51,5200,11.49,2.8896193520946665
dynamic_constant,43,52,5300,12.07,3.5021564785143453
dynamic_constant,43,53,5400,11.64,2.8478764018124094
dynamic_constant,43,54,5500,11.42,2.4947144125129834
dynamic_constant,43,55,5600,11.44,2.6770132610803405
dynamic_constant,43,56,5700,11.12,2.5584370228715816
dynamic_constant,43,57,5800,11.07,2.51894819319493
dynamic_constant,43,58,5900,11.15,2.854382595238417
dynamic_constant,43,59,6000,11.48,2.681342947106916
dynamic_constant,43,60,6100,11.14,2.336749879640523
dynamic_constant,43,61,6200,10.7,2.551470164434615
dynamic_constant,43,62,6300,11.09,2.4211360969594415
dynamic_constant,43,63,6400,10.88,2.1507208094032104
dynamic_constant,43,64,6500,10.92,2.4725695136840944
dynamic_constant,43,65,6600,11.01,2.662686613178502
dynamic_constant,43,66,6700,11.21,2.3887025767139787
dynamic_constant,43,67,6800,11.17,2.5614644248944782
dynamic_constant,43,68,6900,11.56,2.7615937427507324
dynamic_constant,43,69,7000,11.44,2.2150395030337493
dynamic_constant,43,70,7100,11.49,3.179606893941451
dynamic_constant,43,71,7200,11.52,2.91369181623589
dynamic_constant,43,72,7300,11.46,3.018012591093682
dynamic_constant,43,73,7400,11.72,3.006925339944442
dynamic_constant,43,74,7500,11.4,2.6683328128252666
dynamic_constant,43,75,7600,11.58,2.250244431167423
dynamic_constant,43,76,7700,11.85,2.750908940695784
dynamic_constant,43,77,7800,12.21,2.9775661201726487
dynamic_constant,43,78,7900,12.09,2.4045581714735036
dynamic_constant,43,79,8000,11.92,2.4967178454923578
dynamic_constant,43,80,8100,11.79,3.027523740617074
dynamic_constant,43,81,8200,12.16,2.9520162601178197
dynamic_constant,43,82,8300,12.04,2.828144267890165
dynamic_constant,43,83,8400,11.99,2.5435998112910765
dynamic_constant,43,84,8500,12.22,3.08084404019418
dynamic_constant,43,85,8600,11.94,2.456908626709589
dynamic_constant,43,86,8700,11.64,2.674023186137323
dynamic_constant,43,87,8800,11.63,2.938213743075884
dynamic_constant,43,88,8900,11.36,2.65902237673924
dynamic_constant,43,89,9000,11.83,3.092102844343959
dynamic_constant,43,90,9100,12.08,3.032094985319556
dynamic_constant,43,91,9200,11.74,2.6930280355020444
dynamic_constant,43,92,9300,12.03,2.854662852247179
dynamic_constant,43,93,9400,11.94,2.9624989451474915
dynamic_constant,43,94,9500,11.5,2.9647934160747185
dynamic_constant,43,95,9600,11.36,2.52
dynamic_constant,43,96,9700,11.84,2.6180909075125713
dynamic_constant,43,97,9800,11.95,2.3038012067016544
dynamic_constant,43,98,9900,12.18,2.7654294422385832
dynamic_constant,43,99,10000,11.8,2.412467616362964
dynamic_constant,43,100,10100,11.64,3.015029021419197
dynamic_constant,43,101,10200,11.63,2.7410034658861706
dynamic_constant,43,102,10300,11.22,2.547861848688033
dynamic_constant,43,103,10400,11.59,2.9498983033318287
dynamic_constant,43,104,10500,11.29,3.175830600016317
dynamic_constant,43,105,10600,11.86,2.7677427626136066
dynamic_constant,43,106,10700,11.96,2.7853904573685893
dynamic_constant,43,107,10800,11.81,2.962076974016712
dynamic_constant,43,108,10900,11.75,2.511473670974872
dynamic_constant,43,109,11000,11.9,2.776688675382964
dynamic_constant,43,110,11100,11.84,2.8168067026333206
dynamic_constant,43,111,11200,11.8,2.5884358211089573
dynamic_constant,43,112,11300,11.76,2.5617181734140857
dynamic_constant,43,113,11400,12.16,2.8132543432828814
dynamic_constant,43,114,11500,12.05,3.395217224272992
dynamic_constant,43,115,11600,12.3,3.2787192621510006
dynamic_constant,43,116,11700,12.77,2.5371440637062768
dynamic_constant,43,117,11800,12.74,3.04506157573209
dynamic_constant,43,118,11900,12.18,2.8120455188349993
dynamic_constant,43,119,12000,12.34,3.4240911202828697
dynamic_constant,43,120,12100,12.25,3.3237779709240507
dynamic_constant,43,121,12200,12.13,3.064816470851069
dynamic_constant,43,122,12300,12.19,2.6895910469809348
dynamic_constant,43,123,12400,11.9,2.7331300737432898
dynamic_constant,43,124,12500,11.68,2.9389794146948356
dynamic_constant,43,125,12600,11.78,2.72609610982445
dynamic_constant,43,126,12700,12.22,3.0383548179894984
dynamic_constant,43,127,12800,12.14,3.059477079502312
dynamic_constant,43,128,12900,12.02,2.727563014854103
dynamic_constant,43,129,13000,12.0,2.4166091947189146
dynamic_constant,43,130,13100,12.52,3.2139695082561066
dynamic_constant,43,131,13200,12.3,2.165640782770772
dynamic_constant,43,132,13300,12.42,3.5332138344572352
dynamic_constant,43,133,13400,12.04,2.7492544443903335
dynamic_constant,43,134,13500,11.87,2.7373527357649765
dynamic_constant,43,135,13600,11.52,2.4959166652755056
dynamic_constant,43,136,13700,11.74,2.4315427201675894
dynamic_constant,43,137,13800,11.91,2.3626044950435525
dynamic_constant,43,138,13900,11.93,2.8009105662266336
dynamic_constant,43,139,14000,11.96,2.838732111348304
dynamic_constant,43,140,14100,11.8,3.6523964735499352
dynamic_constant,43,141,14200,11.85,2.4672859582950655
dynamic_constant,43,142,14300,11.92,2.9212326165507605
dynamic_constant,43,143,14400,11.94,3.1074748591098853
dynamic_constant,43,144,14500,11.99,3.4914037291610955
dynamic_constant,43,145,14600,12.05,2.9811910371527683
dynamic_constant,43,146,14700,12.1,2.924038303442689
dynamic_constant,43,147,14800,12.17,2.4982193658684175
dynamic_constant,43,148,14900,12.24,3.023640190234281
dynamic_constant,43,149,15000,12.01,2.783864220826871
dynamic_constant,43,150,15100,12.37,3.1832530530889307
dynamic_constant,44,0,100,21.0,0.0
dynamic_constant,44,1,200,20.82,4.186597663974889
dynamic_constant,44,2,300,18.03,7.637349016510899
dynamic_constant,44,3,400,13.43,5.765856397795561
dynamic_constant,44,4,500,10.89,4.617131143903105
dynamic_constant,44,5,600,10.24,3.143628476776478
dynamic_constant,44,6,700,10.34,2.7430639802964856
dynamic_constant,44,7,800,10.23,2.90122387967561
dynamic_constant,44,8,900,9.99,2.7147559743004526
dynamic_constant,44,9,1000,9.96,2.741970094658219
dynamic_constant,44,10,1100,9.61,2.3276382880507875
dynamic_constant,44,11,1200,9.89,2.6339893697583516
dynamic_constant,44,12,1300,10.18,2.5154721226839305
dynamic_constant,44,13,1400,10.46,2.471517752313343
dynamic_constant,44,14,1500,10.33,2.8356833391618324
dynamic_constant,44,15,1600,10.59,3.739237890265876
dynamic_constant,44,16,1700,10.72,2.9123186638827834
dynamic_constant,44,17,1800,11.12,2.8749956521706257
dynamic_constant,44,18,1900,11.51,3.044651047328741
dynamic_constant,44,19,2000,11.54,3.6617482163578643
dynamic_constant,44,20,2100,11.98,3.072393204002379
dynamic_constant,44,21,2200,11.74,2.704144966528237
dynamic_constant,44,22,2300,11.8,3.2526911934581184
dynamic_constant,44,23,2400,11.69,2.500779878357949
dynamic_constant,44,24,2500,11.6,3.0397368307141326
dynamic_constant,44,25,2600,11.47,2.639905301331849
dynamic_constant,44,26,2700,11.35,2.947456530637899
dynamic_constant,44,27,2800,11.29,2.7578796202880214
dynamic_constant,44,28,2900,11.02,2.565073098373612
dynamic_constant,44,29,3000,11.37,3.318599102030855
dynamic_constant,44,30,3100,12.01,2.9034290072257667
dynamic_constant,44,31,3200,12.08,3.50051424793558
dynamic_constant,44,32,3300,11.99,3.0182610887728054
dynamic_constant,44,33,3400,11.94,3.164869665562865
dynamic_constant,44,34,3500,12.0,3.2186953878862163
dynamic_constant,44,35,3600,12.15,3.5252659474144643
dynamic_constant,44,36,3700,11.73,3.088219551780605
dynamic_constant,44,37,3800,11.57,2.7794064114483152
dynamic_constant,44,38,3900,10.93,2.684231733662353
dynamic_constant,44,39,4000,11.12,2.2683915006012523
dynamic_constant,44,40,4100,11.05,2.5627134057479
dynamic_constant,44,41,4200,11.31,3.3217314762033374
dynamic_constant,44,42,4300,11.33,2.735159958759268
dynamic_constant,44,43,4400,11.3,3.044667469527666
dynamic_constant,44,44,4500,11.42,3.292962192312569
dynamic_constant,44,45,4600,11.4,2.9899832775452104
dynamic_constant,44,46,4700,11.45,2.8403344873447565
dynamic_constant,44,47,4800,11.87,3.0875718615118903
dynamic_constant,44,48,4900,11.94,3.029257334727441
dynamic_constant,44,49,5000,12.1,3.167017524422623
dynamic_constant,44,50,5100,12.53,3.6040394004505556
dynamic_constant,44,51,5200,12.64,3.497198879103103
dynamic_constant,44,52,5300,12.28,2.8881828196982267
dynamic_constant,44,53,5400,12.04,3.9010767744303623
dynamic_constant,44,54,5500,11.94,3.399470547011696
dynamic_constant,44,55,5600,11.86,3.215649234602555
dynamic_constant,44,56,5700,11.6,2.6038433132583076
dynamic_constant,44,57,5800,11.95,3.1760824926314495
dynamic_constant,44,58,5900,11.92,3.189608126400483
dynamic_constant,44,59,6000,12.01,3.8999871794661067
dynamic_constant,44,60,6100,12.45,3.2996211903792836
dynamic_constant,44,61,6200,12.73,4.004634814811458
dynamic_constant,44,62,6300,12.92,3.7166651718980552
dynamic_constant,44,63,6400,12.9,3.612478373637689
dynamic_constant,44,64,6500,13.17,4.025059005778673
dynamic_constant,44,65,6600,12.31,3.814957404742549
dynamic_constant,44,66,6700,12.6,3.2031234756093934
dynamic_constant,44,67,6800,12.73,4.142112987353194
dynamic_constant,44,68,6900,12.32,3.5238615182779247
dynamic_constant,44,69,7000,12.47,3.539646875042763
dynamic_constant,44,70,7100,12.92,3.5515630361856174
dynamic_constant,44,71,7200,12.98,3.841822484186379
dynamic_constant,44,72,7300,12.92,3.626789213615812
dynamic_constant,44,73,7400,12.83,3.8080309872688796
dynamic_constant,44,74,7500,12.18,3.392285365354749
dynamic_constant,44,75,7600,12.72,3.3258983748755764
dynamic_constant,44,76,7700,12.09,3.2591256496183143
dynamic_constant,44,77,7800,12.02,3.3555327445876606
dynamic_constant,44,78,7900,11.67,2.963292088201904
dynamic_constant,44,79,8000,12.06,3.4894698737773906
dynamic_constant,44,80,8100,11.87,3.7673730900987232
dynamic_constant,44,81,8200,11.98,3.706696642564643
dynamic_constant,44,82,8300,12.16,4.02422663377698
dynamic_constant,44,83,8400,12.26,3.8252320191068145
dynamic_constant,44,84,8500,11.94,3.6655695328284255
dynamic_constant,44,85,8600,12.33,3.8368085696317977
dynamic_constant,44,86,8700,12.13,3.721975282024318
dynamic_constant,44,87,8800,12.57,4.00812923943328
dynamic_constant,44,88,8900,12.54,3.932988685465546
dynamic_constant,44,89,9000,12.15,3.891978931083774
dynamic_constant,44,90,9100,12.24,3.8810307909110953
dynamic_constant,44,91,9200,12.4,3.8366652186501757
dynamic_constant,44,92,9300,12.38,3.9211732937986814
dynamic_constant,44,93,9400,12.38,3.7303619127371546
dynamic_constant,44,94,9500,12.22,3.1986872307245044
dynamic_constant,44,95,9600,12.48,4.10726186162996
dynamic_constant,44,96,9700,12.06,3.5660061693721166
dynamic_constant,44,97,9800,12.03,3.56217630108337
dynamic_constant,44,98,9900,11.68,2.8244645510255566
dynamic_constant,44,99,10000,11.82,3.6369767664916424
dynamic_constant,44,100,10100,11.84,3.3517756488166093
dynamic_constant,44,101,10200,11.69,3.3725213120156856
dynamic_constant,44,102,10300,11.39,3.110932336133333
dynamic_constant,44,103,10400,11.55,3.332791622649097
dynamic_constant,44,104,10500,11.69,3.1990467330128203
dynamic_constant,44,105,10600,11.98,3.3465803441722417
dynamic_constant,44,106,10700,12.26,3.3870931489995963
dynamic_constant,44,107,10800,11.94,3.2888295790448008
dynamic_constant,44,108,10900,12.54,3.1825147289525626
dynamic_constant,44,109,11000,12.68,4.395179177234985
dynamic_constant,44,110,11100,11.71,3.1378177129973626
dynamic_constant,44,111,11200,11.49,3.2756526067335034
dynamic_constant,44,112,11300,11.82,3.2260812141048154
dynamic_constant,44,113,11400,11.31,3.4487533979686056
dynamic_constant,44,114,11500,11.1,2.5238858928247927
dynamic_constant,44,115,11600,11.24,3.0434191298603612
dynamic_constant,44,116,11700,11.62,2.8593006137865253
dynamic_constant,44,117,11800,11.37,3.0287125977880436
dynamic_constant,44,118,11900,11.58,3.7367900663537417
dynamic_constant,44,119,12000,11.61,3.54653351880396
dynamic_constant,44,120,12100,11.77,3.0946889989141075
dynamic_constant,44,121,12200,11.67,3.140238844419322
dynamic_constant,44,122,12300,12.33,3.6223058954207605
dynamic_constant,44,123,12400,11.98,2.866984478506991
dynamic_constant,44,124,12500,12.26,3.65956281541935
dynamic_constant,44,125,12600,12.27,3.5968180382109964
dynamic_constant,44,126,12700,12.26,3.422338381866995
dynamic_constant,44,127,12800,12.28,3.475859605910457
dynamic_constant,44,128,12900,11.31,2.9006723358559476
dynamic_constant,44,129,13000,11.36,3.52
dynamic_constant,44,130,13100,11.09,2.8743521009090034
dynamic_constant,44,131,13200,11.3,3.427827300200522
dynamic_constant,44,132,13300,11.36,3.327221062688802
dynamic_constant,44,133,13400,11.25,3.539420856580918
dynamic_constant,44,134,13500,11.05,2.8961180915149165
dynamic_constant,44,135,13600,11.36,2.794709287206811
dynamic_constant,44,136,13700,11.9,3.398529093593286
dynamic_constant,44,137,13800,12.71,2.868082983457766
dynamic_constant,44,138,13900,11.79,3.3949815905244614
dynamic_constant,44,139,14000,11.59,3.541454503449113
dynamic_constant,44,140,14100,12.12,3.4677946882709194
dynamic_constant,44,141,14200,12.49,3.4510722971273724
dynamic_constant,44,142,14300,12.18,3.8532583614390563
dynamic_constant,44,143,14400,11.74,3.242283146179556
dynamic_constant,44,144,14500,12.12,3.644941700493987
dynamic_constant,44,145,14600,12.37,3.5571196212666227
dynamic_constant,44,146,14700,11.87,3.7911871491658125
dynamic_constant,44,147,14800,12.38,3.6187843262620674
dynamic_constant,44,148,14900,12.22,3.618231612265859
dynamic_constant,44,149,15000,12.57,3.584006138387601
dynamic_constant,44,150,15100,12.35,4.292726406376255
dynamic_constant,45,0,100,21.0,0.0
dynamic_constant,45,1,200,20.97,5.5505945627473094
dynamic_constant,45,2,300,16.26,7.047864924925846
dynamic_constant,45,3,400,10.42,4.501510857478853
dynamic_constant,45,4,500,9.51,3.293918638946627
dynamic_constant,45,5,600,9.87,2.516565119364091
dynamic_constant,45,6,700,9.72,2.240892679268688
dynamic_constant,45,7,800,9.53,1.920702996301094
dynamic_constant,45,8,900,10.21,1.9661892075789655
dynamic_constant,45,9,1000,10.06,2.072775916494593
dynamic_constant,45,10,1100,9.64,1.9571407716360107
dynamic_constant,45,11,1200,10.17,2.107391752854699
dynamic_constant,45,12,1300,10.57,2.1691242472481838
dynamic_constant,45,13,1400,10.57,2.585556033042022
dynamic_constant,45,14,1500,10.38,2.4850754515708373
dynamic_constant,45,15,1600,10.8,3.062678566222711
dynamic_constant,45,16,1700,10.44,2.3337523433303713
dynamic_constant,45,17,1800,10.63,2.524499950485244
dynamic_constant,45,18,1900,10.3,2.1610182784974308
dynamic_constant,45,19,2000,10.25,2.118372016431486
dynamic_constant,45,20,2100,10.38,2.900965356566672
dynamic_constant,45,21,2200,10.39,2.8631975132707836
dynamic_constant,45,22,2300,10.93,2.676770442155995
dynamic_constant,45,23,2400,11.07,2.4910038137265067
dynamic_constant,45,24,2500,10.64,2.78395402260885
dynamic_constant,45,25,2600,10.89,2.6225750704221986
dynamic_constant,45,26,2700,10.86,2.9631739739677787
dynamic_constant,45,27,2800,11.17,2.895012953338896
dynamic_constant,45,28,2900,11.92,3.03539124331609
dynamic_constant,45,29,3000,11.96,3.243208288099918
dynamic_constant,45,30,3100,12.34,2.9806710653810833
dynamic_constant,45,31,3200,12.2,3.334666400106614
dynamic_constant,45,32,3300,12.01,3.3600446425605712
dynamic_constant,45,33,3400,12.49,3.2878412370429326
dynamic_constant,45,34,3500,12.9,4.267317658670374
dynamic_constant,45,35,3600,12.16,3.6625674055230713
dynamic_constant,45,36,3700,12.62,2.9758360169874956
dynamic_constant,45,37,3800,12.59,3.6279332959689325
dynamic_constant,45,38,3900,12.83,2.8915566741808814
dynamic_constant,45,39,4000,12.37,3.4544319359338953
dynamic_constant,45,40,4100,12.41,3.292704055939434
dynamic_constant,45,41,4200,12.25,3.2691742076555053
dynamic_constant,45,42,4300,12.4,3.7549966711037173
dynamic_constant,45,43,4400,13.06,3.6464229047108616
dynamic_constant,45,44,4500,13.11,3.146092814905498
dynamic_constant,45,45,4600,13.46,3.3865026206988236
dynamic_constant,45,46,4700,13.24,4.069692863104045
dynamic_constant,45,47,4800,12.8,3.8288379438153295
dynamic_constant,45,48,4900,13.18,3.4939376067697605
dynamic_constant,45,49,5000,12.58,3.6910161202574012
dynamic_constant,45,50,5100,12.43,3.2473219735652945
dynamic_constant,45,51,5200,12.67,3.7524791804885473
dynamic_constant,45,52,5300,11.63,3.2238331222319805
dynamic_constant,45,53,5400,12.47,3.6563779892128223
dynamic_constant,45,54,5500,12.49,3.6069238971733237
dynamic_constant,45,55,5600,12.68,4.209227957713861
dynamic_constant,45,56,5700,12.53,3.9609468564978254
dynamic_constant,45,57,5800,12.35,3.4157722406507145
dynamic_constant,45,58,5900,12.52,3.4160796243647487
dynamic_constant,45,59,6000,12.8,3.813135192987524
dynamic_constant,45,60,6100,12.39,3.149269756626129
dynamic_constant,45,61,6200,12.93,4.266743488891733
dynamic_constant,45,62,6300,12.5,3.645545226711637
dynamic_constant,45,63,6400,12.45,3.606591188366101
dynamic_constant,45,64,6500,12.35,3.6259481518631786
dynamic_constant,45,65,6600,12.68,3.4289356949350918
dynamic_constant,45,66,6700,12.54,3.853362168288883
dynamic_constant,45,67,6800,12.46,3.628829012229703
dynamic_constant,45,68,6900,12.74,3.6650238744106427
dynamic_constant,45,69,7000,12.94,3.440406952672896
dynamic_constant,45,70,7100,12.65,2.916761903207048
dynamic_constant,45,71,7200,12.64,3.508617961534142
dynamic_constant,45,72,7300,12.34,3.320301191157212
dynamic_constant,45,73,7400,12.73,3.0589377241127353
dynamic_constant,45,74,7500,13.29,3.1090030556434005
dynamic_constant,45,75,7600,13.33,3.382469512057721
dynamic_constant,45,76,7700,13.77,3.9745565790412387
dynamic_constant,45,77,7800,13.54,3.1950586849070555
dynamic_constant,45,78,7900,13.4,3.6742346141747673
dynamic_constant,45,79,8000,13.3,2.903446228191595
dynamic_constant,45,80,8100,13.01,3.0479337263136155
dynamic_constant,45,81,8200,12.93,3.5531816728110033
dynamic_constant,45,82,8300,13.14,3.3347263755816607
dynamic_constant,45,83,8400,13.11,3.452231162596155
dynamic_constant,45,84,8500,12.98,2.6794775610181922
dynamic_constant,45,85,8600,12.97,3.244857469905265
dynamic_constant,45,86,8700,12.99,2.7946198310324784
dynamic_constant,45,87,8800,13.2,3.0099833886584824
dynamic_constant,45,88,8900,12.68,2.979530164304433
dynamic_constant,45,89,9000,12.79,3.365397450524975
dynamic_constant,45,90,9100,12.51,3.4828005972205758
dynamic_constant,45,91,9200,13.07,3.55036617829767
dynamic_constant,45,92,9300,13.24,3.2190681881563186
dynamic_constant,45,93,9400,12.97,3.0510817753708275
dynamic_constant,45,94,9500,13.18,3.7319699891612204
dynamic_constant,45,95,9600,13.21,4.1019385660928664
dynamic_constant,45,96,9700,12.76,4.101511916354748
dynamic_constant,45,97,9800,12.71,3.878904484516214
dynamic_constant,45,98,9900,12.78,3.871898759007007
dynamic_constant,45,99,10000,12.62,3.83087457377555
dynamic_constant,45,100,10100,12.77,2.7994820949597083
dynamic_constant,45,101,10200,12.75,3.415772240650714
dynamic_constant,45,102,10300,12.95,3.4449238017697867
dynamic_constant,45,103,10400,12.85,4.048147724577254
dynamic_constant,45,104,10500,13.25,3.9124800318979265
dynamic_constant,45,105,10600,13.01,3.244980739542224
dynamic_constant,45,106,10700,13.14,3.7815869684564967
dynamic_constant,45,107,10800,12.86,3.7121961155089855
dynamic_constant,45,108,10900,13.22,3.604386216819724
dynamic_constant,45,109,11000,13.02,3.597165550819145
dynamic_constant,45,110,11100,13.07,2.957211524392532
dynamic_constant,45,111,11200,13.42,4.025369548252682
dynamic_constant,45,112,11300,13.11,4.467426552278169
dynamic_constant,45,113,11400,12.58,2.753833691420017
dynamic_constant,45,114,11500,13.1,3.0675723300355937
dynamic_constant,45,115,11600,13.19,4.201654436052541
dynamic_constant,45,116,11700,12.86,3.903895490404424
dynamic_constant,45,117,11800,12.84,3.5034839802687836
dynamic_constant,45,118,11900,12.84,2.995730294936445
dynamic_constant,45,119,12000,12.9,2.6514147167125706
dynamic_constant,45,120,12100,12.89,3.870129196809843
dynamic_constant,45,121,12200,12.92,3.659726765757247
dynamic_constant,45,122,12300,12.93,3.128114448034151
dynamic_constant,45,123,12400,13.4,3.4467375879228173
dynamic_constant,45,124,12500,13.05,3.424543765233553
dynamic_constant,45,125,12600,13.06,3.6271752094432936
dynamic_constant,45,126,12700,13.21,3.00431356552541
dynamic_constant,45,127,12800,12.7,3.40440890610984
dynamic_constant,45,128,12900,13.19,3.5176554692010416
dynamic_constant,45,129,13000,13.13,3.3989851426565547
dynamic_constant,45,130,13100,13.26,3.3395209237254377
dynamic_constant,45,131,13200,13.38,3.45479377097968
dynamic_constant,45,132,13300,13.16,3.657102678350719
dynamic_constant,45,133,13400,13.33,3.313774283200351
dynamic_constant,45,134,13500,13.55,3.932874266996085
dynamic_constant,45,135,13600,13.09,3.117996151376714
dynamic_constant,45,136,13700,13.53,3.5761851182510114
dynamic_constant,45,137,13800,13.32,4.1997142759954516
dynamic_constant,45,138,13900,13.15,3.4536212878658255
dynamic_constant,45,139,14000,13.05,4.04567670482949
dynamic_constant,45,140,14100,12.75,3.326785235027954
dynamic_constant,45,141,14200,13.21,3.397925837919362
dynamic_constant,45,142,14300,13.22,3.6457646660200105
dynamic_constant,45,143,14400,13.24,3.4267185469483774
dynamic_constant,45,144,14500,13.31,3.413780895136652
dynamic_constant,45,145,14600,13.28,4.072051080229716
dynamic_constant,45,146,14700,13.14,3.985021957279533
dynamic_constant,45,147,14800,12.5,3.398529093593286
dynamic_constant,45,148,14900,12.58,3.127874677796411
dynamic_constant,45,149,15000,13.08,3.4225136961011566
dynamic_constant,45,150,15100,13.13,3.5823316429387164
dynamic_constant,46,0,100,21.0,0.0
dynamic_constant,46,1,200,20.84,4.378858298689283
dynamic_constant,46,2,300,18.12,5.91486263576763
dynamic_constant,46,3,400,14.58,6.026906337417232
dynamic_constant,46,4,500,12.06,5.22842232418155
dynamic_constant,46,5,600,10.58,3.655625801418958
dynamic_constant,46,6,700,10.18,2.96438863848855
dynamic_constant,46,7,800,9.8,3.0298514815086235
dynamic_constant,46,8,900,10.59,3.2560558963261057
dynamic_constant,46,9,1000,10.79,2.9809226759511893
dynamic_constant,46,10,1100,10.94,2.859440504714165
dynamic_constant,46,11,1200,11.23,3.3222131177875993
dynamic_constant,46,12,1300,10.78,2.944758054577659
dynamic_constant,46,13,1400,10.39,3.355279422045204
dynamic_constant,46,14,1500,11.46,3.128641877876086
dynamic_constant,46,15,1600,11.59,3.2713758573419836
dynamic_constant,46,16,1700,11.74,3.173704460090763
dynamic_constant,46,17,1800,11.33,3.252860279815289
dynamic_constant,46,18,1900,11.4,3.370459909270543
dynamic_constant,46,19,2000,11.4,4.084115571332427
dynamic_constant,46,20,2100,11.15,3.5478866949213583
dynamic_constant,46,21,2200,11.16,3.6816300737580896
dynamic_constant,46,22,2300,11.89,3.9010126890334518
dynamic_constant,46,23,2400,12.1,3.5538711287833724
dynamic_constant,46,24,2500,12.0,3.2310988842807022
dynamic_constant,46,25,2600,11.87,3.5879102552878885
dynamic_constant,46,26,2700,12.27,3.679279820834506
dynamic_constant,46,27,2800,11.48,3.3210841603307797
dynamic_constant,46,28,2900,11.52,3.5957752988750564
dynamic_constant,46,29,3000,11.98,3.4175429770523738
dynamic_constant,46,30,3100,11.94,3.411216791703512
dynamic_constant,46,31,3200,12.42,3.332206476195615
dynamic_constant,46,32,3300,12.45,3.5675621928706445
dynamic_constant,46,33,3400,12.53,4.0458744419470065
dynamic_constant,46,34,3500,12.48,3.9076335549792796
dynamic_constant,46,35,3600,12.6,3.6851051545376556
dynamic_constant,46,36,3700,13.23,3.8075057452353236
dynamic_constant,46,37,3800,12.82,4.003448513469356
dynamic_constant,46,38,3900,13.0,3.9774363602702683
dynamic_constant,46,39,4000,12.74,4.206233469506894
dynamic_constant,46,40,4100,12.66,4.077303030190422
dynamic_constant,46,41,4200,12.55,3.528101472463625
dynamic_constant,46,42,4300,13.04,3.6603824936746703
dynamic_constant,46,43,4400,12.99,3.7696021010180902
dynamic_constant,46,44,4500,12.9,3.69729630946723
dynamic_constant,46,45,4600,12.63,3.8591579392401134
dynamic_constant,46,46,4700,13.3,3.9585350825778973
dynamic_constant,46,47,4800,12.98,4.317360304630597
dynamic_constant,46,48,4900,13.18,4.196141084377407
dynamic_constant,46,49,5000,12.84,4.0142745297251405
dynamic_constant,46,50,5100,13.21,3.9957352264633355
dynamic_constant,46,51,5200,13.04,3.654914499683953
dynamic_constant,46,52,5300,12.39,4.034587959135356
dynamic_constant,46,53,5400,12.25,2.916761903207048
dynamic_constant,46,54,5500,12.46,3.5282290175100597
dynamic_constant,46,55,5600,12.48,3.226391172812125
dynamic_constant,46,56,5700,13.07,3.6803668295429466
dynamic_constant,46,57,5800,12.85,2.8718460961548757
dynamic_constant,46,58,5900,12.97,3.9634707012919876
dynamic_constant,46,59,6000,12.4,4.044749683231337
dynamic_constant,46,60,6100,12.58,4.040247517170204
dynamic_constant,46,61,6200,12.87,3.612907416472224
dynamic_constant,46,62,6300,12.15,4.22699656966977
dynamic_constant,46,63,6400,12.12,4.101901997854166
dynamic_constant,46,64,6500,12.44,3.803472097965226
dynamic_constant,46,65,6600,11.91,3.50455417992075
dynamic_constant,46,66,6700,12.48,2.978187368182197
dynamic_constant,46,67,6800,12.56,4.128728617867733
dynamic_constant,46,68,6900,11.83,3.0726373036855485
dynamic_constant,46,69,7000,11.6,3.307567081708245
dynamic_constant,46,70,7100,12.24,3.572450139610069
dynamic_constant,46,71,7200,13.08,3.0941234623072176
dynamic_constant,46,72,7300,12.38,3.387565497521782
dynamic_constant,46,73,7400,12.57,3.9981370661847
dynamic_constant,46,74,7500,12.24,3.2438249027960806
dynamic_constant,46,75,7600,12.34,3.555896511429994
dynamic_constant,46,76,7700,12.44,3.8401041652538543
dynamic_constant,46,77,7800,12.89,3.3163081883323207
dynamic_constant,46,78,7900,12.7,3.24499614791759
dynamic_constant,46,79,8000,12.2,3.0659419433511785
dynamic_constant,46,80,8100,12.17,3.0953351999420025
dynamic_constant,46,81,8200,12.57,3.207039132907486
dynamic_constant,46,82,8300,12.38,3.5036552341804406
dynamic_constant,46,83,8400,12.19,3.2301547950523983
dynamic_constant,46,84,8500,12.57,3.320406601607701
dynamic_constant,46,85,8600,12.5,3.477067730142742
dynamic_constant,46,86,8700,12.77,3.4952968400409135
dynamic_constant,46,87,8800,12.29,3.0961104631456546
dynamic_constant,46,88,8900,12.53,3.1191505253834735
dynamic_constant,46,89,9000,12.37,3.767373090098723
dynamic_constant,46,90,9100,12.86,3.7709945637722684
dynamic_constant,46,91,9200,12.98,3.8574084564640025
dynamic_constant,46,92,9300,13.01,3.2140161791752075
dynamic_constant,46,93,9400,12.86,3.7202688074922756
dynamic_constant,46,94,9500,12.38,3.0554214111968254
dynamic_constant,46,95,9600,12.27,3.381878176398434
dynamic_constant,46,96,9700,12.35,3.753331853167263
dynamic_constant,46,97,9800,12.37,4.038947882803144
dynamic_constant,46,98,9900,12.4,3.127299154222378
dynamic_constant,46,99,10000,12.54,3.157277308061489
dynamic_constant,46,100,10100,12.41,3.3409429806568083
dynamic_constant,46,101,10200,12.59,3.209657302579202
dynamic_constant,46,102,10300,12.43,3.0438626775858335
dynamic_constant,46,103,10400,12.6,2.7129319932501073
dynamic_constant,46,104,10500,12.41,3.085757605516026
dynamic_constant,46,105,10600,12.18,3.442034282223232
dynamic_constant,46,106,10700,11.71,3.3683675571409966
dynamic_constant,46,107,10800,12.08,3.5402824746056636
dynamic_constant,46,108,10900,11.9,3.176476034853718
dynamic_constant,46,109,11000,12.06,2.6563885257996427
dynamic_constant,46,110,11100,12.44,3.95302415879286
dynamic_constant,46,111,11200,12.11,3.657581167930522
dynamic_constant,46,112,11300,12.11,3.104496738603537
dynamic_constant,46,113,11400,12.34,3.121602152741441
dynamic_constant,46,114,11500,12.59,2.821683894414823
dynamic_constant,46,115,11600,12.17,3.5750664329491837
dynamic_constant,46,116,11700,12.64,3.6125337368666885
dynamic_constant,46,117,11800,12.18,3.912492811494994
dynamic_constant,46,118,11900,12.32,3.687492372873468
dynamic_constant,46,119,12000,12.27,3.79435106441141
dynamic_constant,46,120,12100,12.3,4.3439613257946945
dynamic_constant,46,121,12200,12.38,3.767704871669223
dynamic_constant,46,122,12300,12.83,3.3913271738362254
dynamic_constant,46,123,12400,12.51,3.9102301722532906
dynamic_constant,46,124,12500,12.37,3.654189376592297
dynamic_constant,46,125,12600,12.06,3.5037693988046645
dynamic_constant,46,126,12700,12.23,3.770556988032405
dynamic_constant,46,127,12800,12.17,3.328828622804124
dynamic_constant,46,128,12900,12.27,3.495296840040914
dynamic_constant,46,129,13000,12.08,3.5062230391120304
dynamic_constant,46,130,13100,11.9,3.661966684720111
dynamic_constant,46,131,13200,12.29,3.4533896391806125
dynamic_constant,46,132,13300,12.68,4.0813723182282695
dynamic_constant,46,133,13400,12.31,4.1634000528414274
dynamic_constant,46,134,13500,12.02,3.586028443835882
dynamic_constant,46,135,13600,11.91,2.932899589143822
dynamic_constant,46,136,13700,12.07,3.3503880372279267
dynamic_constant,46,137,13800,11.83,3.6743843021654663
dynamic_constant,46,138,13900,11.57,3.1851373596754033
dynamic_constant,46,139,14000,11.67,3.4323607036557213
dynamic_constant,46,140,14100,11.69,3.0255412738880296
dynamic_constant,46,141,14200,11.92,3.4689479673238113
dynamic_constant,46,142,14300,11.91,3.218990524993822
dynamic_constant,46,143,14400,12.09,3.391445119709296
dynamic_constant,46,144,14500,11.93,2.9740712836110705
dynamic_constant,46,145,14600,12.09,3.252983246191102
dynamic_constant,46,146,14700,12.16,3.1582273509043013
dynamic_constant,46,147,14800,12.0,4.076763422127902
dynamic_constant,46,148,14900,11.82,3.4157868785976686
dynamic_constant,46,149,15000,11.85,3.623189202898463
dynamic_constant,46,150,15100,12.15,2.9643717715563276
dynamic_constant,47,0,100,21.0,0.0
dynamic_constant,47,1,200,20.81,5.3435849389712144
dynamic_constant,47,2,300,16.71,6.433187390399879
dynamic_constant,47,3,400,12.33,4.808440495628494
dynamic_constant,47,4,500,9.94,2.9557401780264785
dynamic_constant,47,5,600,9.64,2.414622123645851
dynamic_constant,47,6,700,9.69,2.352424281459448
dynamic_constant,47,7,800,9.75,2.376446927663229
dynamic_constant,47,8,900,10.11,2.56863777127099
dynamic_constant,47,9,1000,10.0,2.85657137141714
dynamic_constant,47,10,1100,10.16,2.7266096163550806
dynamic_constant,47,11,1200,10.32,2.723527124887872
dynamic_constant,47,12,1300,10.6,2.5961509971494334
dynamic_constant,47,13,1400,10.57,2.6163142013145135
dynamic_constant,47,14,1500,10.84,2.5048752463945188
dynamic_constant,47,15,1600,11.31,2.3735837882830255
dynamic_constant,47,16,1700,11.64,2.563279149839127
dynamic_constant,47,17,1800,11.71,2.5031779800885117
dynamic_constant,47,18,1900,11.67,2.4700404854981626
dynamic_constant,47,19,2000,12.01,2.174833326947148
dynamic_constant,47,20,2100,11.96,2.327745690577044
dynamic_constant,47,21,2200,11.7,2.1748563170931545
dynamic_constant,47,22,2300,11.92,2.2211708624056814
dynamic_constant,47,23,2400,12.01,2.422787650620665
dynamic_constant,47,24,2500,11.97,1.6938417871808455
dynamic_constant,47,25,2600,11.75,2.1880356487041066
dynamic_constant,47,26,2700,11.6,1.8439088914585775
dynamic_constant,47,27,2800,11.91,2.126475958011282
dynamic_constant,47,28,2900,12.11,2.485538171100979
dynamic_constant,47,29,3000,11.94,2.4771758112818723
dynamic_constant,47,30,3100,11.98,2.3873835050112917
dynamic_constant,47,31,3200,11.98,2.310757451572969
dynamic_constant,47,32,3300,12.4,2.4041630560342617
dynamic_constant,47,33,3400,12.19,2.1803440095544557
dynamic_constant,47,34,3500,12.12,2.329291737846507
dynamic_constant,47,35,3600,11.88,2.519047439013406
dynamic_constant,47,36,3700,11.87,2.3818270298239543
dynamic_constant,47,37,3800,11.84,2.356777460856243
dynamic_constant,47,38,3900,12.13,1.8796542235209113
dynamic_constant,47,39,4000,12.2,2.1354156504062622
dynamic_constant,47,40,4100,12.47,2.066180050237636
dynamic_constant,47,41,4200,12.48,2.543540839066674
dynamic_constant,47,42,4300,12.41,3.0334633671762052
dynamic_constant,47,43,4400,12.16,2.318275220934736
dynamic_constant,47,44,4500,11.82,2.3974152748324604
dynamic_constant,47,45,4600,12.09,2.449877547960306
dynamic_constant,47,46,4700,12.59,2.249866662715815
dynamic_constant,47,47,4800,13.09,2.4943736688796245
dynamic_constant,47,48,4900,13.11,3.509686595694835
dynamic_constant,47,49,5000,12.87,2.6782643633517584
dynamic_constant,47,50,5100,12.71,2.7542512594169763
dynamic_constant,47,51,5200,13.0,2.8460498941515415
dynamic_constant,47,52,5300,13.11,3.0162725341056302
dynamic_constant,47,53,5400,13.69,3.0354406599372026
dynamic_constant,47,54,5500,13.56,2.9910533261712335
dynamic_constant,47,55,5600,13.68,2.7636208133533806
dynamic_constant,47,56,5700,13.64,2.601999231360378
dynamic_constant,47,57,5800,13.54,3.0279365911458584
dynamic_constant,47,58,5900,13.22,2.6779843166082955
dynamic_constant,47,59,6000,12.91,2.9158017765273416
dynamic_constant,47,60,6100,13.02,2.7054759285567487
dynamic_constant,47,61,6200,13.1,2.563201123595259
dynamic_constant,47,62,6300,12.95,2.6734808770589704
dynamic_constant,47,63,6400,13.04,2.3576259245266202
dynamic_constant,47,64,6500,13.34,2.6276224995230955
dynamic_constant,47,65,6600,12.66,2.62381401779928
dynamic_constant,47,66,6700,12.63,2.6519992458520796
dynamic_constant,47,67,6800,12.89,2.5647417023942194
dynamic_constant,47,68,6900,12.94,2.7269763475321893
dynamic_constant,47,69,7000,13.37,2.5986727381492263
dynamic_constant,47,70,7100,13.79,3.172680254926424
dynamic_constant,47,71,7200,13.67,3.685254400987807
dynamic_constant,47,72,7300,13.01,3.1479993646759206
dynamic_constant,47,73,7400,13.08,2.7881176445767135
dynamic_constant,47,74,7500,13.5,2.5787593916455256
dynamic_constant,47,75,7600,13.34,2.55429050814507
dynamic_constant,47,76,7700,13.49,2.636266299143544
dynamic_constant,47,77,7800,13.39,2.314713805203572
dynamic_constant,47,78,7900,13.44,2.9268413007882743
dynamic_constant,47,79,8000,13.29,2.7867364425076158
dynamic_constant,47,80,8100,13.51,2.6057436558495155
dynamic_constant,47,81,8200,13.32,3.1140969798643074
dynamic_constant,47,82,8300,13.37,2.6254713862466676
dynamic_constant,47,83,8400,13.66,2.4009164916756265
dynamic_constant,47,84,8500,13.47,2.9170361670709535
dynamic_constant,47,85,8600,13.46,2.950999830565905
dynamic_constant,47,86,8700,13.32,2.521428166734083
dynamic_constant,47,87,8800,13.08,2.8378865375486737
dynamic_constant,47,88,8900,12.61,2.4037262739338687
dynamic_constant,47,89,9000,13.03,3.018128559223414
dynamic_constant,47,90,9100,12.96,2.908332855778375
dynamic_constant,47,91,9200,12.91,3.2927040559394345
dynamic_constant,47,92,9300,12.87,2.8553633744236477
dynamic_constant,47,93,9400,12.55,2.1418449990603894
dynamic_constant,47,94,9500,12.68,2.9321664345667697
dynamic_constant,47,95,9600,12.35,2.4672859582950655
dynamic_constant,47,96,9700,12.33,2.3708859103719018
dynamic_constant,47,97,9800,12.69,2.809608513654527
dynamic_constant,47,98,9900,12.49,2.651395858788348
dynamic_constant,47,99,10000,12.37,2.256789755382632
dynamic_constant,47,100,10100,12.54,2.662404927880055
dynamic_constant,47,101,10200,12.64,2.954725029507822
dynamic_constant,47,102,10300,13.06,2.637498815165611
dynamic_constant,47,103,10400,12.69,2.7044223043008646
dynamic_constant,47,104,10500,13.01,2.6851256953818754
dynamic_constant,47,105,10600,13.09,3.1783486278254625
dynamic_constant,47,106,10700,12.9,2.9342801502242417
dynamic_constant,47,107,10800,13.2,2.477902338672773
dynamic_constant,47,108,10900,13.45,2.6320144376503714
dynamic_constant,47,109,11000,13.17,2.437437178677637
dynamic_constant,47,110,11100,13.09,2.1958825105182656
dynamic_constant,47,111,11200,13.14,2.7313732809705815
dynamic_constant,47,112,11300,13.08,2.343842998154953
dynamic_constant,47,113,11400,13.03,2.8370935832291466
dynamic_constant,47,114,11500,12.83,2.846243137892474
dynamic_constant,47,115,11600,13.19,3.0354406599372026
dynamic_constant,47,116,11700,13.39,2.301716750601603
dynamic_constant,47,117,11800,13.1,2.3727621035409343
dynamic_constant,47,118,11900,12.87,2.3223048895440064
dynamic_constant,47,119,12000,12.8,2.5495097567963927
dynamic_constant,47,120,12100,13.21,2.3592159714617056
dynamic_constant,47,121,12200,13.29,3.050557326129112
dynamic_constant,47,122,12300,13.23,2.9422950225971563
dynamic_constant,47,123,12400,13.06,3.1203204963593083
dynamic_constant,47,124,12500,13.26,2.2961707253599415
dynamic_constant,47,125,12600,13.0,2.4041630560342617
dynamic_constant,47,126,12700,13.13,2.9888292022127994
dynamic_constant,47,127,12800,13.22,2.46
dynamic_constant,47,128,12900,13.17,3.006842197389148
dynamic_constant,47,129,13000,12.68,2.1994544778194434
dynamic_constant,47,130,13100,12.75,3.3686050525402944
dynamic_constant,47,131,13200,12.43,2.754106025555298
dynamic_constant,47,132,13300,12.93,2.604822450763199
dynamic_constant,47,133,13400,13.04,2.7961401967712565
dynamic_constant,47,134,13500,13.14,2.6870801997707474
dynamic_constant,47,135,13600,12.99,2.6776668948918947
dynamic_constant,47,136,13700,12.98,2.6757428874987226
dynamic_constant,47,137,13800,12.64,3.051294807126968
dynamic_constant,47,138,13900,12.58,2.5968442386866406
dynamic_constant,47,139,14000,12.62,2.955604845035953
dynamic_constant,47,140,14100,12.38,2.955604845035953
dynamic_constant,47,141,14200,12.39,2.84568093784247
dynamic_constant,47,142,14300,12.82,2.4955159787106154
dynamic_constant,47,143,14400,13.19,2.4400614746354243
dynamic_constant,47,144,14500,13.04,2.537400244344593
dynamic_constant,47,145,14600,13.05,3.0931375656443088
dynamic_constant,47,146,14700,12.61,2.901361749248101
dynamic_constant,47,147,14800,12.56,2.783235527223666
dynamic_constant,47,148,14900,12.44,2.8681701483698627
dynamic_constant,47,149,15000,12.13,2.3479991482110893
dynamic_constant,47,150,15100,12.25,2.277608394786075
dynamic_constant,48,0,100,21.0,0.0
dynamic_constant,48,1,200,20.74,4.158413158886453
dynamic_constant,48,2,300,17.83,5.56426994312821
dynamic_constant,48,3,400,14.2,5.601785429664368
dynamic_constant,48,4,500,10.92,4.64258548655811
dynamic_constant,48,5,600,10.2,3.24037034920393
dynamic_constant,48,6,700,10.6,3.117691453623979
dynamic_constant,48,7,800,10.67,2.9700336698428185
dynamic_constant,48,8,900,10.91,2.379474731952411
dynamic_constant,48,9,1000,10.71,2.5818404288414105
dynamic_constant,48,10,1100,10.61,2.8031946061591944
dynamic_constant,48,11,1200,10.86,3.224965116090405
dynamic_constant,48,12,1300,10.76,2.832384154736076
dynamic_constant,48,13,1400,10.56,2.5935304123915723
dynamic_constant,48,14,1500,10.88,3.07336948641064
dynamic_constant,48,15,1600,10.96,2.908332855778375
dynamic_constant,48,16,1700,10.98,2.5257870060636547
dynamic_constant,48,17,1800,11.3,2.4474476501040834
dynamic_constant,48,18,1900,10.97,2.0806489372308823
dynamic_constant,48,19,2000,10.74,2.2874439883852893
dynamic_constant,48,20,2100,11.17,2.828621572427107
dynamic_constant,48,21,2200,11.47,2.4513465687250346
dynamic_constant,48,22,2300,11.29,2.3761102668016063
dynamic_constant,48,23,2400,11.47,2.3767835408383324
dynamic_constant,48,24,2500,11.66,2.281315410021157
dynamic_constant,48,25,2600,11.37,2.23899531040152
dynamic_constant,48,26,2700,11.6,2.227105745132009
dynamic_constant,48,27,2800,11.26,2.032830538928417
dynamic_constant,48,28,2900,10.94,2.2441925051118052
dynamic_constant,48,29,3000,11.23,2.4077167607507324
dynamic_constant,48,30,3100,11.59,2.354124040912033
dynamic_constant,48,31,3200,11.87,2.4724684022247887
dynamic_constant,48,32,3300,12.42,2.8919889349719163
dynamic_constant,48,33,3400,12.44,2.6050719759730248
dynamic_constant,48,34,3500,11.92,2.6483202223296187
dynamic_constant,48,35,3600,12.29,2.363450866847035
dynamic_constant,48,36,3700,11.92,2.897171033957091
dynamic_constant,48,37,3800,11.96,2.3829393613770367
dynamic_constant,48,38,3900,12.44,2.479193417222625
dynamic_constant,48,39,4000,12.71,2.8576038913747297
dynamic_constant,48,40,4100,12.78,3.125955853814957
dynamic_constant,48,41,4200,12.04,2.6792536274119327
dynamic_constant,48,42,4300,11.94,3.4722327110952693
dynamic_constant,48,43,4400,11.92,2.9382988275531137
dynamic_constant,48,44,4500,11.91,3.0466210791629473
dynamic_constant,48,45,4600,11.99,2.673929692419006
dynamic_constant,48,46,4700,12.02,2.2890172563788154
dynamic_constant,48,47,4800,12.23,2.774364792164145
dynamic_constant,48,48,4900,12.28,2.4862823652996457
dynamic_constant,48,49,5000,11.78,2.5868127106537884
dynamic_constant,48,50,5100,11.86,1.98
dynamic_constant,48,51,5200,11.89,2.5880301389280613
dynamic_constant,48,52,5300,11.44,1.840217378463751
dynamic_constant,48,53,5400,11.52,1.7690675509996787
dynamic_constant,48,54,5500,11.41,1.5237781990827932
dynamic_constant,48,55,5600,11.54,1.88902091041894
dynamic_constant,48,56,5700,11.47,1.7231076576929254
dynamic_constant,48,57,5800,11.77,2.1440848863792685
dynamic_constant,48,58,5900,11.92,2.3224125387191656
dynamic_constant,48,59,6000,12.02,1.8919830866051628
dynamic_constant,48,60,6100,11.78,1.947203122429707
dynamic_constant,48,61,6200,12.05,2.056088519495209
dynamic_constant,48,62,6300,11.99,2.2022488506070337
dynamic_constant,48,63,6400,12.01,2.1931484217900072
dynamic_constant,48,64,6500,11.83,2.4250979361667024
dynamic_constant,48,65,6600,11.64,2.1000952359357417
dynamic_constant,48,66,6700,11.78,1.8087564789103039
dynamic_constant,48,67,6800,11.97,2.304148432718691
dynamic_constant,48,68,6900,11.79,2.392885287680962
dynamic_constant,48,69,7000,11.56,1.8347751905887544
dynamic_constant,48,70,7100,11.81,2.2122160834782845
dynamic_constant,48,71,7200,11.55,2.2907422377910613
dynamic_constant,48,72,7300,11.73,2.4283945313725286
dynamic_constant,48,73,7400,11.46,2.2109726366465963
dynamic_constant,48,74,7500,11.7,2.3685438564654024
dynamic_constant,48,75,7600,12.15,2.677218706045511
dynamic_constant,48,76,7700,12.33,2.6722836675772275
dynamic_constant,48,77,7800,12.36,2.6287639681036405
dynamic_constant,48,78,7900,12.52,3.266435365960882
dynamic_constant,48,79,8000,12.75,2.8191310718020897
dynamic_constant,48,80,8100,12.74,2.617708921939183
dynamic_constant,48,81,8200,12.69,2.243635442758025
dynamic_constant,48,82,8300,12.64,2.4393441741582915
dynamic_constant,48,83,8400,12.11,2.3447601156621545
dynamic_constant,48,84,8500,12.24,2.7170572316386714
dynamic_constant,48,85,8600,12.04,2.2712111306525427
dynamic_constant,48,86,8700,11.99,2.406221103722599
dynamic_constant,48,87,8800,12.26,2.3221541723150083
dynamic_constant,48,88,8900,12.17,2.078725571113224
dynamic_constant,48,89,9000,12.11,2.752798575994982
dynamic_constant,48,90,9100,12.51,2.4020616145303184
dynamic_constant,48,91,9200,12.56,2.210520300743696
dynamic_constant,48,92,9300,12.49,2.264928254934359
dynamic_constant,48,93,9400,12.67,2.126287845048266
dynamic_constant,48,94,9500,12.57,2.2237580803675567
dynamic_constant,48,95,9600,12.22,2.33914514299562
dynamic_constant,48,96,9700,12.22,2.0764392598869827
dynamic_constant,48,97,9800,12.51,2.347317618048312
dynamic_constant,48,98,9900,12.13,1.9781557067126947
dynamic_constant,48,99,10000,12.2,1.876166303929372
dynamic_constant,48,100,10100,12.35,1.8993419913222578
dynamic_constant,48,101,10200,12.16,2.12
dynamic_constant,48,102,10300,12.17,2.0300492604860603
dynamic_constant,48,103,10400,12.27,1.9331580380300004
dynamic_constant,48,104,10500,12.28,2.358304475677388
dynamic_constant,48,105,10600,12.22,2.1567568244936655
dynamic_constant,48,106,10700,12.36,1.7692936443677179
dynamic_constant,48,107,10800,12.12,1.7565876010037187
dynamic_constant,48,108,10900,12.05,2.123087374556215
dynamic_constant,48,109,11000,11.99,1.6643016553497747
dynamic_constant,48,110,11100,12.01,2.3600635584661696
dynamic_constant,48,111,11200,12.0,2.1447610589527217
dynamic_constant,48,112,11300,11.94,2.0387250918159614
dynamic_constant,48,113,11400,12.07,2.1319240136552713
dynamic_constant,48,114,11500,12.0,2.3832750575625967
dynamic_constant,48,115,11600,11.96,1.9022092419079455
dynamic_constant,48,116,11700,12.2,2.1540659228538015
dynamic_constant,48,117,11800,12.34,2.030861885998159
dynamic_constant,48,118,11900,12.34,2.3504042205544136
dynamic_constant,48,119,12000,12.03,2.1187496312684044
dynamic_constant,48,120,12100,12.05,2.113646138784825
dynamic_constant,48,121,12200,12.34,2.384197978356663
dynamic_constant,48,122,12300,12.44,2.639393869811779
dynamic_constant,48,123,12400,12.18,2.1880585001320236
dynamic_constant,48,124,12500,12.67,2.1911412551453635
dynamic_constant,48,125,12600,12.6,2.2045407685048604
dynamic_constant,48,126,12700,12.3,2.5436194683953812
dynamic_constant,48,127,12800,12.17,2.1121316246863024
dynamic_constant,48,128,12900,12.23,2.063274097157234
dynamic_constant,48,129,13000,12.48,2.269273011340857
dynamic_constant,48,130,13100,12.43,2.2282504347581757
dynamic_constant,48,131,13200,12.39,1.9641537618017584
dynamic_constant,48,132,13300,12.48,2.3172397372736384
dynamic_constant,48,133,13400,12.32,2.1949031869310316
dynamic_constant,48,134,13500,12.1,1.9
dynamic_constant,48,135,13600,12.17,2.0300492604860607
dynamic_constant,48,136,13700,12.54,2.2821919288263204
dynamic_constant,48,137,13800,12.32,1.9332873557751316
dynamic_constant,48,138,13900,12.95,2.308137777516758
dynamic_constant,48,139,14000,13.05,2.026696819951124
dynamic_constant,48,140,14100,12.82,2.1231109250342994
dynamic_constant,48,141,14200,12.91,2.1729933271871777
dynamic_constant,48,142,14300,12.75,2.376446927663229
dynamic_constant,48,143,14400,12.2,2.186321110907545
dynamic_constant,48,144,14500,12.25,2.446936860648431
dynamic_constant,48,145,14600,12.21,2.2551940049583314
dynamic_constant,48,146,14700,12.38,2.270594635772753
dynamic_constant,48,147,14800,12.32,2.130164312911096
dynamic_constant,48,148,14900,12.24,2.6762660555333437
dynamic_constant,48,149,15000,11.93,2.1506045661627335
dynamic_constant,48,150,15100,12.01,2.242743855191671
dynamic_constant,49,0,100,21.0,0.0
dynamic_constant,49,1,200,20.85,5.717298313014636
dynamic_constant,49,2,300,16.55,5.727783166286936
dynamic_constant,49,3,400,11.96,4.19980951949014
dynamic_constant,49,4,500,10.82,3.398175981317036
dynamic_constant,49,5,600,9.69,2.7953354002695274
dynamic_constant,49,6,700,9.79,2.5467430180526653
dynamic_constant,49,7,800,10.15,2.9542342493444895
dynamic_constant,49,8,900,9.98,2.588358553214759
dynamic_constant,49,9,1000,10.46,2.6773867856549978
dynamic_constant,49,10,1100,10.35,2.754541704167864
dynamic_constant,49,11,1200,10.3,2.4310491562286436
dynamic_constant,49,12,1300,10.15,2.475378758897312
dynamic_constant,49,13,1400,10.59,2.6686888166288703
dynamic_constant,49,14,1500,10.47,2.559120942823922
dynamic_constant,49,15,1600,10.5,2.5592967784139455
dynamic_constant,49,16,1700,10.62,2.3485314560380064
dynamic_constant,49,17,1800,10.41,2.6347485648539597
dynamic_constant,49,18,1900,10.38,2.1437350582569663
dynamic_constant,49,19,2000,10.48,2.3894769302087853
dynamic_constant,49,20,2100,10.63,1.7813197354770423
dynamic_constant,49,21,2200,10.59,2.0154155898970316
dynamic_constant,49,22,2300,10.84,1.9376274151652582
dynamic_constant,49,23,2400,11.06,1.8698663053812163
dynamic_constant,49,24,2500,11.37,1.9527160571880389
dynamic_constant,49,25,2600,11.14,2.20916273732833
dynamic_constant,49,26,2700,11.35,2.242208732477866
dynamic_constant,49,27,2800,10.97,1.857175274442345
dynamic_constant,49,28,2900,11.05,2.4794152536434875
dynamic_constant,49,29,3000,11.17,1.9751202495038118
dynamic_constant,49,30,3100,11.52,1.8519179247472066
dynamic_constant,49,31,3200,11.71,2.113267612016992
dynamic_constant,49,32,3300,11.53,2.3171318477807863
dynamic_constant,49,33,3400,11.64,2.2782449385437022
dynamic_constant,49,34,3500,11.88,2.337862271392393
dynamic_constant,49,35,3600,12.07,1.866842253646515
dynamic_constant,49,36,3700,12.23,2.323165943276545
dynamic_constant,49,37,3800,12.36,2.2159422375143265
dynamic_constant,49,38,3900,12.59,2.3025855032984115
dynamic_constant,49,39,4000,12.69,2.3651427018258326
dynamic_constant,49,40,4100,12.4,2.5059928172283334
dynamic_constant,49,41,4200,12.25,2.006863224038948
dynamic_constant,49,42,4300,12.44,1.996597105076535
dynamic_constant,49,43,4400,12.28,1.761135997020105
dynamic_constant,49,44,4500,12.15,2.094636006565341
dynamic_constant,49,45,4600,12.27,1.707951989957563
dynamic_constant,49,46,4700,12.18,2.09465987692513
dynamic_constant,49,47,4800,12.32,2.144201483070096
dynamic_constant,49,48,4900,12.41,1.6798511838850485
dynamic_constant,49,49,5000,12.57,1.8014161096204286
dynamic_constant,49,50,5100,12.53,1.5326773959317075
dynamic_constant,49,51,5200,12.49,1.8947031429751735
dynamic_constant,49,52,5300,12.45,1.956399754651385
dynamic_constant,49,53,5400,12.53,1.9720801200762608
dynamic_constant,49,54,5500,12.6,2.366431913239847
dynamic_constant,49,55,5600,12.32,2.1535087647836497
dynamic_constant,49,56,5700,12.4,1.9287301521985913
dynamic_constant,49,57,5800,12.32,2.0291870293297265
dynamic_constant,49,58,5900,12.27,1.974107393228646
dynamic_constant,49,59,6000,12.24,1.9652989594461194
dynamic_constant,49,60,6100,12.29,2.3464654269773506
dynamic_constant,49,61,6200,12.16,2.138784701647176
dynamic_constant,49,62,6300,12.45,2.60911862512995
dynamic_constant,49,63,6400,11.95,2.1788758569500923
dynamic_constant,49,64,6500,12.03,1.8245821439441965
dynamic_constant,49,65,6600,12.12,1.6868906307167635
dynamic_constant,49,66,6700,11.98,2.181650751151522
dynamic_constant,49,67,6800,11.84,1.95816240388789
dynamic_constant,49,68,6900,12.06,2.153230131685882
dynamic_constant,49,69,7000,11.93,1.6447188209539039
dynamic_constant,49,70,7100,11.94,2.2262973745661205
dynamic_constant,49,71,7200,12.04,2.266803917413238
dynamic_constant,49,72,7300,12.34,2.108174565827033
dynamic_constant,49,73,7400,12.08,2.0380382724571193
dynamic_constant,49,74,7500,12.17,2.039877447299224
dynamic_constant,49,75,7600,12.3,1.8027756377319946
dynamic_constant,49,76,7700,12.34,1.8505134422640652
dynamic_constant,49,77,7800,12.49,2.3216158166242753
dynamic_constant,49,78,7900,12.58,2.8361241157608035
dynamic_constant,49,79,8000,12.51,2.2471982556063006
dynamic_constant,49,80,8100,12.48,1.7348198753761153
dynamic_constant,49,81,8200,12.52,2.224769650997604
dynamic_constant,49,82,8300,12.46,1.9048359509417079
dynamic_constant,49,83,8400,12.3,2.3345235059857505
dynamic_constant,49,84,8500,12.33,2.227352688731625
dynamic_constant,49,85,8600,12.22,1.6827358675680508
dynamic_constant,49,86,8700,12.47,2.202067210600076
dynamic_constant,49,87,8800,12.16,1.9985995096566995
dynamic_constant,49,88,8900,12.1,2.0566963801203135
dynamic_constant,49,89,9000,12.07,1.9092144981641008
dynamic_constant,49,90,9100,12.29,2.542813402513051
dynamic_constant,49,91,9200,12.13,2.23899531040152
dynamic_constant,49,92,9300,12.34,2.3031283073246267
dynamic_constant,49,93,9400,12.18,2.104186303538734
dynamic_constant,49,94,9500,12.17,2.1450174824462387
dynamic_constant,49,95,9600,12.5,2.455605831561735
dynamic_constant,49,96,9700,12.36,2.095328136593407
dynamic_constant,49,97,9800,12.36,2.3130931671681534
dynamic_constant,49,98,9900,12.5,2.7073972741361767
dynamic_constant,49,99,10000,12.1,2.714774392099646
dynamic_constant,49,100,10100,12.5,2.826658805020514
dynamic_constant,49,101,10200,12.64,2.5710698162438135
dynamic_constant,49,102,10300,12.63,2.575480537686123
dynamic_constant,49,103,10400,12.55,2.4591665254715878
dynamic_constant,49,104,10500,12.64,2.2339203208709124
dynamic_constant,49,105,10600,12.51,2.2338084071826754
dynamic_constant,49,106,10700,12.35,2.2643983748448506
dynamic_constant,49,107,10800,12.22,2.2071701339044982
dynamic_constant,49,108,10900,12.3,1.9467922333931784
dynamic_constant,49,109,11000,12.42,1.9858499439786481
dynamic_constant,49,110,11100,12.45,2.183460556089805
dynamic_constant,49,111,11200,11.83,2.097879882166755
dynamic_constant,49,112,11300,11.64,1.8575252353602092
dynamic_constant,49,113,11400,11.59,1.744104354676061
dynamic_constant,49,114,11500,11.53,1.6028412273210344
dynamic_constant,49,115,11600,11.96,1.8216476058777118
dynamic_constant,49,116,11700,12.14,2.2000909072126995
dynamic_constant,49,117,11800,12.15,2.0463381929681126
dynamic_constant,49,118,11900,12.47,2.4267467935489275
dynamic_constant,49,119,12000,12.4,2.2627416997969525
dynamic_constant,49,120,12100,12.22,2.6742475577253497
dynamic_constant,49,121,12200,12.06,1.978989641205835
dynamic_constant,49,122,12300,12.44,2.535034516530297
dynamic_constant,49,123,12400,12.09,2.1775904114410496
dynamic_constant,49,124,12500,12.18,1.9150979087242512
dynamic_constant,49,125,12600,12.18,2.206263810155078
dynamic_constant,49,126,12700,12.26,2.335037472932715
dynamic_constant,49,127,12800,12.13,3.022101917540175
dynamic_constant,49,128,12900,12.03,2.662536384727916
dynamic_constant,49,129,13000,12.15,2.5782746168707473
dynamic_constant,49,130,13100,12.42,2.0502682751288916
dynamic_constant,49,131,13200,12.4,2.3237900077244498
dynamic_constant,49,132,13300,12.57,2.4910038137265063
dynamic_constant,49,133,13400,12.44,2.1228283020536542
dynamic_constant,49,134,13500,12.49,2.53572474846936
dynamic_constant,49,135,13600,12.36,2.5476263462289754
dynamic_constant,49,136,13700,11.7,2.41039415863879
dynamic_constant,49,137,13800,11.75,2.0898564544006364
dynamic_constant,49,138,13900,11.85,1.8993419913222578
dynamic_constant,49,139,14000,11.84,2.2791226382097127
dynamic_constant,49,140,14100,11.91,2.1405373157223866
dynamic_constant,49,141,14200,11.97,2.3214435164354095
dynamic_constant,49,142,14300,12.14,2.2450835173774717
dynamic_constant,49,143,14400,12.1,2.042057785666214
dynamic_constant,49,144,14500,12.16,2.018514305126421
dynamic_constant,49,145,14600,12.06,2.501279672487665
dynamic_constant,49,146,14700,12.13,2.2029752608688096
dynamic_constant,49,147,14800,12.27,2.087366762215016
dynamic_constant,49,148,14900,12.61,2.382834446620243
dynamic_constant,49,149,15000,12.33,2.2673993913732975
dynamic_constant,49,150,15100,12.09,2.3284973695497273
dynamic_exponential,30,0,100,21.0,0.0
dynamic_exponential,30,1,200,19.92,5.352905752953251
dynamic_exponential,30,2,300,15.69,5.825281109096796
dynamic_exponential,30,3,400,10.62,5.1841682071476045
dynamic_exponential,30,4,500,8.7,3.442382895611701
dynamic_exponential,30,5,600,9.28,2.888182819698227
dynamic_exponential,30,6,700,9.26,2.468278752491298
dynamic_exponential,30,7,800,9.29,2.6881034206294965
dynamic_exponential,30,8,900,9.13,2.5559929577367777
dynamic_exponential,30,9,1000,9.64,2.9275245515622923
dynamic_exponential,30,10,1100,10.11,2.89446022601797
dynamic_exponential,30,11,1200,10.02,3.237221030451891
dynamic_exponential,30,12,1300,10.54,2.681119169302253
dynamic_exponential,30,13,1400,10.49,2.747708135883431
dynamic_exponential,30,14,1500,10.41,2.7389596565119394
dynamic_exponential,30,15,1600,10.35,2.75816968296006
dynamic_exponential,30,16,1700,10.74,2.9107387378464593
dynamic_exponential,30,17,1800,10.91,2.905494794350869
dynamic_exponential,30,18,1900,11.25,3.0931375656443088
dynamic_exponential,30,19,2000,11.7,3.1128764832546763
dynamic_exponential,30,20,2100,11.54,2.9746260269149802
dynamic_exponential,30,21,2200,11.42,3.066528982416439
dynamic_exponential,30,22,2300,11.53,3.2170017096669383
dynamic_exponential,30,23,2400,11.63,3.0418908593176055
dynamic_exponential,30,24,2500,11.16,3.139171865317348
dynamic_exponential,30,25,2600,11.38,3.0225155086450757
dynamic_exponential,30,26,2700,11.07,2.550509752970963
dynamic_exponential,30,27,2800,11.71,3.2505230348360863
dynamic_exponential,30,28,2900,11.93,3.6062584488635867
dynamic_exponential,30,29,3000,12.12,4.018158782328046
dynamic_exponential,30,30,3100,12.1,3.468429039204925
dynamic_exponential,30,31,3200,12.48,3.103159680068043
dynamic_exponential,30,32,3300,12.22,3.339401143917873
dynamic_exponential,30,33,3400,12.05,3.287476235655552
dynamic_exponential,30,34,3500,12.6,3.698648401781386
dynamic_exponential,30,35,3600,12.82,3.3177703356320496
dynamic_exponential,30,36,3700,12.45,3.6065911883661004
dynamic_exponential,30,37,3800,12.24,2.980335551578043
dynamic_exponential,30,38,3900,12.55,2.242208732477866
dynamic_exponential,30,39,4000,12.38,2.6373471519691907
dynamic_exponential,30,40,4100,12.58,2.5384247083575278
dynamic_exponential,30,41,4200,12.67,2.29806440292695
dynamic_exponential,30,42,4300,13.08,2.3267144216684605
dynamic_exponential,30,43,4400,13.07,2.680503684011645
dynamic_exponential,30,44,4500,13.37,3.17381473939485
dynamic_exponential,30,45,4600,13.27,3.3966306834862103
dynamic_exponential,30,46,4700,13.14,3.1686590223626143
dynamic_exponential,30,47,4800,13.33,3.731099033796878
dynamic_exponential,30,48,4900,12.71,2.8081844668753515
dynamic_exponential,30,49,5000,12.35,2.9304436524185205
dynamic_exponential,30,50,5100,12.81,3.1707885454567926
dynamic_exponential,30,51,5200,12.68,2.564683216305671
dynamic_exponential,30,52,5300,12.92,2.36930369518135
dynamic_exponential,30,53,5400,13.12,2.3549097647256043
dynamic_exponential,30,54,5500,13.11,2.4612801547162406
dynamic_exponential,30,55,5600,13.68,2.999599973329777
dynamic_exponential,30,56,5700,13.16,2.682237871628838
dynamic_exponential,30,57,5800,13.76,2.634843448859913
dynamic_exponential,30,58,5900,13.76,2.8569914245583585
dynamic_exponential,30,59,6000,13.82,3.4449383158483404
dynamic_exponential,30,60,6100,13.28,3.1466807909287526
dynamic_exponential,30,61,6200,13.67,2.557557428485233
dynamic_exponential,30,62,6300,13.61,2.7745089655648982
dynamic_exponential,30,63,6400,13.66,2.4092322428524824
dynamic_exponential,30,64,6500,13.61,2.749163509142372
dynamic_exponential,30,65,6600,13.53,2.6961268516151087
dynamic_exponential,30,66,6700,13.7,2.3727621035409348
dynamic_exponential,30,67,6800,13.82,3.1603164398521866
dynamic_exponential,30,68,6900,13.68,3.04591529757477
dynamic_exponential,30,69,7000,13.33,2.4861818115335006
dynamic_exponential,30,70,7100,13.0,2.195449840010015
dynamic_exponential,30,71,7200,12.43,2.654260725701226
dynamic_exponential,30,72,7300,12.31,2.848490828491466
dynamic_exponential,30,73,7400,12.15,2.6014419078657127
dynamic_exponential,30,74,7500,12.76,2.7244081926172514
dynamic_exponential,30,75,7600,12.79,2.7651220587887253
dynamic_exponential,30,76,7700,12.83,2.91566458976337
dynamic_exponential,30,77,7800,12.45,2.389037463080058
dynamic_exponential,30,78,7900,12.81,2.4563998045920785
dynamic_exponential,30,79,8000,13.64,2.7000740730579964
dynamic_exponential,30,80,8100,13.7,3.2603680773802215
dynamic_exponential,30,81,8200,13.45,3.290516676754579
dynamic_exponential,30,82,8300,13.79,3.216504313692117
dynamic_exponential,30,83,8400,14.21,3.0472774734178705
dynamic_exponential,30,84,8500,13.71,3.137817712997363
dynamic_exponential,30,85,8600,13.35,2.60911862512995
dynamic_exponential,30,86,8700,13.65,3.299621190379283
dynamic_exponential,30,87,8800,13.6,3.304542328371661
dynamic_exponential,30,88,8900,13.62,2.809911030620009
dynamic_exponential,30,89,9000,13.76,2.8813885541523203
dynamic_exponential,30,90,9100,13.73,2.8595629036620265
dynamic_exponential,30,91,9200,13.37,3.2547042876427343
dynamic_exponential,30,92,9300,13.0,3.3376638536557275
dynamic_exponential,30,93,9400,12.75,2.7941904015295735
dynamic_exponential,30,94,9500,12.9,2.7037011669191546
dynamic_exponential,30,95,9600,12.83,2.649735835890061
dynamic_exponential,30,96,9700,13.26,3.1388532938001417
dynamic_exponential,30,97,9800,13.07,2.7322335185704754
dynamic_exponential,30,98,9900,13.84,2.2481992794234236
dynamic_exponential,30,99,10000,13.61,3.139729287693447
dynamic_exponential,30,100,10100,13.15,2.940663190506523
dynamic_exponential,30,101,10200,12.84,2.6371196408202637
dynamic_exponential,30,102,10300,12.99,2.5903474670398956
dynamic_exponential,30,103,10400,12.98,2.0735476845252436
dynamic_exponential,30,104,10500,13.14,2.6115895542753265
dynamic_exponential,30,105,10600,12.71,2.3250591390328115
dynamic_exponential,30,106,10700,12.49,2.5278251521812183
dynamic_exponential,30,107,10800,12.29,2.1461360627881914
dynamic_exponential,30,108,10900,12.6,2.4413111231467406
dynamic_exponential,30,109,11000,12.96,2.3363218956299665
dynamic_exponential,30,110,11100,13.13,2.0864083972223657
dynamic_exponential,30,111,11200,13.01,2.2956262762043824
dynamic_exponential,30,112,11300,13.03,2.4472637781816653
dynamic_exponential,30,113,11400,12.61,2.331930530697688
dynamic_exponential,30,114,11500,13.29,2.1600694433281538
dynamic_exponential,30,115,11600,13.25,2.7690250992000776
dynamic_exponential,30,116,11700,12.88,2.337862271392393
dynamic_exponential,30,117,11800,12.56,2.0943734146517428
dynamic_exponential,30,118,11900,12.7,2.6057628441590768
dynamic_exponential,30,119,12000,13.01,1.9156983061014592
dynamic_exponential,30,120,12100,13.13,2.35650164438729
dynamic_exponential,30,121,12200,12.42,2.534482195636813
dynamic_exponential,30,122,12300,12.17,2.5809106919845175
dynamic_exponential,30,123,12400,12.29,2.3464654269773506
dynamic_exponential,30,124,12500,12.58,2.437949958469205
dynamic_exponential,30,125,12600,13.08,2.6932508238186803
dynamic_exponential,30,126,12700,12.87,2.4603048591587178
dynamic_exponential,30,127,12800,12.78,2.4477744994177875
dynamic_exponential,30,128,12900,12.92,2.4522642598219306
dynamic_exponential,30,129,13000,12.62,2.4239636960977773
dynamic_exponential,30,130,13100,12.76,2.51443830705786
dynamic_exponential,30,131,13200,13.23,2.448897711216212
dynamic_exponential,30,132,13300,12.99,2.998316194132967
dynamic_exponential,30,133,13400,12.57,2.4423554204906375
dynamic_exponential,30,134,13500,12.73,2.275324152730771
dynamic_exponential,30,135,13600,12.7,2.32163735324878
dynamic_exponential,30,136,13700,12.62,2.4770143318115863
dynamic_exponential,30,137,13800,12.56,2.241963425214604
dynamic_exponential,30,138,13900,12.38,2.3098917723564454
dynamic_exponential,30,139,14000,12.08,1.9782820830205181
dynamic_exponential,30,140,14100,12.51,1.9156983061014592
dynamic_exponential,30,141,14200,12.7,2.447447650104084
dynamic_exponential,30,142,14300,12.39,2.5412398548739943
dynamic_exponential,30,143,14400,12.78,2.598384113251926
dynamic_exponential,30,144,14500,12.61,2.440880988495752
dynamic_exponential,30,145,14600,12.57,2.6805036840116445
dynamic_exponential,30,146,14700,12.21,2.16469397375241
dynamic_exponential,30,147,14800,12.73,2.4407171077369867
dynamic_exponential,30,148,14900,12.6,2.457641145488902
dynamic_exponential,30,149,15000,12.52,2.376888722679293
dynamic_exponential,30,150,15100,12.43,2.7322335185704754
dynamic_exponential,31,0,100,21.0,0.0
dynamic_exponential,31,1,200,20.28,5.00615621010771
dynamic_exponential,31,2,300,16.17,6.011746834323615
dynamic_exponential,31,3,400,10.82,4.1746377088317494
dynamic_exponential,31,4,500,9.64,2.9343483092502836
dynamic_exponential,31,5,600,9.34,2.8433079326727877
dynamic_exponential,31,6,700,9.18,3.1792451934382155
dynamic_exponential,31,7,800,8.88,2.790268804255246
dynamic_exponential,31,8,900,8.95,3.1603006186120965
dynamic_exponential,31,9,1000,9.3,2.7694764848252458
dynamic_exponential,31,10,1100,9.69,2.7845825539926086
dynamic_exponential,31,11,1200,9.81,2.2613933757752096
dynamic_exponential,31,12,1300,9.83,2.433331050227239
dynamic_exponential,31,13,1400,9.8,2.4535688292770597
dynamic_exponential,31,14,1500,10.34,2.016035713969373
dynamic_exponential,31,15,1600,10.63,2.6444470121369417
dynamic_exponential,31,16,1700,10.92,3.012241690170296
dynamic_exponential,31,17,1800,11.01,2.7110698995046216
dynamic_exponential,31,18,1900,10.99,3.0182610887728054
dynamic_exponential,31,19,2000,11.0,3.181194744117373
dynamic_exponential,31,20,2100,10.98,2.983219737129667
dynamic_exponential,31,21,2200,11.28,3.4236822282449055
dynamic_exponential,31,22,2300,10.73,3.152316608464321
dynamic_exponential,31,23,2400,11.42,3.464621191414727
dynamic_exponential,31,24,2500,10.79,3.70484817502688
dynamic_exponential,31,25,2600,11.27,3.475212223735408
dynamic_exponential,31,26,2700,10.97,3.185765214198937
dynamic_exponential,31,27,2800,10.61,2.8597027817589713
dynamic_exponential,31,28,2900,10.61,3.3373492475316398
dynamic_exponential,31,29,3000,10.44,3.750519963951665
dynamic_exponential,31,30,3100,10.79,3.311480031647481
dynamic_exponential,31,31,3200,11.12,3.1121696611849425
dynamic_exponential,31,32,3300,10.81,3.1199198707659144
dynamic_exponential,31,33,3400,10.62,3.378697974072262
dynamic_exponential,31,34,3500,10.82,3.2353670580013025
dynamic_exponential,31,35,3600,11.13,3.273087227679703
dynamic_exponential,31,36,3700,11.63,3.1611864861156174
dynamic_exponential,31,37,3800,11.75,3.374537005279391
dynamic_exponential,31,38,3900,11.57,3.033990771245028
dynamic_exponential,31,39,4000,11.88,3.9478601798949264
dynamic_exponential,31,40,4100,11.54,3.353863443850987
dynamic_exponential,31,41,4200,12.32,3.9645428488036294
dynamic_exponential,31,42,4300,12.48,4.2248786964834855
dynamic_exponential,31,43,4400,12.13,3.948809947313241
dynamic_exponential,31,44,4500,12.3,3.5256205127608387
dynamic_exponential,31,45,4600,12.3,3.6728735344413916
dynamic_exponential,31,46,4700,12.01,3.5818849786111224
dynamic_exponential,31,47,4800,12.21,3.060375793918126
dynamic_exponential,31,48,4900,12.03,4.040928111214057
dynamic_exponential,31,49,5000,11.69,3.624072295084633
dynamic_exponential,31,50,5100,11.22,3.3394011439178732
dynamic_exponential,31,51,5200,12.05,3.2507691397575433
dynamic_exponential,31,52,5300,12.08,3.2114794098670476
dynamic_exponential,31,53,5400,11.94,3.5265280376029904
dynamic_exponential,31,54,5500,11.84,3.192867050160404
dynamic_exponential,31,55,5600,12.03,3.505581264212827
dynamic_exponential,31,56,5700,11.91,3.447013199858684
dynamic_exponential,31,57,5800,12.19,3.0420223536325306
dynamic_exponential,31,58,5900,12.24,2.9870386673091462
dynamic_exponential,31,59,6000,12.36,3.041447024033132
dynamic_exponential,31,60,6100,12.25,3.2291639784935047
dynamic_exponential,31,61,6200,11.79,3.5561074224494407
dynamic_exponential,31,62,6300,11.55,2.8613807855648994
dynamic_exponential,31,63,6400,11.74,2.651867266663247
dynamic_exponential,31,64,6500,12.09,3.370741758129804
dynamic_exponential,31,65,6600,12.16,3.3067204296704618
dynamic_exponential,31,66,6700,12.13,4.088165847907836
dynamic_exponential,31,67,6800,11.92,3.6760848738841707
dynamic_exponential,31,68,6900,12.1,4.011234224026316
dynamic_exponential,31,69,7000,11.74,3.5145981278092093
dynamic_exponential,31,70,7100,11.79,3.1505396363162927
dynamic_exponential,31,71,7200,12.09,3.6306886399139215
dynamic_exponential,31,72,7300,12.04,4.185498775534405
dynamic_exponential,31,73,7400,11.72,3.7311660375812816
dynamic_exponential,31,74,7500,11.6,3.685105154537656
dynamic_exponential,31,75,7600,12.38,3.9032806714352475
dynamic_exponential,31,76,7700,12.46,4.090036674652197
dynamic_exponential,31,77,7800,11.96,3.583071308249391
dynamic_exponential,31,78,7900,11.85,4.033298897924626
dynamic_exponential,31,79,8000,11.8,3.4756294393965534
dynamic_exponential,31,80,8100,11.57,3.3741813822022073
dynamic_exponential,31,81,8200,12.26,3.5794412971859173
dynamic_exponential,31,82,8300,12.46,3.3865026206988236
dynamic_exponential,31,83,8400,12.87,4.1222687927887485
dynamic_exponential,31,84,8500,12.75,3.67525509318741
dynamic_exponential,31,85,8600,12.46,3.4653138386010585
dynamic_exponential,31,86,8700,12.65,3.8376425054973526
dynamic_exponential,31,87,8800,12.43,3.4907162588786846
dynamic_exponential,31,88,8900,12.45,3.7453304260105007
dynamic_exponential,31,89,9000,12.39,3.2369584489146597
dynamic_exponential,31,90,9100,12.14,3.316685092076123
dynamic_exponential,31,91,9200,12.94,3.3758554471422504
dynamic_exponential,31,92,9300,13.05,3.3981612675092396
dynamic_exponential,31,93,9400,12.94,3.369925815207213
dynamic_exponential,31,94,9500,13.18,3.567576208015745
dynamic_exponential,31,95,9600,12.86,3.96741729592439
dynamic_exponential,31,96,9700,12.53,3.6316800519869585
dynamic_exponential,31,97,9800,12.56,3.131517204167973
dynamic_exponential,31,98,9900,12.69,3.4079172525165573
dynamic_exponential,31,99,10000,12.43,3.1281144480341507
dynamic_exponential,31,100,10100,12.35,3.5450669951356346
dynamic_exponential,31,101,10200,12.1,3.0903074280724887
dynamic_exponential,31,102,10300,12.13,3.0320125329556276
dynamic_exponential,31,103,10400,12.26,3.2299225996918253
dynamic_exponential,31,104,10500,12.63,3.785908081293047
dynamic_exponential,31,105,10600,12.95,3.9984371947049517
dynamic_exponential,31,106,10700,12.76,3.6772816046639667
dynamic_exponential,31,107,10800,12.54,3.93807059357752
dynamic_exponential,31,108,10900,12.44,3.8479085228211964
dynamic_exponential,31,109,11000,12.96,3.5858611239143103
dynamic_exponential,31,110,11100,13.15,3.7265936188428164
dynamic_exponential,31,111,11200,13.37,3.8148525528518133
dynamic_exponential,31,112,11300,13.23,4.230496424770975
dynamic_exponential,31,113,11400,12.6,3.6055512754639896
dynamic_exponential,31,114,11500,12.82,3.491074333210337
dynamic_exponential,31,115,11600,13.24,3.7070743181112515
dynamic_exponential,31,116,11700,12.74,3.756647441536137
dynamic_exponential,31,117,11800,12.36,4.16538113502234
dynamic_exponential,31,118,11900,12.22,3.4455188288558225
dynamic_exponential,31,119,12000,12.67,2.983471132757949
dynamic_exponential,31,120,12100,12.73,3.2675832047554656
dynamic_exponential,31,121,12200,12.82,3.7104716681306167
dynamic_exponential,31,122,12300,12.87,3.684168834350565
dynamic_exponential,31,123,12400,13.09,3.7419112763399403
dynamic_exponential,31,124,12500,13.01,3.850960919043454
dynamic_exponential,31,125,12600,12.59,3.3707417581298036
dynamic_exponential,31,126,12700,12.08,3.285361471740971
dynamic_exponential,31,127,12800,12.42,3.2285600505488508
dynamic_exponential,31,128,12900,12.48,3.7536115941849926
dynamic_exponential,31,129,13000,12.81,3.245597017499246
dynamic_exponential,31,130,13100,12.66,3.4502753513306734
dynamic_exponential,31,131,13200,12.93,3.6585652925702994
dynamic_exponential,31,132,13300,12.99,3.559480299144806
dynamic_exponential,31,133,13400,13.04,3.3464010518764784
dynamic_exponential,31,134,13500,12.96,3.546604009471596
dynamic_exponential,31,135,13600,13.32,4.022138734554043
dynamic_exponential,31,136,13700,12.86,3.7736454523444567
dynamic_exponential,31,137,13800,12.65,3.592700933837939
dynamic_exponential,31,138,13900,12.51,3.1511743842573994
dynamic_exponential,31,139,14000,12.99,3.8613339663903714
dynamic_exponential,31,140,14100,12.92,3.2670475968372426
dynamic_exponential,31,141,14200,12.57,3.1504126713813223
dynamic_exponential,31,142,14300,12.65,3.9531632903283924
dynamic_exponential,31,143,14400,12.65,3.6643553321150506
dynamic_exponential,31,144,14500,12.32,3.831135601880988
dynamic_exponential,31,145,14600,12.14,2.8426044395940844
dynamic_exponential,31,146,14700,12.52,3.7482796053656404
dynamic_exponential,31,147,14800,12.57,3.878801361245507
dynamic_exponential,31,148,14900,12.05,3.0442568879777543
dynamic_exponential,31,149,15000,12.12,3.7263386856269523
dynamic_exponential,31,150,15100,12.38,3.846504907055235
dynamic_exponential,32,0,100,21.0,0.0
dynamic_exponential,32,1,200,20.15,4.88748401531913
dynamic_exponential,32,2,300,15.45,5.850427334819226
dynamic_exponential,32,3,400,12.11,5.681364272778151
dynamic_exponential,32,4,500,9.14,3.2373445908645557
dynamic_exponential,32,5,600,9.24,3.159493630314832
dynamic_exponential,32,6,700,9.57,3.0008498796174394
dynamic_exponential,32,7,800,9.92,3.1549326458737594
dynamic_exponential,32,8,900,10.39,3.1714192406555144
dynamic_exponential,32,9,1000,10.4,3.1622776601683795
dynamic_exponential,32,10,1100,10.8,3.271085446759226
dynamic_exponential,32,11,1200,10.32,3.0818176454813155
dynamic_exponential,32,12,1300,10.37,2.5638057648737744
dynamic_exponential,32,13,1400,9.95,2.4428467000612213
dynamic_exponential,32,14,1500,9.96,2.767381433774535
dynamic_exponential,32,15,1600,9.96,2.5413382301456844
dynamic_exponential,32,16,1700,9.74,2.2253988406575576
dynamic_exponential,32,17,1800,9.72,2.4293208927599497
dynamic_exponential,32,18,1900,10.29,2.574082360764706
dynamic_exponential,32,19,2000,9.99,2.2693391108426257
dynamic_exponential,32,20,2100,10.07,2.570038910211283
dynamic_exponential,32,21,2200,9.82,2.2107917133913815
dynamic_exponential,32,22,2300,9.88,2.542754412050051
dynamic_exponential,32,23,2400,10.28,2.4862823652996453
dynamic_exponential,32,24,2500,9.85,2.5860201081971503
dynamic_exponential,32,25,2600,9.92,2.1150886506243656
dynamic_exponential,32,26,2700,10.18,2.2017265951975054
dynamic_exponential,32,27,2800,10.65,2.8297526393662045
dynamic_exponential,32,28,2900,10.76,2.5024787711387284
dynamic_exponential,32,29,3000,11.45,3.0442568879777543
dynamic_exponential,32,30,3100,11.25,2.5705057868053904
dynamic_exponential,32,31,3200,11.41,2.993643265320703
dynamic_exponential,32,32,3300,11.21,2.757879620288021
dynamic_exponential,32,33,3400,11.48,2.6813429471069155
dynamic_exponential,32,34,3500,11.3,2.5903667693977237
dynamic_exponential,32,35,3600,11.15,2.903015673398957
dynamic_exponential,32,36,3700,11.16,2.2747307532980687
dynamic_exponential,32,37,3800,11.12,2.299043279279448
dynamic_exponential,32,38,3900,11.43,2.676770442155995
dynamic_exponential,32,39,4000,11.12,2.3928226010300055
dynamic_exponential,32,40,4100,11.49,2.6626866131785016
dynamic_exponential,32,41,4200,11.65,3.3626626354720752
dynamic_exponential,32,42,4300,11.85,2.913331426391443
dynamic_exponential,32,43,4400,11.71,2.7396897634586295
dynamic_exponential,32,44,4500,11.87,3.113374375175591
dynamic_exponential,32,45,4600,11.81,2.7520719467339516
dynamic_exponential,32,46,4700,11.76,2.5538989799911818
dynamic_exponential,32,47,4800,11.66,2.8185812033716537
dynamic_exponential,32,48,4900,11.55,2.940663190506523
dynamic_exponential,32,49,5000,12.1,2.2693611435820435
dynamic_exponential,32,50,5100,12.54,2.4430309044299867
dynamic_exponential,32,51,5200,12.6,2.588435821108957
dynamic_exponential,32,52,5300,12.49,2.57485921945259
dynamic_exponential,32,53,5400,12.39,2.884076975394381
dynamic_exponential,32,54,5500,12.12,2.3464015001699945
dynamic_exponential,32,55,5600,11.74,2.335037472932715
dynamic_exponential,32,56,5700,11.94,2.2441925051118052
dynamic_exponential,32,57,5800,12.4,2.437211521390788
dynamic_exponential,32,58,5900,12.15,2.3254031908466968
dynamic_exponential,32,59,6000,12.06,2.0631044568804557
dynamic_exponential,32,60,6100,12.3,2.632489316217637
dynamic_exponential,32,61,6200,11.98,2.3408545448190496
dynamic_exponential,32,62,6300,11.87,2.520535657355396
dynamic_exponential,32,63,6400,11.84,2.4808063205337088
dynamic_exponential,32,64,6500,11.73,2.2443484577934862
dynamic_exponential,32,65,6600,11.77,2.6071248531667983
dynamic_exponential,32,66,6700,12.15,2.0414455662593602
dynamic_exponential,32,67,6800,11.85,1.9150718002205558
dynamic_exponential,32,68,6900,12.09,2.6910778509734716
dynamic_exponential,32,69,7000,12.0,2.1447610589527217
dynamic_exponential,32,70,7100,12.33,2.842727563450286
dynamic_exponential,32,71,7200,12.35,2.7690250992000776
dynamic_exponential,32,72,7300,12.19,2.0913870995107526
dynamic_exponential,32,73,7400,12.53,2.4390776945394754
dynamic_exponential,32,74,7500,12.22,2.2026347858871205
dynamic_exponential,32,75,7600,12.25,2.75816968296006
dynamic_exponential,32,76,7700,11.8,2.3494680248941457
dynamic_exponential,32,77,7800,11.99,2.3387817341513513
dynamic_exponential,32,78,7900,11.65,2.4098755154571783
dynamic_exponential,32,79,8000,11.71,2.2373868686483345
dynamic_exponential,32,80,8100,11.66,2.2637137628242665
dynamic_exponential,32,81,8200,11.8,2.756809750418044
dynamic_exponential,32,82,8300,11.7,2.4392621835300936
dynamic_exponential,32,83,8400,11.65,2.2107690969434146
dynamic_exponential,32,84,8500,11.49,1.8999736840282815
dynamic_exponential,32,85,8600,11.53,1.9414170082699904
dynamic_exponential,32,86,8700,11.99,2.174833326947148
dynamic_exponential,32,87,8800,12.27,2.226454580717963
dynamic_exponential,32,88,8900,12.37,2.6595300336713623
dynamic_exponential,32,89,9000,12.3,2.816025568065745
dynamic_exponential,32,90,9100,12.43,2.5229149807316142
dynamic_exponential,32,91,9200,12.55,2.4305349205473266
dynamic_exponential,32,92,9300,12.35,2.459166525471587
dynamic_exponential,32,93,9400,12.0,2.3579652245103193
dynamic_exponential,32,94,9500,12.11,2.697758328686986
dynamic_exponential,32,95,9600,11.99,2.696275208505245
dynamic_exponential,32,96,9700,12.02,2.3663473963051156
dynamic_exponential,32,97,9800,12.23,2.5410824465176254
dynamic_exponential,32,98,9900,12.28,2.600307674103201
dynamic_exponential,32,99,10000,12.29,2.6843807479565935
dynamic_exponential,32,100,10100,12.27,2.693900517836544
dynamic_exponential,32,101,10200,12.41,2.698499583101691
dynamic_exponential,32,102,10300,12.24,2.2808770243044667
dynamic_exponential,32,103,10400,11.92,2.193991795791406
dynamic_exponential,32,104,10500,11.85,2.3595550427993834
dynamic_exponential,32,105,10600,11.87,2.3649735727910364
dynamic_exponential,32,106,10700,12.32,2.288580345978703
dynamic_exponential,32,107,10800,11.91,2.3710546176754344
dynamic_exponential,32,108,10900,11.97,2.0710142442774266
dynamic_exponential,32,109,11000,12.06,2.4323651041733028
dynamic_exponential,32,110,11100,12.37,2.330901113303608
dynamic_exponential,32,111,11200,12.24,2.163885394377438
dynamic_exponential,32,112,11300,12.29,2.612642340619933
dynamic_exponential,32,113,11400,12.19,2.4685825892604853
dynamic_exponential,32,114,11500,12.34,2.0010996976662607
dynamic_exponential,32,115,11600,12.36,2.500079998720041
dynamic_exponential,32,116,11700,12.28,2.276312808029687
dynamic_exponential,32,117,11800,12.33,1.9238243163033364
dynamic_exponential,32,118,11900,12.27,2.2129392219399064
dynamic_exponential,32,119,12000,12.04,1.9995999599919982
dynamic_exponential,32,120,12100,12.18,2.393240481021496
dynamic_exponential,32,121,12200,12.39,2.4734389016104683
dynamic_exponential,32,122,12300,12.86,2.603920121662721
dynamic_exponential,32,123,12400,12.67,3.0035146079218595
dynamic_exponential,32,124,12500,12.24,2.0352886773133685
dynamic_exponential,32,125,12600,12.02,2.2714752915231107
dynamic_exponential,32,126,12700,12.02,1.9898743678936115
dynamic_exponential,32,127,12800,11.82,2.303822909860912
dynamic_exponential,32,128,12900,11.92,2.587199257884866
dynamic_exponential,32,129,13000,12.13,2.6707864010437077
dynamic_exponential,32,130,13100,11.74,2.156942280173487
dynamic_exponential,32,131,13200,11.64,2.3559286916203552
dynamic_exponential,32,132,13300,11.73,2.3573502073302555
dynamic_exponential,32,133,13400,11.58,2.3671924298628535
dynamic_exponential,32,134,13500,11.57,2.2461300051421778
dynamic_exponential,32,135,13600,11.92,2.5403936702802583
dynamic_exponential,32,136,13700,11.58,2.150255798736513
dynamic_exponential,32,137,13800,11.56,2.458942862288589
dynamic_exponential,32,138,13900,11.55,2.108909670896314
dynamic_exponential,32,139,14000,11.65,2.5034975534240087
dynamic_exponential,32,140,14100,11.64,2.4597560854686384
dynamic_exponential,32,141,14200,11.45,2.1971572542719833
dynamic_exponential,32,142,14300,11.7,2.0223748416156684
dynamic_exponential,32,143,14400,11.8,2.521904042583698
dynamic_exponential,32,144,14500,11.6,2.6570660511172846
dynamic_exponential,32,145,14600,11.47,2.1654329821077356
dynamic_exponential,32,146,14700,11.51,1.9156983061014594
dynamic_exponential,32,147,14800,11.48,2.2157617200412143
dynamic_exponential,32,148,14900,11.7,2.1
dynamic_exponential,32,149,15000,11.28,2.4822570374560327
dynamic_exponential,32,150,15100,11.27,1.864698367028834
dynamic_exponential,33,0,100,21.0,0.0
dynamic_exponential,33,1,200,20.01,5.717508198507458
dynamic_exponential,33,2,300,14.8,6.337191807101943
dynamic_exponential,33,3,400,10.8,4.352011029397789
dynamic_exponential,33,4,500,9.12,2.82588039378881
dynamic_exponential,33,5,600,9.02,2.4123847122712414
dynamic_exponential,33,6,700,8.86,2.2000909072126995
dynamic_exponential,33,7,800,9.12,2.2012723593412966
dynamic_exponential,33,8,900,9.38,2.6335527334762068
dynamic_exponential,33,9,1000,9.71,2.669438143130498
dynamic_exponential,33,10,1100,9.99,2.70737880615181
dynamic_exponential,33,11,1200,10.42,3.0072578871789495
dynamic_exponential,33,12,1300,10.43,2.6504905206395284
dynamic_exponential,33,13,1400,10.58,2.526578714388293
dynamic_exponential,33,14,1500,10.99,2.670187259350924
dynamic_exponential,33,15,1600,10.77,2.424273086927296
dynamic_exponential,33,16,1700,10.97,3.008172202517668
dynamic_exponential,33,17,1800,11.02,2.9016547003391016
dynamic_exponential,33,18,1900,10.46,2.22
dynamic_exponential,33,19,2000,11.07,2.804478561158919
dynamic_exponential,33,20,2100,10.72,2.4862823652996457
dynamic_exponential,33,21,2200,10.48,1.9260321908005589
dynamic_exponential,33,22,2300,10.45,2.4098755154571783
dynamic_exponential,33,23,2400,10.21,2.0894736179239017
dynamic_exponential,33,24,2500,10.18,2.233293531983649
dynamic_exponential,33,25,2600,10.42,2.1825672956406175
dynamic_exponential,33,26,2700,10.69,2.5561494479001023
dynamic_exponential,33,27,2800,10.48,2.2515772249691994
dynamic_exponential,33,28,2900,10.67,2.522122122340629
dynamic_exponential,33,29,3000,10.35,2.4834451876375288
dynamic_exponential,33,30,3100,10.37,2.184742547761635
dynamic_exponential,33,31,3200,10.51,2.1283561732003413
dynamic_exponential,33,32,3300,10.41,1.9702537907589468
dynamic_exponential,33,33,3400,10.64,1.8028865743579099
dynamic_exponential,33,34,3500,10.72,1.6678129391511505
dynamic_exponential,33,35,3600,10.67,2.1450174824462382
dynamic_exponential,33,36,3700,10.76,2.126593520163174
dynamic_exponential,33,37,3800,11.28,2.4620316813558674
dynamic_exponential,33,38,3900,11.48,2.29120055865915
dynamic_exponential,33,39,4000,11.69,2.04790136481228
dynamic_exponential,33,40,4100,12.1,2.435159132377184
dynamic_exponential,33,41,4200,11.86,2.2891919971902746
dynamic_exponential,33,42,4300,11.77,2.18565779572192
dynamic_exponential,33,43,4400,11.83,2.611723568833425
dynamic_exponential,33,44,4500,11.46,2.7401459815126645
dynamic_exponential,33,45,4600,11.7,2.5357444666211935
dynamic_exponential,33,46,4700,11.79,2.3464654269773506
dynamic_exponential,33,47,4800,11.65,2.669737814842499
dynamic_exponential,33,48,4900,11.78,2.3476797055816623
dynamic_exponential,33,49,5000,11.9,2.5317977802344327
dynamic_exponential,33,50,5100,11.77,2.3231659432765452
dynamic_exponential,33,51,5200,11.67,2.135673195973579
dynamic_exponential,33,52,5300,11.97,2.6208967930843823
dynamic_exponential,33,53,5400,12.04,2.6680329833043666
dynamic_exponential,33,54,5500,12.05,2.658477007611689
dynamic_exponential,33,55,5600,12.45,2.4591665254715878
dynamic_exponential,33,56,5700,12.79,3.1977961160774457
dynamic_exponential,33,57,5800,12.73,3.384833821622563
dynamic_exponential,33,58,5900,13.07,2.713871772947278
dynamic_exponential,33,59,6000,13.03,2.8511576596182824
dynamic_exponential,33,60,6100,12.85,2.624404694402142
dynamic_exponential,33,61,6200,12.29,2.4629047890651394
dynamic_exponential,33,62,6300,12.08,2.4358981916328113
dynamic_exponential,33,63,6400,12.26,2.6329451190634416
dynamic_exponential,33,64,6500,12.18,2.6129676614914317
dynamic_exponential,33,65,6600,12.39,2.835119045119623
dynamic_exponential,33,66,6700,12.69,2.865990230269461
dynamic_exponential,33,67,6800,12.4,2.8635642126552705
dynamic_exponential,33,68,6900,13.03,2.527666908435524
dynamic_exponential,33,69,7000,12.87,2.8483503997928343
dynamic_exponential,33,70,7100,12.83,2.6117235688334244
dynamic_exponential,33,71,7200,12.55,2.5860201081971503
dynamic_exponential,33,72,7300,12.58,2.635071156534487
dynamic_exponential,33,73,7400,12.45,2.3167865676406194
dynamic_exponential,33,74,7500,12.58,2.103235602589496
dynamic_exponential,33,75,7600,12.7,2.3473389188611002
dynamic_exponential,33,76,7700,12.31,2.243635442758025
dynamic_exponential,33,77,7800,12.09,2.549882350227163
dynamic_exponential,33,78,7900,12.64,2.5827117531772683
dynamic_exponential,33,79,8000,12.77,2.253242108607062
dynamic_exponential,33,80,8100,12.88,2.562342678097526
dynamic_exponential,33,81,8200,12.82,2.854400112107621
dynamic_exponential,33,82,8300,12.51,2.8017672994022895
dynamic_exponential,33,83,8400,12.44,2.3635566420122025
dynamic_exponential,33,84,8500,12.31,2.1009283662228944
dynamic_exponential,33,85,8600,12.49,1.9672061406980208
dynamic_exponential,33,86,8700,12.47,2.4958164996649894
dynamic_exponential,33,87,8800,12.57,2.5505097529709624
dynamic_exponential,33,88,8900,12.52,2.6324133414036632
dynamic_exponential,33,89,9000,12.52,2.2021807373601288
dynamic_exponential,33,90,9100,12.61,2.607278274369654
dynamic_exponential,33,91,9200,12.44,2.7688264662127167
dynamic_exponential,33,92,9300,12.11,1.9641537618017584
dynamic_exponential,33,93,9400,12.29,2.4136901209558776
dynamic_exponential,33,94,9500,12.31,2.3439069947418987
dynamic_exponential,33,95,9600,12.79,2.392885287680962
dynamic_exponential,33,96,9700,12.89,2.2445266761613683
dynamic_exponential,33,97,9800,12.91,2.565521389503506
dynamic_exponential,33,98,9900,12.66,2.337605612587376
dynamic_exponential,33,99,10000,12.29,2.511155112692165
dynamic_exponential,33,100,10100,12.2,1.8973665961010275
dynamic_exponential,33,101,10200,12.39,2.1489299662855466
dynamic_exponential,33,102,10300,12.61,2.4203098975131265
dynamic_exponential,33,103,10400,12.67,2.3411749187106885
dynamic_exponential,33,104,10500,12.38,2.4322006496175437
dynamic_exponential,33,105,10600,12.45,2.346806340540267
dynamic_exponential,33,106,10700,12.39,1.9125637244285483
dynamic_exponential,33,107,10800,12.25,1.9306734576307822
dynamic_exponential,33,108,10900,11.94,1.7934324631833782
dynamic_exponential,33,109,11000,11.96,1.9845402490249475
dynamic_exponential,33,110,11100,12.02,1.9286264542414633
dynamic_exponential,33,111,11200,12.15,2.277608394786075
dynamic_exponential,33,112,11300,12.13,1.957830431881168
dynamic_exponential,33,113,11400,12.49,2.3853511271928083
dynamic_exponential,33,114,11500,12.07,2.164509182239706
dynamic_exponential,33,115,11600,12.44,1.9764614845728716
dynamic_exponential,33,116,11700,12.64,2.4352412611484713
dynamic_exponential,33,117,11800,12.47,2.5512937894331182
dynamic_exponential,33,118,11900,12.21,2.4425191913268565
dynamic_exponential,33,119,12000,12.31,2.216731828616173
dynamic_exponential,33,120,12100,12.3,2.1283796653792764
dynamic_exponential,33,121,12200,12.4,2.172556098240043
dynamic_exponential,33,122,12300,12.43,2.413524393910283
dynamic_exponential,33,123,12400,12.23,2.23094150528426
dynamic_exponential,33,124,12500,12.65,2.1971572542719833
dynamic_exponential,33,125,12600,12.76,2.4662522174343806
dynamic_exponential,33,126,12700,12.86,2.9631739739677783
dynamic_exponential,33,127,12800,12.57,3.056975629605182
dynamic_exponential,33,128,12900,12.53,2.74392055278574
dynamic_exponential,33,129,13000,11.93,2.4505305547982874
dynamic_exponential,33,130,13100,12.45,2.094636006565341
dynamic_exponential,33,131,13200,12.37,2.133799428249994
dynamic_exponential,33,132,13300,12.46,2.160648050932868
dynamic_exponential,33,133,13400,12.31,1.973296733894829
dynamic_exponential,33,134,13500,12.52,2.2515772249691994
dynamic_exponential,33,135,13600,12.32,1.9640773915505467
dynamic_exponential,33,136,13700,12.39,2.097117068739845
dynamic_exponential,33,137,13800,12.12,2.031157305577291
dynamic_exponential,33,138,13900,12.44,2.250866499817348
dynamic_exponential,33,139,14000,12.56,2.060679499582601
dynamic_exponential,33,140,14100,12.6,2.262741699796952
dynamic_exponential,33,141,14200,12.49,2.3769518295497702
dynamic_exponential,33,142,14300,12.69,2.331072714438569
dynamic_exponential,33,143,14400,13.0,2.6343879744638983
dynamic_exponential,33,144,14500,12.76,2.596613178738797
dynamic_exponential,33,145,14600,12.61,2.5333574560255014
dynamic_exponential,33,146,14700,12.73,2.5762569747600876
dynamic_exponential,33,147,14800,12.76,2.3795797948377353
dynamic_exponential,33,148,14900,12.97,2.9341267866266443
dynamic_exponential,33,149,15000,12.78,2.6705055701121463
dynamic_exponential,33,150,15100,12.81,2.6559179204184757
dynamic_exponential,34,0,100,21.0,0.0
dynamic_exponential,34,1,200,19.74,5.818281533236425
dynamic_exponential,34,2,300,14.83,6.604627165858797
dynamic_exponential,34,3,400,10.53,5.256339030161582
dynamic_exponential,34,4,500,9.97,4.306866610425728
dynamic_exponential,34,5,600,9.82,3.8246045547219647
dynamic_exponential,34,6,700,10.17,3.636083057357188
dynamic_exponential,34,7,800,10.22,3.6730913410913155
dynamic_exponential,34,8,900,10.28,3.0824665448306168
dynamic_exponential,34,9,1000,10.06,3.1363035567368156
dynamic_exponential,34,10,1100,10.16,3.058496362593881
dynamic_exponential,34,11,1200,10.76,3.114867573429086
dynamic_exponential,34,12,1300,10.38,3.0158912447235227
dynamic_exponential,34,13,1400,10.79,3.118637523021872
dynamic_exponential,34,14,1500,10.22,3.192428542661527
dynamic_exponential,34,15,1600,10.59,3.3707417581298036
dynamic_exponential,34,16,1700,11.32,3.8206805676476017
dynamic_exponential,34,17,1800,11.02,3.4813215881328747
dynamic_exponential,34,18,1900,10.97,3.623409996122437
dynamic_exponential,34,19,2000,11.11,4.120424735388332
dynamic_exponential,34,20,2100,10.89,3.7360273018274373
dynamic_exponential,34,21,2200,11.16,3.7355588604651913
dynamic_exponential,34,22,2300,10.77,3.4492173025195147
dynamic_exponential,34,23,2400,11.19,3.2884494826589625
dynamic_exponential,34,24,2500,11.6,3.0886890422961
dynamic_exponential,34,25,2600,11.58,3.181760518958019
dynamic_exponential,34,26,2700,11.8,3.340658617698013
dynamic_exponential,34,27,2800,12.02,3.7496133133964626
dynamic_exponential,34,28,2900,11.86,3.1177556029939226
dynamic_exponential,34,29,3000,11.92,3.796524726641459
dynamic_exponential,34,30,3100,11.76,4.069692863104045
dynamic_exponential,34,31,3200,11.63,3.6404807374850923
dynamic_exponential,34,32,3300,11.82,3.7319699891612204
dynamic_exponential,34,33,3400,11.42,3.06
dynamic_exponential,34,34,3500,11.82,3.0244999586708543
dynamic_exponential,34,35,3600,12.05,3.08666486681013
dynamic_exponential,34,36,3700,11.72,2.7823730878514477
dynamic_exponential,34,37,3800,11.84,3.220931542271584
dynamic_exponential,34,38,3900,12.26,3.7433140397246927
dynamic_exponential,34,39,4000,12.21,3.5561074224494402
dynamic_exponential,34,40,4100,12.3,3.8249182997810554
dynamic_exponential,34,41,4200,11.71,3.464953102135727
dynamic_exponential,34,42,4300,12.06,3.4578027705466368
dynamic_exponential,34,43,4400,12.77,3.5717082747615323
dynamic_exponential,34,44,4500,13.2,3.823610858861032
dynamic_exponential,34,45,4600,12.98,3.7012970699472367
dynamic_exponential,34,46,4700,13.4,4.149698784249286
dynamic_exponential,34,47,4800,12.87,4.524720985873052
dynamic_exponential,34,48,4900,12.47,4.191551025575139
dynamic_exponential,34,49,5000,13.28,4.09653512129458
dynamic_exponential,34,50,5100,13.25,4.378070351193548
dynamic_exponential,34,51,5200,12.28,3.821203998741758
dynamic_exponential,34,52,5300,12.19,3.372521312015685
dynamic_exponential,34,53,5400,12.11,3.343336656694925
dynamic_exponential,34,54,5500,12.22,3.6430207246185136
dynamic_exponential,34,55,5600,12.49,3.5594802991448065
dynamic_exponential,34,56,5700,13.01,3.973650714393503
dynamic_exponential,34,57,5800,12.72,3.641647978594307
dynamic_exponential,34,58,5900,12.67,4.132928743639309
dynamic_exponential,34,59,6000,12.61,3.781256404953253
dynamic_exponential,34,60,6100,12.97,3.6068129976476464
dynamic_exponential,34,61,6200,12.79,3.75844382690496
dynamic_exponential,34,62,6300,12.46,3.5253935950472255
dynamic_exponential,34,63,6400,12.58,3.7394652024052855
dynamic_exponential,34,64,6500,12.58,3.2624530647964884
dynamic_exponential,34,65,6600,12.64,3.511466929931136
dynamic_exponential,34,66,6700,12.44,3.179056463795508
dynamic_exponential,34,67,6800,12.46,3.2693118541980666
dynamic_exponential,34,68,6900,12.32,2.859650328274421
dynamic_exponential,34,69,7000,12.37,3.273087227679702
dynamic_exponential,34,70,7100,12.41,3.4845229228690693
dynamic_exponential,34,71,7200,12.49,3.2542126543912278
dynamic_exponential,34,72,7300,12.5,3.371943060017473
dynamic_exponential,34,73,7400,12.65,3.106042498099471
dynamic_exponential,34,74,7500,12.45,3.1252999856013823
dynamic_exponential,34,75,7600,12.28,3.411978897941779
dynamic_exponential,34,76,7700,12.68,2.9253375873563727
dynamic_exponential,34,77,7800,12.7,3.1
dynamic_exponential,34,78,7900,12.79,3.2658689502183025
dynamic_exponential,34,79,8000,12.67,2.8144448830986195
dynamic_exponential,34,80,8100,12.69,3.0616825439617346
dynamic_exponential,34,81,8200,12.46,2.582324534213312
dynamic_exponential,34,82,8300,12.54,3.3717057997399484
dynamic_exponential,34,83,8400,12.45,3.1284980421921316
dynamic_exponential,34,84,8500,12.88,3.030775478322339
dynamic_exponential,34,85,8600,12.85,3.222964473896664
dynamic_exponential,34,86,8700,12.87,3.3155844130409355
dynamic_exponential,34,87,8800,12.89,3.408504070703158
dynamic_exponential,34,88,8900,12.34,2.7100553499882616
dynamic_exponential,34,89,9000,12.34,2.717425251961864
dynamic_exponential,34,90,9100,12.53,2.7182899035974804
dynamic_exponential,34,91,9200,12.82,3.530948880966701
dynamic_exponential,34,92,9300,12.78,2.802070662920548
dynamic_exponential,34,93,9400,12.99,3.5227687974092197
dynamic_exponential,34,94,9500,13.21,3.435971478344953
dynamic_exponential,34,95,9600,13.35,3.1571347769773785
dynamic_exponential,34,96,9700,13.22,3.5653330840189392
dynamic_exponential,34,97,9800,13.17,3.690677444589272
dynamic_exponential,34,98,9900,13.02,3.3465803441722417
dynamic_exponential,34,99,10000,13.33,3.6278230386831165
dynamic_exponential,34,100,10100,13.14,3.773645452344457
dynamic_exponential,34,101,10200,13.24,3.5330440133120335
dynamic_exponential,34,102,10300,12.79,3.182121933553144
dynamic_exponential,34,103,10400,12.57,3.739665760465767
dynamic_exponential,34,104,10500,12.79,3.0734182923904125
dynamic_exponential,34,105,10600,13.19,3.1295207300799275
dynamic_exponential,34,106,10700,13.34,2.7026653510932497
dynamic_exponential,34,107,10800,13.22,2.602229813064173
dynamic_exponential,34,108,10900,13.01,3.064294372282141
dynamic_exponential,34,109,11000,12.72,3.3972930400540955
dynamic_exponential,34,110,11100,13.03,2.8825509535826073
dynamic_exponential,34,111,11200,13.1,2.8372521918222215
dynamic_exponential,34,112,11300,13.25,2.4994999499899975
dynamic_exponential,34,113,11400,13.07,3.020778045471067
dynamic_exponential,34,114,11500,13.07,2.874908694202305
dynamic_exponential,34,115,11600,12.95,3.488194375317981
dynamic_exponential,34,116,11700,13.19,3.6815621684279622
dynamic_exponential,34,117,11800,12.7,3.5846896657869842
dynamic_exponential,34,118,11900,12.82,2.6434068926292826
dynamic_exponential,34,119,12000,13.22,2.85860105646101
dynamic_exponential,34,120,12100,13.1,2.8160255680657444
dynamic_exponential,34,121,12200,13.35,2.628212320190285
dynamic_exponential,34,122,12300,13.37,2.8588634105182424
dynamic_exponential,34,123,12400,13.28,2.285082055419455
dynamic_exponential,34,124,12500,13.04,2.962836478781777
dynamic_exponential,34,125,12600,13.27,3.4867033140202794
dynamic_exponential,34,126,12700,13.32,3.3192770297159595
dynamic_exponential,34,127,12800,13.05,3.3147398087934445
dynamic_exponential,34,128,12900,13.14,2.8461201661208895
dynamic_exponential,34,129,13000,13.09,3.0036477822807384
dynamic_exponential,34,130,13100,13.01,2.6019031496195244
dynamic_exponential,34,131,13200,13.1,3.3719430600174736
dynamic_exponential,34,132,13300,13.23,2.9046686558022414
dynamic_exponential,34,133,13400,13.29,2.430205752606145
dynamic_exponential,34,134,13500,13.5,3.057776970284131
dynamic_exponential,34,135,13600,13.56,2.635602397934863
dynamic_exponential,34,136,13700,13.75,3.4795833083862213
dynamic_exponential,34,137,13800,13.71,3.2535980083593614
dynamic_exponential,34,138,13900,13.65,3.9733487136167653
dynamic_exponential,34,139,14000,13.19,3.743514391584464
dynamic_exponential,34,140,14100,12.78,3.477297801454457
dynamic_exponential,34,141,14200,13.07,3.1120893303374184
dynamic_exponential,34,142,14300,13.35,3.70236410959268
dynamic_exponential,34,143,14400,13.32,3.1650592411517358
dynamic_exponential,34,144,14500,13.35,3.3087006513131403
dynamic_exponential,34,145,14600,13.26,3.506051910625398
dynamic_exponential,34,146,14700,13.35,3.2752862470324633
dynamic_exponential,34,147,14800,13.08,3.129472799050984
dynamic_exponential,34,148,14900,12.98,3.0528019916136064
dynamic_exponential,34,149,15000,12.93,3.128114448034151
dynamic_exponential,34,150,15100,12.99,2.242743855191671
dynamic_exponential,35,0,100,21.0,0.0
dynamic_exponential,35,1,200,19.5,6.129437168288781
dynamic_exponential,35,2,300,14.17,5.71848756228428
dynamic_exponential,35,3,400,10.81,4.0858169317775355
dynamic_exponential,35,4,500,9.76,3.5415250952096895
dynamic_exponential,35,5,600,8.46,2.3850366873488555
dynamic_exponential,35,6,700,8.59,2.569416276121874
dynamic_exponential,35,7,800,8.57,2.4382575745806676
dynamic_exponential,35,8,900,8.83,2.154321238812819
dynamic_exponential,35,9,1000,8.97,2.277959613338217
dynamic_exponential,35,10,1100,9.21,1.9405926929677952
dynamic_exponential,35,11,1200,9.22,2.2071701339044982
dynamic_exponential,35,12,1300,9.81,2.2480880765663964
dynamic_exponential,35,13,1400,10.13,2.3943892749509215
dynamic_exponential,35,14,1500,10.01,2.184010073236843
dynamic_exponential,35,15,1600,10.41,2.5262422686670414
dynamic_exponential,35,16,1700,10.31,2.488754708684646
dynamic_exponential,35,17,1800,10.46,2.3212927432790553
dynamic_exponential,35,18,1900,10.4,2.3916521486202797
dynamic_exponential,35,19,2000,10.45,2.389037463080058
dynamic_exponential,35,20,2100,10.3,2.032240143290158
dynamic_exponential,35,21,2200,10.38,2.5130857526156962
dynamic_exponential,35,22,2300,10.75,2.511473670974872
dynamic_exponential,35,23,2400,10.48,2.4061587645041214
dynamic_exponential,35,24,2500,10.57,2.2056971686974616
dynamic_exponential,35,25,2600,10.62,2.715805589507467
dynamic_exponential,35,26,2700,10.77,2.4611176322963515
dynamic_exponential,35,27,2800,10.73,2.2797148944550063
dynamic_exponential,35,28,2900,10.66,2.3461457755220585
dynamic_exponential,35,29,3000,10.47,2.3300429180596653
dynamic_exponential,35,30,3100,10.92,2.552175542551883
dynamic_exponential,35,31,3200,11.2,2.835489375751565
dynamic_exponential,35,32,3300,11.44,2.5310867231290195
dynamic_exponential,35,33,3400,11.17,2.735159958759268
dynamic_exponential,35,34,3500,11.01,2.422787650620665
dynamic_exponential,35,35,3600,10.89,3.078619820633915
dynamic_exponential,35,36,3700,10.48,2.5902895591033834
dynamic_exponential,35,37,3800,10.5,2.2203603311174516
dynamic_exponential,35,38,3900,10.59,2.5301976207403247
dynamic_exponential,35,39,4000,11.25,2.4753787588973126
dynamic_exponential,35,40,4100,11.43,2.5932797766534947
dynamic_exponential,35,41,4200,11.18,2.1558293067866017
dynamic_exponential,35,42,4300,11.47,2.527666908435524
dynamic_exponential,35,43,4400,11.74,2.4520195757783014
dynamic_exponential,35,44,4500,11.66,2.9299146745255227
dynamic_exponential,35,45,4600,11.85,3.1092603622083494
dynamic_exponential,35,46,4700,12.15,3.10926036220835
dynamic_exponential,35,47,4800,12.27,3.1204326623082252
dynamic_exponential,35,48,4900,12.07,2.6879546127120526
dynamic_exponential,35,49,5000,12.28,3.101870403482389
dynamic_exponential,35,50,5100,12.14,3.2711465879718693
dynamic_exponential,35,51,5200,12.54,2.55507338446472
dynamic_exponential,35,52,5300,12.75,2.8473672049807695
dynamic_exponential,35,53,5400,12.69,2.7881714437960947
dynamic_exponential,35,54,5500,12.55,3.185514087239295
dynamic_exponential,35,55,5600,12.68,3.1870989943834505
dynamic_exponential,35,56,5700,12.77,3.310151053955091
dynamic_exponential,35,57,5800,12.8,3.178049716414141
dynamic_exponential,35,58,5900,13.34,3.3740776517442512
dynamic_exponential,35,59,6000,12.88,2.7794963572561127
dynamic_exponential,35,60,6100,12.81,3.2270574832190397
dynamic_exponential,35,61,6200,12.52,3.27255252058695
dynamic_exponential,35,62,6300,12.18,1.961530015064771
dynamic_exponential,35,63,6400,12.56,2.9709257816377703
dynamic_exponential,35,64,6500,12.27,2.996180902415607
dynamic_exponential,35,65,6600,12.4,3.1336879231984796
dynamic_exponential,35,66,6700,12.08,3.198999843701153
dynamic_exponential,35,67,6800,11.83,2.59636284059066
dynamic_exponential,35,68,6900,11.89,2.529407045139236
dynamic_exponential,35,69,7000,11.96,3.065681001017555
dynamic_exponential,35,70,7100,11.84,3.192867050160404
dynamic_exponential,35,71,7200,11.58,2.9195205085767078
dynamic_exponential,35,72,7300,12.43,3.1535852612542445
dynamic_exponential,35,73,7400,12.23,3.3402245433503417
dynamic_exponential,35,74,7500,12.8,3.4985711369071804
dynamic_exponential,35,75,7600,12.45,3.157134776977378
dynamic_exponential,35,76,7700,12.12,2.843518946657469
dynamic_exponential,35,77,7800,12.49,2.769458430812783
dynamic_exponential,35,78,7900,12.54,2.8580412873154932
dynamic_exponential,35,79,8000,12.31,2.806047041658425
dynamic_exponential,35,80,8100,12.54,3.4188302092967415
dynamic_exponential,35,81,8200,12.54,3.5140290266302583
dynamic_exponential,35,82,8300,12.83,2.88809625878363
dynamic_exponential,35,83,8400,12.74,3.333526661060325
dynamic_exponential,35,84,8500,12.62,2.8836782067352797
dynamic_exponential,35,85,8600,12.47,2.754832118296867
dynamic_exponential,35,86,8700,12.28,3.1403184551889
dynamic_exponential,35,87,8800,12.44,3.299454500368205
dynamic_exponential,35,88,8900,12.38,2.845276787941729
dynamic_exponential,35,89,9000,12.16,2.7918452679186934
dynamic_exponential,35,90,9100,12.61,2.6940489973272577
dynamic_exponential,35,91,9200,12.26,2.5830989140952387
dynamic_exponential,35,92,9300,12.45,2.5627134057478997
dynamic_exponential,35,93,9400,12.73,3.279801823281401
dynamic_exponential,35,94,9500,12.97,2.43086404391525
dynamic_exponential,35,95,9600,12.85,2.7798381247835278
dynamic_exponential,35,96,9700,12.52,2.5748009631814264
dynamic_exponential,35,97,9800,12.37,3.097272994103038
dynamic_exponential,35,98,9900,12.6,2.814249455894058
dynamic_exponential,35,99,10000,12.86,2.6496037439587075
dynamic_exponential,35,100,10100,12.83,2.8250840695455417
dynamic_exponential,35,101,10200,12.66,3.3532670636261583
dynamic_exponential,35,102,10300,12.54,2.7328373533746944
dynamic_exponential,35,103,10400,12.73,2.686466080187874
dynamic_exponential,35,104,10500,12.71,2.534935896625396
dynamic_exponential,35,105,10600,12.68,3.1140969798643074
dynamic_exponential,35,106,10700,12.41,2.986954971203952
dynamic_exponential,35,107,10800,12.41,2.825225654704417
dynamic_exponential,35,108,10900,12.47,3.1223548805348824
dynamic_exponential,35,109,11000,12.01,2.9478636332096504
dynamic_exponential,35,110,11100,11.68,2.8385911998736275
dynamic_exponential,35,111,11200,11.91,2.908934512841429
dynamic_exponential,35,112,11300,12.32,2.9761720380381242
dynamic_exponential,35,113,11400,12.09,2.713282145299305
dynamic_exponential,35,114,11500,11.98,2.1353219897710978
dynamic_exponential,35,115,11600,12.29,3.22581772578675
dynamic_exponential,35,116,11700,12.05,2.95423424934449
dynamic_exponential,35,117,11800,12.01,2.696275208505245
dynamic_exponential,35,118,11900,11.7,2.598076211353316
dynamic_exponential,35,119,12000,12.52,2.368459414893994
dynamic_exponential,35,120,12100,12.85,3.141257709899014
dynamic_exponential,35,121,12200,12.73,2.9354897376758107
dynamic_exponential,35,122,12300,12.58,2.5619523805098328
dynamic_exponential,35,123,12400,12.63,3.428279451853364
dynamic_exponential,35,124,12500,12.52,2.9239699040858818
dynamic_exponential,35,125,12600,12.48,2.8652399550473953
dynamic_exponential,35,126,12700,12.59,2.874352100909003
dynamic_exponential,35,127,12800,12.78,2.798499597998899
dynamic_exponential,35,128,12900,12.51,2.9614016951437034
dynamic_exponential,35,129,13000,12.46,2.5823245342133125
dynamic_exponential,35,130,13100,12.28,2.2229709849658406
dynamic_exponential,35,131,13200,12.33,2.580910691984517
dynamic_exponential,35,132,13300,12.25,2.511473670974872
dynamic_exponential,35,133,13400,12.49,2.4310285888898964
dynamic_exponential,35,134,13500,12.22,2.3815121246804516
dynamic_exponential,35,135,13600,12.67,3.1338634303364272
dynamic_exponential,35,136,13700,12.13,2.5715948358946434
dynamic_exponential,35,137,13800,12.23,2.3274664336999575
dynamic_exponential,35,138,13900,12.26,2.551940438176408
dynamic_exponential,35,139,14000,12.0,2.3916521486202797
dynamic_exponential,35,140,14100,12.1,2.6476404589747453
dynamic_exponential,35,141,14200,12.4,2.6907248094147422
dynamic_exponential,35,142,14300,12.39,3.0851093983844398
dynamic_exponential,35,143,14400,12.42,2.3671924298628535
dynamic_exponential,35,144,14500,12.51,2.487950964147003
dynamic_exponential,35,145,14600,12.53,2.7146086274083783
dynamic_exponential,35,146,14700,12.46,2.822835453936343
dynamic_exponential,35,147,14800,12.43,2.9300341294940577
dynamic_exponential,35,148,14900,12.43,2.466799545970446
dynamic_exponential,35,149,15000,12.17,2.561464424894478
dynamic_exponential,35,150,15100,12.06,2.7416053691222593
dynamic_exponential,36,0,100,21.0,0.0
dynamic_exponential,36,1,200,19.91,5.7395034628441515
dynamic_exponential,36,2,300,15.6,6.206448259673161
dynamic_exponential,36,3,400,11.53,4.918241555678208
dynamic_exponential,36,4,500,9.76,3.400352922859626
dynamic_exponential,36,5,600,9.61,3.1492697566261296
dynamic_exponential,36,6,700,9.3,2.3727621035409343
dynamic_exponential,36,7,800,9.02,2.493912588684696
dynamic_exponential,36,8,900,9.47,2.8194148329041613
dynamic_exponential,36,9,1000,9.61,2.3490210727024143
dynamic_exponential,36,10,1100,9.84,2.1941741043043965
dynamic_exponential,36,11,1200,9.14,2.0494877408757532
dynamic_exponential,36,12,1300,9.25,1.935846068260594
dynamic_exponential,36,13,1400,9.37,1.9113084523435773
dynamic_exponential,36,14,1500,9.49,2.002473470485939
dynamic_exponential,36,15,1600,9.68,2.0730653631759903
dynamic_exponential,36,16,1700,9.89,2.077955726188602
dynamic_exponential,36,17,1800,9.9,1.9209372712298547
dynamic_exponential,36,18,1900,10.32,2.0874865269026293
dynamic_exponential,36,19,2000,10.4,1.8384776310850237
dynamic_exponential,36,20,2100,10.92,2.4194214184387146
dynamic_exponential,36,21,2200,11.13,2.0623045361924603
dynamic_exponential,36,22,2300,10.88,2.4547097588106013
dynamic_exponential,36,23,2400,10.71,2.471011938457603
dynamic_exponential,36,24,2500,10.94,2.4282503989498285
dynamic_exponential,36,25,2600,10.78,2.2872691140309658
dynamic_exponential,36,26,2700,11.27,2.1856577957219194
dynamic_exponential,36,27,2800,11.49,2.6626866131785016
dynamic_exponential,36,28,2900,11.4,2.8284271247461903
dynamic_exponential,36,29,3000,11.08,2.552175542551883
dynamic_exponential,36,30,3100,11.08,2.042939059296679
dynamic_exponential,36,31,3200,11.41,2.870870947987736
dynamic_exponential,36,32,3300,11.05,2.3973944189473704
dynamic_exponential,36,33,3400,11.1,2.563201123595259
dynamic_exponential,36,34,3500,11.35,2.5743931323712
dynamic_exponential,36,35,3600,11.49,2.6999814814179746
dynamic_exponential,36,36,3700,11.38,2.3697257225257107
dynamic_exponential,36,37,3800,11.39,2.8245176579373688
dynamic_exponential,36,38,3900,11.38,2.6486977932561504
dynamic_exponential,36,39,4000,11.37,2.9619419305583965
dynamic_exponential,36,40,4100,11.12,2.4465485893396846
dynamic_exponential,36,41,4200,11.3,2.286919325205855
dynamic_exponential,36,42,4300,11.64,2.1095971179350808
dynamic_exponential,36,43,4400,11.67,2.258561489089903
dynamic_exponential,36,44,4500,11.79,2.031231153758725
dynamic_exponential,36,45,4600,12.08,2.3181026724457223
dynamic_exponential,36,46,4700,12.04,2.5919876542915867
dynamic_exponential,36,47,4800,12.18,2.4098962633275316
dynamic_exponential,36,48,4900,12.41,2.6873592986424426
dynamic_exponential,36,49,5000,12.24,3.0793505808855213
dynamic_exponential,36,50,5100,12.13,2.8623591668412267
dynamic_exponential,36,51,5200,11.88,2.333580939243377
dynamic_exponential,36,52,5300,11.9,2.5
dynamic_exponential,36,53,5400,11.94,2.3013908837918
dynamic_exponential,36,54,5500,12.02,2.56117160690181
dynamic_exponential,36,55,5600,11.94,2.465035496701822
dynamic_exponential,36,56,5700,11.47,2.3041484327186907
dynamic_exponential,36,57,5800,12.1,2.673948391424187
dynamic_exponential,36,58,5900,12.02,2.929095423505353
dynamic_exponential,36,59,6000,12.12,2.434255533012095
dynamic_exponential,36,60,6100,12.28,2.168317319951118
dynamic_exponential,36,61,6200,12.04,2.48965861113527
dynamic_exponential,36,62,6300,12.22,2.6060698378976723
dynamic_exponential,36,63,6400,12.31,2.5872572349884346
dynamic_exponential,36,64,6500,12.17,2.1819945004513643
dynamic_exponential,36,65,6600,12.0,2.596150997149434
dynamic_exponential,36,66,6700,12.27,2.4813504387732093
dynamic_exponential,36,67,6800,12.28,2.5419677417308035
dynamic_exponential,36,68,6900,12.05,2.48746859276655
dynamic_exponential,36,69,7000,12.08,2.5403936702802583
dynamic_exponential,36,70,7100,13.05,2.8822734082664674
dynamic_exponential,36,71,7200,12.71,2.9809226759511898
dynamic_exponential,36,72,7300,12.86,2.6344638923317967
dynamic_exponential,36,73,7400,13.03,2.7980528944249787
dynamic_exponential,36,74,7500,13.4,3.1874754901018454
dynamic_exponential,36,75,7600,13.15,2.9064583258667236
dynamic_exponential,36,76,7700,13.35,3.0012497396917834
dynamic_exponential,36,77,7800,12.94,2.8277906570324474
dynamic_exponential,36,78,7900,13.3,3.0282007859453444
dynamic_exponential,36,79,8000,12.82,2.3595762331401797
dynamic_exponential,36,80,8100,12.58,2.534482195636813
dynamic_exponential,36,81,8200,12.56,2.1786234185833955
dynamic_exponential,36,82,8300,12.41,2.561620580804269
dynamic_exponential,36,83,8400,12.61,2.5135433157198626
dynamic_exponential,36,84,8500,12.33,2.615549655426178
dynamic_exponential,36,85,8600,12.5,2.7549954627911823
dynamic_exponential,36,86,8700,12.34,2.5108564275959706
dynamic_exponential,36,87,8800,12.48,2.376888722679293
dynamic_exponential,36,88,8900,12.6,2.545584412271571
dynamic_exponential,36,89,9000,12.82,2.8579013278977987
dynamic_exponential,36,90,9100,12.43,2.526875541058562
dynamic_exponential,36,91,9200,12.35,2.5782746168707473
dynamic_exponential,36,92,9300,12.48,2.1839413911549914
dynamic_exponential,36,93,9400,12.64,2.287006777427649
dynamic_exponential,36,94,9500,13.11,2.781708108339191
dynamic_exponential,36,95,9600,12.85,2.801338965566288
dynamic_exponential,36,96,9700,12.38,2.6068371640745034
dynamic_exponential,36,97,9800,11.95,2.2994564575133842
dynamic_exponential,36,98,9900,11.87,1.8366001197865582
dynamic_exponential,36,99,10000,12.1,2.142428528562855
dynamic_exponential,36,100,10100,12.12,1.9301813386311661
dynamic_exponential,36,101,10200,12.31,2.138667809642255
dynamic_exponential,36,102,10300,12.0,2.1447610589527217
dynamic_exponential,36,103,10400,12.22,2.2697136383253285
dynamic_exponential,36,104,10500,12.38,1.9938906690187403
dynamic_exponential,36,105,10600,12.17,2.457864927126794
dynamic_exponential,36,106,10700,12.53,2.4349743325135895
dynamic_exponential,36,107,10800,12.16,2.614268540146555
dynamic_exponential,36,108,10900,12.55,2.3339880033967613
dynamic_exponential,36,109,11000,13.07,2.442355420490638
dynamic_exponential,36,110,11100,12.8,2.6944387170614963
dynamic_exponential,36,111,11200,12.88,2.4547097588106013
dynamic_exponential,36,112,11300,13.13,2.636873148257231
dynamic_exponential,36,113,11400,12.92,2.9075075236360095
dynamic_exponential,36,114,11500,12.71,2.367678187592224
dynamic_exponential,36,115,11600,12.53,2.515770259781286
dynamic_exponential,36,116,11700,12.62,2.599153708421262
dynamic_exponential,36,117,11800,12.31,2.472630178575033
dynamic_exponential,36,118,11900,12.22,2.3305793271201902
dynamic_exponential,36,119,12000,12.3,2.4186773244895647
dynamic_exponential,36,120,12100,12.5,2.5787593916455256
dynamic_exponential,36,121,12200,12.35,2.405722344743882
dynamic_exponential,36,122,12300,12.59,2.912370168780061
dynamic_exponential,36,123,12400,12.71,2.3034539283432607
dynamic_exponential,36,124,12500,12.87,2.55207758502754
dynamic_exponential,36,125,12600,12.78,2.594532713226025
dynamic_exponential,36,126,12700,12.52,2.539606268695996
dynamic_exponential,36,127,12800,12.03,2.146881459233369
dynamic_exponential,36,128,12900,11.92,2.45226425982193
dynamic_exponential,36,129,13000,11.87,1.9527160571880389
dynamic_exponential,36,130,13100,11.68,2.0970455407548974
dynamic_exponential,36,131,13200,11.7,1.835755975068582
dynamic_exponential,36,132,13300,11.86,1.8440173534975204
dynamic_exponential,36,133,13400,11.8,1.9235384061671346
dynamic_exponential,36,134,13500,11.84,2.1247117451550928
dynamic_exponential,36,135,13600,11.73,1.8212907510883594
dynamic_exponential,36,136,13700,11.76,2.0790382391865716
dynamic_exponential,36,137,13800,11.87,2.356501644387289
dynamic_exponential,36,138,13900,11.85,1.904599695474091
dynamic_exponential,36,139,14000,12.16,2.300956322923145
dynamic_exponential,36,140,14100,12.07,2.32488709403274
dynamic_exponential,36,141,14200,12.0,2.1118712081942874
dynamic_exponential,36,142,14300,11.98,2.107035832633133
dynamic_exponential,36,143,14400,11.95,1.9615045245933032
dynamic_exponential,36,144,14500,11.78,1.8685823503394228
dynamic_exponential,36,145,14600,11.9,2.0615528128088303
dynamic_exponential,36,146,14700,12.07,1.9761325866449344
dynamic_exponential,36,147,14800,12.34,2.750345432850208
dynamic_exponential,36,148,14900,12.22,2.5321137415211026
dynamic_exponential,36,149,15000,12.38,2.082210364012244
dynamic_exponential,36,150,15100,12.54,2.1560148422494687
dynamic_exponential,37,0,100,21.0,0.0
dynamic_exponential,37,1,200,19.65,6.213493381343542
dynamic_exponential,37,2,300,14.87,6.087125758516905
dynamic_exponential,37,3,400,10.89,4.651655619239239
dynamic_exponential,37,4,500,9.51,3.925544548212388
dynamic_exponential,37,5,600,8.62,2.763258945520669
dynamic_exponential,37,6,700,8.67,2.986821052557384
dynamic_exponential,37,7,800,9.05,2.850877058029686
dynamic_exponential,37,8,900,9.03,2.87560428432008
dynamic_exponential,37,9,1000,9.52,2.5592186307543168
dynamic_exponential,37,10,1100,9.38,2.505114767830009
dynamic_exponential,37,11,1200,9.17,2.5458004635084817
dynamic_exponential,37,12,1300,9.82,2.8961353559528256
dynamic_exponential,37,13,1400,9.88,2.9267046314925595
dynamic_exponential,37,14,1500,9.8,3.1559467676119004
dynamic_exponential,37,15,1600,9.96,3.0196688560171627
dynamic_exponential,37,16,1700,10.25,3.272231654391235
dynamic_exponential,37,17,1800,10.66,3.3859119894055127
dynamic_exponential,37,18,1900,10.6,3.0397368307141326
dynamic_exponential,37,19,2000,10.55,2.9167619032070475
dynamic_exponential,37,20,2100,10.52,2.711014570230119
dynamic_exponential,37,21,2200,10.52,3.598555265658706
dynamic_exponential,37,22,2300,10.89,3.57182026423503
dynamic_exponential,37,23,2400,11.02,3.133624099983915
dynamic_exponential,37,24,2500,10.81,3.8902313555879937
dynamic_exponential,37,25,2600,11.3,3.8509739027939416
dynamic_exponential,37,26,2700,11.02,3.3346064235528607
dynamic_exponential,37,27,2800,11.63,3.8331579670031863
dynamic_exponential,37,28,2900,12.13,4.201559234379542
dynamic_exponential,37,29,3000,11.56,4.299581374971289
dynamic_exponential,37,30,3100,12.4,3.440930106817051
dynamic_exponential,37,31,3200,12.8,4.379497688091638
dynamic_exponential,37,32,3300,12.02,4.0273564530595
dynamic_exponential,37,33,3400,11.69,3.44585257955125
dynamic_exponential,37,34,3500,12.22,3.7485463849337655
dynamic_exponential,37,35,3600,12.5,3.2171415884290826
dynamic_exponential,37,36,3700,12.36,3.3630938137375828
dynamic_exponential,37,37,3800,11.75,3.3026504507743475
dynamic_exponential,37,38,3900,11.97,2.9170361670709535
dynamic_exponential,37,39,4000,12.18,3.49393760676976
dynamic_exponential,37,40,4100,11.76,3.5780441584754095
dynamic_exponential,37,41,4200,12.16,3.9159162401665335
dynamic_exponential,37,42,4300,12.29,3.438880631833563
dynamic_exponential,37,43,4400,12.28,3.4440673628719867
dynamic_exponential,37,44,4500,12.66,3.356247905027279
dynamic_exponential,37,45,4600,12.66,3.5755279330470913
dynamic_exponential,37,46,4700,12.55,3.9124800318979265
dynamic_exponential,37,47,4800,12.4,4.183300132670378
dynamic_exponential,37,48,4900,11.89,3.5153804914973286
dynamic_exponential,37,49,5000,11.62,3.7276802437977428
dynamic_exponential,37,50,5100,12.64,4.17976075870378
dynamic_exponential,37,51,5200,12.26,3.900307680170886
dynamic_exponential,37,52,5300,12.14,4.044799129746742
dynamic_exponential,37,53,5400,11.87,3.743407538593681
dynamic_exponential,37,54,5500,12.01,3.511395733892721
dynamic_exponential,37,55,5600,11.74,4.036384520830492
dynamic_exponential,37,56,5700,11.78,3.5653330840189392
dynamic_exponential,37,57,5800,11.82,3.4040564037630165
dynamic_exponential,37,58,5900,12.19,3.3367499157113945
dynamic_exponential,37,59,6000,12.16,3.500628514995557
dynamic_exponential,37,60,6100,11.97,4.262522727212137
dynamic_exponential,37,61,6200,12.12,3.5868649263667574
dynamic_exponential,37,62,6300,12.92,3.9336497047907053
dynamic_exponential,37,63,6400,13.1,4.018706259482024
dynamic_exponential,37,64,6500,12.56,4.0232325311868316
dynamic_exponential,37,65,6600,12.68,3.515337821604064
dynamic_exponential,37,66,6700,12.89,4.39748791925572
dynamic_exponential,37,67,6800,13.0,3.646916505762094
dynamic_exponential,37,68,6900,12.92,3.6923705122861117
dynamic_exponential,37,69,7000,12.91,3.0954644239596747
dynamic_exponential,37,70,7100,13.11,3.5969292458985067
dynamic_exponential,37,71,7200,13.17,3.9876183368020564
dynamic_exponential,37,72,7300,12.81,3.8462839208773962
dynamic_exponential,37,73,7400,13.66,4.089547652247128
dynamic_exponential,37,74,7500,13.51,3.4712965877320245
dynamic_exponential,37,75,7600,13.34,3.569929971301958
dynamic_exponential,37,76,7700,13.09,2.956670424649998
dynamic_exponential,37,77,7800,13.31,3.562849982808707
dynamic_exponential,37,78,7900,12.96,3.3820703718284753
dynamic_exponential,37,79,8000,13.33,3.3913271738362254
dynamic_exponential,37,80,8100,13.51,4.038551720604801
dynamic_exponential,37,81,8200,13.21,3.611910851613035
dynamic_exponential,37,82,8300,12.8,3.423448553724738
dynamic_exponential,37,83,8400,12.94,3.3070228302810367
dynamic_exponential,37,84,8500,13.08,3.0287951399855357
dynamic_exponential,37,85,8600,12.4,2.932575659723036
dynamic_exponential,37,86,8700,12.54,3.710579469570757
dynamic_exponential,37,87,8800,12.78,3.5030843552503845
dynamic_exponential,37,88,8900,12.96,3.6357117597521396
dynamic_exponential,37,89,9000,13.25,4.278726446035082
dynamic_exponential,37,90,9100,12.99,3.8871454822272864
dynamic_exponential,37,91,9200,12.97,3.86640660044957
dynamic_exponential,37,92,9300,12.95,3.8945474705028316
dynamic_exponential,37,93,9400,12.64,3.1000645154577025
dynamic_exponential,37,94,9500,13.01,4.167721199888495
dynamic_exponential,37,95,9600,12.87,3.00218253942028
dynamic_exponential,37,96,9700,12.48,3.2633724886993827
dynamic_exponential,37,97,9800,12.74,3.8874670416609325
dynamic_exponential,37,98,9900,12.67,3.367654970450506
dynamic_exponential,37,99,10000,12.49,3.31510180839141
dynamic_exponential,37,100,10100,13.07,2.953828024784111
dynamic_exponential,37,101,10200,12.94,2.9927245112104788
dynamic_exponential,37,102,10300,12.91,3.647176990495526
dynamic_exponential,37,103,10400,13.09,2.860402069639861
dynamic_exponential,37,104,10500,13.09,3.130798620160677
dynamic_exponential,37,105,10600,12.63,3.2852853757322205
dynamic_exponential,37,106,10700,12.92,3.5232939133714067
dynamic_exponential,37,107,10800,13.05,3.7050641020095725
dynamic_exponential,37,108,10900,12.92,3.348671378323051
dynamic_exponential,37,109,11000,12.7,3.2756678708318403
dynamic_exponential,37,110,11100,12.95,2.794190401529574
dynamic_exponential,37,111,11200,13.56,3.7929408115603387
dynamic_exponential,37,112,11300,13.44,4.3779447232691275
dynamic_exponential,37,113,11400,13.34,3.894149457840569
dynamic_exponential,37,114,11500,13.26,3.113261954927661
dynamic_exponential,37,115,11600,13.2,3.0789608636681307
dynamic_exponential,37,116,11700,12.98,3.994946808156524
dynamic_exponential,37,117,11800,12.6,3.361547262794322
dynamic_exponential,37,118,11900,13.29,3.84003906230132
dynamic_exponential,37,119,12000,12.92,3.5232939133714063
dynamic_exponential,37,120,12100,13.28,2.9396598442677004
dynamic_exponential,37,121,12200,13.53,3.278582010564934
dynamic_exponential,37,122,12300,13.41,3.364803114596752
dynamic_exponential,37,123,12400,13.59,3.857706572563549
dynamic_exponential,37,124,12500,13.83,3.3646842348131276
dynamic_exponential,37,125,12600,13.68,3.913770560469788
dynamic_exponential,37,126,12700,13.45,3.9632688528536644
dynamic_exponential,37,127,12800,13.49,3.3985143813142824
dynamic_exponential,37,128,12900,13.34,3.082920693109052
dynamic_exponential,37,129,13000,13.3,3.2015621187164243
dynamic_exponential,37,130,13100,13.62,3.529249211942959
dynamic_exponential,37,131,13200,13.7,3.659234892706397
dynamic_exponential,37,132,13300,13.26,3.4106304402558774
dynamic_exponential,37,133,13400,13.39,2.979580507386904
dynamic_exponential,37,134,13500,13.47,3.8818938676888113
dynamic_exponential,37,135,13600,13.33,3.660751289011588
dynamic_exponential,37,136,13700,13.37,3.369436154611035
dynamic_exponential,37,137,13800,13.06,3.3490894284864954
dynamic_exponential,37,138,13900,12.73,3.2828493721156318
dynamic_exponential,37,139,14000,12.54,3.0997419247414775
dynamic_exponential,37,140,14100,12.8,3.676955262170047
dynamic_exponential,37,141,14200,12.96,3.7839661732103265
dynamic_exponential,37,142,14300,12.19,3.646080086887835
dynamic_exponential,37,143,14400,12.3,3.678314831549905
dynamic_exponential,37,144,14500,12.29,3.275041984463711
dynamic_exponential,37,145,14600,12.68,3.676628890709531
dynamic_exponential,37,146,14700,12.82,3.1157021680513686
dynamic_exponential,37,147,14800,13.08,3.5062230391120295
dynamic_exponential,37,148,14900,13.02,3.420467804263037
dynamic_exponential,37,149,15000,13.0,3.358571124749333
dynamic_exponential,37,150,15100,12.81,3.6542988383546304
dynamic_exponential,38,0,100,21.0,0.0
dynamic_exponential,38,1,200,19.71,5.85199965823649
dynamic_exponential,38,2,300,14.5,5.5072679252057455
dynamic_exponential,38,3,400,10.58,4.395861690271886
dynamic_exponential,38,4,500,9.43,3.0372849718128196
dynamic_exponential,38,5,600,8.87,3.0154767450603894
dynamic_exponential,38,6,700,9.04,3.152522799283139
dynamic_exponential,38,7,800,9.27,3.0326720890989844
dynamic_exponential,38,8,900,9.78,3.5258474158704027
dynamic_exponential,38,9,1000,9.63,3.3575437450612613
dynamic_exponential,38,10,1100,9.92,3.7220424500534652
dynamic_exponential,38,11,1200,9.72,3.532930794680247
dynamic_exponential,38,12,1300,10.49,3.8897172133716866
dynamic_exponential,38,13,1400,11.37,4.346619376020864
dynamic_exponential,38,14,1500,10.34,3.592269477642233
dynamic_exponential,38,15,1600,11.17,3.546984634869455
dynamic_exponential,38,16,1700,11.23,4.06412352174488
dynamic_exponential,38,17,1800,11.54,3.8843789722425384
dynamic_exponential,38,18,1900,11.74,3.767280186022802
dynamic_exponential,38,19,2000,11.4,3.472751070837068
dynamic_exponential,38,20,2100,11.55,3.9328742669960857
dynamic_exponential,38,21,2200,11.24,3.569649842771697
dynamic_exponential,38,22,2300,11.09,3.7097034921944907
dynamic_exponential,38,23,2400,11.49,3.9433361510274523
dynamic_exponential,38,24,2500,10.75,3.694252292413175
dynamic_exponential,38,25,2600,11.11,4.451730000797443
dynamic_exponential,38,26,2700,11.3,4.023679907746142
dynamic_exponential,38,27,2800,10.63,4.5047863434351685
dynamic_exponential,38,28,2900,10.23,3.273698214557964
dynamic_exponential,38,29,3000,10.9,3.5594943461115376
dynamic_exponential,38,30,3100,10.98,3.7629243946696564
dynamic_exponential,38,31,3200,11.16,3.6789128829044047
dynamic_exponential,38,32,3300,12.01,3.6317901921779567
dynamic_exponential,38,33,3400,11.85,4.00093739016246
dynamic_exponential,38,34,3500,11.61,3.6685010562898843
dynamic_exponential,38,35,3600,11.41,3.6196546796621356
dynamic_exponential,38,36,3700,11.56,3.8165953414005
dynamic_exponential,38,37,3800,11.55,3.9404948927767944
dynamic_exponential,38,38,3900,10.66,3.8528431060711514
dynamic_exponential,38,39,4000,10.97,3.1030791159749698
dynamic_exponential,38,40,4100,10.76,3.0987739510974333
dynamic_exponential,38,41,4200,11.02,3.1272352006205097
dynamic_exponential,38,42,4300,11.37,3.2145139601501183
dynamic_exponential,38,43,4400,11.58,3.3352061405556324
dynamic_exponential,38,44,4500,11.5,3.5454195802471675
dynamic_exponential,38,45,4600,11.75,4.038254573451258
dynamic_exponential,38,46,4700,12.07,3.362305756471294
dynamic_exponential,38,47,4800,11.76,3.7178488403914436
dynamic_exponential,38,48,4900,11.26,3.0516225192510293
dynamic_exponential,38,49,5000,11.24,3.2376534712658795
dynamic_exponential,38,50,5100,11.5,3.69729630946723
dynamic_exponential,38,51,5200,11.55,3.329789783154486
dynamic_exponential,38,52,5300,11.7,3.2419130154894655
dynamic_exponential,38,53,5400,12.13,3.825323515730402
dynamic_exponential,38,54,5500,12.06,3.1106912415088708
dynamic_exponential,38,55,5600,11.3,3.0740852297878796
dynamic_exponential,38,56,5700,11.22,3.2789632507852238
dynamic_exponential,38,57,5800,11.69,2.9721877464251816
dynamic_exponential,38,58,5900,12.03,3.1763343652707596
dynamic_exponential,38,59,6000,12.47,3.281630692201668
dynamic_exponential,38,60,6100,12.84,3.0322269044383865
dynamic_exponential,38,61,6200,12.0,3.3166247903554
dynamic_exponential,38,62,6300,12.01,3.170157724782791
dynamic_exponential,38,63,6400,12.4,3.552463933666322
dynamic_exponential,38,64,6500,12.51,3.3867240808781576
dynamic_exponential,38,65,6600,11.99,3.33914659756052
dynamic_exponential,38,66,6700,12.31,3.25789809539832
dynamic_exponential,38,67,6800,12.38,2.8836782067352797
dynamic_exponential,38,68,6900,12.37,3.30652385444291
dynamic_exponential,38,69,7000,11.95,3.207413287993925
dynamic_exponential,38,70,7100,11.67,3.218866260036288
dynamic_exponential,38,71,7200,12.59,3.271375857341984
dynamic_exponential,38,72,7300,12.5,3.357082066318904
dynamic_exponential,38,73,7400,12.23,3.288935998161108
dynamic_exponential,38,74,7500,11.8,3.408812109811863
dynamic_exponential,38,75,7600,11.56,3.3055105505806512
dynamic_exponential,38,76,7700,11.01,3.3955706442364
dynamic_exponential,38,77,7800,10.93,3.033990771245028
dynamic_exponential,38,78,7900,11.07,3.2503999753876442
dynamic_exponential,38,79,8000,11.54,3.6233134007424748
dynamic_exponential,38,80,8100,11.25,3.1316928329579197
dynamic_exponential,38,81,8200,11.02,3.405818550657096
dynamic_exponential,38,82,8300,10.9,2.8792360097775935
dynamic_exponential,38,83,8400,11.3,2.8372521918222215
dynamic_exponential,38,84,8500,11.76,3.597554725087584
dynamic_exponential,38,85,8600,11.69,2.938349877056849
dynamic_exponential,38,86,8700,11.7,2.844292530665579
dynamic_exponential,38,87,8800,11.21,2.885463567609198
dynamic_exponential,38,88,8900,11.56,2.984359227707013
dynamic_exponential,38,89,9000,11.09,2.939710870136721
dynamic_exponential,38,90,9100,11.32,3.0979993544221407
dynamic_exponential,38,91,9200,11.33,3.328828622804124
dynamic_exponential,38,92,9300,11.21,3.450492718438919
dynamic_exponential,38,93,9400,11.49,3.45975432653823
dynamic_exponential,38,94,9500,11.99,3.845763903309718
dynamic_exponential,38,95,9600,12.44,3.907224078549885
dynamic_exponential,38,96,9700,12.08,3.1390444405901614
dynamic_exponential,38,97,9800,12.52,3.8248660107250814
dynamic_exponential,38,98,9900,11.84,2.6785070468453136
dynamic_exponential,38,99,10000,12.04,3.4580919594481574
dynamic_exponential,38,100,10100,11.81,3.5233364869112345
dynamic_exponential,38,101,10200,11.96,3.6631134298571753
dynamic_exponential,38,102,10300,12.37,3.3812867373235296
dynamic_exponential,38,103,10400,12.0,3.082207001484488
dynamic_exponential,38,104,10500,11.89,3.3967484452046195
dynamic_exponential,38,105,10600,11.67,3.0791394901822815
dynamic_exponential,38,106,10700,12.22,3.36029760586767
dynamic_exponential,38,107,10800,12.32,3.3996470405028814
dynamic_exponential,38,108,10900,12.79,3.1663701615572366
dynamic_exponential,38,109,11000,12.71,2.7469801601030905
dynamic_exponential,38,110,11100,12.53,3.7562081944429013
dynamic_exponential,38,111,11200,12.37,3.2238331222319805
dynamic_exponential,38,112,11300,12.3,2.927456233660889
dynamic_exponential,38,113,11400,12.08,3.463177731506138
dynamic_exponential,38,114,11500,11.48,3.1256359352938086
dynamic_exponential,38,115,11600,11.82,2.9133485888235207
dynamic_exponential,38,116,11700,11.34,3.3263192871400666
dynamic_exponential,38,117,11800,11.07,2.797338020332902
dynamic_exponential,38,118,11900,11.32,3.0818176454813155
dynamic_exponential,38,119,12000,11.76,3.3944660846737005
dynamic_exponential,38,120,12100,11.52,3.0967079293985735
dynamic_exponential,38,121,12200,11.87,3.369436154611036
dynamic_exponential,38,122,12300,11.92,3.3516563069622753
dynamic_exponential,38,123,12400,11.9,3.58747822293042
dynamic_exponential,38,124,12500,12.0,3.402939905434711
dynamic_exponential,38,125,12600,12.36,3.31215941645326
dynamic_exponential,38,126,12700,12.32,3.7891423831785476
dynamic_exponential,38,127,12800,11.89,3.6466285799351708
dynamic_exponential,38,128,12900,11.97,3.702580181441045
dynamic_exponential,38,129,13000,11.82,3.001266399372105
dynamic_exponential,38,130,13100,12.07,3.479238422413733
dynamic_exponential,38,131,13200,11.44,3.323612492454558
dynamic_exponential,38,132,13300,11.39,2.9996499795809513
dynamic_exponential,38,133,13400,11.66,3.1087618113969424
dynamic_exponential,38,134,13500,11.5,3.176476034853718
dynamic_exponential,38,135,13600,11.59,3.277483790959156
dynamic_exponential,38,136,13700,11.91,3.0857576055160263
dynamic_exponential,38,137,13800,12.64,3.336225412048772
dynamic_exponential,38,138,13900,13.16,4.2088478233359785
dynamic_exponential,38,139,14000,12.76,3.507477726230061
dynamic_exponential,38,140,14100,12.94,4.426782127008286
dynamic_exponential,38,141,14200,12.44,4.5919930313535975
dynamic_exponential,38,142,14300,12.87,3.9538715204214716
dynamic_exponential,38,143,14400,13.15,4.114304315434142
dynamic_exponential,38,144,14500,12.85,4.236448984704053
dynamic_exponential,38,145,14600,12.43,3.3503880372279267
dynamic_exponential,38,146,14700,13.08,3.621270495282008
dynamic_exponential,38,147,14800,13.22,3.845984919367209
dynamic_exponential,38,148,14900,12.82,3.795734448035057
dynamic_exponential,38,149,15000,12.51,3.12568392515942
dynamic_exponential,38,150,15100,12.94,3.294905157967373
dynamic_exponential,39,0,100,21.0,0.0
dynamic_exponential,39,1,200,20.28,3.781745628674673
dynamic_exponential,39,2,300,16.73,5.114401235726426
dynamic_exponential,39,3,400,12.54,5.430322274045989
dynamic_exponential,39,4,500,10.19,3.437135435213457
dynamic_exponential,39,5,600,9.88,2.970791140420343
dynamic_exponential,39,6,700,9.67,2.9122328203630974
dynamic_exponential,39,7,800,10.1,2.826658805020514
dynamic_exponential,39,8,900,10.04,2.6035360569809667
dynamic_exponential,39,9,1000,10.94,2.9960640847618727
dynamic_exponential,39,10,1100,11.23,2.374257778759501
dynamic_exponential,39,11,1200,11.14,2.679626839692422
dynamic_exponential,39,12,1300,11.03,3.073938841291414
dynamic_exponential,39,13,1400,11.14,2.925816125459698
dynamic_exponential,39,14,1500,11.15,3.08666486681013
dynamic_exponential,39,15,1600,11.2,3.0659419433511785
dynamic_exponential,39,16,1700,10.26,2.3605931458004363
dynamic_exponential,39,17,1800,10.58,2.0502682751288916
dynamic_exponential,39,18,1900,10.07,2.3590464175170442
dynamic_exponential,39,19,2000,9.98,2.453487314008369
dynamic_exponential,39,20,2100,10.55,2.3425413550244953
dynamic_exponential,39,21,2200,10.65,2.878801834096956
dynamic_exponential,39,22,2300,11.52,3.2664353659608816
dynamic_exponential,39,23,2400,11.37,3.058283832478601
dynamic_exponential,39,24,2500,11.38,3.107346134565636
dynamic_exponential,39,25,2600,12.13,3.4975848810286223
dynamic_exponential,39,26,2700,11.97,3.147872297282722
dynamic_exponential,39,27,2800,11.65,3.3834154341434335
dynamic_exponential,39,28,2900,11.37,2.6894423213744516
dynamic_exponential,39,29,3000,11.32,2.955943165894771
dynamic_exponential,39,30,3100,11.34,2.8538395189638814
dynamic_exponential,39,31,3200,11.55,2.9576172842340505
dynamic_exponential,39,32,3300,11.3,2.5
dynamic_exponential,39,33,3400,11.61,2.4734389016104683
dynamic_exponential,39,34,3500,12.03,2.570816990763831
dynamic_exponential,39,35,3600,12.21,2.6126423406199324
dynamic_exponential,39,36,3700,11.99,3.096756367556221
dynamic_exponential,39,37,3800,11.74,2.369050442687956
dynamic_exponential,39,38,3900,12.36,2.632565288839006
dynamic_exponential,39,39,4000,11.8,2.80713376952364
dynamic_exponential,39,40,4100,12.17,2.9429746855859973
dynamic_exponential,39,41,4200,12.15,2.987892233665732
dynamic_exponential,39,42,4300,12.33,2.7858750869340856
dynamic_exponential,39,43,4400,12.29,2.6088119901595057
dynamic_exponential,39,44,4500,12.4,2.3537204591879637
dynamic_exponential,39,45,4600,12.2,2.4248711305964283
dynamic_exponential,39,46,4700,12.62,2.493110506977178
dynamic_exponential,39,47,4800,12.21,2.783145702258507
dynamic_exponential,39,48,4900,12.06,2.0239565212721344
dynamic_exponential,39,49,5000,12.47,2.6170785238505934
dynamic_exponential,39,50,5100,12.85,2.801338965566288
dynamic_exponential,39,51,5200,12.58,2.596844238686641
dynamic_exponential,39,52,5300,12.46,2.3298927013920623
dynamic_exponential,39,53,5400,12.57,2.486986127826209
dynamic_exponential,39,54,5500,12.57,2.2945805716949668
dynamic_exponential,39,55,5600,12.33,2.498219365868418
dynamic_exponential,39,56,5700,12.15,2.3680160472429237
dynamic_exponential,39,57,5800,12.6,2.262741699796952
dynamic_exponential,39,58,5900,12.32,2.611053427258814
dynamic_exponential,39,59,6000,12.8,2.029778313018444
dynamic_exponential,39,60,6100,12.97,2.406054862217402
dynamic_exponential,39,61,6200,12.59,2.1405373157223866
dynamic_exponential,39,62,6300,12.43,2.1598842561581857
dynamic_exponential,39,63,6400,12.71,1.7105262348178116
dynamic_exponential,39,64,6500,12.93,2.2858477639597963
dynamic_exponential,39,65,6600,12.57,2.5426560915703873
dynamic_exponential,39,66,6700,12.65,2.380651171423483
dynamic_exponential,39,67,6800,12.79,2.316441236034275
dynamic_exponential,39,68,6900,12.5,2.1656407827707715
dynamic_exponential,39,69,7000,12.33,2.29806440292695
dynamic_exponential,39,70,7100,12.36,2.5279240494919937
dynamic_exponential,39,71,7200,12.03,1.7632640188014954
dynamic_exponential,39,72,7300,12.05,2.2242976419535223
dynamic_exponential,39,73,7400,12.4,2.253885533916929
dynamic_exponential,39,74,7500,12.45,2.0706279240848655
dynamic_exponential,39,75,7600,12.58,2.482659863936258
dynamic_exponential,39,76,7700,12.62,2.203542602265724
dynamic_exponential,39,77,7800,12.72,2.2763128080296875
dynamic_exponential,39,78,7900,12.5,2.5865034312755126
dynamic_exponential,39,79,8000,12.64,2.62114478806494
dynamic_exponential,39,80,8100,12.48,2.5039169315294787
dynamic_exponential,39,81,8200,12.52,2.6095210288480146
dynamic_exponential,39,82,8300,12.83,2.735159958759268
dynamic_exponential,39,83,8400,13.04,2.293120145129775
dynamic_exponential,39,84,8500,12.62,2.5011197492323314
dynamic_exponential,39,85,8600,12.43,2.4010622649152604
dynamic_exponential,39,86,8700,12.69,2.6141729093539317
dynamic_exponential,39,87,8800,12.66,2.6465827022785438
dynamic_exponential,39,88,8900,12.21,2.3592159714617056
dynamic_exponential,39,89,9000,12.37,2.6482258211867054
dynamic_exponential,39,90,9100,12.18,2.2017265951975054
dynamic_exponential,39,91,9200,12.59,2.811031839022817
dynamic_exponential,39,92,9300,12.65,2.414021540914662
dynamic_exponential,39,93,9400,12.69,2.4927695441015
dynamic_exponential,39,94,9500,12.43,2.3291844066110348
dynamic_exponential,39,95,9600,12.39,2.521487656126835
dynamic_exponential,39,96,9700,12.04,2.240178564311336
dynamic_exponential,39,97,9800,12.09,2.1311733857197073
dynamic_exponential,39,98,9900,12.16,2.4646297896438725
dynamic_exponential,39,99,10000,12.61,2.323338115729176
dynamic_exponential,39,100,10100,12.49,2.4103734150541904
dynamic_exponential,39,101,10200,12.02,2.2537967965191537
dynamic_exponential,39,102,10300,12.77,2.5292489003654826
dynamic_exponential,39,103,10400,12.75,2.46322958735072
dynamic_exponential,39,104,10500,12.71,2.5191069846276877
dynamic_exponential,39,105,10600,12.34,2.0650423724466287
dynamic_exponential,39,106,10700,13.05,2.1971572542719833
dynamic_exponential,39,107,10800,12.8,2.4657656011875906
dynamic_exponential,39,108,10900,12.61,1.9692384314754776
dynamic_exponential,39,109,11000,12.46,2.467468338196055
dynamic_exponential,39,110,11100,12.38,2.0188115315699977
dynamic_exponential,39,111,11200,12.78,2.2341888908505476
dynamic_exponential,39,112,11300,12.68,2.144201483070096
dynamic_exponential,39,113,11400,12.57,2.2550166296504335
dynamic_exponential,39,114,11500,12.76,2.2096153511414607
dynamic_exponential,39,115,11600,12.7,2.080865204668481
dynamic_exponential,39,116,11700,12.6,2.2135943621178655
dynamic_exponential,39,117,11800,12.95,2.3932195887548637
dynamic_exponential,39,118,11900,12.69,2.2921387392564174
dynamic_exponential,39,119,12000,13.02,1.9797979694908265
dynamic_exponential,39,120,12100,13.05,2.281994741448805
dynamic_exponential,39,121,12200,12.62,2.1623135757794243
dynamic_exponential,39,122,12300,12.94,2.019009658223556
dynamic_exponential,39,123,12400,13.07,2.0748734901193373
dynamic_exponential,39,124,12500,12.95,2.1788758569500923
dynamic_exponential,39,125,12600,12.96,2.497678922519866
dynamic_exponential,39,126,12700,12.85,2.308137777516758
dynamic_exponential,39,127,12800,12.73,2.072944765303697
dynamic_exponential,39,128,12900,12.92,2.431789464571306
dynamic_exponential,39,129,13000,12.85,2.3637893307145625
dynamic_exponential,39,130,13100,12.65,2.0994046775217017
dynamic_exponential,39,131,13200,12.59,2.049853653312841
dynamic_exponential,39,132,13300,12.74,2.4763683086326234
dynamic_exponential,39,133,13400,12.56,2.2729716232280595
dynamic_exponential,39,134,13500,12.67,2.3154049321878887
dynamic_exponential,39,135,13600,12.97,2.1746493970293233
dynamic_exponential,39,136,13700,12.56,2.7579702681501113
dynamic_exponential,39,137,13800,12.75,2.695830113341714
dynamic_exponential,39,138,13900,13.21,2.0654055291879123
dynamic_exponential,39,139,14000,13.22,2.3003477997902837
dynamic_exponential,39,140,14100,13.37,2.100737965573051
dynamic_exponential,39,141,14200,13.13,2.3985620692406524
dynamic_exponential,39,142,14300,12.81,2.444156296148019
dynamic_exponential,39,143,14400,12.85,2.0850659461993044
dynamic_exponential,39,144,14500,12.38,2.3907321054438535
dynamic_exponential,39,145,14600,12.34,2.371581750646602
dynamic_exponential,39,146,14700,12.31,2.221238393329271
dynamic_exponential,39,147,14800,12.42,1.990879202764447
dynamic_exponential,39,148,14900,12.54,1.9515122341404882
dynamic_exponential,39,149,15000,12.26,1.972916622668074
dynamic_exponential,39,150,15100,12.57,1.8934360300786501
dynamic_exponential,40,0,100,21.0,0.0
dynamic_exponential,40,1,200,20.57,6.2996110991076275
dynamic_exponential,40,2,300,15.07,6.400398425098237
dynamic_exponential,40,3,400,11.13,4.270023419139525
dynamic_exponential,40,4,500,10.62,3.5630885478752834
dynamic_exponential,40,5,600,10.37,2.715345281911676
dynamic_exponential,40,6,700,10.32,3.1237157361066
dynamic_exponential,40,7,800,10.28,2.9667490625261856
dynamic_exponential,40,8,900,10.33,2.939574799184399
dynamic_exponential,40,9,1000,10.87,2.820124110744064
dynamic_exponential,40,10,1100,10.81,2.7593296287323126
dynamic_exponential,40,11,1200,11.1,2.819574435974337
dynamic_exponential,40,12,1300,11.89,2.9253888630402627
dynamic_exponential,40,13,1400,11.79,2.9876244743943308
dynamic_exponential,40,14,1500,11.33,3.1434217025400835
dynamic_exponential,40,15,1600,11.16,2.7192646064699186
dynamic_exponential,40,16,1700,11.1,3.2078029864690882
dynamic_exponential,40,17,1800,11.46,2.3298927013920627
dynamic_exponential,40,18,1900,11.24,2.462194143441983
dynamic_exponential,40,19,2000,11.38,2.9249957264926048
dynamic_exponential,40,20,2100,11.61,2.708855847032101
dynamic_exponential,40,21,2200,11.64,2.3130931671681534
dynamic_exponential,40,22,2300,11.39,2.5608397060339407
dynamic_exponential,40,23,2400,11.71,2.4790925759236986
dynamic_exponential,40,24,2500,11.7,2.3979157616563596
dynamic_exponential,40,25,2600,11.71,2.3845125287991253
dynamic_exponential,40,26,2700,12.38,2.33572258626747
dynamic_exponential,40,27,2800,12.11,2.979580507386904
dynamic_exponential,40,28,2900,12.27,2.6752756867283787
dynamic_exponential,40,29,3000,12.23,3.215136077991101
dynamic_exponential,40,30,3100,12.36,2.7368595141146717
dynamic_exponential,40,31,3200,11.86,2.7568822970885063
dynamic_exponential,40,32,3300,11.71,2.7723455773045322
dynamic_exponential,40,33,3400,11.48,2.7403649392006164
dynamic_exponential,40,34,3500,11.86,2.2672450242530027
dynamic_exponential,40,35,3600,11.74,2.9380946206683
dynamic_exponential,40,36,3700,11.73,2.781564308082774
dynamic_exponential,40,37,3800,12.02,2.7603622950620093
dynamic_exponential,40,38,3900,12.07,2.5855560330420224
dynamic_exponential,40,39,4000,12.3,2.91032644217105
dynamic_exponential,40,40,4100,12.43,2.797338020332902
dynamic_exponential,40,41,4200,12.51,2.5592772417227487
dynamic_exponential,40,42,4300,12.37,3.058283832478601
dynamic_exponential,40,43,4400,12.23,2.904668655802241
dynamic_exponential,40,44,4500,12.32,3.1012255641923243
dynamic_exponential,40,45,4600,12.32,2.7708482455739074
dynamic_exponential,40,46,4700,12.31,2.809608513654527
dynamic_exponential,40,47,4800,11.93,2.214746035101993
dynamic_exponential,40,48,4900,12.16,2.257077756746541
dynamic_exponential,40,49,5000,12.35,2.5860201081971503
dynamic_exponential,40,50,5100,12.52,2.33443783382638
dynamic_exponential,40,51,5200,12.53,2.5669242295011356
dynamic_exponential,40,52,5300,12.51,1.9672061406980208
dynamic_exponential,40,53,5400,12.59,2.9226529044688148
dynamic_exponential,40,54,5500,12.7,2.4351591323771844
dynamic_exponential,40,55,5600,13.01,3.2480609600190697
dynamic_exponential,40,56,5700,13.29,3.5561074224494402
dynamic_exponential,40,57,5800,13.25,3.377499074759311
dynamic_exponential,40,58,5900,12.86,3.4814364851308146
dynamic_exponential,40,59,6000,13.09,2.811031839022817
dynamic_exponential,40,60,6100,13.24,3.2530600978155935
dynamic_exponential,40,61,6200,13.36,3.2234143388649246
dynamic_exponential,40,62,6300,12.8,3.0166206257996713
dynamic_exponential,40,63,6400,11.87,2.8693379027225077
dynamic_exponential,40,64,6500,11.74,2.890051902648117
dynamic_exponential,40,65,6600,11.83,2.963292088201904
dynamic_exponential,40,66,6700,12.0,2.6645825188948455
dynamic_exponential,40,67,6800,12.54,3.238579935712565
dynamic_exponential,40,68,6900,12.18,2.8579013278977987
dynamic_exponential,40,69,7000,12.26,2.4356518634648916
dynamic_exponential,40,70,7100,12.17,2.2002499857970683
dynamic_exponential,40,71,7200,12.14,2.5730137970869875
dynamic_exponential,40,72,7300,11.74,3.0219861018873
dynamic_exponential,40,73,7400,11.75,3.0112289849827096
dynamic_exponential,40,74,7500,12.08,2.520634840670104
dynamic_exponential,40,75,7600,12.05,2.984543516184678
dynamic_exponential,40,76,7700,11.92,2.2435685859808254
dynamic_exponential,40,77,7800,12.02,2.849491182649983
dynamic_exponential,40,78,7900,12.04,2.3234457170332172
dynamic_exponential,40,79,8000,12.23,2.3445895163119705
dynamic_exponential,40,80,8100,12.18,2.2107917133913815
dynamic_exponential,40,81,8200,12.16,2.598922853799243
dynamic_exponential,40,82,8300,12.21,2.7615032138311917
dynamic_exponential,40,83,8400,12.67,3.1782227738155804
dynamic_exponential,40,84,8500,12.66,2.963848849047468
dynamic_exponential,40,85,8600,12.83,2.2805920283996435
dynamic_exponential,40,86,8700,12.66,2.3418795869984432
dynamic_exponential,40,87,8800,12.91,2.2895196002655225
dynamic_exponential,40,88,8900,12.98,2.580620080523284
dynamic_exponential,40,89,9000,12.58,2.5697470692657673
dynamic_exponential,40,90,9100,12.23,2.5489409565543095
dynamic_exponential,40,91,9200,12.29,2.413690120955878
dynamic_exponential,40,92,9300,12.45,3.232259271778797
dynamic_exponential,40,93,9400,12.24,2.742699400225989
dynamic_exponential,40,94,9500,12.66,3.1023217112349903
dynamic_exponential,40,95,9600,12.55,2.597595041572108
dynamic_exponential,40,96,9700,12.68,2.7780568748677554
dynamic_exponential,40,97,9800,12.45,2.703238798182654
dynamic_exponential,40,98,9900,12.56,2.3337523433303713
dynamic_exponential,40,99,10000,12.44,2.2059918404200864
dynamic_exponential,40,100,10100,12.69,2.659680431931626
dynamic_exponential,40,101,10200,12.73,2.7087081791880054
dynamic_exponential,40,102,10300,12.49,3.1858907702556283
dynamic_exponential,40,103,10400,12.24,2.9499830507987665
dynamic_exponential,40,104,10500,12.57,3.0141499630907553
dynamic_exponential,40,105,10600,12.66,2.388388578100306
dynamic_exponential,40,106,10700,12.86,2.7203676222157913
dynamic_exponential,40,107,10800,12.87,3.0908089555972236
dynamic_exponential,40,108,10900,12.62,2.203542602265724
dynamic_exponential,40,109,11000,12.55,2.8926631328241457
dynamic_exponential,40,110,11100,12.66,2.6276224995230955
dynamic_exponential,40,111,11200,12.93,3.2287923438957797
dynamic_exponential,40,112,11300,13.08,2.7483813418083014
dynamic_exponential,40,113,11400,13.01,2.7331117796387328
dynamic_exponential,40,114,11500,13.03,2.406054862217402
dynamic_exponential,40,115,11600,12.88,2.7505635786143903
dynamic_exponential,40,116,11700,12.48,2.3429895432971954
dynamic_exponential,40,117,11800,12.29,2.0894736179239017
dynamic_exponential,40,118,11900,12.61,2.073137718531984
dynamic_exponential,40,119,12000,12.46,2.385036687348855
dynamic_exponential,40,120,12100,12.28,2.172924296886571
dynamic_exponential,40,121,12200,12.18,2.056112837370556
dynamic_exponential,40,122,12300,11.96,2.053874387590439
dynamic_exponential,40,123,12400,12.1,1.76351920885484
dynamic_exponential,40,124,12500,11.92,2.4440949245068206
dynamic_exponential,40,125,12600,11.78,2.9985996731808
dynamic_exponential,40,126,12700,11.8,2.0976176963403033
dynamic_exponential,40,127,12800,12.01,2.4637167044934367
dynamic_exponential,40,128,12900,12.05,2.7726341266023544
dynamic_exponential,40,129,13000,12.14,3.261962599417718
dynamic_exponential,40,130,13100,11.89,2.603440031957717
dynamic_exponential,40,131,13200,12.19,2.184925628024899
dynamic_exponential,40,132,13300,12.14,2.1818340908510896
dynamic_exponential,40,133,13400,11.95,2.6167728216259047
dynamic_exponential,40,134,13500,12.1,2.2293496809607953
dynamic_exponential,40,135,13600,12.12,2.779496357256113
dynamic_exponential,40,136,13700,11.88,2.2595574787997763
dynamic_exponential,40,137,13800,12.02,2.213504009483606
dynamic_exponential,40,138,13900,12.14,2.1401869077255844
dynamic_exponential,40,139,14000,11.92,2.4806450773941844
dynamic_exponential,40,140,14100,12.27,2.2038829370000577
dynamic_exponential,40,141,14200,12.16,2.7302747114530432
dynamic_exponential,40,142,14300,11.91,2.276378703115982
dynamic_exponential,40,143,14400,12.27,2.5878755766071904
dynamic_exponential,40,144,14500,12.35,2.43464576478797
dynamic_exponential,40,145,14600,12.2,2.839013913315678
dynamic_exponential,40,146,14700,12.13,2.851859042799977
dynamic_exponential,40,147,14800,12.0,2.649528259898354
dynamic_exponential,40,148,14900,11.97,2.4958164996649894
dynamic_exponential,40,149,15000,11.73,2.4366165065516565
dynamic_exponential,40,150,15100,11.9,1.9519221295943134
dynamic_exponential,41,0,100,21.0,0.0
dynamic_exponential,41,1,200,20.39,5.33459464251971
dynamic_exponential,41,2,300,16.48,5.5829741177977885
dynamic_exponential,41,3,400,11.93,4.864678817763821
dynamic_exponential,41,4,500,9.12,3.5476189197826757
dynamic_exponential,41,5,600,9.1,3.2480763537823436
dynamic_exponential,41,6,700,9.03,2.9781034233216275
dynamic_exponential,41,7,800,8.85,2.321098877687032
dynamic_exponential,41,8,900,9.04,2.2087100307645637
dynamic_exponential,41,9,1000,9.13,2.1054928164208966
dynamic_exponential,41,10,1100,9.01,2.260508792285489
dynamic_exponential,41,11,1200,9.52,2.64
dynamic_exponential,41,12,1300,9.89,2.6111108747044813
dynamic_exponential,41,13,1400,10.08,2.674621468544661
dynamic_exponential,41,14,1500,10.31,2.8764387704242895
dynamic_exponential,41,15,1600,10.33,2.4292179811618384
dynamic_exponential,41,16,1700,10.36,2.508066984751404
dynamic_exponential,41,17,1800,10.36,2.269449272400685
dynamic_exponential,41,18,1900,10.72,2.3625410049351525
dynamic_exponential,41,19,2000,11.1,2.613426869074396
dynamic_exponential,41,20,2100,11.29,2.6088119901595053
dynamic_exponential,41,21,2200,10.87,2.516565119364091
dynamic_exponential,41,22,2300,10.67,2.51417978672966
dynamic_exponential,41,23,2400,10.53,2.308484351257335
dynamic_exponential,41,24,2500,10.93,2.2237580803675563
dynamic_exponential,41,25,2600,10.96,2.217746604100658
dynamic_exponential,41,26,2700,11.33,2.4250979361667024
dynamic_exponential,41,27,2800,11.32,2.568579373895228
dynamic_exponential,41,28,2900,10.92,2.4152846623120845
dynamic_exponential,41,29,3000,11.3,2.6925824035672523
dynamic_exponential,41,30,3100,11.02,2.477821623926953
dynamic_exponential,41,31,3200,10.84,2.038234530175563
dynamic_exponential,41,32,3300,10.75,2.0706279240848655
dynamic_exponential,41,33,3400,10.93,2.3119472312317164
dynamic_exponential,41,34,3500,10.8,2.253885533916929
dynamic_exponential,41,35,3600,11.07,2.4423554204906375
dynamic_exponential,41,36,3700,11.21,2.2149266353538666
dynamic_exponential,41,37,3800,11.02,2.2758734586966827
dynamic_exponential,41,38,3900,11.06,2.1204716456486747
dynamic_exponential,41,39,4000,11.18,2.1880585001320236
dynamic_exponential,41,40,4100,11.23,2.5567753127719297
dynamic_exponential,41,41,4200,11.62,2.106086417980041
dynamic_exponential,41,42,4300,11.36,2.4063249988312054
dynamic_exponential,41,43,4400,11.41,2.195882510518265
dynamic_exponential,41,44,4500,11.03,2.1792429878285717
dynamic_exponential,41,45,4600,11.08,1.9983993594874874
dynamic_exponential,41,46,4700,11.45,2.2688102609076854
dynamic_exponential,41,47,4800,11.56,2.201454064930722
dynamic_exponential,41,48,4900,11.4,2.1725560982400434
dynamic_exponential,41,49,5000,11.23,1.9486148926865976
dynamic_exponential,41,50,5100,11.01,2.0272888299401246
dynamic_exponential,41,51,5200,11.28,1.6375591592366976
dynamic_exponential,41,52,5300,11.52,2.0517309765171454
dynamic_exponential,41,53,5400,11.78,2.628992202346747
dynamic_exponential,41,54,5500,12.12,2.2148589119851403
dynamic_exponential,41,55,5600,12.04,2.2668039174132373
dynamic_exponential,41,56,5700,11.73,2.509402319278437
dynamic_exponential,41,57,5800,11.45,2.475378758897312
dynamic_exponential,41,58,5900,11.37,1.8366001197865582
dynamic_exponential,41,59,6000,11.31,1.7475411297019592
dynamic_exponential,41,60,6100,11.46,2.1513716554793594
dynamic_exponential,41,61,6200,11.96,2.5958428303732104
dynamic_exponential,41,62,6300,11.88,1.996396754154845
dynamic_exponential,41,63,6400,12.08,2.35660773146487
dynamic_exponential,41,64,6500,11.84,2.261503924383064
dynamic_exponential,41,65,6600,11.74,2.4884533349050373
dynamic_exponential,41,66,6700,11.65,2.2377444000600244
dynamic_exponential,41,67,6800,11.57,1.845291304916381
dynamic_exponential,41,68,6900,11.37,2.2345245579317314
dynamic_exponential,41,69,7000,11.05,2.2197972880423116
dynamic_exponential,41,70,7100,10.9,2.3727621035409343
dynamic_exponential,41,71,7200,10.93,2.2858477639597963
dynamic_exponential,41,72,7300,10.78,1.982826265712657
dynamic_exponential,41,73,7400,10.99,2.338781734151351
dynamic_exponential,41,74,7500,10.97,2.229147819234965
dynamic_exponential,41,75,7600,10.91,1.8389942903663403
dynamic_exponential,41,76,7700,11.28,2.486282365299646
dynamic_exponential,41,77,7800,11.44,2.1832086478392303
dynamic_exponential,41,78,7900,11.03,1.951691573994211
dynamic_exponential,41,79,8000,11.11,2.391213081262312
dynamic_exponential,41,80,8100,11.07,1.9506665527454967
dynamic_exponential,41,81,8200,11.29,2.2149266353538666
dynamic_exponential,41,82,8300,11.48,2.0759576103572055
dynamic_exponential,41,83,8400,11.41,2.3025855032984115
dynamic_exponential,41,84,8500,11.11,2.257852962440203
dynamic_exponential,41,85,8600,10.9,1.9209372712298547
dynamic_exponential,41,86,8700,11.25,1.8834808201837363
dynamic_exponential,41,87,8800,11.3,2.032240143290158
dynamic_exponential,41,88,8900,11.53,1.658041012761747
dynamic_exponential,41,89,9000,11.29,2.094254043806529
dynamic_exponential,41,90,9100,11.33,2.2183552465734606
dynamic_exponential,41,91,9200,11.26,2.0621348161553357
dynamic_exponential,41,92,9300,11.36,1.972409693750261
dynamic_exponential,41,93,9400,11.63,2.193877845277626
dynamic_exponential,41,94,9500,12.03,2.31281214109577
dynamic_exponential,41,95,9600,11.96,1.994592690250318
dynamic_exponential,41,96,9700,11.86,1.9340113753543438
dynamic_exponential,41,97,9800,12.22,2.1889723616345638
dynamic_exponential,41,98,9900,12.46,2.3597457490161946
dynamic_exponential,41,99,10000,12.3,2.574878637916747
dynamic_exponential,41,100,10100,12.7,2.8053520278211077
dynamic_exponential,41,101,10200,13.11,3.2400462959655374
dynamic_exponential,41,102,10300,12.76,2.4662522174343806
dynamic_exponential,41,103,10400,12.38,2.3314373249135394
dynamic_exponential,41,104,10500,12.33,2.3581984649303798
dynamic_exponential,41,105,10600,12.21,2.294754888871576
dynamic_exponential,41,106,10700,12.09,2.4128613718985186
dynamic_exponential,41,107,10800,12.21,2.3549734605723267
dynamic_exponential,41,108,10900,12.2,2.3151673805580453
dynamic_exponential,41,109,11000,11.79,1.9250714272462723
dynamic_exponential,41,110,11100,11.8,2.2715633383201093
dynamic_exponential,41,111,11200,11.61,2.043991193718799
dynamic_exponential,41,112,11300,11.82,1.7514565367145143
dynamic_exponential,41,113,11400,11.8,1.9949937343260002
dynamic_exponential,41,114,11500,12.09,2.0692752354387274
dynamic_exponential,41,115,11600,12.23,2.353104332578562
dynamic_exponential,41,116,11700,12.16,2.1758676430334636
dynamic_exponential,41,117,11800,12.16,1.8586016248782309
dynamic_exponential,41,118,11900,12.37,1.9882404281172839
dynamic_exponential,41,119,12000,12.29,2.3077911517292895
dynamic_exponential,41,120,12100,12.24,2.5144383070578606
dynamic_exponential,41,121,12200,12.11,2.4244380792257827
dynamic_exponential,41,122,12300,12.3,2.451530134426253
dynamic_exponential,41,123,12400,12.23,2.262100793510316
dynamic_exponential,41,124,12500,12.27,1.9639501011991114
dynamic_exponential,41,125,12600,12.1,2.080865204668481
dynamic_exponential,41,126,12700,12.38,2.6373471519691902
dynamic_exponential,41,127,12800,12.55,2.4181604578687494
dynamic_exponential,41,128,12900,12.74,2.6443146560120256
dynamic_exponential,41,129,13000,12.73,2.5840085139178623
dynamic_exponential,41,130,13100,12.19,2.3095237604320076
dynamic_exponential,41,131,13200,12.39,1.8756065685532242
dynamic_exponential,41,132,13300,12.52,2.1423351745233514
dynamic_exponential,41,133,13400,12.62,2.509103425528729
dynamic_exponential,41,134,13500,12.14,2.0150434238497197
dynamic_exponential,41,135,13600,12.45,2.0994046775217017
dynamic_exponential,41,136,13700,12.61,2.3362148873765873
dynamic_exponential,41,137,13800,12.55,2.1696773953747135
dynamic_exponential,41,138,13900,12.5,2.1977260975835913
dynamic_exponential,41,139,14000,12.33,1.9081666593880104
dynamic_exponential,41,140,14100,12.12,2.2990432792794486
dynamic_exponential,41,141,14200,12.42,2.4705464982468963
dynamic_exponential,41,142,14300,12.41,2.1683864969142377
dynamic_exponential,41,143,14400,12.43,2.201158785730825
dynamic_exponential,41,144,14500,12.56,2.3804201309852844
dynamic_exponential,41,145,14600,12.55,2.650943228362313
dynamic_exponential,41,146,14700,12.32,2.5214281667340837
dynamic_exponential,41,147,14800,12.07,1.8934360300786504
dynamic_exponential,41,148,14900,12.16,2.162036077404815
dynamic_exponential,41,149,15000,12.01,1.9672061406980208
dynamic_exponential,41,150,15100,11.92,2.115088650624366
dynamic_exponential,42,0,100,21.0,0.0
dynamic_exponential,42,1,200,19.01,5.780129756329004
dynamic_exponential,42,2,300,13.73,6.183615447292951
dynamic_exponential,42,3,400,9.38,4.024375727985647
dynamic_exponential,42,4,500,8.96,3.133432622540335
dynamic_exponential,42,5,600,8.65,2.6167728216259047
dynamic_exponential,42,6,700,8.81,2.3861894308709024
dynamic_exponential,42,7,800,9.35,2.6659894973536558
dynamic_exponential,42,8,900,9.29,2.90962196857255
dynamic_exponential,42,9,1000,9.01,2.598056966273065
dynamic_exponential,42,10,1100,9.06,2.3867132211474424
dynamic_exponential,42,11,1200,9.64,2.406324998831205
dynamic_exponential,42,12,1300,9.89,2.1349238862310758
dynamic_exponential,42,13,1400,9.48,2.0855694665965934
dynamic_exponential,42,14,1500,9.66,2.1918941580286218
dynamic_exponential,42,15,1600,10.01,2.2868974616278708
dynamic_exponential,42,16,1700,9.98,2.235978532991764
dynamic_exponential,42,17,1800,9.76,2.4335981591051556
dynamic_exponential,42,18,1900,10.13,2.3522542379598343
dynamic_exponential,42,19,2000,10.39,2.231120794578366
dynamic_exponential,42,20,2100,10.37,2.5986727381492267
dynamic_exponential,42,21,2200,10.1,2.5
dynamic_exponential,42,22,2300,9.96,2.4245411937106787
dynamic_exponential,42,23,2400,10.34,2.669157170344227
dynamic_exponential,42,24,2500,10.27,2.3993957572689006
dynamic_exponential,42,25,2600,10.45,2.797766966707556
dynamic_exponential,42,26,2700,10.46,2.729175699730598
dynamic_exponential,42,27,2800,11.0,2.986636904613616
dynamic_exponential,42,28,2900,11.56,3.3024839136625634
dynamic_exponential,42,29,3000,11.77,2.82437603728682
dynamic_exponential,42,30,3100,12.16,3.1740195336512977
dynamic_exponential,42,31,3200,11.63,3.0550122749344233
dynamic_exponential,42,32,3300,11.93,3.121714272639314
dynamic_exponential,42,33,3400,11.51,3.505695366114974
dynamic_exponential,42,34,3500,11.16,3.1518883228947057
dynamic_exponential,42,35,3600,11.28,2.9328484447717376
dynamic_exponential,42,36,3700,11.55,3.4824560298731697
dynamic_exponential,42,37,3800,11.4,3.026549190084311
dynamic_exponential,42,38,3900,11.61,2.8421646679951538
dynamic_exponential,42,39,4000,11.9,2.8160255680657444
dynamic_exponential,42,40,4100,12.5,2.8722813232690143
dynamic_exponential,42,41,4200,12.2,2.949576240750525
dynamic_exponential,42,42,4300,12.46,3.1667649107567177
dynamic_exponential,42,43,4400,12.56,2.739781013146853
dynamic_exponential,42,44,4500,11.98,2.4412291985800922
dynamic_exponential,42,45,4600,11.6,2.340939982143925
dynamic_exponential,42,46,4700,11.05,2.329699551444349
dynamic_exponential,42,47,4800,11.15,2.3973944189473704
dynamic_exponential,42,48,4900,11.57,2.3590464175170442
dynamic_exponential,42,49,5000,11.94,2.817161692200148
dynamic_exponential,42,50,5100,11.86,2.7019252395282884
dynamic_exponential,42,51,5200,12.17,2.8532612919254348
dynamic_exponential,42,52,5300,12.4,2.891366458960192
dynamic_exponential,42,53,5400,12.89,2.4449744374941837
dynamic_exponential,42,54,5500,12.62,2.827649200307563
dynamic_exponential,42,55,5600,12.87,2.8483503997928343
dynamic_exponential,42,56,5700,12.32,2.3574562562219477
dynamic_exponential,42,57,5800,12.81,2.5127475002474884
dynamic_exponential,42,58,5900,12.65,2.8473672049807695
dynamic_exponential,42,59,6000,12.65,2.6958301133417146
dynamic_exponential,42,60,6100,12.46,2.7943514453268046
dynamic_exponential,42,61,6200,11.66,2.6046880811337085
dynamic_exponential,42,62,6300,12.05,2.5743931323712004
dynamic_exponential,42,63,6400,11.63,2.018192260415246
dynamic_exponential,42,64,6500,11.68,1.9993999099729902
dynamic_exponential,42,65,6600,12.01,2.2022488506070332
dynamic_exponential,42,66,6700,12.02,2.0247468977627796
dynamic_exponential,42,67,6800,12.36,2.488051446413438
dynamic_exponential,42,68,6900,12.39,2.310389577538819
dynamic_exponential,42,69,7000,12.44,2.2641554716935848
dynamic_exponential,42,70,7100,12.63,2.2345245579317314
dynamic_exponential,42,71,7200,12.71,2.836529569738345
dynamic_exponential,42,72,7300,13.09,2.9768943548604474
dynamic_exponential,42,73,7400,12.99,2.5942050805593606
dynamic_exponential,42,74,7500,12.34,2.084322431870847
dynamic_exponential,42,75,7600,12.59,2.375268405885954
dynamic_exponential,42,76,7700,12.79,2.808184466875351
dynamic_exponential,42,77,7800,12.67,2.814444883098619
dynamic_exponential,42,78,7900,12.6,2.4819347291981715
dynamic_exponential,42,79,8000,12.81,2.50077987835795
dynamic_exponential,42,80,8100,12.65,2.5898841672939734
dynamic_exponential,42,81,8200,12.28,2.713226861137859
dynamic_exponential,42,82,8300,12.06,2.7269763475321893
dynamic_exponential,42,83,8400,12.54,2.5472337937456784
dynamic_exponential,42,84,8500,12.65,2.6129485260907837
dynamic_exponential,42,85,8600,12.97,2.4143529153791907
dynamic_exponential,42,86,8700,13.13,2.3394657509782015
dynamic_exponential,42,87,8800,13.05,2.503497553424009
dynamic_exponential,42,88,8900,12.98,2.7054759285567487
dynamic_exponential,42,89,9000,12.91,2.4376012799471534
dynamic_exponential,42,90,9100,12.45,2.4387496796514396
dynamic_exponential,42,91,9200,12.33,2.5260839257633543
dynamic_exponential,42,92,9300,12.51,2.2999782607668275
dynamic_exponential,42,93,9400,13.06,2.777840888171963
dynamic_exponential,42,94,9500,12.58,2.49871967215212
dynamic_exponential,42,95,9600,12.58,2.482659863936258
dynamic_exponential,42,96,9700,12.17,2.545800463508482
dynamic_exponential,42,97,9800,12.37,2.644447012136942
dynamic_exponential,42,98,9900,12.37,2.4643660442393696
dynamic_exponential,42,99,10000,12.41,2.4903614195533947
dynamic_exponential,42,100,10100,12.22,2.551783689892229
dynamic_exponential,42,101,10200,12.51,2.8826897162199057
dynamic_exponential,42,102,10300,12.32,2.8805555019822133
dynamic_exponential,42,103,10400,12.47,2.2425654951416694
dynamic_exponential,42,104,10500,12.49,2.4839283403512264
dynamic_exponential,42,105,10600,12.37,2.3649735727910364
dynamic_exponential,42,106,10700,12.45,2.669737814842499
dynamic_exponential,42,107,10800,12.26,2.184582339945098
dynamic_exponential,42,108,10900,12.39,2.226634231300687
dynamic_exponential,42,109,11000,12.58,2.371413080844415
dynamic_exponential,42,110,11100,12.45,2.8013389655662877
dynamic_exponential,42,111,11200,12.52,2.7585503439306667
dynamic_exponential,42,112,11300,12.65,2.797766966707556
dynamic_exponential,42,113,11400,12.87,2.41518115262603
dynamic_exponential,42,114,11500,12.58,3.027143868401368
dynamic_exponential,42,115,11600,11.97,2.736622005319697
dynamic_exponential,42,116,11700,11.9,2.4186773244895647
dynamic_exponential,42,117,11800,11.9,2.3173260452512934
dynamic_exponential,42,118,11900,12.3,2.364318083507378
dynamic_exponential,42,119,12000,12.33,2.5886482959258874
dynamic_exponential,42,120,12100,12.69,1.9426528253910942
dynamic_exponential,42,121,12200,12.3,2.242766149200581
dynamic_exponential,42,122,12300,12.52,1.8301912468373351
dynamic_exponential,42,123,12400,12.39,2.134923886231076
dynamic_exponential,42,124,12500,12.42,1.7560182231400676
dynamic_exponential,42,125,12600,12.5,2.046948949045872
dynamic_exponential,42,126,12700,12.51,2.3302145823936473
dynamic_exponential,42,127,12800,12.25,1.935846068260594
dynamic_exponential,42,128,12900,12.11,2.231120794578366
dynamic_exponential,42,129,13000,12.48,1.9973983077994235
dynamic_exponential,42,130,13100,12.49,2.3515739410020684
dynamic_exponential,42,131,13200,12.19,2.8590033228382232
dynamic_exponential,42,132,13300,12.34,2.2100678722609404
dynamic_exponential,42,133,13400,12.66,2.482820976228451
dynamic_exponential,42,134,13500,12.75,2.2466641938660974
dynamic_exponential,42,135,13600,12.62,2.3781505419127695
dynamic_exponential,42,136,13700,12.71,2.363450866847035
dynamic_exponential,42,137,13800,12.87,2.278837422897913
dynamic_exponential,42,138,13900,12.66,2.396747796494241
dynamic_exponential,42,139,14000,12.19,2.398728830026437
dynamic_exponential,42,140,14100,12.2,2.5219040425836985
dynamic_exponential,42,141,14200,12.05,2.0512191496766015
dynamic_exponential,42,142,14300,12.25,1.8781639970992947
dynamic_exponential,42,143,14400,12.41,2.154506904143034
dynamic_exponential,42,144,14500,12.18,2.03656573672445
dynamic_exponential,42,145,14600,12.52,2.3472537144501446
dynamic_exponential,42,146,14700,12.64,2.224949437627741
dynamic_exponential,42,147,14800,12.69,2.6895910469809343
dynamic_exponential,42,148,14900,12.73,2.4853772349484493
dynamic_exponential,42,149,15000,12.88,3.0075903976439347
dynamic_exponential,42,150,15100,12.26,2.740875772449382
dynamic_exponential,43,0,100,21.0,0.0
dynamic_exponential,43,1,200,19.58,6.275635425994726
dynamic_exponential,43,2,300,14.9,6.608328079022711
dynamic_exponential,43,3,400,10.55,4.530728418256826
dynamic_exponential,43,4,500,9.4,3.478505426185217
dynamic_exponential,43,5,600,9.56,2.9641862289674044
dynamic_exponential,43,6,700,10.0,3.4322004603461025
dynamic_exponential,43,7,800,9.83,2.9429746855859973
dynamic_exponential,43,8,900,10.05,2.67348087705897
dynamic_exponential,43,9,1000,9.88,2.8116898833263955
dynamic_exponential,43,10,1100,9.32,2.4854778212649578
dynamic_exponential,43,11,1200,9.59,2.7571543301019616
dynamic_exponential,43,12,1300,9.28,2.672377218882095
dynamic_exponential,43,13,1400,9.31,2.8449780315496285
dynamic_exponential,43,14,1500,9.9,2.751363298439521
dynamic_exponential,43,15,1600,10.15,3.1316928329579197
dynamic_exponential,43,16,1700,9.78,2.617556112101515
dynamic_exponential,43,17,1800,10.08,2.508704845134238
dynamic_exponential,43,18,1900,10.35,2.446936860648431
dynamic_exponential,43,19,2000,10.18,2.7180139808323283
dynamic_exponential,43,20,2100,10.33,2.720496278255127
dynamic_exponential,43,21,2200,10.02,2.457559765295648
dynamic_exponential,43,22,2300,10.7,2.5199206336708304
dynamic_exponential,43,23,2400,10.79,2.2772571220659295
dynamic_exponential,43,24,2500,10.64,2.0761502835777566
dynamic_exponential,43,25,2600,11.21,2.401228852067208
dynamic_exponential,43,26,2700,11.12,2.079807683416907
dynamic_exponential,43,27,2800,11.07,2.4546079116632864
dynamic_exponential,43,28,2900,11.29,2.3336452172513282
dynamic_exponential,43,29,3000,11.58,2.173384457476403
dynamic_exponential,43,30,3100,11.9,2.5238858928247927
dynamic_exponential,43,31,3200,12.21,2.3379264316911255
dynamic_exponential,43,32,3300,12.07,3.4445754455375193
dynamic_exponential,43,33,3400,11.18,2.451040595339049
dynamic_exponential,43,34,3500,11.94,2.6826106687329787
dynamic_exponential,43,35,3600,11.59,2.4003958006962103
dynamic_exponential,43,36,3700,12.0,2.262741699796952
dynamic_exponential,43,37,3800,12.15,2.6167728216259047
dynamic_exponential,43,38,3900,11.58,1.7156922801015337
dynamic_exponential,43,39,4000,12.08,2.180275211985863
dynamic_exponential,43,40,4100,12.1,2.5278449319529077
dynamic_exponential,43,41,4200,12.31,2.6103448048102766
dynamic_exponential,43,42,4300,12.09,2.375268405885954
dynamic_exponential,43,43,4400,12.37,2.4562369592529136
dynamic_exponential,43,44,4500,12.09,1.9600765291181872
dynamic_exponential,43,45,4600,12.42,2.0158372950216
dynamic_exponential,43,46,4700,12.55,2.5233905761891084
dynamic_exponential,43,47,4800,12.55,2.5782746168707473
dynamic_exponential,43,48,4900,12.83,2.5770331779005096
dynamic_exponential,43,49,5000,12.73,2.5173597279689686
dynamic_exponential,43,50,5100,13.15,2.3595550427993834
dynamic_exponential,43,51,5200,12.68,2.3953287874527787
dynamic_exponential,43,52,5300,12.48,2.590289559103383
dynamic_exponential,43,53,5400,12.72,2.3455489762526818
dynamic_exponential,43,54,5500,13.07,2.7101844955648318
dynamic_exponential,43,55,5600,12.5,2.295648056649799
dynamic_exponential,43,56,5700,12.16,2.4808063205337088
dynamic_exponential,43,57,5800,11.6,2.0591260281974
dynamic_exponential,43,58,5900,11.56,2.1228283020536542
dynamic_exponential,43,59,6000,11.56,2.388807233746582
dynamic_exponential,43,60,6100,11.36,2.455687276507332
dynamic_exponential,43,61,6200,11.62,2.1853146226573417
dynamic_exponential,43,62,6300,11.27,1.9992748685460937
dynamic_exponential,43,63,6400,11.46,2.515631133532896
dynamic_exponential,43,64,6500,11.88,2.9707911404203426
dynamic_exponential,43,65,6600,11.91,2.258738586025395
dynamic_exponential,43,66,6700,11.67,2.306750961850889
dynamic_exponential,43,67,6800,11.92,2.225668438918969
dynamic_exponential,43,68,6900,12.01,2.215829415817021
dynamic_exponential,43,69,7000,11.95,2.2017038856303994
dynamic_exponential,43,70,7100,12.08,2.3395726105423615
dynamic_exponential,43,71,7200,12.09,2.049853653312841
dynamic_exponential,43,72,7300,12.26,2.381680079271773
dynamic_exponential,43,73,7400,12.46,1.9668248523953527
dynamic_exponential,43,74,7500,12.28,2.4538948632734856
dynamic_exponential,43,75,7600,12.07,2.2726856359822403
dynamic_exponential,43,76,7700,12.16,2.3778982316322956
dynamic_exponential,43,77,7800,11.92,2.2657449106199046
dynamic_exponential,43,78,7900,12.28,2.4660900226877365
dynamic_exponential,43,79,8000,12.11,2.213119969635627
dynamic_exponential,43,80,8100,12.02,2.4737825288412076
dynamic_exponential,43,81,8200,11.8,1.9949937343260002
dynamic_exponential,43,82,8300,11.94,2.0090793911640223
dynamic_exponential,43,83,8400,12.03,2.0122375605280802
dynamic_exponential,43,84,8500,12.0,2.3748684174075834
dynamic_exponential,43,85,8600,12.08,2.14326853193901
dynamic_exponential,43,86,8700,11.87,1.9629314812290315
dynamic_exponential,43,87,8800,11.96,2.1767866225241277
dynamic_exponential,43,88,8900,12.22,2.500319979522621
dynamic_exponential,43,89,9000,12.16,2.2878811157925143
dynamic_exponential,43,90,9100,11.53,1.6700598791660137
dynamic_exponential,43,91,9200,11.67,1.9852203907878843
dynamic_exponential,43,92,9300,11.89,2.1582168565739632
dynamic_exponential,43,93,9400,11.83,1.970050760767346
dynamic_exponential,43,94,9500,11.88,2.0063897926375125
dynamic_exponential,43,95,9600,11.95,2.113646138784825
dynamic_exponential,43,96,9700,12.07,1.9557862868933302
dynamic_exponential,43,97,9800,11.83,2.1911412551453635
dynamic_exponential,43,98,9900,12.11,2.6453544185987634
dynamic_exponential,43,99,10000,12.27,2.648980936133743
dynamic_exponential,43,100,10100,12.06,2.8064924728208345
dynamic_exponential,43,101,10200,12.11,2.5608397060339407
dynamic_exponential,43,102,10300,12.03,2.5630255558616657
dynamic_exponential,43,103,10400,12.26,2.586967336477212
dynamic_exponential,43,104,10500,11.81,2.6332299557767453
dynamic_exponential,43,105,10600,11.97,2.53162003468135
dynamic_exponential,43,106,10700,12.08,2.4806450773941844
dynamic_exponential,43,107,10800,11.96,2.477579463912308
dynamic_exponential,43,108,10900,11.92,2.0817300497422813
dynamic_exponential,43,109,11000,12.0,2.1213203435596424
dynamic_exponential,43,110,11100,11.91,2.3583680798382596
dynamic_exponential,43,111,11200,11.61,2.226634231300687
dynamic_exponential,43,112,11300,11.84,2.1247117451550928
dynamic_exponential,43,113,11400,11.97,2.2910914429590106
dynamic_exponential,43,114,11500,11.63,2.5754805376861225
dynamic_exponential,43,115,11600,11.77,2.221958595473822
dynamic_exponential,43,116,11700,11.91,2.1867555876229057
dynamic_exponential,43,117,11800,11.87,1.7756970462328308
dynamic_exponential,43,118,11900,12.02,2.235978532991764
dynamic_exponential,43,119,12000,11.88,2.430144028653446
dynamic_exponential,43,120,12100,11.74,2.7188968351153013
dynamic_exponential,43,121,12200,11.79,2.0798798042194653
dynamic_exponential,43,122,12300,12.04,2.505673562138532
dynamic_exponential,43,123,12400,12.25,2.471335671251479
dynamic_exponential,43,124,12500,11.82,2.39741527483246
dynamic_exponential,43,125,12600,11.91,2.362604495043553
dynamic_exponential,43,126,12700,11.93,2.2416734820218576
dynamic_exponential,43,127,12800,11.74,2.575344637131116
dynamic_exponential,43,128,12900,11.61,2.2798903482404587
dynamic_exponential,43,129,13000,11.81,2.1198820721917526
dynamic_exponential,43,130,13100,11.71,1.7509711591000006
dynamic_exponential,43,131,13200,11.91,2.1358604823349303
dynamic_exponential,43,132,13300,12.16,2.038234530175563
dynamic_exponential,43,133,13400,11.81,1.885179036590424
dynamic_exponential,43,134,13500,11.84,2.2747307532980687
dynamic_exponential,43,135,13600,11.78,2.0424495097798623
dynamic_exponential,43,136,13700,12.13,2.423447956940689
dynamic_exponential,43,137,13800,12.18,2.0365657367244494
dynamic_exponential,43,138,13900,12.14,1.7889661819050688
dynamic_exponential,43,139,14000,12.0,2.0346989949375804
dynamic_exponential,43,140,14100,11.86,1.918436863699194
dynamic_exponential,43,141,14200,11.87,1.9730940170199698
dynamic_exponential,43,142,14300,12.04,2.240178564311336
dynamic_exponential,43,143,14400,11.81,2.4726301785750335
dynamic_exponential,43,144,14500,11.62,2.2793858822059945
dynamic_exponential,43,145,14600,11.71,2.1179943342700422
dynamic_exponential,43,146,14700,11.7,1.9874606914351791
dynamic_exponential,43,147,14800,11.79,2.286022747043432
dynamic_exponential,43,148,14900,12.09,2.117049834085159
dynamic_exponential,43,149,15000,12.02,1.9797979694908268
dynamic_exponential,43,150,15100,11.98,1.9948934808655823
dynamic_exponential,44,0,100,21.0,0.0
dynamic_exponential,44,1,200,19.58,5.424352495920596
dynamic_exponential,44,2,300,15.2,5.89576118919347
dynamic_exponential,44,3,400,12.35,4.8174163199789986
dynamic_exponential,44,4,500,10.67,4.089144164736675
dynamic_exponential,44,5,600,10.3,4.008740450565489
dynamic_exponential,44,6,700,10.17,3.432360703655722
dynamic_exponential,44,7,800,10.35,2.8578838324886475
dynamic_exponential,44,8,900,10.94,3.6546408852307226
dynamic_exponential,44,9,1000,10.4,2.8530685235374214
dynamic_exponential,44,10,1100,10.03,3.131948275434957
dynamic_exponential,44,11,1200,9.96,3.343411431457397
dynamic_exponential,44,12,1300,9.69,3.0844610550305216
dynamic_exponential,44,13,1400,9.57,2.695384944678589
dynamic_exponential,44,14,1500,10.25,2.9677432503503396
dynamic_exponential,44,15,1600,10.42,2.9467948690059846
dynamic_exponential,44,16,1700,10.9,3.0708305065568173
dynamic_exponential,44,17,1800,11.14,2.990050166803226
dynamic_exponential,44,18,1900,10.55,3.272231654391235
dynamic_exponential,44,19,2000,10.78,2.636588705126379
dynamic_exponential,44,20,2100,11.27,3.1712931116501983
dynamic_exponential,44,21,2200,11.3,2.6400757564888173
dynamic_exponential,44,22,2300,11.25,2.6167728216259047
dynamic_exponential,44,23,2400,11.42,2.895444698142238
dynamic_exponential,44,24,2500,11.67,2.949762702320307
dynamic_exponential,44,25,2600,11.61,2.5608397060339407
dynamic_exponential,44,26,2700,11.52,2.5748009631814264
dynamic_exponential,44,27,2800,11.38,3.0944466387384995
dynamic_exponential,44,28,2900,11.03,2.790895913501612
dynamic_exponential,44,29,3000,11.14,2.925816125459698
dynamic_exponential,44,30,3100,10.96,2.626480534860291
dynamic_exponential,44,31,3200,10.67,2.8811629596397355
dynamic_exponential,44,32,3300,10.9,2.7367864366808012
dynamic_exponential,44,33,3400,11.01,2.854802970434212
dynamic_exponential,44,34,3500,10.7,2.7404379212089442
dynamic_exponential,44,35,3600,10.58,2.2279138223908035
dynamic_exponential,44,36,3700,10.21,2.818847282135022
dynamic_exponential,44,37,3800,10.44,2.6469605210505125
dynamic_exponential,44,38,3900,10.14,2.760507199773259
dynamic_exponential,44,39,4000,10.65,2.6129485260907837
dynamic_exponential,44,40,4100,10.79,2.936988253296223
dynamic_exponential,44,41,4200,11.09,3.361829858871505
dynamic_exponential,44,42,4300,10.84,3.094252736930194
dynamic_exponential,44,43,4400,10.64,3.119358908493859
dynamic_exponential,44,44,4500,10.83,2.727837971727793
dynamic_exponential,44,45,4600,10.97,2.854662852247179
dynamic_exponential,44,46,4700,11.59,2.91922935035944
dynamic_exponential,44,47,4800,11.17,3.3438151862804855
dynamic_exponential,44,48,4900,11.4,2.989983277545211
dynamic_exponential,44,49,5000,11.57,3.412491758231806
dynamic_exponential,44,50,5100,11.83,2.9122328203630974
dynamic_exponential,44,51,5200,11.71,2.5895752547473885
dynamic_exponential,44,52,5300,12.09,3.515949373924488
dynamic_exponential,44,53,5400,11.94,2.6826106687329787
dynamic_exponential,44,54,5500,11.87,3.048458626912952
dynamic_exponential,44,55,5600,11.68,3.1205127783747337
dynamic_exponential,44,56,5700,12.08,3.393169609671759
dynamic_exponential,44,57,5800,11.66,2.984024128588775
dynamic_exponential,44,58,5900,11.98,3.6358767855910625
dynamic_exponential,44,59,6000,11.91,3.4441109157516983
dynamic_exponential,44,60,6100,12.06,3.979497455709703
dynamic_exponential,44,61,6200,11.06,3.0522778379433286
dynamic_exponential,44,62,6300,11.09,3.1115751638036966
dynamic_exponential,44,63,6400,11.8,3.423448553724738
dynamic_exponential,44,64,6500,11.71,3.516518164321066
dynamic_exponential,44,65,6600,11.41,2.946506405898348
dynamic_exponential,44,66,6700,11.78,3.3304053807307006
dynamic_exponential,44,67,6800,11.84,3.6516297731287053
dynamic_exponential,44,68,6900,12.16,3.084542105402356
dynamic_exponential,44,69,7000,11.92,3.6706402711243715
dynamic_exponential,44,70,7100,11.61,2.580290681299299
dynamic_exponential,44,71,7200,12.0,3.1336879231984796
dynamic_exponential,44,72,7300,12.07,2.783001976283883
dynamic_exponential,44,73,7400,12.42,3.323191237350026
dynamic_exponential,44,74,7500,12.54,4.116843450994949
dynamic_exponential,44,75,7600,11.73,4.007131143349317
dynamic_exponential,44,76,7700,12.33,3.6029293637261333
dynamic_exponential,44,77,7800,12.57,4.420984053352828
dynamic_exponential,44,78,7900,11.77,3.4463168745778443
dynamic_exponential,44,79,8000,12.25,4.119162536244473
dynamic_exponential,44,80,8100,11.34,3.744916554477549
dynamic_exponential,44,81,8200,11.43,3.2931899428973117
dynamic_exponential,44,82,8300,11.79,3.4591762025083375
dynamic_exponential,44,83,8400,11.81,3.7780815237366165
dynamic_exponential,44,84,8500,11.9,3.374907406137241
dynamic_exponential,44,85,8600,11.56,3.2781702213277457
dynamic_exponential,44,86,8700,12.45,3.4709508783617204
dynamic_exponential,44,87,8800,12.69,3.4805028372348734
dynamic_exponential,44,88,8900,12.81,3.6869906427871495
dynamic_exponential,44,89,9000,12.52,3.8948170688749943
dynamic_exponential,44,90,9100,12.92,4.182535116409664
dynamic_exponential,44,91,9200,12.93,3.3948637675170414
dynamic_exponential,44,92,9300,13.03,3.272476126727283
dynamic_exponential,44,93,9400,12.71,2.8785239272932923
dynamic_exponential,44,94,9500,12.7,3.1638584039112754
dynamic_exponential,44,95,9600,12.56,3.790303417933715
dynamic_exponential,44,96,9700,12.38,3.5966095145289265
dynamic_exponential,44,97,9800,12.13,3.1133743751755905
dynamic_exponential,44,98,9900,12.44,3.795576372568467
dynamic_exponential,44,99,10000,12.79,3.487965022760406
dynamic_exponential,44,100,10100,11.76,2.953370955366088
dynamic_exponential,44,101,10200,11.26,3.1292810675936416
dynamic_exponential,44,102,10300,11.67,3.140238844419322
dynamic_exponential,44,103,10400,11.59,3.3943924345897307
dynamic_exponential,44,104,10500,11.6,3.2372828112477294
dynamic_exponential,44,105,10600,11.58,3.388746080779733
dynamic_exponential,44,106,10700,11.89,3.2951327742596352
dynamic_exponential,44,107,10800,12.14,3.4000588230205664
dynamic_exponential,44,108,10900,12.04,2.760144923731361
dynamic_exponential,44,109,11000,12.26,3.214405077148803
dynamic_exponential,44,110,11100,12.01,3.217126046644738
dynamic_exponential,44,111,11200,12.12,3.314453197738656
dynamic_exponential,44,112,11300,12.23,3.0425482740623853
dynamic_exponential,44,113,11400,12.2,3.9038442591886273
dynamic_exponential,44,114,11500,12.07,3.2931899428973117
dynamic_exponential,44,115,11600,12.08,2.9620263334413486
dynamic_exponential,44,116,11700,12.04,3.0130383336426374
dynamic_exponential,44,117,11800,12.25,3.380458548777074
dynamic_exponential,44,118,11900,12.26,3.6072704362162815
dynamic_exponential,44,119,12000,12.33,3.4786635364748917
dynamic_exponential,44,120,12100,11.94,2.8524375540929903
dynamic_exponential,44,121,12200,11.8,2.6758176320519302
dynamic_exponential,44,122,12300,12.13,3.176963959505994
dynamic_exponential,44,123,12400,12.33,3.5015853552355396
dynamic_exponential,44,124,12500,12.39,3.7944564828180596
dynamic_exponential,44,125,12600,12.5,3.128897569432403
dynamic_exponential,44,126,12700,12.89,3.859779786464508
dynamic_exponential,44,127,12800,12.96,3.8364566985696578
dynamic_exponential,44,128,12900,12.67,4.22623946316344
dynamic_exponential,44,129,13000,12.32,3.6684601674272
dynamic_exponential,44,130,13100,12.64,3.7483863194713534
dynamic_exponential,44,131,13200,13.04,4.3079461463671995
dynamic_exponential,44,132,13300,12.95,3.462296925452813
dynamic_exponential,44,133,13400,12.23,3.9315518564556666
dynamic_exponential,44,134,13500,12.34,3.758244270932904
dynamic_exponential,44,135,13600,11.85,3.1697791721190924
dynamic_exponential,44,136,13700,12.43,3.6118001052106967
dynamic_exponential,44,137,13800,12.48,3.1574673394985417
dynamic_exponential,44,138,13900,12.04,2.8352072234670964
dynamic_exponential,44,139,14000,11.97,3.217001709666938
dynamic_exponential,44,140,14100,11.98,3.611038631751258
dynamic_exponential,44,141,14200,12.11,2.9082468946085025
dynamic_exponential,44,142,14300,12.22,2.602229813064173
dynamic_exponential,44,143,14400,11.97,2.7765266071118426
dynamic_exponential,44,144,14500,12.18,2.6434068926292826
dynamic_exponential,44,145,14600,12.38,3.0225155086450757
dynamic_exponential,44,146,14700,12.36,2.8862432329933663
dynamic_exponential,44,147,14800,12.37,3.2608434491707814
dynamic_exponential,44,148,14900,12.35,3.329789783154486
dynamic_exponential,44,149,15000,12.5,2.8301943396169813
dynamic_exponential,44,150,15100,12.3,3.410278580995987
dynamic_exponential,45,0,100,21.0,0.0
dynamic_exponential,45,1,200,20.19,5.209021021266857
dynamic_exponential,45,2,300,16.07,6.243804929688307
dynamic_exponential,45,3,400,11.61,4.319479135266195
dynamic_exponential,45,4,500,10.32,2.976172038038124
dynamic_exponential,45,5,600,10.4,3.3166247903554007
dynamic_exponential,45,6,700,10.51,2.96814757045535
dynamic_exponential,45,7,800,10.37,3.2577753145359796
dynamic_exponential,45,8,900,10.36,3.5847454581880713
dynamic_exponential,45,9,1000,9.98,3.3105286586888205
dynamic_exponential,45,10,1100,9.49,2.9681475704553506
dynamic_exponential,45,11,1200,9.37,2.8023383093409686
dynamic_exponential,45,12,1300,9.8,2.8284271247461903
dynamic_exponential,45,13,1400,9.31,2.4807055447997044
dynamic_exponential,45,14,1500,10.27,3.3222131177875993
dynamic_exponential,45,15,1600,10.47,3.041233302461355
dynamic_exponential,45,16,1700,10.48,3.584633872517527
dynamic_exponential,45,17,1800,10.43,3.9881198577775967
dynamic_exponential,45,18,1900,10.68,3.5067934070885896
dynamic_exponential,45,19,2000,10.77,3.483834094786949
dynamic_exponential,45,20,2100,10.21,3.476478102908172
dynamic_exponential,45,21,2200,10.49,3.2418975924603166
dynamic_exponential,45,22,2300,10.28,3.4469696836496837
dynamic_exponential,45,23,2400,10.91,3.0499016377581754
dynamic_exponential,45,24,2500,11.4,3.370459909270543
dynamic_exponential,45,25,2600,11.17,4.005134204992387
dynamic_exponential,45,26,2700,11.32,3.754677083318884
dynamic_exponential,45,27,2800,11.16,3.50633712012978
dynamic_exponential,45,28,2900,11.27,3.1172263312117714
dynamic_exponential,45,29,3000,10.79,3.3024082121990914
dynamic_exponential,45,30,3100,11.7,3.7107950630558943
dynamic_exponential,45,31,3200,11.6,3.9673668849754744
dynamic_exponential,45,32,3300,11.35,3.6259481518631786
dynamic_exponential,45,33,3400,11.67,3.9876183368020564
dynamic_exponential,45,34,3500,11.81,3.624072295084633
dynamic_exponential,45,35,3600,11.49,3.4043942192407743
dynamic_exponential,45,36,3700,11.43,4.2267126706224065
dynamic_exponential,45,37,3800,11.32,3.673908001025611
dynamic_exponential,45,38,3900,11.14,3.671566423204134
dynamic_exponential,45,39,4000,11.41,3.666319680551602
dynamic_exponential,45,40,4100,11.31,3.735491935475166
dynamic_exponential,45,41,4200,11.26,3.4106304402558774
dynamic_exponential,45,42,4300,11.11,4.074052036977436
dynamic_exponential,45,43,4400,11.4,3.9849717690342557
dynamic_exponential,45,44,4500,10.85,3.9909272105614755
dynamic_exponential,45,45,4600,10.61,4.056833740739198
dynamic_exponential,45,46,4700,10.41,3.2866244081123717
dynamic_exponential,45,47,4800,10.32,3.1808175049820133
dynamic_exponential,45,48,4900,10.67,3.3913271738362254
dynamic_exponential,45,49,5000,10.9,3.6207733980463344
dynamic_exponential,45,50,5100,11.41,3.42956265433364
dynamic_exponential,45,51,5200,11.25,3.5478866949213583
dynamic_exponential,45,52,5300,11.26,3.3455044462681567
dynamic_exponential,45,53,5400,11.1,2.882707061079915
dynamic_exponential,45,54,5500,11.41,3.325943475166107
dynamic_exponential,45,55,5600,11.02,2.529743069957896
dynamic_exponential,45,56,5700,11.33,2.6946428334753385
dynamic_exponential,45,57,5800,11.18,3.1476340320945826
dynamic_exponential,45,58,5900,11.22,3.138725856139717
dynamic_exponential,45,59,6000,11.37,3.526060124274684
dynamic_exponential,45,60,6100,11.04,2.7310071402323355
dynamic_exponential,45,61,6200,11.32,2.845628225893186
dynamic_exponential,45,62,6300,11.5,3.3778691508109073
dynamic_exponential,45,63,6400,11.07,3.1504126713813223
dynamic_exponential,45,64,6500,10.63,3.511851363597269
dynamic_exponential,45,65,6600,10.45,3.299621190379284
dynamic_exponential,45,66,6700,11.04,3.26165602110339
dynamic_exponential,45,67,6800,10.55,3.392270625996694
dynamic_exponential,45,68,6900,10.97,4.0458744419470065
dynamic_exponential,45,69,7000,10.52,3.433598695246723
dynamic_exponential,45,70,7100,10.92,3.4166650406500194
dynamic_exponential,45,71,7200,11.0,3.411744421846396
dynamic_exponential,45,72,7300,11.23,3.87519031790698
dynamic_exponential,45,73,7400,10.72,3.111526956335105
dynamic_exponential,45,74,7500,11.09,3.088996600839826
dynamic_exponential,45,75,7600,11.66,3.216271132849344
dynamic_exponential,45,76,7700,11.78,3.5765346356494296
dynamic_exponential,45,77,7800,12.44,3.4592484732958977
dynamic_exponential,45,78,7900,12.31,4.058805242925558
dynamic_exponential,45,79,8000,12.21,3.7397727203668407
dynamic_exponential,45,80,8100,12.25,3.79835490706174
dynamic_exponential,45,81,8200,12.43,4.231441834646909
dynamic_exponential,45,82,8300,12.05,3.470950878361721
dynamic_exponential,45,83,8400,12.02,3.14953964890109
dynamic_exponential,45,84,8500,11.8,3.2984845004941286
dynamic_exponential,45,85,8600,12.24,3.2867004731189
dynamic_exponential,45,86,8700,12.74,3.6622943628277618
dynamic_exponential,45,87,8800,12.12,3.96050501830259
dynamic_exponential,45,88,8900,11.83,3.328828622804124
dynamic_exponential,45,89,9000,11.57,2.8222508747451918
dynamic_exponential,45,90,9100,11.95,3.4420197558991434
dynamic_exponential,45,91,9200,12.16,3.139171865317348
dynamic_exponential,45,92,9300,11.98,3.9089128923525527
dynamic_exponential,45,93,9400,11.65,3.176082492631449
dynamic_exponential,45,94,9500,11.85,2.515452245621053
dynamic_exponential,45,95,9600,11.63,3.0745894034813817
dynamic_exponential,45,96,9700,11.93,2.984141417560502
dynamic_exponential,45,97,9800,12.3,3.195309061734091
dynamic_exponential,45,98,9900,12.61,3.1902821191863264
dynamic_exponential,45,99,10000,12.55,3.067164814613
dynamic_exponential,45,100,10100,12.64,3.604219749127403
dynamic_exponential,45,101,10200,12.36,3.122563049803798
dynamic_exponential,45,102,10300,12.66,3.2870047155427087
dynamic_exponential,45,103,10400,12.97,3.4941522577014297
dynamic_exponential,45,104,10500,12.57,3.4416711057275653
dynamic_exponential,45,105,10600,12.08,3.3665412517894384
dynamic_exponential,45,106,10700,12.18,3.3298047990835737
dynamic_exponential,45,107,10800,12.61,3.387904957344583
dynamic_exponential,45,108,10900,11.98,2.935915530120034
dynamic_exponential,45,109,11000,11.9,3.874274125562103
dynamic_exponential,45,110,11100,11.76,3.715158139299053
dynamic_exponential,45,111,11200,12.03,3.819568038404343
dynamic_exponential,45,112,11300,12.41,3.8055091643563284
dynamic_exponential,45,113,11400,12.5,3.645545226711637
dynamic_exponential,45,114,11500,12.83,3.5186787292959836
dynamic_exponential,45,115,11600,12.84,3.135984693840198
dynamic_exponential,45,116,11700,12.92,3.6432952117554236
dynamic_exponential,45,117,11800,13.3,3.207802986469088
dynamic_exponential,45,118,11900,12.89,3.810236213150046
dynamic_exponential,45,119,12000,12.51,4.239091883882679
dynamic_exponential,45,120,12100,12.15,3.70236410959268
dynamic_exponential,45,121,12200,12.32,3.862330902447381
dynamic_exponential,45,122,12300,12.17,3.546984634869455
dynamic_exponential,45,123,12400,12.47,4.065599586776838
dynamic_exponential,45,124,12500,12.15,3.476708213238494
dynamic_exponential,45,125,12600,12.21,3.729061544142172
dynamic_exponential,45,126,12700,12.31,3.410850333861045
dynamic_exponential,45,127,12800,12.64,3.5171579435675056
dynamic_exponential,45,128,12900,12.19,3.110289375604785
dynamic_exponential,45,129,13000,12.62,3.139362992710464
dynamic_exponential,45,130,13100,12.54,3.7667492616313076
dynamic_exponential,45,131,13200,12.39,3.3433366566949254
dynamic_exponential,45,132,13300,12.14,3.852323973914966
dynamic_exponential,45,133,13400,12.15,3.060637188560578
dynamic_exponential,45,134,13500,12.6,4.0024992192379
dynamic_exponential,45,135,13600,12.78,4.018905323592483
dynamic_exponential,45,136,13700,12.71,3.9554898558838456
dynamic_exponential,45,137,13800,13.05,4.341370751271999
dynamic_exponential,45,138,13900,12.73,3.812754909510969
dynamic_exponential,45,139,14000,12.75,3.207413287993925
dynamic_exponential,45,140,14100,12.67,3.847219775370261
dynamic_exponential,45,141,14200,12.6,3.4351128074635335
dynamic_exponential,45,142,14300,12.44,2.8681701483698623
dynamic_exponential,45,143,14400,12.46,3.2906534305514463
dynamic_exponential,45,144,14500,12.65,3.5252659474144643
dynamic_exponential,45,145,14600,12.55,3.08666486681013
dynamic_exponential,45,146,14700,12.8,3.3256578296631782
dynamic_exponential,45,147,14800,12.89,2.928805217149136
dynamic_exponential,45,148,14900,13.11,3.7387029836562307
dynamic_exponential,45,149,15000,12.67,2.8392076359435214
dynamic_exponential,45,150,15100,12.36,3.3091388607914296
dynamic_exponential,46,0,100,21.0,0.0
dynamic_exponential,46,1,200,20.02,4.5934300909015695
dynamic_exponential,46,2,300,15.85,5.65044246055121
dynamic_exponential,46,3,400,12.33,5.314235598842039
dynamic_exponential,46,4,500,10.78,3.8847908566613976
dynamic_exponential,46,5,600,10.23,3.8022493342756998
dynamic_exponential,46,6,700,10.05,3.3357907608241852
dynamic_exponential,46,7,800,10.04,3.085190431723786
dynamic_exponential,46,8,900,10.17,2.905357120906137
dynamic_exponential,46,9,1000,10.73,3.2798018232814004
dynamic_exponential,46,10,1100,10.57,3.0008498796174394
dynamic_exponential,46,11,1200,10.58,3.594940889639216
dynamic_exponential,46,12,1300,10.15,2.7798381247835278
dynamic_exponential,46,13,1400,10.69,3.2270574832190397
dynamic_exponential,46,14,1500,10.56,3.395055227827671
dynamic_exponential,46,15,1600,10.97,3.848259346769654
dynamic_exponential,46,16,1700,11.19,3.9286002596344662
dynamic_exponential,46,17,1800,10.6,3.6249137920783716
dynamic_exponential,46,18,1900,10.56,3.427302146003471
dynamic_exponential,46,19,2000,10.13,2.91085897975151
dynamic_exponential,46,20,2100,10.71,3.07016286212963
dynamic_exponential,46,21,2200,10.96,3.679456481601597
dynamic_exponential,46,22,2300,10.82,2.8961353559528256
dynamic_exponential,46,23,2400,11.18,3.2260812141048154
dynamic_exponential,46,24,2500,11.28,3.7791004220581383
dynamic_exponential,46,25,2600,10.9,3.1638584039112754
dynamic_exponential,46,26,2700,11.3,3.27566787083184
dynamic_exponential,46,27,2800,10.83,3.0530476576693
dynamic_exponential,46,28,2900,11.31,2.931535433863967
dynamic_exponential,46,29,3000,11.09,3.1371802625925085
dynamic_exponential,46,30,3100,10.75,3.0834234221073173
dynamic_exponential,46,31,3200,10.73,3.310151053955091
dynamic_exponential,46,32,3300,11.03,3.3954528416692815
dynamic_exponential,46,33,3400,10.56,2.964186228967404
dynamic_exponential,46,34,3500,11.06,3.236726741632664
dynamic_exponential,46,35,3600,10.36,2.52
dynamic_exponential,46,36,3700,10.49,2.7802697710833746
dynamic_exponential,46,37,3800,10.69,2.678413709642332
dynamic_exponential,46,38,3900,11.08,2.9109448637856405
dynamic_exponential,46,39,4000,12.09,3.4178794595479816
dynamic_exponential,46,40,4100,11.7,3.2015621187164247
dynamic_exponential,46,41,4200,11.32,2.7636208133533806
dynamic_exponential,46,42,4300,11.24,2.8569914245583585
dynamic_exponential,46,43,4400,11.28,2.6835796988351217
dynamic_exponential,46,44,4500,11.55,3.2446109165815242
dynamic_exponential,46,45,4600,11.63,3.074589403481382
dynamic_exponential,46,46,4700,11.44,3.1090834662324522
dynamic_exponential,46,47,4800,11.71,3.6614068334453083
dynamic_exponential,46,48,4900,11.55,3.4449238017697867
dynamic_exponential,46,49,5000,11.67,3.17822277381558
dynamic_exponential,46,50,5100,11.87,3.116584669153078
dynamic_exponential,46,51,5200,11.79,3.326544753945151
dynamic_exponential,46,52,5300,12.16,3.139171865317348
dynamic_exponential,46,53,5400,12.55,3.3834154341434335
dynamic_exponential,46,54,5500,12.46,2.769187606501228
dynamic_exponential,46,55,5600,12.59,2.534146799220598
dynamic_exponential,46,56,5700,12.75,3.4128433893163046
dynamic_exponential,46,57,5800,12.45,3.0639027399707057
dynamic_exponential,46,58,5900,12.03,2.692415272575908
dynamic_exponential,46,59,6000,11.97,3.0608985608804486
dynamic_exponential,46,60,6100,11.98,3.4175429770523738
dynamic_exponential,46,61,6200,11.74,2.7950670832736733
dynamic_exponential,46,62,6300,11.82,2.6129676614914312
dynamic_exponential,46,63,6400,11.53,2.830035335468446
dynamic_exponential,46,64,6500,11.63,2.6368731482572305
dynamic_exponential,46,65,6600,11.62,2.3865456207665505
dynamic_exponential,46,66,6700,11.77,2.813734173656069
dynamic_exponential,46,67,6800,11.52,3.2572380938457663
dynamic_exponential,46,68,6900,11.94,3.261349413969622
dynamic_exponential,46,69,7000,11.37,2.4845723978181837
dynamic_exponential,46,70,7100,11.55,2.947456530637899
dynamic_exponential,46,71,7200,11.82,3.1476340320945826
dynamic_exponential,46,72,7300,11.47,2.523707590034947
dynamic_exponential,46,73,7400,11.69,2.9856155144291434
dynamic_exponential,46,74,7500,11.96,3.224655020308374
dynamic_exponential,46,75,7600,11.78,2.9311431217188972
dynamic_exponential,46,76,7700,11.63,2.261216486761053
dynamic_exponential,46,77,7800,11.48,2.3557589010762543
dynamic_exponential,46,78,7900,11.75,2.0898564544006364
dynamic_exponential,46,79,8000,11.68,2.5918333279746215
dynamic_exponential,46,80,8100,11.9,2.5942243542145693
dynamic_exponential,46,81,8200,11.83,2.716817991695432
dynamic_exponential,46,82,8300,12.27,2.473277178158566
dynamic_exponential,46,83,8400,12.27,2.9388943499214117
dynamic_exponential,46,84,8500,12.06,2.734300641846101
dynamic_exponential,46,85,8600,12.12,2.4709512338368804
dynamic_exponential,46,86,8700,12.15,2.658477007611689
dynamic_exponential,46,87,8800,12.38,3.0423017601809326
dynamic_exponential,46,88,8900,12.46,2.6699063653993567
dynamic_exponential,46,89,9000,12.44,3.1947456862792696
dynamic_exponential,46,90,9100,12.43,2.604822450763199
dynamic_exponential,46,91,9200,12.67,3.0432055467877945
dynamic_exponential,46,92,9300,12.68,3.9009742372899616
dynamic_exponential,46,93,9400,12.48,3.4856276335833694
dynamic_exponential,46,94,9500,12.05,2.3680160472429237
dynamic_exponential,46,95,9600,12.21,3.1537120984642844
dynamic_exponential,46,96,9700,12.79,3.1218424047347426
dynamic_exponential,46,97,9800,12.48,3.0642454209805066
dynamic_exponential,46,98,9900,12.43,3.5951495101038566
dynamic_exponential,46,99,10000,12.41,3.280533493198934
dynamic_exponential,46,100,10100,12.79,3.3295495190791207
dynamic_exponential,46,101,10200,12.66,2.7648508097183107
dynamic_exponential,46,102,10300,13.34,3.5049108405207683
dynamic_exponential,46,103,10400,12.88,3.092830418888174
dynamic_exponential,46,104,10500,12.79,2.9437900740372096
dynamic_exponential,46,105,10600,12.84,3.009053007176843
dynamic_exponential,46,106,10700,13.28,2.929436805940692
dynamic_exponential,46,107,10800,12.62,3.152078679221063
dynamic_exponential,46,108,10900,13.06,3.236726741632664
dynamic_exponential,46,109,11000,12.79,2.8223926020311207
dynamic_exponential,46,110,11100,12.43,3.0471462058785432
dynamic_exponential,46,111,11200,12.64,3.1289614890567123
dynamic_exponential,46,112,11300,12.6,2.416609194718914
dynamic_exponential,46,113,11400,12.94,3.215027216058987
dynamic_exponential,46,114,11500,13.06,3.161708398951428
dynamic_exponential,46,115,11600,12.73,3.1300319487187345
dynamic_exponential,46,116,11700,12.79,2.940391130445064
dynamic_exponential,46,117,11800,12.58,3.020529754860892
dynamic_exponential,46,118,11900,12.64,2.9343483092502836
dynamic_exponential,46,119,12000,12.4,3.32264954516723
dynamic_exponential,46,120,12100,12.73,3.065468969015997
dynamic_exponential,46,121,12200,12.37,2.75555801971216
dynamic_exponential,46,122,12300,12.29,2.7831457022585075
dynamic_exponential,46,123,12400,12.29,3.609141172079585
dynamic_exponential,46,124,12500,12.55,2.754541704167864
dynamic_exponential,46,125,12600,12.99,3.8013024083858413
dynamic_exponential,46,126,12700,13.19,3.9892229819853386
dynamic_exponential,46,127,12800,13.12,3.467794688270919
dynamic_exponential,46,128,12900,13.39,3.7037683512876454
dynamic_exponential,46,129,13000,13.25,3.2415274177461466
dynamic_exponential,46,130,13100,13.48,2.8722116913625984
dynamic_exponential,46,131,13200,13.3,3.363034344160048
dynamic_exponential,46,132,13300,12.84,3.091019249373902
dynamic_exponential,46,133,13400,12.88,3.847804568841822
dynamic_exponential,46,134,13500,13.03,2.899844823434523
dynamic_exponential,46,135,13600,13.07,3.631129300920032
dynamic_exponential,46,136,13700,13.19,3.0354406599372026
dynamic_exponential,46,137,13800,13.59,4.130605282522163
dynamic_exponential,46,138,13900,13.07,3.1819962287846915
dynamic_exponential,46,139,14000,12.93,3.185137359675404
dynamic_exponential,46,140,14100,12.97,3.321008882854727
dynamic_exponential,46,141,14200,12.8,3.1559467676119
dynamic_exponential,46,142,14300,12.77,3.799618401892485
dynamic_exponential,46,143,14400,12.38,3.152078679221063
dynamic_exponential,46,144,14500,12.27,2.7887452375575648
dynamic_exponential,46,145,14600,12.58,3.350164175081573
dynamic_exponential,46,146,14700,12.38,3.2055576737909433
dynamic_exponential,46,147,14800,12.43,3.8633016967355784
dynamic_exponential,46,148,14900,12.18,3.076946538372092
dynamic_exponential,46,149,15000,12.53,4.008628194282927
dynamic_exponential,46,150,15100,12.15,4.278726446035082
dynamic_exponential,47,0,100,21.0,0.0
dynamic_exponential,47,1,200,19.73,6.340118295426356
dynamic_exponential,47,2,300,14.0,5.96322060635023
dynamic_exponential,47,3,400,10.19,4.144140441635635
dynamic_exponential,47,4,500,8.44,2.772435752186153
dynamic_exponential,47,5,600,8.85,2.6772187060455113
dynamic_exponential,47,6,700,9.24,3.0302475146429875
dynamic_exponential,47,7,800,9.25,2.854382595238417
dynamic_exponential,47,8,900,9.69,3.3427383983793892
dynamic_exponential,47,9,1000,9.89,3.1871460587804887
dynamic_exponential,47,10,1100,9.54,3.128641877876086
dynamic_exponential,47,11,1200,10.29,3.3205270665965063
dynamic_exponential,47,12,1300,10.1,3.195309061734091
dynamic_exponential,47,13,1400,10.12,3.12499599999744
dynamic_exponential,47,14,1500,9.62,2.7560116110060204
dynamic_exponential,47,15,1600,9.86,3.0855145437997855
dynamic_exponential,47,16,1700,9.96,2.7052541470257467
dynamic_exponential,47,17,1800,9.73,2.8630578059131113
dynamic_exponential,47,18,1900,10.3,3.2264531609803355
dynamic_exponential,47,19,2000,10.44,3.3446076003023135
dynamic_exponential,47,20,2100,11.26,3.8771639119335672
dynamic_exponential,47,21,2200,11.5,3.7322915213043046
dynamic_exponential,47,22,2300,11.64,3.604219749127403
dynamic_exponential,47,23,2400,11.91,3.765886349851785
dynamic_exponential,47,24,2500,11.79,3.636743048388214
dynamic_exponential,47,25,2600,11.55,3.3863697376394093
dynamic_exponential,47,26,2700,11.76,3.7844946822528365
dynamic_exponential,47,27,2800,11.67,3.7418043775697307
dynamic_exponential,47,28,2900,11.52,3.645490364820623
dynamic_exponential,47,29,3000,11.74,3.6813584449222003
dynamic_exponential,47,30,3100,11.97,4.22008293757362
dynamic_exponential,47,31,3200,11.46,4.013527127104039
dynamic_exponential,47,32,3300,11.83,3.441089943607984
dynamic_exponential,47,33,3400,11.49,3.103208017519934
dynamic_exponential,47,34,3500,11.42,3.3680261281646855
dynamic_exponential,47,35,3600,11.79,3.374299927392347
dynamic_exponential,47,36,3700,11.76,3.8239246854508
dynamic_exponential,47,37,3800,11.28,3.3706972572451535
dynamic_exponential,47,38,3900,11.54,3.191927317468241
dynamic_exponential,47,39,4000,11.33,2.9700336698428185
dynamic_exponential,47,40,4100,11.42,2.5775181861628056
dynamic_exponential,47,41,4200,11.34,2.99739887235583
dynamic_exponential,47,42,4300,11.28,2.996931764321637
dynamic_exponential,47,43,4400,11.61,3.1460928149054976
dynamic_exponential,47,44,4500,11.69,3.378446388504634
dynamic_exponential,47,45,4600,12.09,3.3766699572211674
dynamic_exponential,47,46,4700,12.28,3.0954159655852393
dynamic_exponential,47,47,4800,12.22,3.5456452163181815
dynamic_exponential,47,48,4900,12.11,3.246213178458864
dynamic_exponential,47,49,5000,11.56,3.5023420735273705
dynamic_exponential,47,50,5100,11.45,2.58602010819715
dynamic_exponential,47,51,5200,11.76,3.159493630314832
dynamic_exponential,47,52,5300,11.85,3.1028212968200406
dynamic_exponential,47,53,5400,12.03,3.7106737932618117
dynamic_exponential,47,54,5500,11.56,2.797570374449944
dynamic_exponential,47,55,5600,11.8,2.7964262908219126
dynamic_exponential,47,56,5700,11.94,3.5911558028022124
dynamic_exponential,47,57,5800,11.73,2.965990559661308
dynamic_exponential,47,58,5900,12.0,2.4372115213907883
dynamic_exponential,47,59,6000,11.85,3.516745654721137
dynamic_exponential,47,60,6100,12.01,3.519928976556203
dynamic_exponential,47,61,6200,12.34,3.850246745339836
dynamic_exponential,47,62,6300,12.52,4.271955055943356
dynamic_exponential,47,63,6400,12.28,3.6662787673607147
dynamic_exponential,47,64,6500,11.78,3.6347764718067603
dynamic_exponential,47,65,6600,11.71,3.302408212199092
dynamic_exponential,47,66,6700,12.13,2.93480834127205
dynamic_exponential,47,67,6800,11.59,3.0367581398590175
dynamic_exponential,47,68,6900,11.72,3.0400000000000005
dynamic_exponential,47,69,7000,12.31,3.0941719409237747
dynamic_exponential,47,70,7100,12.2,3.0331501776206204
dynamic_exponential,47,71,7200,12.47,3.27553049138609
dynamic_exponential,47,72,7300,12.28,3.5385872887354357
dynamic_exponential,47,73,7400,12.64,3.0676375274794117
dynamic_exponential,47,74,7500,12.99,3.8483632884643315
dynamic_exponential,47,75,7600,13.02,3.8287857082892485
dynamic_exponential,47,76,7700,12.66,3.3711125759903067
dynamic_exponential,47,77,7800,12.87,4.021579291770834
dynamic_exponential,47,78,7900,12.9,3.5874782229304194
dynamic_exponential,47,79,8000,12.91,3.688075378839213
dynamic_exponential,47,80,8100,12.79,3.8191491198956866
dynamic_exponential,47,81,8200,12.99,3.1160712443716694
dynamic_exponential,47,82,8300,12.9,3.601388621073821
dynamic_exponential,47,83,8400,13.27,3.0095016198699747
dynamic_exponential,47,84,8500,13.24,3.364877412328717
dynamic_exponential,47,85,8600,13.49,3.5762969675349954
dynamic_exponential,47,86,8700,13.19,3.463221044057107
dynamic_exponential,47,87,8800,13.14,3.484307678721843
dynamic_exponential,47,88,8900,13.06,3.0588233031674124
dynamic_exponential,47,89,9000,12.96,3.136622387218455
dynamic_exponential,47,90,9100,12.81,3.4458525795512496
dynamic_exponential,47,91,9200,12.85,2.836811590500857
dynamic_exponential,47,92,9300,12.84,3.208488740824876
dynamic_exponential,47,93,9400,13.01,2.98829382758791
dynamic_exponential,47,94,9500,12.7,3.1320919526731648
dynamic_exponential,47,95,9600,12.58,3.1406368780869904
dynamic_exponential,47,96,9700,12.6,3.0561413579872254
dynamic_exponential,47,97,9800,12.87,2.9211470349847164
dynamic_exponential,47,98,9900,13.16,3.5234074416677954
dynamic_exponential,47,99,10000,13.1,3.1256999216175565
dynamic_exponential,47,100,10100,12.99,2.961401695143704
dynamic_exponential,47,101,10200,12.81,3.30361922745343
dynamic_exponential,47,102,10300,12.57,3.54754844928156
dynamic_exponential,47,103,10400,12.01,2.6739296924190064
dynamic_exponential,47,104,10500,12.53,3.347999402628382
dynamic_exponential,47,105,10600,12.05,3.1792294663959066
dynamic_exponential,47,106,10700,12.14,3.3941714747490286
dynamic_exponential,47,107,10800,12.33,2.919092324679026
dynamic_exponential,47,108,10900,12.8,3.5042830935870466
dynamic_exponential,47,109,11000,12.85,3.545066995135635
dynamic_exponential,47,110,11100,12.82,3.2198757740012267
dynamic_exponential,47,111,11200,12.23,2.7743647921641448
dynamic_exponential,47,112,11300,12.8,3.0561413579872254
dynamic_exponential,47,113,11400,12.72,2.7425535546275115
dynamic_exponential,47,114,11500,12.7,2.9816103031751147
dynamic_exponential,47,115,11600,12.96,3.177797979733765
dynamic_exponential,47,116,11700,13.03,4.048345341000443
dynamic_exponential,47,117,11800,12.81,3.2455970174992457
dynamic_exponential,47,118,11900,12.56,3.2103582354622042
dynamic_exponential,47,119,12000,12.68,3.867505656104462
dynamic_exponential,47,120,12100,12.79,2.818847282135022
dynamic_exponential,47,121,12200,12.72,3.3258983748755764
dynamic_exponential,47,122,12300,12.93,2.8714282160625224
dynamic_exponential,47,123,12400,13.01,3.238811510415511
dynamic_exponential,47,124,12500,12.65,3.1603006186120965
dynamic_exponential,47,125,12600,12.69,3.183378708228099
dynamic_exponential,47,126,12700,12.88,3.01091348264941
dynamic_exponential,47,127,12800,12.77,3.585679851855154
dynamic_exponential,47,128,12900,12.25,3.157134776977378
dynamic_exponential,47,129,13000,12.44,2.268567830151878
dynamic_exponential,47,130,13100,12.13,3.0680775739866815
dynamic_exponential,47,131,13200,12.37,3.0582838324786006
dynamic_exponential,47,132,13300,12.34,3.359226101351321
dynamic_exponential,47,133,13400,12.42,3.4210524696356237
dynamic_exponential,47,134,13500,12.47,2.9273025125531524
dynamic_exponential,47,135,13600,12.98,3.6985943275790603
dynamic_exponential,47,136,13700,12.64,3.827584094438684
dynamic_exponential,47,137,13800,13.03,3.82741427075774
dynamic_exponential,47,138,13900,13.15,3.9758646858262163
dynamic_exponential,47,139,14000,13.47,4.136314784926312
dynamic_exponential,47,140,14100,13.17,3.8885858612097017
dynamic_exponential,47,141,14200,12.87,4.048839339860252
dynamic_exponential,47,142,14300,13.24,3.5947739845503497
dynamic_exponential,47,143,14400,12.7,3.8091993909481823
dynamic_exponential,47,144,14500,13.26,4.041336412623924
dynamic_exponential,47,145,14600,13.34,4.240801810978674
dynamic_exponential,47,146,14700,12.94,3.885408601421477
dynamic_exponential,47,147,14800,13.48,4.355410428421184
dynamic_exponential,47,148,14900,13.65,4.499722213648305
dynamic_exponential,47,149,15000,14.11,3.962057546275673
dynamic_exponential,47,150,15100,14.28,4.465601863131106
dynamic_exponential,48,0,100,21.0,0.0
dynamic_exponential,48,1,200,19.71,6.674271495826343
dynamic_exponential,48,2,300,14.0,6.864400920692205
dynamic_exponential,48,3,400,9.88,4.578820808898291
dynamic_exponential,48,4,500,9.08,3.593549777031063
dynamic_exponential,48,5,600,8.73,3.0491146255921575
dynamic_exponential,48,6,700,8.82,2.991253917673991
dynamic_exponential,48,7,800,9.26,2.737224872019104
dynamic_exponential,48,8,900,9.15,2.654712790491657
dynamic_exponential,48,9,1000,9.21,2.7323799150191395
dynamic_exponential,48,10,1100,9.9,2.8301943396169813
dynamic_exponential,48,11,1200,9.87,2.8272071024245817
dynamic_exponential,48,12,1300,10.44,3.3979994114184304
dynamic_exponential,48,13,1400,10.44,3.4156112190938828
dynamic_exponential,48,14,1500,10.14,3.3586306733548423
dynamic_exponential,48,15,1600,9.99,2.6324703227197075
dynamic_exponential,48,16,1700,10.35,2.790609252475165
dynamic_exponential,48,17,1800,10.62,3.261226763044851
dynamic_exponential,48,18,1900,10.61,3.384951993751167
dynamic_exponential,48,19,2000,10.54,3.2137828178020995
dynamic_exponential,48,20,2100,10.82,2.930460714631746
dynamic_exponential,48,21,2200,10.91,3.023557507308237
dynamic_exponential,48,22,2300,10.54,3.3178908963376115
dynamic_exponential,48,23,2400,10.74,2.460162596252532
dynamic_exponential,48,24,2500,10.67,3.171923706522589
dynamic_exponential,48,25,2600,10.5,3.2726136343907144
dynamic_exponential,48,26,2700,10.68,2.938979414694836
dynamic_exponential,48,27,2800,10.59,3.2866244081123717
dynamic_exponential,48,28,2900,11.09,3.2652564983474117
dynamic_exponential,48,29,3000,11.16,3.1232034836046147
dynamic_exponential,48,30,3100,11.22,3.282011578285488
dynamic_exponential,48,31,3200,11.5,3.774917217635375
dynamic_exponential,48,32,3300,11.54,3.626072255209485
dynamic_exponential,48,33,3400,11.13,3.540211858067255
dynamic_exponential,48,34,3500,11.06,3.1490315971739626
dynamic_exponential,48,35,3600,11.23,3.4113193928449443
dynamic_exponential,48,36,3700,11.93,3.760997208188275
dynamic_exponential,48,37,3800,11.68,3.749346609744157
dynamic_exponential,48,38,3900,11.18,3.125315984024655
dynamic_exponential,48,39,4000,11.11,3.2338676534453294
dynamic_exponential,48,40,4100,11.21,3.1537120984642844
dynamic_exponential,48,41,4200,11.41,3.149904760464989
dynamic_exponential,48,42,4300,11.4,3.0561413579872245
dynamic_exponential,48,43,4400,11.95,3.305676935213119
dynamic_exponential,48,44,4500,12.08,3.2486304806795125
dynamic_exponential,48,45,4600,11.99,3.179606893941451
dynamic_exponential,48,46,4700,11.78,3.288099755177753
dynamic_exponential,48,47,4800,11.58,3.3828390443531307
dynamic_exponential,48,48,4900,11.24,2.973617325749902
dynamic_exponential,48,49,5000,11.59,2.9735332518739392
dynamic_exponential,48,50,5100,11.96,3.6164070567346256
dynamic_exponential,48,51,5200,11.81,3.0387332887241025
dynamic_exponential,48,52,5300,11.99,3.5790920636384866
dynamic_exponential,48,53,5400,11.57,3.095981266093191
dynamic_exponential,48,54,5500,11.75,3.4996428389194234
dynamic_exponential,48,55,5600,11.57,3.2007967758044242
dynamic_exponential,48,56,5700,11.56,2.8681701483698623
dynamic_exponential,48,57,5800,11.4,2.9631064780058107
dynamic_exponential,48,58,5900,11.42,3.29599757281464
dynamic_exponential,48,59,6000,11.24,3.134070835191828
dynamic_exponential,48,60,6100,11.29,2.833001941404206
dynamic_exponential,48,61,6200,10.74,2.452019575778301
dynamic_exponential,48,62,6300,11.02,2.6980733866965143
dynamic_exponential,48,63,6400,11.45,2.64716829838981
dynamic_exponential,48,64,6500,11.84,3.657102678350719
dynamic_exponential,48,65,6600,12.19,3.5062658199286605
dynamic_exponential,48,66,6700,11.9,3.38673884437522
dynamic_exponential,48,67,6800,11.96,3.2091120267139317
dynamic_exponential,48,68,6900,12.15,3.8062448686336516
dynamic_exponential,48,69,7000,12.24,3.9952972355007583
dynamic_exponential,48,70,7100,12.11,3.7440486107955384
dynamic_exponential,48,71,7200,12.19,4.2419217343086375
dynamic_exponential,48,72,7300,12.42,4.45461558386355
dynamic_exponential,48,73,7400,12.27,3.627271701982083
dynamic_exponential,48,74,7500,12.84,3.835935348777401
dynamic_exponential,48,75,7600,11.95,2.913331426391443
dynamic_exponential,48,76,7700,12.28,3.630647325202491
dynamic_exponential,48,77,7800,12.53,3.350984929837793
dynamic_exponential,48,78,7900,12.14,3.3166850920761224
dynamic_exponential,48,79,8000,12.06,3.5293625486764597
dynamic_exponential,48,80,8100,11.66,3.633785904535378
dynamic_exponential,48,81,8200,11.86,3.8262775644221114
dynamic_exponential,48,82,8300,12.24,3.7178488403914436
dynamic_exponential,48,83,8400,12.0,3.594440151122286
dynamic_exponential,48,84,8500,12.45,3.398161267509239
dynamic_exponential,48,85,8600,12.43,3.4445754455375193
dynamic_exponential,48,86,8700,12.48,3.7215050718761624
dynamic_exponential,48,87,8800,12.6,3.7815340802378077
dynamic_exponential,48,88,8900,12.19,3.129520730079927
dynamic_exponential,48,89,9000,12.67,3.30773336289369
dynamic_exponential,48,90,9100,12.24,3.3200000000000003
dynamic_exponential,48,91,9200,12.07,2.8749086942023045
dynamic_exponential,48,92,9300,11.91,2.8916950046642196
dynamic_exponential,48,93,9400,11.45,2.857883832488647
dynamic_exponential,48,94,9500,11.77,2.5567753127719297
dynamic_exponential,48,95,9600,11.78,2.8864511081949753
dynamic_exponential,48,96,9700,11.75,2.4834451876375288
dynamic_exponential,48,97,9800,12.47,3.1287537455031518
dynamic_exponential,48,98,9900,12.82,3.176098235256586
dynamic_exponential,48,99,10000,12.69,3.7754337499153654
dynamic_exponential,48,100,10100,12.87,3.8952663580299616
dynamic_exponential,48,101,10200,12.48,3.204621662536781
dynamic_exponential,48,102,10300,12.21,3.365397450524975
dynamic_exponential,48,103,10400,12.14,3.408870780771838
dynamic_exponential,48,104,10500,11.99,3.1858907702556283
dynamic_exponential,48,105,10600,12.41,3.162578062277673
dynamic_exponential,48,106,10700,12.23,2.752653265487682
dynamic_exponential,48,107,10800,12.45,3.1220986531498327
dynamic_exponential,48,108,10900,12.75,3.141257709899014
dynamic_exponential,48,109,11000,12.98,3.2310369852417353
dynamic_exponential,48,110,11100,13.07,3.3414218530440003
dynamic_exponential,48,111,11200,12.76,3.666387868188526
dynamic_exponential,48,112,11300,12.55,3.71853465763061
dynamic_exponential,48,113,11400,12.39,3.2615793720220876
dynamic_exponential,48,114,11500,12.81,2.9178588039862383
dynamic_exponential,48,115,11600,12.45,3.4157722406507136
dynamic_exponential,48,116,11700,12.34,3.033875409439221
dynamic_exponential,48,117,11800,12.52,3.2232902444551903
dynamic_exponential,48,118,11900,12.79,3.241280611116539
dynamic_exponential,48,119,12000,12.8,3.588871688985272
dynamic_exponential,48,120,12100,12.45,3.350746185553301
dynamic_exponential,48,121,12200,12.55,3.479583308386221
dynamic_exponential,48,122,12300,12.59,4.154744276125788
dynamic_exponential,48,123,12400,12.63,3.5934802072642613
dynamic_exponential,48,124,12500,12.46,3.2906534305514463
dynamic_exponential,48,125,12600,12.53,3.4884237127963686
dynamic_exponential,48,126,12700,11.62,2.7560116110060204
dynamic_exponential,48,127,12800,11.69,3.04858983794147
dynamic_exponential,48,128,12900,12.08,3.2239106687375814
dynamic_exponential,48,129,13000,12.0,3.340658617698013
dynamic_exponential,48,130,13100,11.69,2.9654510618116765
dynamic_exponential,48,131,13200,11.76,2.8499824560863525
dynamic_exponential,48,132,13300,11.72,3.340898082851376
dynamic_exponential,48,133,13400,12.21,2.680652905543722
dynamic_exponential,48,134,13500,12.22,2.57130317154551
dynamic_exponential,48,135,13600,12.54,3.3389219817180518
dynamic_exponential,48,136,13700,12.31,3.267093509528003
dynamic_exponential,48,137,13800,12.94,3.193180232933932
dynamic_exponential,48,138,13900,13.12,3.2688836014761984
dynamic_exponential,48,139,14000,12.81,3.6130181289332053
dynamic_exponential,48,140,14100,12.52,3.4190057034172963
dynamic_exponential,48,141,14200,12.72,3.3017571079653933
dynamic_exponential,48,142,14300,12.36,3.9560586446613755
dynamic_exponential,48,143,14400,12.23,3.6874245754998163
dynamic_exponential,48,144,14500,12.25,3.9226904032819108
dynamic_exponential,48,145,14600,12.12,3.5532520315902167
dynamic_exponential,48,146,14700,12.59,3.5187924064940237
dynamic_exponential,48,147,14800,12.61,4.105837308028655
dynamic_exponential,48,148,14900,12.3,3.116087290176577
dynamic_exponential,48,149,15000,12.78,3.6512463625452614
dynamic_exponential,48,150,15100,12.98,4.132747270279179
dynamic_exponential,49,0,100,21.0,0.0
dynamic_exponential,49,1,200,19.56,4.825598408487801
dynamic_exponential,49,2,300,15.05,5.441277423546791
dynamic_exponential,49,3,400,10.85,4.380353866983808
dynamic_exponential,49,4,500,9.26,2.9752983043721852
dynamic_exponential,49,5,600,9.33,2.7642539680716744
dynamic_exponential,49,6,700,9.2,2.5768197453450252
dynamic_exponential,49,7,800,9.37,2.230044842598462
dynamic_exponential,49,8,900,9.44,2.3508296407864178
dynamic_exponential,49,9,1000,9.55,2.4428467000612213
dynamic_exponential,49,10,1100,9.72,2.4375397432657384
dynamic_exponential,49,11,1200,10.1,2.751363298439521
dynamic_exponential,49,12,1300,9.7,2.3000000000000003
dynamic_exponential,49,13,1400,9.91,2.474247360309797
dynamic_exponential,49,14,1500,10.59,3.114787312161137
dynamic_exponential,49,15,1600,10.83,3.3318313282637826
dynamic_exponential,49,16,1700,10.65,3.0834234221073173
dynamic_exponential,49,17,1800,11.15,3.10926036220835
dynamic_exponential,49,18,1900,11.06,3.183771348573889
dynamic_exponential,49,19,2000,11.14,3.255825548152112
dynamic_exponential,49,20,2100,10.84,3.078051331605761
dynamic_exponential,49,21,2200,11.23,3.2675832047554656
dynamic_exponential,49,22,2300,11.16,3.629655631048213
dynamic_exponential,49,23,2400,11.36,3.615300817359463
dynamic_exponential,49,24,2500,11.22,3.433889922522269
dynamic_exponential,49,25,2600,11.81,3.378446388504633
dynamic_exponential,49,26,2700,11.71,2.967473673008743
dynamic_exponential,49,27,2800,11.3,3.6619666847201113
dynamic_exponential,49,28,2900,11.7,3.3689761055846033
dynamic_exponential,49,29,3000,11.94,3.554771441316587
dynamic_exponential,49,30,3100,11.98,3.6985943275790603
dynamic_exponential,49,31,3200,11.51,3.074068964743635
dynamic_exponential,49,32,3300,11.63,3.1165846691530783
dynamic_exponential,49,33,3400,11.58,3.332206476195615
dynamic_exponential,49,34,3500,11.9,3.1827660925679098
dynamic_exponential,49,35,3600,11.98,3.2310369852417353
dynamic_exponential,49,36,3700,12.42,3.076296474659099
dynamic_exponential,49,37,3800,13.05,3.1886517527005043
dynamic_exponential,49,38,3900,12.86,3.527095122051573
dynamic_exponential,49,39,4000,12.29,3.9857119815661544
dynamic_exponential,49,40,4100,12.54,3.4883233795048305
dynamic_exponential,49,41,4200,12.31,3.5176554692010416
dynamic_exponential,49,42,4300,12.03,3.471181355100883
dynamic_exponential,49,43,4400,12.19,3.7701326236619312
dynamic_exponential,49,44,4500,11.81,3.410850333861044
dynamic_exponential,49,45,4600,12.16,3.205370493406339
dynamic_exponential,49,46,4700,12.36,3.293994535514593
dynamic_exponential,49,47,4800,12.71,2.746980160103091
dynamic_exponential,49,48,4900,12.58,3.050180322538325
dynamic_exponential,49,49,5000,12.2,3.709447398198282
dynamic_exponential,49,50,5100,12.68,3.585749572962395
dynamic_exponential,49,51,5200,12.31,3.4833748003911387
dynamic_exponential,49,52,5300,12.63,3.291367496953204
dynamic_exponential,49,53,5400,12.58,3.674724479467814
dynamic_exponential,49,54,5500,12.36,3.8897814848651846
dynamic_exponential,49,55,5600,12.32,3.540847356212916
dynamic_exponential,49,56,5700,11.97,3.037943383277575
dynamic_exponential,49,57,5800,11.55,2.6358110706194404
dynamic_exponential,49,58,5900,11.39,2.969494906545556
dynamic_exponential,49,59,6000,11.48,2.851245341951478
dynamic_exponential,49,60,6100,11.55,2.628212320190285
dynamic_exponential,49,61,6200,12.44,3.225895224584952
dynamic_exponential,49,62,6300,12.7,3.4885527085024814
dynamic_exponential,49,63,6400,12.76,3.323010683100492
dynamic_exponential,49,64,6500,12.02,3.3195782864695325
dynamic_exponential,49,65,6600,12.01,3.3151018083914106
dynamic_exponential,49,66,6700,12.29,3.2227162456536567
dynamic_exponential,49,67,6800,12.41,3.3499104465642064
dynamic_exponential,49,68,6900,12.53,2.6055901442859355
dynamic_exponential,49,69,7000,12.74,3.0483438126300646
dynamic_exponential,49,70,7100,12.16,3.0519501961860387
dynamic_exponential,49,71,7200,12.36,2.8827764394763595
dynamic_exponential,49,72,7300,12.52,2.6887915501206114
dynamic_exponential,49,73,7400,12.96,3.5886487707771013
dynamic_exponential,49,74,7500,13.06,3.2857875768223357
dynamic_exponential,49,75,7600,12.92,2.9075075236360095
dynamic_exponential,49,76,7700,12.9,3.5256205127608387
dynamic_exponential,49,77,7800,12.68,3.6874923728734683
dynamic_exponential,49,78,7900,12.73,3.6327813036294936
dynamic_exponential,49,79,8000,12.08,3.07467071407655
dynamic_exponential,49,80,8100,12.26,3.2576678774853645
dynamic_exponential,49,81,8200,12.71,3.2505230348360863
dynamic_exponential,49,82,8300,12.67,3.370623087798456
dynamic_exponential,49,83,8400,12.93,3.633882221536631
dynamic_exponential,49,84,8500,13.05,3.8167394461765403
dynamic_exponential,49,85,8600,12.24,3.784494682252837
dynamic_exponential,49,86,8700,12.62,3.551844591194834
dynamic_exponential,49,87,8800,12.37,4.124693928038782
dynamic_exponential,49,88,8900,12.18,3.1412736270500217
dynamic_exponential,49,89,9000,12.4,3.438022687534217
dynamic_exponential,49,90,9100,12.55,2.8822734082664674
dynamic_exponential,49,91,9200,12.44,2.761593742750733
dynamic_exponential,49,92,9300,12.79,3.620207176391981
dynamic_exponential,49,93,9400,12.77,3.616227315863869
dynamic_exponential,49,94,9500,12.78,3.3721803036018105
dynamic_exponential,49,95,9600,12.76,2.8323841547360766
dynamic_exponential,49,96,9700,12.86,3.682444840048524
dynamic_exponential,49,97,9800,12.41,2.9226529044688148
dynamic_exponential,49,98,9900,13.16,2.9452334372677487
dynamic_exponential,49,99,10000,13.38,3.557471011828487
dynamic_exponential,49,100,10100,13.12,3.9377150734912245
dynamic_exponential,49,101,10200,12.73,3.6792798208345068
dynamic_exponential,49,102,10300,12.61,3.5408897187006545
dynamic_exponential,49,103,10400,12.98,3.4899283660270166
dynamic_exponential,49,104,10500,12.7,3.148015247739439
dynamic_exponential,49,105,10600,12.53,2.9136060131733665
dynamic_exponential,49,106,10700,13.13,3.4107330590358433
dynamic_exponential,49,107,10800,12.95,3.2105295513357293
dynamic_exponential,49,108,10900,12.77,2.8490524740692296
dynamic_exponential,49,109,11000,13.08,3.158100695038079
dynamic_exponential,49,110,11100,12.8,3.6386810797320503
dynamic_exponential,49,111,11200,12.41,3.3078542894148164
dynamic_exponential,49,112,11300,12.76,2.9970652311886705
dynamic_exponential,49,113,11400,12.83,2.7930449334015375
dynamic_exponential,49,114,11500,12.93,3.3324315446832515
dynamic_exponential,49,115,11600,12.9,2.7766886753829643
dynamic_exponential,49,116,11700,12.73,3.5407767509403922
dynamic_exponential,49,117,11800,12.87,3.0451765137673057
dynamic_exponential,49,118,11900,12.73,3.310151053955091
dynamic_exponential,49,119,12000,12.89,3.0426797399660717
dynamic_exponential,49,120,12100,12.85,2.511473670974872
dynamic_exponential,49,121,12200,12.79,3.5757376861285564
dynamic_exponential,49,122,12300,12.74,3.122883283121545
dynamic_exponential,49,123,12400,12.77,3.687424575499816
dynamic_exponential,49,124,12500,12.59,3.3048297989457796
dynamic_exponential,49,125,12600,12.24,2.9055808369412124
dynamic_exponential,49,126,12700,12.39,2.521487656126835
dynamic_exponential,49,127,12800,12.88,2.0163333057805697
dynamic_exponential,49,128,12900,12.76,3.3230106831004926
dynamic_exponential,49,129,13000,12.85,3.51390096616282
dynamic_exponential,49,130,13100,12.56,3.073499633967767
dynamic_exponential,49,131,13200,12.83,2.7388136117669633
dynamic_exponential,49,132,13300,13.08,3.3065994616826515
dynamic_exponential,49,133,13400,12.77,2.9928414592156396
dynamic_exponential,49,134,13500,13.27,3.267583204755466
dynamic_exponential,49,135,13600,12.55,2.92702921065028
dynamic_exponential,49,136,13700,12.76,3.5975547250875834
dynamic_exponential,49,137,13800,13.02,3.2832301168209335
dynamic_exponential,49,138,13900,13.43,3.007507273474164
dynamic_exponential,49,139,14000,12.88,3.0895954427724033
dynamic_exponential,49,140,14100,13.24,3.5046255149445003
dynamic_exponential,49,141,14200,13.24,3.5330440133120335
dynamic_exponential,49,142,14300,12.65,3.4011027623404733
dynamic_exponential,49,143,14400,12.69,3.154980190112134
dynamic_exponential,49,144,14500,12.59,2.6947912720654266
dynamic_exponential,49,145,14600,12.89,2.778110868917942
dynamic_exponential,49,146,14700,12.78,2.910601312443873
dynamic_exponential,49,147,14800,12.77,2.887403678047114
dynamic_exponential,49,148,14900,12.79,3.16004746799791
dynamic_exponential,49,149,15000,12.83,3.17822277381558
dynamic_exponential,49,150,15100,12.8,3.3585711247493335
